"aar","valgtype","sted_type","sted_navn","overordnet_navn","parti_kode","parti_navn","mandater_antall","mandater_endring"
2013,"st","fylke","Østfold",NA,"A","Arbeiderpartiet",3,-1
2013,"st","fylke","Østfold",NA,"SV","Sosialistisk Venstreparti",0,0
2013,"st","fylke","Østfold",NA,"RØDT","Rødt",0,0
2013,"st","fylke","Østfold",NA,"SP","Senterpartiet",0,0
2013,"st","fylke","Østfold",NA,"KRF","Kristelig Folkeparti",1,0
2013,"st","fylke","Østfold",NA,"V","Venstre",0,0
2013,"st","fylke","Østfold",NA,"H","Høyre",3,2
2013,"st","fylke","Østfold",NA,"FRP","Fremskrittspartiet",2,-1
2013,"st","fylke","Østfold",NA,"DEMN","Demokratene i Norge",0,0
2013,"st","fylke","Østfold",NA,"KRISTNE","De Kristne",0,0
2013,"st","fylke","Østfold",NA,"KSP","Kristent Samlingsparti",0,0
2013,"st","fylke","Østfold",NA,"KYST","Kystpartiet",0,0
2013,"st","fylke","Østfold",NA,"MDG","Miljøpartiet De Grønne",0,0
2013,"st","fylke","Østfold",NA,"PIR","Piratpartiet",0,0
2013,"st","fylke","Østfold",NA,"PP","Pensjonistpartiet",0,0
2013,"st","fylke","Østfold",NA,"BLANKE","Blanke",0,0
2013,"st","fylke","Østfold",NA,"Andre","Andre",0,0
2013,"st","fylke","Østfold",NA,"Andre2","Andre2",0,0
2013,"st","fylke","Akershus",NA,"A","Arbeiderpartiet",5,0
2013,"st","fylke","Akershus",NA,"SV","Sosialistisk Venstreparti",1,0
2013,"st","fylke","Akershus",NA,"RØDT","Rødt",0,0
2013,"st","fylke","Akershus",NA,"SP","Senterpartiet",0,0
2013,"st","fylke","Akershus",NA,"KRF","Kristelig Folkeparti",0,-1
2013,"st","fylke","Akershus",NA,"V","Venstre",1,0
2013,"st","fylke","Akershus",NA,"H","Høyre",7,3
2013,"st","fylke","Akershus",NA,"FRP","Fremskrittspartiet",3,-1
2013,"st","fylke","Akershus",NA,"DEMN","Demokratene i Norge",0,0
2013,"st","fylke","Akershus",NA,"DLF","Det Liberale Folkepartiet",0,0
2013,"st","fylke","Akershus",NA,"KRISTNE","De Kristne",0,0
2013,"st","fylke","Akershus",NA,"KSP","Kristent Samlingsparti",0,0
2013,"st","fylke","Akershus",NA,"KYST","Kystpartiet",0,0
2013,"st","fylke","Akershus",NA,"MDG","Miljøpartiet De Grønne",0,0
2013,"st","fylke","Akershus",NA,"PIR","Piratpartiet",0,0
2013,"st","fylke","Akershus",NA,"PP","Pensjonistpartiet",0,0
2013,"st","fylke","Akershus",NA,"SFP","Samfunnspartiet",0,0
2013,"st","fylke","Akershus",NA,"BLANKE","Blanke",0,0
2013,"st","fylke","Akershus",NA,"Andre","Andre",0,0
2013,"st","fylke","Akershus",NA,"Andre2","Andre2",0,0
2013,"st","fylke","Oslo",NA,"A","Arbeiderpartiet",6,0
2013,"st","fylke","Oslo",NA,"SV","Sosialistisk Venstreparti",1,-1
2013,"st","fylke","Oslo",NA,"RØDT","Rødt",0,0
2013,"st","fylke","Oslo",NA,"SP","Senterpartiet",0,0
2013,"st","fylke","Oslo",NA,"KRF","Kristelig Folkeparti",1,0
2013,"st","fylke","Oslo",NA,"V","Venstre",2,1
2013,"st","fylke","Oslo",NA,"H","Høyre",6,2
2013,"st","fylke","Oslo",NA,"FRP","Fremskrittspartiet",2,-1
2013,"st","fylke","Oslo",NA,"DEMN","Demokratene i Norge",0,0
2013,"st","fylke","Oslo",NA,"DLF","Det Liberale Folkepartiet",0,0
2013,"st","fylke","Oslo",NA,"KRISTNE","De Kristne",0,0
2013,"st","fylke","Oslo",NA,"KSP","Kristent Samlingsparti",0,0
2013,"st","fylke","Oslo",NA,"KYST","Kystpartiet",0,0
2013,"st","fylke","Oslo",NA,"MDG","Miljøpartiet De Grønne",1,1
2013,"st","fylke","Oslo",NA,"NKP","Norges Kommunistiske Parti",0,0
2013,"st","fylke","Oslo",NA,"PIR","Piratpartiet",0,0
2013,"st","fylke","Oslo",NA,"PP","Pensjonistpartiet",0,0
2013,"st","fylke","Oslo",NA,"SFP","Samfunnspartiet",0,0
2013,"st","fylke","Oslo",NA,"BLANKE","Blanke",0,0
2013,"st","fylke","Oslo",NA,"Andre","Andre",1,1
2013,"st","fylke","Oslo",NA,"Andre2","Andre2",0,0
2013,"st","fylke","Hedmark",NA,"A","Arbeiderpartiet",3,-1
2013,"st","fylke","Hedmark",NA,"SV","Sosialistisk Venstreparti",1,0
2013,"st","fylke","Hedmark",NA,"RØDT","Rødt",0,0
2013,"st","fylke","Hedmark",NA,"SP","Senterpartiet",1,0
2013,"st","fylke","Hedmark",NA,"KRF","Kristelig Folkeparti",0,0
2013,"st","fylke","Hedmark",NA,"V","Venstre",0,0
2013,"st","fylke","Hedmark",NA,"H","Høyre",1,0
2013,"st","fylke","Hedmark",NA,"FRP","Fremskrittspartiet",1,0
2013,"st","fylke","Hedmark",NA,"DEMN","Demokratene i Norge",0,0
2013,"st","fylke","Hedmark",NA,"KRISTNE","De Kristne",0,0
2013,"st","fylke","Hedmark",NA,"KYST","Kystpartiet",0,0
2013,"st","fylke","Hedmark",NA,"MDG","Miljøpartiet De Grønne",0,0
2013,"st","fylke","Hedmark",NA,"PIR","Piratpartiet",0,0
2013,"st","fylke","Hedmark",NA,"PP","Pensjonistpartiet",0,0
2013,"st","fylke","Hedmark",NA,"BLANKE","Blanke",0,0
2013,"st","fylke","Hedmark",NA,"Andre","Andre",0,0
2013,"st","fylke","Hedmark",NA,"Andre2","Andre2",0,0
2013,"st","fylke","Oppland",NA,"A","Arbeiderpartiet",3,0
2013,"st","fylke","Oppland",NA,"SV","Sosialistisk Venstreparti",0,-1
2013,"st","fylke","Oppland",NA,"RØDT","Rødt",0,0
2013,"st","fylke","Oppland",NA,"SP","Senterpartiet",1,0
2013,"st","fylke","Oppland",NA,"KRF","Kristelig Folkeparti",0,0
2013,"st","fylke","Oppland",NA,"V","Venstre",1,1
2013,"st","fylke","Oppland",NA,"H","Høyre",1,0
2013,"st","fylke","Oppland",NA,"FRP","Fremskrittspartiet",1,0
2013,"st","fylke","Oppland",NA,"DEMN","Demokratene i Norge",0,0
2013,"st","fylke","Oppland",NA,"DLF","Det Liberale Folkepartiet",0,0
2013,"st","fylke","Oppland",NA,"KRISTNE","De Kristne",0,0
2013,"st","fylke","Oppland",NA,"KYST","Kystpartiet",0,0
2013,"st","fylke","Oppland",NA,"MDG","Miljøpartiet De Grønne",0,0
2013,"st","fylke","Oppland",NA,"PIR","Piratpartiet",0,0
2013,"st","fylke","Oppland",NA,"PP","Pensjonistpartiet",0,0
2013,"st","fylke","Oppland",NA,"BLANKE","Blanke",0,0
2013,"st","fylke","Oppland",NA,"Andre","Andre",0,0
2013,"st","fylke","Oppland",NA,"Andre2","Andre2",0,0
2013,"st","fylke","Buskerud",NA,"A","Arbeiderpartiet",3,-1
2013,"st","fylke","Buskerud",NA,"SV","Sosialistisk Venstreparti",0,0
2013,"st","fylke","Buskerud",NA,"RØDT","Rødt",0,0
2013,"st","fylke","Buskerud",NA,"SP","Senterpartiet",1,0
2013,"st","fylke","Buskerud",NA,"KRF","Kristelig Folkeparti",0,0
2013,"st","fylke","Buskerud",NA,"V","Venstre",0,0
2013,"st","fylke","Buskerud",NA,"H","Høyre",3,1
2013,"st","fylke","Buskerud",NA,"FRP","Fremskrittspartiet",2,0
2013,"st","fylke","Buskerud",NA,"DEMN","Demokratene i Norge",0,0
2013,"st","fylke","Buskerud",NA,"KRISTNE","De Kristne",0,0
2013,"st","fylke","Buskerud",NA,"KSP","Kristent Samlingsparti",0,0
2013,"st","fylke","Buskerud",NA,"KYST","Kystpartiet",0,0
2013,"st","fylke","Buskerud",NA,"MDG","Miljøpartiet De Grønne",0,0
2013,"st","fylke","Buskerud",NA,"PIR","Piratpartiet",0,0
2013,"st","fylke","Buskerud",NA,"SFP","Samfunnspartiet",0,0
2013,"st","fylke","Buskerud",NA,"BLANKE","Blanke",0,0
2013,"st","fylke","Buskerud",NA,"Andre","Andre",0,0
2013,"st","fylke","Buskerud",NA,"Andre2","Andre2",0,0
2013,"st","fylke","Vestfold",NA,"A","Arbeiderpartiet",2,-1
2013,"st","fylke","Vestfold",NA,"SV","Sosialistisk Venstreparti",0,-1
2013,"st","fylke","Vestfold",NA,"RØDT","Rødt",0,0
2013,"st","fylke","Vestfold",NA,"SP","Senterpartiet",0,0
2013,"st","fylke","Vestfold",NA,"KRF","Kristelig Folkeparti",1,1
2013,"st","fylke","Vestfold",NA,"V","Venstre",0,0
2013,"st","fylke","Vestfold",NA,"H","Høyre",2,1
2013,"st","fylke","Vestfold",NA,"FRP","Fremskrittspartiet",2,0
2013,"st","fylke","Vestfold",NA,"DEMN","Demokratene i Norge",0,0
2013,"st","fylke","Vestfold",NA,"KRISTNE","De Kristne",0,0
2013,"st","fylke","Vestfold",NA,"KSP","Kristent Samlingsparti",0,0
2013,"st","fylke","Vestfold",NA,"KYST","Kystpartiet",0,0
2013,"st","fylke","Vestfold",NA,"MDG","Miljøpartiet De Grønne",0,0
2013,"st","fylke","Vestfold",NA,"PIR","Piratpartiet",0,0
2013,"st","fylke","Vestfold",NA,"PP","Pensjonistpartiet",0,0
2013,"st","fylke","Vestfold",NA,"BLANKE","Blanke",0,0
2013,"st","fylke","Vestfold",NA,"Andre","Andre",0,0
2013,"st","fylke","Vestfold",NA,"Andre2","Andre2",0,0
2013,"st","fylke","Telemark",NA,"A","Arbeiderpartiet",3,0
2013,"st","fylke","Telemark",NA,"SV","Sosialistisk Venstreparti",0,0
2013,"st","fylke","Telemark",NA,"RØDT","Rødt",0,0
2013,"st","fylke","Telemark",NA,"SP","Senterpartiet",0,0
2013,"st","fylke","Telemark",NA,"KRF","Kristelig Folkeparti",1,0
2013,"st","fylke","Telemark",NA,"V","Venstre",0,0
2013,"st","fylke","Telemark",NA,"H","Høyre",1,0
2013,"st","fylke","Telemark",NA,"FRP","Fremskrittspartiet",1,0
2013,"st","fylke","Telemark",NA,"DEMN","Demokratene i Norge",0,0
2013,"st","fylke","Telemark",NA,"KRISTNE","De Kristne",0,0
2013,"st","fylke","Telemark",NA,"KSP","Kristent Samlingsparti",0,0
2013,"st","fylke","Telemark",NA,"KYST","Kystpartiet",0,0
2013,"st","fylke","Telemark",NA,"MDG","Miljøpartiet De Grønne",0,0
2013,"st","fylke","Telemark",NA,"PIR","Piratpartiet",0,0
2013,"st","fylke","Telemark",NA,"BLANKE","Blanke",0,0
2013,"st","fylke","Telemark",NA,"Andre","Andre",0,0
2013,"st","fylke","Telemark",NA,"Andre2","Andre2",0,0
2013,"st","fylke","Aust-Agder",NA,"A","Arbeiderpartiet",1,0
2013,"st","fylke","Aust-Agder",NA,"SV","Sosialistisk Venstreparti",0,0
2013,"st","fylke","Aust-Agder",NA,"RØDT","Rødt",0,0
2013,"st","fylke","Aust-Agder",NA,"SP","Senterpartiet",0,0
2013,"st","fylke","Aust-Agder",NA,"KRF","Kristelig Folkeparti",1,0
2013,"st","fylke","Aust-Agder",NA,"V","Venstre",0,0
2013,"st","fylke","Aust-Agder",NA,"H","Høyre",1,0
2013,"st","fylke","Aust-Agder",NA,"FRP","Fremskrittspartiet",1,0
2013,"st","fylke","Aust-Agder",NA,"DEMN","Demokratene i Norge",0,0
2013,"st","fylke","Aust-Agder",NA,"KRISTNE","De Kristne",0,0
2013,"st","fylke","Aust-Agder",NA,"KSP","Kristent Samlingsparti",0,0
2013,"st","fylke","Aust-Agder",NA,"KYST","Kystpartiet",0,0
2013,"st","fylke","Aust-Agder",NA,"MDG","Miljøpartiet De Grønne",0,0
2013,"st","fylke","Aust-Agder",NA,"PIR","Piratpartiet",0,0
2013,"st","fylke","Aust-Agder",NA,"PP","Pensjonistpartiet",0,0
2013,"st","fylke","Aust-Agder",NA,"BLANKE","Blanke",0,0
2013,"st","fylke","Aust-Agder",NA,"Andre","Andre",0,0
2013,"st","fylke","Aust-Agder",NA,"Andre2","Andre2",0,0
2013,"st","fylke","Vest-Agder",NA,"A","Arbeiderpartiet",2,1
2013,"st","fylke","Vest-Agder",NA,"SV","Sosialistisk Venstreparti",0,-1
2013,"st","fylke","Vest-Agder",NA,"RØDT","Rødt",0,0
2013,"st","fylke","Vest-Agder",NA,"SP","Senterpartiet",0,0
2013,"st","fylke","Vest-Agder",NA,"KRF","Kristelig Folkeparti",1,0
2013,"st","fylke","Vest-Agder",NA,"V","Venstre",0,0
2013,"st","fylke","Vest-Agder",NA,"H","Høyre",2,1
2013,"st","fylke","Vest-Agder",NA,"FRP","Fremskrittspartiet",1,-1
2013,"st","fylke","Vest-Agder",NA,"DEMN","Demokratene i Norge",0,0
2013,"st","fylke","Vest-Agder",NA,"DLF","Det Liberale Folkepartiet",0,0
2013,"st","fylke","Vest-Agder",NA,"KRISTNE","De Kristne",0,0
2013,"st","fylke","Vest-Agder",NA,"KYST","Kystpartiet",0,0
2013,"st","fylke","Vest-Agder",NA,"MDG","Miljøpartiet De Grønne",0,0
2013,"st","fylke","Vest-Agder",NA,"NKP","Norges Kommunistiske Parti",0,0
2013,"st","fylke","Vest-Agder",NA,"PIR","Piratpartiet",0,0
2013,"st","fylke","Vest-Agder",NA,"PP","Pensjonistpartiet",0,0
2013,"st","fylke","Vest-Agder",NA,"BLANKE","Blanke",0,0
2013,"st","fylke","Vest-Agder",NA,"Andre","Andre",0,0
2013,"st","fylke","Vest-Agder",NA,"Andre2","Andre2",0,0
2013,"st","fylke","Rogaland",NA,"A","Arbeiderpartiet",3,0
2013,"st","fylke","Rogaland",NA,"SV","Sosialistisk Venstreparti",0,-1
2013,"st","fylke","Rogaland",NA,"RØDT","Rødt",0,0
2013,"st","fylke","Rogaland",NA,"SP","Senterpartiet",1,0
2013,"st","fylke","Rogaland",NA,"KRF","Kristelig Folkeparti",2,1
2013,"st","fylke","Rogaland",NA,"V","Venstre",1,1
2013,"st","fylke","Rogaland",NA,"H","Høyre",4,1
2013,"st","fylke","Rogaland",NA,"FRP","Fremskrittspartiet",3,-1
2013,"st","fylke","Rogaland",NA,"DEMN","Demokratene i Norge",0,0
2013,"st","fylke","Rogaland",NA,"DLF","Det Liberale Folkepartiet",0,0
2013,"st","fylke","Rogaland",NA,"KRISTNE","De Kristne",0,0
2013,"st","fylke","Rogaland",NA,"KSP","Kristent Samlingsparti",0,0
2013,"st","fylke","Rogaland",NA,"KYST","Kystpartiet",0,0
2013,"st","fylke","Rogaland",NA,"MDG","Miljøpartiet De Grønne",0,0
2013,"st","fylke","Rogaland",NA,"NKP","Norges Kommunistiske Parti",0,0
2013,"st","fylke","Rogaland",NA,"PIR","Piratpartiet",0,0
2013,"st","fylke","Rogaland",NA,"PP","Pensjonistpartiet",0,0
2013,"st","fylke","Rogaland",NA,"BLANKE","Blanke",0,0
2013,"st","fylke","Rogaland",NA,"Andre","Andre",0,0
2013,"st","fylke","Rogaland",NA,"Andre2","Andre2",0,0
2013,"st","fylke","Hordaland",NA,"A","Arbeiderpartiet",4,-1
2013,"st","fylke","Hordaland",NA,"SV","Sosialistisk Venstreparti",1,0
2013,"st","fylke","Hordaland",NA,"RØDT","Rødt",0,0
2013,"st","fylke","Hordaland",NA,"SP","Senterpartiet",1,0
2013,"st","fylke","Hordaland",NA,"KRF","Kristelig Folkeparti",1,0
2013,"st","fylke","Hordaland",NA,"V","Venstre",1,1
2013,"st","fylke","Hordaland",NA,"H","Høyre",6,3
2013,"st","fylke","Hordaland",NA,"FRP","Fremskrittspartiet",2,-2
2013,"st","fylke","Hordaland",NA,"DEMN","Demokratene i Norge",0,0
2013,"st","fylke","Hordaland",NA,"KRISTNE","De Kristne",0,0
2013,"st","fylke","Hordaland",NA,"KYST","Kystpartiet",0,0
2013,"st","fylke","Hordaland",NA,"MDG","Miljøpartiet De Grønne",0,0
2013,"st","fylke","Hordaland",NA,"NKP","Norges Kommunistiske Parti",0,0
2013,"st","fylke","Hordaland",NA,"PIR","Piratpartiet",0,0
2013,"st","fylke","Hordaland",NA,"PP","Pensjonistpartiet",0,0
2013,"st","fylke","Hordaland",NA,"BLANKE","Blanke",0,0
2013,"st","fylke","Hordaland",NA,"FOLKEM","Folkemakten",0,0
2013,"st","fylke","Hordaland",NA,"Andre","Andre",0,0
2013,"st","fylke","Hordaland",NA,"Andre2","Andre2",0,0
2013,"st","fylke","Sogn og Fjordane",NA,"A","Arbeiderpartiet",1,-1
2013,"st","fylke","Sogn og Fjordane",NA,"SV","Sosialistisk Venstreparti",0,0
2013,"st","fylke","Sogn og Fjordane",NA,"RØDT","Rødt",0,0
2013,"st","fylke","Sogn og Fjordane",NA,"SP","Senterpartiet",1,0
2013,"st","fylke","Sogn og Fjordane",NA,"KRF","Kristelig Folkeparti",0,0
2013,"st","fylke","Sogn og Fjordane",NA,"V","Venstre",1,1
2013,"st","fylke","Sogn og Fjordane",NA,"H","Høyre",1,0
2013,"st","fylke","Sogn og Fjordane",NA,"FRP","Fremskrittspartiet",0,-1
2013,"st","fylke","Sogn og Fjordane",NA,"DEMN","Demokratene i Norge",0,0
2013,"st","fylke","Sogn og Fjordane",NA,"KRISTNE","De Kristne",0,0
2013,"st","fylke","Sogn og Fjordane",NA,"KYST","Kystpartiet",0,0
2013,"st","fylke","Sogn og Fjordane",NA,"MDG","Miljøpartiet De Grønne",0,0
2013,"st","fylke","Sogn og Fjordane",NA,"PIR","Piratpartiet",0,0
2013,"st","fylke","Sogn og Fjordane",NA,"BLANKE","Blanke",0,0
2013,"st","fylke","Sogn og Fjordane",NA,"Andre","Andre",0,0
2013,"st","fylke","Sogn og Fjordane",NA,"Andre2","Andre2",0,0
2013,"st","fylke","Møre og Romsdal",NA,"A","Arbeiderpartiet",2,-1
2013,"st","fylke","Møre og Romsdal",NA,"SV","Sosialistisk Venstreparti",0,0
2013,"st","fylke","Møre og Romsdal",NA,"RØDT","Rødt",0,0
2013,"st","fylke","Møre og Romsdal",NA,"SP","Senterpartiet",1,0
2013,"st","fylke","Møre og Romsdal",NA,"KRF","Kristelig Folkeparti",1,0
2013,"st","fylke","Møre og Romsdal",NA,"V","Venstre",1,1
2013,"st","fylke","Møre og Romsdal",NA,"H","Høyre",2,1
2013,"st","fylke","Møre og Romsdal",NA,"FRP","Fremskrittspartiet",2,-1
2013,"st","fylke","Møre og Romsdal",NA,"DEMN","Demokratene i Norge",0,0
2013,"st","fylke","Møre og Romsdal",NA,"KRISTNE","De Kristne",0,0
2013,"st","fylke","Møre og Romsdal",NA,"KYST","Kystpartiet",0,0
2013,"st","fylke","Møre og Romsdal",NA,"MDG","Miljøpartiet De Grønne",0,0
2013,"st","fylke","Møre og Romsdal",NA,"PIR","Piratpartiet",0,0
2013,"st","fylke","Møre og Romsdal",NA,"BLANKE","Blanke",0,0
2013,"st","fylke","Møre og Romsdal",NA,"Andre","Andre",0,0
2013,"st","fylke","Møre og Romsdal",NA,"Andre2","Andre2",0,0
2013,"st","fylke","Sør-Trøndelag",NA,"A","Arbeiderpartiet",4,0
2013,"st","fylke","Sør-Trøndelag",NA,"SV","Sosialistisk Venstreparti",1,0
2013,"st","fylke","Sør-Trøndelag",NA,"RØDT","Rødt",0,0
2013,"st","fylke","Sør-Trøndelag",NA,"SP","Senterpartiet",1,0
2013,"st","fylke","Sør-Trøndelag",NA,"KRF","Kristelig Folkeparti",0,-1
2013,"st","fylke","Sør-Trøndelag",NA,"V","Venstre",0,0
2013,"st","fylke","Sør-Trøndelag",NA,"H","Høyre",2,1
2013,"st","fylke","Sør-Trøndelag",NA,"FRP","Fremskrittspartiet",2,0
2013,"st","fylke","Sør-Trøndelag",NA,"DEMN","Demokratene i Norge",0,0
2013,"st","fylke","Sør-Trøndelag",NA,"DLF","Det Liberale Folkepartiet",0,0
2013,"st","fylke","Sør-Trøndelag",NA,"KRISTNE","De Kristne",0,0
2013,"st","fylke","Sør-Trøndelag",NA,"KSP","Kristent Samlingsparti",0,0
2013,"st","fylke","Sør-Trøndelag",NA,"KYST","Kystpartiet",0,0
2013,"st","fylke","Sør-Trøndelag",NA,"MDG","Miljøpartiet De Grønne",0,0
2013,"st","fylke","Sør-Trøndelag",NA,"NKP","Norges Kommunistiske Parti",0,0
2013,"st","fylke","Sør-Trøndelag",NA,"PIR","Piratpartiet",0,0
2013,"st","fylke","Sør-Trøndelag",NA,"PP","Pensjonistpartiet",0,0
2013,"st","fylke","Sør-Trøndelag",NA,"BLANKE","Blanke",0,0
2013,"st","fylke","Sør-Trøndelag",NA,"Andre","Andre",0,0
2013,"st","fylke","Sør-Trøndelag",NA,"Andre2","Andre2",0,0
2013,"st","fylke","Nord-Trøndelag",NA,"A","Arbeiderpartiet",2,-1
2013,"st","fylke","Nord-Trøndelag",NA,"SV","Sosialistisk Venstreparti",0,0
2013,"st","fylke","Nord-Trøndelag",NA,"RØDT","Rødt",0,0
2013,"st","fylke","Nord-Trøndelag",NA,"SP","Senterpartiet",1,0
2013,"st","fylke","Nord-Trøndelag",NA,"KRF","Kristelig Folkeparti",0,0
2013,"st","fylke","Nord-Trøndelag",NA,"V","Venstre",1,1
2013,"st","fylke","Nord-Trøndelag",NA,"H","Høyre",1,0
2013,"st","fylke","Nord-Trøndelag",NA,"FRP","Fremskrittspartiet",0,-1
2013,"st","fylke","Nord-Trøndelag",NA,"DEMN","Demokratene i Norge",0,0
2013,"st","fylke","Nord-Trøndelag",NA,"KRISTNE","De Kristne",0,0
2013,"st","fylke","Nord-Trøndelag",NA,"KSP","Kristent Samlingsparti",0,0
2013,"st","fylke","Nord-Trøndelag",NA,"KYST","Kystpartiet",0,0
2013,"st","fylke","Nord-Trøndelag",NA,"MDG","Miljøpartiet De Grønne",0,0
2013,"st","fylke","Nord-Trøndelag",NA,"PIR","Piratpartiet",0,0
2013,"st","fylke","Nord-Trøndelag",NA,"BLANKE","Blanke",0,0
2013,"st","fylke","Nord-Trøndelag",NA,"Andre","Andre",0,0
2013,"st","fylke","Nord-Trøndelag",NA,"Andre2","Andre2",0,0
2013,"st","fylke","Nordland",NA,"A","Arbeiderpartiet",4,0
2013,"st","fylke","Nordland",NA,"SV","Sosialistisk Venstreparti",0,-1
2013,"st","fylke","Nordland",NA,"RØDT","Rødt",0,0
2013,"st","fylke","Nordland",NA,"SP","Senterpartiet",1,0
2013,"st","fylke","Nordland",NA,"KRF","Kristelig Folkeparti",0,0
2013,"st","fylke","Nordland",NA,"V","Venstre",0,0
2013,"st","fylke","Nordland",NA,"H","Høyre",2,1
2013,"st","fylke","Nordland",NA,"FRP","Fremskrittspartiet",2,-1
2013,"st","fylke","Nordland",NA,"DEMN","Demokratene i Norge",0,0
2013,"st","fylke","Nordland",NA,"KRISTNE","De Kristne",0,0
2013,"st","fylke","Nordland",NA,"KYST","Kystpartiet",0,0
2013,"st","fylke","Nordland",NA,"MDG","Miljøpartiet De Grønne",0,0
2013,"st","fylke","Nordland",NA,"NKP","Norges Kommunistiske Parti",0,0
2013,"st","fylke","Nordland",NA,"PIR","Piratpartiet",0,0
2013,"st","fylke","Nordland",NA,"PP","Pensjonistpartiet",0,0
2013,"st","fylke","Nordland",NA,"SFP","Samfunnspartiet",0,0
2013,"st","fylke","Nordland",NA,"AKSJOLJE","Folkeliste mot oljeboring i Lofoten, Vesterålen og Senja",0,0
2013,"st","fylke","Nordland",NA,"BLANKE","Blanke",0,0
2013,"st","fylke","Nordland",NA,"Andre","Andre",0,0
2013,"st","fylke","Nordland",NA,"Andre2","Andre2",0,0
2013,"st","fylke","Troms Romsa",NA,"A","Arbeiderpartiet",2,-1
2013,"st","fylke","Troms Romsa",NA,"SV","Sosialistisk Venstreparti",1,1
2013,"st","fylke","Troms Romsa",NA,"RØDT","Rødt",0,0
2013,"st","fylke","Troms Romsa",NA,"SP","Senterpartiet",0,-1
2013,"st","fylke","Troms Romsa",NA,"KRF","Kristelig Folkeparti",0,0
2013,"st","fylke","Troms Romsa",NA,"V","Venstre",0,0
2013,"st","fylke","Troms Romsa",NA,"H","Høyre",2,1
2013,"st","fylke","Troms Romsa",NA,"FRP","Fremskrittspartiet",1,-1
2013,"st","fylke","Troms Romsa",NA,"DEMN","Demokratene i Norge",0,0
2013,"st","fylke","Troms Romsa",NA,"KRISTNE","De Kristne",0,0
2013,"st","fylke","Troms Romsa",NA,"KSP","Kristent Samlingsparti",0,0
2013,"st","fylke","Troms Romsa",NA,"KYST","Kystpartiet",0,0
2013,"st","fylke","Troms Romsa",NA,"MDG","Miljøpartiet De Grønne",0,0
2013,"st","fylke","Troms Romsa",NA,"NKP","Norges Kommunistiske Parti",0,0
2013,"st","fylke","Troms Romsa",NA,"PIR","Piratpartiet",0,0
2013,"st","fylke","Troms Romsa",NA,"BLANKE","Blanke",0,0
2013,"st","fylke","Troms Romsa",NA,"Andre","Andre",0,0
2013,"st","fylke","Troms Romsa",NA,"Andre2","Andre2",0,0
2013,"st","fylke","Finnmark Finnmárku",NA,"A","Arbeiderpartiet",2,-1
2013,"st","fylke","Finnmark Finnmárku",NA,"SV","Sosialistisk Venstreparti",1,1
2013,"st","fylke","Finnmark Finnmárku",NA,"RØDT","Rødt",0,0
2013,"st","fylke","Finnmark Finnmárku",NA,"SP","Senterpartiet",0,0
2013,"st","fylke","Finnmark Finnmárku",NA,"KRF","Kristelig Folkeparti",0,0
2013,"st","fylke","Finnmark Finnmárku",NA,"V","Venstre",0,0
2013,"st","fylke","Finnmark Finnmárku",NA,"H","Høyre",1,0
2013,"st","fylke","Finnmark Finnmárku",NA,"FRP","Fremskrittspartiet",1,0
2013,"st","fylke","Finnmark Finnmárku",NA,"DEMN","Demokratene i Norge",0,0
2013,"st","fylke","Finnmark Finnmárku",NA,"KRISTNE","De Kristne",0,0
2013,"st","fylke","Finnmark Finnmárku",NA,"KSP","Kristent Samlingsparti",0,0
2013,"st","fylke","Finnmark Finnmárku",NA,"KYST","Kystpartiet",0,0
2013,"st","fylke","Finnmark Finnmárku",NA,"MDG","Miljøpartiet De Grønne",0,0
2013,"st","fylke","Finnmark Finnmárku",NA,"PIR","Piratpartiet",0,0
2013,"st","fylke","Finnmark Finnmárku",NA,"BLANKE","Blanke",0,0
2013,"st","fylke","Finnmark Finnmárku",NA,"SJALTA","Sykehus til Alta",0,0
2013,"st","fylke","Finnmark Finnmárku",NA,"Andre","Andre",0,0
2013,"st","fylke","Finnmark Finnmárku",NA,"Andre2","Andre2",0,0
2015,"ko","kommune","Halden","Østfold","A","Arbeiderpartiet",12,-4
2015,"ko","kommune","Halden","Østfold","SV","Sosialistisk Venstreparti",1,-1
2015,"ko","kommune","Halden","Østfold","RØDT","Rødt",1,1
2015,"ko","kommune","Halden","Østfold","SP","Senterpartiet",2,0
2015,"ko","kommune","Halden","Østfold","KRF","Kristelig Folkeparti",2,0
2015,"ko","kommune","Halden","Østfold","MDG","Miljøpartiet De Grønne",2,1
2015,"ko","kommune","Halden","Østfold","V","Venstre",1,-2
2015,"ko","kommune","Halden","Østfold","H","Høyre",15,-3
2015,"ko","kommune","Halden","Østfold","FRP","Fremskrittspartiet",3,-1
2015,"ko","kommune","Halden","Østfold","PP","Pensjonistpartiet",0,-1
2015,"ko","kommune","Halden","Østfold","BLANKE","Blanke",0,0
2015,"ko","kommune","Halden","Østfold","Andre","Andre",0,-1
2015,"ko","kommune","Halden","Østfold","Andre2","Andre2",0,0
2015,"ko","kommune","Moss","Østfold","A","Arbeiderpartiet",16,2
2015,"ko","kommune","Moss","Østfold","SV","Sosialistisk Venstreparti",1,0
2015,"ko","kommune","Moss","Østfold","RØDT","Rødt",2,1
2015,"ko","kommune","Moss","Østfold","KRF","Kristelig Folkeparti",1,0
2015,"ko","kommune","Moss","Østfold","MDG","Miljøpartiet De Grønne",2,2
2015,"ko","kommune","Moss","Østfold","V","Venstre",2,0
2015,"ko","kommune","Moss","Østfold","H","Høyre",11,-4
2015,"ko","kommune","Moss","Østfold","FRP","Fremskrittspartiet",4,-1
2015,"ko","kommune","Moss","Østfold","BLANKE","Blanke",0,0
2015,"ko","kommune","Moss","Østfold","Andre","Andre",0,0
2015,"ko","kommune","Moss","Østfold","Andre2","Andre2",0,0
2015,"ko","kommune","Sarpsborg","Østfold","A","Arbeiderpartiet",22,1
2015,"ko","kommune","Sarpsborg","Østfold","SV","Sosialistisk Venstreparti",1,0
2015,"ko","kommune","Sarpsborg","Østfold","RØDT","Rødt",0,0
2015,"ko","kommune","Sarpsborg","Østfold","SP","Senterpartiet",2,1
2015,"ko","kommune","Sarpsborg","Østfold","KRF","Kristelig Folkeparti",2,-1
2015,"ko","kommune","Sarpsborg","Østfold","MDG","Miljøpartiet De Grønne",1,1
2015,"ko","kommune","Sarpsborg","Østfold","V","Venstre",1,0
2015,"ko","kommune","Sarpsborg","Østfold","H","Høyre",7,-2
2015,"ko","kommune","Sarpsborg","Østfold","FRP","Fremskrittspartiet",6,0
2015,"ko","kommune","Sarpsborg","Østfold","PP","Pensjonistpartiet",1,0
2015,"ko","kommune","Sarpsborg","Østfold","BLANKE","Blanke",0,0
2015,"ko","kommune","Sarpsborg","Østfold","KRISTNE","Partiet De Kristne",0,0
2015,"ko","kommune","Sarpsborg","Østfold","Andre","Andre",1,0
2015,"ko","kommune","Sarpsborg","Østfold","Andre2","Andre2",0,0
2015,"ko","kommune","Fredrikstad","Østfold","A","Arbeiderpartiet",26,0
2015,"ko","kommune","Fredrikstad","Østfold","SV","Sosialistisk Venstreparti",1,-1
2015,"ko","kommune","Fredrikstad","Østfold","RØDT","Rødt",0,0
2015,"ko","kommune","Fredrikstad","Østfold","SP","Senterpartiet",2,1
2015,"ko","kommune","Fredrikstad","Østfold","KRF","Kristelig Folkeparti",2,0
2015,"ko","kommune","Fredrikstad","Østfold","MDG","Miljøpartiet De Grønne",2,2
2015,"ko","kommune","Fredrikstad","Østfold","V","Venstre",2,0
2015,"ko","kommune","Fredrikstad","Østfold","H","Høyre",9,-2
2015,"ko","kommune","Fredrikstad","Østfold","FRP","Fremskrittspartiet",7,0
2015,"ko","kommune","Fredrikstad","Østfold","KYST","Kystpartiet",0,0
2015,"ko","kommune","Fredrikstad","Østfold","PP","Pensjonistpartiet",1,0
2015,"ko","kommune","Fredrikstad","Østfold","BLANKE","Blanke",0,0
2015,"ko","kommune","Fredrikstad","Østfold","BYMILJØ","Bymiljølista",1,0
2015,"ko","kommune","Fredrikstad","Østfold","KRISTNE","Partiet De Kristne",0,0
2015,"ko","kommune","Fredrikstad","Østfold","Andre","Andre",2,0
2015,"ko","kommune","Fredrikstad","Østfold","Andre2","Andre2",0,0
2015,"ko","kommune","Hvaler","Østfold","A","Arbeiderpartiet",7,1
2015,"ko","kommune","Hvaler","Østfold","SV","Sosialistisk Venstreparti",1,0
2015,"ko","kommune","Hvaler","Østfold","SP","Senterpartiet",1,0
2015,"ko","kommune","Hvaler","Østfold","MDG","Miljøpartiet De Grønne",1,1
2015,"ko","kommune","Hvaler","Østfold","V","Venstre",0,-1
2015,"ko","kommune","Hvaler","Østfold","H","Høyre",5,0
2015,"ko","kommune","Hvaler","Østfold","FRP","Fremskrittspartiet",6,-1
2015,"ko","kommune","Hvaler","Østfold","BLANKE","Blanke",0,0
2015,"ko","kommune","Hvaler","Østfold","Andre","Andre",0,0
2015,"ko","kommune","Hvaler","Østfold","Andre2","Andre2",0,0
2015,"ko","kommune","Aremark","Østfold","A","Arbeiderpartiet",4,0
2015,"ko","kommune","Aremark","Østfold","SP","Senterpartiet",5,-1
2015,"ko","kommune","Aremark","Østfold","KRF","Kristelig Folkeparti",2,-1
2015,"ko","kommune","Aremark","Østfold","V","Venstre",1,-1
2015,"ko","kommune","Aremark","Østfold","H","Høyre",5,3
2015,"ko","kommune","Aremark","Østfold","BLANKE","Blanke",0,0
2015,"ko","kommune","Aremark","Østfold","Andre","Andre",0,0
2015,"ko","kommune","Aremark","Østfold","Andre2","Andre2",0,0
2015,"ko","kommune","Marker","Østfold","A","Arbeiderpartiet",11,-1
2015,"ko","kommune","Marker","Østfold","SP","Senterpartiet",6,0
2015,"ko","kommune","Marker","Østfold","KRF","Kristelig Folkeparti",3,0
2015,"ko","kommune","Marker","Østfold","V","Venstre",1,1
2015,"ko","kommune","Marker","Østfold","H","Høyre",3,0
2015,"ko","kommune","Marker","Østfold","FRP","Fremskrittspartiet",1,0
2015,"ko","kommune","Marker","Østfold","BLANKE","Blanke",0,0
2015,"ko","kommune","Marker","Østfold","Andre","Andre",0,0
2015,"ko","kommune","Marker","Østfold","Andre2","Andre2",0,0
2015,"ko","kommune","Rømskog","Østfold","A","Arbeiderpartiet",3,-1
2015,"ko","kommune","Rømskog","Østfold","SP","Senterpartiet",5,1
2015,"ko","kommune","Rømskog","Østfold","KRF","Kristelig Folkeparti",5,1
2015,"ko","kommune","Rømskog","Østfold","BLANKE","Blanke",0,0
2015,"ko","kommune","Rømskog","Østfold","Andre","Andre",0,0
2015,"ko","kommune","Rømskog","Østfold","Andre2","Andre2",0,-1
2015,"ko","kommune","Trøgstad","Østfold","A","Arbeiderpartiet",5,-1
2015,"ko","kommune","Trøgstad","Østfold","SP","Senterpartiet",9,1
2015,"ko","kommune","Trøgstad","Østfold","KRF","Kristelig Folkeparti",1,0
2015,"ko","kommune","Trøgstad","Østfold","V","Venstre",0,0
2015,"ko","kommune","Trøgstad","Østfold","H","Høyre",4,1
2015,"ko","kommune","Trøgstad","Østfold","FRP","Fremskrittspartiet",2,-1
2015,"ko","kommune","Trøgstad","Østfold","BLANKE","Blanke",0,0
2015,"ko","kommune","Trøgstad","Østfold","Andre","Andre",0,0
2015,"ko","kommune","Trøgstad","Østfold","Andre2","Andre2",0,0
2015,"ko","kommune","Spydeberg","Østfold","A","Arbeiderpartiet",4,-1
2015,"ko","kommune","Spydeberg","Østfold","SV","Sosialistisk Venstreparti",1,1
2015,"ko","kommune","Spydeberg","Østfold","SP","Senterpartiet",4,0
2015,"ko","kommune","Spydeberg","Østfold","KRF","Kristelig Folkeparti",3,0
2015,"ko","kommune","Spydeberg","Østfold","MDG","Miljøpartiet De Grønne",1,1
2015,"ko","kommune","Spydeberg","Østfold","V","Venstre",0,-1
2015,"ko","kommune","Spydeberg","Østfold","H","Høyre",6,1
2015,"ko","kommune","Spydeberg","Østfold","FRP","Fremskrittspartiet",2,-1
2015,"ko","kommune","Spydeberg","Østfold","BLANKE","Blanke",0,0
2015,"ko","kommune","Spydeberg","Østfold","Andre","Andre",0,0
2015,"ko","kommune","Spydeberg","Østfold","Andre2","Andre2",0,0
2015,"ko","kommune","Askim","Østfold","A","Arbeiderpartiet",13,0
2015,"ko","kommune","Askim","Østfold","SV","Sosialistisk Venstreparti",1,0
2015,"ko","kommune","Askim","Østfold","SP","Senterpartiet",2,1
2015,"ko","kommune","Askim","Østfold","KRF","Kristelig Folkeparti",2,0
2015,"ko","kommune","Askim","Østfold","MDG","Miljøpartiet De Grønne",1,1
2015,"ko","kommune","Askim","Østfold","V","Venstre",1,0
2015,"ko","kommune","Askim","Østfold","H","Høyre",12,1
2015,"ko","kommune","Askim","Østfold","FRP","Fremskrittspartiet",3,-1
2015,"ko","kommune","Askim","Østfold","BLANKE","Blanke",0,0
2015,"ko","kommune","Askim","Østfold","Andre","Andre",0,0
2015,"ko","kommune","Askim","Østfold","Andre2","Andre2",0,-2
2015,"ko","kommune","Eidsberg","Østfold","A","Arbeiderpartiet",8,1
2015,"ko","kommune","Eidsberg","Østfold","SV","Sosialistisk Venstreparti",1,0
2015,"ko","kommune","Eidsberg","Østfold","SP","Senterpartiet",5,0
2015,"ko","kommune","Eidsberg","Østfold","KRF","Kristelig Folkeparti",2,0
2015,"ko","kommune","Eidsberg","Østfold","V","Venstre",2,0
2015,"ko","kommune","Eidsberg","Østfold","H","Høyre",15,0
2015,"ko","kommune","Eidsberg","Østfold","FRP","Fremskrittspartiet",2,-1
2015,"ko","kommune","Eidsberg","Østfold","BLANKE","Blanke",0,0
2015,"ko","kommune","Eidsberg","Østfold","Andre","Andre",0,0
2015,"ko","kommune","Eidsberg","Østfold","Andre2","Andre2",0,0
2015,"ko","kommune","Skiptvet","Østfold","A","Arbeiderpartiet",10,1
2015,"ko","kommune","Skiptvet","Østfold","SP","Senterpartiet",5,1
2015,"ko","kommune","Skiptvet","Østfold","KRF","Kristelig Folkeparti",2,0
2015,"ko","kommune","Skiptvet","Østfold","H","Høyre",3,-1
2015,"ko","kommune","Skiptvet","Østfold","FRP","Fremskrittspartiet",1,-1
2015,"ko","kommune","Skiptvet","Østfold","BLANKE","Blanke",0,0
2015,"ko","kommune","Skiptvet","Østfold","Andre","Andre",0,0
2015,"ko","kommune","Skiptvet","Østfold","Andre2","Andre2",0,0
2015,"ko","kommune","Rakkestad","Østfold","A","Arbeiderpartiet",8,2
2015,"ko","kommune","Rakkestad","Østfold","SP","Senterpartiet",7,0
2015,"ko","kommune","Rakkestad","Østfold","KRF","Kristelig Folkeparti",5,1
2015,"ko","kommune","Rakkestad","Østfold","MDG","Miljøpartiet De Grønne",0,0
2015,"ko","kommune","Rakkestad","Østfold","V","Venstre",1,-3
2015,"ko","kommune","Rakkestad","Østfold","H","Høyre",2,0
2015,"ko","kommune","Rakkestad","Østfold","FRP","Fremskrittspartiet",2,0
2015,"ko","kommune","Rakkestad","Østfold","BLANKE","Blanke",0,0
2015,"ko","kommune","Rakkestad","Østfold","Andre","Andre",0,0
2015,"ko","kommune","Rakkestad","Østfold","Andre2","Andre2",0,0
2015,"ko","kommune","Råde","Østfold","A","Arbeiderpartiet",6,-1
2015,"ko","kommune","Råde","Østfold","SP","Senterpartiet",3,0
2015,"ko","kommune","Råde","Østfold","KRF","Kristelig Folkeparti",2,0
2015,"ko","kommune","Råde","Østfold","MDG","Miljøpartiet De Grønne",1,1
2015,"ko","kommune","Råde","Østfold","V","Venstre",1,-2
2015,"ko","kommune","Råde","Østfold","H","Høyre",9,3
2015,"ko","kommune","Råde","Østfold","FRP","Fremskrittspartiet",5,-1
2015,"ko","kommune","Råde","Østfold","BLANKE","Blanke",0,0
2015,"ko","kommune","Råde","Østfold","Andre","Andre",0,0
2015,"ko","kommune","Råde","Østfold","Andre2","Andre2",0,0
2015,"ko","kommune","Rygge","Østfold","A","Arbeiderpartiet",10,2
2015,"ko","kommune","Rygge","Østfold","SV","Sosialistisk Venstreparti",1,0
2015,"ko","kommune","Rygge","Østfold","RØDT","Rødt",0,0
2015,"ko","kommune","Rygge","Østfold","SP","Senterpartiet",2,1
2015,"ko","kommune","Rygge","Østfold","KRF","Kristelig Folkeparti",1,0
2015,"ko","kommune","Rygge","Østfold","MDG","Miljøpartiet De Grønne",1,1
2015,"ko","kommune","Rygge","Østfold","V","Venstre",1,-2
2015,"ko","kommune","Rygge","Østfold","H","Høyre",7,-1
2015,"ko","kommune","Rygge","Østfold","FRP","Fremskrittspartiet",4,0
2015,"ko","kommune","Rygge","Østfold","PP","Pensjonistpartiet",0,-1
2015,"ko","kommune","Rygge","Østfold","BLANKE","Blanke",0,0
2015,"ko","kommune","Rygge","Østfold","Andre","Andre",0,-1
2015,"ko","kommune","Rygge","Østfold","Andre2","Andre2",0,0
2015,"ko","kommune","Våler","Østfold","A","Arbeiderpartiet",3,-1
2015,"ko","kommune","Våler","Østfold","SV","Sosialistisk Venstreparti",0,0
2015,"ko","kommune","Våler","Østfold","SP","Senterpartiet",10,4
2015,"ko","kommune","Våler","Østfold","KRF","Kristelig Folkeparti",1,-1
2015,"ko","kommune","Våler","Østfold","MDG","Miljøpartiet De Grønne",0,0
2015,"ko","kommune","Våler","Østfold","V","Venstre",0,0
2015,"ko","kommune","Våler","Østfold","H","Høyre",4,-1
2015,"ko","kommune","Våler","Østfold","FRP","Fremskrittspartiet",3,-1
2015,"ko","kommune","Våler","Østfold","BLANKE","Blanke",0,0
2015,"ko","kommune","Våler","Østfold","Andre","Andre",0,0
2015,"ko","kommune","Våler","Østfold","Andre2","Andre2",0,0
2015,"ko","kommune","Hobøl","Østfold","A","Arbeiderpartiet",6,0
2015,"ko","kommune","Hobøl","Østfold","SP","Senterpartiet",2,0
2015,"ko","kommune","Hobøl","Østfold","KRF","Kristelig Folkeparti",1,0
2015,"ko","kommune","Hobøl","Østfold","MDG","Miljøpartiet De Grønne",1,1
2015,"ko","kommune","Hobøl","Østfold","V","Venstre",1,-2
2015,"ko","kommune","Hobøl","Østfold","H","Høyre",6,2
2015,"ko","kommune","Hobøl","Østfold","FRP","Fremskrittspartiet",4,-1
2015,"ko","kommune","Hobøl","Østfold","BLANKE","Blanke",0,0
2015,"ko","kommune","Hobøl","Østfold","Andre","Andre",0,0
2015,"ko","kommune","Hobøl","Østfold","Andre2","Andre2",0,0
2015,"ko","kommune","Vestby","Akershus","A","Arbeiderpartiet",12,1
2015,"ko","kommune","Vestby","Akershus","SV","Sosialistisk Venstreparti",2,0
2015,"ko","kommune","Vestby","Akershus","SP","Senterpartiet",2,0
2015,"ko","kommune","Vestby","Akershus","KRF","Kristelig Folkeparti",1,0
2015,"ko","kommune","Vestby","Akershus","MDG","Miljøpartiet De Grønne",2,2
2015,"ko","kommune","Vestby","Akershus","V","Venstre",1,-1
2015,"ko","kommune","Vestby","Akershus","H","Høyre",7,-7
2015,"ko","kommune","Vestby","Akershus","FRP","Fremskrittspartiet",4,1
2015,"ko","kommune","Vestby","Akershus","BLANKE","Blanke",0,0
2015,"ko","kommune","Vestby","Akershus","BYGDL","Bygdelista",4,4
2015,"ko","kommune","Vestby","Akershus","KRISTNE","Partiet De Kristne",0,0
2015,"ko","kommune","Vestby","Akershus","Andre","Andre",4,4
2015,"ko","kommune","Vestby","Akershus","Andre2","Andre2",0,0
2015,"ko","kommune","Ski","Akershus","A","Arbeiderpartiet",13,0
2015,"ko","kommune","Ski","Akershus","SV","Sosialistisk Venstreparti",2,0
2015,"ko","kommune","Ski","Akershus","RØDT","Rødt",1,1
2015,"ko","kommune","Ski","Akershus","SP","Senterpartiet",2,1
2015,"ko","kommune","Ski","Akershus","KRF","Kristelig Folkeparti",1,0
2015,"ko","kommune","Ski","Akershus","MDG","Miljøpartiet De Grønne",2,2
2015,"ko","kommune","Ski","Akershus","V","Venstre",2,-1
2015,"ko","kommune","Ski","Akershus","H","Høyre",14,-1
2015,"ko","kommune","Ski","Akershus","FRP","Fremskrittspartiet",3,-2
2015,"ko","kommune","Ski","Akershus","PP","Pensjonistpartiet",1,0
2015,"ko","kommune","Ski","Akershus","BLANKE","Blanke",0,0
2015,"ko","kommune","Ski","Akershus","Andre","Andre",1,0
2015,"ko","kommune","Ski","Akershus","Andre2","Andre2",0,0
2015,"ko","kommune","Ås","Akershus","A","Arbeiderpartiet",10,0
2015,"ko","kommune","Ås","Akershus","SV","Sosialistisk Venstreparti",2,-1
2015,"ko","kommune","Ås","Akershus","RØDT","Rødt",1,1
2015,"ko","kommune","Ås","Akershus","SP","Senterpartiet",4,1
2015,"ko","kommune","Ås","Akershus","KRF","Kristelig Folkeparti",1,0
2015,"ko","kommune","Ås","Akershus","MDG","Miljøpartiet De Grønne",3,2
2015,"ko","kommune","Ås","Akershus","V","Venstre",2,-1
2015,"ko","kommune","Ås","Akershus","H","Høyre",7,-1
2015,"ko","kommune","Ås","Akershus","FRP","Fremskrittspartiet",3,-1
2015,"ko","kommune","Ås","Akershus","BLANKE","Blanke",0,0
2015,"ko","kommune","Ås","Akershus","Andre","Andre",0,0
2015,"ko","kommune","Ås","Akershus","Andre2","Andre2",0,0
2015,"ko","kommune","Frogn","Akershus","A","Arbeiderpartiet",7,0
2015,"ko","kommune","Frogn","Akershus","SV","Sosialistisk Venstreparti",1,-1
2015,"ko","kommune","Frogn","Akershus","SP","Senterpartiet",1,0
2015,"ko","kommune","Frogn","Akershus","KRF","Kristelig Folkeparti",1,-1
2015,"ko","kommune","Frogn","Akershus","MDG","Miljøpartiet De Grønne",2,2
2015,"ko","kommune","Frogn","Akershus","V","Venstre",3,-2
2015,"ko","kommune","Frogn","Akershus","H","Høyre",12,2
2015,"ko","kommune","Frogn","Akershus","FRP","Fremskrittspartiet",3,0
2015,"ko","kommune","Frogn","Akershus","PP","Pensjonistpartiet",1,0
2015,"ko","kommune","Frogn","Akershus","BLANKE","Blanke",0,0
2015,"ko","kommune","Frogn","Akershus","Andre","Andre",1,0
2015,"ko","kommune","Frogn","Akershus","Andre2","Andre2",0,0
2015,"ko","kommune","Nesodden","Akershus","A","Arbeiderpartiet",9,0
2015,"ko","kommune","Nesodden","Akershus","SV","Sosialistisk Venstreparti",4,-1
2015,"ko","kommune","Nesodden","Akershus","RØDT","Rødt",2,0
2015,"ko","kommune","Nesodden","Akershus","SP","Senterpartiet",0,0
2015,"ko","kommune","Nesodden","Akershus","KRF","Kristelig Folkeparti",1,0
2015,"ko","kommune","Nesodden","Akershus","MDG","Miljøpartiet De Grønne",4,2
2015,"ko","kommune","Nesodden","Akershus","V","Venstre",2,0
2015,"ko","kommune","Nesodden","Akershus","H","Høyre",7,-1
2015,"ko","kommune","Nesodden","Akershus","FRP","Fremskrittspartiet",2,0
2015,"ko","kommune","Nesodden","Akershus","DEMN","Demokratene i Norge",0,0
2015,"ko","kommune","Nesodden","Akershus","BLANKE","Blanke",0,0
2015,"ko","kommune","Nesodden","Akershus","Andre","Andre",0,0
2015,"ko","kommune","Nesodden","Akershus","Andre2","Andre2",0,0
2015,"ko","kommune","Oppegård","Akershus","A","Arbeiderpartiet",8,0
2015,"ko","kommune","Oppegård","Akershus","SV","Sosialistisk Venstreparti",1,-1
2015,"ko","kommune","Oppegård","Akershus","RØDT","Rødt",0,0
2015,"ko","kommune","Oppegård","Akershus","KRF","Kristelig Folkeparti",2,1
2015,"ko","kommune","Oppegård","Akershus","MDG","Miljøpartiet De Grønne",3,3
2015,"ko","kommune","Oppegård","Akershus","V","Venstre",2,0
2015,"ko","kommune","Oppegård","Akershus","H","Høyre",13,-3
2015,"ko","kommune","Oppegård","Akershus","FRP","Fremskrittspartiet",2,0
2015,"ko","kommune","Oppegård","Akershus","BLANKE","Blanke",0,0
2015,"ko","kommune","Oppegård","Akershus","Andre","Andre",0,0
2015,"ko","kommune","Oppegård","Akershus","Andre2","Andre2",0,0
2015,"ko","kommune","Bærum","Akershus","A","Arbeiderpartiet",10,-1
2015,"ko","kommune","Bærum","Akershus","SV","Sosialistisk Venstreparti",2,0
2015,"ko","kommune","Bærum","Akershus","RØDT","Rødt",1,1
2015,"ko","kommune","Bærum","Akershus","SP","Senterpartiet",0,0
2015,"ko","kommune","Bærum","Akershus","KRF","Kristelig Folkeparti",1,0
2015,"ko","kommune","Bærum","Akershus","MDG","Miljøpartiet De Grønne",3,3
2015,"ko","kommune","Bærum","Akershus","V","Venstre",5,0
2015,"ko","kommune","Bærum","Akershus","H","Høyre",24,-3
2015,"ko","kommune","Bærum","Akershus","FRP","Fremskrittspartiet",4,0
2015,"ko","kommune","Bærum","Akershus","PP","Pensjonistpartiet",1,0
2015,"ko","kommune","Bærum","Akershus","BLANKE","Blanke",0,0
2015,"ko","kommune","Bærum","Akershus","KRISTNE","Partiet De Kristne",0,0
2015,"ko","kommune","Bærum","Akershus","Andre","Andre",1,0
2015,"ko","kommune","Bærum","Akershus","Andre2","Andre2",0,0
2015,"ko","kommune","Asker","Akershus","A","Arbeiderpartiet",9,-1
2015,"ko","kommune","Asker","Akershus","SV","Sosialistisk Venstreparti",1,0
2015,"ko","kommune","Asker","Akershus","RØDT","Rødt",0,0
2015,"ko","kommune","Asker","Akershus","SP","Senterpartiet",1,1
2015,"ko","kommune","Asker","Akershus","KRF","Kristelig Folkeparti",1,0
2015,"ko","kommune","Asker","Akershus","MDG","Miljøpartiet De Grønne",3,3
2015,"ko","kommune","Asker","Akershus","V","Venstre",4,1
2015,"ko","kommune","Asker","Akershus","H","Høyre",23,-2
2015,"ko","kommune","Asker","Akershus","FRP","Fremskrittspartiet",4,0
2015,"ko","kommune","Asker","Akershus","PP","Pensjonistpartiet",1,0
2015,"ko","kommune","Asker","Akershus","BLANKE","Blanke",0,0
2015,"ko","kommune","Asker","Akershus","Andre","Andre",1,0
2015,"ko","kommune","Asker","Akershus","Andre2","Andre2",0,-2
2015,"ko","kommune","Aurskog-Høland","Akershus","A","Arbeiderpartiet",15,2
2015,"ko","kommune","Aurskog-Høland","Akershus","SV","Sosialistisk Venstreparti",1,0
2015,"ko","kommune","Aurskog-Høland","Akershus","SP","Senterpartiet",4,-1
2015,"ko","kommune","Aurskog-Høland","Akershus","KRF","Kristelig Folkeparti",2,-1
2015,"ko","kommune","Aurskog-Høland","Akershus","MDG","Miljøpartiet De Grønne",1,1
2015,"ko","kommune","Aurskog-Høland","Akershus","V","Venstre",0,0
2015,"ko","kommune","Aurskog-Høland","Akershus","H","Høyre",4,-2
2015,"ko","kommune","Aurskog-Høland","Akershus","FRP","Fremskrittspartiet",8,1
2015,"ko","kommune","Aurskog-Høland","Akershus","BLANKE","Blanke",0,0
2015,"ko","kommune","Aurskog-Høland","Akershus","KRISTNE","Partiet De Kristne",0,0
2015,"ko","kommune","Aurskog-Høland","Akershus","Andre","Andre",0,0
2015,"ko","kommune","Aurskog-Høland","Akershus","Andre2","Andre2",0,0
2015,"ko","kommune","Sørum","Akershus","A","Arbeiderpartiet",11,-2
2015,"ko","kommune","Sørum","Akershus","SV","Sosialistisk Venstreparti",1,0
2015,"ko","kommune","Sørum","Akershus","SP","Senterpartiet",3,1
2015,"ko","kommune","Sørum","Akershus","KRF","Kristelig Folkeparti",2,1
2015,"ko","kommune","Sørum","Akershus","MDG","Miljøpartiet De Grønne",1,1
2015,"ko","kommune","Sørum","Akershus","V","Venstre",1,0
2015,"ko","kommune","Sørum","Akershus","H","Høyre",8,-1
2015,"ko","kommune","Sørum","Akershus","FRP","Fremskrittspartiet",4,0
2015,"ko","kommune","Sørum","Akershus","BLANKE","Blanke",0,0
2015,"ko","kommune","Sørum","Akershus","Andre","Andre",0,0
2015,"ko","kommune","Sørum","Akershus","Andre2","Andre2",0,0
2015,"ko","kommune","Fet","Akershus","A","Arbeiderpartiet",11,0
2015,"ko","kommune","Fet","Akershus","SV","Sosialistisk Venstreparti",1,0
2015,"ko","kommune","Fet","Akershus","SP","Senterpartiet",2,0
2015,"ko","kommune","Fet","Akershus","KRF","Kristelig Folkeparti",1,1
2015,"ko","kommune","Fet","Akershus","MDG","Miljøpartiet De Grønne",1,1
2015,"ko","kommune","Fet","Akershus","V","Venstre",1,-1
2015,"ko","kommune","Fet","Akershus","H","Høyre",6,-1
2015,"ko","kommune","Fet","Akershus","FRP","Fremskrittspartiet",4,0
2015,"ko","kommune","Fet","Akershus","BLANKE","Blanke",0,0
2015,"ko","kommune","Fet","Akershus","KRISTNE","Partiet De Kristne",0,0
2015,"ko","kommune","Fet","Akershus","Andre","Andre",0,0
2015,"ko","kommune","Fet","Akershus","Andre2","Andre2",0,0
2015,"ko","kommune","Rælingen","Akershus","A","Arbeiderpartiet",21,1
2015,"ko","kommune","Rælingen","Akershus","SV","Sosialistisk Venstreparti",1,0
2015,"ko","kommune","Rælingen","Akershus","RØDT","Rødt",0,0
2015,"ko","kommune","Rælingen","Akershus","MDG","Miljøpartiet De Grønne",1,1
2015,"ko","kommune","Rælingen","Akershus","V","Venstre",1,0
2015,"ko","kommune","Rælingen","Akershus","H","Høyre",6,-2
2015,"ko","kommune","Rælingen","Akershus","FRP","Fremskrittspartiet",3,-1
2015,"ko","kommune","Rælingen","Akershus","BLANKE","Blanke",0,0
2015,"ko","kommune","Rælingen","Akershus","KRFSP","Kristelig Folkeparti / Senterpartiet",2,2
2015,"ko","kommune","Rælingen","Akershus","Andre","Andre",2,2
2015,"ko","kommune","Rælingen","Akershus","Andre2","Andre2",0,-1
2015,"ko","kommune","Enebakk","Akershus","A","Arbeiderpartiet",8,1
2015,"ko","kommune","Enebakk","Akershus","SV","Sosialistisk Venstreparti",1,0
2015,"ko","kommune","Enebakk","Akershus","SP","Senterpartiet",4,1
2015,"ko","kommune","Enebakk","Akershus","KRF","Kristelig Folkeparti",1,0
2015,"ko","kommune","Enebakk","Akershus","MDG","Miljøpartiet De Grønne",1,1
2015,"ko","kommune","Enebakk","Akershus","V","Venstre",1,0
2015,"ko","kommune","Enebakk","Akershus","H","Høyre",6,-2
2015,"ko","kommune","Enebakk","Akershus","FRP","Fremskrittspartiet",5,-1
2015,"ko","kommune","Enebakk","Akershus","BLANKE","Blanke",0,0
2015,"ko","kommune","Enebakk","Akershus","Andre","Andre",0,0
2015,"ko","kommune","Enebakk","Akershus","Andre2","Andre2",0,0
2015,"ko","kommune","Lørenskog","Akershus","A","Arbeiderpartiet",21,0
2015,"ko","kommune","Lørenskog","Akershus","SV","Sosialistisk Venstreparti",1,-1
2015,"ko","kommune","Lørenskog","Akershus","RØDT","Rødt",0,0
2015,"ko","kommune","Lørenskog","Akershus","SP","Senterpartiet",0,0
2015,"ko","kommune","Lørenskog","Akershus","KRF","Kristelig Folkeparti",1,-1
2015,"ko","kommune","Lørenskog","Akershus","MDG","Miljøpartiet De Grønne",2,2
2015,"ko","kommune","Lørenskog","Akershus","V","Venstre",2,0
2015,"ko","kommune","Lørenskog","Akershus","H","Høyre",14,0
2015,"ko","kommune","Lørenskog","Akershus","FRP","Fremskrittspartiet",5,0
2015,"ko","kommune","Lørenskog","Akershus","BLANKE","Blanke",0,0
2015,"ko","kommune","Lørenskog","Akershus","LVH","Lørenskog i våre hjerter",1,0
2015,"ko","kommune","Lørenskog","Akershus","Andre","Andre",1,0
2015,"ko","kommune","Lørenskog","Akershus","Andre2","Andre2",0,0
2015,"ko","kommune","Skedsmo","Akershus","A","Arbeiderpartiet",18,-1
2015,"ko","kommune","Skedsmo","Akershus","SV","Sosialistisk Venstreparti",2,0
2015,"ko","kommune","Skedsmo","Akershus","RØDT","Rødt",0,0
2015,"ko","kommune","Skedsmo","Akershus","SP","Senterpartiet",1,0
2015,"ko","kommune","Skedsmo","Akershus","KRF","Kristelig Folkeparti",1,0
2015,"ko","kommune","Skedsmo","Akershus","MDG","Miljøpartiet De Grønne",2,2
2015,"ko","kommune","Skedsmo","Akershus","V","Venstre",2,0
2015,"ko","kommune","Skedsmo","Akershus","H","Høyre",12,-2
2015,"ko","kommune","Skedsmo","Akershus","FRP","Fremskrittspartiet",6,1
2015,"ko","kommune","Skedsmo","Akershus","PP","Pensjonistpartiet",1,0
2015,"ko","kommune","Skedsmo","Akershus","BLANKE","Blanke",0,0
2015,"ko","kommune","Skedsmo","Akershus","FRBB","Folkets Røst By- og Bygdeliste",2,0
2015,"ko","kommune","Skedsmo","Akershus","Andre","Andre",3,0
2015,"ko","kommune","Skedsmo","Akershus","Andre2","Andre2",0,0
2015,"ko","kommune","Nittedal","Akershus","A","Arbeiderpartiet",10,0
2015,"ko","kommune","Nittedal","Akershus","SV","Sosialistisk Venstreparti",1,0
2015,"ko","kommune","Nittedal","Akershus","RØDT","Rødt",0,0
2015,"ko","kommune","Nittedal","Akershus","SP","Senterpartiet",1,0
2015,"ko","kommune","Nittedal","Akershus","KRF","Kristelig Folkeparti",1,0
2015,"ko","kommune","Nittedal","Akershus","MDG","Miljøpartiet De Grønne",1,1
2015,"ko","kommune","Nittedal","Akershus","V","Venstre",3,0
2015,"ko","kommune","Nittedal","Akershus","H","Høyre",8,-1
2015,"ko","kommune","Nittedal","Akershus","FRP","Fremskrittspartiet",4,0
2015,"ko","kommune","Nittedal","Akershus","BLANKE","Blanke",0,0
2015,"ko","kommune","Nittedal","Akershus","Andre","Andre",0,0
2015,"ko","kommune","Nittedal","Akershus","Andre2","Andre2",0,0
2015,"ko","kommune","Gjerdrum","Akershus","A","Arbeiderpartiet",8,-1
2015,"ko","kommune","Gjerdrum","Akershus","SP","Senterpartiet",4,2
2015,"ko","kommune","Gjerdrum","Akershus","KRF","Kristelig Folkeparti",1,0
2015,"ko","kommune","Gjerdrum","Akershus","MDG","Miljøpartiet De Grønne",1,1
2015,"ko","kommune","Gjerdrum","Akershus","V","Venstre",2,-1
2015,"ko","kommune","Gjerdrum","Akershus","H","Høyre",7,0
2015,"ko","kommune","Gjerdrum","Akershus","FRP","Fremskrittspartiet",2,0
2015,"ko","kommune","Gjerdrum","Akershus","BLANKE","Blanke",0,0
2015,"ko","kommune","Gjerdrum","Akershus","Andre","Andre",0,0
2015,"ko","kommune","Gjerdrum","Akershus","Andre2","Andre2",0,-1
2015,"ko","kommune","Ullensaker","Akershus","A","Arbeiderpartiet",15,0
2015,"ko","kommune","Ullensaker","Akershus","SP","Senterpartiet",2,0
2015,"ko","kommune","Ullensaker","Akershus","KRF","Kristelig Folkeparti",1,0
2015,"ko","kommune","Ullensaker","Akershus","MDG","Miljøpartiet De Grønne",1,1
2015,"ko","kommune","Ullensaker","Akershus","V","Venstre",2,1
2015,"ko","kommune","Ullensaker","Akershus","H","Høyre",8,0
2015,"ko","kommune","Ullensaker","Akershus","FRP","Fremskrittspartiet",14,-3
2015,"ko","kommune","Ullensaker","Akershus","AU","Alternativ Ullensakerliste",1,1
2015,"ko","kommune","Ullensaker","Akershus","BLANKE","Blanke",0,0
2015,"ko","kommune","Ullensaker","Akershus","SV_R","Sosialistisk Venstreparti og Rødt",1,1
2015,"ko","kommune","Ullensaker","Akershus","Andre","Andre",2,2
2015,"ko","kommune","Ullensaker","Akershus","Andre2","Andre2",0,-1
2015,"ko","kommune","Nes","Akershus","A","Arbeiderpartiet",15,2
2015,"ko","kommune","Nes","Akershus","SV","Sosialistisk Venstreparti",1,0
2015,"ko","kommune","Nes","Akershus","SP","Senterpartiet",4,0
2015,"ko","kommune","Nes","Akershus","KRF","Kristelig Folkeparti",1,0
2015,"ko","kommune","Nes","Akershus","MDG","Miljøpartiet De Grønne",1,1
2015,"ko","kommune","Nes","Akershus","V","Venstre",2,0
2015,"ko","kommune","Nes","Akershus","H","Høyre",5,-2
2015,"ko","kommune","Nes","Akershus","FRP","Fremskrittspartiet",6,-1
2015,"ko","kommune","Nes","Akershus","BLANKE","Blanke",0,0
2015,"ko","kommune","Nes","Akershus","Andre","Andre",0,0
2015,"ko","kommune","Nes","Akershus","Andre2","Andre2",0,0
2015,"ko","kommune","Eidsvoll","Akershus","A","Arbeiderpartiet",11,-2
2015,"ko","kommune","Eidsvoll","Akershus","SV","Sosialistisk Venstreparti",2,0
2015,"ko","kommune","Eidsvoll","Akershus","SP","Senterpartiet",5,2
2015,"ko","kommune","Eidsvoll","Akershus","KRF","Kristelig Folkeparti",1,0
2015,"ko","kommune","Eidsvoll","Akershus","MDG","Miljøpartiet De Grønne",1,1
2015,"ko","kommune","Eidsvoll","Akershus","V","Venstre",1,0
2015,"ko","kommune","Eidsvoll","Akershus","H","Høyre",8,-1
2015,"ko","kommune","Eidsvoll","Akershus","FRP","Fremskrittspartiet",5,0
2015,"ko","kommune","Eidsvoll","Akershus","PP","Pensjonistpartiet",1,1
2015,"ko","kommune","Eidsvoll","Akershus","BLANKE","Blanke",0,0
2015,"ko","kommune","Eidsvoll","Akershus","Andre","Andre",1,1
2015,"ko","kommune","Eidsvoll","Akershus","Andre2","Andre2",0,-1
2015,"ko","kommune","Nannestad","Akershus","A","Arbeiderpartiet",9,-2
2015,"ko","kommune","Nannestad","Akershus","SV","Sosialistisk Venstreparti",1,0
2015,"ko","kommune","Nannestad","Akershus","SP","Senterpartiet",2,0
2015,"ko","kommune","Nannestad","Akershus","KRF","Kristelig Folkeparti",1,0
2015,"ko","kommune","Nannestad","Akershus","MDG","Miljøpartiet De Grønne",1,1
2015,"ko","kommune","Nannestad","Akershus","V","Venstre",3,0
2015,"ko","kommune","Nannestad","Akershus","H","Høyre",6,-1
2015,"ko","kommune","Nannestad","Akershus","FRP","Fremskrittspartiet",5,-1
2015,"ko","kommune","Nannestad","Akershus","BLANKE","Blanke",0,0
2015,"ko","kommune","Nannestad","Akershus","NANB","Nannestad bygdeliste",3,3
2015,"ko","kommune","Nannestad","Akershus","Andre","Andre",3,3
2015,"ko","kommune","Nannestad","Akershus","Andre2","Andre2",0,0
2015,"ko","kommune","Hurdal","Akershus","A","Arbeiderpartiet",4,0
2015,"ko","kommune","Hurdal","Akershus","SV","Sosialistisk Venstreparti",0,0
2015,"ko","kommune","Hurdal","Akershus","SP","Senterpartiet",2,1
2015,"ko","kommune","Hurdal","Akershus","KRF","Kristelig Folkeparti",1,0
2015,"ko","kommune","Hurdal","Akershus","MDG","Miljøpartiet De Grønne",1,1
2015,"ko","kommune","Hurdal","Akershus","V","Venstre",5,-1
2015,"ko","kommune","Hurdal","Akershus","H","Høyre",1,-1
2015,"ko","kommune","Hurdal","Akershus","FRP","Fremskrittspartiet",1,-2
2015,"ko","kommune","Hurdal","Akershus","BLANKE","Blanke",0,0
2015,"ko","kommune","Hurdal","Akershus","GIH","Glad i Hurdal",2,2
2015,"ko","kommune","Hurdal","Akershus","Andre","Andre",2,2
2015,"ko","kommune","Hurdal","Akershus","Andre2","Andre2",0,0
2015,"ko","kommune","Oslo","Oslo","A","Arbeiderpartiet",20,0
2015,"ko","kommune","Oslo","Oslo","SV","Sosialistisk Venstreparti",3,-1
2015,"ko","kommune","Oslo","Oslo","RØDT","Rødt",3,1
2015,"ko","kommune","Oslo","Oslo","SP","Senterpartiet",0,0
2015,"ko","kommune","Oslo","Oslo","KRF","Kristelig Folkeparti",1,0
2015,"ko","kommune","Oslo","Oslo","MDG","Miljøpartiet De Grønne",5,4
2015,"ko","kommune","Oslo","Oslo","V","Venstre",4,-1
2015,"ko","kommune","Oslo","Oslo","H","Høyre",19,-3
2015,"ko","kommune","Oslo","Oslo","FRP","Fremskrittspartiet",4,0
2015,"ko","kommune","Oslo","Oslo","DEMN","Demokratene i Norge",0,0
2015,"ko","kommune","Oslo","Oslo","KYST","Kystpartiet",0,0
2015,"ko","kommune","Oslo","Oslo","NKP","Norges Kommunistiske Parti",0,0
2015,"ko","kommune","Oslo","Oslo","PIR","Piratpartiet",0,0
2015,"ko","kommune","Oslo","Oslo","PP","Pensjonistpartiet",0,0
2015,"ko","kommune","Oslo","Oslo","BLANKE","Blanke",0,0
2015,"ko","kommune","Oslo","Oslo","FI","Feministisk Initiativ",0,0
2015,"ko","kommune","Oslo","Oslo","KRISTNE","Partiet De Kristne",0,0
2015,"ko","kommune","Oslo","Oslo","LIBO","Liberalistene Oslo",0,0
2015,"ko","kommune","Oslo","Oslo","Andre","Andre",0,0
2015,"ko","kommune","Oslo","Oslo","Andre2","Andre2",0,0
2015,"ko","kommune","Kongsvinger","Hedmark","A","Arbeiderpartiet",16,5
2015,"ko","kommune","Kongsvinger","Hedmark","SV","Sosialistisk Venstreparti",1,0
2015,"ko","kommune","Kongsvinger","Hedmark","SP","Senterpartiet",2,0
2015,"ko","kommune","Kongsvinger","Hedmark","KRF","Kristelig Folkeparti",1,0
2015,"ko","kommune","Kongsvinger","Hedmark","MDG","Miljøpartiet De Grønne",1,1
2015,"ko","kommune","Kongsvinger","Hedmark","V","Venstre",1,-1
2015,"ko","kommune","Kongsvinger","Hedmark","H","Høyre",6,0
2015,"ko","kommune","Kongsvinger","Hedmark","FRP","Fremskrittspartiet",3,-2
2015,"ko","kommune","Kongsvinger","Hedmark","PP","Pensjonistpartiet",2,-3
2015,"ko","kommune","Kongsvinger","Hedmark","BLANKE","Blanke",0,0
2015,"ko","kommune","Kongsvinger","Hedmark","Andre","Andre",2,-3
2015,"ko","kommune","Kongsvinger","Hedmark","Andre2","Andre2",0,0
2015,"ko","kommune","Hamar","Hedmark","A","Arbeiderpartiet",14,-1
2015,"ko","kommune","Hamar","Hedmark","SV","Sosialistisk Venstreparti",1,0
2015,"ko","kommune","Hamar","Hedmark","RØDT","Rødt",0,0
2015,"ko","kommune","Hamar","Hedmark","SP","Senterpartiet",1,0
2015,"ko","kommune","Hamar","Hedmark","KRF","Kristelig Folkeparti",1,-1
2015,"ko","kommune","Hamar","Hedmark","MDG","Miljøpartiet De Grønne",2,2
2015,"ko","kommune","Hamar","Hedmark","V","Venstre",2,0
2015,"ko","kommune","Hamar","Hedmark","H","Høyre",5,-2
2015,"ko","kommune","Hamar","Hedmark","FRP","Fremskrittspartiet",1,-1
2015,"ko","kommune","Hamar","Hedmark","PP","Pensjonistpartiet",1,-1
2015,"ko","kommune","Hamar","Hedmark","BBL","By- og bygdelista",11,4
2015,"ko","kommune","Hamar","Hedmark","BLANKE","Blanke",0,0
2015,"ko","kommune","Hamar","Hedmark","Andre","Andre",12,3
2015,"ko","kommune","Hamar","Hedmark","Andre2","Andre2",0,0
2015,"ko","kommune","Ringsaker","Hedmark","A","Arbeiderpartiet",21,0
2015,"ko","kommune","Ringsaker","Hedmark","SV","Sosialistisk Venstreparti",1,0
2015,"ko","kommune","Ringsaker","Hedmark","SP","Senterpartiet",5,2
2015,"ko","kommune","Ringsaker","Hedmark","KRF","Kristelig Folkeparti",1,0
2015,"ko","kommune","Ringsaker","Hedmark","MDG","Miljøpartiet De Grønne",1,1
2015,"ko","kommune","Ringsaker","Hedmark","V","Venstre",1,-1
2015,"ko","kommune","Ringsaker","Hedmark","H","Høyre",4,-2
2015,"ko","kommune","Ringsaker","Hedmark","FRP","Fremskrittspartiet",2,0
2015,"ko","kommune","Ringsaker","Hedmark","PP","Pensjonistpartiet",2,1
2015,"ko","kommune","Ringsaker","Hedmark","BLANKE","Blanke",0,0
2015,"ko","kommune","Ringsaker","Hedmark","RSL","Ringsaklista",3,-1
2015,"ko","kommune","Ringsaker","Hedmark","Andre","Andre",5,0
2015,"ko","kommune","Ringsaker","Hedmark","Andre2","Andre2",0,0
2015,"ko","kommune","Løten","Hedmark","A","Arbeiderpartiet",11,-2
2015,"ko","kommune","Løten","Hedmark","SV","Sosialistisk Venstreparti",1,0
2015,"ko","kommune","Løten","Hedmark","SP","Senterpartiet",8,4
2015,"ko","kommune","Løten","Hedmark","MDG","Miljøpartiet De Grønne",1,1
2015,"ko","kommune","Løten","Hedmark","V","Venstre",1,0
2015,"ko","kommune","Løten","Hedmark","H","Høyre",2,-1
2015,"ko","kommune","Løten","Hedmark","FRP","Fremskrittspartiet",1,-1
2015,"ko","kommune","Løten","Hedmark","BLANKE","Blanke",0,0
2015,"ko","kommune","Løten","Hedmark","Andre","Andre",0,0
2015,"ko","kommune","Løten","Hedmark","Andre2","Andre2",0,-1
2015,"ko","kommune","Stange","Hedmark","A","Arbeiderpartiet",16,-2
2015,"ko","kommune","Stange","Hedmark","SV","Sosialistisk Venstreparti",1,0
2015,"ko","kommune","Stange","Hedmark","SP","Senterpartiet",5,2
2015,"ko","kommune","Stange","Hedmark","KRF","Kristelig Folkeparti",2,0
2015,"ko","kommune","Stange","Hedmark","MDG","Miljøpartiet De Grønne",2,2
2015,"ko","kommune","Stange","Hedmark","V","Venstre",1,-1
2015,"ko","kommune","Stange","Hedmark","H","Høyre",3,-1
2015,"ko","kommune","Stange","Hedmark","FRP","Fremskrittspartiet",2,-1
2015,"ko","kommune","Stange","Hedmark","PP","Pensjonistpartiet",1,0
2015,"ko","kommune","Stange","Hedmark","BLANKE","Blanke",0,0
2015,"ko","kommune","Stange","Hedmark","BLSTA","Bygdelista i Stange",2,1
2015,"ko","kommune","Stange","Hedmark","Andre","Andre",3,1
2015,"ko","kommune","Stange","Hedmark","Andre2","Andre2",0,0
2015,"ko","kommune","Nord-Odal","Hedmark","A","Arbeiderpartiet",15,1
2015,"ko","kommune","Nord-Odal","Hedmark","SV","Sosialistisk Venstreparti",2,1
2015,"ko","kommune","Nord-Odal","Hedmark","SP","Senterpartiet",4,2
2015,"ko","kommune","Nord-Odal","Hedmark","V","Venstre",0,-1
2015,"ko","kommune","Nord-Odal","Hedmark","H","Høyre",4,1
2015,"ko","kommune","Nord-Odal","Hedmark","BLANKE","Blanke",0,0
2015,"ko","kommune","Nord-Odal","Hedmark","Andre","Andre",0,0
2015,"ko","kommune","Nord-Odal","Hedmark","Andre2","Andre2",0,-4
2015,"ko","kommune","Sør-Odal","Hedmark","A","Arbeiderpartiet",11,1
2015,"ko","kommune","Sør-Odal","Hedmark","SV","Sosialistisk Venstreparti",1,-1
2015,"ko","kommune","Sør-Odal","Hedmark","SP","Senterpartiet",2,-2
2015,"ko","kommune","Sør-Odal","Hedmark","MDG","Miljøpartiet De Grønne",1,1
2015,"ko","kommune","Sør-Odal","Hedmark","V","Venstre",0,0
2015,"ko","kommune","Sør-Odal","Hedmark","H","Høyre",6,-1
2015,"ko","kommune","Sør-Odal","Hedmark","PP","Pensjonistpartiet",1,-1
2015,"ko","kommune","Sør-Odal","Hedmark","BLANKE","Blanke",0,0
2015,"ko","kommune","Sør-Odal","Hedmark","SOBY","Sør-Odal Bygdeliste",5,5
2015,"ko","kommune","Sør-Odal","Hedmark","Andre","Andre",6,4
2015,"ko","kommune","Sør-Odal","Hedmark","Andre2","Andre2",0,-2
2015,"ko","kommune","Eidskog","Hedmark","A","Arbeiderpartiet",12,2
2015,"ko","kommune","Eidskog","Hedmark","SV","Sosialistisk Venstreparti",0,-1
2015,"ko","kommune","Eidskog","Hedmark","SP","Senterpartiet",7,-2
2015,"ko","kommune","Eidskog","Hedmark","V","Venstre",1,0
2015,"ko","kommune","Eidskog","Hedmark","H","Høyre",3,-2
2015,"ko","kommune","Eidskog","Hedmark","FRP","Fremskrittspartiet",2,-1
2015,"ko","kommune","Eidskog","Hedmark","BLANKE","Blanke",0,0
2015,"ko","kommune","Eidskog","Hedmark","Andre","Andre",0,0
2015,"ko","kommune","Eidskog","Hedmark","Andre2","Andre2",0,0
2015,"ko","kommune","Grue","Hedmark","A","Arbeiderpartiet",8,-1
2015,"ko","kommune","Grue","Hedmark","SP","Senterpartiet",3,0
2015,"ko","kommune","Grue","Hedmark","BLANKE","Blanke",0,0
2015,"ko","kommune","Grue","Hedmark","GRUEFL","Fellesliste mellom H KRF og V",8,1
2015,"ko","kommune","Grue","Hedmark","Andre","Andre",8,1
2015,"ko","kommune","Grue","Hedmark","Andre2","Andre2",0,0
2015,"ko","kommune","Åsnes","Hedmark","A","Arbeiderpartiet",9,0
2015,"ko","kommune","Åsnes","Hedmark","SV","Sosialistisk Venstreparti",1,1
2015,"ko","kommune","Åsnes","Hedmark","SP","Senterpartiet",4,1
2015,"ko","kommune","Åsnes","Hedmark","V","Venstre",3,0
2015,"ko","kommune","Åsnes","Hedmark","H","Høyre",2,-1
2015,"ko","kommune","Åsnes","Hedmark","FRP","Fremskrittspartiet",2,-1
2015,"ko","kommune","Åsnes","Hedmark","PP","Pensjonistpartiet",1,0
2015,"ko","kommune","Åsnes","Hedmark","BLANKE","Blanke",0,0
2015,"ko","kommune","Åsnes","Hedmark","RADS","Radikale Sosialister",1,0
2015,"ko","kommune","Åsnes","Hedmark","Andre","Andre",2,0
2015,"ko","kommune","Åsnes","Hedmark","Andre2","Andre2",0,0
2015,"ko","kommune","Våler","Hedmark","A","Arbeiderpartiet",6,-4
2015,"ko","kommune","Våler","Hedmark","SV","Sosialistisk Venstreparti",1,0
2015,"ko","kommune","Våler","Hedmark","SP","Senterpartiet",2,0
2015,"ko","kommune","Våler","Hedmark","V","Venstre",4,2
2015,"ko","kommune","Våler","Hedmark","H","Høyre",3,1
2015,"ko","kommune","Våler","Hedmark","PP","Pensjonistpartiet",1,0
2015,"ko","kommune","Våler","Hedmark","BLANKE","Blanke",0,0
2015,"ko","kommune","Våler","Hedmark","BVF","Bygdelista Vålers framtid",2,2
2015,"ko","kommune","Våler","Hedmark","Andre","Andre",3,2
2015,"ko","kommune","Våler","Hedmark","Andre2","Andre2",0,-1
2015,"ko","kommune","Elverum","Hedmark","A","Arbeiderpartiet",14,0
2015,"ko","kommune","Elverum","Hedmark","SV","Sosialistisk Venstreparti",2,1
2015,"ko","kommune","Elverum","Hedmark","SP","Senterpartiet",4,2
2015,"ko","kommune","Elverum","Hedmark","MDG","Miljøpartiet De Grønne",1,1
2015,"ko","kommune","Elverum","Hedmark","V","Venstre",1,0
2015,"ko","kommune","Elverum","Hedmark","H","Høyre",10,-3
2015,"ko","kommune","Elverum","Hedmark","FRP","Fremskrittspartiet",2,-1
2015,"ko","kommune","Elverum","Hedmark","BLANKE","Blanke",0,0
2015,"ko","kommune","Elverum","Hedmark","TE","Team Elverum - Politikk for by og bygd",1,0
2015,"ko","kommune","Elverum","Hedmark","Andre","Andre",1,0
2015,"ko","kommune","Elverum","Hedmark","Andre2","Andre2",0,0
2015,"ko","kommune","Trysil","Hedmark","A","Arbeiderpartiet",11,2
2015,"ko","kommune","Trysil","Hedmark","SV","Sosialistisk Venstreparti",1,-1
2015,"ko","kommune","Trysil","Hedmark","SP","Senterpartiet",6,2
2015,"ko","kommune","Trysil","Hedmark","KRF","Kristelig Folkeparti",0,-1
2015,"ko","kommune","Trysil","Hedmark","MDG","Miljøpartiet De Grønne",0,0
2015,"ko","kommune","Trysil","Hedmark","V","Venstre",0,-1
2015,"ko","kommune","Trysil","Hedmark","H","Høyre",6,0
2015,"ko","kommune","Trysil","Hedmark","FRP","Fremskrittspartiet",1,-1
2015,"ko","kommune","Trysil","Hedmark","BLANKE","Blanke",0,0
2015,"ko","kommune","Trysil","Hedmark","Andre","Andre",0,0
2015,"ko","kommune","Trysil","Hedmark","Andre2","Andre2",0,0
2015,"ko","kommune","Åmot","Hedmark","A","Arbeiderpartiet",5,-2
2015,"ko","kommune","Åmot","Hedmark","SV","Sosialistisk Venstreparti",2,1
2015,"ko","kommune","Åmot","Hedmark","SP","Senterpartiet",9,1
2015,"ko","kommune","Åmot","Hedmark","MDG","Miljøpartiet De Grønne",0,0
2015,"ko","kommune","Åmot","Hedmark","V","Venstre",0,-1
2015,"ko","kommune","Åmot","Hedmark","H","Høyre",2,-1
2015,"ko","kommune","Åmot","Hedmark","FRP","Fremskrittspartiet",1,-1
2015,"ko","kommune","Åmot","Hedmark","BLANKE","Blanke",0,0
2015,"ko","kommune","Åmot","Hedmark","Andre","Andre",0,0
2015,"ko","kommune","Åmot","Hedmark","Andre2","Andre2",0,-1
2015,"ko","kommune","Stor-Elvdal","Hedmark","A","Arbeiderpartiet",9,0
2015,"ko","kommune","Stor-Elvdal","Hedmark","SV","Sosialistisk Venstreparti",1,0
2015,"ko","kommune","Stor-Elvdal","Hedmark","V","Venstre",3,2
2015,"ko","kommune","Stor-Elvdal","Hedmark","BHSF","Bygdelista, Høyre, Senterpartiet, Fremskrittspartiet",4,4
2015,"ko","kommune","Stor-Elvdal","Hedmark","BLANKE","Blanke",0,0
2015,"ko","kommune","Stor-Elvdal","Hedmark","Andre","Andre",4,4
2015,"ko","kommune","Stor-Elvdal","Hedmark","Andre2","Andre2",0,-10
2015,"ko","kommune","Rendalen","Hedmark","A","Arbeiderpartiet",8,0
2015,"ko","kommune","Rendalen","Hedmark","SV","Sosialistisk Venstreparti",1,-1
2015,"ko","kommune","Rendalen","Hedmark","SP","Senterpartiet",7,1
2015,"ko","kommune","Rendalen","Hedmark","H","Høyre",1,0
2015,"ko","kommune","Rendalen","Hedmark","BLANKE","Blanke",0,0
2015,"ko","kommune","Rendalen","Hedmark","Andre","Andre",0,0
2015,"ko","kommune","Rendalen","Hedmark","Andre2","Andre2",0,0
2015,"ko","kommune","Engerdal","Hedmark","A","Arbeiderpartiet",6,-1
2015,"ko","kommune","Engerdal","Hedmark","H","Høyre",1,-1
2015,"ko","kommune","Engerdal","Hedmark","BLANKE","Blanke",0,0
2015,"ko","kommune","Engerdal","Hedmark","SP_V","Samlingslista - SP og V",8,2
2015,"ko","kommune","Engerdal","Hedmark","Andre","Andre",8,2
2015,"ko","kommune","Engerdal","Hedmark","Andre2","Andre2",0,0
2015,"ko","kommune","Tolga","Hedmark","A","Arbeiderpartiet",3,0
2015,"ko","kommune","Tolga","Hedmark","SV","Sosialistisk Venstreparti",4,0
2015,"ko","kommune","Tolga","Hedmark","SP","Senterpartiet",7,1
2015,"ko","kommune","Tolga","Hedmark","V","Venstre",1,-1
2015,"ko","kommune","Tolga","Hedmark","BLANKE","Blanke",0,0
2015,"ko","kommune","Tolga","Hedmark","Andre","Andre",0,0
2015,"ko","kommune","Tolga","Hedmark","Andre2","Andre2",0,0
2015,"ko","kommune","Tynset","Hedmark","A","Arbeiderpartiet",6,0
2015,"ko","kommune","Tynset","Hedmark","SV","Sosialistisk Venstreparti",2,-6
2015,"ko","kommune","Tynset","Hedmark","SP","Senterpartiet",12,6
2015,"ko","kommune","Tynset","Hedmark","KRF","Kristelig Folkeparti",1,0
2015,"ko","kommune","Tynset","Hedmark","MDG","Miljøpartiet De Grønne",1,1
2015,"ko","kommune","Tynset","Hedmark","V","Venstre",1,0
2015,"ko","kommune","Tynset","Hedmark","H","Høyre",2,-1
2015,"ko","kommune","Tynset","Hedmark","FRP","Fremskrittspartiet",0,-1
2015,"ko","kommune","Tynset","Hedmark","PP","Pensjonistpartiet",2,2
2015,"ko","kommune","Tynset","Hedmark","BLANKE","Blanke",0,0
2015,"ko","kommune","Tynset","Hedmark","Andre","Andre",2,2
2015,"ko","kommune","Tynset","Hedmark","Andre2","Andre2",0,-1
2015,"ko","kommune","Alvdal","Hedmark","A","Arbeiderpartiet",7,1
2015,"ko","kommune","Alvdal","Hedmark","SP","Senterpartiet",6,0
2015,"ko","kommune","Alvdal","Hedmark","KRF","Kristelig Folkeparti",1,0
2015,"ko","kommune","Alvdal","Hedmark","V","Venstre",1,-2
2015,"ko","kommune","Alvdal","Hedmark","H","Høyre",2,2
2015,"ko","kommune","Alvdal","Hedmark","BLANKE","Blanke",0,0
2015,"ko","kommune","Alvdal","Hedmark","Andre","Andre",0,0
2015,"ko","kommune","Alvdal","Hedmark","Andre2","Andre2",0,-1
2015,"ko","kommune","Folldal","Hedmark","A","Arbeiderpartiet",5,-3
2015,"ko","kommune","Folldal","Hedmark","SV","Sosialistisk Venstreparti",0,-2
2015,"ko","kommune","Folldal","Hedmark","RØDT","Rødt",1,1
2015,"ko","kommune","Folldal","Hedmark","SP","Senterpartiet",7,0
2015,"ko","kommune","Folldal","Hedmark","BLANKE","Blanke",0,0
2015,"ko","kommune","Folldal","Hedmark","SL","Samlingslista",4,4
2015,"ko","kommune","Folldal","Hedmark","Andre","Andre",4,4
2015,"ko","kommune","Folldal","Hedmark","Andre2","Andre2",0,0
2015,"ko","kommune","Os","Hedmark","A","Arbeiderpartiet",5,-1
2015,"ko","kommune","Os","Hedmark","SV","Sosialistisk Venstreparti",2,0
2015,"ko","kommune","Os","Hedmark","SP","Senterpartiet",9,-4
2015,"ko","kommune","Os","Hedmark","KRF","Kristelig Folkeparti",1,1
2015,"ko","kommune","Os","Hedmark","BLANKE","Blanke",0,0
2015,"ko","kommune","Os","Hedmark","Andre","Andre",0,0
2015,"ko","kommune","Os","Hedmark","Andre2","Andre2",0,0
2015,"ko","kommune","Lillehammer","Oppland","A","Arbeiderpartiet",22,3
2015,"ko","kommune","Lillehammer","Oppland","SV","Sosialistisk Venstreparti",2,0
2015,"ko","kommune","Lillehammer","Oppland","RØDT","Rødt",1,-1
2015,"ko","kommune","Lillehammer","Oppland","SP","Senterpartiet",4,2
2015,"ko","kommune","Lillehammer","Oppland","KRF","Kristelig Folkeparti",2,0
2015,"ko","kommune","Lillehammer","Oppland","MDG","Miljøpartiet De Grønne",3,2
2015,"ko","kommune","Lillehammer","Oppland","V","Venstre",4,-1
2015,"ko","kommune","Lillehammer","Oppland","H","Høyre",7,-4
2015,"ko","kommune","Lillehammer","Oppland","FRP","Fremskrittspartiet",2,-1
2015,"ko","kommune","Lillehammer","Oppland","PP","Pensjonistpartiet",0,0
2015,"ko","kommune","Lillehammer","Oppland","BLANKE","Blanke",0,0
2015,"ko","kommune","Lillehammer","Oppland","Andre","Andre",0,0
2015,"ko","kommune","Lillehammer","Oppland","Andre2","Andre2",0,0
2015,"ko","kommune","Gjøvik","Oppland","A","Arbeiderpartiet",19,-1
2015,"ko","kommune","Gjøvik","Oppland","SV","Sosialistisk Venstreparti",1,0
2015,"ko","kommune","Gjøvik","Oppland","RØDT","Rødt",2,1
2015,"ko","kommune","Gjøvik","Oppland","SP","Senterpartiet",5,2
2015,"ko","kommune","Gjøvik","Oppland","KRF","Kristelig Folkeparti",2,0
2015,"ko","kommune","Gjøvik","Oppland","MDG","Miljøpartiet De Grønne",1,1
2015,"ko","kommune","Gjøvik","Oppland","V","Venstre",2,-1
2015,"ko","kommune","Gjøvik","Oppland","H","Høyre",9,-2
2015,"ko","kommune","Gjøvik","Oppland","FRP","Fremskrittspartiet",2,0
2015,"ko","kommune","Gjøvik","Oppland","PP","Pensjonistpartiet",2,0
2015,"ko","kommune","Gjøvik","Oppland","BLANKE","Blanke",0,0
2015,"ko","kommune","Gjøvik","Oppland","Andre","Andre",2,0
2015,"ko","kommune","Gjøvik","Oppland","Andre2","Andre2",0,0
2015,"ko","kommune","Dovre","Oppland","A","Arbeiderpartiet",4,-2
2015,"ko","kommune","Dovre","Oppland","SP","Senterpartiet",10,2
2015,"ko","kommune","Dovre","Oppland","H","Høyre",1,-1
2015,"ko","kommune","Dovre","Oppland","BLANKE","Blanke",0,0
2015,"ko","kommune","Dovre","Oppland","DOV","Dovrelista",2,2
2015,"ko","kommune","Dovre","Oppland","Andre","Andre",2,2
2015,"ko","kommune","Dovre","Oppland","Andre2","Andre2",0,-1
2015,"ko","kommune","Lesja","Oppland","A","Arbeiderpartiet",7,-2
2015,"ko","kommune","Lesja","Oppland","SP","Senterpartiet",7,-1
2015,"ko","kommune","Lesja","Oppland","V","Venstre",0,-1
2015,"ko","kommune","Lesja","Oppland","H","Høyre",3,0
2015,"ko","kommune","Lesja","Oppland","BLANKE","Blanke",0,0
2015,"ko","kommune","Lesja","Oppland","Andre","Andre",0,0
2015,"ko","kommune","Lesja","Oppland","Andre2","Andre2",0,0
2015,"ko","kommune","Skjåk","Oppland","A","Arbeiderpartiet",9,1
2015,"ko","kommune","Skjåk","Oppland","SP","Senterpartiet",12,2
2015,"ko","kommune","Skjåk","Oppland","BLANKE","Blanke",0,0
2015,"ko","kommune","Skjåk","Oppland","Andre","Andre",0,0
2015,"ko","kommune","Skjåk","Oppland","Andre2","Andre2",0,-3
2015,"ko","kommune","Lom","Oppland","A","Arbeiderpartiet",4,-1
2015,"ko","kommune","Lom","Oppland","SP","Senterpartiet",8,2
2015,"ko","kommune","Lom","Oppland","BLANKE","Blanke",0,0
2015,"ko","kommune","Lom","Oppland","BLLOM","Bygdalista",3,0
2015,"ko","kommune","Lom","Oppland","LOMSL","Lomslista",2,-1
2015,"ko","kommune","Lom","Oppland","Andre","Andre",5,-1
2015,"ko","kommune","Lom","Oppland","Andre2","Andre2",0,0
2015,"ko","kommune","Vågå","Oppland","A","Arbeiderpartiet",7,-6
2015,"ko","kommune","Vågå","Oppland","SV","Sosialistisk Venstreparti",1,0
2015,"ko","kommune","Vågå","Oppland","SP","Senterpartiet",6,3
2015,"ko","kommune","Vågå","Oppland","BLANKE","Blanke",0,0
2015,"ko","kommune","Vågå","Oppland","BLTS","Bygdalista i Vågå",3,-1
2015,"ko","kommune","Vågå","Oppland","Andre","Andre",3,-1
2015,"ko","kommune","Vågå","Oppland","Andre2","Andre2",0,0
2015,"ko","kommune","Nord-Fron","Oppland","A","Arbeiderpartiet",13,3
2015,"ko","kommune","Nord-Fron","Oppland","SV","Sosialistisk Venstreparti",0,0
2015,"ko","kommune","Nord-Fron","Oppland","SP","Senterpartiet",9,2
2015,"ko","kommune","Nord-Fron","Oppland","KRF","Kristelig Folkeparti",0,-1
2015,"ko","kommune","Nord-Fron","Oppland","V","Venstre",0,-3
2015,"ko","kommune","Nord-Fron","Oppland","H","Høyre",2,-1
2015,"ko","kommune","Nord-Fron","Oppland","FRP","Fremskrittspartiet",1,0
2015,"ko","kommune","Nord-Fron","Oppland","BLANKE","Blanke",0,0
2015,"ko","kommune","Nord-Fron","Oppland","Andre","Andre",0,0
2015,"ko","kommune","Nord-Fron","Oppland","Andre2","Andre2",0,0
2015,"ko","kommune","Sel","Oppland","A","Arbeiderpartiet",15,0
2015,"ko","kommune","Sel","Oppland","SV","Sosialistisk Venstreparti",1,0
2015,"ko","kommune","Sel","Oppland","SP","Senterpartiet",5,2
2015,"ko","kommune","Sel","Oppland","MDG","Miljøpartiet De Grønne",1,1
2015,"ko","kommune","Sel","Oppland","H","Høyre",3,-2
2015,"ko","kommune","Sel","Oppland","BLANKE","Blanke",0,0
2015,"ko","kommune","Sel","Oppland","Andre","Andre",0,0
2015,"ko","kommune","Sel","Oppland","Andre2","Andre2",0,-1
2015,"ko","kommune","Sør-Fron","Oppland","A","Arbeiderpartiet",9,0
2015,"ko","kommune","Sør-Fron","Oppland","SP","Senterpartiet",8,3
2015,"ko","kommune","Sør-Fron","Oppland","H","Høyre",0,-1
2015,"ko","kommune","Sør-Fron","Oppland","BLANKE","Blanke",0,0
2015,"ko","kommune","Sør-Fron","Oppland","SFBY","Sør-Fron Bygdaliste",2,-2
2015,"ko","kommune","Sør-Fron","Oppland","Andre","Andre",2,-2
2015,"ko","kommune","Sør-Fron","Oppland","Andre2","Andre2",0,0
2015,"ko","kommune","Ringebu","Oppland","A","Arbeiderpartiet",11,6
2015,"ko","kommune","Ringebu","Oppland","SP","Senterpartiet",6,1
2015,"ko","kommune","Ringebu","Oppland","V","Venstre",2,-1
2015,"ko","kommune","Ringebu","Oppland","H","Høyre",1,0
2015,"ko","kommune","Ringebu","Oppland","FRP","Fremskrittspartiet",0,-1
2015,"ko","kommune","Ringebu","Oppland","BLANKE","Blanke",0,0
2015,"ko","kommune","Ringebu","Oppland","TVLRING","Tverrpolitisk liste",1,-5
2015,"ko","kommune","Ringebu","Oppland","Andre","Andre",1,-5
2015,"ko","kommune","Ringebu","Oppland","Andre2","Andre2",0,0
2015,"ko","kommune","Øyer","Oppland","A","Arbeiderpartiet",11,3
2015,"ko","kommune","Øyer","Oppland","SV","Sosialistisk Venstreparti",1,0
2015,"ko","kommune","Øyer","Oppland","SP","Senterpartiet",8,3
2015,"ko","kommune","Øyer","Oppland","KRF","Kristelig Folkeparti",1,0
2015,"ko","kommune","Øyer","Oppland","V","Venstre",0,-1
2015,"ko","kommune","Øyer","Oppland","H","Høyre",4,-5
2015,"ko","kommune","Øyer","Oppland","BLANKE","Blanke",0,0
2015,"ko","kommune","Øyer","Oppland","Andre","Andre",0,0
2015,"ko","kommune","Øyer","Oppland","Andre2","Andre2",0,0
2015,"ko","kommune","Gausdal","Oppland","A","Arbeiderpartiet",10,1
2015,"ko","kommune","Gausdal","Oppland","SP","Senterpartiet",7,2
2015,"ko","kommune","Gausdal","Oppland","MDG","Miljøpartiet De Grønne",1,1
2015,"ko","kommune","Gausdal","Oppland","V","Venstre",1,-2
2015,"ko","kommune","Gausdal","Oppland","BLANKE","Blanke",0,0
2015,"ko","kommune","Gausdal","Oppland","BYG","Bygdalista i Gausdal",2,-2
2015,"ko","kommune","Gausdal","Oppland","FRP_H","Fellesliste FrP/ Høyre",2,0
2015,"ko","kommune","Gausdal","Oppland","Andre","Andre",4,-2
2015,"ko","kommune","Gausdal","Oppland","Andre2","Andre2",0,0
2015,"ko","kommune","Østre Toten","Oppland","A","Arbeiderpartiet",13,2
2015,"ko","kommune","Østre Toten","Oppland","SV","Sosialistisk Venstreparti",0,0
2015,"ko","kommune","Østre Toten","Oppland","RØDT","Rødt",0,0
2015,"ko","kommune","Østre Toten","Oppland","SP","Senterpartiet",5,-3
2015,"ko","kommune","Østre Toten","Oppland","KRF","Kristelig Folkeparti",1,0
2015,"ko","kommune","Østre Toten","Oppland","MDG","Miljøpartiet De Grønne",1,1
2015,"ko","kommune","Østre Toten","Oppland","V","Venstre",2,0
2015,"ko","kommune","Østre Toten","Oppland","H","Høyre",4,0
2015,"ko","kommune","Østre Toten","Oppland","FRP","Fremskrittspartiet",2,0
2015,"ko","kommune","Østre Toten","Oppland","PP","Pensjonistpartiet",1,0
2015,"ko","kommune","Østre Toten","Oppland","BLANKE","Blanke",0,0
2015,"ko","kommune","Østre Toten","Oppland","Andre","Andre",1,0
2015,"ko","kommune","Østre Toten","Oppland","Andre2","Andre2",0,0
2015,"ko","kommune","Vestre Toten","Oppland","A","Arbeiderpartiet",13,-2
2015,"ko","kommune","Vestre Toten","Oppland","SV","Sosialistisk Venstreparti",1,0
2015,"ko","kommune","Vestre Toten","Oppland","RØDT","Rødt",1,1
2015,"ko","kommune","Vestre Toten","Oppland","SP","Senterpartiet",4,0
2015,"ko","kommune","Vestre Toten","Oppland","KRF","Kristelig Folkeparti",1,0
2015,"ko","kommune","Vestre Toten","Oppland","MDG","Miljøpartiet De Grønne",1,1
2015,"ko","kommune","Vestre Toten","Oppland","V","Venstre",1,0
2015,"ko","kommune","Vestre Toten","Oppland","H","Høyre",6,0
2015,"ko","kommune","Vestre Toten","Oppland","FRP","Fremskrittspartiet",3,0
2015,"ko","kommune","Vestre Toten","Oppland","BLANKE","Blanke",0,0
2015,"ko","kommune","Vestre Toten","Oppland","Andre","Andre",0,0
2015,"ko","kommune","Vestre Toten","Oppland","Andre2","Andre2",0,0
2015,"ko","kommune","Jevnaker","Oppland","A","Arbeiderpartiet",8,-2
2015,"ko","kommune","Jevnaker","Oppland","SV","Sosialistisk Venstreparti",3,1
2015,"ko","kommune","Jevnaker","Oppland","SP","Senterpartiet",2,1
2015,"ko","kommune","Jevnaker","Oppland","MDG","Miljøpartiet De Grønne",1,1
2015,"ko","kommune","Jevnaker","Oppland","H","Høyre",3,-1
2015,"ko","kommune","Jevnaker","Oppland","FRP","Fremskrittspartiet",2,0
2015,"ko","kommune","Jevnaker","Oppland","BLANKE","Blanke",0,0
2015,"ko","kommune","Jevnaker","Oppland","Andre","Andre",0,0
2015,"ko","kommune","Jevnaker","Oppland","Andre2","Andre2",0,0
2015,"ko","kommune","Lunner","Oppland","A","Arbeiderpartiet",10,0
2015,"ko","kommune","Lunner","Oppland","SV","Sosialistisk Venstreparti",1,0
2015,"ko","kommune","Lunner","Oppland","RØDT","Rødt",1,1
2015,"ko","kommune","Lunner","Oppland","SP","Senterpartiet",3,1
2015,"ko","kommune","Lunner","Oppland","KRF","Kristelig Folkeparti",1,1
2015,"ko","kommune","Lunner","Oppland","MDG","Miljøpartiet De Grønne",1,1
2015,"ko","kommune","Lunner","Oppland","V","Venstre",1,0
2015,"ko","kommune","Lunner","Oppland","H","Høyre",5,-4
2015,"ko","kommune","Lunner","Oppland","FRP","Fremskrittspartiet",2,0
2015,"ko","kommune","Lunner","Oppland","BLANKE","Blanke",0,0
2015,"ko","kommune","Lunner","Oppland","Andre","Andre",0,0
2015,"ko","kommune","Lunner","Oppland","Andre2","Andre2",0,0
2015,"ko","kommune","Gran","Oppland","A","Arbeiderpartiet",9,-1
2015,"ko","kommune","Gran","Oppland","SV","Sosialistisk Venstreparti",0,-1
2015,"ko","kommune","Gran","Oppland","RØDT","Rødt",0,0
2015,"ko","kommune","Gran","Oppland","SP","Senterpartiet",3,0
2015,"ko","kommune","Gran","Oppland","MDG","Miljøpartiet De Grønne",1,1
2015,"ko","kommune","Gran","Oppland","V","Venstre",0,-1
2015,"ko","kommune","Gran","Oppland","H","Høyre",3,-2
2015,"ko","kommune","Gran","Oppland","FRP","Fremskrittspartiet",2,0
2015,"ko","kommune","Gran","Oppland","BLANKE","Blanke",0,0
2015,"ko","kommune","Gran","Oppland","GBL","Gran bygdeliste",9,4
2015,"ko","kommune","Gran","Oppland","Andre","Andre",9,4
2015,"ko","kommune","Gran","Oppland","Andre2","Andre2",0,0
2015,"ko","kommune","Søndre Land","Oppland","A","Arbeiderpartiet",10,-2
2015,"ko","kommune","Søndre Land","Oppland","SV","Sosialistisk Venstreparti",1,-1
2015,"ko","kommune","Søndre Land","Oppland","SP","Senterpartiet",3,3
2015,"ko","kommune","Søndre Land","Oppland","KRF","Kristelig Folkeparti",0,0
2015,"ko","kommune","Søndre Land","Oppland","MDG","Miljøpartiet De Grønne",1,1
2015,"ko","kommune","Søndre Land","Oppland","V","Venstre",2,2
2015,"ko","kommune","Søndre Land","Oppland","H","Høyre",3,0
2015,"ko","kommune","Søndre Land","Oppland","FRP","Fremskrittspartiet",1,0
2015,"ko","kommune","Søndre Land","Oppland","BLANKE","Blanke",0,0
2015,"ko","kommune","Søndre Land","Oppland","SLB","Søndre Land Bygdeliste",4,2
2015,"ko","kommune","Søndre Land","Oppland","Andre","Andre",4,2
2015,"ko","kommune","Søndre Land","Oppland","Andre2","Andre2",0,-5
2015,"ko","kommune","Nordre Land","Oppland","A","Arbeiderpartiet",9,-5
2015,"ko","kommune","Nordre Land","Oppland","SV","Sosialistisk Venstreparti",1,0
2015,"ko","kommune","Nordre Land","Oppland","SP","Senterpartiet",12,8
2015,"ko","kommune","Nordre Land","Oppland","KRF","Kristelig Folkeparti",0,-1
2015,"ko","kommune","Nordre Land","Oppland","MDG","Miljøpartiet De Grønne",0,0
2015,"ko","kommune","Nordre Land","Oppland","H","Høyre",3,0
2015,"ko","kommune","Nordre Land","Oppland","BLANKE","Blanke",0,0
2015,"ko","kommune","Nordre Land","Oppland","BNL","Bygdelista for Nordre Land",2,0
2015,"ko","kommune","Nordre Land","Oppland","Andre","Andre",2,0
2015,"ko","kommune","Nordre Land","Oppland","Andre2","Andre2",0,-2
2015,"ko","kommune","Sør-Aurdal","Oppland","A","Arbeiderpartiet",6,-2
2015,"ko","kommune","Sør-Aurdal","Oppland","SP","Senterpartiet",12,4
2015,"ko","kommune","Sør-Aurdal","Oppland","KRF","Kristelig Folkeparti",2,1
2015,"ko","kommune","Sør-Aurdal","Oppland","H","Høyre",2,0
2015,"ko","kommune","Sør-Aurdal","Oppland","FRP","Fremskrittspartiet",1,-2
2015,"ko","kommune","Sør-Aurdal","Oppland","BLANKE","Blanke",0,0
2015,"ko","kommune","Sør-Aurdal","Oppland","TPK","Tverrpolitisk Kommuneliste",2,-1
2015,"ko","kommune","Sør-Aurdal","Oppland","Andre","Andre",2,-1
2015,"ko","kommune","Sør-Aurdal","Oppland","Andre2","Andre2",0,0
2015,"ko","kommune","Etnedal","Oppland","A","Arbeiderpartiet",6,1
2015,"ko","kommune","Etnedal","Oppland","SP","Senterpartiet",5,-1
2015,"ko","kommune","Etnedal","Oppland","KRF","Kristelig Folkeparti",1,1
2015,"ko","kommune","Etnedal","Oppland","V","Venstre",1,0
2015,"ko","kommune","Etnedal","Oppland","H","Høyre",2,-1
2015,"ko","kommune","Etnedal","Oppland","BLANKE","Blanke",0,0
2015,"ko","kommune","Etnedal","Oppland","Andre","Andre",0,0
2015,"ko","kommune","Etnedal","Oppland","Andre2","Andre2",0,0
2015,"ko","kommune","Nord-Aurdal","Oppland","A","Arbeiderpartiet",11,2
2015,"ko","kommune","Nord-Aurdal","Oppland","SV","Sosialistisk Venstreparti",1,0
2015,"ko","kommune","Nord-Aurdal","Oppland","SP","Senterpartiet",4,0
2015,"ko","kommune","Nord-Aurdal","Oppland","KRF","Kristelig Folkeparti",1,1
2015,"ko","kommune","Nord-Aurdal","Oppland","V","Venstre",2,-1
2015,"ko","kommune","Nord-Aurdal","Oppland","H","Høyre",3,-1
2015,"ko","kommune","Nord-Aurdal","Oppland","FRP","Fremskrittspartiet",3,-1
2015,"ko","kommune","Nord-Aurdal","Oppland","BLANKE","Blanke",0,0
2015,"ko","kommune","Nord-Aurdal","Oppland","Andre","Andre",0,0
2015,"ko","kommune","Nord-Aurdal","Oppland","Andre2","Andre2",0,0
2015,"ko","kommune","Vestre Slidre","Oppland","A","Arbeiderpartiet",3,-2
2015,"ko","kommune","Vestre Slidre","Oppland","SP","Senterpartiet",6,0
2015,"ko","kommune","Vestre Slidre","Oppland","MDG","Miljøpartiet De Grønne",1,1
2015,"ko","kommune","Vestre Slidre","Oppland","BLANKE","Blanke",0,0
2015,"ko","kommune","Vestre Slidre","Oppland","BLVS","Bygdeliste",7,-3
2015,"ko","kommune","Vestre Slidre","Oppland","Andre","Andre",7,-3
2015,"ko","kommune","Vestre Slidre","Oppland","Andre2","Andre2",0,0
2015,"ko","kommune","Øystre Slidre","Oppland","A","Arbeiderpartiet",10,1
2015,"ko","kommune","Øystre Slidre","Oppland","SP","Senterpartiet",6,1
2015,"ko","kommune","Øystre Slidre","Oppland","KRF","Kristelig Folkeparti",0,0
2015,"ko","kommune","Øystre Slidre","Oppland","V","Venstre",1,1
2015,"ko","kommune","Øystre Slidre","Oppland","H","Høyre",3,-2
2015,"ko","kommune","Øystre Slidre","Oppland","FRP","Fremskrittspartiet",1,-1
2015,"ko","kommune","Øystre Slidre","Oppland","BLANKE","Blanke",0,0
2015,"ko","kommune","Øystre Slidre","Oppland","Andre","Andre",0,0
2015,"ko","kommune","Øystre Slidre","Oppland","Andre2","Andre2",0,0
2015,"ko","kommune","Vang","Oppland","A","Arbeiderpartiet",7,-2
2015,"ko","kommune","Vang","Oppland","SP","Senterpartiet",7,2
2015,"ko","kommune","Vang","Oppland","MDG","Miljøpartiet De Grønne",1,1
2015,"ko","kommune","Vang","Oppland","BLANKE","Blanke",0,0
2015,"ko","kommune","Vang","Oppland","BLV","Bygdelista i Vang",2,1
2015,"ko","kommune","Vang","Oppland","Andre","Andre",2,1
2015,"ko","kommune","Vang","Oppland","Andre2","Andre2",0,-2
2015,"ko","kommune","Drammen","Buskerud","A","Arbeiderpartiet",15,0
2015,"ko","kommune","Drammen","Buskerud","SV","Sosialistisk Venstreparti",2,1
2015,"ko","kommune","Drammen","Buskerud","RØDT","Rødt",0,0
2015,"ko","kommune","Drammen","Buskerud","SP","Senterpartiet",1,1
2015,"ko","kommune","Drammen","Buskerud","KRF","Kristelig Folkeparti",2,0
2015,"ko","kommune","Drammen","Buskerud","MDG","Miljøpartiet De Grønne",3,3
2015,"ko","kommune","Drammen","Buskerud","V","Venstre",2,0
2015,"ko","kommune","Drammen","Buskerud","H","Høyre",18,-7
2015,"ko","kommune","Drammen","Buskerud","FRP","Fremskrittspartiet",5,1
2015,"ko","kommune","Drammen","Buskerud","BLANKE","Blanke",0,0
2015,"ko","kommune","Drammen","Buskerud","DBL","Drammen byliste",1,1
2015,"ko","kommune","Drammen","Buskerud","KRISTNE","Partiet De Kristne",0,0
2015,"ko","kommune","Drammen","Buskerud","Andre","Andre",1,1
2015,"ko","kommune","Drammen","Buskerud","Andre2","Andre2",0,0
2015,"ko","kommune","Kongsberg","Buskerud","A","Arbeiderpartiet",8,-5
2015,"ko","kommune","Kongsberg","Buskerud","SV","Sosialistisk Venstreparti",1,0
2015,"ko","kommune","Kongsberg","Buskerud","RØDT","Rødt",1,1
2015,"ko","kommune","Kongsberg","Buskerud","SP","Senterpartiet",3,0
2015,"ko","kommune","Kongsberg","Buskerud","KRF","Kristelig Folkeparti",1,-1
2015,"ko","kommune","Kongsberg","Buskerud","MDG","Miljøpartiet De Grønne",2,2
2015,"ko","kommune","Kongsberg","Buskerud","V","Venstre",3,-3
2015,"ko","kommune","Kongsberg","Buskerud","H","Høyre",5,-2
2015,"ko","kommune","Kongsberg","Buskerud","FRP","Fremskrittspartiet",2,-1
2015,"ko","kommune","Kongsberg","Buskerud","PIR","Piratpartiet",0,0
2015,"ko","kommune","Kongsberg","Buskerud","BLANKE","Blanke",0,0
2015,"ko","kommune","Kongsberg","Buskerud","KGBL","Kongsberglista",9,9
2015,"ko","kommune","Kongsberg","Buskerud","Andre","Andre",9,9
2015,"ko","kommune","Kongsberg","Buskerud","Andre2","Andre2",0,0
2015,"ko","kommune","Ringerike","Buskerud","A","Arbeiderpartiet",17,1
2015,"ko","kommune","Ringerike","Buskerud","SV","Sosialistisk Venstreparti",2,2
2015,"ko","kommune","Ringerike","Buskerud","SP","Senterpartiet",4,1
2015,"ko","kommune","Ringerike","Buskerud","KRF","Kristelig Folkeparti",1,0
2015,"ko","kommune","Ringerike","Buskerud","MDG","Miljøpartiet De Grønne",1,1
2015,"ko","kommune","Ringerike","Buskerud","V","Venstre",2,-1
2015,"ko","kommune","Ringerike","Buskerud","H","Høyre",10,-1
2015,"ko","kommune","Ringerike","Buskerud","FRP","Fremskrittspartiet",5,-1
2015,"ko","kommune","Ringerike","Buskerud","BLANKE","Blanke",0,0
2015,"ko","kommune","Ringerike","Buskerud","KRISTNE","Partiet De Kristne",0,0
2015,"ko","kommune","Ringerike","Buskerud","SOL","Solidaritetslista Ringerike",1,1
2015,"ko","kommune","Ringerike","Buskerud","Andre","Andre",1,1
2015,"ko","kommune","Ringerike","Buskerud","Andre2","Andre2",0,-3
2015,"ko","kommune","Hole","Buskerud","A","Arbeiderpartiet",5,1
2015,"ko","kommune","Hole","Buskerud","SV","Sosialistisk Venstreparti",1,0
2015,"ko","kommune","Hole","Buskerud","SP","Senterpartiet",2,0
2015,"ko","kommune","Hole","Buskerud","KRF","Kristelig Folkeparti",1,0
2015,"ko","kommune","Hole","Buskerud","MDG","Miljøpartiet De Grønne",1,1
2015,"ko","kommune","Hole","Buskerud","V","Venstre",1,0
2015,"ko","kommune","Hole","Buskerud","H","Høyre",10,-2
2015,"ko","kommune","Hole","Buskerud","FRP","Fremskrittspartiet",2,0
2015,"ko","kommune","Hole","Buskerud","BLANKE","Blanke",0,0
2015,"ko","kommune","Hole","Buskerud","Andre","Andre",0,0
2015,"ko","kommune","Hole","Buskerud","Andre2","Andre2",0,0
2015,"ko","kommune","Flå","Buskerud","A","Arbeiderpartiet",3,1
2015,"ko","kommune","Flå","Buskerud","V","Venstre",0,0
2015,"ko","kommune","Flå","Buskerud","FRP","Fremskrittspartiet",1,0
2015,"ko","kommune","Flå","Buskerud","BLANKE","Blanke",0,0
2015,"ko","kommune","Flå","Buskerud","BLFLÅ","Bygdelista for Flå",7,-1
2015,"ko","kommune","Flå","Buskerud","FLÅSAM","Samarbeidslista mellom Sp og KrF",2,0
2015,"ko","kommune","Flå","Buskerud","Andre","Andre",9,-1
2015,"ko","kommune","Flå","Buskerud","Andre2","Andre2",0,0
2015,"ko","kommune","Nes","Buskerud","A","Arbeiderpartiet",4,-1
2015,"ko","kommune","Nes","Buskerud","SP","Senterpartiet",4,0
2015,"ko","kommune","Nes","Buskerud","KRF","Kristelig Folkeparti",1,0
2015,"ko","kommune","Nes","Buskerud","H","Høyre",5,-1
2015,"ko","kommune","Nes","Buskerud","FRP","Fremskrittspartiet",0,-1
2015,"ko","kommune","Nes","Buskerud","BLANKE","Blanke",0,0
2015,"ko","kommune","Nes","Buskerud","NBL","Nes bygdeliste",7,3
2015,"ko","kommune","Nes","Buskerud","Andre","Andre",7,3
2015,"ko","kommune","Nes","Buskerud","Andre2","Andre2",0,0
2015,"ko","kommune","Gol","Buskerud","A","Arbeiderpartiet",7,0
2015,"ko","kommune","Gol","Buskerud","SV","Sosialistisk Venstreparti",1,0
2015,"ko","kommune","Gol","Buskerud","SP","Senterpartiet",3,0
2015,"ko","kommune","Gol","Buskerud","KRF","Kristelig Folkeparti",1,0
2015,"ko","kommune","Gol","Buskerud","MDG","Miljøpartiet De Grønne",0,0
2015,"ko","kommune","Gol","Buskerud","V","Venstre",2,-1
2015,"ko","kommune","Gol","Buskerud","H","Høyre",5,1
2015,"ko","kommune","Gol","Buskerud","FRP","Fremskrittspartiet",2,0
2015,"ko","kommune","Gol","Buskerud","BLANKE","Blanke",0,0
2015,"ko","kommune","Gol","Buskerud","Andre","Andre",0,0
2015,"ko","kommune","Gol","Buskerud","Andre2","Andre2",0,0
2015,"ko","kommune","Hemsedal","Buskerud","A","Arbeiderpartiet",3,1
2015,"ko","kommune","Hemsedal","Buskerud","SV","Sosialistisk Venstreparti",1,0
2015,"ko","kommune","Hemsedal","Buskerud","SP","Senterpartiet",4,-1
2015,"ko","kommune","Hemsedal","Buskerud","KRF","Kristelig Folkeparti",2,0
2015,"ko","kommune","Hemsedal","Buskerud","V","Venstre",1,1
2015,"ko","kommune","Hemsedal","Buskerud","H","Høyre",3,-2
2015,"ko","kommune","Hemsedal","Buskerud","FRP","Fremskrittspartiet",0,-2
2015,"ko","kommune","Hemsedal","Buskerud","BLANKE","Blanke",0,0
2015,"ko","kommune","Hemsedal","Buskerud","HBL","Hemsedal Bygdaliste",3,3
2015,"ko","kommune","Hemsedal","Buskerud","Andre","Andre",3,3
2015,"ko","kommune","Hemsedal","Buskerud","Andre2","Andre2",0,0
2015,"ko","kommune","Ål","Buskerud","A","Arbeiderpartiet",8,3
2015,"ko","kommune","Ål","Buskerud","SP","Senterpartiet",5,-1
2015,"ko","kommune","Ål","Buskerud","KRF","Kristelig Folkeparti",2,-1
2015,"ko","kommune","Ål","Buskerud","V","Venstre",5,1
2015,"ko","kommune","Ål","Buskerud","H","Høyre",4,0
2015,"ko","kommune","Ål","Buskerud","FRP","Fremskrittspartiet",1,-1
2015,"ko","kommune","Ål","Buskerud","BLANKE","Blanke",0,0
2015,"ko","kommune","Ål","Buskerud","Andre","Andre",0,0
2015,"ko","kommune","Ål","Buskerud","Andre2","Andre2",0,-1
2015,"ko","kommune","Hol","Buskerud","A","Arbeiderpartiet",9,1
2015,"ko","kommune","Hol","Buskerud","SP","Senterpartiet",3,1
2015,"ko","kommune","Hol","Buskerud","KRF","Kristelig Folkeparti",1,0
2015,"ko","kommune","Hol","Buskerud","V","Venstre",2,1
2015,"ko","kommune","Hol","Buskerud","H","Høyre",5,-3
2015,"ko","kommune","Hol","Buskerud","FRP","Fremskrittspartiet",1,0
2015,"ko","kommune","Hol","Buskerud","BLANKE","Blanke",0,0
2015,"ko","kommune","Hol","Buskerud","Andre","Andre",0,0
2015,"ko","kommune","Hol","Buskerud","Andre2","Andre2",0,0
2015,"ko","kommune","Sigdal","Buskerud","A","Arbeiderpartiet",4,1
2015,"ko","kommune","Sigdal","Buskerud","SP","Senterpartiet",8,-1
2015,"ko","kommune","Sigdal","Buskerud","V","Venstre",5,1
2015,"ko","kommune","Sigdal","Buskerud","H","Høyre",3,-1
2015,"ko","kommune","Sigdal","Buskerud","FRP","Fremskrittspartiet",1,0
2015,"ko","kommune","Sigdal","Buskerud","BLANKE","Blanke",0,0
2015,"ko","kommune","Sigdal","Buskerud","Andre","Andre",0,0
2015,"ko","kommune","Sigdal","Buskerud","Andre2","Andre2",0,0
2015,"ko","kommune","Krødsherad","Buskerud","A","Arbeiderpartiet",9,2
2015,"ko","kommune","Krødsherad","Buskerud","V","Venstre",1,1
2015,"ko","kommune","Krødsherad","Buskerud","H","Høyre",2,-1
2015,"ko","kommune","Krødsherad","Buskerud","BLANKE","Blanke",0,0
2015,"ko","kommune","Krødsherad","Buskerud","TPKR","Tverrpolitisk Bygdeliste",5,-2
2015,"ko","kommune","Krødsherad","Buskerud","Andre","Andre",5,-2
2015,"ko","kommune","Krødsherad","Buskerud","Andre2","Andre2",0,0
2015,"ko","kommune","Modum","Buskerud","A","Arbeiderpartiet",14,0
2015,"ko","kommune","Modum","Buskerud","SV","Sosialistisk Venstreparti",1,0
2015,"ko","kommune","Modum","Buskerud","SP","Senterpartiet",6,0
2015,"ko","kommune","Modum","Buskerud","KRF","Kristelig Folkeparti",1,0
2015,"ko","kommune","Modum","Buskerud","MDG","Miljøpartiet De Grønne",1,1
2015,"ko","kommune","Modum","Buskerud","V","Venstre",0,-1
2015,"ko","kommune","Modum","Buskerud","H","Høyre",5,0
2015,"ko","kommune","Modum","Buskerud","FRP","Fremskrittspartiet",5,0
2015,"ko","kommune","Modum","Buskerud","BLANKE","Blanke",0,0
2015,"ko","kommune","Modum","Buskerud","BLM","Bygdelista",2,0
2015,"ko","kommune","Modum","Buskerud","Andre","Andre",2,0
2015,"ko","kommune","Modum","Buskerud","Andre2","Andre2",0,0
2015,"ko","kommune","Øvre Eiker","Buskerud","A","Arbeiderpartiet",12,1
2015,"ko","kommune","Øvre Eiker","Buskerud","SV","Sosialistisk Venstreparti",1,0
2015,"ko","kommune","Øvre Eiker","Buskerud","RØDT","Rødt",0,0
2015,"ko","kommune","Øvre Eiker","Buskerud","SP","Senterpartiet",4,0
2015,"ko","kommune","Øvre Eiker","Buskerud","KRF","Kristelig Folkeparti",1,0
2015,"ko","kommune","Øvre Eiker","Buskerud","MDG","Miljøpartiet De Grønne",1,1
2015,"ko","kommune","Øvre Eiker","Buskerud","V","Venstre",0,-1
2015,"ko","kommune","Øvre Eiker","Buskerud","H","Høyre",15,0
2015,"ko","kommune","Øvre Eiker","Buskerud","FRP","Fremskrittspartiet",3,-1
2015,"ko","kommune","Øvre Eiker","Buskerud","BLANKE","Blanke",0,0
2015,"ko","kommune","Øvre Eiker","Buskerud","KRISTNE","Partiet De Kristne",0,0
2015,"ko","kommune","Øvre Eiker","Buskerud","Andre","Andre",0,0
2015,"ko","kommune","Øvre Eiker","Buskerud","Andre2","Andre2",0,0
2015,"ko","kommune","Nedre Eiker","Buskerud","A","Arbeiderpartiet",16,1
2015,"ko","kommune","Nedre Eiker","Buskerud","SV","Sosialistisk Venstreparti",1,0
2015,"ko","kommune","Nedre Eiker","Buskerud","RØDT","Rødt",0,0
2015,"ko","kommune","Nedre Eiker","Buskerud","SP","Senterpartiet",1,1
2015,"ko","kommune","Nedre Eiker","Buskerud","KRF","Kristelig Folkeparti",2,1
2015,"ko","kommune","Nedre Eiker","Buskerud","MDG","Miljøpartiet De Grønne",1,1
2015,"ko","kommune","Nedre Eiker","Buskerud","V","Venstre",1,0
2015,"ko","kommune","Nedre Eiker","Buskerud","H","Høyre",14,2
2015,"ko","kommune","Nedre Eiker","Buskerud","FRP","Fremskrittspartiet",5,0
2015,"ko","kommune","Nedre Eiker","Buskerud","BLANKE","Blanke",0,0
2015,"ko","kommune","Nedre Eiker","Buskerud","KRISTNE","Partiet De Kristne",0,0
2015,"ko","kommune","Nedre Eiker","Buskerud","Andre","Andre",0,0
2015,"ko","kommune","Nedre Eiker","Buskerud","Andre2","Andre2",0,0
2015,"ko","kommune","Lier","Buskerud","A","Arbeiderpartiet",15,-1
2015,"ko","kommune","Lier","Buskerud","SV","Sosialistisk Venstreparti",1,-1
2015,"ko","kommune","Lier","Buskerud","SP","Senterpartiet",3,1
2015,"ko","kommune","Lier","Buskerud","KRF","Kristelig Folkeparti",2,0
2015,"ko","kommune","Lier","Buskerud","MDG","Miljøpartiet De Grønne",2,2
2015,"ko","kommune","Lier","Buskerud","V","Venstre",3,1
2015,"ko","kommune","Lier","Buskerud","H","Høyre",18,-2
2015,"ko","kommune","Lier","Buskerud","FRP","Fremskrittspartiet",5,0
2015,"ko","kommune","Lier","Buskerud","BLANKE","Blanke",0,0
2015,"ko","kommune","Lier","Buskerud","Andre","Andre",0,0
2015,"ko","kommune","Lier","Buskerud","Andre2","Andre2",0,0
2015,"ko","kommune","Røyken","Buskerud","A","Arbeiderpartiet",7,-1
2015,"ko","kommune","Røyken","Buskerud","SV","Sosialistisk Venstreparti",1,0
2015,"ko","kommune","Røyken","Buskerud","RØDT","Rødt",0,0
2015,"ko","kommune","Røyken","Buskerud","KRF","Kristelig Folkeparti",1,1
2015,"ko","kommune","Røyken","Buskerud","MDG","Miljøpartiet De Grønne",2,2
2015,"ko","kommune","Røyken","Buskerud","V","Venstre",2,0
2015,"ko","kommune","Røyken","Buskerud","H","Høyre",11,-2
2015,"ko","kommune","Røyken","Buskerud","FRP","Fremskrittspartiet",3,0
2015,"ko","kommune","Røyken","Buskerud","BLANKE","Blanke",0,0
2015,"ko","kommune","Røyken","Buskerud","Andre","Andre",0,0
2015,"ko","kommune","Røyken","Buskerud","Andre2","Andre2",0,0
2015,"ko","kommune","Hurum","Buskerud","A","Arbeiderpartiet",8,-1
2015,"ko","kommune","Hurum","Buskerud","SV","Sosialistisk Venstreparti",1,0
2015,"ko","kommune","Hurum","Buskerud","SP","Senterpartiet",2,1
2015,"ko","kommune","Hurum","Buskerud","KRF","Kristelig Folkeparti",1,0
2015,"ko","kommune","Hurum","Buskerud","MDG","Miljøpartiet De Grønne",2,2
2015,"ko","kommune","Hurum","Buskerud","V","Venstre",3,1
2015,"ko","kommune","Hurum","Buskerud","H","Høyre",9,-3
2015,"ko","kommune","Hurum","Buskerud","FRP","Fremskrittspartiet",3,0
2015,"ko","kommune","Hurum","Buskerud","BLANKE","Blanke",0,0
2015,"ko","kommune","Hurum","Buskerud","Andre","Andre",0,0
2015,"ko","kommune","Hurum","Buskerud","Andre2","Andre2",0,0
2015,"ko","kommune","Flesberg","Buskerud","A","Arbeiderpartiet",3,-1
2015,"ko","kommune","Flesberg","Buskerud","SP","Senterpartiet",8,4
2015,"ko","kommune","Flesberg","Buskerud","V","Venstre",1,0
2015,"ko","kommune","Flesberg","Buskerud","H","Høyre",5,-2
2015,"ko","kommune","Flesberg","Buskerud","FRP","Fremskrittspartiet",4,-1
2015,"ko","kommune","Flesberg","Buskerud","BLANKE","Blanke",0,0
2015,"ko","kommune","Flesberg","Buskerud","Andre","Andre",0,0
2015,"ko","kommune","Flesberg","Buskerud","Andre2","Andre2",0,0
2015,"ko","kommune","Rollag","Buskerud","A","Arbeiderpartiet",7,0
2015,"ko","kommune","Rollag","Buskerud","SP","Senterpartiet",8,3
2015,"ko","kommune","Rollag","Buskerud","H","Høyre",2,-2
2015,"ko","kommune","Rollag","Buskerud","BLANKE","Blanke",0,0
2015,"ko","kommune","Rollag","Buskerud","Andre","Andre",0,0
2015,"ko","kommune","Rollag","Buskerud","Andre2","Andre2",0,-1
2015,"ko","kommune","Nore og Uvdal","Buskerud","A","Arbeiderpartiet",5,-3
2015,"ko","kommune","Nore og Uvdal","Buskerud","SV","Sosialistisk Venstreparti",1,0
2015,"ko","kommune","Nore og Uvdal","Buskerud","SP","Senterpartiet",10,3
2015,"ko","kommune","Nore og Uvdal","Buskerud","H","Høyre",4,0
2015,"ko","kommune","Nore og Uvdal","Buskerud","FRP","Fremskrittspartiet",3,0
2015,"ko","kommune","Nore og Uvdal","Buskerud","BLANKE","Blanke",0,0
2015,"ko","kommune","Nore og Uvdal","Buskerud","Andre","Andre",0,0
2015,"ko","kommune","Nore og Uvdal","Buskerud","Andre2","Andre2",0,0
2015,"ko","kommune","Horten","Vestfold","A","Arbeiderpartiet",15,0
2015,"ko","kommune","Horten","Vestfold","SV","Sosialistisk Venstreparti",2,1
2015,"ko","kommune","Horten","Vestfold","RØDT","Rødt",2,0
2015,"ko","kommune","Horten","Vestfold","SP","Senterpartiet",2,1
2015,"ko","kommune","Horten","Vestfold","KRF","Kristelig Folkeparti",1,0
2015,"ko","kommune","Horten","Vestfold","MDG","Miljøpartiet De Grønne",2,2
2015,"ko","kommune","Horten","Vestfold","V","Venstre",2,0
2015,"ko","kommune","Horten","Vestfold","H","Høyre",11,-5
2015,"ko","kommune","Horten","Vestfold","FRP","Fremskrittspartiet",4,1
2015,"ko","kommune","Horten","Vestfold","BLANKE","Blanke",0,0
2015,"ko","kommune","Horten","Vestfold","Andre","Andre",0,0
2015,"ko","kommune","Horten","Vestfold","Andre2","Andre2",0,0
2015,"ko","kommune","Holmestrand","Vestfold","A","Arbeiderpartiet",8,0
2015,"ko","kommune","Holmestrand","Vestfold","SV","Sosialistisk Venstreparti",1,0
2015,"ko","kommune","Holmestrand","Vestfold","SP","Senterpartiet",1,-1
2015,"ko","kommune","Holmestrand","Vestfold","KRF","Kristelig Folkeparti",1,0
2015,"ko","kommune","Holmestrand","Vestfold","MDG","Miljøpartiet De Grønne",1,1
2015,"ko","kommune","Holmestrand","Vestfold","V","Venstre",1,0
2015,"ko","kommune","Holmestrand","Vestfold","H","Høyre",12,0
2015,"ko","kommune","Holmestrand","Vestfold","FRP","Fremskrittspartiet",2,0
2015,"ko","kommune","Holmestrand","Vestfold","BLANKE","Blanke",0,0
2015,"ko","kommune","Holmestrand","Vestfold","Andre","Andre",0,0
2015,"ko","kommune","Holmestrand","Vestfold","Andre2","Andre2",0,0
2015,"ko","kommune","Tønsberg","Vestfold","A","Arbeiderpartiet",14,1
2015,"ko","kommune","Tønsberg","Vestfold","SV","Sosialistisk Venstreparti",2,0
2015,"ko","kommune","Tønsberg","Vestfold","RØDT","Rødt",0,0
2015,"ko","kommune","Tønsberg","Vestfold","SP","Senterpartiet",1,0
2015,"ko","kommune","Tønsberg","Vestfold","KRF","Kristelig Folkeparti",2,0
2015,"ko","kommune","Tønsberg","Vestfold","MDG","Miljøpartiet De Grønne",2,2
2015,"ko","kommune","Tønsberg","Vestfold","V","Venstre",2,0
2015,"ko","kommune","Tønsberg","Vestfold","H","Høyre",11,-4
2015,"ko","kommune","Tønsberg","Vestfold","FRP","Fremskrittspartiet",5,1
2015,"ko","kommune","Tønsberg","Vestfold","DEMN","Demokratene i Norge",0,0
2015,"ko","kommune","Tønsberg","Vestfold","BLANKE","Blanke",0,0
2015,"ko","kommune","Tønsberg","Vestfold","KRISTNE","Partiet De Kristne",0,0
2015,"ko","kommune","Tønsberg","Vestfold","Andre","Andre",0,0
2015,"ko","kommune","Tønsberg","Vestfold","Andre2","Andre2",0,0
2015,"ko","kommune","Sandefjord","Vestfold","A","Arbeiderpartiet",10,1
2015,"ko","kommune","Sandefjord","Vestfold","SV","Sosialistisk Venstreparti",2,0
2015,"ko","kommune","Sandefjord","Vestfold","SP","Senterpartiet",1,1
2015,"ko","kommune","Sandefjord","Vestfold","KRF","Kristelig Folkeparti",2,0
2015,"ko","kommune","Sandefjord","Vestfold","MDG","Miljøpartiet De Grønne",1,1
2015,"ko","kommune","Sandefjord","Vestfold","V","Venstre",2,0
2015,"ko","kommune","Sandefjord","Vestfold","H","Høyre",17,-1
2015,"ko","kommune","Sandefjord","Vestfold","FRP","Fremskrittspartiet",4,-1
2015,"ko","kommune","Sandefjord","Vestfold","BLANKE","Blanke",0,0
2015,"ko","kommune","Sandefjord","Vestfold","Andre","Andre",0,0
2015,"ko","kommune","Sandefjord","Vestfold","Andre2","Andre2",0,-1
2015,"ko","kommune","Larvik","Vestfold","A","Arbeiderpartiet",13,-1
2015,"ko","kommune","Larvik","Vestfold","SV","Sosialistisk Venstreparti",1,0
2015,"ko","kommune","Larvik","Vestfold","RØDT","Rødt",0,0
2015,"ko","kommune","Larvik","Vestfold","SP","Senterpartiet",2,1
2015,"ko","kommune","Larvik","Vestfold","KRF","Kristelig Folkeparti",2,0
2015,"ko","kommune","Larvik","Vestfold","MDG","Miljøpartiet De Grønne",2,2
2015,"ko","kommune","Larvik","Vestfold","V","Venstre",1,-2
2015,"ko","kommune","Larvik","Vestfold","H","Høyre",8,2
2015,"ko","kommune","Larvik","Vestfold","FRP","Fremskrittspartiet",6,-2
2015,"ko","kommune","Larvik","Vestfold","BLANKE","Blanke",0,0
2015,"ko","kommune","Larvik","Vestfold","Andre","Andre",0,0
2015,"ko","kommune","Larvik","Vestfold","Andre2","Andre2",0,0
2015,"ko","kommune","Svelvik","Vestfold","A","Arbeiderpartiet",7,-4
2015,"ko","kommune","Svelvik","Vestfold","SP","Senterpartiet",3,2
2015,"ko","kommune","Svelvik","Vestfold","KRF","Kristelig Folkeparti",0,-1
2015,"ko","kommune","Svelvik","Vestfold","V","Venstre",1,-1
2015,"ko","kommune","Svelvik","Vestfold","H","Høyre",6,-1
2015,"ko","kommune","Svelvik","Vestfold","FRP","Fremskrittspartiet",3,0
2015,"ko","kommune","Svelvik","Vestfold","BLANKE","Blanke",0,0
2015,"ko","kommune","Svelvik","Vestfold","DU","De Uavhengige",5,5
2015,"ko","kommune","Svelvik","Vestfold","Andre","Andre",5,5
2015,"ko","kommune","Svelvik","Vestfold","Andre2","Andre2",0,0
2015,"ko","kommune","Sande","Vestfold","A","Arbeiderpartiet",8,-5
2015,"ko","kommune","Sande","Vestfold","SV","Sosialistisk Venstreparti",1,1
2015,"ko","kommune","Sande","Vestfold","SP","Senterpartiet",3,1
2015,"ko","kommune","Sande","Vestfold","KRF","Kristelig Folkeparti",0,-1
2015,"ko","kommune","Sande","Vestfold","V","Venstre",2,0
2015,"ko","kommune","Sande","Vestfold","H","Høyre",5,1
2015,"ko","kommune","Sande","Vestfold","FRP","Fremskrittspartiet",5,2
2015,"ko","kommune","Sande","Vestfold","BLANKE","Blanke",0,0
2015,"ko","kommune","Sande","Vestfold","STB","Sande tverrpolitiske bygdeliste",1,1
2015,"ko","kommune","Sande","Vestfold","Andre","Andre",1,1
2015,"ko","kommune","Sande","Vestfold","Andre2","Andre2",0,0
2015,"ko","kommune","Hof","Vestfold","A","Arbeiderpartiet",6,2
2015,"ko","kommune","Hof","Vestfold","SP","Senterpartiet",2,-2
2015,"ko","kommune","Hof","Vestfold","V","Venstre",0,0
2015,"ko","kommune","Hof","Vestfold","H","Høyre",7,-2
2015,"ko","kommune","Hof","Vestfold","BLANKE","Blanke",0,0
2015,"ko","kommune","Hof","Vestfold","F_MDG_R","Fellesliste for Miljøpartiet de Grønne og Rødt",2,2
2015,"ko","kommune","Hof","Vestfold","Andre","Andre",2,2
2015,"ko","kommune","Hof","Vestfold","Andre2","Andre2",0,0
2015,"ko","kommune","Re","Vestfold","A","Arbeiderpartiet",6,2
2015,"ko","kommune","Re","Vestfold","SV","Sosialistisk Venstreparti",1,0
2015,"ko","kommune","Re","Vestfold","SP","Senterpartiet",6,-3
2015,"ko","kommune","Re","Vestfold","KRF","Kristelig Folkeparti",2,2
2015,"ko","kommune","Re","Vestfold","MDG","Miljøpartiet De Grønne",1,1
2015,"ko","kommune","Re","Vestfold","V","Venstre",1,0
2015,"ko","kommune","Re","Vestfold","H","Høyre",4,4
2015,"ko","kommune","Re","Vestfold","FRP","Fremskrittspartiet",4,0
2015,"ko","kommune","Re","Vestfold","BLANKE","Blanke",0,0
2015,"ko","kommune","Re","Vestfold","Andre","Andre",0,0
2015,"ko","kommune","Re","Vestfold","Andre2","Andre2",0,-6
2015,"ko","kommune","Andebu","Vestfold","A","Arbeiderpartiet",8,1
2015,"ko","kommune","Andebu","Vestfold","SP","Senterpartiet",6,2
2015,"ko","kommune","Andebu","Vestfold","KRF","Kristelig Folkeparti",1,-1
2015,"ko","kommune","Andebu","Vestfold","V","Venstre",2,0
2015,"ko","kommune","Andebu","Vestfold","H","Høyre",5,-1
2015,"ko","kommune","Andebu","Vestfold","FRP","Fremskrittspartiet",3,-1
2015,"ko","kommune","Andebu","Vestfold","BLANKE","Blanke",0,0
2015,"ko","kommune","Andebu","Vestfold","Andre","Andre",0,0
2015,"ko","kommune","Andebu","Vestfold","Andre2","Andre2",0,0
2015,"ko","kommune","Stokke","Vestfold","A","Arbeiderpartiet",8,-3
2015,"ko","kommune","Stokke","Vestfold","SV","Sosialistisk Venstreparti",1,0
2015,"ko","kommune","Stokke","Vestfold","SP","Senterpartiet",1,0
2015,"ko","kommune","Stokke","Vestfold","KRF","Kristelig Folkeparti",2,0
2015,"ko","kommune","Stokke","Vestfold","MDG","Miljøpartiet De Grønne",1,1
2015,"ko","kommune","Stokke","Vestfold","V","Venstre",1,0
2015,"ko","kommune","Stokke","Vestfold","H","Høyre",9,-1
2015,"ko","kommune","Stokke","Vestfold","FRP","Fremskrittspartiet",2,-1
2015,"ko","kommune","Stokke","Vestfold","BLANKE","Blanke",0,0
2015,"ko","kommune","Stokke","Vestfold","IBS","Innbyggerlista Stokke",4,4
2015,"ko","kommune","Stokke","Vestfold","KRISTNE","Partiet De Kristne",0,0
2015,"ko","kommune","Stokke","Vestfold","Andre","Andre",4,4
2015,"ko","kommune","Stokke","Vestfold","Andre2","Andre2",0,0
2015,"ko","kommune","Nøtterøy","Vestfold","A","Arbeiderpartiet",11,-1
2015,"ko","kommune","Nøtterøy","Vestfold","SP","Senterpartiet",0,0
2015,"ko","kommune","Nøtterøy","Vestfold","KRF","Kristelig Folkeparti",2,0
2015,"ko","kommune","Nøtterøy","Vestfold","MDG","Miljøpartiet De Grønne",2,2
2015,"ko","kommune","Nøtterøy","Vestfold","V","Venstre",2,0
2015,"ko","kommune","Nøtterøy","Vestfold","H","Høyre",11,-5
2015,"ko","kommune","Nøtterøy","Vestfold","FRP","Fremskrittspartiet",5,0
2015,"ko","kommune","Nøtterøy","Vestfold","BLANKE","Blanke",0,0
2015,"ko","kommune","Nøtterøy","Vestfold","BOM","Nøtterøylisten mot Bomring",0,-1
2015,"ko","kommune","Nøtterøy","Vestfold","RV_SV","Felleslista for Sosialistisk Venstreparti og Rødt",2,-1
2015,"ko","kommune","Nøtterøy","Vestfold","Andre","Andre",2,-2
2015,"ko","kommune","Nøtterøy","Vestfold","Andre2","Andre2",0,0
2015,"ko","kommune","Tjøme","Vestfold","A","Arbeiderpartiet",6,0
2015,"ko","kommune","Tjøme","Vestfold","MDG","Miljøpartiet De Grønne",2,2
2015,"ko","kommune","Tjøme","Vestfold","V","Venstre",2,0
2015,"ko","kommune","Tjøme","Vestfold","H","Høyre",3,-3
2015,"ko","kommune","Tjøme","Vestfold","FRP","Fremskrittspartiet",4,0
2015,"ko","kommune","Tjøme","Vestfold","BLANKE","Blanke",0,0
2015,"ko","kommune","Tjøme","Vestfold","F_R_SV","Felleslisten Rødt/SV",0,0
2015,"ko","kommune","Tjøme","Vestfold","TJL","Tjømelista",2,1
2015,"ko","kommune","Tjøme","Vestfold","Andre","Andre",2,1
2015,"ko","kommune","Tjøme","Vestfold","Andre2","Andre2",0,0
2015,"ko","kommune","Lardal","Vestfold","A","Arbeiderpartiet",3,-2
2015,"ko","kommune","Lardal","Vestfold","SP","Senterpartiet",4,0
2015,"ko","kommune","Lardal","Vestfold","MDG","Miljøpartiet De Grønne",0,0
2015,"ko","kommune","Lardal","Vestfold","V","Venstre",3,2
2015,"ko","kommune","Lardal","Vestfold","H","Høyre",3,-1
2015,"ko","kommune","Lardal","Vestfold","FRP","Fremskrittspartiet",1,-1
2015,"ko","kommune","Lardal","Vestfold","BLANKE","Blanke",0,0
2015,"ko","kommune","Lardal","Vestfold","LTPL","Lardal Tverrpolitiske Liste",3,3
2015,"ko","kommune","Lardal","Vestfold","Andre","Andre",3,3
2015,"ko","kommune","Lardal","Vestfold","Andre2","Andre2",0,-1
2015,"ko","kommune","Porsgrunn","Telemark","A","Arbeiderpartiet",20,4
2015,"ko","kommune","Porsgrunn","Telemark","SV","Sosialistisk Venstreparti",2,0
2015,"ko","kommune","Porsgrunn","Telemark","RØDT","Rødt",2,1
2015,"ko","kommune","Porsgrunn","Telemark","SP","Senterpartiet",1,1
2015,"ko","kommune","Porsgrunn","Telemark","KRF","Kristelig Folkeparti",2,0
2015,"ko","kommune","Porsgrunn","Telemark","MDG","Miljøpartiet De Grønne",2,1
2015,"ko","kommune","Porsgrunn","Telemark","V","Venstre",2,-1
2015,"ko","kommune","Porsgrunn","Telemark","H","Høyre",10,0
2015,"ko","kommune","Porsgrunn","Telemark","FRP","Fremskrittspartiet",5,0
2015,"ko","kommune","Porsgrunn","Telemark","BLANKE","Blanke",0,0
2015,"ko","kommune","Porsgrunn","Telemark","BYN","By og Nærmiljøpartiet",3,-6
2015,"ko","kommune","Porsgrunn","Telemark","KRISTNE","Partiet De Kristne",0,0
2015,"ko","kommune","Porsgrunn","Telemark","Andre","Andre",3,-6
2015,"ko","kommune","Porsgrunn","Telemark","Andre2","Andre2",0,0
2015,"ko","kommune","Skien","Telemark","A","Arbeiderpartiet",19,-2
2015,"ko","kommune","Skien","Telemark","SV","Sosialistisk Venstreparti",2,-1
2015,"ko","kommune","Skien","Telemark","RØDT","Rødt",1,0
2015,"ko","kommune","Skien","Telemark","SP","Senterpartiet",2,1
2015,"ko","kommune","Skien","Telemark","KRF","Kristelig Folkeparti",4,0
2015,"ko","kommune","Skien","Telemark","MDG","Miljøpartiet De Grønne",2,2
2015,"ko","kommune","Skien","Telemark","V","Venstre",2,-1
2015,"ko","kommune","Skien","Telemark","H","Høyre",9,-6
2015,"ko","kommune","Skien","Telemark","FRP","Fremskrittspartiet",6,-1
2015,"ko","kommune","Skien","Telemark","BLANKE","Blanke",0,0
2015,"ko","kommune","Skien","Telemark","BYPA","Bypartiet",8,8
2015,"ko","kommune","Skien","Telemark","KRISTNE","Partiet De Kristne",0,0
2015,"ko","kommune","Skien","Telemark","NABBYG","Nabolaget bygdeliste",0,0
2015,"ko","kommune","Skien","Telemark","Andre","Andre",8,8
2015,"ko","kommune","Skien","Telemark","Andre2","Andre2",0,0
2015,"ko","kommune","Notodden","Telemark","A","Arbeiderpartiet",14,1
2015,"ko","kommune","Notodden","Telemark","SV","Sosialistisk Venstreparti",2,2
2015,"ko","kommune","Notodden","Telemark","RØDT","Rødt",2,2
2015,"ko","kommune","Notodden","Telemark","SP","Senterpartiet",4,2
2015,"ko","kommune","Notodden","Telemark","KRF","Kristelig Folkeparti",3,-2
2015,"ko","kommune","Notodden","Telemark","MDG","Miljøpartiet De Grønne",1,1
2015,"ko","kommune","Notodden","Telemark","V","Venstre",2,-2
2015,"ko","kommune","Notodden","Telemark","H","Høyre",11,3
2015,"ko","kommune","Notodden","Telemark","FRP","Fremskrittspartiet",2,-2
2015,"ko","kommune","Notodden","Telemark","BLANKE","Blanke",0,0
2015,"ko","kommune","Notodden","Telemark","KRISTNE","Partiet De Kristne",0,0
2015,"ko","kommune","Notodden","Telemark","Andre","Andre",0,0
2015,"ko","kommune","Notodden","Telemark","Andre2","Andre2",0,-5
2015,"ko","kommune","Siljan","Telemark","A","Arbeiderpartiet",6,-4
2015,"ko","kommune","Siljan","Telemark","SV","Sosialistisk Venstreparti",1,0
2015,"ko","kommune","Siljan","Telemark","SP","Senterpartiet",7,5
2015,"ko","kommune","Siljan","Telemark","KRF","Kristelig Folkeparti",1,1
2015,"ko","kommune","Siljan","Telemark","H","Høyre",2,2
2015,"ko","kommune","Siljan","Telemark","BLANKE","Blanke",0,0
2015,"ko","kommune","Siljan","Telemark","Andre","Andre",0,0
2015,"ko","kommune","Siljan","Telemark","Andre2","Andre2",0,-4
2015,"ko","kommune","Bamble","Telemark","A","Arbeiderpartiet",13,1
2015,"ko","kommune","Bamble","Telemark","SV","Sosialistisk Venstreparti",0,0
2015,"ko","kommune","Bamble","Telemark","RØDT","Rødt",1,0
2015,"ko","kommune","Bamble","Telemark","SP","Senterpartiet",2,1
2015,"ko","kommune","Bamble","Telemark","KRF","Kristelig Folkeparti",2,0
2015,"ko","kommune","Bamble","Telemark","MDG","Miljøpartiet De Grønne",0,0
2015,"ko","kommune","Bamble","Telemark","V","Venstre",1,0
2015,"ko","kommune","Bamble","Telemark","H","Høyre",4,-1
2015,"ko","kommune","Bamble","Telemark","FRP","Fremskrittspartiet",10,-1
2015,"ko","kommune","Bamble","Telemark","BLANKE","Blanke",0,0
2015,"ko","kommune","Bamble","Telemark","Andre","Andre",0,0
2015,"ko","kommune","Bamble","Telemark","Andre2","Andre2",0,0
2015,"ko","kommune","Kragerø","Telemark","A","Arbeiderpartiet",13,1
2015,"ko","kommune","Kragerø","Telemark","SV","Sosialistisk Venstreparti",1,0
2015,"ko","kommune","Kragerø","Telemark","RØDT","Rødt",6,3
2015,"ko","kommune","Kragerø","Telemark","SP","Senterpartiet",1,0
2015,"ko","kommune","Kragerø","Telemark","KRF","Kristelig Folkeparti",2,0
2015,"ko","kommune","Kragerø","Telemark","MDG","Miljøpartiet De Grønne",1,1
2015,"ko","kommune","Kragerø","Telemark","V","Venstre",2,0
2015,"ko","kommune","Kragerø","Telemark","H","Høyre",4,-6
2015,"ko","kommune","Kragerø","Telemark","FRP","Fremskrittspartiet",5,1
2015,"ko","kommune","Kragerø","Telemark","BLANKE","Blanke",0,0
2015,"ko","kommune","Kragerø","Telemark","Andre","Andre",0,0
2015,"ko","kommune","Kragerø","Telemark","Andre2","Andre2",0,0
2015,"ko","kommune","Drangedal","Telemark","A","Arbeiderpartiet",6,-4
2015,"ko","kommune","Drangedal","Telemark","SV","Sosialistisk Venstreparti",1,0
2015,"ko","kommune","Drangedal","Telemark","SP","Senterpartiet",7,5
2015,"ko","kommune","Drangedal","Telemark","KRF","Kristelig Folkeparti",2,0
2015,"ko","kommune","Drangedal","Telemark","V","Venstre",2,0
2015,"ko","kommune","Drangedal","Telemark","H","Høyre",2,0
2015,"ko","kommune","Drangedal","Telemark","FRP","Fremskrittspartiet",1,-1
2015,"ko","kommune","Drangedal","Telemark","BLANKE","Blanke",0,0
2015,"ko","kommune","Drangedal","Telemark","Andre","Andre",0,0
2015,"ko","kommune","Drangedal","Telemark","Andre2","Andre2",0,0
2015,"ko","kommune","Nome","Telemark","A","Arbeiderpartiet",12,0
2015,"ko","kommune","Nome","Telemark","SV","Sosialistisk Venstreparti",1,0
2015,"ko","kommune","Nome","Telemark","SP","Senterpartiet",7,1
2015,"ko","kommune","Nome","Telemark","KRF","Kristelig Folkeparti",1,-1
2015,"ko","kommune","Nome","Telemark","V","Venstre",1,0
2015,"ko","kommune","Nome","Telemark","H","Høyre",3,-1
2015,"ko","kommune","Nome","Telemark","FRP","Fremskrittspartiet",4,1
2015,"ko","kommune","Nome","Telemark","BLANKE","Blanke",0,0
2015,"ko","kommune","Nome","Telemark","KRISTNE","Partiet De Kristne",0,0
2015,"ko","kommune","Nome","Telemark","Andre","Andre",0,0
2015,"ko","kommune","Nome","Telemark","Andre2","Andre2",0,0
2015,"ko","kommune","Bø","Telemark","A","Arbeiderpartiet",6,1
2015,"ko","kommune","Bø","Telemark","SV","Sosialistisk Venstreparti",1,-1
2015,"ko","kommune","Bø","Telemark","SP","Senterpartiet",3,1
2015,"ko","kommune","Bø","Telemark","KRF","Kristelig Folkeparti",2,0
2015,"ko","kommune","Bø","Telemark","MDG","Miljøpartiet De Grønne",2,2
2015,"ko","kommune","Bø","Telemark","V","Venstre",7,-2
2015,"ko","kommune","Bø","Telemark","H","Høyre",2,-1
2015,"ko","kommune","Bø","Telemark","FRP","Fremskrittspartiet",2,0
2015,"ko","kommune","Bø","Telemark","BLANKE","Blanke",0,0
2015,"ko","kommune","Bø","Telemark","Andre","Andre",0,0
2015,"ko","kommune","Bø","Telemark","Andre2","Andre2",0,0
2015,"ko","kommune","Sauherad","Telemark","A","Arbeiderpartiet",10,2
2015,"ko","kommune","Sauherad","Telemark","SV","Sosialistisk Venstreparti",0,-1
2015,"ko","kommune","Sauherad","Telemark","SP","Senterpartiet",6,1
2015,"ko","kommune","Sauherad","Telemark","KRF","Kristelig Folkeparti",3,-3
2015,"ko","kommune","Sauherad","Telemark","MDG","Miljøpartiet De Grønne",2,2
2015,"ko","kommune","Sauherad","Telemark","V","Venstre",2,0
2015,"ko","kommune","Sauherad","Telemark","H","Høyre",3,-1
2015,"ko","kommune","Sauherad","Telemark","FRP","Fremskrittspartiet",3,0
2015,"ko","kommune","Sauherad","Telemark","BLANKE","Blanke",0,0
2015,"ko","kommune","Sauherad","Telemark","Andre","Andre",0,0
2015,"ko","kommune","Sauherad","Telemark","Andre2","Andre2",0,0
2015,"ko","kommune","Tinn","Telemark","A","Arbeiderpartiet",5,-6
2015,"ko","kommune","Tinn","Telemark","SV","Sosialistisk Venstreparti",2,0
2015,"ko","kommune","Tinn","Telemark","SP","Senterpartiet",11,8
2015,"ko","kommune","Tinn","Telemark","MDG","Miljøpartiet De Grønne",1,1
2015,"ko","kommune","Tinn","Telemark","V","Venstre",0,-2
2015,"ko","kommune","Tinn","Telemark","H","Høyre",6,-2
2015,"ko","kommune","Tinn","Telemark","BLANKE","Blanke",0,0
2015,"ko","kommune","Tinn","Telemark","Andre","Andre",0,0
2015,"ko","kommune","Tinn","Telemark","Andre2","Andre2",0,-3
2015,"ko","kommune","Hjartdal","Telemark","A","Arbeiderpartiet",7,-4
2015,"ko","kommune","Hjartdal","Telemark","SP","Senterpartiet",6,2
2015,"ko","kommune","Hjartdal","Telemark","KRF","Kristelig Folkeparti",2,0
2015,"ko","kommune","Hjartdal","Telemark","H","Høyre",2,2
2015,"ko","kommune","Hjartdal","Telemark","BLANKE","Blanke",0,0
2015,"ko","kommune","Hjartdal","Telemark","Andre","Andre",0,0
2015,"ko","kommune","Hjartdal","Telemark","Andre2","Andre2",0,0
2015,"ko","kommune","Seljord","Telemark","A","Arbeiderpartiet",6,2
2015,"ko","kommune","Seljord","Telemark","SP","Senterpartiet",6,4
2015,"ko","kommune","Seljord","Telemark","KRF","Kristelig Folkeparti",1,-2
2015,"ko","kommune","Seljord","Telemark","MDG","Miljøpartiet De Grønne",1,1
2015,"ko","kommune","Seljord","Telemark","V","Venstre",1,0
2015,"ko","kommune","Seljord","Telemark","H","Høyre",5,-3
2015,"ko","kommune","Seljord","Telemark","FRP","Fremskrittspartiet",1,-1
2015,"ko","kommune","Seljord","Telemark","BLANKE","Blanke",0,0
2015,"ko","kommune","Seljord","Telemark","Andre","Andre",0,0
2015,"ko","kommune","Seljord","Telemark","Andre2","Andre2",0,-1
2015,"ko","kommune","Kviteseid","Telemark","A","Arbeiderpartiet",9,2
2015,"ko","kommune","Kviteseid","Telemark","SP","Senterpartiet",5,-2
2015,"ko","kommune","Kviteseid","Telemark","KRF","Kristelig Folkeparti",3,1
2015,"ko","kommune","Kviteseid","Telemark","MDG","Miljøpartiet De Grønne",1,1
2015,"ko","kommune","Kviteseid","Telemark","V","Venstre",1,-1
2015,"ko","kommune","Kviteseid","Telemark","H","Høyre",2,-1
2015,"ko","kommune","Kviteseid","Telemark","BLANKE","Blanke",0,0
2015,"ko","kommune","Kviteseid","Telemark","Andre","Andre",0,0
2015,"ko","kommune","Kviteseid","Telemark","Andre2","Andre2",0,0
2015,"ko","kommune","Nissedal","Telemark","A","Arbeiderpartiet",7,2
2015,"ko","kommune","Nissedal","Telemark","SP","Senterpartiet",5,0
2015,"ko","kommune","Nissedal","Telemark","KRF","Kristelig Folkeparti",3,0
2015,"ko","kommune","Nissedal","Telemark","H","Høyre",1,-1
2015,"ko","kommune","Nissedal","Telemark","FRP","Fremskrittspartiet",1,-1
2015,"ko","kommune","Nissedal","Telemark","BLANKE","Blanke",0,0
2015,"ko","kommune","Nissedal","Telemark","Andre","Andre",0,0
2015,"ko","kommune","Nissedal","Telemark","Andre2","Andre2",0,0
2015,"ko","kommune","Fyresdal","Telemark","A","Arbeiderpartiet",10,3
2015,"ko","kommune","Fyresdal","Telemark","SP","Senterpartiet",7,4
2015,"ko","kommune","Fyresdal","Telemark","BLANKE","Blanke",0,0
2015,"ko","kommune","Fyresdal","Telemark","Andre","Andre",0,0
2015,"ko","kommune","Fyresdal","Telemark","Andre2","Andre2",0,-3
2015,"ko","kommune","Tokke","Telemark","A","Arbeiderpartiet",9,-1
2015,"ko","kommune","Tokke","Telemark","SP","Senterpartiet",11,5
2015,"ko","kommune","Tokke","Telemark","KRF","Kristelig Folkeparti",1,0
2015,"ko","kommune","Tokke","Telemark","BLANKE","Blanke",0,0
2015,"ko","kommune","Tokke","Telemark","Andre","Andre",0,0
2015,"ko","kommune","Tokke","Telemark","Andre2","Andre2",0,-4
2015,"ko","kommune","Vinje","Telemark","A","Arbeiderpartiet",7,0
2015,"ko","kommune","Vinje","Telemark","SV","Sosialistisk Venstreparti",3,-3
2015,"ko","kommune","Vinje","Telemark","SP","Senterpartiet",10,5
2015,"ko","kommune","Vinje","Telemark","V","Venstre",1,0
2015,"ko","kommune","Vinje","Telemark","H","Høyre",3,0
2015,"ko","kommune","Vinje","Telemark","FRP","Fremskrittspartiet",1,-1
2015,"ko","kommune","Vinje","Telemark","BLANKE","Blanke",0,0
2015,"ko","kommune","Vinje","Telemark","Andre","Andre",0,0
2015,"ko","kommune","Vinje","Telemark","Andre2","Andre2",0,-1
2015,"ko","kommune","Risør","Aust-Agder","A","Arbeiderpartiet",13,2
2015,"ko","kommune","Risør","Aust-Agder","SV","Sosialistisk Venstreparti",0,0
2015,"ko","kommune","Risør","Aust-Agder","SP","Senterpartiet",1,0
2015,"ko","kommune","Risør","Aust-Agder","KRF","Kristelig Folkeparti",2,0
2015,"ko","kommune","Risør","Aust-Agder","MDG","Miljøpartiet De Grønne",1,1
2015,"ko","kommune","Risør","Aust-Agder","V","Venstre",5,1
2015,"ko","kommune","Risør","Aust-Agder","H","Høyre",5,0
2015,"ko","kommune","Risør","Aust-Agder","FRP","Fremskrittspartiet",2,0
2015,"ko","kommune","Risør","Aust-Agder","BLANKE","Blanke",0,0
2015,"ko","kommune","Risør","Aust-Agder","Andre","Andre",0,0
2015,"ko","kommune","Risør","Aust-Agder","Andre2","Andre2",0,-4
2015,"ko","kommune","Grimstad","Aust-Agder","A","Arbeiderpartiet",9,0
2015,"ko","kommune","Grimstad","Aust-Agder","SV","Sosialistisk Venstreparti",1,0
2015,"ko","kommune","Grimstad","Aust-Agder","RØDT","Rødt",0,0
2015,"ko","kommune","Grimstad","Aust-Agder","SP","Senterpartiet",2,0
2015,"ko","kommune","Grimstad","Aust-Agder","KRF","Kristelig Folkeparti",7,2
2015,"ko","kommune","Grimstad","Aust-Agder","MDG","Miljøpartiet De Grønne",1,1
2015,"ko","kommune","Grimstad","Aust-Agder","V","Venstre",3,-4
2015,"ko","kommune","Grimstad","Aust-Agder","H","Høyre",6,1
2015,"ko","kommune","Grimstad","Aust-Agder","FRP","Fremskrittspartiet",6,0
2015,"ko","kommune","Grimstad","Aust-Agder","DEMN","Demokratene i Norge",0,0
2015,"ko","kommune","Grimstad","Aust-Agder","PP","Pensjonistpartiet",0,0
2015,"ko","kommune","Grimstad","Aust-Agder","BLANKE","Blanke",0,0
2015,"ko","kommune","Grimstad","Aust-Agder","KRISTNE","Partiet De Kristne",0,0
2015,"ko","kommune","Grimstad","Aust-Agder","Andre","Andre",0,0
2015,"ko","kommune","Grimstad","Aust-Agder","Andre2","Andre2",0,0
2015,"ko","kommune","Arendal","Aust-Agder","A","Arbeiderpartiet",15,6
2015,"ko","kommune","Arendal","Aust-Agder","SV","Sosialistisk Venstreparti",2,-1
2015,"ko","kommune","Arendal","Aust-Agder","RØDT","Rødt",0,0
2015,"ko","kommune","Arendal","Aust-Agder","SP","Senterpartiet",1,0
2015,"ko","kommune","Arendal","Aust-Agder","KRF","Kristelig Folkeparti",3,0
2015,"ko","kommune","Arendal","Aust-Agder","MDG","Miljøpartiet De Grønne",1,1
2015,"ko","kommune","Arendal","Aust-Agder","V","Venstre",2,-1
2015,"ko","kommune","Arendal","Aust-Agder","H","Høyre",8,-4
2015,"ko","kommune","Arendal","Aust-Agder","FRP","Fremskrittspartiet",6,0
2015,"ko","kommune","Arendal","Aust-Agder","PP","Pensjonistpartiet",1,-1
2015,"ko","kommune","Arendal","Aust-Agder","BLANKE","Blanke",0,0
2015,"ko","kommune","Arendal","Aust-Agder","KRISTNE","Partiet De Kristne",0,0
2015,"ko","kommune","Arendal","Aust-Agder","Andre","Andre",1,-1
2015,"ko","kommune","Arendal","Aust-Agder","Andre2","Andre2",0,0
2015,"ko","kommune","Gjerstad","Aust-Agder","A","Arbeiderpartiet",6,0
2015,"ko","kommune","Gjerstad","Aust-Agder","SP","Senterpartiet",5,0
2015,"ko","kommune","Gjerstad","Aust-Agder","KRF","Kristelig Folkeparti",1,0
2015,"ko","kommune","Gjerstad","Aust-Agder","V","Venstre",0,-1
2015,"ko","kommune","Gjerstad","Aust-Agder","H","Høyre",4,-2
2015,"ko","kommune","Gjerstad","Aust-Agder","FRP","Fremskrittspartiet",1,-1
2015,"ko","kommune","Gjerstad","Aust-Agder","BLANKE","Blanke",0,0
2015,"ko","kommune","Gjerstad","Aust-Agder","Andre","Andre",0,0
2015,"ko","kommune","Gjerstad","Aust-Agder","Andre2","Andre2",0,0
2015,"ko","kommune","Vegårshei","Aust-Agder","A","Arbeiderpartiet",6,0
2015,"ko","kommune","Vegårshei","Aust-Agder","SP","Senterpartiet",5,1
2015,"ko","kommune","Vegårshei","Aust-Agder","KRF","Kristelig Folkeparti",6,1
2015,"ko","kommune","Vegårshei","Aust-Agder","H","Høyre",3,-2
2015,"ko","kommune","Vegårshei","Aust-Agder","FRP","Fremskrittspartiet",1,0
2015,"ko","kommune","Vegårshei","Aust-Agder","BLANKE","Blanke",0,0
2015,"ko","kommune","Vegårshei","Aust-Agder","Andre","Andre",0,0
2015,"ko","kommune","Vegårshei","Aust-Agder","Andre2","Andre2",0,0
2015,"ko","kommune","Tvedestrand","Aust-Agder","A","Arbeiderpartiet",6,0
2015,"ko","kommune","Tvedestrand","Aust-Agder","SP","Senterpartiet",4,1
2015,"ko","kommune","Tvedestrand","Aust-Agder","KRF","Kristelig Folkeparti",1,-1
2015,"ko","kommune","Tvedestrand","Aust-Agder","MDG","Miljøpartiet De Grønne",1,1
2015,"ko","kommune","Tvedestrand","Aust-Agder","V","Venstre",2,1
2015,"ko","kommune","Tvedestrand","Aust-Agder","H","Høyre",3,-1
2015,"ko","kommune","Tvedestrand","Aust-Agder","FRP","Fremskrittspartiet",1,0
2015,"ko","kommune","Tvedestrand","Aust-Agder","BLANKE","Blanke",0,0
2015,"ko","kommune","Tvedestrand","Aust-Agder","TTL","Tvedestrand Tverrpolitiske Liste",7,-1
2015,"ko","kommune","Tvedestrand","Aust-Agder","Andre","Andre",7,-1
2015,"ko","kommune","Tvedestrand","Aust-Agder","Andre2","Andre2",0,0
2015,"ko","kommune","Froland","Aust-Agder","A","Arbeiderpartiet",5,1
2015,"ko","kommune","Froland","Aust-Agder","SV","Sosialistisk Venstreparti",0,0
2015,"ko","kommune","Froland","Aust-Agder","SP","Senterpartiet",4,-2
2015,"ko","kommune","Froland","Aust-Agder","KRF","Kristelig Folkeparti",6,2
2015,"ko","kommune","Froland","Aust-Agder","V","Venstre",0,0
2015,"ko","kommune","Froland","Aust-Agder","H","Høyre",1,-1
2015,"ko","kommune","Froland","Aust-Agder","FRP","Fremskrittspartiet",3,0
2015,"ko","kommune","Froland","Aust-Agder","BLANKE","Blanke",0,0
2015,"ko","kommune","Froland","Aust-Agder","Andre","Andre",0,0
2015,"ko","kommune","Froland","Aust-Agder","Andre2","Andre2",0,0
2015,"ko","kommune","Lillesand","Aust-Agder","A","Arbeiderpartiet",6,1
2015,"ko","kommune","Lillesand","Aust-Agder","SV","Sosialistisk Venstreparti",1,0
2015,"ko","kommune","Lillesand","Aust-Agder","SP","Senterpartiet",1,0
2015,"ko","kommune","Lillesand","Aust-Agder","KRF","Kristelig Folkeparti",2,0
2015,"ko","kommune","Lillesand","Aust-Agder","MDG","Miljøpartiet De Grønne",1,1
2015,"ko","kommune","Lillesand","Aust-Agder","V","Venstre",2,0
2015,"ko","kommune","Lillesand","Aust-Agder","H","Høyre",10,-3
2015,"ko","kommune","Lillesand","Aust-Agder","FRP","Fremskrittspartiet",2,0
2015,"ko","kommune","Lillesand","Aust-Agder","PP","Pensjonistpartiet",2,1
2015,"ko","kommune","Lillesand","Aust-Agder","BLANKE","Blanke",0,0
2015,"ko","kommune","Lillesand","Aust-Agder","Andre","Andre",2,1
2015,"ko","kommune","Lillesand","Aust-Agder","Andre2","Andre2",0,0
2015,"ko","kommune","Birkenes","Aust-Agder","A","Arbeiderpartiet",5,1
2015,"ko","kommune","Birkenes","Aust-Agder","SV","Sosialistisk Venstreparti",0,-1
2015,"ko","kommune","Birkenes","Aust-Agder","SP","Senterpartiet",3,1
2015,"ko","kommune","Birkenes","Aust-Agder","KRF","Kristelig Folkeparti",5,1
2015,"ko","kommune","Birkenes","Aust-Agder","V","Venstre",1,1
2015,"ko","kommune","Birkenes","Aust-Agder","H","Høyre",5,-3
2015,"ko","kommune","Birkenes","Aust-Agder","FRP","Fremskrittspartiet",2,0
2015,"ko","kommune","Birkenes","Aust-Agder","BLANKE","Blanke",0,0
2015,"ko","kommune","Birkenes","Aust-Agder","Andre","Andre",0,0
2015,"ko","kommune","Birkenes","Aust-Agder","Andre2","Andre2",0,0
2015,"ko","kommune","Åmli","Aust-Agder","A","Arbeiderpartiet",7,1
2015,"ko","kommune","Åmli","Aust-Agder","SP","Senterpartiet",6,2
2015,"ko","kommune","Åmli","Aust-Agder","KRF","Kristelig Folkeparti",2,-1
2015,"ko","kommune","Åmli","Aust-Agder","H","Høyre",2,-1
2015,"ko","kommune","Åmli","Aust-Agder","BLANKE","Blanke",0,0
2015,"ko","kommune","Åmli","Aust-Agder","Andre","Andre",0,0
2015,"ko","kommune","Åmli","Aust-Agder","Andre2","Andre2",0,-1
2015,"ko","kommune","Iveland","Aust-Agder","A","Arbeiderpartiet",3,0
2015,"ko","kommune","Iveland","Aust-Agder","SP","Senterpartiet",5,0
2015,"ko","kommune","Iveland","Aust-Agder","KRF","Kristelig Folkeparti",6,3
2015,"ko","kommune","Iveland","Aust-Agder","V","Venstre",1,-1
2015,"ko","kommune","Iveland","Aust-Agder","H","Høyre",1,-1
2015,"ko","kommune","Iveland","Aust-Agder","FRP","Fremskrittspartiet",1,-1
2015,"ko","kommune","Iveland","Aust-Agder","BLANKE","Blanke",0,0
2015,"ko","kommune","Iveland","Aust-Agder","Andre","Andre",0,0
2015,"ko","kommune","Iveland","Aust-Agder","Andre2","Andre2",0,0
2015,"ko","kommune","Evje og Hornnes","Aust-Agder","A","Arbeiderpartiet",6,0
2015,"ko","kommune","Evje og Hornnes","Aust-Agder","SP","Senterpartiet",2,0
2015,"ko","kommune","Evje og Hornnes","Aust-Agder","KRF","Kristelig Folkeparti",9,2
2015,"ko","kommune","Evje og Hornnes","Aust-Agder","V","Venstre",1,1
2015,"ko","kommune","Evje og Hornnes","Aust-Agder","H","Høyre",2,-2
2015,"ko","kommune","Evje og Hornnes","Aust-Agder","FRP","Fremskrittspartiet",1,0
2015,"ko","kommune","Evje og Hornnes","Aust-Agder","BLANKE","Blanke",0,0
2015,"ko","kommune","Evje og Hornnes","Aust-Agder","Andre","Andre",0,0
2015,"ko","kommune","Evje og Hornnes","Aust-Agder","Andre2","Andre2",0,-1
2015,"ko","kommune","Bygland","Aust-Agder","A","Arbeiderpartiet",3,0
2015,"ko","kommune","Bygland","Aust-Agder","SP","Senterpartiet",5,0
2015,"ko","kommune","Bygland","Aust-Agder","BHBV","Bygland Høgre/Bygland Venstre",4,1
2015,"ko","kommune","Bygland","Aust-Agder","BLANKE","Blanke",0,0
2015,"ko","kommune","Bygland","Aust-Agder","BYB","Bygland Bygdeliste",3,-1
2015,"ko","kommune","Bygland","Aust-Agder","Andre","Andre",7,0
2015,"ko","kommune","Bygland","Aust-Agder","Andre2","Andre2",0,0
2015,"ko","kommune","Valle","Aust-Agder","A","Arbeiderpartiet",7,3
2015,"ko","kommune","Valle","Aust-Agder","SP","Senterpartiet",4,-2
2015,"ko","kommune","Valle","Aust-Agder","V","Venstre",2,1
2015,"ko","kommune","Valle","Aust-Agder","H","Høyre",2,-1
2015,"ko","kommune","Valle","Aust-Agder","BLANKE","Blanke",0,0
2015,"ko","kommune","Valle","Aust-Agder","Andre","Andre",0,0
2015,"ko","kommune","Valle","Aust-Agder","Andre2","Andre2",0,-1
2015,"ko","kommune","Bykle","Aust-Agder","A","Arbeiderpartiet",6,1
2015,"ko","kommune","Bykle","Aust-Agder","SP","Senterpartiet",2,0
2015,"ko","kommune","Bykle","Aust-Agder","KRF","Kristelig Folkeparti",1,1
2015,"ko","kommune","Bykle","Aust-Agder","V","Venstre",2,1
2015,"ko","kommune","Bykle","Aust-Agder","H","Høyre",2,-2
2015,"ko","kommune","Bykle","Aust-Agder","BLANKE","Blanke",0,0
2015,"ko","kommune","Bykle","Aust-Agder","Andre","Andre",0,0
2015,"ko","kommune","Bykle","Aust-Agder","Andre2","Andre2",0,-1
2015,"ko","kommune","Kristiansand","Vest-Agder","A","Arbeiderpartiet",15,1
2015,"ko","kommune","Kristiansand","Vest-Agder","SV","Sosialistisk Venstreparti",2,1
2015,"ko","kommune","Kristiansand","Vest-Agder","RØDT","Rødt",1,0
2015,"ko","kommune","Kristiansand","Vest-Agder","SP","Senterpartiet",1,1
2015,"ko","kommune","Kristiansand","Vest-Agder","KRF","Kristelig Folkeparti",8,-1
2015,"ko","kommune","Kristiansand","Vest-Agder","MDG","Miljøpartiet De Grønne",3,2
2015,"ko","kommune","Kristiansand","Vest-Agder","V","Venstre",3,0
2015,"ko","kommune","Kristiansand","Vest-Agder","H","Høyre",13,-1
2015,"ko","kommune","Kristiansand","Vest-Agder","FRP","Fremskrittspartiet",4,-2
2015,"ko","kommune","Kristiansand","Vest-Agder","DEMN","Demokratene i Norge",2,0
2015,"ko","kommune","Kristiansand","Vest-Agder","PIR","Piratpartiet",0,0
2015,"ko","kommune","Kristiansand","Vest-Agder","PP","Pensjonistpartiet",1,-1
2015,"ko","kommune","Kristiansand","Vest-Agder","BLANKE","Blanke",0,0
2015,"ko","kommune","Kristiansand","Vest-Agder","KRISTNE","Partiet De Kristne",0,0
2015,"ko","kommune","Kristiansand","Vest-Agder","Andre","Andre",3,-1
2015,"ko","kommune","Kristiansand","Vest-Agder","Andre2","Andre2",0,0
2015,"ko","kommune","Mandal","Vest-Agder","A","Arbeiderpartiet",11,2
2015,"ko","kommune","Mandal","Vest-Agder","SV","Sosialistisk Venstreparti",1,0
2015,"ko","kommune","Mandal","Vest-Agder","SP","Senterpartiet",1,0
2015,"ko","kommune","Mandal","Vest-Agder","KRF","Kristelig Folkeparti",4,-1
2015,"ko","kommune","Mandal","Vest-Agder","MDG","Miljøpartiet De Grønne",1,0
2015,"ko","kommune","Mandal","Vest-Agder","V","Venstre",2,0
2015,"ko","kommune","Mandal","Vest-Agder","H","Høyre",7,1
2015,"ko","kommune","Mandal","Vest-Agder","FRP","Fremskrittspartiet",8,-2
2015,"ko","kommune","Mandal","Vest-Agder","BLANKE","Blanke",0,0
2015,"ko","kommune","Mandal","Vest-Agder","Andre","Andre",0,0
2015,"ko","kommune","Mandal","Vest-Agder","Andre2","Andre2",0,0
2015,"ko","kommune","Farsund","Vest-Agder","A","Arbeiderpartiet",6,2
2015,"ko","kommune","Farsund","Vest-Agder","SV","Sosialistisk Venstreparti",1,0
2015,"ko","kommune","Farsund","Vest-Agder","RØDT","Rødt",0,0
2015,"ko","kommune","Farsund","Vest-Agder","SP","Senterpartiet",2,1
2015,"ko","kommune","Farsund","Vest-Agder","KRF","Kristelig Folkeparti",5,1
2015,"ko","kommune","Farsund","Vest-Agder","MDG","Miljøpartiet De Grønne",0,0
2015,"ko","kommune","Farsund","Vest-Agder","V","Venstre",2,0
2015,"ko","kommune","Farsund","Vest-Agder","H","Høyre",6,0
2015,"ko","kommune","Farsund","Vest-Agder","FRP","Fremskrittspartiet",6,-4
2015,"ko","kommune","Farsund","Vest-Agder","PP","Pensjonistpartiet",1,0
2015,"ko","kommune","Farsund","Vest-Agder","BLANKE","Blanke",0,0
2015,"ko","kommune","Farsund","Vest-Agder","KRISTNE","Partiet De Kristne",0,0
2015,"ko","kommune","Farsund","Vest-Agder","Andre","Andre",1,0
2015,"ko","kommune","Farsund","Vest-Agder","Andre2","Andre2",0,0
2015,"ko","kommune","Flekkefjord","Vest-Agder","A","Arbeiderpartiet",6,0
2015,"ko","kommune","Flekkefjord","Vest-Agder","SV","Sosialistisk Venstreparti",1,0
2015,"ko","kommune","Flekkefjord","Vest-Agder","SP","Senterpartiet",4,1
2015,"ko","kommune","Flekkefjord","Vest-Agder","KRF","Kristelig Folkeparti",5,-1
2015,"ko","kommune","Flekkefjord","Vest-Agder","MDG","Miljøpartiet De Grønne",1,1
2015,"ko","kommune","Flekkefjord","Vest-Agder","V","Venstre",4,-1
2015,"ko","kommune","Flekkefjord","Vest-Agder","H","Høyre",8,-1
2015,"ko","kommune","Flekkefjord","Vest-Agder","FRP","Fremskrittspartiet",6,1
2015,"ko","kommune","Flekkefjord","Vest-Agder","BLANKE","Blanke",0,0
2015,"ko","kommune","Flekkefjord","Vest-Agder","Andre","Andre",0,0
2015,"ko","kommune","Flekkefjord","Vest-Agder","Andre2","Andre2",0,0
2015,"ko","kommune","Vennesla","Vest-Agder","A","Arbeiderpartiet",7,-1
2015,"ko","kommune","Vennesla","Vest-Agder","SV","Sosialistisk Venstreparti",0,0
2015,"ko","kommune","Vennesla","Vest-Agder","SP","Senterpartiet",4,2
2015,"ko","kommune","Vennesla","Vest-Agder","KRF","Kristelig Folkeparti",8,0
2015,"ko","kommune","Vennesla","Vest-Agder","MDG","Miljøpartiet De Grønne",0,0
2015,"ko","kommune","Vennesla","Vest-Agder","V","Venstre",1,0
2015,"ko","kommune","Vennesla","Vest-Agder","H","Høyre",3,-1
2015,"ko","kommune","Vennesla","Vest-Agder","FRP","Fremskrittspartiet",3,-1
2015,"ko","kommune","Vennesla","Vest-Agder","DEMN","Demokratene i Norge",0,0
2015,"ko","kommune","Vennesla","Vest-Agder","PP","Pensjonistpartiet",0,0
2015,"ko","kommune","Vennesla","Vest-Agder","BLANKE","Blanke",0,0
2015,"ko","kommune","Vennesla","Vest-Agder","KRISTNE","Partiet De Kristne",1,1
2015,"ko","kommune","Vennesla","Vest-Agder","Andre","Andre",1,1
2015,"ko","kommune","Vennesla","Vest-Agder","Andre2","Andre2",0,0
2015,"ko","kommune","Songdalen","Vest-Agder","A","Arbeiderpartiet",6,0
2015,"ko","kommune","Songdalen","Vest-Agder","SP","Senterpartiet",7,1
2015,"ko","kommune","Songdalen","Vest-Agder","KRF","Kristelig Folkeparti",4,0
2015,"ko","kommune","Songdalen","Vest-Agder","MDG","Miljøpartiet De Grønne",1,1
2015,"ko","kommune","Songdalen","Vest-Agder","V","Venstre",1,0
2015,"ko","kommune","Songdalen","Vest-Agder","H","Høyre",3,-1
2015,"ko","kommune","Songdalen","Vest-Agder","FRP","Fremskrittspartiet",3,-1
2015,"ko","kommune","Songdalen","Vest-Agder","DEMN","Demokratene i Norge",0,0
2015,"ko","kommune","Songdalen","Vest-Agder","BLANKE","Blanke",0,0
2015,"ko","kommune","Songdalen","Vest-Agder","KRISTNE","Partiet De Kristne",0,0
2015,"ko","kommune","Songdalen","Vest-Agder","Andre","Andre",0,0
2015,"ko","kommune","Songdalen","Vest-Agder","Andre2","Andre2",0,0
2015,"ko","kommune","Søgne","Vest-Agder","A","Arbeiderpartiet",8,2
2015,"ko","kommune","Søgne","Vest-Agder","SV","Sosialistisk Venstreparti",1,0
2015,"ko","kommune","Søgne","Vest-Agder","RØDT","Rødt",0,0
2015,"ko","kommune","Søgne","Vest-Agder","SP","Senterpartiet",1,0
2015,"ko","kommune","Søgne","Vest-Agder","KRF","Kristelig Folkeparti",3,0
2015,"ko","kommune","Søgne","Vest-Agder","MDG","Miljøpartiet De Grønne",1,1
2015,"ko","kommune","Søgne","Vest-Agder","V","Venstre",2,0
2015,"ko","kommune","Søgne","Vest-Agder","H","Høyre",6,-3
2015,"ko","kommune","Søgne","Vest-Agder","FRP","Fremskrittspartiet",5,0
2015,"ko","kommune","Søgne","Vest-Agder","PP","Pensjonistpartiet",0,0
2015,"ko","kommune","Søgne","Vest-Agder","BLANKE","Blanke",0,0
2015,"ko","kommune","Søgne","Vest-Agder","KRISTNE","Partiet De Kristne",0,0
2015,"ko","kommune","Søgne","Vest-Agder","Andre","Andre",0,0
2015,"ko","kommune","Søgne","Vest-Agder","Andre2","Andre2",0,0
2015,"ko","kommune","Marnardal","Vest-Agder","A","Arbeiderpartiet",9,1
2015,"ko","kommune","Marnardal","Vest-Agder","SP","Senterpartiet",5,1
2015,"ko","kommune","Marnardal","Vest-Agder","KRF","Kristelig Folkeparti",3,0
2015,"ko","kommune","Marnardal","Vest-Agder","V","Venstre",0,-1
2015,"ko","kommune","Marnardal","Vest-Agder","H","Høyre",3,0
2015,"ko","kommune","Marnardal","Vest-Agder","FRP","Fremskrittspartiet",1,-1
2015,"ko","kommune","Marnardal","Vest-Agder","BLANKE","Blanke",0,0
2015,"ko","kommune","Marnardal","Vest-Agder","Andre","Andre",0,0
2015,"ko","kommune","Marnardal","Vest-Agder","Andre2","Andre2",0,0
2015,"ko","kommune","Åseral","Vest-Agder","A","Arbeiderpartiet",3,-1
2015,"ko","kommune","Åseral","Vest-Agder","SP","Senterpartiet",6,-2
2015,"ko","kommune","Åseral","Vest-Agder","KRF","Kristelig Folkeparti",4,4
2015,"ko","kommune","Åseral","Vest-Agder","H","Høyre",4,2
2015,"ko","kommune","Åseral","Vest-Agder","BLANKE","Blanke",0,0
2015,"ko","kommune","Åseral","Vest-Agder","Andre","Andre",0,0
2015,"ko","kommune","Åseral","Vest-Agder","Andre2","Andre2",0,-3
2015,"ko","kommune","Audnedal","Vest-Agder","A","Arbeiderpartiet",3,0
2015,"ko","kommune","Audnedal","Vest-Agder","SP","Senterpartiet",3,2
2015,"ko","kommune","Audnedal","Vest-Agder","KRF","Kristelig Folkeparti",4,-1
2015,"ko","kommune","Audnedal","Vest-Agder","H","Høyre",1,0
2015,"ko","kommune","Audnedal","Vest-Agder","FRP","Fremskrittspartiet",1,1
2015,"ko","kommune","Audnedal","Vest-Agder","BLANKE","Blanke",0,0
2015,"ko","kommune","Audnedal","Vest-Agder","BØA","Bygdelista for Audnedal",5,-2
2015,"ko","kommune","Audnedal","Vest-Agder","Andre","Andre",5,-2
2015,"ko","kommune","Audnedal","Vest-Agder","Andre2","Andre2",0,0
2015,"ko","kommune","Lindesnes","Vest-Agder","A","Arbeiderpartiet",3,1
2015,"ko","kommune","Lindesnes","Vest-Agder","SP","Senterpartiet",1,0
2015,"ko","kommune","Lindesnes","Vest-Agder","KRF","Kristelig Folkeparti",5,0
2015,"ko","kommune","Lindesnes","Vest-Agder","V","Venstre",2,-2
2015,"ko","kommune","Lindesnes","Vest-Agder","H","Høyre",7,2
2015,"ko","kommune","Lindesnes","Vest-Agder","FRP","Fremskrittspartiet",2,0
2015,"ko","kommune","Lindesnes","Vest-Agder","PP","Pensjonistpartiet",1,-1
2015,"ko","kommune","Lindesnes","Vest-Agder","BLANKE","Blanke",0,0
2015,"ko","kommune","Lindesnes","Vest-Agder","Andre","Andre",1,-1
2015,"ko","kommune","Lindesnes","Vest-Agder","Andre2","Andre2",0,0
2015,"ko","kommune","Lyngdal","Vest-Agder","A","Arbeiderpartiet",3,0
2015,"ko","kommune","Lyngdal","Vest-Agder","SV","Sosialistisk Venstreparti",0,-1
2015,"ko","kommune","Lyngdal","Vest-Agder","SP","Senterpartiet",3,0
2015,"ko","kommune","Lyngdal","Vest-Agder","KRF","Kristelig Folkeparti",6,1
2015,"ko","kommune","Lyngdal","Vest-Agder","MDG","Miljøpartiet De Grønne",0,0
2015,"ko","kommune","Lyngdal","Vest-Agder","V","Venstre",2,1
2015,"ko","kommune","Lyngdal","Vest-Agder","H","Høyre",12,-1
2015,"ko","kommune","Lyngdal","Vest-Agder","FRP","Fremskrittspartiet",3,0
2015,"ko","kommune","Lyngdal","Vest-Agder","BLANKE","Blanke",0,0
2015,"ko","kommune","Lyngdal","Vest-Agder","KRISTNE","Partiet De Kristne",0,0
2015,"ko","kommune","Lyngdal","Vest-Agder","Andre","Andre",0,0
2015,"ko","kommune","Lyngdal","Vest-Agder","Andre2","Andre2",0,0
2015,"ko","kommune","Hægebostad","Vest-Agder","A","Arbeiderpartiet",1,-1
2015,"ko","kommune","Hægebostad","Vest-Agder","SP","Senterpartiet",4,2
2015,"ko","kommune","Hægebostad","Vest-Agder","KRF","Kristelig Folkeparti",2,0
2015,"ko","kommune","Hægebostad","Vest-Agder","MDG","Miljøpartiet De Grønne",0,0
2015,"ko","kommune","Hægebostad","Vest-Agder","H","Høyre",3,-3
2015,"ko","kommune","Hægebostad","Vest-Agder","FRP","Fremskrittspartiet",3,0
2015,"ko","kommune","Hægebostad","Vest-Agder","BLANKE","Blanke",0,0
2015,"ko","kommune","Hægebostad","Vest-Agder","TPLH","Tverrpolitisk liste",2,-1
2015,"ko","kommune","Hægebostad","Vest-Agder","Andre","Andre",2,-1
2015,"ko","kommune","Hægebostad","Vest-Agder","Andre2","Andre2",0,-3
2015,"ko","kommune","Kvinesdal","Vest-Agder","A","Arbeiderpartiet",9,-2
2015,"ko","kommune","Kvinesdal","Vest-Agder","SP","Senterpartiet",2,0
2015,"ko","kommune","Kvinesdal","Vest-Agder","KRF","Kristelig Folkeparti",5,0
2015,"ko","kommune","Kvinesdal","Vest-Agder","MDG","Miljøpartiet De Grønne",1,1
2015,"ko","kommune","Kvinesdal","Vest-Agder","V","Venstre",0,0
2015,"ko","kommune","Kvinesdal","Vest-Agder","H","Høyre",5,0
2015,"ko","kommune","Kvinesdal","Vest-Agder","FRP","Fremskrittspartiet",5,1
2015,"ko","kommune","Kvinesdal","Vest-Agder","BLANKE","Blanke",0,0
2015,"ko","kommune","Kvinesdal","Vest-Agder","Andre","Andre",0,0
2015,"ko","kommune","Kvinesdal","Vest-Agder","Andre2","Andre2",0,0
2015,"ko","kommune","Sirdal","Vest-Agder","A","Arbeiderpartiet",6,1
2015,"ko","kommune","Sirdal","Vest-Agder","SP","Senterpartiet",4,1
2015,"ko","kommune","Sirdal","Vest-Agder","KRF","Kristelig Folkeparti",3,0
2015,"ko","kommune","Sirdal","Vest-Agder","V","Venstre",1,0
2015,"ko","kommune","Sirdal","Vest-Agder","H","Høyre",3,1
2015,"ko","kommune","Sirdal","Vest-Agder","BLANKE","Blanke",0,0
2015,"ko","kommune","Sirdal","Vest-Agder","SIRBYG","Sirdal Bygdeliste",2,2
2015,"ko","kommune","Sirdal","Vest-Agder","Andre","Andre",2,2
2015,"ko","kommune","Sirdal","Vest-Agder","Andre2","Andre2",0,-5
2015,"ko","kommune","Eigersund","Rogaland","A","Arbeiderpartiet",10,2
2015,"ko","kommune","Eigersund","Rogaland","SV","Sosialistisk Venstreparti",1,0
2015,"ko","kommune","Eigersund","Rogaland","SP","Senterpartiet",3,1
2015,"ko","kommune","Eigersund","Rogaland","KRF","Kristelig Folkeparti",5,-1
2015,"ko","kommune","Eigersund","Rogaland","V","Venstre",1,-1
2015,"ko","kommune","Eigersund","Rogaland","H","Høyre",6,-2
2015,"ko","kommune","Eigersund","Rogaland","FRP","Fremskrittspartiet",5,1
2015,"ko","kommune","Eigersund","Rogaland","BLANKE","Blanke",0,0
2015,"ko","kommune","Eigersund","Rogaland","Andre","Andre",0,0
2015,"ko","kommune","Eigersund","Rogaland","Andre2","Andre2",0,0
2015,"ko","kommune","Sandnes","Rogaland","A","Arbeiderpartiet",18,7
2015,"ko","kommune","Sandnes","Rogaland","SV","Sosialistisk Venstreparti",1,-1
2015,"ko","kommune","Sandnes","Rogaland","RØDT","Rødt",0,0
2015,"ko","kommune","Sandnes","Rogaland","SP","Senterpartiet",2,-1
2015,"ko","kommune","Sandnes","Rogaland","KRF","Kristelig Folkeparti",5,1
2015,"ko","kommune","Sandnes","Rogaland","MDG","Miljøpartiet De Grønne",1,1
2015,"ko","kommune","Sandnes","Rogaland","V","Venstre",2,0
2015,"ko","kommune","Sandnes","Rogaland","H","Høyre",8,-7
2015,"ko","kommune","Sandnes","Rogaland","FRP","Fremskrittspartiet",12,1
2015,"ko","kommune","Sandnes","Rogaland","PP","Pensjonistpartiet",0,-1
2015,"ko","kommune","Sandnes","Rogaland","BLANKE","Blanke",0,0
2015,"ko","kommune","Sandnes","Rogaland","KRISTNE","Partiet De Kristne",0,0
2015,"ko","kommune","Sandnes","Rogaland","Andre","Andre",0,-1
2015,"ko","kommune","Sandnes","Rogaland","Andre2","Andre2",0,0
2015,"ko","kommune","Stavanger","Rogaland","A","Arbeiderpartiet",18,-1
2015,"ko","kommune","Stavanger","Rogaland","SV","Sosialistisk Venstreparti",3,0
2015,"ko","kommune","Stavanger","Rogaland","RØDT","Rødt",1,0
2015,"ko","kommune","Stavanger","Rogaland","SP","Senterpartiet",1,0
2015,"ko","kommune","Stavanger","Rogaland","KRF","Kristelig Folkeparti",4,0
2015,"ko","kommune","Stavanger","Rogaland","MDG","Miljøpartiet De Grønne",4,3
2015,"ko","kommune","Stavanger","Rogaland","V","Venstre",6,1
2015,"ko","kommune","Stavanger","Rogaland","H","Høyre",19,-4
2015,"ko","kommune","Stavanger","Rogaland","FRP","Fremskrittspartiet",7,-2
2015,"ko","kommune","Stavanger","Rogaland","PP","Pensjonistpartiet",1,0
2015,"ko","kommune","Stavanger","Rogaland","BLANKE","Blanke",0,0
2015,"ko","kommune","Stavanger","Rogaland","FNB","Folkeaksjonen Nei til mer bompenger",3,3
2015,"ko","kommune","Stavanger","Rogaland","KRISTNE","Partiet De Kristne",0,0
2015,"ko","kommune","Stavanger","Rogaland","Andre","Andre",4,3
2015,"ko","kommune","Stavanger","Rogaland","Andre2","Andre2",0,0
2015,"ko","kommune","Haugesund","Rogaland","A","Arbeiderpartiet",19,5
2015,"ko","kommune","Haugesund","Rogaland","SV","Sosialistisk Venstreparti",2,1
2015,"ko","kommune","Haugesund","Rogaland","RØDT","Rødt",0,0
2015,"ko","kommune","Haugesund","Rogaland","SP","Senterpartiet",1,1
2015,"ko","kommune","Haugesund","Rogaland","KRF","Kristelig Folkeparti",3,0
2015,"ko","kommune","Haugesund","Rogaland","MDG","Miljøpartiet De Grønne",2,2
2015,"ko","kommune","Haugesund","Rogaland","V","Venstre",2,-1
2015,"ko","kommune","Haugesund","Rogaland","H","Høyre",11,-8
2015,"ko","kommune","Haugesund","Rogaland","FRP","Fremskrittspartiet",7,1
2015,"ko","kommune","Haugesund","Rogaland","PP","Pensjonistpartiet",2,-1
2015,"ko","kommune","Haugesund","Rogaland","BLANKE","Blanke",0,0
2015,"ko","kommune","Haugesund","Rogaland","KRISTNE","Partiet De Kristne",0,0
2015,"ko","kommune","Haugesund","Rogaland","Andre","Andre",2,-1
2015,"ko","kommune","Haugesund","Rogaland","Andre2","Andre2",0,0
2015,"ko","kommune","Sokndal","Rogaland","A","Arbeiderpartiet",7,1
2015,"ko","kommune","Sokndal","Rogaland","SP","Senterpartiet",1,0
2015,"ko","kommune","Sokndal","Rogaland","KRF","Kristelig Folkeparti",6,2
2015,"ko","kommune","Sokndal","Rogaland","V","Venstre",2,0
2015,"ko","kommune","Sokndal","Rogaland","H","Høyre",3,-1
2015,"ko","kommune","Sokndal","Rogaland","FRP","Fremskrittspartiet",2,-2
2015,"ko","kommune","Sokndal","Rogaland","BLANKE","Blanke",0,0
2015,"ko","kommune","Sokndal","Rogaland","Andre","Andre",0,0
2015,"ko","kommune","Sokndal","Rogaland","Andre2","Andre2",0,0
2015,"ko","kommune","Lund","Rogaland","A","Arbeiderpartiet",7,1
2015,"ko","kommune","Lund","Rogaland","SP","Senterpartiet",2,-1
2015,"ko","kommune","Lund","Rogaland","KRF","Kristelig Folkeparti",3,-2
2015,"ko","kommune","Lund","Rogaland","V","Venstre",2,1
2015,"ko","kommune","Lund","Rogaland","H","Høyre",3,0
2015,"ko","kommune","Lund","Rogaland","FRP","Fremskrittspartiet",4,1
2015,"ko","kommune","Lund","Rogaland","BLANKE","Blanke",0,0
2015,"ko","kommune","Lund","Rogaland","Andre","Andre",0,0
2015,"ko","kommune","Lund","Rogaland","Andre2","Andre2",0,0
2015,"ko","kommune","Bjerkreim","Rogaland","A","Arbeiderpartiet",2,0
2015,"ko","kommune","Bjerkreim","Rogaland","SP","Senterpartiet",5,1
2015,"ko","kommune","Bjerkreim","Rogaland","KRF","Kristelig Folkeparti",4,1
2015,"ko","kommune","Bjerkreim","Rogaland","V","Venstre",1,0
2015,"ko","kommune","Bjerkreim","Rogaland","H","Høyre",4,-2
2015,"ko","kommune","Bjerkreim","Rogaland","FRP","Fremskrittspartiet",1,0
2015,"ko","kommune","Bjerkreim","Rogaland","BLANKE","Blanke",0,0
2015,"ko","kommune","Bjerkreim","Rogaland","Andre","Andre",0,0
2015,"ko","kommune","Bjerkreim","Rogaland","Andre2","Andre2",0,0
2015,"ko","kommune","Hå","Rogaland","A","Arbeiderpartiet",3,0
2015,"ko","kommune","Hå","Rogaland","SV","Sosialistisk Venstreparti",0,0
2015,"ko","kommune","Hå","Rogaland","SP","Senterpartiet",3,0
2015,"ko","kommune","Hå","Rogaland","KRF","Kristelig Folkeparti",7,1
2015,"ko","kommune","Hå","Rogaland","MDG","Miljøpartiet De Grønne",0,0
2015,"ko","kommune","Hå","Rogaland","V","Venstre",0,0
2015,"ko","kommune","Hå","Rogaland","H","Høyre",6,-1
2015,"ko","kommune","Hå","Rogaland","FRP","Fremskrittspartiet",3,0
2015,"ko","kommune","Hå","Rogaland","BLANKE","Blanke",0,0
2015,"ko","kommune","Hå","Rogaland","KRISTNE","Partiet De Kristne",0,0
2015,"ko","kommune","Hå","Rogaland","NÆ","Nærbølista",10,-1
2015,"ko","kommune","Hå","Rogaland","SH","Samlingsliste for søre Hå",1,1
2015,"ko","kommune","Hå","Rogaland","Andre","Andre",11,0
2015,"ko","kommune","Hå","Rogaland","Andre2","Andre2",0,0
2015,"ko","kommune","Klepp","Rogaland","A","Arbeiderpartiet",5,0
2015,"ko","kommune","Klepp","Rogaland","SP","Senterpartiet",4,1
2015,"ko","kommune","Klepp","Rogaland","KRF","Kristelig Folkeparti",5,0
2015,"ko","kommune","Klepp","Rogaland","MDG","Miljøpartiet De Grønne",1,1
2015,"ko","kommune","Klepp","Rogaland","V","Venstre",1,0
2015,"ko","kommune","Klepp","Rogaland","H","Høyre",9,-2
2015,"ko","kommune","Klepp","Rogaland","FRP","Fremskrittspartiet",6,0
2015,"ko","kommune","Klepp","Rogaland","BLANKE","Blanke",0,0
2015,"ko","kommune","Klepp","Rogaland","Andre","Andre",0,0
2015,"ko","kommune","Klepp","Rogaland","Andre2","Andre2",0,0
2015,"ko","kommune","Time","Rogaland","A","Arbeiderpartiet",5,1
2015,"ko","kommune","Time","Rogaland","SV","Sosialistisk Venstreparti",1,0
2015,"ko","kommune","Time","Rogaland","SP","Senterpartiet",4,0
2015,"ko","kommune","Time","Rogaland","KRF","Kristelig Folkeparti",4,0
2015,"ko","kommune","Time","Rogaland","MDG","Miljøpartiet De Grønne",1,1
2015,"ko","kommune","Time","Rogaland","V","Venstre",1,0
2015,"ko","kommune","Time","Rogaland","H","Høyre",8,-2
2015,"ko","kommune","Time","Rogaland","FRP","Fremskrittspartiet",3,0
2015,"ko","kommune","Time","Rogaland","BLANKE","Blanke",0,0
2015,"ko","kommune","Time","Rogaland","Andre","Andre",0,0
2015,"ko","kommune","Time","Rogaland","Andre2","Andre2",0,0
2015,"ko","kommune","Gjesdal","Rogaland","A","Arbeiderpartiet",10,4
2015,"ko","kommune","Gjesdal","Rogaland","SV","Sosialistisk Venstreparti",0,0
2015,"ko","kommune","Gjesdal","Rogaland","SP","Senterpartiet",3,1
2015,"ko","kommune","Gjesdal","Rogaland","KRF","Kristelig Folkeparti",6,-1
2015,"ko","kommune","Gjesdal","Rogaland","MDG","Miljøpartiet De Grønne",0,0
2015,"ko","kommune","Gjesdal","Rogaland","V","Venstre",0,-1
2015,"ko","kommune","Gjesdal","Rogaland","H","Høyre",4,-2
2015,"ko","kommune","Gjesdal","Rogaland","FRP","Fremskrittspartiet",4,-1
2015,"ko","kommune","Gjesdal","Rogaland","BLANKE","Blanke",0,0
2015,"ko","kommune","Gjesdal","Rogaland","Andre","Andre",0,0
2015,"ko","kommune","Gjesdal","Rogaland","Andre2","Andre2",0,0
2015,"ko","kommune","Sola","Rogaland","A","Arbeiderpartiet",7,0
2015,"ko","kommune","Sola","Rogaland","SV","Sosialistisk Venstreparti",0,-1
2015,"ko","kommune","Sola","Rogaland","SP","Senterpartiet",2,1
2015,"ko","kommune","Sola","Rogaland","KRF","Kristelig Folkeparti",4,0
2015,"ko","kommune","Sola","Rogaland","MDG","Miljøpartiet De Grønne",1,1
2015,"ko","kommune","Sola","Rogaland","V","Venstre",2,0
2015,"ko","kommune","Sola","Rogaland","H","Høyre",16,1
2015,"ko","kommune","Sola","Rogaland","FRP","Fremskrittspartiet",7,-1
2015,"ko","kommune","Sola","Rogaland","BLANKE","Blanke",0,0
2015,"ko","kommune","Sola","Rogaland","TAL","Tanangerlisten",2,0
2015,"ko","kommune","Sola","Rogaland","Andre","Andre",2,0
2015,"ko","kommune","Sola","Rogaland","Andre2","Andre2",0,-1
2015,"ko","kommune","Randaberg","Rogaland","A","Arbeiderpartiet",8,1
2015,"ko","kommune","Randaberg","Rogaland","SP","Senterpartiet",3,1
2015,"ko","kommune","Randaberg","Rogaland","KRF","Kristelig Folkeparti",4,0
2015,"ko","kommune","Randaberg","Rogaland","MDG","Miljøpartiet De Grønne",1,1
2015,"ko","kommune","Randaberg","Rogaland","V","Venstre",1,0
2015,"ko","kommune","Randaberg","Rogaland","H","Høyre",7,-1
2015,"ko","kommune","Randaberg","Rogaland","FRP","Fremskrittspartiet",3,0
2015,"ko","kommune","Randaberg","Rogaland","BLANKE","Blanke",0,0
2015,"ko","kommune","Randaberg","Rogaland","Andre","Andre",0,0
2015,"ko","kommune","Randaberg","Rogaland","Andre2","Andre2",0,0
2015,"ko","kommune","Forsand","Rogaland","A","Arbeiderpartiet",2,-1
2015,"ko","kommune","Forsand","Rogaland","SP","Senterpartiet",3,0
2015,"ko","kommune","Forsand","Rogaland","KRF","Kristelig Folkeparti",4,-1
2015,"ko","kommune","Forsand","Rogaland","H","Høyre",3,-2
2015,"ko","kommune","Forsand","Rogaland","BLANKE","Blanke",0,0
2015,"ko","kommune","Forsand","Rogaland","FOBYG","Forsand Bygdalista",2,2
2015,"ko","kommune","Forsand","Rogaland","FOOP","Optimistpartiet i Forsand",0,0
2015,"ko","kommune","Forsand","Rogaland","SAM","Samlingslista",3,3
2015,"ko","kommune","Forsand","Rogaland","Andre","Andre",5,5
2015,"ko","kommune","Forsand","Rogaland","Andre2","Andre2",0,-1
2015,"ko","kommune","Strand","Rogaland","A","Arbeiderpartiet",7,-5
2015,"ko","kommune","Strand","Rogaland","SV","Sosialistisk Venstreparti",1,0
2015,"ko","kommune","Strand","Rogaland","SP","Senterpartiet",2,0
2015,"ko","kommune","Strand","Rogaland","KRF","Kristelig Folkeparti",6,1
2015,"ko","kommune","Strand","Rogaland","MDG","Miljøpartiet De Grønne",1,1
2015,"ko","kommune","Strand","Rogaland","V","Venstre",1,0
2015,"ko","kommune","Strand","Rogaland","H","Høyre",7,2
2015,"ko","kommune","Strand","Rogaland","FRP","Fremskrittspartiet",3,0
2015,"ko","kommune","Strand","Rogaland","BLANKE","Blanke",0,0
2015,"ko","kommune","Strand","Rogaland","BTN","Bygdeliste for Tau og Nordbygda",1,1
2015,"ko","kommune","Strand","Rogaland","KRISTNE","Partiet De Kristne",0,0
2015,"ko","kommune","Strand","Rogaland","Andre","Andre",1,1
2015,"ko","kommune","Strand","Rogaland","Andre2","Andre2",0,0
2015,"ko","kommune","Hjelmeland","Rogaland","A","Arbeiderpartiet",3,1
2015,"ko","kommune","Hjelmeland","Rogaland","SV","Sosialistisk Venstreparti",0,-1
2015,"ko","kommune","Hjelmeland","Rogaland","SP","Senterpartiet",6,1
2015,"ko","kommune","Hjelmeland","Rogaland","KRF","Kristelig Folkeparti",4,0
2015,"ko","kommune","Hjelmeland","Rogaland","V","Venstre",1,0
2015,"ko","kommune","Hjelmeland","Rogaland","H","Høyre",5,0
2015,"ko","kommune","Hjelmeland","Rogaland","BLANKE","Blanke",0,0
2015,"ko","kommune","Hjelmeland","Rogaland","Andre","Andre",0,0
2015,"ko","kommune","Hjelmeland","Rogaland","Andre2","Andre2",0,-1
2015,"ko","kommune","Suldal","Rogaland","A","Arbeiderpartiet",3,-1
2015,"ko","kommune","Suldal","Rogaland","SV","Sosialistisk Venstreparti",2,1
2015,"ko","kommune","Suldal","Rogaland","SP","Senterpartiet",7,1
2015,"ko","kommune","Suldal","Rogaland","KRF","Kristelig Folkeparti",2,-1
2015,"ko","kommune","Suldal","Rogaland","MDG","Miljøpartiet De Grønne",0,0
2015,"ko","kommune","Suldal","Rogaland","V","Venstre",3,1
2015,"ko","kommune","Suldal","Rogaland","H","Høyre",2,0
2015,"ko","kommune","Suldal","Rogaland","BLANKE","Blanke",0,0
2015,"ko","kommune","Suldal","Rogaland","Andre","Andre",0,0
2015,"ko","kommune","Suldal","Rogaland","Andre2","Andre2",0,-1
2015,"ko","kommune","Sauda","Rogaland","A","Arbeiderpartiet",5,-4
2015,"ko","kommune","Sauda","Rogaland","SV","Sosialistisk Venstreparti",1,0
2015,"ko","kommune","Sauda","Rogaland","SP","Senterpartiet",9,7
2015,"ko","kommune","Sauda","Rogaland","KRF","Kristelig Folkeparti",1,0
2015,"ko","kommune","Sauda","Rogaland","V","Venstre",0,-1
2015,"ko","kommune","Sauda","Rogaland","H","Høyre",3,-1
2015,"ko","kommune","Sauda","Rogaland","BLANKE","Blanke",0,0
2015,"ko","kommune","Sauda","Rogaland","Andre","Andre",0,0
2015,"ko","kommune","Sauda","Rogaland","Andre2","Andre2",0,-1
2015,"ko","kommune","Finnøy","Rogaland","A","Arbeiderpartiet",2,-1
2015,"ko","kommune","Finnøy","Rogaland","SV","Sosialistisk Venstreparti",0,-1
2015,"ko","kommune","Finnøy","Rogaland","SP","Senterpartiet",4,0
2015,"ko","kommune","Finnøy","Rogaland","KRF","Kristelig Folkeparti",6,1
2015,"ko","kommune","Finnøy","Rogaland","V","Venstre",5,1
2015,"ko","kommune","Finnøy","Rogaland","H","Høyre",4,1
2015,"ko","kommune","Finnøy","Rogaland","BLANKE","Blanke",0,0
2015,"ko","kommune","Finnøy","Rogaland","Andre","Andre",0,0
2015,"ko","kommune","Finnøy","Rogaland","Andre2","Andre2",0,-1
2015,"ko","kommune","Rennesøy","Rogaland","A","Arbeiderpartiet",3,0
2015,"ko","kommune","Rennesøy","Rogaland","SP","Senterpartiet",5,1
2015,"ko","kommune","Rennesøy","Rogaland","KRF","Kristelig Folkeparti",3,0
2015,"ko","kommune","Rennesøy","Rogaland","H","Høyre",6,-1
2015,"ko","kommune","Rennesøy","Rogaland","FRP","Fremskrittspartiet",4,1
2015,"ko","kommune","Rennesøy","Rogaland","BLANKE","Blanke",0,0
2015,"ko","kommune","Rennesøy","Rogaland","Andre","Andre",0,0
2015,"ko","kommune","Rennesøy","Rogaland","Andre2","Andre2",0,-1
2015,"ko","kommune","Kvitsøy","Rogaland","FRP","Fremskrittspartiet",2,-1
2015,"ko","kommune","Kvitsøy","Rogaland","ATPG","Arbeiderpartiet-tverrpolitisk",3,-4
2015,"ko","kommune","Kvitsøy","Rogaland","BLANKE","Blanke",0,0
2015,"ko","kommune","Kvitsøy","Rogaland","KL","Kvitsøy Listen",4,4
2015,"ko","kommune","Kvitsøy","Rogaland","KRFFLFB","Felleslisten, KRF/Frie Borgerlige",6,1
2015,"ko","kommune","Kvitsøy","Rogaland","Andre","Andre",13,1
2015,"ko","kommune","Kvitsøy","Rogaland","Andre2","Andre2",0,0
2015,"ko","kommune","Bokn","Rogaland","A","Arbeiderpartiet",3,-3
2015,"ko","kommune","Bokn","Rogaland","SP","Senterpartiet",8,3
2015,"ko","kommune","Bokn","Rogaland","KRF","Kristelig Folkeparti",1,0
2015,"ko","kommune","Bokn","Rogaland","H","Høyre",5,0
2015,"ko","kommune","Bokn","Rogaland","BLANKE","Blanke",0,0
2015,"ko","kommune","Bokn","Rogaland","Andre","Andre",0,0
2015,"ko","kommune","Bokn","Rogaland","Andre2","Andre2",0,0
2015,"ko","kommune","Tysvær","Rogaland","A","Arbeiderpartiet",10,3
2015,"ko","kommune","Tysvær","Rogaland","SV","Sosialistisk Venstreparti",0,0
2015,"ko","kommune","Tysvær","Rogaland","SP","Senterpartiet",4,1
2015,"ko","kommune","Tysvær","Rogaland","KRF","Kristelig Folkeparti",4,0
2015,"ko","kommune","Tysvær","Rogaland","MDG","Miljøpartiet De Grønne",0,0
2015,"ko","kommune","Tysvær","Rogaland","V","Venstre",1,-1
2015,"ko","kommune","Tysvær","Rogaland","H","Høyre",6,-3
2015,"ko","kommune","Tysvær","Rogaland","FRP","Fremskrittspartiet",4,0
2015,"ko","kommune","Tysvær","Rogaland","BLANKE","Blanke",0,0
2015,"ko","kommune","Tysvær","Rogaland","KRISTNE","Partiet De Kristne",0,0
2015,"ko","kommune","Tysvær","Rogaland","Andre","Andre",0,0
2015,"ko","kommune","Tysvær","Rogaland","Andre2","Andre2",0,0
2015,"ko","kommune","Karmøy","Rogaland","A","Arbeiderpartiet",15,4
2015,"ko","kommune","Karmøy","Rogaland","SV","Sosialistisk Venstreparti",1,0
2015,"ko","kommune","Karmøy","Rogaland","RØDT","Rødt",0,0
2015,"ko","kommune","Karmøy","Rogaland","SP","Senterpartiet",2,1
2015,"ko","kommune","Karmøy","Rogaland","KRF","Kristelig Folkeparti",7,0
2015,"ko","kommune","Karmøy","Rogaland","MDG","Miljøpartiet De Grønne",1,1
2015,"ko","kommune","Karmøy","Rogaland","V","Venstre",1,0
2015,"ko","kommune","Karmøy","Rogaland","H","Høyre",8,-4
2015,"ko","kommune","Karmøy","Rogaland","FRP","Fremskrittspartiet",9,-2
2015,"ko","kommune","Karmøy","Rogaland","BLANKE","Blanke",0,0
2015,"ko","kommune","Karmøy","Rogaland","KRISTNE","Partiet De Kristne",1,1
2015,"ko","kommune","Karmøy","Rogaland","Andre","Andre",1,1
2015,"ko","kommune","Karmøy","Rogaland","Andre2","Andre2",0,-1
2015,"ko","kommune","Utsira","Rogaland","BLANKE","Blanke",0,0
2015,"ko","kommune","Utsira","Rogaland","BLUT","Utsira Bygdeliste",5,5
2015,"ko","kommune","Utsira","Rogaland","FLUT","Utsira Fellesliste",6,-3
2015,"ko","kommune","Utsira","Rogaland","Andre","Andre",11,2
2015,"ko","kommune","Utsira","Rogaland","Andre2","Andre2",0,-2
2015,"ko","kommune","Vindafjord","Rogaland","A","Arbeiderpartiet",3,-1
2015,"ko","kommune","Vindafjord","Rogaland","SV","Sosialistisk Venstreparti",1,0
2015,"ko","kommune","Vindafjord","Rogaland","SP","Senterpartiet",10,2
2015,"ko","kommune","Vindafjord","Rogaland","KRF","Kristelig Folkeparti",3,0
2015,"ko","kommune","Vindafjord","Rogaland","V","Venstre",2,2
2015,"ko","kommune","Vindafjord","Rogaland","H","Høyre",3,-2
2015,"ko","kommune","Vindafjord","Rogaland","FRP","Fremskrittspartiet",2,-1
2015,"ko","kommune","Vindafjord","Rogaland","BLANKE","Blanke",0,0
2015,"ko","kommune","Vindafjord","Rogaland","KRLB","Bjoa Bygdeliste",1,0
2015,"ko","kommune","Vindafjord","Rogaland","Andre","Andre",1,0
2015,"ko","kommune","Vindafjord","Rogaland","Andre2","Andre2",0,0
2015,"ko","kommune","Bergen","Hordaland","A","Arbeiderpartiet",26,7
2015,"ko","kommune","Bergen","Hordaland","SV","Sosialistisk Venstreparti",5,2
2015,"ko","kommune","Bergen","Hordaland","RØDT","Rødt",2,0
2015,"ko","kommune","Bergen","Hordaland","SP","Senterpartiet",1,0
2015,"ko","kommune","Bergen","Hordaland","KRF","Kristelig Folkeparti",4,0
2015,"ko","kommune","Bergen","Hordaland","MDG","Miljøpartiet De Grønne",4,3
2015,"ko","kommune","Bergen","Hordaland","V","Venstre",4,-1
2015,"ko","kommune","Bergen","Hordaland","H","Høyre",15,-9
2015,"ko","kommune","Bergen","Hordaland","FRP","Fremskrittspartiet",6,-1
2015,"ko","kommune","Bergen","Hordaland","DEMN","Demokratene i Norge",0,0
2015,"ko","kommune","Bergen","Hordaland","KYST","Kystpartiet",0,0
2015,"ko","kommune","Bergen","Hordaland","PP","Pensjonistpartiet",0,0
2015,"ko","kommune","Bergen","Hordaland","BLANKE","Blanke",0,0
2015,"ko","kommune","Bergen","Hordaland","FI","Feministisk Initiativ",0,0
2015,"ko","kommune","Bergen","Hordaland","FOLKEM","Folkemakten",0,0
2015,"ko","kommune","Bergen","Hordaland","KRISTNE","Partiet De Kristne",0,0
2015,"ko","kommune","Bergen","Hordaland","Andre","Andre",0,0
2015,"ko","kommune","Bergen","Hordaland","Andre2","Andre2",0,-1
2015,"ko","kommune","Etne","Hordaland","A","Arbeiderpartiet",5,-1
2015,"ko","kommune","Etne","Hordaland","SP","Senterpartiet",6,0
2015,"ko","kommune","Etne","Hordaland","KRF","Kristelig Folkeparti",2,0
2015,"ko","kommune","Etne","Hordaland","V","Venstre",1,0
2015,"ko","kommune","Etne","Hordaland","H","Høyre",3,0
2015,"ko","kommune","Etne","Hordaland","FRP","Fremskrittspartiet",4,1
2015,"ko","kommune","Etne","Hordaland","BLANKE","Blanke",0,0
2015,"ko","kommune","Etne","Hordaland","Andre","Andre",0,0
2015,"ko","kommune","Etne","Hordaland","Andre2","Andre2",0,0
2015,"ko","kommune","Sveio","Hordaland","A","Arbeiderpartiet",9,4
2015,"ko","kommune","Sveio","Hordaland","SV","Sosialistisk Venstreparti",0,0
2015,"ko","kommune","Sveio","Hordaland","SP","Senterpartiet",3,0
2015,"ko","kommune","Sveio","Hordaland","KRF","Kristelig Folkeparti",3,-1
2015,"ko","kommune","Sveio","Hordaland","MDG","Miljøpartiet De Grønne",1,1
2015,"ko","kommune","Sveio","Hordaland","V","Venstre",1,0
2015,"ko","kommune","Sveio","Hordaland","H","Høyre",4,-2
2015,"ko","kommune","Sveio","Hordaland","FRP","Fremskrittspartiet",4,-1
2015,"ko","kommune","Sveio","Hordaland","BLANKE","Blanke",0,0
2015,"ko","kommune","Sveio","Hordaland","Andre","Andre",0,0
2015,"ko","kommune","Sveio","Hordaland","Andre2","Andre2",0,-1
2015,"ko","kommune","Bømlo","Hordaland","A","Arbeiderpartiet",8,1
2015,"ko","kommune","Bømlo","Hordaland","SV","Sosialistisk Venstreparti",1,1
2015,"ko","kommune","Bømlo","Hordaland","SP","Senterpartiet",2,1
2015,"ko","kommune","Bømlo","Hordaland","KRF","Kristelig Folkeparti",5,1
2015,"ko","kommune","Bømlo","Hordaland","MDG","Miljøpartiet De Grønne",1,1
2015,"ko","kommune","Bømlo","Hordaland","V","Venstre",2,0
2015,"ko","kommune","Bømlo","Hordaland","H","Høyre",5,-2
2015,"ko","kommune","Bømlo","Hordaland","FRP","Fremskrittspartiet",2,-2
2015,"ko","kommune","Bømlo","Hordaland","KYST","Kystpartiet",0,0
2015,"ko","kommune","Bømlo","Hordaland","BLANKE","Blanke",0,0
2015,"ko","kommune","Bømlo","Hordaland","KRISTNE","Partiet De Kristne",1,-1
2015,"ko","kommune","Bømlo","Hordaland","Andre","Andre",1,-1
2015,"ko","kommune","Bømlo","Hordaland","Andre2","Andre2",0,0
2015,"ko","kommune","Stord","Hordaland","A","Arbeiderpartiet",11,1
2015,"ko","kommune","Stord","Hordaland","SV","Sosialistisk Venstreparti",4,2
2015,"ko","kommune","Stord","Hordaland","SP","Senterpartiet",3,0
2015,"ko","kommune","Stord","Hordaland","KRF","Kristelig Folkeparti",3,0
2015,"ko","kommune","Stord","Hordaland","MDG","Miljøpartiet De Grønne",1,1
2015,"ko","kommune","Stord","Hordaland","V","Venstre",1,-1
2015,"ko","kommune","Stord","Hordaland","H","Høyre",6,-3
2015,"ko","kommune","Stord","Hordaland","FRP","Fremskrittspartiet",4,-1
2015,"ko","kommune","Stord","Hordaland","BLANKE","Blanke",0,0
2015,"ko","kommune","Stord","Hordaland","KRISTNE","Partiet De Kristne",0,0
2015,"ko","kommune","Stord","Hordaland","STL","Stordlisto",2,2
2015,"ko","kommune","Stord","Hordaland","Andre","Andre",2,2
2015,"ko","kommune","Stord","Hordaland","Andre2","Andre2",0,-1
2015,"ko","kommune","Fitjar","Hordaland","A","Arbeiderpartiet",3,0
2015,"ko","kommune","Fitjar","Hordaland","SV","Sosialistisk Venstreparti",0,0
2015,"ko","kommune","Fitjar","Hordaland","SP","Senterpartiet",2,0
2015,"ko","kommune","Fitjar","Hordaland","KRF","Kristelig Folkeparti",3,-1
2015,"ko","kommune","Fitjar","Hordaland","H","Høyre",7,0
2015,"ko","kommune","Fitjar","Hordaland","FRP","Fremskrittspartiet",2,1
2015,"ko","kommune","Fitjar","Hordaland","BLANKE","Blanke",0,0
2015,"ko","kommune","Fitjar","Hordaland","FLISTO","Fitjarlista 2011",0,0
2015,"ko","kommune","Fitjar","Hordaland","Andre","Andre",0,0
2015,"ko","kommune","Fitjar","Hordaland","Andre2","Andre2",0,0
2015,"ko","kommune","Tysnes","Hordaland","A","Arbeiderpartiet",7,1
2015,"ko","kommune","Tysnes","Hordaland","SP","Senterpartiet",4,2
2015,"ko","kommune","Tysnes","Hordaland","KRF","Kristelig Folkeparti",2,-1
2015,"ko","kommune","Tysnes","Hordaland","MDG","Miljøpartiet De Grønne",0,0
2015,"ko","kommune","Tysnes","Hordaland","V","Venstre",1,-1
2015,"ko","kommune","Tysnes","Hordaland","H","Høyre",5,1
2015,"ko","kommune","Tysnes","Hordaland","FRP","Fremskrittspartiet",2,-2
2015,"ko","kommune","Tysnes","Hordaland","BLANKE","Blanke",0,0
2015,"ko","kommune","Tysnes","Hordaland","Andre","Andre",0,0
2015,"ko","kommune","Tysnes","Hordaland","Andre2","Andre2",0,0
2015,"ko","kommune","Kvinnherad","Hordaland","A","Arbeiderpartiet",8,-1
2015,"ko","kommune","Kvinnherad","Hordaland","SP","Senterpartiet",6,3
2015,"ko","kommune","Kvinnherad","Hordaland","KRF","Kristelig Folkeparti",2,-1
2015,"ko","kommune","Kvinnherad","Hordaland","MDG","Miljøpartiet De Grønne",1,1
2015,"ko","kommune","Kvinnherad","Hordaland","V","Venstre",1,-1
2015,"ko","kommune","Kvinnherad","Hordaland","H","Høyre",12,1
2015,"ko","kommune","Kvinnherad","Hordaland","FRP","Fremskrittspartiet",3,-2
2015,"ko","kommune","Kvinnherad","Hordaland","BLANKE","Blanke",0,0
2015,"ko","kommune","Kvinnherad","Hordaland","KRISTNE","Partiet De Kristne",0,0
2015,"ko","kommune","Kvinnherad","Hordaland","SVRA","Sosialistisk Fellesliste av SV og Raudt",2,2
2015,"ko","kommune","Kvinnherad","Hordaland","Andre","Andre",2,2
2015,"ko","kommune","Kvinnherad","Hordaland","Andre2","Andre2",0,-2
2015,"ko","kommune","Jondal","Hordaland","A","Arbeiderpartiet",4,0
2015,"ko","kommune","Jondal","Hordaland","SP","Senterpartiet",8,-1
2015,"ko","kommune","Jondal","Hordaland","KRF","Kristelig Folkeparti",2,0
2015,"ko","kommune","Jondal","Hordaland","H","Høyre",3,1
2015,"ko","kommune","Jondal","Hordaland","BLANKE","Blanke",0,0
2015,"ko","kommune","Jondal","Hordaland","Andre","Andre",0,0
2015,"ko","kommune","Jondal","Hordaland","Andre2","Andre2",0,0
2015,"ko","kommune","Odda","Hordaland","A","Arbeiderpartiet",12,3
2015,"ko","kommune","Odda","Hordaland","SV","Sosialistisk Venstreparti",0,0
2015,"ko","kommune","Odda","Hordaland","RØDT","Rødt",2,-1
2015,"ko","kommune","Odda","Hordaland","SP","Senterpartiet",2,0
2015,"ko","kommune","Odda","Hordaland","KRF","Kristelig Folkeparti",1,1
2015,"ko","kommune","Odda","Hordaland","V","Venstre",3,0
2015,"ko","kommune","Odda","Hordaland","H","Høyre",6,2
2015,"ko","kommune","Odda","Hordaland","BLANKE","Blanke",0,0
2015,"ko","kommune","Odda","Hordaland","MOD","Moderatene",1,1
2015,"ko","kommune","Odda","Hordaland","Andre","Andre",1,1
2015,"ko","kommune","Odda","Hordaland","Andre2","Andre2",0,-6
2015,"ko","kommune","Ullensvang","Hordaland","A","Arbeiderpartiet",3,1
2015,"ko","kommune","Ullensvang","Hordaland","SV","Sosialistisk Venstreparti",3,2
2015,"ko","kommune","Ullensvang","Hordaland","SP","Senterpartiet",9,1
2015,"ko","kommune","Ullensvang","Hordaland","KRF","Kristelig Folkeparti",1,0
2015,"ko","kommune","Ullensvang","Hordaland","V","Venstre",2,-3
2015,"ko","kommune","Ullensvang","Hordaland","H","Høyre",3,-1
2015,"ko","kommune","Ullensvang","Hordaland","BLANKE","Blanke",0,0
2015,"ko","kommune","Ullensvang","Hordaland","Andre","Andre",0,0
2015,"ko","kommune","Ullensvang","Hordaland","Andre2","Andre2",0,0
2015,"ko","kommune","Eidfjord","Hordaland","A","Arbeiderpartiet",8,3
2015,"ko","kommune","Eidfjord","Hordaland","SP","Senterpartiet",7,0
2015,"ko","kommune","Eidfjord","Hordaland","V","Venstre",0,-1
2015,"ko","kommune","Eidfjord","Hordaland","H","Høyre",2,-1
2015,"ko","kommune","Eidfjord","Hordaland","BLANKE","Blanke",0,0
2015,"ko","kommune","Eidfjord","Hordaland","Andre","Andre",0,0
2015,"ko","kommune","Eidfjord","Hordaland","Andre2","Andre2",0,-1
2015,"ko","kommune","Ulvik","Hordaland","A","Arbeiderpartiet",5,2
2015,"ko","kommune","Ulvik","Hordaland","SV","Sosialistisk Venstreparti",2,0
2015,"ko","kommune","Ulvik","Hordaland","SP","Senterpartiet",4,1
2015,"ko","kommune","Ulvik","Hordaland","V","Venstre",4,-2
2015,"ko","kommune","Ulvik","Hordaland","H","Høyre",2,-1
2015,"ko","kommune","Ulvik","Hordaland","BLANKE","Blanke",0,0
2015,"ko","kommune","Ulvik","Hordaland","Andre","Andre",0,0
2015,"ko","kommune","Ulvik","Hordaland","Andre2","Andre2",0,0
2015,"ko","kommune","Granvin","Hordaland","A","Arbeiderpartiet",2,2
2015,"ko","kommune","Granvin","Hordaland","SV","Sosialistisk Venstreparti",1,0
2015,"ko","kommune","Granvin","Hordaland","SP","Senterpartiet",5,1
2015,"ko","kommune","Granvin","Hordaland","V","Venstre",3,-2
2015,"ko","kommune","Granvin","Hordaland","H","Høyre",2,-1
2015,"ko","kommune","Granvin","Hordaland","BLANKE","Blanke",0,0
2015,"ko","kommune","Granvin","Hordaland","Andre","Andre",0,0
2015,"ko","kommune","Granvin","Hordaland","Andre2","Andre2",0,0
2015,"ko","kommune","Voss","Hordaland","A","Arbeiderpartiet",16,4
2015,"ko","kommune","Voss","Hordaland","SV","Sosialistisk Venstreparti",2,-1
2015,"ko","kommune","Voss","Hordaland","RØDT","Rødt",1,0
2015,"ko","kommune","Voss","Hordaland","SP","Senterpartiet",9,1
2015,"ko","kommune","Voss","Hordaland","KRF","Kristelig Folkeparti",2,0
2015,"ko","kommune","Voss","Hordaland","MDG","Miljøpartiet De Grønne",2,2
2015,"ko","kommune","Voss","Hordaland","V","Venstre",3,-2
2015,"ko","kommune","Voss","Hordaland","H","Høyre",6,-2
2015,"ko","kommune","Voss","Hordaland","FRP","Fremskrittspartiet",2,-2
2015,"ko","kommune","Voss","Hordaland","BLANKE","Blanke",0,0
2015,"ko","kommune","Voss","Hordaland","Andre","Andre",0,0
2015,"ko","kommune","Voss","Hordaland","Andre2","Andre2",0,0
2015,"ko","kommune","Kvam","Hordaland","A","Arbeiderpartiet",6,2
2015,"ko","kommune","Kvam","Hordaland","SV","Sosialistisk Venstreparti",1,0
2015,"ko","kommune","Kvam","Hordaland","SP","Senterpartiet",9,3
2015,"ko","kommune","Kvam","Hordaland","KRF","Kristelig Folkeparti",3,-1
2015,"ko","kommune","Kvam","Hordaland","MDG","Miljøpartiet De Grønne",1,1
2015,"ko","kommune","Kvam","Hordaland","V","Venstre",1,-1
2015,"ko","kommune","Kvam","Hordaland","H","Høyre",3,-1
2015,"ko","kommune","Kvam","Hordaland","FRP","Fremskrittspartiet",3,0
2015,"ko","kommune","Kvam","Hordaland","BLANKE","Blanke",0,0
2015,"ko","kommune","Kvam","Hordaland","Andre","Andre",0,0
2015,"ko","kommune","Kvam","Hordaland","Andre2","Andre2",0,-3
2015,"ko","kommune","Fusa","Hordaland","A","Arbeiderpartiet",6,3
2015,"ko","kommune","Fusa","Hordaland","SV","Sosialistisk Venstreparti",0,-1
2015,"ko","kommune","Fusa","Hordaland","SP","Senterpartiet",6,0
2015,"ko","kommune","Fusa","Hordaland","KRF","Kristelig Folkeparti",2,-1
2015,"ko","kommune","Fusa","Hordaland","MDG","Miljøpartiet De Grønne",0,0
2015,"ko","kommune","Fusa","Hordaland","V","Venstre",1,0
2015,"ko","kommune","Fusa","Hordaland","H","Høyre",3,0
2015,"ko","kommune","Fusa","Hordaland","FRP","Fremskrittspartiet",3,-1
2015,"ko","kommune","Fusa","Hordaland","BLANKE","Blanke",0,0
2015,"ko","kommune","Fusa","Hordaland","Andre","Andre",0,0
2015,"ko","kommune","Fusa","Hordaland","Andre2","Andre2",0,0
2015,"ko","kommune","Samnanger","Hordaland","A","Arbeiderpartiet",5,-1
2015,"ko","kommune","Samnanger","Hordaland","SP","Senterpartiet",2,0
2015,"ko","kommune","Samnanger","Hordaland","KRF","Kristelig Folkeparti",2,-2
2015,"ko","kommune","Samnanger","Hordaland","MDG","Miljøpartiet De Grønne",1,1
2015,"ko","kommune","Samnanger","Hordaland","H","Høyre",2,0
2015,"ko","kommune","Samnanger","Hordaland","FRP","Fremskrittspartiet",4,0
2015,"ko","kommune","Samnanger","Hordaland","BLANKE","Blanke",0,0
2015,"ko","kommune","Samnanger","Hordaland","BYGS","Bygdalista",5,2
2015,"ko","kommune","Samnanger","Hordaland","Andre","Andre",5,2
2015,"ko","kommune","Samnanger","Hordaland","Andre2","Andre2",0,0
2015,"ko","kommune","Os","Hordaland","A","Arbeiderpartiet",7,0
2015,"ko","kommune","Os","Hordaland","SV","Sosialistisk Venstreparti",0,0
2015,"ko","kommune","Os","Hordaland","SP","Senterpartiet",2,1
2015,"ko","kommune","Os","Hordaland","KRF","Kristelig Folkeparti",2,0
2015,"ko","kommune","Os","Hordaland","MDG","Miljøpartiet De Grønne",2,2
2015,"ko","kommune","Os","Hordaland","V","Venstre",2,0
2015,"ko","kommune","Os","Hordaland","H","Høyre",4,-2
2015,"ko","kommune","Os","Hordaland","FRP","Fremskrittspartiet",14,1
2015,"ko","kommune","Os","Hordaland","BLANKE","Blanke",0,0
2015,"ko","kommune","Os","Hordaland","TSBO","Tverrpolitisk Samlingsliste Bygdeliste for Os",2,-2
2015,"ko","kommune","Os","Hordaland","Andre","Andre",2,-2
2015,"ko","kommune","Os","Hordaland","Andre2","Andre2",0,0
2015,"ko","kommune","Austevoll","Hordaland","A","Arbeiderpartiet",5,3
2015,"ko","kommune","Austevoll","Hordaland","SP","Senterpartiet",1,-1
2015,"ko","kommune","Austevoll","Hordaland","KRF","Kristelig Folkeparti",2,1
2015,"ko","kommune","Austevoll","Hordaland","MDG","Miljøpartiet De Grønne",0,0
2015,"ko","kommune","Austevoll","Hordaland","V","Venstre",0,0
2015,"ko","kommune","Austevoll","Hordaland","H","Høyre",8,2
2015,"ko","kommune","Austevoll","Hordaland","FRP","Fremskrittspartiet",5,-5
2015,"ko","kommune","Austevoll","Hordaland","BLANKE","Blanke",0,0
2015,"ko","kommune","Austevoll","Hordaland","Andre","Andre",0,0
2015,"ko","kommune","Austevoll","Hordaland","Andre2","Andre2",0,0
2015,"ko","kommune","Sund","Hordaland","A","Arbeiderpartiet",6,1
2015,"ko","kommune","Sund","Hordaland","SV","Sosialistisk Venstreparti",1,0
2015,"ko","kommune","Sund","Hordaland","SP","Senterpartiet",2,0
2015,"ko","kommune","Sund","Hordaland","KRF","Kristelig Folkeparti",1,0
2015,"ko","kommune","Sund","Hordaland","MDG","Miljøpartiet De Grønne",0,0
2015,"ko","kommune","Sund","Hordaland","V","Venstre",1,0
2015,"ko","kommune","Sund","Hordaland","H","Høyre",7,-4
2015,"ko","kommune","Sund","Hordaland","FRP","Fremskrittspartiet",3,-1
2015,"ko","kommune","Sund","Hordaland","BLANKE","Blanke",0,0
2015,"ko","kommune","Sund","Hordaland","Andre","Andre",0,0
2015,"ko","kommune","Sund","Hordaland","Andre2","Andre2",0,0
2015,"ko","kommune","Fjell","Hordaland","A","Arbeiderpartiet",10,0
2015,"ko","kommune","Fjell","Hordaland","SV","Sosialistisk Venstreparti",1,0
2015,"ko","kommune","Fjell","Hordaland","RØDT","Rødt",0,0
2015,"ko","kommune","Fjell","Hordaland","SP","Senterpartiet",1,0
2015,"ko","kommune","Fjell","Hordaland","KRF","Kristelig Folkeparti",4,0
2015,"ko","kommune","Fjell","Hordaland","MDG","Miljøpartiet De Grønne",1,1
2015,"ko","kommune","Fjell","Hordaland","V","Venstre",2,0
2015,"ko","kommune","Fjell","Hordaland","H","Høyre",8,-5
2015,"ko","kommune","Fjell","Hordaland","FRP","Fremskrittspartiet",4,-4
2015,"ko","kommune","Fjell","Hordaland","KYST","Kystpartiet",0,0
2015,"ko","kommune","Fjell","Hordaland","BLANKE","Blanke",0,0
2015,"ko","kommune","Fjell","Hordaland","KRISTNE","Partiet De Kristne",0,0
2015,"ko","kommune","Fjell","Hordaland","SOT","Sotralista",4,-2
2015,"ko","kommune","Fjell","Hordaland","Andre","Andre",4,-2
2015,"ko","kommune","Fjell","Hordaland","Andre2","Andre2",0,0
2015,"ko","kommune","Askøy","Hordaland","A","Arbeiderpartiet",11,0
2015,"ko","kommune","Askøy","Hordaland","SV","Sosialistisk Venstreparti",2,1
2015,"ko","kommune","Askøy","Hordaland","RØDT","Rødt",1,1
2015,"ko","kommune","Askøy","Hordaland","SP","Senterpartiet",0,0
2015,"ko","kommune","Askøy","Hordaland","KRF","Kristelig Folkeparti",2,0
2015,"ko","kommune","Askøy","Hordaland","MDG","Miljøpartiet De Grønne",1,1
2015,"ko","kommune","Askøy","Hordaland","V","Venstre",2,0
2015,"ko","kommune","Askøy","Hordaland","H","Høyre",8,-3
2015,"ko","kommune","Askøy","Hordaland","FRP","Fremskrittspartiet",4,-2
2015,"ko","kommune","Askøy","Hordaland","DEMN","Demokratene i Norge",1,-1
2015,"ko","kommune","Askøy","Hordaland","ASKØY","Askøylisten",3,3
2015,"ko","kommune","Askøy","Hordaland","BLANKE","Blanke",0,0
2015,"ko","kommune","Askøy","Hordaland","KRISTNE","Partiet De Kristne",0,0
2015,"ko","kommune","Askøy","Hordaland","Andre","Andre",4,2
2015,"ko","kommune","Askøy","Hordaland","Andre2","Andre2",0,0
2015,"ko","kommune","Vaksdal","Hordaland","A","Arbeiderpartiet",8,-2
2015,"ko","kommune","Vaksdal","Hordaland","SV","Sosialistisk Venstreparti",3,2
2015,"ko","kommune","Vaksdal","Hordaland","SP","Senterpartiet",4,1
2015,"ko","kommune","Vaksdal","Hordaland","KRF","Kristelig Folkeparti",2,0
2015,"ko","kommune","Vaksdal","Hordaland","MDG","Miljøpartiet De Grønne",1,1
2015,"ko","kommune","Vaksdal","Hordaland","H","Høyre",2,-2
2015,"ko","kommune","Vaksdal","Hordaland","FRP","Fremskrittspartiet",1,0
2015,"ko","kommune","Vaksdal","Hordaland","BLANKE","Blanke",0,0
2015,"ko","kommune","Vaksdal","Hordaland","Andre","Andre",0,0
2015,"ko","kommune","Vaksdal","Hordaland","Andre2","Andre2",0,0
2015,"ko","kommune","Modalen","Hordaland","BLANKE","Blanke",0,0
2015,"ko","kommune","Modalen","Hordaland","SLMO","Samlingslista",6,-1
2015,"ko","kommune","Modalen","Hordaland","SOLR","Solrenningslista",7,1
2015,"ko","kommune","Modalen","Hordaland","Andre","Andre",13,0
2015,"ko","kommune","Modalen","Hordaland","Andre2","Andre2",0,0
2015,"ko","kommune","Osterøy","Hordaland","A","Arbeiderpartiet",8,-2
2015,"ko","kommune","Osterøy","Hordaland","SV","Sosialistisk Venstreparti",0,0
2015,"ko","kommune","Osterøy","Hordaland","RØDT","Rødt",0,0
2015,"ko","kommune","Osterøy","Hordaland","SP","Senterpartiet",2,-1
2015,"ko","kommune","Osterøy","Hordaland","KRF","Kristelig Folkeparti",4,2
2015,"ko","kommune","Osterøy","Hordaland","MDG","Miljøpartiet De Grønne",2,2
2015,"ko","kommune","Osterøy","Hordaland","V","Venstre",1,0
2015,"ko","kommune","Osterøy","Hordaland","H","Høyre",4,-2
2015,"ko","kommune","Osterøy","Hordaland","FRP","Fremskrittspartiet",6,1
2015,"ko","kommune","Osterøy","Hordaland","BLANKE","Blanke",0,0
2015,"ko","kommune","Osterøy","Hordaland","Andre","Andre",0,0
2015,"ko","kommune","Osterøy","Hordaland","Andre2","Andre2",0,0
2015,"ko","kommune","Meland","Hordaland","A","Arbeiderpartiet",7,2
2015,"ko","kommune","Meland","Hordaland","SP","Senterpartiet",3,-1
2015,"ko","kommune","Meland","Hordaland","KRF","Kristelig Folkeparti",3,0
2015,"ko","kommune","Meland","Hordaland","MDG","Miljøpartiet De Grønne",2,1
2015,"ko","kommune","Meland","Hordaland","V","Venstre",2,0
2015,"ko","kommune","Meland","Hordaland","H","Høyre",5,-1
2015,"ko","kommune","Meland","Hordaland","FRP","Fremskrittspartiet",4,0
2015,"ko","kommune","Meland","Hordaland","BLANKE","Blanke",0,0
2015,"ko","kommune","Meland","Hordaland","BYFO","Bygdelista Folkeviljen",1,1
2015,"ko","kommune","Meland","Hordaland","Andre","Andre",1,1
2015,"ko","kommune","Meland","Hordaland","Andre2","Andre2",0,-2
2015,"ko","kommune","Øygarden","Hordaland","A","Arbeiderpartiet",6,-1
2015,"ko","kommune","Øygarden","Hordaland","SV","Sosialistisk Venstreparti",1,0
2015,"ko","kommune","Øygarden","Hordaland","KRF","Kristelig Folkeparti",2,1
2015,"ko","kommune","Øygarden","Hordaland","H","Høyre",3,-1
2015,"ko","kommune","Øygarden","Hordaland","FRP","Fremskrittspartiet",2,0
2015,"ko","kommune","Øygarden","Hordaland","BLANKE","Blanke",0,0
2015,"ko","kommune","Øygarden","Hordaland","TVØ","Tverrpolitisk valliste TVØ",9,1
2015,"ko","kommune","Øygarden","Hordaland","Andre","Andre",9,1
2015,"ko","kommune","Øygarden","Hordaland","Andre2","Andre2",0,0
2015,"ko","kommune","Radøy","Hordaland","A","Arbeiderpartiet",5,1
2015,"ko","kommune","Radøy","Hordaland","SP","Senterpartiet",9,0
2015,"ko","kommune","Radøy","Hordaland","KRF","Kristelig Folkeparti",2,0
2015,"ko","kommune","Radøy","Hordaland","MDG","Miljøpartiet De Grønne",0,0
2015,"ko","kommune","Radøy","Hordaland","V","Venstre",2,0
2015,"ko","kommune","Radøy","Hordaland","H","Høyre",5,0
2015,"ko","kommune","Radøy","Hordaland","FRP","Fremskrittspartiet",2,-1
2015,"ko","kommune","Radøy","Hordaland","BLANKE","Blanke",0,0
2015,"ko","kommune","Radøy","Hordaland","Andre","Andre",0,0
2015,"ko","kommune","Radøy","Hordaland","Andre2","Andre2",0,0
2015,"ko","kommune","Lindås","Hordaland","A","Arbeiderpartiet",6,0
2015,"ko","kommune","Lindås","Hordaland","SV","Sosialistisk Venstreparti",1,1
2015,"ko","kommune","Lindås","Hordaland","SP","Senterpartiet",4,1
2015,"ko","kommune","Lindås","Hordaland","KRF","Kristelig Folkeparti",9,1
2015,"ko","kommune","Lindås","Hordaland","MDG","Miljøpartiet De Grønne",1,1
2015,"ko","kommune","Lindås","Hordaland","V","Venstre",1,-1
2015,"ko","kommune","Lindås","Hordaland","H","Høyre",4,-3
2015,"ko","kommune","Lindås","Hordaland","FRP","Fremskrittspartiet",5,0
2015,"ko","kommune","Lindås","Hordaland","BLANKE","Blanke",0,0
2015,"ko","kommune","Lindås","Hordaland","KRISTNE","Partiet De Kristne",0,0
2015,"ko","kommune","Lindås","Hordaland","Andre","Andre",0,0
2015,"ko","kommune","Lindås","Hordaland","Andre2","Andre2",0,0
2015,"ko","kommune","Austrheim","Hordaland","A","Arbeiderpartiet",8,2
2015,"ko","kommune","Austrheim","Hordaland","SP","Senterpartiet",1,0
2015,"ko","kommune","Austrheim","Hordaland","KRF","Kristelig Folkeparti",2,0
2015,"ko","kommune","Austrheim","Hordaland","MDG","Miljøpartiet De Grønne",0,0
2015,"ko","kommune","Austrheim","Hordaland","V","Venstre",2,0
2015,"ko","kommune","Austrheim","Hordaland","H","Høyre",4,-1
2015,"ko","kommune","Austrheim","Hordaland","BLANKE","Blanke",0,0
2015,"ko","kommune","Austrheim","Hordaland","Andre","Andre",0,0
2015,"ko","kommune","Austrheim","Hordaland","Andre2","Andre2",0,-1
2015,"ko","kommune","Fedje","Hordaland","A","Arbeiderpartiet",3,-2
2015,"ko","kommune","Fedje","Hordaland","KRF","Kristelig Folkeparti",4,1
2015,"ko","kommune","Fedje","Hordaland","H","Høyre",5,1
2015,"ko","kommune","Fedje","Hordaland","FRP","Fremskrittspartiet",2,0
2015,"ko","kommune","Fedje","Hordaland","DEMN","Demokratene i Norge",1,0
2015,"ko","kommune","Fedje","Hordaland","BLANKE","Blanke",0,0
2015,"ko","kommune","Fedje","Hordaland","Andre","Andre",1,0
2015,"ko","kommune","Fedje","Hordaland","Andre2","Andre2",0,0
2015,"ko","kommune","Masfjorden","Hordaland","A","Arbeiderpartiet",4,1
2015,"ko","kommune","Masfjorden","Hordaland","SP","Senterpartiet",2,0
2015,"ko","kommune","Masfjorden","Hordaland","KRF","Kristelig Folkeparti",2,0
2015,"ko","kommune","Masfjorden","Hordaland","MDG","Miljøpartiet De Grønne",0,0
2015,"ko","kommune","Masfjorden","Hordaland","V","Venstre",1,-1
2015,"ko","kommune","Masfjorden","Hordaland","H","Høyre",7,1
2015,"ko","kommune","Masfjorden","Hordaland","FRP","Fremskrittspartiet",1,-1
2015,"ko","kommune","Masfjorden","Hordaland","BLANKE","Blanke",0,0
2015,"ko","kommune","Masfjorden","Hordaland","Andre","Andre",0,0
2015,"ko","kommune","Masfjorden","Hordaland","Andre2","Andre2",0,0
2015,"ko","kommune","Flora","Sogn og Fjordane","A","Arbeiderpartiet",11,-1
2015,"ko","kommune","Flora","Sogn og Fjordane","SV","Sosialistisk Venstreparti",1,0
2015,"ko","kommune","Flora","Sogn og Fjordane","SP","Senterpartiet",1,0
2015,"ko","kommune","Flora","Sogn og Fjordane","KRF","Kristelig Folkeparti",1,0
2015,"ko","kommune","Flora","Sogn og Fjordane","MDG","Miljøpartiet De Grønne",1,1
2015,"ko","kommune","Flora","Sogn og Fjordane","V","Venstre",3,-2
2015,"ko","kommune","Flora","Sogn og Fjordane","H","Høyre",7,-6
2015,"ko","kommune","Flora","Sogn og Fjordane","FRP","Fremskrittspartiet",1,-1
2015,"ko","kommune","Flora","Sogn og Fjordane","BLANKE","Blanke",0,0
2015,"ko","kommune","Flora","Sogn og Fjordane","KRISTNE","Partiet De Kristne",0,0
2015,"ko","kommune","Flora","Sogn og Fjordane","SAMFLORA","Samlingslista",5,5
2015,"ko","kommune","Flora","Sogn og Fjordane","Andre","Andre",5,5
2015,"ko","kommune","Flora","Sogn og Fjordane","Andre2","Andre2",0,0
2015,"ko","kommune","Gulen","Sogn og Fjordane","A","Arbeiderpartiet",3,1
2015,"ko","kommune","Gulen","Sogn og Fjordane","SP","Senterpartiet",9,1
2015,"ko","kommune","Gulen","Sogn og Fjordane","KRF","Kristelig Folkeparti",1,-1
2015,"ko","kommune","Gulen","Sogn og Fjordane","V","Venstre",3,0
2015,"ko","kommune","Gulen","Sogn og Fjordane","H","Høyre",5,0
2015,"ko","kommune","Gulen","Sogn og Fjordane","FRP","Fremskrittspartiet",0,-1
2015,"ko","kommune","Gulen","Sogn og Fjordane","BLANKE","Blanke",0,0
2015,"ko","kommune","Gulen","Sogn og Fjordane","Andre","Andre",0,0
2015,"ko","kommune","Gulen","Sogn og Fjordane","Andre2","Andre2",0,0
2015,"ko","kommune","Solund","Sogn og Fjordane","A","Arbeiderpartiet",3,1
2015,"ko","kommune","Solund","Sogn og Fjordane","SV","Sosialistisk Venstreparti",2,2
2015,"ko","kommune","Solund","Sogn og Fjordane","SP","Senterpartiet",5,1
2015,"ko","kommune","Solund","Sogn og Fjordane","H","Høyre",5,0
2015,"ko","kommune","Solund","Sogn og Fjordane","BLANKE","Blanke",0,0
2015,"ko","kommune","Solund","Sogn og Fjordane","Andre","Andre",0,0
2015,"ko","kommune","Solund","Sogn og Fjordane","Andre2","Andre2",0,-4
2015,"ko","kommune","Hyllestad","Sogn og Fjordane","A","Arbeiderpartiet",6,1
2015,"ko","kommune","Hyllestad","Sogn og Fjordane","SP","Senterpartiet",6,1
2015,"ko","kommune","Hyllestad","Sogn og Fjordane","KRF","Kristelig Folkeparti",1,1
2015,"ko","kommune","Hyllestad","Sogn og Fjordane","H","Høyre",4,1
2015,"ko","kommune","Hyllestad","Sogn og Fjordane","BLANKE","Blanke",0,0
2015,"ko","kommune","Hyllestad","Sogn og Fjordane","Andre","Andre",0,0
2015,"ko","kommune","Hyllestad","Sogn og Fjordane","Andre2","Andre2",0,-4
2015,"ko","kommune","Høyanger","Sogn og Fjordane","A","Arbeiderpartiet",11,1
2015,"ko","kommune","Høyanger","Sogn og Fjordane","SV","Sosialistisk Venstreparti",0,0
2015,"ko","kommune","Høyanger","Sogn og Fjordane","RØDT","Rødt",2,0
2015,"ko","kommune","Høyanger","Sogn og Fjordane","SP","Senterpartiet",5,1
2015,"ko","kommune","Høyanger","Sogn og Fjordane","KRF","Kristelig Folkeparti",1,0
2015,"ko","kommune","Høyanger","Sogn og Fjordane","MDG","Miljøpartiet De Grønne",0,0
2015,"ko","kommune","Høyanger","Sogn og Fjordane","V","Venstre",0,0
2015,"ko","kommune","Høyanger","Sogn og Fjordane","H","Høyre",2,-2
2015,"ko","kommune","Høyanger","Sogn og Fjordane","KYST","Kystpartiet",0,0
2015,"ko","kommune","Høyanger","Sogn og Fjordane","BLANKE","Blanke",0,0
2015,"ko","kommune","Høyanger","Sogn og Fjordane","Andre","Andre",0,0
2015,"ko","kommune","Høyanger","Sogn og Fjordane","Andre2","Andre2",0,0
2015,"ko","kommune","Vik","Sogn og Fjordane","A","Arbeiderpartiet",6,0
2015,"ko","kommune","Vik","Sogn og Fjordane","SV","Sosialistisk Venstreparti",0,0
2015,"ko","kommune","Vik","Sogn og Fjordane","SP","Senterpartiet",5,1
2015,"ko","kommune","Vik","Sogn og Fjordane","KRF","Kristelig Folkeparti",1,0
2015,"ko","kommune","Vik","Sogn og Fjordane","V","Venstre",3,-1
2015,"ko","kommune","Vik","Sogn og Fjordane","H","Høyre",2,0
2015,"ko","kommune","Vik","Sogn og Fjordane","BLANKE","Blanke",0,0
2015,"ko","kommune","Vik","Sogn og Fjordane","Andre","Andre",0,0
2015,"ko","kommune","Vik","Sogn og Fjordane","Andre2","Andre2",0,0
2015,"ko","kommune","Balestrand","Sogn og Fjordane","A","Arbeiderpartiet",4,0
2015,"ko","kommune","Balestrand","Sogn og Fjordane","SV","Sosialistisk Venstreparti",1,0
2015,"ko","kommune","Balestrand","Sogn og Fjordane","SP","Senterpartiet",5,2
2015,"ko","kommune","Balestrand","Sogn og Fjordane","KRF","Kristelig Folkeparti",3,1
2015,"ko","kommune","Balestrand","Sogn og Fjordane","V","Venstre",2,0
2015,"ko","kommune","Balestrand","Sogn og Fjordane","H","Høyre",2,-3
2015,"ko","kommune","Balestrand","Sogn og Fjordane","BLANKE","Blanke",0,0
2015,"ko","kommune","Balestrand","Sogn og Fjordane","BYGDBAL","Bygdeliste for Balestrand",0,0
2015,"ko","kommune","Balestrand","Sogn og Fjordane","Andre","Andre",0,0
2015,"ko","kommune","Balestrand","Sogn og Fjordane","Andre2","Andre2",0,0
2015,"ko","kommune","Leikanger","Sogn og Fjordane","A","Arbeiderpartiet",7,0
2015,"ko","kommune","Leikanger","Sogn og Fjordane","SV","Sosialistisk Venstreparti",1,-1
2015,"ko","kommune","Leikanger","Sogn og Fjordane","SP","Senterpartiet",5,2
2015,"ko","kommune","Leikanger","Sogn og Fjordane","V","Venstre",3,0
2015,"ko","kommune","Leikanger","Sogn og Fjordane","H","Høyre",1,-1
2015,"ko","kommune","Leikanger","Sogn og Fjordane","BLANKE","Blanke",0,0
2015,"ko","kommune","Leikanger","Sogn og Fjordane","Andre","Andre",0,0
2015,"ko","kommune","Leikanger","Sogn og Fjordane","Andre2","Andre2",0,0
2015,"ko","kommune","Sogndal","Sogn og Fjordane","A","Arbeiderpartiet",8,-1
2015,"ko","kommune","Sogndal","Sogn og Fjordane","SV","Sosialistisk Venstreparti",2,0
2015,"ko","kommune","Sogndal","Sogn og Fjordane","SP","Senterpartiet",6,2
2015,"ko","kommune","Sogndal","Sogn og Fjordane","KRF","Kristelig Folkeparti",1,-1
2015,"ko","kommune","Sogndal","Sogn og Fjordane","V","Venstre",2,0
2015,"ko","kommune","Sogndal","Sogn og Fjordane","H","Høyre",4,1
2015,"ko","kommune","Sogndal","Sogn og Fjordane","FRP","Fremskrittspartiet",2,-1
2015,"ko","kommune","Sogndal","Sogn og Fjordane","BLANKE","Blanke",0,0
2015,"ko","kommune","Sogndal","Sogn og Fjordane","Andre","Andre",0,0
2015,"ko","kommune","Sogndal","Sogn og Fjordane","Andre2","Andre2",0,0
2015,"ko","kommune","Aurland","Sogn og Fjordane","A","Arbeiderpartiet",4,0
2015,"ko","kommune","Aurland","Sogn og Fjordane","SP","Senterpartiet",4,-1
2015,"ko","kommune","Aurland","Sogn og Fjordane","MDG","Miljøpartiet De Grønne",2,1
2015,"ko","kommune","Aurland","Sogn og Fjordane","V","Venstre",1,-1
2015,"ko","kommune","Aurland","Sogn og Fjordane","H","Høyre",6,1
2015,"ko","kommune","Aurland","Sogn og Fjordane","BLANKE","Blanke",0,0
2015,"ko","kommune","Aurland","Sogn og Fjordane","Andre","Andre",0,0
2015,"ko","kommune","Aurland","Sogn og Fjordane","Andre2","Andre2",0,0
2015,"ko","kommune","Lærdal","Sogn og Fjordane","A","Arbeiderpartiet",5,1
2015,"ko","kommune","Lærdal","Sogn og Fjordane","SV","Sosialistisk Venstreparti",1,-2
2015,"ko","kommune","Lærdal","Sogn og Fjordane","SP","Senterpartiet",8,3
2015,"ko","kommune","Lærdal","Sogn og Fjordane","V","Venstre",1,-1
2015,"ko","kommune","Lærdal","Sogn og Fjordane","H","Høyre",2,-1
2015,"ko","kommune","Lærdal","Sogn og Fjordane","BLANKE","Blanke",0,0
2015,"ko","kommune","Lærdal","Sogn og Fjordane","Andre","Andre",0,0
2015,"ko","kommune","Lærdal","Sogn og Fjordane","Andre2","Andre2",0,0
2015,"ko","kommune","Årdal","Sogn og Fjordane","A","Arbeiderpartiet",10,-6
2015,"ko","kommune","Årdal","Sogn og Fjordane","SP","Senterpartiet",8,5
2015,"ko","kommune","Årdal","Sogn og Fjordane","MDG","Miljøpartiet De Grønne",1,1
2015,"ko","kommune","Årdal","Sogn og Fjordane","V","Venstre",1,1
2015,"ko","kommune","Årdal","Sogn og Fjordane","H","Høyre",1,0
2015,"ko","kommune","Årdal","Sogn og Fjordane","FRP","Fremskrittspartiet",0,-1
2015,"ko","kommune","Årdal","Sogn og Fjordane","BLANKE","Blanke",0,0
2015,"ko","kommune","Årdal","Sogn og Fjordane","Andre","Andre",0,0
2015,"ko","kommune","Årdal","Sogn og Fjordane","Andre2","Andre2",0,0
2015,"ko","kommune","Luster","Sogn og Fjordane","A","Arbeiderpartiet",7,-1
2015,"ko","kommune","Luster","Sogn og Fjordane","SV","Sosialistisk Venstreparti",0,0
2015,"ko","kommune","Luster","Sogn og Fjordane","SP","Senterpartiet",13,6
2015,"ko","kommune","Luster","Sogn og Fjordane","KRF","Kristelig Folkeparti",1,-1
2015,"ko","kommune","Luster","Sogn og Fjordane","V","Venstre",1,-1
2015,"ko","kommune","Luster","Sogn og Fjordane","H","Høyre",2,-1
2015,"ko","kommune","Luster","Sogn og Fjordane","FRP","Fremskrittspartiet",1,-2
2015,"ko","kommune","Luster","Sogn og Fjordane","BLANKE","Blanke",0,0
2015,"ko","kommune","Luster","Sogn og Fjordane","KRISTNE","Partiet De Kristne",0,0
2015,"ko","kommune","Luster","Sogn og Fjordane","Andre","Andre",0,0
2015,"ko","kommune","Luster","Sogn og Fjordane","Andre2","Andre2",0,0
2015,"ko","kommune","Askvoll","Sogn og Fjordane","A","Arbeiderpartiet",3,-1
2015,"ko","kommune","Askvoll","Sogn og Fjordane","SV","Sosialistisk Venstreparti",1,1
2015,"ko","kommune","Askvoll","Sogn og Fjordane","SP","Senterpartiet",4,0
2015,"ko","kommune","Askvoll","Sogn og Fjordane","V","Venstre",5,0
2015,"ko","kommune","Askvoll","Sogn og Fjordane","H","Høyre",8,2
2015,"ko","kommune","Askvoll","Sogn og Fjordane","BLANKE","Blanke",0,0
2015,"ko","kommune","Askvoll","Sogn og Fjordane","Andre","Andre",0,0
2015,"ko","kommune","Askvoll","Sogn og Fjordane","Andre2","Andre2",0,-2
2015,"ko","kommune","Fjaler","Sogn og Fjordane","A","Arbeiderpartiet",7,-4
2015,"ko","kommune","Fjaler","Sogn og Fjordane","SV","Sosialistisk Venstreparti",1,0
2015,"ko","kommune","Fjaler","Sogn og Fjordane","SP","Senterpartiet",8,4
2015,"ko","kommune","Fjaler","Sogn og Fjordane","KRF","Kristelig Folkeparti",1,0
2015,"ko","kommune","Fjaler","Sogn og Fjordane","MDG","Miljøpartiet De Grønne",1,1
2015,"ko","kommune","Fjaler","Sogn og Fjordane","V","Venstre",3,0
2015,"ko","kommune","Fjaler","Sogn og Fjordane","H","Høyre",2,-1
2015,"ko","kommune","Fjaler","Sogn og Fjordane","BLANKE","Blanke",0,0
2015,"ko","kommune","Fjaler","Sogn og Fjordane","KRISTNE","Partiet De Kristne",0,0
2015,"ko","kommune","Fjaler","Sogn og Fjordane","Andre","Andre",0,0
2015,"ko","kommune","Fjaler","Sogn og Fjordane","Andre2","Andre2",0,0
2015,"ko","kommune","Gaular","Sogn og Fjordane","A","Arbeiderpartiet",3,0
2015,"ko","kommune","Gaular","Sogn og Fjordane","SV","Sosialistisk Venstreparti",1,0
2015,"ko","kommune","Gaular","Sogn og Fjordane","SP","Senterpartiet",8,2
2015,"ko","kommune","Gaular","Sogn og Fjordane","KRF","Kristelig Folkeparti",2,-1
2015,"ko","kommune","Gaular","Sogn og Fjordane","V","Venstre",0,-1
2015,"ko","kommune","Gaular","Sogn og Fjordane","H","Høyre",7,0
2015,"ko","kommune","Gaular","Sogn og Fjordane","BLANKE","Blanke",0,0
2015,"ko","kommune","Gaular","Sogn og Fjordane","Andre","Andre",0,0
2015,"ko","kommune","Gaular","Sogn og Fjordane","Andre2","Andre2",0,0
2015,"ko","kommune","Jølster","Sogn og Fjordane","A","Arbeiderpartiet",4,-1
2015,"ko","kommune","Jølster","Sogn og Fjordane","SV","Sosialistisk Venstreparti",2,0
2015,"ko","kommune","Jølster","Sogn og Fjordane","SP","Senterpartiet",12,4
2015,"ko","kommune","Jølster","Sogn og Fjordane","KRF","Kristelig Folkeparti",1,-1
2015,"ko","kommune","Jølster","Sogn og Fjordane","V","Venstre",3,-1
2015,"ko","kommune","Jølster","Sogn og Fjordane","H","Høyre",3,0
2015,"ko","kommune","Jølster","Sogn og Fjordane","BLANKE","Blanke",0,0
2015,"ko","kommune","Jølster","Sogn og Fjordane","Andre","Andre",0,0
2015,"ko","kommune","Jølster","Sogn og Fjordane","Andre2","Andre2",0,-1
2015,"ko","kommune","Førde","Sogn og Fjordane","A","Arbeiderpartiet",9,2
2015,"ko","kommune","Førde","Sogn og Fjordane","SV","Sosialistisk Venstreparti",2,-1
2015,"ko","kommune","Førde","Sogn og Fjordane","SP","Senterpartiet",4,1
2015,"ko","kommune","Førde","Sogn og Fjordane","KRF","Kristelig Folkeparti",2,0
2015,"ko","kommune","Førde","Sogn og Fjordane","MDG","Miljøpartiet De Grønne",1,1
2015,"ko","kommune","Førde","Sogn og Fjordane","V","Venstre",2,0
2015,"ko","kommune","Førde","Sogn og Fjordane","H","Høyre",6,-2
2015,"ko","kommune","Førde","Sogn og Fjordane","FRP","Fremskrittspartiet",1,-1
2015,"ko","kommune","Førde","Sogn og Fjordane","BLANKE","Blanke",0,0
2015,"ko","kommune","Førde","Sogn og Fjordane","KRISTNE","Partiet De Kristne",0,0
2015,"ko","kommune","Førde","Sogn og Fjordane","Andre","Andre",0,0
2015,"ko","kommune","Førde","Sogn og Fjordane","Andre2","Andre2",0,0
2015,"ko","kommune","Naustdal","Sogn og Fjordane","A","Arbeiderpartiet",9,3
2015,"ko","kommune","Naustdal","Sogn og Fjordane","SV","Sosialistisk Venstreparti",4,2
2015,"ko","kommune","Naustdal","Sogn og Fjordane","RØDT","Rødt",0,-1
2015,"ko","kommune","Naustdal","Sogn og Fjordane","SP","Senterpartiet",4,0
2015,"ko","kommune","Naustdal","Sogn og Fjordane","KRF","Kristelig Folkeparti",1,0
2015,"ko","kommune","Naustdal","Sogn og Fjordane","MDG","Miljøpartiet De Grønne",0,0
2015,"ko","kommune","Naustdal","Sogn og Fjordane","V","Venstre",1,-1
2015,"ko","kommune","Naustdal","Sogn og Fjordane","H","Høyre",2,-2
2015,"ko","kommune","Naustdal","Sogn og Fjordane","BLANKE","Blanke",0,0
2015,"ko","kommune","Naustdal","Sogn og Fjordane","Andre","Andre",0,0
2015,"ko","kommune","Naustdal","Sogn og Fjordane","Andre2","Andre2",0,-1
2015,"ko","kommune","Bremanger","Sogn og Fjordane","A","Arbeiderpartiet",8,2
2015,"ko","kommune","Bremanger","Sogn og Fjordane","SV","Sosialistisk Venstreparti",1,0
2015,"ko","kommune","Bremanger","Sogn og Fjordane","SP","Senterpartiet",5,0
2015,"ko","kommune","Bremanger","Sogn og Fjordane","KRF","Kristelig Folkeparti",1,0
2015,"ko","kommune","Bremanger","Sogn og Fjordane","V","Venstre",3,1
2015,"ko","kommune","Bremanger","Sogn og Fjordane","H","Høyre",5,-1
2015,"ko","kommune","Bremanger","Sogn og Fjordane","BLANKE","Blanke",0,0
2015,"ko","kommune","Bremanger","Sogn og Fjordane","Andre","Andre",0,0
2015,"ko","kommune","Bremanger","Sogn og Fjordane","Andre2","Andre2",0,-2
2015,"ko","kommune","Vågsøy","Sogn og Fjordane","A","Arbeiderpartiet",6,3
2015,"ko","kommune","Vågsøy","Sogn og Fjordane","RØDT","Rødt",1,1
2015,"ko","kommune","Vågsøy","Sogn og Fjordane","SP","Senterpartiet",4,0
2015,"ko","kommune","Vågsøy","Sogn og Fjordane","KRF","Kristelig Folkeparti",1,-1
2015,"ko","kommune","Vågsøy","Sogn og Fjordane","V","Venstre",3,-1
2015,"ko","kommune","Vågsøy","Sogn og Fjordane","H","Høyre",8,0
2015,"ko","kommune","Vågsøy","Sogn og Fjordane","FRP","Fremskrittspartiet",2,-2
2015,"ko","kommune","Vågsøy","Sogn og Fjordane","BLANKE","Blanke",0,0
2015,"ko","kommune","Vågsøy","Sogn og Fjordane","KRISTNE","Partiet De Kristne",0,0
2015,"ko","kommune","Vågsøy","Sogn og Fjordane","TLV","Tverrpolitisk liste for Vågsøy",2,2
2015,"ko","kommune","Vågsøy","Sogn og Fjordane","Andre","Andre",2,2
2015,"ko","kommune","Vågsøy","Sogn og Fjordane","Andre2","Andre2",0,-2
2015,"ko","kommune","Selje","Sogn og Fjordane","A","Arbeiderpartiet",1,0
2015,"ko","kommune","Selje","Sogn og Fjordane","SP","Senterpartiet",3,2
2015,"ko","kommune","Selje","Sogn og Fjordane","KRF","Kristelig Folkeparti",2,-1
2015,"ko","kommune","Selje","Sogn og Fjordane","H","Høyre",2,-1
2015,"ko","kommune","Selje","Sogn og Fjordane","FRP","Fremskrittspartiet",4,0
2015,"ko","kommune","Selje","Sogn og Fjordane","BLANKE","Blanke",0,0
2015,"ko","kommune","Selje","Sogn og Fjordane","SELTL","Tverrpolitisk liste",5,0
2015,"ko","kommune","Selje","Sogn og Fjordane","Andre","Andre",5,0
2015,"ko","kommune","Selje","Sogn og Fjordane","Andre2","Andre2",0,0
2015,"ko","kommune","Eid","Sogn og Fjordane","A","Arbeiderpartiet",4,2
2015,"ko","kommune","Eid","Sogn og Fjordane","SV","Sosialistisk Venstreparti",1,0
2015,"ko","kommune","Eid","Sogn og Fjordane","SP","Senterpartiet",9,3
2015,"ko","kommune","Eid","Sogn og Fjordane","KRF","Kristelig Folkeparti",1,0
2015,"ko","kommune","Eid","Sogn og Fjordane","V","Venstre",9,-4
2015,"ko","kommune","Eid","Sogn og Fjordane","H","Høyre",4,0
2015,"ko","kommune","Eid","Sogn og Fjordane","FRP","Fremskrittspartiet",1,-1
2015,"ko","kommune","Eid","Sogn og Fjordane","BLANKE","Blanke",0,0
2015,"ko","kommune","Eid","Sogn og Fjordane","Andre","Andre",0,0
2015,"ko","kommune","Eid","Sogn og Fjordane","Andre2","Andre2",0,0
2015,"ko","kommune","Hornindal","Sogn og Fjordane","A","Arbeiderpartiet",4,2
2015,"ko","kommune","Hornindal","Sogn og Fjordane","SP","Senterpartiet",6,0
2015,"ko","kommune","Hornindal","Sogn og Fjordane","V","Venstre",2,-1
2015,"ko","kommune","Hornindal","Sogn og Fjordane","H","Høyre",5,-1
2015,"ko","kommune","Hornindal","Sogn og Fjordane","BLANKE","Blanke",0,0
2015,"ko","kommune","Hornindal","Sogn og Fjordane","Andre","Andre",0,0
2015,"ko","kommune","Hornindal","Sogn og Fjordane","Andre2","Andre2",0,0
2015,"ko","kommune","Gloppen","Sogn og Fjordane","A","Arbeiderpartiet",2,-1
2015,"ko","kommune","Gloppen","Sogn og Fjordane","SV","Sosialistisk Venstreparti",1,0
2015,"ko","kommune","Gloppen","Sogn og Fjordane","SP","Senterpartiet",11,2
2015,"ko","kommune","Gloppen","Sogn og Fjordane","KRF","Kristelig Folkeparti",7,4
2015,"ko","kommune","Gloppen","Sogn og Fjordane","MDG","Miljøpartiet De Grønne",1,1
2015,"ko","kommune","Gloppen","Sogn og Fjordane","V","Venstre",1,-1
2015,"ko","kommune","Gloppen","Sogn og Fjordane","H","Høyre",2,-3
2015,"ko","kommune","Gloppen","Sogn og Fjordane","BLANKE","Blanke",0,0
2015,"ko","kommune","Gloppen","Sogn og Fjordane","SAMDEM","Samfunnsdemokratane",2,-2
2015,"ko","kommune","Gloppen","Sogn og Fjordane","Andre","Andre",2,-2
2015,"ko","kommune","Gloppen","Sogn og Fjordane","Andre2","Andre2",0,0
2015,"ko","kommune","Stryn","Sogn og Fjordane","A","Arbeiderpartiet",3,-1
2015,"ko","kommune","Stryn","Sogn og Fjordane","SV","Sosialistisk Venstreparti",0,0
2015,"ko","kommune","Stryn","Sogn og Fjordane","SP","Senterpartiet",7,0
2015,"ko","kommune","Stryn","Sogn og Fjordane","KRF","Kristelig Folkeparti",2,0
2015,"ko","kommune","Stryn","Sogn og Fjordane","MDG","Miljøpartiet De Grønne",0,0
2015,"ko","kommune","Stryn","Sogn og Fjordane","V","Venstre",2,0
2015,"ko","kommune","Stryn","Sogn og Fjordane","H","Høyre",10,2
2015,"ko","kommune","Stryn","Sogn og Fjordane","FRP","Fremskrittspartiet",1,-1
2015,"ko","kommune","Stryn","Sogn og Fjordane","BLANKE","Blanke",0,0
2015,"ko","kommune","Stryn","Sogn og Fjordane","Andre","Andre",0,0
2015,"ko","kommune","Stryn","Sogn og Fjordane","Andre2","Andre2",0,0
2015,"ko","kommune","Molde","Møre og Romsdal","A","Arbeiderpartiet",8,-1
2015,"ko","kommune","Molde","Møre og Romsdal","SV","Sosialistisk Venstreparti",3,0
2015,"ko","kommune","Molde","Møre og Romsdal","SP","Senterpartiet",3,0
2015,"ko","kommune","Molde","Møre og Romsdal","KRF","Kristelig Folkeparti",3,-1
2015,"ko","kommune","Molde","Møre og Romsdal","MDG","Miljøpartiet De Grønne",2,2
2015,"ko","kommune","Molde","Møre og Romsdal","V","Venstre",3,-3
2015,"ko","kommune","Molde","Møre og Romsdal","H","Høyre",17,0
2015,"ko","kommune","Molde","Møre og Romsdal","FRP","Fremskrittspartiet",4,-1
2015,"ko","kommune","Molde","Møre og Romsdal","PP","Pensjonistpartiet",0,0
2015,"ko","kommune","Molde","Møre og Romsdal","BLANKE","Blanke",0,0
2015,"ko","kommune","Molde","Møre og Romsdal","BOR","Borgerlisten",4,4
2015,"ko","kommune","Molde","Møre og Romsdal","KRISTNE","Partiet De Kristne",0,0
2015,"ko","kommune","Molde","Møre og Romsdal","Andre","Andre",4,4
2015,"ko","kommune","Molde","Møre og Romsdal","Andre2","Andre2",0,0
2015,"ko","kommune","Ålesund","Møre og Romsdal","A","Arbeiderpartiet",18,6
2015,"ko","kommune","Ålesund","Møre og Romsdal","SV","Sosialistisk Venstreparti",1,0
2015,"ko","kommune","Ålesund","Møre og Romsdal","RØDT","Rødt",0,0
2015,"ko","kommune","Ålesund","Møre og Romsdal","SP","Senterpartiet",1,1
2015,"ko","kommune","Ålesund","Møre og Romsdal","KRF","Kristelig Folkeparti",5,0
2015,"ko","kommune","Ålesund","Møre og Romsdal","MDG","Miljøpartiet De Grønne",1,1
2015,"ko","kommune","Ålesund","Møre og Romsdal","V","Venstre",3,-1
2015,"ko","kommune","Ålesund","Møre og Romsdal","H","Høyre",9,-5
2015,"ko","kommune","Ålesund","Møre og Romsdal","FRP","Fremskrittspartiet",8,-3
2015,"ko","kommune","Ålesund","Møre og Romsdal","BLANKE","Blanke",0,0
2015,"ko","kommune","Ålesund","Møre og Romsdal","KRISTNE","Partiet De Kristne",0,0
2015,"ko","kommune","Ålesund","Møre og Romsdal","ÅTLÅ","Ålesundlista Tverrpolitisk liste for Ålesund",3,3
2015,"ko","kommune","Ålesund","Møre og Romsdal","Andre","Andre",3,3
2015,"ko","kommune","Ålesund","Møre og Romsdal","Andre2","Andre2",0,-2
2015,"ko","kommune","Kristiansund","Møre og Romsdal","A","Arbeiderpartiet",16,-7
2015,"ko","kommune","Kristiansund","Møre og Romsdal","SV","Sosialistisk Venstreparti",1,0
2015,"ko","kommune","Kristiansund","Møre og Romsdal","RØDT","Rødt",2,1
2015,"ko","kommune","Kristiansund","Møre og Romsdal","SP","Senterpartiet",11,10
2015,"ko","kommune","Kristiansund","Møre og Romsdal","KRF","Kristelig Folkeparti",1,0
2015,"ko","kommune","Kristiansund","Møre og Romsdal","MDG","Miljøpartiet De Grønne",2,2
2015,"ko","kommune","Kristiansund","Møre og Romsdal","V","Venstre",2,0
2015,"ko","kommune","Kristiansund","Møre og Romsdal","H","Høyre",3,-5
2015,"ko","kommune","Kristiansund","Møre og Romsdal","FRP","Fremskrittspartiet",7,-1
2015,"ko","kommune","Kristiansund","Møre og Romsdal","BLANKE","Blanke",0,0
2015,"ko","kommune","Kristiansund","Møre og Romsdal","KRISTNE","Partiet De Kristne",0,0
2015,"ko","kommune","Kristiansund","Møre og Romsdal","Andre","Andre",0,0
2015,"ko","kommune","Kristiansund","Møre og Romsdal","Andre2","Andre2",0,0
2015,"ko","kommune","Vanylven","Møre og Romsdal","A","Arbeiderpartiet",5,1
2015,"ko","kommune","Vanylven","Møre og Romsdal","SP","Senterpartiet",3,-1
2015,"ko","kommune","Vanylven","Møre og Romsdal","KRF","Kristelig Folkeparti",3,-1
2015,"ko","kommune","Vanylven","Møre og Romsdal","V","Venstre",4,2
2015,"ko","kommune","Vanylven","Møre og Romsdal","H","Høyre",3,0
2015,"ko","kommune","Vanylven","Møre og Romsdal","FRP","Fremskrittspartiet",3,-1
2015,"ko","kommune","Vanylven","Møre og Romsdal","BLANKE","Blanke",0,0
2015,"ko","kommune","Vanylven","Møre og Romsdal","Andre","Andre",0,0
2015,"ko","kommune","Vanylven","Møre og Romsdal","Andre2","Andre2",0,0
2015,"ko","kommune","Sande","Møre og Romsdal","A","Arbeiderpartiet",5,3
2015,"ko","kommune","Sande","Møre og Romsdal","SP","Senterpartiet",2,0
2015,"ko","kommune","Sande","Møre og Romsdal","V","Venstre",1,-1
2015,"ko","kommune","Sande","Møre og Romsdal","H","Høyre",7,-1
2015,"ko","kommune","Sande","Møre og Romsdal","FRP","Fremskrittspartiet",2,0
2015,"ko","kommune","Sande","Møre og Romsdal","BLANKE","Blanke",0,0
2015,"ko","kommune","Sande","Møre og Romsdal","TVLKS_V","TVERRPOLITISK LISTE VOKSA SANDSØY KVAMSØY",4,0
2015,"ko","kommune","Sande","Møre og Romsdal","Andre","Andre",4,0
2015,"ko","kommune","Sande","Møre og Romsdal","Andre2","Andre2",0,-1
2015,"ko","kommune","Herøy","Møre og Romsdal","A","Arbeiderpartiet",10,4
2015,"ko","kommune","Herøy","Møre og Romsdal","KRF","Kristelig Folkeparti",4,-1
2015,"ko","kommune","Herøy","Møre og Romsdal","V","Venstre",1,0
2015,"ko","kommune","Herøy","Møre og Romsdal","H","Høyre",11,-4
2015,"ko","kommune","Herøy","Møre og Romsdal","FRP","Fremskrittspartiet",3,0
2015,"ko","kommune","Herøy","Møre og Romsdal","BLANKE","Blanke",0,0
2015,"ko","kommune","Herøy","Møre og Romsdal","FLSP","Folkelista/Senterpartiet",4,1
2015,"ko","kommune","Herøy","Møre og Romsdal","KRISTNE","Partiet De Kristne",0,0
2015,"ko","kommune","Herøy","Møre og Romsdal","Andre","Andre",4,1
2015,"ko","kommune","Herøy","Møre og Romsdal","Andre2","Andre2",0,0
2015,"ko","kommune","Ulstein","Møre og Romsdal","A","Arbeiderpartiet",5,-1
2015,"ko","kommune","Ulstein","Møre og Romsdal","SV","Sosialistisk Venstreparti",1,1
2015,"ko","kommune","Ulstein","Møre og Romsdal","SP","Senterpartiet",2,1
2015,"ko","kommune","Ulstein","Møre og Romsdal","KRF","Kristelig Folkeparti",3,0
2015,"ko","kommune","Ulstein","Møre og Romsdal","V","Venstre",3,0
2015,"ko","kommune","Ulstein","Møre og Romsdal","H","Høyre",5,-3
2015,"ko","kommune","Ulstein","Møre og Romsdal","FRP","Fremskrittspartiet",6,2
2015,"ko","kommune","Ulstein","Møre og Romsdal","BLANKE","Blanke",0,0
2015,"ko","kommune","Ulstein","Møre og Romsdal","KRISTNE","Partiet De Kristne",0,0
2015,"ko","kommune","Ulstein","Møre og Romsdal","Andre","Andre",0,0
2015,"ko","kommune","Ulstein","Møre og Romsdal","Andre2","Andre2",0,0
2015,"ko","kommune","Hareid","Møre og Romsdal","A","Arbeiderpartiet",3,1
2015,"ko","kommune","Hareid","Møre og Romsdal","SV","Sosialistisk Venstreparti",0,0
2015,"ko","kommune","Hareid","Møre og Romsdal","KRF","Kristelig Folkeparti",2,0
2015,"ko","kommune","Hareid","Møre og Romsdal","V","Venstre",2,-1
2015,"ko","kommune","Hareid","Møre og Romsdal","H","Høyre",5,0
2015,"ko","kommune","Hareid","Møre og Romsdal","FRP","Fremskrittspartiet",4,0
2015,"ko","kommune","Hareid","Møre og Romsdal","BLANKE","Blanke",0,0
2015,"ko","kommune","Hareid","Møre og Romsdal","FOHAR","Folkelista for Hareid kommune",5,0
2015,"ko","kommune","Hareid","Møre og Romsdal","KRISTNE","Partiet De Kristne",0,0
2015,"ko","kommune","Hareid","Møre og Romsdal","Andre","Andre",5,0
2015,"ko","kommune","Hareid","Møre og Romsdal","Andre2","Andre2",0,0
2015,"ko","kommune","Volda","Møre og Romsdal","A","Arbeiderpartiet",6,2
2015,"ko","kommune","Volda","Møre og Romsdal","SV","Sosialistisk Venstreparti",2,0
2015,"ko","kommune","Volda","Møre og Romsdal","RØDT","Rødt",0,0
2015,"ko","kommune","Volda","Møre og Romsdal","SP","Senterpartiet",3,0
2015,"ko","kommune","Volda","Møre og Romsdal","KRF","Kristelig Folkeparti",6,1
2015,"ko","kommune","Volda","Møre og Romsdal","MDG","Miljøpartiet De Grønne",1,1
2015,"ko","kommune","Volda","Møre og Romsdal","V","Venstre",2,-1
2015,"ko","kommune","Volda","Møre og Romsdal","H","Høyre",3,-1
2015,"ko","kommune","Volda","Møre og Romsdal","FRP","Fremskrittspartiet",4,0
2015,"ko","kommune","Volda","Møre og Romsdal","BLANKE","Blanke",0,0
2015,"ko","kommune","Volda","Møre og Romsdal","KRISTNE","Partiet De Kristne",0,0
2015,"ko","kommune","Volda","Møre og Romsdal","Andre","Andre",0,0
2015,"ko","kommune","Volda","Møre og Romsdal","Andre2","Andre2",0,-2
2015,"ko","kommune","Ørsta","Møre og Romsdal","A","Arbeiderpartiet",5,-2
2015,"ko","kommune","Ørsta","Møre og Romsdal","SV","Sosialistisk Venstreparti",1,0
2015,"ko","kommune","Ørsta","Møre og Romsdal","SP","Senterpartiet",8,3
2015,"ko","kommune","Ørsta","Møre og Romsdal","KRF","Kristelig Folkeparti",4,0
2015,"ko","kommune","Ørsta","Møre og Romsdal","MDG","Miljøpartiet De Grønne",1,1
2015,"ko","kommune","Ørsta","Møre og Romsdal","V","Venstre",2,0
2015,"ko","kommune","Ørsta","Møre og Romsdal","H","Høyre",7,-1
2015,"ko","kommune","Ørsta","Møre og Romsdal","FRP","Fremskrittspartiet",5,-1
2015,"ko","kommune","Ørsta","Møre og Romsdal","BLANKE","Blanke",0,0
2015,"ko","kommune","Ørsta","Møre og Romsdal","Andre","Andre",0,0
2015,"ko","kommune","Ørsta","Møre og Romsdal","Andre2","Andre2",0,0
2015,"ko","kommune","Ørskog","Møre og Romsdal","A","Arbeiderpartiet",4,0
2015,"ko","kommune","Ørskog","Møre og Romsdal","SP","Senterpartiet",2,-2
2015,"ko","kommune","Ørskog","Møre og Romsdal","H","Høyre",3,1
2015,"ko","kommune","Ørskog","Møre og Romsdal","FRP","Fremskrittspartiet",4,-1
2015,"ko","kommune","Ørskog","Møre og Romsdal","BLANKE","Blanke",0,0
2015,"ko","kommune","Ørskog","Møre og Romsdal","ØR_KRF_V","Ørskog KRF - Ørskog Venstre",4,2
2015,"ko","kommune","Ørskog","Møre og Romsdal","Andre","Andre",4,2
2015,"ko","kommune","Ørskog","Møre og Romsdal","Andre2","Andre2",0,0
2015,"ko","kommune","Norddal","Møre og Romsdal","A","Arbeiderpartiet",2,-4
2015,"ko","kommune","Norddal","Møre og Romsdal","SV","Sosialistisk Venstreparti",1,1
2015,"ko","kommune","Norddal","Møre og Romsdal","SP","Senterpartiet",9,6
2015,"ko","kommune","Norddal","Møre og Romsdal","BLANKE","Blanke",0,0
2015,"ko","kommune","Norddal","Møre og Romsdal","TVLN","Tverrpolitisk liste for Norddal",5,1
2015,"ko","kommune","Norddal","Møre og Romsdal","Andre","Andre",5,1
2015,"ko","kommune","Norddal","Møre og Romsdal","Andre2","Andre2",0,-8
2015,"ko","kommune","Stranda","Møre og Romsdal","A","Arbeiderpartiet",3,0
2015,"ko","kommune","Stranda","Møre og Romsdal","SP","Senterpartiet",11,3
2015,"ko","kommune","Stranda","Møre og Romsdal","KRF","Kristelig Folkeparti",2,0
2015,"ko","kommune","Stranda","Møre og Romsdal","V","Venstre",1,0
2015,"ko","kommune","Stranda","Møre og Romsdal","H","Høyre",3,0
2015,"ko","kommune","Stranda","Møre og Romsdal","FRP","Fremskrittspartiet",5,-3
2015,"ko","kommune","Stranda","Møre og Romsdal","BLANKE","Blanke",0,0
2015,"ko","kommune","Stranda","Møre og Romsdal","Andre","Andre",0,0
2015,"ko","kommune","Stranda","Møre og Romsdal","Andre2","Andre2",0,0
2015,"ko","kommune","Stordal","Møre og Romsdal","A","Arbeiderpartiet",6,2
2015,"ko","kommune","Stordal","Møre og Romsdal","SP","Senterpartiet",2,0
2015,"ko","kommune","Stordal","Møre og Romsdal","KRF","Kristelig Folkeparti",1,0
2015,"ko","kommune","Stordal","Møre og Romsdal","H","Høyre",5,-2
2015,"ko","kommune","Stordal","Møre og Romsdal","FRP","Fremskrittspartiet",1,0
2015,"ko","kommune","Stordal","Møre og Romsdal","BLANKE","Blanke",0,0
2015,"ko","kommune","Stordal","Møre og Romsdal","Andre","Andre",0,0
2015,"ko","kommune","Stordal","Møre og Romsdal","Andre2","Andre2",0,0
2015,"ko","kommune","Sykkylven","Møre og Romsdal","A","Arbeiderpartiet",6,0
2015,"ko","kommune","Sykkylven","Møre og Romsdal","SV","Sosialistisk Venstreparti",1,0
2015,"ko","kommune","Sykkylven","Møre og Romsdal","SP","Senterpartiet",4,1
2015,"ko","kommune","Sykkylven","Møre og Romsdal","KRF","Kristelig Folkeparti",2,-1
2015,"ko","kommune","Sykkylven","Møre og Romsdal","V","Venstre",2,0
2015,"ko","kommune","Sykkylven","Møre og Romsdal","H","Høyre",8,1
2015,"ko","kommune","Sykkylven","Møre og Romsdal","FRP","Fremskrittspartiet",6,-1
2015,"ko","kommune","Sykkylven","Møre og Romsdal","BLANKE","Blanke",0,0
2015,"ko","kommune","Sykkylven","Møre og Romsdal","KRISTNE","Partiet De Kristne",0,0
2015,"ko","kommune","Sykkylven","Møre og Romsdal","Andre","Andre",0,0
2015,"ko","kommune","Sykkylven","Møre og Romsdal","Andre2","Andre2",0,0
2015,"ko","kommune","Skodje","Møre og Romsdal","A","Arbeiderpartiet",4,0
2015,"ko","kommune","Skodje","Møre og Romsdal","SP","Senterpartiet",4,0
2015,"ko","kommune","Skodje","Møre og Romsdal","KRF","Kristelig Folkeparti",2,0
2015,"ko","kommune","Skodje","Møre og Romsdal","V","Venstre",2,0
2015,"ko","kommune","Skodje","Møre og Romsdal","H","Høyre",5,1
2015,"ko","kommune","Skodje","Møre og Romsdal","FRP","Fremskrittspartiet",4,-1
2015,"ko","kommune","Skodje","Møre og Romsdal","BLANKE","Blanke",0,0
2015,"ko","kommune","Skodje","Møre og Romsdal","Andre","Andre",0,0
2015,"ko","kommune","Skodje","Møre og Romsdal","Andre2","Andre2",0,0
2015,"ko","kommune","Sula","Møre og Romsdal","A","Arbeiderpartiet",6,1
2015,"ko","kommune","Sula","Møre og Romsdal","SP","Senterpartiet",0,0
2015,"ko","kommune","Sula","Møre og Romsdal","KRF","Kristelig Folkeparti",4,0
2015,"ko","kommune","Sula","Møre og Romsdal","MDG","Miljøpartiet De Grønne",1,1
2015,"ko","kommune","Sula","Møre og Romsdal","V","Venstre",1,-1
2015,"ko","kommune","Sula","Møre og Romsdal","H","Høyre",5,0
2015,"ko","kommune","Sula","Møre og Romsdal","FRP","Fremskrittspartiet",8,-1
2015,"ko","kommune","Sula","Møre og Romsdal","BLANKE","Blanke",0,0
2015,"ko","kommune","Sula","Møre og Romsdal","KRISTNE","Partiet De Kristne",0,0
2015,"ko","kommune","Sula","Møre og Romsdal","UAVH","Sulalista",4,0
2015,"ko","kommune","Sula","Møre og Romsdal","Andre","Andre",4,0
2015,"ko","kommune","Sula","Møre og Romsdal","Andre2","Andre2",0,0
2015,"ko","kommune","Giske","Møre og Romsdal","A","Arbeiderpartiet",4,1
2015,"ko","kommune","Giske","Møre og Romsdal","SP","Senterpartiet",1,0
2015,"ko","kommune","Giske","Møre og Romsdal","KRF","Kristelig Folkeparti",6,-2
2015,"ko","kommune","Giske","Møre og Romsdal","V","Venstre",4,0
2015,"ko","kommune","Giske","Møre og Romsdal","H","Høyre",3,-2
2015,"ko","kommune","Giske","Møre og Romsdal","FRP","Fremskrittspartiet",2,0
2015,"ko","kommune","Giske","Møre og Romsdal","BLANKE","Blanke",0,0
2015,"ko","kommune","Giske","Møre og Romsdal","TPG","Tverrpolitisk liste for Giske",3,3
2015,"ko","kommune","Giske","Møre og Romsdal","Andre","Andre",3,3
2015,"ko","kommune","Giske","Møre og Romsdal","Andre2","Andre2",0,0
2015,"ko","kommune","Haram","Møre og Romsdal","A","Arbeiderpartiet",5,0
2015,"ko","kommune","Haram","Møre og Romsdal","SP","Senterpartiet",6,1
2015,"ko","kommune","Haram","Møre og Romsdal","KRF","Kristelig Folkeparti",3,0
2015,"ko","kommune","Haram","Møre og Romsdal","MDG","Miljøpartiet De Grønne",1,1
2015,"ko","kommune","Haram","Møre og Romsdal","V","Venstre",1,0
2015,"ko","kommune","Haram","Møre og Romsdal","H","Høyre",5,-3
2015,"ko","kommune","Haram","Møre og Romsdal","FRP","Fremskrittspartiet",6,2
2015,"ko","kommune","Haram","Møre og Romsdal","BLANKE","Blanke",0,0
2015,"ko","kommune","Haram","Møre og Romsdal","KRISTNE","Partiet De Kristne",0,0
2015,"ko","kommune","Haram","Møre og Romsdal","Andre","Andre",0,0
2015,"ko","kommune","Haram","Møre og Romsdal","Andre2","Andre2",0,-5
2015,"ko","kommune","Vestnes","Møre og Romsdal","A","Arbeiderpartiet",3,-1
2015,"ko","kommune","Vestnes","Møre og Romsdal","SV","Sosialistisk Venstreparti",1,1
2015,"ko","kommune","Vestnes","Møre og Romsdal","SP","Senterpartiet",10,6
2015,"ko","kommune","Vestnes","Møre og Romsdal","KRF","Kristelig Folkeparti",1,-1
2015,"ko","kommune","Vestnes","Møre og Romsdal","V","Venstre",2,-2
2015,"ko","kommune","Vestnes","Møre og Romsdal","H","Høyre",3,-2
2015,"ko","kommune","Vestnes","Møre og Romsdal","FRP","Fremskrittspartiet",2,-2
2015,"ko","kommune","Vestnes","Møre og Romsdal","PP","Pensjonistpartiet",1,1
2015,"ko","kommune","Vestnes","Møre og Romsdal","BLANKE","Blanke",0,0
2015,"ko","kommune","Vestnes","Møre og Romsdal","Andre","Andre",1,1
2015,"ko","kommune","Vestnes","Møre og Romsdal","Andre2","Andre2",0,0
2015,"ko","kommune","Rauma","Møre og Romsdal","A","Arbeiderpartiet",5,-1
2015,"ko","kommune","Rauma","Møre og Romsdal","SV","Sosialistisk Venstreparti",2,1
2015,"ko","kommune","Rauma","Møre og Romsdal","SP","Senterpartiet",7,1
2015,"ko","kommune","Rauma","Møre og Romsdal","KRF","Kristelig Folkeparti",2,-1
2015,"ko","kommune","Rauma","Møre og Romsdal","V","Venstre",1,-1
2015,"ko","kommune","Rauma","Møre og Romsdal","H","Høyre",8,3
2015,"ko","kommune","Rauma","Møre og Romsdal","FRP","Fremskrittspartiet",2,-2
2015,"ko","kommune","Rauma","Møre og Romsdal","BLANKE","Blanke",0,0
2015,"ko","kommune","Rauma","Møre og Romsdal","Andre","Andre",0,0
2015,"ko","kommune","Rauma","Møre og Romsdal","Andre2","Andre2",0,0
2015,"ko","kommune","Nesset","Møre og Romsdal","A","Arbeiderpartiet",7,0
2015,"ko","kommune","Nesset","Møre og Romsdal","SP","Senterpartiet",4,1
2015,"ko","kommune","Nesset","Møre og Romsdal","KRF","Kristelig Folkeparti",2,0
2015,"ko","kommune","Nesset","Møre og Romsdal","V","Venstre",0,0
2015,"ko","kommune","Nesset","Møre og Romsdal","H","Høyre",6,-1
2015,"ko","kommune","Nesset","Møre og Romsdal","FRP","Fremskrittspartiet",1,0
2015,"ko","kommune","Nesset","Møre og Romsdal","BLANKE","Blanke",0,0
2015,"ko","kommune","Nesset","Møre og Romsdal","IL","Innbyggerlista",1,0
2015,"ko","kommune","Nesset","Møre og Romsdal","Andre","Andre",1,0
2015,"ko","kommune","Nesset","Møre og Romsdal","Andre2","Andre2",0,0
2015,"ko","kommune","Midsund","Møre og Romsdal","A","Arbeiderpartiet",3,3
2015,"ko","kommune","Midsund","Møre og Romsdal","SP","Senterpartiet",4,1
2015,"ko","kommune","Midsund","Møre og Romsdal","KRF","Kristelig Folkeparti",1,-1
2015,"ko","kommune","Midsund","Møre og Romsdal","V","Venstre",3,0
2015,"ko","kommune","Midsund","Møre og Romsdal","H","Høyre",5,1
2015,"ko","kommune","Midsund","Møre og Romsdal","FRP","Fremskrittspartiet",1,-4
2015,"ko","kommune","Midsund","Møre og Romsdal","BLANKE","Blanke",0,0
2015,"ko","kommune","Midsund","Møre og Romsdal","Andre","Andre",0,0
2015,"ko","kommune","Midsund","Møre og Romsdal","Andre2","Andre2",0,0
2015,"ko","kommune","Sandøy","Møre og Romsdal","A","Arbeiderpartiet",10,4
2015,"ko","kommune","Sandøy","Møre og Romsdal","V","Venstre",3,-2
2015,"ko","kommune","Sandøy","Møre og Romsdal","H","Høyre",6,-1
2015,"ko","kommune","Sandøy","Møre og Romsdal","FRP","Fremskrittspartiet",0,-1
2015,"ko","kommune","Sandøy","Møre og Romsdal","BLANKE","Blanke",0,0
2015,"ko","kommune","Sandøy","Møre og Romsdal","Andre","Andre",0,0
2015,"ko","kommune","Sandøy","Møre og Romsdal","Andre2","Andre2",0,0
2015,"ko","kommune","Aukra","Møre og Romsdal","A","Arbeiderpartiet",7,0
2015,"ko","kommune","Aukra","Møre og Romsdal","SV","Sosialistisk Venstreparti",0,-1
2015,"ko","kommune","Aukra","Møre og Romsdal","SP","Senterpartiet",2,1
2015,"ko","kommune","Aukra","Møre og Romsdal","KRF","Kristelig Folkeparti",3,0
2015,"ko","kommune","Aukra","Møre og Romsdal","V","Venstre",2,1
2015,"ko","kommune","Aukra","Møre og Romsdal","H","Høyre",5,2
2015,"ko","kommune","Aukra","Møre og Romsdal","FRP","Fremskrittspartiet",1,-1
2015,"ko","kommune","Aukra","Møre og Romsdal","AUKRA","Aukralista",1,-2
2015,"ko","kommune","Aukra","Møre og Romsdal","BLANKE","Blanke",0,0
2015,"ko","kommune","Aukra","Møre og Romsdal","Andre","Andre",1,-2
2015,"ko","kommune","Aukra","Møre og Romsdal","Andre2","Andre2",0,0
2015,"ko","kommune","Fræna","Møre og Romsdal","A","Arbeiderpartiet",6,0
2015,"ko","kommune","Fræna","Møre og Romsdal","SV","Sosialistisk Venstreparti",1,1
2015,"ko","kommune","Fræna","Møre og Romsdal","SP","Senterpartiet",11,4
2015,"ko","kommune","Fræna","Møre og Romsdal","KRF","Kristelig Folkeparti",3,0
2015,"ko","kommune","Fræna","Møre og Romsdal","V","Venstre",1,-1
2015,"ko","kommune","Fræna","Møre og Romsdal","H","Høyre",6,-2
2015,"ko","kommune","Fræna","Møre og Romsdal","FRP","Fremskrittspartiet",3,-2
2015,"ko","kommune","Fræna","Møre og Romsdal","BLANKE","Blanke",0,0
2015,"ko","kommune","Fræna","Møre og Romsdal","KRISTNE","Partiet De Kristne",0,0
2015,"ko","kommune","Fræna","Møre og Romsdal","Andre","Andre",0,0
2015,"ko","kommune","Fræna","Møre og Romsdal","Andre2","Andre2",0,0
2015,"ko","kommune","Eide","Møre og Romsdal","A","Arbeiderpartiet",7,0
2015,"ko","kommune","Eide","Møre og Romsdal","SP","Senterpartiet",4,2
2015,"ko","kommune","Eide","Møre og Romsdal","KRF","Kristelig Folkeparti",1,0
2015,"ko","kommune","Eide","Møre og Romsdal","V","Venstre",2,0
2015,"ko","kommune","Eide","Møre og Romsdal","H","Høyre",7,0
2015,"ko","kommune","Eide","Møre og Romsdal","BLANKE","Blanke",0,0
2015,"ko","kommune","Eide","Møre og Romsdal","Andre","Andre",0,0
2015,"ko","kommune","Eide","Møre og Romsdal","Andre2","Andre2",0,-2
2015,"ko","kommune","Averøy","Møre og Romsdal","A","Arbeiderpartiet",9,1
2015,"ko","kommune","Averøy","Møre og Romsdal","SV","Sosialistisk Venstreparti",1,0
2015,"ko","kommune","Averøy","Møre og Romsdal","SP","Senterpartiet",3,-1
2015,"ko","kommune","Averøy","Møre og Romsdal","KRF","Kristelig Folkeparti",2,0
2015,"ko","kommune","Averøy","Møre og Romsdal","V","Venstre",6,2
2015,"ko","kommune","Averøy","Møre og Romsdal","H","Høyre",2,-1
2015,"ko","kommune","Averøy","Møre og Romsdal","FRP","Fremskrittspartiet",4,-1
2015,"ko","kommune","Averøy","Møre og Romsdal","BLANKE","Blanke",0,0
2015,"ko","kommune","Averøy","Møre og Romsdal","Andre","Andre",0,0
2015,"ko","kommune","Averøy","Møre og Romsdal","Andre2","Andre2",0,0
2015,"ko","kommune","Gjemnes","Møre og Romsdal","A","Arbeiderpartiet",4,0
2015,"ko","kommune","Gjemnes","Møre og Romsdal","SV","Sosialistisk Venstreparti",1,1
2015,"ko","kommune","Gjemnes","Møre og Romsdal","SP","Senterpartiet",5,2
2015,"ko","kommune","Gjemnes","Møre og Romsdal","KRF","Kristelig Folkeparti",1,-3
2015,"ko","kommune","Gjemnes","Møre og Romsdal","V","Venstre",1,0
2015,"ko","kommune","Gjemnes","Møre og Romsdal","H","Høyre",3,0
2015,"ko","kommune","Gjemnes","Møre og Romsdal","FRP","Fremskrittspartiet",2,0
2015,"ko","kommune","Gjemnes","Møre og Romsdal","BLANKE","Blanke",0,0
2015,"ko","kommune","Gjemnes","Møre og Romsdal","Andre","Andre",0,0
2015,"ko","kommune","Gjemnes","Møre og Romsdal","Andre2","Andre2",0,0
2015,"ko","kommune","Tingvoll","Møre og Romsdal","A","Arbeiderpartiet",7,0
2015,"ko","kommune","Tingvoll","Møre og Romsdal","SP","Senterpartiet",6,-1
2015,"ko","kommune","Tingvoll","Møre og Romsdal","KRF","Kristelig Folkeparti",5,3
2015,"ko","kommune","Tingvoll","Møre og Romsdal","MDG","Miljøpartiet De Grønne",1,1
2015,"ko","kommune","Tingvoll","Møre og Romsdal","V","Venstre",1,-1
2015,"ko","kommune","Tingvoll","Møre og Romsdal","H","Høyre",2,-2
2015,"ko","kommune","Tingvoll","Møre og Romsdal","FRP","Fremskrittspartiet",3,0
2015,"ko","kommune","Tingvoll","Møre og Romsdal","BLANKE","Blanke",0,0
2015,"ko","kommune","Tingvoll","Møre og Romsdal","Andre","Andre",0,0
2015,"ko","kommune","Tingvoll","Møre og Romsdal","Andre2","Andre2",0,0
2015,"ko","kommune","Sunndal","Møre og Romsdal","A","Arbeiderpartiet",15,-1
2015,"ko","kommune","Sunndal","Møre og Romsdal","SV","Sosialistisk Venstreparti",2,1
2015,"ko","kommune","Sunndal","Møre og Romsdal","SP","Senterpartiet",4,2
2015,"ko","kommune","Sunndal","Møre og Romsdal","KRF","Kristelig Folkeparti",1,0
2015,"ko","kommune","Sunndal","Møre og Romsdal","V","Venstre",1,0
2015,"ko","kommune","Sunndal","Møre og Romsdal","H","Høyre",1,-2
2015,"ko","kommune","Sunndal","Møre og Romsdal","FRP","Fremskrittspartiet",3,0
2015,"ko","kommune","Sunndal","Møre og Romsdal","BLANKE","Blanke",0,0
2015,"ko","kommune","Sunndal","Møre og Romsdal","Andre","Andre",0,0
2015,"ko","kommune","Sunndal","Møre og Romsdal","Andre2","Andre2",0,0
2015,"ko","kommune","Surnadal","Møre og Romsdal","A","Arbeiderpartiet",12,-1
2015,"ko","kommune","Surnadal","Møre og Romsdal","SV","Sosialistisk Venstreparti",0,-1
2015,"ko","kommune","Surnadal","Møre og Romsdal","SP","Senterpartiet",9,1
2015,"ko","kommune","Surnadal","Møre og Romsdal","KRF","Kristelig Folkeparti",1,0
2015,"ko","kommune","Surnadal","Møre og Romsdal","MDG","Miljøpartiet De Grønne",1,1
2015,"ko","kommune","Surnadal","Møre og Romsdal","V","Venstre",0,0
2015,"ko","kommune","Surnadal","Møre og Romsdal","H","Høyre",3,1
2015,"ko","kommune","Surnadal","Møre og Romsdal","FRP","Fremskrittspartiet",1,-1
2015,"ko","kommune","Surnadal","Møre og Romsdal","BLANKE","Blanke",0,0
2015,"ko","kommune","Surnadal","Møre og Romsdal","Andre","Andre",0,0
2015,"ko","kommune","Surnadal","Møre og Romsdal","Andre2","Andre2",0,0
2015,"ko","kommune","Rindal","Møre og Romsdal","A","Arbeiderpartiet",7,2
2015,"ko","kommune","Rindal","Møre og Romsdal","SP","Senterpartiet",7,-3
2015,"ko","kommune","Rindal","Møre og Romsdal","KRF","Kristelig Folkeparti",1,0
2015,"ko","kommune","Rindal","Møre og Romsdal","H","Høyre",2,1
2015,"ko","kommune","Rindal","Møre og Romsdal","BLANKE","Blanke",0,0
2015,"ko","kommune","Rindal","Møre og Romsdal","Andre","Andre",0,0
2015,"ko","kommune","Rindal","Møre og Romsdal","Andre2","Andre2",0,0
2015,"ko","kommune","Halsa","Møre og Romsdal","A","Arbeiderpartiet",3,0
2015,"ko","kommune","Halsa","Møre og Romsdal","SP","Senterpartiet",10,4
2015,"ko","kommune","Halsa","Møre og Romsdal","H","Høyre",2,0
2015,"ko","kommune","Halsa","Møre og Romsdal","BLANKE","Blanke",0,0
2015,"ko","kommune","Halsa","Møre og Romsdal","Andre","Andre",0,0
2015,"ko","kommune","Halsa","Møre og Romsdal","Andre2","Andre2",0,-4
2015,"ko","kommune","Smøla","Møre og Romsdal","A","Arbeiderpartiet",12,5
2015,"ko","kommune","Smøla","Møre og Romsdal","SP","Senterpartiet",3,1
2015,"ko","kommune","Smøla","Møre og Romsdal","V","Venstre",2,-2
2015,"ko","kommune","Smøla","Møre og Romsdal","H","Høyre",3,-3
2015,"ko","kommune","Smøla","Møre og Romsdal","FRP","Fremskrittspartiet",1,0
2015,"ko","kommune","Smøla","Møre og Romsdal","BLANKE","Blanke",0,0
2015,"ko","kommune","Smøla","Møre og Romsdal","Andre","Andre",0,0
2015,"ko","kommune","Smøla","Møre og Romsdal","Andre2","Andre2",0,-1
2015,"ko","kommune","Aure","Møre og Romsdal","A","Arbeiderpartiet",6,0
2015,"ko","kommune","Aure","Møre og Romsdal","SP","Senterpartiet",9,3
2015,"ko","kommune","Aure","Møre og Romsdal","KRF","Kristelig Folkeparti",1,0
2015,"ko","kommune","Aure","Møre og Romsdal","V","Venstre",2,-1
2015,"ko","kommune","Aure","Møre og Romsdal","H","Høyre",2,-2
2015,"ko","kommune","Aure","Møre og Romsdal","FRP","Fremskrittspartiet",1,0
2015,"ko","kommune","Aure","Møre og Romsdal","BLANKE","Blanke",0,0
2015,"ko","kommune","Aure","Møre og Romsdal","Andre","Andre",0,0
2015,"ko","kommune","Aure","Møre og Romsdal","Andre2","Andre2",0,0
2015,"ko","kommune","Trondheim","Sør-Trøndelag","A","Arbeiderpartiet",28,1
2015,"ko","kommune","Trondheim","Sør-Trøndelag","SV","Sosialistisk Venstreparti",4,0
2015,"ko","kommune","Trondheim","Sør-Trøndelag","RØDT","Rødt",2,0
2015,"ko","kommune","Trondheim","Sør-Trøndelag","SP","Senterpartiet",2,1
2015,"ko","kommune","Trondheim","Sør-Trøndelag","KRF","Kristelig Folkeparti",2,0
2015,"ko","kommune","Trondheim","Sør-Trøndelag","MDG","Miljøpartiet De Grønne",5,3
2015,"ko","kommune","Trondheim","Sør-Trøndelag","V","Venstre",4,0
2015,"ko","kommune","Trondheim","Sør-Trøndelag","H","Høyre",14,-4
2015,"ko","kommune","Trondheim","Sør-Trøndelag","FRP","Fremskrittspartiet",4,-2
2015,"ko","kommune","Trondheim","Sør-Trøndelag","DEMN","Demokratene i Norge",0,0
2015,"ko","kommune","Trondheim","Sør-Trøndelag","NKP","Norges Kommunistiske Parti",0,0
2015,"ko","kommune","Trondheim","Sør-Trøndelag","PIR","Piratpartiet",0,0
2015,"ko","kommune","Trondheim","Sør-Trøndelag","PP","Pensjonistpartiet",2,1
2015,"ko","kommune","Trondheim","Sør-Trøndelag","BLANKE","Blanke",0,0
2015,"ko","kommune","Trondheim","Sør-Trøndelag","KRISTNE","Partiet De Kristne",0,0
2015,"ko","kommune","Trondheim","Sør-Trøndelag","Andre","Andre",2,1
2015,"ko","kommune","Trondheim","Sør-Trøndelag","Andre2","Andre2",0,0
2015,"ko","kommune","Hemne","Sør-Trøndelag","A","Arbeiderpartiet",10,-2
2015,"ko","kommune","Hemne","Sør-Trøndelag","SP","Senterpartiet",7,3
2015,"ko","kommune","Hemne","Sør-Trøndelag","KRF","Kristelig Folkeparti",1,0
2015,"ko","kommune","Hemne","Sør-Trøndelag","MDG","Miljøpartiet De Grønne",0,0
2015,"ko","kommune","Hemne","Sør-Trøndelag","V","Venstre",0,0
2015,"ko","kommune","Hemne","Sør-Trøndelag","H","Høyre",2,0
2015,"ko","kommune","Hemne","Sør-Trøndelag","FRP","Fremskrittspartiet",1,-1
2015,"ko","kommune","Hemne","Sør-Trøndelag","BLANKE","Blanke",0,0
2015,"ko","kommune","Hemne","Sør-Trøndelag","HEMNELIS","Hemnelista",2,0
2015,"ko","kommune","Hemne","Sør-Trøndelag","Andre","Andre",2,0
2015,"ko","kommune","Hemne","Sør-Trøndelag","Andre2","Andre2",0,0
2015,"ko","kommune","Snillfjord","Sør-Trøndelag","A","Arbeiderpartiet",9,4
2015,"ko","kommune","Snillfjord","Sør-Trøndelag","SP","Senterpartiet",7,2
2015,"ko","kommune","Snillfjord","Sør-Trøndelag","MDG","Miljøpartiet De Grønne",1,1
2015,"ko","kommune","Snillfjord","Sør-Trøndelag","BLANKE","Blanke",0,0
2015,"ko","kommune","Snillfjord","Sør-Trøndelag","Andre","Andre",0,0
2015,"ko","kommune","Snillfjord","Sør-Trøndelag","Andre2","Andre2",0,-7
2015,"ko","kommune","Hitra","Sør-Trøndelag","A","Arbeiderpartiet",9,0
2015,"ko","kommune","Hitra","Sør-Trøndelag","SV","Sosialistisk Venstreparti",1,0
2015,"ko","kommune","Hitra","Sør-Trøndelag","SP","Senterpartiet",2,1
2015,"ko","kommune","Hitra","Sør-Trøndelag","KRF","Kristelig Folkeparti",1,0
2015,"ko","kommune","Hitra","Sør-Trøndelag","MDG","Miljøpartiet De Grønne",1,1
2015,"ko","kommune","Hitra","Sør-Trøndelag","V","Venstre",1,0
2015,"ko","kommune","Hitra","Sør-Trøndelag","H","Høyre",2,-1
2015,"ko","kommune","Hitra","Sør-Trøndelag","FRP","Fremskrittspartiet",2,-1
2015,"ko","kommune","Hitra","Sør-Trøndelag","PP","Pensjonistpartiet",4,0
2015,"ko","kommune","Hitra","Sør-Trøndelag","BLANKE","Blanke",0,0
2015,"ko","kommune","Hitra","Sør-Trøndelag","Andre","Andre",4,0
2015,"ko","kommune","Hitra","Sør-Trøndelag","Andre2","Andre2",0,0
2015,"ko","kommune","Frøya","Sør-Trøndelag","A","Arbeiderpartiet",12,2
2015,"ko","kommune","Frøya","Sør-Trøndelag","SV","Sosialistisk Venstreparti",1,0
2015,"ko","kommune","Frøya","Sør-Trøndelag","SP","Senterpartiet",1,0
2015,"ko","kommune","Frøya","Sør-Trøndelag","KRF","Kristelig Folkeparti",0,0
2015,"ko","kommune","Frøya","Sør-Trøndelag","MDG","Miljøpartiet De Grønne",0,0
2015,"ko","kommune","Frøya","Sør-Trøndelag","V","Venstre",4,0
2015,"ko","kommune","Frøya","Sør-Trøndelag","H","Høyre",2,0
2015,"ko","kommune","Frøya","Sør-Trøndelag","FRP","Fremskrittspartiet",3,-2
2015,"ko","kommune","Frøya","Sør-Trøndelag","BLANKE","Blanke",0,0
2015,"ko","kommune","Frøya","Sør-Trøndelag","Andre","Andre",0,0
2015,"ko","kommune","Frøya","Sør-Trøndelag","Andre2","Andre2",0,0
2015,"ko","kommune","Ørland","Sør-Trøndelag","A","Arbeiderpartiet",5,1
2015,"ko","kommune","Ørland","Sør-Trøndelag","SV","Sosialistisk Venstreparti",1,0
2015,"ko","kommune","Ørland","Sør-Trøndelag","SP","Senterpartiet",7,-1
2015,"ko","kommune","Ørland","Sør-Trøndelag","KRF","Kristelig Folkeparti",0,0
2015,"ko","kommune","Ørland","Sør-Trøndelag","V","Venstre",1,-1
2015,"ko","kommune","Ørland","Sør-Trøndelag","H","Høyre",10,2
2015,"ko","kommune","Ørland","Sør-Trøndelag","FRP","Fremskrittspartiet",1,-1
2015,"ko","kommune","Ørland","Sør-Trøndelag","BLANKE","Blanke",0,0
2015,"ko","kommune","Ørland","Sør-Trøndelag","Andre","Andre",0,0
2015,"ko","kommune","Ørland","Sør-Trøndelag","Andre2","Andre2",0,0
2015,"ko","kommune","Agdenes","Sør-Trøndelag","A","Arbeiderpartiet",3,0
2015,"ko","kommune","Agdenes","Sør-Trøndelag","SP","Senterpartiet",2,0
2015,"ko","kommune","Agdenes","Sør-Trøndelag","KRF","Kristelig Folkeparti",0,-1
2015,"ko","kommune","Agdenes","Sør-Trøndelag","MDG","Miljøpartiet De Grønne",0,0
2015,"ko","kommune","Agdenes","Sør-Trøndelag","H","Høyre",2,0
2015,"ko","kommune","Agdenes","Sør-Trøndelag","BLANKE","Blanke",0,0
2015,"ko","kommune","Agdenes","Sør-Trøndelag","FBU","Felleslista for bygdeutvikling",6,1
2015,"ko","kommune","Agdenes","Sør-Trøndelag","TVPAG","Tverrpolitisk liste",4,0
2015,"ko","kommune","Agdenes","Sør-Trøndelag","Andre","Andre",10,1
2015,"ko","kommune","Agdenes","Sør-Trøndelag","Andre2","Andre2",0,0
2015,"ko","kommune","Rissa","Sør-Trøndelag","A","Arbeiderpartiet",5,0
2015,"ko","kommune","Rissa","Sør-Trøndelag","SV","Sosialistisk Venstreparti",1,0
2015,"ko","kommune","Rissa","Sør-Trøndelag","SP","Senterpartiet",4,0
2015,"ko","kommune","Rissa","Sør-Trøndelag","KRF","Kristelig Folkeparti",1,0
2015,"ko","kommune","Rissa","Sør-Trøndelag","MDG","Miljøpartiet De Grønne",1,1
2015,"ko","kommune","Rissa","Sør-Trøndelag","V","Venstre",1,0
2015,"ko","kommune","Rissa","Sør-Trøndelag","H","Høyre",7,-1
2015,"ko","kommune","Rissa","Sør-Trøndelag","FRP","Fremskrittspartiet",1,-1
2015,"ko","kommune","Rissa","Sør-Trøndelag","DEMN","Demokratene i Norge",0,0
2015,"ko","kommune","Rissa","Sør-Trøndelag","PP","Pensjonistpartiet",2,1
2015,"ko","kommune","Rissa","Sør-Trøndelag","ALT","Alternativet",0,0
2015,"ko","kommune","Rissa","Sør-Trøndelag","BLANKE","Blanke",0,0
2015,"ko","kommune","Rissa","Sør-Trøndelag","Andre","Andre",2,1
2015,"ko","kommune","Rissa","Sør-Trøndelag","Andre2","Andre2",0,0
2015,"ko","kommune","Bjugn","Sør-Trøndelag","A","Arbeiderpartiet",9,-3
2015,"ko","kommune","Bjugn","Sør-Trøndelag","SV","Sosialistisk Venstreparti",1,1
2015,"ko","kommune","Bjugn","Sør-Trøndelag","SP","Senterpartiet",4,0
2015,"ko","kommune","Bjugn","Sør-Trøndelag","KRF","Kristelig Folkeparti",0,-3
2015,"ko","kommune","Bjugn","Sør-Trøndelag","MDG","Miljøpartiet De Grønne",0,0
2015,"ko","kommune","Bjugn","Sør-Trøndelag","V","Venstre",0,-2
2015,"ko","kommune","Bjugn","Sør-Trøndelag","H","Høyre",5,2
2015,"ko","kommune","Bjugn","Sør-Trøndelag","FRP","Fremskrittspartiet",1,-2
2015,"ko","kommune","Bjugn","Sør-Trøndelag","BB","Bygdalista i Bjugn",1,-1
2015,"ko","kommune","Bjugn","Sør-Trøndelag","BLANKE","Blanke",0,0
2015,"ko","kommune","Bjugn","Sør-Trøndelag","Andre","Andre",1,-1
2015,"ko","kommune","Bjugn","Sør-Trøndelag","Andre2","Andre2",0,0
2015,"ko","kommune","Åfjord","Sør-Trøndelag","A","Arbeiderpartiet",8,-1
2015,"ko","kommune","Åfjord","Sør-Trøndelag","SP","Senterpartiet",5,0
2015,"ko","kommune","Åfjord","Sør-Trøndelag","KRF","Kristelig Folkeparti",2,0
2015,"ko","kommune","Åfjord","Sør-Trøndelag","V","Venstre",1,1
2015,"ko","kommune","Åfjord","Sør-Trøndelag","H","Høyre",3,0
2015,"ko","kommune","Åfjord","Sør-Trøndelag","FRP","Fremskrittspartiet",2,0
2015,"ko","kommune","Åfjord","Sør-Trøndelag","BLANKE","Blanke",0,0
2015,"ko","kommune","Åfjord","Sør-Trøndelag","Andre","Andre",0,0
2015,"ko","kommune","Åfjord","Sør-Trøndelag","Andre2","Andre2",0,0
2015,"ko","kommune","Roan","Sør-Trøndelag","A","Arbeiderpartiet",4,2
2015,"ko","kommune","Roan","Sør-Trøndelag","SP","Senterpartiet",5,-3
2015,"ko","kommune","Roan","Sør-Trøndelag","KRF","Kristelig Folkeparti",1,0
2015,"ko","kommune","Roan","Sør-Trøndelag","V","Venstre",2,0
2015,"ko","kommune","Roan","Sør-Trøndelag","H","Høyre",5,1
2015,"ko","kommune","Roan","Sør-Trøndelag","BLANKE","Blanke",0,0
2015,"ko","kommune","Roan","Sør-Trøndelag","Andre","Andre",0,0
2015,"ko","kommune","Roan","Sør-Trøndelag","Andre2","Andre2",0,0
2015,"ko","kommune","Osen","Sør-Trøndelag","A","Arbeiderpartiet",5,1
2015,"ko","kommune","Osen","Sør-Trøndelag","SP","Senterpartiet",3,1
2015,"ko","kommune","Osen","Sør-Trøndelag","H","Høyre",1,1
2015,"ko","kommune","Osen","Sør-Trøndelag","FRP","Fremskrittspartiet",1,0
2015,"ko","kommune","Osen","Sør-Trøndelag","BLANKE","Blanke",0,0
2015,"ko","kommune","Osen","Sør-Trøndelag","BYS","Seter kretsliste",1,-1
2015,"ko","kommune","Osen","Sør-Trøndelag","KRFVO","KRF Venstre",4,-1
2015,"ko","kommune","Osen","Sør-Trøndelag","Andre","Andre",5,-2
2015,"ko","kommune","Osen","Sør-Trøndelag","Andre2","Andre2",0,-1
2015,"ko","kommune","Oppdal","Sør-Trøndelag","A","Arbeiderpartiet",9,-3
2015,"ko","kommune","Oppdal","Sør-Trøndelag","SP","Senterpartiet",6,2
2015,"ko","kommune","Oppdal","Sør-Trøndelag","KRF","Kristelig Folkeparti",1,-1
2015,"ko","kommune","Oppdal","Sør-Trøndelag","V","Venstre",4,2
2015,"ko","kommune","Oppdal","Sør-Trøndelag","H","Høyre",4,1
2015,"ko","kommune","Oppdal","Sør-Trøndelag","FRP","Fremskrittspartiet",1,0
2015,"ko","kommune","Oppdal","Sør-Trøndelag","BLANKE","Blanke",0,0
2015,"ko","kommune","Oppdal","Sør-Trøndelag","Andre","Andre",0,0
2015,"ko","kommune","Oppdal","Sør-Trøndelag","Andre2","Andre2",0,-1
2015,"ko","kommune","Rennebu","Sør-Trøndelag","A","Arbeiderpartiet",8,2
2015,"ko","kommune","Rennebu","Sør-Trøndelag","SP","Senterpartiet",6,0
2015,"ko","kommune","Rennebu","Sør-Trøndelag","KRF","Kristelig Folkeparti",4,-2
2015,"ko","kommune","Rennebu","Sør-Trøndelag","BLANKE","Blanke",0,0
2015,"ko","kommune","Rennebu","Sør-Trøndelag","HV","Fellesliste Høyre og Venstre",3,0
2015,"ko","kommune","Rennebu","Sør-Trøndelag","Andre","Andre",3,0
2015,"ko","kommune","Rennebu","Sør-Trøndelag","Andre2","Andre2",0,0
2015,"ko","kommune","Meldal","Sør-Trøndelag","A","Arbeiderpartiet",10,1
2015,"ko","kommune","Meldal","Sør-Trøndelag","SP","Senterpartiet",5,-2
2015,"ko","kommune","Meldal","Sør-Trøndelag","H","Høyre",1,0
2015,"ko","kommune","Meldal","Sør-Trøndelag","FRP","Fremskrittspartiet",1,0
2015,"ko","kommune","Meldal","Sør-Trøndelag","BERGMANN","Bergmannslista",1,1
2015,"ko","kommune","Meldal","Sør-Trøndelag","BLANKE","Blanke",0,0
2015,"ko","kommune","Meldal","Sør-Trøndelag","KRFVENS","Kristelig folkeparti og Venstre",1,1
2015,"ko","kommune","Meldal","Sør-Trøndelag","Andre","Andre",2,2
2015,"ko","kommune","Meldal","Sør-Trøndelag","Andre2","Andre2",0,-1
2015,"ko","kommune","Orkdal","Sør-Trøndelag","A","Arbeiderpartiet",10,1
2015,"ko","kommune","Orkdal","Sør-Trøndelag","SV","Sosialistisk Venstreparti",1,0
2015,"ko","kommune","Orkdal","Sør-Trøndelag","SP","Senterpartiet",7,2
2015,"ko","kommune","Orkdal","Sør-Trøndelag","KRF","Kristelig Folkeparti",1,-1
2015,"ko","kommune","Orkdal","Sør-Trøndelag","MDG","Miljøpartiet De Grønne",0,0
2015,"ko","kommune","Orkdal","Sør-Trøndelag","V","Venstre",2,-1
2015,"ko","kommune","Orkdal","Sør-Trøndelag","H","Høyre",2,0
2015,"ko","kommune","Orkdal","Sør-Trøndelag","FRP","Fremskrittspartiet",1,-1
2015,"ko","kommune","Orkdal","Sør-Trøndelag","PP","Pensjonistpartiet",2,2
2015,"ko","kommune","Orkdal","Sør-Trøndelag","BLANKE","Blanke",0,0
2015,"ko","kommune","Orkdal","Sør-Trøndelag","OL","Orkdalslista",5,-4
2015,"ko","kommune","Orkdal","Sør-Trøndelag","SB","Småbylista Orkdal",4,2
2015,"ko","kommune","Orkdal","Sør-Trøndelag","Andre","Andre",11,0
2015,"ko","kommune","Orkdal","Sør-Trøndelag","Andre2","Andre2",0,0
2015,"ko","kommune","Røros","Sør-Trøndelag","A","Arbeiderpartiet",11,-3
2015,"ko","kommune","Røros","Sør-Trøndelag","SV","Sosialistisk Venstreparti",4,1
2015,"ko","kommune","Røros","Sør-Trøndelag","SP","Senterpartiet",3,1
2015,"ko","kommune","Røros","Sør-Trøndelag","MDG","Miljøpartiet De Grønne",0,0
2015,"ko","kommune","Røros","Sør-Trøndelag","V","Venstre",2,1
2015,"ko","kommune","Røros","Sør-Trøndelag","H","Høyre",5,1
2015,"ko","kommune","Røros","Sør-Trøndelag","FRP","Fremskrittspartiet",0,-1
2015,"ko","kommune","Røros","Sør-Trøndelag","BLANKE","Blanke",0,0
2015,"ko","kommune","Røros","Sør-Trøndelag","RØL","Røroslista",2,0
2015,"ko","kommune","Røros","Sør-Trøndelag","Andre","Andre",2,0
2015,"ko","kommune","Røros","Sør-Trøndelag","Andre2","Andre2",0,0
2015,"ko","kommune","Holtålen","Sør-Trøndelag","A","Arbeiderpartiet",7,-1
2015,"ko","kommune","Holtålen","Sør-Trøndelag","SV","Sosialistisk Venstreparti",1,0
2015,"ko","kommune","Holtålen","Sør-Trøndelag","H","Høyre",1,-3
2015,"ko","kommune","Holtålen","Sør-Trøndelag","BLANKE","Blanke",0,0
2015,"ko","kommune","Holtålen","Sør-Trøndelag","FLS","Fellesliste av SP og V",6,6
2015,"ko","kommune","Holtålen","Sør-Trøndelag","Andre","Andre",6,6
2015,"ko","kommune","Holtålen","Sør-Trøndelag","Andre2","Andre2",0,-8
2015,"ko","kommune","Midtre Gauldal","Sør-Trøndelag","A","Arbeiderpartiet",13,0
2015,"ko","kommune","Midtre Gauldal","Sør-Trøndelag","SP","Senterpartiet",9,4
2015,"ko","kommune","Midtre Gauldal","Sør-Trøndelag","KRF","Kristelig Folkeparti",2,0
2015,"ko","kommune","Midtre Gauldal","Sør-Trøndelag","V","Venstre",1,0
2015,"ko","kommune","Midtre Gauldal","Sør-Trøndelag","H","Høyre",3,0
2015,"ko","kommune","Midtre Gauldal","Sør-Trøndelag","FRP","Fremskrittspartiet",2,-1
2015,"ko","kommune","Midtre Gauldal","Sør-Trøndelag","BLANKE","Blanke",0,0
2015,"ko","kommune","Midtre Gauldal","Sør-Trøndelag","BMG","Bygdelista for Midtre Gauldal",3,-3
2015,"ko","kommune","Midtre Gauldal","Sør-Trøndelag","SVR","Fellesliste for Sosialistisk Venstreparti og Rødt",0,0
2015,"ko","kommune","Midtre Gauldal","Sør-Trøndelag","Andre","Andre",3,-3
2015,"ko","kommune","Midtre Gauldal","Sør-Trøndelag","Andre2","Andre2",0,0
2015,"ko","kommune","Melhus","Sør-Trøndelag","A","Arbeiderpartiet",14,0
2015,"ko","kommune","Melhus","Sør-Trøndelag","SV","Sosialistisk Venstreparti",1,0
2015,"ko","kommune","Melhus","Sør-Trøndelag","SP","Senterpartiet",7,1
2015,"ko","kommune","Melhus","Sør-Trøndelag","KRF","Kristelig Folkeparti",2,0
2015,"ko","kommune","Melhus","Sør-Trøndelag","MDG","Miljøpartiet De Grønne",1,1
2015,"ko","kommune","Melhus","Sør-Trøndelag","V","Venstre",1,0
2015,"ko","kommune","Melhus","Sør-Trøndelag","H","Høyre",5,-4
2015,"ko","kommune","Melhus","Sør-Trøndelag","FRP","Fremskrittspartiet",2,-2
2015,"ko","kommune","Melhus","Sør-Trøndelag","BLANKE","Blanke",0,0
2015,"ko","kommune","Melhus","Sør-Trøndelag","KRISTNE","Partiet De Kristne",0,0
2015,"ko","kommune","Melhus","Sør-Trøndelag","MELHUS","Melhuslista, Tverrpolitisk liste for hele Melhus kommune",4,4
2015,"ko","kommune","Melhus","Sør-Trøndelag","Andre","Andre",4,4
2015,"ko","kommune","Melhus","Sør-Trøndelag","Andre2","Andre2",0,0
2015,"ko","kommune","Skaun","Sør-Trøndelag","A","Arbeiderpartiet",7,1
2015,"ko","kommune","Skaun","Sør-Trøndelag","SV","Sosialistisk Venstreparti",1,0
2015,"ko","kommune","Skaun","Sør-Trøndelag","RØDT","Rødt",0,0
2015,"ko","kommune","Skaun","Sør-Trøndelag","SP","Senterpartiet",8,2
2015,"ko","kommune","Skaun","Sør-Trøndelag","MDG","Miljøpartiet De Grønne",0,0
2015,"ko","kommune","Skaun","Sør-Trøndelag","H","Høyre",2,-1
2015,"ko","kommune","Skaun","Sør-Trøndelag","FRP","Fremskrittspartiet",2,0
2015,"ko","kommune","Skaun","Sør-Trøndelag","BLANKE","Blanke",0,0
2015,"ko","kommune","Skaun","Sør-Trøndelag","BLBU","Buviklista",2,0
2015,"ko","kommune","Skaun","Sør-Trøndelag","KRF_V","Kristelig folkeparti og Venstre",1,1
2015,"ko","kommune","Skaun","Sør-Trøndelag","Andre","Andre",3,1
2015,"ko","kommune","Skaun","Sør-Trøndelag","Andre2","Andre2",0,-1
2015,"ko","kommune","Klæbu","Sør-Trøndelag","A","Arbeiderpartiet",9,1
2015,"ko","kommune","Klæbu","Sør-Trøndelag","SV","Sosialistisk Venstreparti",2,0
2015,"ko","kommune","Klæbu","Sør-Trøndelag","SP","Senterpartiet",3,0
2015,"ko","kommune","Klæbu","Sør-Trøndelag","MDG","Miljøpartiet De Grønne",1,1
2015,"ko","kommune","Klæbu","Sør-Trøndelag","V","Venstre",3,1
2015,"ko","kommune","Klæbu","Sør-Trøndelag","H","Høyre",3,-2
2015,"ko","kommune","Klæbu","Sør-Trøndelag","FRP","Fremskrittspartiet",2,-1
2015,"ko","kommune","Klæbu","Sør-Trøndelag","BLANKE","Blanke",0,0
2015,"ko","kommune","Klæbu","Sør-Trøndelag","Andre","Andre",0,0
2015,"ko","kommune","Klæbu","Sør-Trøndelag","Andre2","Andre2",0,0
2015,"ko","kommune","Malvik","Sør-Trøndelag","A","Arbeiderpartiet",12,-1
2015,"ko","kommune","Malvik","Sør-Trøndelag","SV","Sosialistisk Venstreparti",1,-1
2015,"ko","kommune","Malvik","Sør-Trøndelag","SP","Senterpartiet",3,1
2015,"ko","kommune","Malvik","Sør-Trøndelag","KRF","Kristelig Folkeparti",1,0
2015,"ko","kommune","Malvik","Sør-Trøndelag","MDG","Miljøpartiet De Grønne",2,2
2015,"ko","kommune","Malvik","Sør-Trøndelag","V","Venstre",2,0
2015,"ko","kommune","Malvik","Sør-Trøndelag","H","Høyre",5,-3
2015,"ko","kommune","Malvik","Sør-Trøndelag","FRP","Fremskrittspartiet",3,0
2015,"ko","kommune","Malvik","Sør-Trøndelag","PP","Pensjonistpartiet",1,1
2015,"ko","kommune","Malvik","Sør-Trøndelag","BLANKE","Blanke",0,0
2015,"ko","kommune","Malvik","Sør-Trøndelag","FOMA","Fokus Malvik",1,1
2015,"ko","kommune","Malvik","Sør-Trøndelag","Andre","Andre",2,2
2015,"ko","kommune","Malvik","Sør-Trøndelag","Andre2","Andre2",0,0
2015,"ko","kommune","Selbu","Sør-Trøndelag","A","Arbeiderpartiet",10,10
2015,"ko","kommune","Selbu","Sør-Trøndelag","SV","Sosialistisk Venstreparti",2,2
2015,"ko","kommune","Selbu","Sør-Trøndelag","MDG","Miljøpartiet De Grønne",1,1
2015,"ko","kommune","Selbu","Sør-Trøndelag","H","Høyre",4,0
2015,"ko","kommune","Selbu","Sør-Trøndelag","BLANKE","Blanke",0,0
2015,"ko","kommune","Selbu","Sør-Trøndelag","SP_V_KRF","Fellesliste SP, KrF og Venstre",8,2
2015,"ko","kommune","Selbu","Sør-Trøndelag","Andre","Andre",8,2
2015,"ko","kommune","Selbu","Sør-Trøndelag","Andre2","Andre2",0,-15
2015,"ko","kommune","Tydal","Sør-Trøndelag","SP","Senterpartiet",12,12
2015,"ko","kommune","Tydal","Sør-Trøndelag","AP_SV_TY","Arbeiderpartiet og Sosialistisk Venstreparti",5,-1
2015,"ko","kommune","Tydal","Sør-Trøndelag","BLANKE","Blanke",0,0
2015,"ko","kommune","Tydal","Sør-Trøndelag","Andre","Andre",5,-1
2015,"ko","kommune","Tydal","Sør-Trøndelag","Andre2","Andre2",0,-11
2015,"ko","kommune","Steinkjer","Nord-Trøndelag","A","Arbeiderpartiet",17,-1
2015,"ko","kommune","Steinkjer","Nord-Trøndelag","SV","Sosialistisk Venstreparti",2,0
2015,"ko","kommune","Steinkjer","Nord-Trøndelag","SP","Senterpartiet",19,3
2015,"ko","kommune","Steinkjer","Nord-Trøndelag","KRF","Kristelig Folkeparti",1,0
2015,"ko","kommune","Steinkjer","Nord-Trøndelag","MDG","Miljøpartiet De Grønne",2,2
2015,"ko","kommune","Steinkjer","Nord-Trøndelag","V","Venstre",1,-1
2015,"ko","kommune","Steinkjer","Nord-Trøndelag","H","Høyre",3,-1
2015,"ko","kommune","Steinkjer","Nord-Trøndelag","FRP","Fremskrittspartiet",2,-2
2015,"ko","kommune","Steinkjer","Nord-Trøndelag","DEMN","Demokratene i Norge",0,0
2015,"ko","kommune","Steinkjer","Nord-Trøndelag","BLANKE","Blanke",0,0
2015,"ko","kommune","Steinkjer","Nord-Trøndelag","Andre","Andre",0,0
2015,"ko","kommune","Steinkjer","Nord-Trøndelag","Andre2","Andre2",0,0
2015,"ko","kommune","Namsos","Nord-Trøndelag","A","Arbeiderpartiet",13,-1
2015,"ko","kommune","Namsos","Nord-Trøndelag","SV","Sosialistisk Venstreparti",3,-4
2015,"ko","kommune","Namsos","Nord-Trøndelag","SP","Senterpartiet",2,0
2015,"ko","kommune","Namsos","Nord-Trøndelag","KRF","Kristelig Folkeparti",1,-1
2015,"ko","kommune","Namsos","Nord-Trøndelag","MDG","Miljøpartiet De Grønne",0,0
2015,"ko","kommune","Namsos","Nord-Trøndelag","V","Venstre",2,-1
2015,"ko","kommune","Namsos","Nord-Trøndelag","H","Høyre",4,-2
2015,"ko","kommune","Namsos","Nord-Trøndelag","FRP","Fremskrittspartiet",2,-1
2015,"ko","kommune","Namsos","Nord-Trøndelag","BLANKE","Blanke",0,0
2015,"ko","kommune","Namsos","Nord-Trøndelag","Andre","Andre",0,0
2015,"ko","kommune","Namsos","Nord-Trøndelag","Andre2","Andre2",0,0
2015,"ko","kommune","Meråker","Nord-Trøndelag","A","Arbeiderpartiet",6,-1
2015,"ko","kommune","Meråker","Nord-Trøndelag","SV","Sosialistisk Venstreparti",1,0
2015,"ko","kommune","Meråker","Nord-Trøndelag","SP","Senterpartiet",4,1
2015,"ko","kommune","Meråker","Nord-Trøndelag","V","Venstre",3,-1
2015,"ko","kommune","Meråker","Nord-Trøndelag","H","Høyre",0,-2
2015,"ko","kommune","Meråker","Nord-Trøndelag","FRP","Fremskrittspartiet",1,0
2015,"ko","kommune","Meråker","Nord-Trøndelag","BLANKE","Blanke",0,0
2015,"ko","kommune","Meråker","Nord-Trøndelag","METPBL","Meråker Tverrpolitiske Bygdeliste",6,3
2015,"ko","kommune","Meråker","Nord-Trøndelag","Andre","Andre",6,3
2015,"ko","kommune","Meråker","Nord-Trøndelag","Andre2","Andre2",0,0
2015,"ko","kommune","Stjørdal","Nord-Trøndelag","A","Arbeiderpartiet",16,-2
2015,"ko","kommune","Stjørdal","Nord-Trøndelag","SV","Sosialistisk Venstreparti",1,-1
2015,"ko","kommune","Stjørdal","Nord-Trøndelag","RØDT","Rødt",1,1
2015,"ko","kommune","Stjørdal","Nord-Trøndelag","SP","Senterpartiet",11,4
2015,"ko","kommune","Stjørdal","Nord-Trøndelag","KRF","Kristelig Folkeparti",1,-1
2015,"ko","kommune","Stjørdal","Nord-Trøndelag","MDG","Miljøpartiet De Grønne",1,1
2015,"ko","kommune","Stjørdal","Nord-Trøndelag","V","Venstre",2,0
2015,"ko","kommune","Stjørdal","Nord-Trøndelag","H","Høyre",6,-1
2015,"ko","kommune","Stjørdal","Nord-Trøndelag","FRP","Fremskrittspartiet",2,-1
2015,"ko","kommune","Stjørdal","Nord-Trøndelag","BLANKE","Blanke",0,0
2015,"ko","kommune","Stjørdal","Nord-Trøndelag","Andre","Andre",0,0
2015,"ko","kommune","Stjørdal","Nord-Trøndelag","Andre2","Andre2",0,0
2015,"ko","kommune","Frosta","Nord-Trøndelag","A","Arbeiderpartiet",3,0
2015,"ko","kommune","Frosta","Nord-Trøndelag","SV","Sosialistisk Venstreparti",1,0
2015,"ko","kommune","Frosta","Nord-Trøndelag","SP","Senterpartiet",6,2
2015,"ko","kommune","Frosta","Nord-Trøndelag","KRF","Kristelig Folkeparti",1,0
2015,"ko","kommune","Frosta","Nord-Trøndelag","V","Venstre",2,0
2015,"ko","kommune","Frosta","Nord-Trøndelag","H","Høyre",4,-2
2015,"ko","kommune","Frosta","Nord-Trøndelag","BLANKE","Blanke",0,0
2015,"ko","kommune","Frosta","Nord-Trøndelag","Andre","Andre",0,0
2015,"ko","kommune","Frosta","Nord-Trøndelag","Andre2","Andre2",0,0
2015,"ko","kommune","Leksvik","Nord-Trøndelag","A","Arbeiderpartiet",10,3
2015,"ko","kommune","Leksvik","Nord-Trøndelag","SV","Sosialistisk Venstreparti",1,0
2015,"ko","kommune","Leksvik","Nord-Trøndelag","SP","Senterpartiet",5,-1
2015,"ko","kommune","Leksvik","Nord-Trøndelag","KRF","Kristelig Folkeparti",1,-1
2015,"ko","kommune","Leksvik","Nord-Trøndelag","V","Venstre",1,0
2015,"ko","kommune","Leksvik","Nord-Trøndelag","H","Høyre",5,0
2015,"ko","kommune","Leksvik","Nord-Trøndelag","FRP","Fremskrittspartiet",2,-1
2015,"ko","kommune","Leksvik","Nord-Trøndelag","PP","Pensjonistpartiet",0,0
2015,"ko","kommune","Leksvik","Nord-Trøndelag","BLANKE","Blanke",0,0
2015,"ko","kommune","Leksvik","Nord-Trøndelag","Andre","Andre",0,0
2015,"ko","kommune","Leksvik","Nord-Trøndelag","Andre2","Andre2",0,0
2015,"ko","kommune","Levanger","Nord-Trøndelag","A","Arbeiderpartiet",17,1
2015,"ko","kommune","Levanger","Nord-Trøndelag","SV","Sosialistisk Venstreparti",2,0
2015,"ko","kommune","Levanger","Nord-Trøndelag","SP","Senterpartiet",6,1
2015,"ko","kommune","Levanger","Nord-Trøndelag","KRF","Kristelig Folkeparti",2,0
2015,"ko","kommune","Levanger","Nord-Trøndelag","MDG","Miljøpartiet De Grønne",1,1
2015,"ko","kommune","Levanger","Nord-Trøndelag","V","Venstre",2,0
2015,"ko","kommune","Levanger","Nord-Trøndelag","H","Høyre",3,-2
2015,"ko","kommune","Levanger","Nord-Trøndelag","FRP","Fremskrittspartiet",2,-1
2015,"ko","kommune","Levanger","Nord-Trøndelag","BLANKE","Blanke",0,0
2015,"ko","kommune","Levanger","Nord-Trøndelag","KRISTNE","Partiet De Kristne",0,0
2015,"ko","kommune","Levanger","Nord-Trøndelag","Andre","Andre",0,0
2015,"ko","kommune","Levanger","Nord-Trøndelag","Andre2","Andre2",0,0
2015,"ko","kommune","Verdal","Nord-Trøndelag","A","Arbeiderpartiet",15,-2
2015,"ko","kommune","Verdal","Nord-Trøndelag","SV","Sosialistisk Venstreparti",1,0
2015,"ko","kommune","Verdal","Nord-Trøndelag","RØDT","Rødt",0,0
2015,"ko","kommune","Verdal","Nord-Trøndelag","SP","Senterpartiet",11,4
2015,"ko","kommune","Verdal","Nord-Trøndelag","KRF","Kristelig Folkeparti",1,0
2015,"ko","kommune","Verdal","Nord-Trøndelag","MDG","Miljøpartiet De Grønne",1,1
2015,"ko","kommune","Verdal","Nord-Trøndelag","V","Venstre",1,-1
2015,"ko","kommune","Verdal","Nord-Trøndelag","H","Høyre",3,-1
2015,"ko","kommune","Verdal","Nord-Trøndelag","FRP","Fremskrittspartiet",2,-1
2015,"ko","kommune","Verdal","Nord-Trøndelag","BLANKE","Blanke",0,0
2015,"ko","kommune","Verdal","Nord-Trøndelag","Andre","Andre",0,0
2015,"ko","kommune","Verdal","Nord-Trøndelag","Andre2","Andre2",0,0
2015,"ko","kommune","Verran","Nord-Trøndelag","A","Arbeiderpartiet",7,0
2015,"ko","kommune","Verran","Nord-Trøndelag","SP","Senterpartiet",7,1
2015,"ko","kommune","Verran","Nord-Trøndelag","V","Venstre",3,-2
2015,"ko","kommune","Verran","Nord-Trøndelag","H","Høyre",1,1
2015,"ko","kommune","Verran","Nord-Trøndelag","FRP","Fremskrittspartiet",1,0
2015,"ko","kommune","Verran","Nord-Trøndelag","BLANKE","Blanke",0,0
2015,"ko","kommune","Verran","Nord-Trøndelag","Andre","Andre",0,0
2015,"ko","kommune","Verran","Nord-Trøndelag","Andre2","Andre2",0,0
2015,"ko","kommune","Namdalseid","Nord-Trøndelag","A","Arbeiderpartiet",4,-2
2015,"ko","kommune","Namdalseid","Nord-Trøndelag","SP","Senterpartiet",12,2
2015,"ko","kommune","Namdalseid","Nord-Trøndelag","KRF","Kristelig Folkeparti",1,0
2015,"ko","kommune","Namdalseid","Nord-Trøndelag","V","Venstre",1,0
2015,"ko","kommune","Namdalseid","Nord-Trøndelag","H","Høyre",1,0
2015,"ko","kommune","Namdalseid","Nord-Trøndelag","BLANKE","Blanke",0,0
2015,"ko","kommune","Namdalseid","Nord-Trøndelag","Andre","Andre",0,0
2015,"ko","kommune","Namdalseid","Nord-Trøndelag","Andre2","Andre2",0,0
2015,"ko","kommune","Snåsa","Nord-Trøndelag","A","Arbeiderpartiet",10,2
2015,"ko","kommune","Snåsa","Nord-Trøndelag","SV","Sosialistisk Venstreparti",2,1
2015,"ko","kommune","Snåsa","Nord-Trøndelag","SP","Senterpartiet",7,-1
2015,"ko","kommune","Snåsa","Nord-Trøndelag","V","Venstre",1,-2
2015,"ko","kommune","Snåsa","Nord-Trøndelag","H","Høyre",1,0
2015,"ko","kommune","Snåsa","Nord-Trøndelag","BLANKE","Blanke",0,0
2015,"ko","kommune","Snåsa","Nord-Trøndelag","Andre","Andre",0,0
2015,"ko","kommune","Snåsa","Nord-Trøndelag","Andre2","Andre2",0,0
2015,"ko","kommune","Lierne","Nord-Trøndelag","A","Arbeiderpartiet",7,-1
2015,"ko","kommune","Lierne","Nord-Trøndelag","SP","Senterpartiet",6,2
2015,"ko","kommune","Lierne","Nord-Trøndelag","KRF","Kristelig Folkeparti",0,-1
2015,"ko","kommune","Lierne","Nord-Trøndelag","V","Venstre",2,2
2015,"ko","kommune","Lierne","Nord-Trøndelag","BLANKE","Blanke",0,0
2015,"ko","kommune","Lierne","Nord-Trøndelag","Andre","Andre",0,0
2015,"ko","kommune","Lierne","Nord-Trøndelag","Andre2","Andre2",0,-2
2015,"ko","kommune","Røyrvik","Nord-Trøndelag","A","Arbeiderpartiet",5,-2
2015,"ko","kommune","Røyrvik","Nord-Trøndelag","BLANKE","Blanke",0,0
2015,"ko","kommune","Røyrvik","Nord-Trøndelag","SBLRØ","Samarbeidslista i Røyrvik",8,2
2015,"ko","kommune","Røyrvik","Nord-Trøndelag","Andre","Andre",8,2
2015,"ko","kommune","Røyrvik","Nord-Trøndelag","Andre2","Andre2",0,0
2015,"ko","kommune","Namsskogan","Nord-Trøndelag","A","Arbeiderpartiet",6,1
2015,"ko","kommune","Namsskogan","Nord-Trøndelag","SV","Sosialistisk Venstreparti",2,-1
2015,"ko","kommune","Namsskogan","Nord-Trøndelag","SP","Senterpartiet",3,2
2015,"ko","kommune","Namsskogan","Nord-Trøndelag","BLANKE","Blanke",0,0
2015,"ko","kommune","Namsskogan","Nord-Trøndelag","OPTI","Optimum",2,-1
2015,"ko","kommune","Namsskogan","Nord-Trøndelag","Andre","Andre",2,-1
2015,"ko","kommune","Namsskogan","Nord-Trøndelag","Andre2","Andre2",0,-1
2015,"ko","kommune","Grong","Nord-Trøndelag","A","Arbeiderpartiet",9,2
2015,"ko","kommune","Grong","Nord-Trøndelag","SV","Sosialistisk Venstreparti",2,1
2015,"ko","kommune","Grong","Nord-Trøndelag","SP","Senterpartiet",5,-2
2015,"ko","kommune","Grong","Nord-Trøndelag","MDG","Miljøpartiet De Grønne",0,0
2015,"ko","kommune","Grong","Nord-Trøndelag","V","Venstre",0,0
2015,"ko","kommune","Grong","Nord-Trøndelag","H","Høyre",1,-1
2015,"ko","kommune","Grong","Nord-Trøndelag","BLANKE","Blanke",0,0
2015,"ko","kommune","Grong","Nord-Trøndelag","Andre","Andre",0,0
2015,"ko","kommune","Grong","Nord-Trøndelag","Andre2","Andre2",0,0
2015,"ko","kommune","Høylandet","Nord-Trøndelag","A","Arbeiderpartiet",5,-1
2015,"ko","kommune","Høylandet","Nord-Trøndelag","SP","Senterpartiet",12,2
2015,"ko","kommune","Høylandet","Nord-Trøndelag","V","Venstre",1,0
2015,"ko","kommune","Høylandet","Nord-Trøndelag","BLANKE","Blanke",0,0
2015,"ko","kommune","Høylandet","Nord-Trøndelag","BYGH","Bygdalista for Høylandet",1,0
2015,"ko","kommune","Høylandet","Nord-Trøndelag","Andre","Andre",1,0
2015,"ko","kommune","Høylandet","Nord-Trøndelag","Andre2","Andre2",0,-1
2015,"ko","kommune","Overhalla","Nord-Trøndelag","A","Arbeiderpartiet",5,-3
2015,"ko","kommune","Overhalla","Nord-Trøndelag","SV","Sosialistisk Venstreparti",0,-1
2015,"ko","kommune","Overhalla","Nord-Trøndelag","SP","Senterpartiet",13,5
2015,"ko","kommune","Overhalla","Nord-Trøndelag","V","Venstre",0,0
2015,"ko","kommune","Overhalla","Nord-Trøndelag","H","Høyre",1,0
2015,"ko","kommune","Overhalla","Nord-Trøndelag","FRP","Fremskrittspartiet",2,-1
2015,"ko","kommune","Overhalla","Nord-Trøndelag","BLANKE","Blanke",0,0
2015,"ko","kommune","Overhalla","Nord-Trøndelag","Andre","Andre",0,0
2015,"ko","kommune","Overhalla","Nord-Trøndelag","Andre2","Andre2",0,0
2015,"ko","kommune","Fosnes","Nord-Trøndelag","A","Arbeiderpartiet",4,-1
2015,"ko","kommune","Fosnes","Nord-Trøndelag","BLANKE","Blanke",0,0
2015,"ko","kommune","Fosnes","Nord-Trøndelag","FLSPKRF","Fellesliste for Senterpartiet og Kristelig Folkeparti",7,-3
2015,"ko","kommune","Fosnes","Nord-Trøndelag","GF","Grønt Forum",2,2
2015,"ko","kommune","Fosnes","Nord-Trøndelag","Andre","Andre",9,-1
2015,"ko","kommune","Fosnes","Nord-Trøndelag","Andre2","Andre2",0,0
2015,"ko","kommune","Flatanger","Nord-Trøndelag","A","Arbeiderpartiet",3,1
2015,"ko","kommune","Flatanger","Nord-Trøndelag","SV","Sosialistisk Venstreparti",2,1
2015,"ko","kommune","Flatanger","Nord-Trøndelag","SP","Senterpartiet",4,1
2015,"ko","kommune","Flatanger","Nord-Trøndelag","KRF","Kristelig Folkeparti",0,0
2015,"ko","kommune","Flatanger","Nord-Trøndelag","V","Venstre",2,-3
2015,"ko","kommune","Flatanger","Nord-Trøndelag","H","Høyre",2,0
2015,"ko","kommune","Flatanger","Nord-Trøndelag","FRP","Fremskrittspartiet",2,0
2015,"ko","kommune","Flatanger","Nord-Trøndelag","BLANKE","Blanke",0,0
2015,"ko","kommune","Flatanger","Nord-Trøndelag","Andre","Andre",0,0
2015,"ko","kommune","Flatanger","Nord-Trøndelag","Andre2","Andre2",0,0
2015,"ko","kommune","Vikna","Nord-Trøndelag","A","Arbeiderpartiet",8,2
2015,"ko","kommune","Vikna","Nord-Trøndelag","SV","Sosialistisk Venstreparti",1,0
2015,"ko","kommune","Vikna","Nord-Trøndelag","SP","Senterpartiet",3,0
2015,"ko","kommune","Vikna","Nord-Trøndelag","KRF","Kristelig Folkeparti",1,-1
2015,"ko","kommune","Vikna","Nord-Trøndelag","V","Venstre",7,4
2015,"ko","kommune","Vikna","Nord-Trøndelag","H","Høyre",1,-3
2015,"ko","kommune","Vikna","Nord-Trøndelag","FRP","Fremskrittspartiet",2,-2
2015,"ko","kommune","Vikna","Nord-Trøndelag","BLANKE","Blanke",0,0
2015,"ko","kommune","Vikna","Nord-Trøndelag","Andre","Andre",0,0
2015,"ko","kommune","Vikna","Nord-Trøndelag","Andre2","Andre2",0,0
2015,"ko","kommune","Nærøy","Nord-Trøndelag","A","Arbeiderpartiet",9,2
2015,"ko","kommune","Nærøy","Nord-Trøndelag","SV","Sosialistisk Venstreparti",1,-1
2015,"ko","kommune","Nærøy","Nord-Trøndelag","SP","Senterpartiet",10,0
2015,"ko","kommune","Nærøy","Nord-Trøndelag","KRF","Kristelig Folkeparti",1,0
2015,"ko","kommune","Nærøy","Nord-Trøndelag","V","Venstre",1,-1
2015,"ko","kommune","Nærøy","Nord-Trøndelag","H","Høyre",3,1
2015,"ko","kommune","Nærøy","Nord-Trøndelag","FRP","Fremskrittspartiet",2,-1
2015,"ko","kommune","Nærøy","Nord-Trøndelag","BLANKE","Blanke",0,0
2015,"ko","kommune","Nærøy","Nord-Trøndelag","Andre","Andre",0,0
2015,"ko","kommune","Nærøy","Nord-Trøndelag","Andre2","Andre2",0,0
2015,"ko","kommune","Leka","Nord-Trøndelag","A","Arbeiderpartiet",3,-1
2015,"ko","kommune","Leka","Nord-Trøndelag","SV","Sosialistisk Venstreparti",1,0
2015,"ko","kommune","Leka","Nord-Trøndelag","SP","Senterpartiet",9,0
2015,"ko","kommune","Leka","Nord-Trøndelag","V","Venstre",2,1
2015,"ko","kommune","Leka","Nord-Trøndelag","BLANKE","Blanke",0,0
2015,"ko","kommune","Leka","Nord-Trøndelag","Andre","Andre",0,0
2015,"ko","kommune","Leka","Nord-Trøndelag","Andre2","Andre2",0,0
2015,"ko","kommune","Inderøy","Nord-Trøndelag","A","Arbeiderpartiet",9,-1
2015,"ko","kommune","Inderøy","Nord-Trøndelag","SV","Sosialistisk Venstreparti",2,0
2015,"ko","kommune","Inderøy","Nord-Trøndelag","SP","Senterpartiet",15,2
2015,"ko","kommune","Inderøy","Nord-Trøndelag","KRF","Kristelig Folkeparti",1,0
2015,"ko","kommune","Inderøy","Nord-Trøndelag","MDG","Miljøpartiet De Grønne",1,1
2015,"ko","kommune","Inderøy","Nord-Trøndelag","V","Venstre",1,0
2015,"ko","kommune","Inderøy","Nord-Trøndelag","H","Høyre",2,-1
2015,"ko","kommune","Inderøy","Nord-Trøndelag","BLANKE","Blanke",0,0
2015,"ko","kommune","Inderøy","Nord-Trøndelag","Andre","Andre",0,0
2015,"ko","kommune","Inderøy","Nord-Trøndelag","Andre2","Andre2",0,-1
2015,"ko","kommune","Bodø","Nordland","A","Arbeiderpartiet",12,-1
2015,"ko","kommune","Bodø","Nordland","SV","Sosialistisk Venstreparti",2,0
2015,"ko","kommune","Bodø","Nordland","RØDT","Rødt",4,1
2015,"ko","kommune","Bodø","Nordland","SP","Senterpartiet",1,0
2015,"ko","kommune","Bodø","Nordland","KRF","Kristelig Folkeparti",1,0
2015,"ko","kommune","Bodø","Nordland","MDG","Miljøpartiet De Grønne",1,1
2015,"ko","kommune","Bodø","Nordland","V","Venstre",1,0
2015,"ko","kommune","Bodø","Nordland","H","Høyre",13,4
2015,"ko","kommune","Bodø","Nordland","FRP","Fremskrittspartiet",4,-5
2015,"ko","kommune","Bodø","Nordland","BLANKE","Blanke",0,0
2015,"ko","kommune","Bodø","Nordland","KRISTNE","Partiet De Kristne",0,0
2015,"ko","kommune","Bodø","Nordland","Andre","Andre",0,0
2015,"ko","kommune","Bodø","Nordland","Andre2","Andre2",0,0
2015,"ko","kommune","Narvik","Nordland","A","Arbeiderpartiet",13,-2
2015,"ko","kommune","Narvik","Nordland","SV","Sosialistisk Venstreparti",6,4
2015,"ko","kommune","Narvik","Nordland","RØDT","Rødt",2,0
2015,"ko","kommune","Narvik","Nordland","KRF","Kristelig Folkeparti",1,0
2015,"ko","kommune","Narvik","Nordland","MDG","Miljøpartiet De Grønne",2,2
2015,"ko","kommune","Narvik","Nordland","V","Venstre",1,-1
2015,"ko","kommune","Narvik","Nordland","H","Høyre",12,2
2015,"ko","kommune","Narvik","Nordland","FRP","Fremskrittspartiet",4,-5
2015,"ko","kommune","Narvik","Nordland","BLANKE","Blanke",0,0
2015,"ko","kommune","Narvik","Nordland","Andre","Andre",0,0
2015,"ko","kommune","Narvik","Nordland","Andre2","Andre2",0,0
2015,"ko","kommune","Bindal","Nordland","A","Arbeiderpartiet",9,3
2015,"ko","kommune","Bindal","Nordland","SV","Sosialistisk Venstreparti",1,1
2015,"ko","kommune","Bindal","Nordland","SP","Senterpartiet",2,2
2015,"ko","kommune","Bindal","Nordland","BLANKE","Blanke",0,0
2015,"ko","kommune","Bindal","Nordland","LHV","Høyre og Venstre",5,-3
2015,"ko","kommune","Bindal","Nordland","Andre","Andre",5,-3
2015,"ko","kommune","Bindal","Nordland","Andre2","Andre2",0,-3
2015,"ko","kommune","Sømna","Nordland","A","Arbeiderpartiet",5,2
2015,"ko","kommune","Sømna","Nordland","SP","Senterpartiet",7,1
2015,"ko","kommune","Sømna","Nordland","FRP","Fremskrittspartiet",1,0
2015,"ko","kommune","Sømna","Nordland","BLANKE","Blanke",0,0
2015,"ko","kommune","Sømna","Nordland","TPLS","Tverrpolitisk liste Sømna",4,-1
2015,"ko","kommune","Sømna","Nordland","Andre","Andre",4,-1
2015,"ko","kommune","Sømna","Nordland","Andre2","Andre2",0,-2
2015,"ko","kommune","Brønnøy","Nordland","A","Arbeiderpartiet",10,0
2015,"ko","kommune","Brønnøy","Nordland","SV","Sosialistisk Venstreparti",1,0
2015,"ko","kommune","Brønnøy","Nordland","SP","Senterpartiet",6,1
2015,"ko","kommune","Brønnøy","Nordland","KRF","Kristelig Folkeparti",0,0
2015,"ko","kommune","Brønnøy","Nordland","V","Venstre",6,5
2015,"ko","kommune","Brønnøy","Nordland","H","Høyre",4,-5
2015,"ko","kommune","Brønnøy","Nordland","BLANKE","Blanke",0,0
2015,"ko","kommune","Brønnøy","Nordland","Andre","Andre",0,0
2015,"ko","kommune","Brønnøy","Nordland","Andre2","Andre2",0,-1
2015,"ko","kommune","Vega","Nordland","A","Arbeiderpartiet",8,0
2015,"ko","kommune","Vega","Nordland","SV","Sosialistisk Venstreparti",1,0
2015,"ko","kommune","Vega","Nordland","SP","Senterpartiet",5,2
2015,"ko","kommune","Vega","Nordland","KYST","Kystpartiet",1,0
2015,"ko","kommune","Vega","Nordland","BLANKE","Blanke",0,0
2015,"ko","kommune","Vega","Nordland","Andre","Andre",1,0
2015,"ko","kommune","Vega","Nordland","Andre2","Andre2",0,-2
2015,"ko","kommune","Vevelstad","Nordland","A","Arbeiderpartiet",3,0
2015,"ko","kommune","Vevelstad","Nordland","BLANKE","Blanke",0,0
2015,"ko","kommune","Vevelstad","Nordland","KOM","Kommunelista",4,2
2015,"ko","kommune","Vevelstad","Nordland","SAMVE","Samarbeidslisten",6,-2
2015,"ko","kommune","Vevelstad","Nordland","Andre","Andre",10,0
2015,"ko","kommune","Vevelstad","Nordland","Andre2","Andre2",0,0
2015,"ko","kommune","Herøy","Nordland","A","Arbeiderpartiet",12,1
2015,"ko","kommune","Herøy","Nordland","SV","Sosialistisk Venstreparti",1,1
2015,"ko","kommune","Herøy","Nordland","SP","Senterpartiet",2,2
2015,"ko","kommune","Herøy","Nordland","FRP","Fremskrittspartiet",2,-1
2015,"ko","kommune","Herøy","Nordland","BLANKE","Blanke",0,0
2015,"ko","kommune","Herøy","Nordland","VH","Fellesliste for Høyre og Venstre",2,2
2015,"ko","kommune","Herøy","Nordland","Andre","Andre",2,2
2015,"ko","kommune","Herøy","Nordland","Andre2","Andre2",0,-5
2015,"ko","kommune","Alstahaug","Nordland","A","Arbeiderpartiet",11,2
2015,"ko","kommune","Alstahaug","Nordland","SV","Sosialistisk Venstreparti",1,1
2015,"ko","kommune","Alstahaug","Nordland","RØDT","Rødt",2,0
2015,"ko","kommune","Alstahaug","Nordland","SP","Senterpartiet",5,2
2015,"ko","kommune","Alstahaug","Nordland","V","Venstre",2,-1
2015,"ko","kommune","Alstahaug","Nordland","H","Høyre",4,-2
2015,"ko","kommune","Alstahaug","Nordland","FRP","Fremskrittspartiet",2,-2
2015,"ko","kommune","Alstahaug","Nordland","BLANKE","Blanke",0,0
2015,"ko","kommune","Alstahaug","Nordland","Andre","Andre",0,0
2015,"ko","kommune","Alstahaug","Nordland","Andre2","Andre2",0,0
2015,"ko","kommune","Leirfjord","Nordland","A","Arbeiderpartiet",9,2
2015,"ko","kommune","Leirfjord","Nordland","SV","Sosialistisk Venstreparti",2,0
2015,"ko","kommune","Leirfjord","Nordland","RØDT","Rødt",0,-1
2015,"ko","kommune","Leirfjord","Nordland","SP","Senterpartiet",5,-1
2015,"ko","kommune","Leirfjord","Nordland","V","Venstre",0,0
2015,"ko","kommune","Leirfjord","Nordland","H","Høyre",1,1
2015,"ko","kommune","Leirfjord","Nordland","FRP","Fremskrittspartiet",2,-1
2015,"ko","kommune","Leirfjord","Nordland","BLANKE","Blanke",0,0
2015,"ko","kommune","Leirfjord","Nordland","Andre","Andre",0,0
2015,"ko","kommune","Leirfjord","Nordland","Andre2","Andre2",0,0
2015,"ko","kommune","Vefsn","Nordland","A","Arbeiderpartiet",10,-5
2015,"ko","kommune","Vefsn","Nordland","SV","Sosialistisk Venstreparti",1,0
2015,"ko","kommune","Vefsn","Nordland","RØDT","Rødt",4,1
2015,"ko","kommune","Vefsn","Nordland","SP","Senterpartiet",2,-1
2015,"ko","kommune","Vefsn","Nordland","KRF","Kristelig Folkeparti",0,-1
2015,"ko","kommune","Vefsn","Nordland","V","Venstre",2,0
2015,"ko","kommune","Vefsn","Nordland","H","Høyre",5,1
2015,"ko","kommune","Vefsn","Nordland","FRP","Fremskrittspartiet",2,-4
2015,"ko","kommune","Vefsn","Nordland","BLANKE","Blanke",0,0
2015,"ko","kommune","Vefsn","Nordland","KRISTNE","Partiet De Kristne",0,0
2015,"ko","kommune","Vefsn","Nordland","VTPPV","Vefsn tverrpolitiske parti",3,3
2015,"ko","kommune","Vefsn","Nordland","Andre","Andre",3,3
2015,"ko","kommune","Vefsn","Nordland","Andre2","Andre2",0,0
2015,"ko","kommune","Grane","Nordland","A","Arbeiderpartiet",9,0
2015,"ko","kommune","Grane","Nordland","SP","Senterpartiet",7,1
2015,"ko","kommune","Grane","Nordland","FRP","Fremskrittspartiet",1,-1
2015,"ko","kommune","Grane","Nordland","BLANKE","Blanke",0,0
2015,"ko","kommune","Grane","Nordland","Andre","Andre",0,0
2015,"ko","kommune","Grane","Nordland","Andre2","Andre2",0,0
2015,"ko","kommune","Hattfjelldal","Nordland","A","Arbeiderpartiet",7,0
2015,"ko","kommune","Hattfjelldal","Nordland","SV","Sosialistisk Venstreparti",1,-1
2015,"ko","kommune","Hattfjelldal","Nordland","SP","Senterpartiet",6,-2
2015,"ko","kommune","Hattfjelldal","Nordland","BLANKE","Blanke",0,0
2015,"ko","kommune","Hattfjelldal","Nordland","HDBL","Hattfjelldal Bygdeliste",3,3
2015,"ko","kommune","Hattfjelldal","Nordland","Andre","Andre",3,3
2015,"ko","kommune","Hattfjelldal","Nordland","Andre2","Andre2",0,0
2015,"ko","kommune","Dønna","Nordland","A","Arbeiderpartiet",6,0
2015,"ko","kommune","Dønna","Nordland","SV","Sosialistisk Venstreparti",3,0
2015,"ko","kommune","Dønna","Nordland","H","Høyre",2,0
2015,"ko","kommune","Dønna","Nordland","FRP","Fremskrittspartiet",1,-1
2015,"ko","kommune","Dønna","Nordland","BLANKE","Blanke",0,0
2015,"ko","kommune","Dønna","Nordland","SP_KP","Fellesliste for Senterpartiet og Kystpartiet",5,5
2015,"ko","kommune","Dønna","Nordland","Andre","Andre",5,5
2015,"ko","kommune","Dønna","Nordland","Andre2","Andre2",0,-4
2015,"ko","kommune","Nesna","Nordland","A","Arbeiderpartiet",7,3
2015,"ko","kommune","Nesna","Nordland","SV","Sosialistisk Venstreparti",3,1
2015,"ko","kommune","Nesna","Nordland","SP","Senterpartiet",3,0
2015,"ko","kommune","Nesna","Nordland","MDG","Miljøpartiet De Grønne",1,1
2015,"ko","kommune","Nesna","Nordland","V","Venstre",0,-1
2015,"ko","kommune","Nesna","Nordland","H","Høyre",3,-2
2015,"ko","kommune","Nesna","Nordland","BLANKE","Blanke",0,0
2015,"ko","kommune","Nesna","Nordland","Andre","Andre",0,0
2015,"ko","kommune","Nesna","Nordland","Andre2","Andre2",0,-2
2015,"ko","kommune","Hemnes","Nordland","A","Arbeiderpartiet",8,0
2015,"ko","kommune","Hemnes","Nordland","SV","Sosialistisk Venstreparti",2,1
2015,"ko","kommune","Hemnes","Nordland","SP","Senterpartiet",4,0
2015,"ko","kommune","Hemnes","Nordland","MDG","Miljøpartiet De Grønne",1,1
2015,"ko","kommune","Hemnes","Nordland","H","Høyre",6,1
2015,"ko","kommune","Hemnes","Nordland","FRP","Fremskrittspartiet",2,-2
2015,"ko","kommune","Hemnes","Nordland","BLANKE","Blanke",0,0
2015,"ko","kommune","Hemnes","Nordland","HEORD","Hemnes samfunnsparti",0,-1
2015,"ko","kommune","Hemnes","Nordland","Andre","Andre",0,-1
2015,"ko","kommune","Hemnes","Nordland","Andre2","Andre2",0,0
2015,"ko","kommune","Rana","Nordland","A","Arbeiderpartiet",17,4
2015,"ko","kommune","Rana","Nordland","SV","Sosialistisk Venstreparti",3,1
2015,"ko","kommune","Rana","Nordland","RØDT","Rødt",1,0
2015,"ko","kommune","Rana","Nordland","SP","Senterpartiet",4,1
2015,"ko","kommune","Rana","Nordland","KRF","Kristelig Folkeparti",1,0
2015,"ko","kommune","Rana","Nordland","V","Venstre",1,0
2015,"ko","kommune","Rana","Nordland","H","Høyre",7,-3
2015,"ko","kommune","Rana","Nordland","FRP","Fremskrittspartiet",3,-1
2015,"ko","kommune","Rana","Nordland","BLANKE","Blanke",0,0
2015,"ko","kommune","Rana","Nordland","Andre","Andre",0,0
2015,"ko","kommune","Rana","Nordland","Andre2","Andre2",0,-2
2015,"ko","kommune","Lurøy","Nordland","A","Arbeiderpartiet",6,-2
2015,"ko","kommune","Lurøy","Nordland","SP","Senterpartiet",6,4
2015,"ko","kommune","Lurøy","Nordland","KRF","Kristelig Folkeparti",1,0
2015,"ko","kommune","Lurøy","Nordland","V","Venstre",0,0
2015,"ko","kommune","Lurøy","Nordland","H","Høyre",2,-1
2015,"ko","kommune","Lurøy","Nordland","FRP","Fremskrittspartiet",1,0
2015,"ko","kommune","Lurøy","Nordland","KYST","Kystpartiet",2,0
2015,"ko","kommune","Lurøy","Nordland","BLANKE","Blanke",0,0
2015,"ko","kommune","Lurøy","Nordland","LTV","Lovund Tverrpolitiske Liste",1,-1
2015,"ko","kommune","Lurøy","Nordland","Andre","Andre",3,-1
2015,"ko","kommune","Lurøy","Nordland","Andre2","Andre2",0,0
2015,"ko","kommune","Træna","Nordland","A","Arbeiderpartiet",5,2
2015,"ko","kommune","Træna","Nordland","BLANKE","Blanke",0,0
2015,"ko","kommune","Træna","Nordland","SPKRF","Fellesliste for Senterpartiet og Kristelig Folkeparti",6,-2
2015,"ko","kommune","Træna","Nordland","Andre","Andre",6,-2
2015,"ko","kommune","Træna","Nordland","Andre2","Andre2",0,0
2015,"ko","kommune","Rødøy","Nordland","SP","Senterpartiet",6,0
2015,"ko","kommune","Rødøy","Nordland","FRP","Fremskrittspartiet",1,-1
2015,"ko","kommune","Rødøy","Nordland","APKRF","Arbeiderpartiet og Kristelig Folkeparti",7,7
2015,"ko","kommune","Rødøy","Nordland","BLANKE","Blanke",0,0
2015,"ko","kommune","Rødøy","Nordland","RFL","Rødøy fellesliste",3,0
2015,"ko","kommune","Rødøy","Nordland","Andre","Andre",10,7
2015,"ko","kommune","Rødøy","Nordland","Andre2","Andre2",0,-6
2015,"ko","kommune","Meløy","Nordland","A","Arbeiderpartiet",7,1
2015,"ko","kommune","Meløy","Nordland","SV","Sosialistisk Venstreparti",1,0
2015,"ko","kommune","Meløy","Nordland","SP","Senterpartiet",4,1
2015,"ko","kommune","Meløy","Nordland","KRF","Kristelig Folkeparti",2,0
2015,"ko","kommune","Meløy","Nordland","V","Venstre",1,0
2015,"ko","kommune","Meløy","Nordland","H","Høyre",5,-3
2015,"ko","kommune","Meløy","Nordland","FRP","Fremskrittspartiet",3,-1
2015,"ko","kommune","Meløy","Nordland","BLANKE","Blanke",0,0
2015,"ko","kommune","Meløy","Nordland","KRISTNE","Partiet De Kristne",0,0
2015,"ko","kommune","Meløy","Nordland","Andre","Andre",0,0
2015,"ko","kommune","Meløy","Nordland","Andre2","Andre2",0,0
2015,"ko","kommune","Gildeskål","Nordland","A","Arbeiderpartiet",7,2
2015,"ko","kommune","Gildeskål","Nordland","SV","Sosialistisk Venstreparti",1,0
2015,"ko","kommune","Gildeskål","Nordland","SP","Senterpartiet",3,1
2015,"ko","kommune","Gildeskål","Nordland","MDG","Miljøpartiet De Grønne",0,0
2015,"ko","kommune","Gildeskål","Nordland","H","Høyre",3,0
2015,"ko","kommune","Gildeskål","Nordland","FRP","Fremskrittspartiet",2,-1
2015,"ko","kommune","Gildeskål","Nordland","BLANKE","Blanke",0,0
2015,"ko","kommune","Gildeskål","Nordland","KRISTNE","Partiet De Kristne",0,0
2015,"ko","kommune","Gildeskål","Nordland","VKRF","Venstre/Kristelig Folkeparti",1,1
2015,"ko","kommune","Gildeskål","Nordland","Andre","Andre",1,1
2015,"ko","kommune","Gildeskål","Nordland","Andre2","Andre2",0,-3
2015,"ko","kommune","Beiarn","Nordland","A","Arbeiderpartiet",6,-1
2015,"ko","kommune","Beiarn","Nordland","SP","Senterpartiet",5,1
2015,"ko","kommune","Beiarn","Nordland","BEBL","Beiarn Bygdeliste",4,0
2015,"ko","kommune","Beiarn","Nordland","BLANKE","Blanke",0,0
2015,"ko","kommune","Beiarn","Nordland","Andre","Andre",4,0
2015,"ko","kommune","Beiarn","Nordland","Andre2","Andre2",0,0
2015,"ko","kommune","Saltdal","Nordland","A","Arbeiderpartiet",5,-5
2015,"ko","kommune","Saltdal","Nordland","SP","Senterpartiet",3,1
2015,"ko","kommune","Saltdal","Nordland","KRF","Kristelig Folkeparti",1,0
2015,"ko","kommune","Saltdal","Nordland","H","Høyre",4,-5
2015,"ko","kommune","Saltdal","Nordland","FRP","Fremskrittspartiet",4,1
2015,"ko","kommune","Saltdal","Nordland","BLANKE","Blanke",0,0
2015,"ko","kommune","Saltdal","Nordland","SALT","Saltdalslista",4,4
2015,"ko","kommune","Saltdal","Nordland","Andre","Andre",4,4
2015,"ko","kommune","Saltdal","Nordland","Andre2","Andre2",0,-2
2015,"ko","kommune","Fauske","Nordland","A","Arbeiderpartiet",5,-6
2015,"ko","kommune","Fauske","Nordland","SV","Sosialistisk Venstreparti",1,0
2015,"ko","kommune","Fauske","Nordland","RØDT","Rødt",2,1
2015,"ko","kommune","Fauske","Nordland","KRF","Kristelig Folkeparti",1,0
2015,"ko","kommune","Fauske","Nordland","V","Venstre",1,0
2015,"ko","kommune","Fauske","Nordland","H","Høyre",3,-3
2015,"ko","kommune","Fauske","Nordland","FRP","Fremskrittspartiet",3,-1
2015,"ko","kommune","Fauske","Nordland","BLANKE","Blanke",0,0
2015,"ko","kommune","Fauske","Nordland","FLFA","Felleslista",11,6
2015,"ko","kommune","Fauske","Nordland","Andre","Andre",11,6
2015,"ko","kommune","Fauske","Nordland","Andre2","Andre2",0,-1
2015,"ko","kommune","Sørfold","Nordland","A","Arbeiderpartiet",10,-2
2015,"ko","kommune","Sørfold","Nordland","SV","Sosialistisk Venstreparti",2,1
2015,"ko","kommune","Sørfold","Nordland","SP","Senterpartiet",6,3
2015,"ko","kommune","Sørfold","Nordland","H","Høyre",3,0
2015,"ko","kommune","Sørfold","Nordland","BLANKE","Blanke",0,0
2015,"ko","kommune","Sørfold","Nordland","Andre","Andre",0,0
2015,"ko","kommune","Sørfold","Nordland","Andre2","Andre2",0,-2
2015,"ko","kommune","Steigen","Nordland","A","Arbeiderpartiet",4,0
2015,"ko","kommune","Steigen","Nordland","SV","Sosialistisk Venstreparti",1,0
2015,"ko","kommune","Steigen","Nordland","RØDT","Rødt",2,1
2015,"ko","kommune","Steigen","Nordland","SP","Senterpartiet",5,2
2015,"ko","kommune","Steigen","Nordland","KRF","Kristelig Folkeparti",0,-1
2015,"ko","kommune","Steigen","Nordland","V","Venstre",1,-2
2015,"ko","kommune","Steigen","Nordland","H","Høyre",2,1
2015,"ko","kommune","Steigen","Nordland","FRP","Fremskrittspartiet",1,0
2015,"ko","kommune","Steigen","Nordland","PP","Pensjonistpartiet",1,-1
2015,"ko","kommune","Steigen","Nordland","BLANKE","Blanke",0,0
2015,"ko","kommune","Steigen","Nordland","Andre","Andre",1,-1
2015,"ko","kommune","Steigen","Nordland","Andre2","Andre2",0,0
2015,"ko","kommune","Hamarøy","Nordland","A","Arbeiderpartiet",4,-2
2015,"ko","kommune","Hamarøy","Nordland","SV","Sosialistisk Venstreparti",1,0
2015,"ko","kommune","Hamarøy","Nordland","SP","Senterpartiet",3,1
2015,"ko","kommune","Hamarøy","Nordland","V","Venstre",4,0
2015,"ko","kommune","Hamarøy","Nordland","H","Høyre",4,0
2015,"ko","kommune","Hamarøy","Nordland","FRP","Fremskrittspartiet",1,1
2015,"ko","kommune","Hamarøy","Nordland","BLANKE","Blanke",0,0
2015,"ko","kommune","Hamarøy","Nordland","Andre","Andre",0,0
2015,"ko","kommune","Hamarøy","Nordland","Andre2","Andre2",0,0
2015,"ko","kommune","Tysfjord","Nordland","A","Arbeiderpartiet",5,-2
2015,"ko","kommune","Tysfjord","Nordland","SV","Sosialistisk Venstreparti",1,0
2015,"ko","kommune","Tysfjord","Nordland","SP","Senterpartiet",2,1
2015,"ko","kommune","Tysfjord","Nordland","BLANKE","Blanke",0,0
2015,"ko","kommune","Tysfjord","Nordland","HKVU","Felleslista for H, KrF, V og Uavhengige",4,-1
2015,"ko","kommune","Tysfjord","Nordland","TPLTY","Tverrpolitisk liste for Tysfjord",3,1
2015,"ko","kommune","Tysfjord","Nordland","TYSBYG","Tysfjord Bygdeliste",2,1
2015,"ko","kommune","Tysfjord","Nordland","Andre","Andre",9,1
2015,"ko","kommune","Tysfjord","Nordland","Andre2","Andre2",0,0
2015,"ko","kommune","Lødingen","Nordland","A","Arbeiderpartiet",8,4
2015,"ko","kommune","Lødingen","Nordland","SV","Sosialistisk Venstreparti",2,1
2015,"ko","kommune","Lødingen","Nordland","V","Venstre",2,0
2015,"ko","kommune","Lødingen","Nordland","H","Høyre",3,-2
2015,"ko","kommune","Lødingen","Nordland","FRP","Fremskrittspartiet",2,-2
2015,"ko","kommune","Lødingen","Nordland","BLANKE","Blanke",0,0
2015,"ko","kommune","Lødingen","Nordland","Andre","Andre",0,0
2015,"ko","kommune","Lødingen","Nordland","Andre2","Andre2",0,-1
2015,"ko","kommune","Tjeldsund","Nordland","A","Arbeiderpartiet",5,1
2015,"ko","kommune","Tjeldsund","Nordland","SP","Senterpartiet",2,2
2015,"ko","kommune","Tjeldsund","Nordland","H","Høyre",5,-2
2015,"ko","kommune","Tjeldsund","Nordland","FRP","Fremskrittspartiet",2,0
2015,"ko","kommune","Tjeldsund","Nordland","BFKH","Bygdelista Fiskefjord-Kongsvik-Hårvik",0,-1
2015,"ko","kommune","Tjeldsund","Nordland","BLANKE","Blanke",0,0
2015,"ko","kommune","Tjeldsund","Nordland","HTL","Hinnøysiden Tverrpolitiske liste",3,0
2015,"ko","kommune","Tjeldsund","Nordland","Andre","Andre",3,-1
2015,"ko","kommune","Tjeldsund","Nordland","Andre2","Andre2",0,0
2015,"ko","kommune","Evenes","Nordland","A","Arbeiderpartiet",4,0
2015,"ko","kommune","Evenes","Nordland","SV","Sosialistisk Venstreparti",1,0
2015,"ko","kommune","Evenes","Nordland","SP","Senterpartiet",3,1
2015,"ko","kommune","Evenes","Nordland","V","Venstre",1,1
2015,"ko","kommune","Evenes","Nordland","H","Høyre",7,-2
2015,"ko","kommune","Evenes","Nordland","FRP","Fremskrittspartiet",1,0
2015,"ko","kommune","Evenes","Nordland","BLANKE","Blanke",0,0
2015,"ko","kommune","Evenes","Nordland","Andre","Andre",0,0
2015,"ko","kommune","Evenes","Nordland","Andre2","Andre2",0,0
2015,"ko","kommune","Ballangen","Nordland","A","Arbeiderpartiet",5,1
2015,"ko","kommune","Ballangen","Nordland","SP","Senterpartiet",7,3
2015,"ko","kommune","Ballangen","Nordland","KRF","Kristelig Folkeparti",1,0
2015,"ko","kommune","Ballangen","Nordland","H","Høyre",2,-4
2015,"ko","kommune","Ballangen","Nordland","FRP","Fremskrittspartiet",2,0
2015,"ko","kommune","Ballangen","Nordland","BLANKE","Blanke",0,0
2015,"ko","kommune","Ballangen","Nordland","Andre","Andre",0,0
2015,"ko","kommune","Ballangen","Nordland","Andre2","Andre2",0,0
2015,"ko","kommune","Røst","Nordland","APRU","Felleslista. Fellesliste mellom Det Norske Arbeiderpartiet, Rødt og partipolitisk uavhengige velgere.",6,0
2015,"ko","kommune","Røst","Nordland","BLANKE","Blanke",0,0
2015,"ko","kommune","Røst","Nordland","SNT","Sentrumslista Ny Tid. Partipolitisk uavhengig liste til fremme av Røstsamfunnets fremtid og velstand.",5,5
2015,"ko","kommune","Røst","Nordland","Andre","Andre",11,5
2015,"ko","kommune","Røst","Nordland","Andre2","Andre2",0,-5
2015,"ko","kommune","Værøy","Nordland","A","Arbeiderpartiet",2,-1
2015,"ko","kommune","Værøy","Nordland","KRF","Kristelig Folkeparti",3,1
2015,"ko","kommune","Værøy","Nordland","BLANKE","Blanke",0,0
2015,"ko","kommune","Værøy","Nordland","FV","Felleslista for Værøy",5,-3
2015,"ko","kommune","Værøy","Nordland","VRL","Værøylista",3,3
2015,"ko","kommune","Værøy","Nordland","Andre","Andre",8,0
2015,"ko","kommune","Værøy","Nordland","Andre2","Andre2",0,0
2015,"ko","kommune","Flakstad","Nordland","A","Arbeiderpartiet",2,0
2015,"ko","kommune","Flakstad","Nordland","SP","Senterpartiet",5,1
2015,"ko","kommune","Flakstad","Nordland","MDG","Miljøpartiet De Grønne",1,0
2015,"ko","kommune","Flakstad","Nordland","BLANKE","Blanke",0,0
2015,"ko","kommune","Flakstad","Nordland","FDL","Flakstad distriktsliste",3,-3
2015,"ko","kommune","Flakstad","Nordland","Andre","Andre",3,-3
2015,"ko","kommune","Flakstad","Nordland","Andre2","Andre2",0,-4
2015,"ko","kommune","Vestvågøy","Nordland","A","Arbeiderpartiet",11,1
2015,"ko","kommune","Vestvågøy","Nordland","SV","Sosialistisk Venstreparti",2,0
2015,"ko","kommune","Vestvågøy","Nordland","RØDT","Rødt",0,0
2015,"ko","kommune","Vestvågøy","Nordland","SP","Senterpartiet",5,1
2015,"ko","kommune","Vestvågøy","Nordland","KRF","Kristelig Folkeparti",2,-1
2015,"ko","kommune","Vestvågøy","Nordland","MDG","Miljøpartiet De Grønne",1,0
2015,"ko","kommune","Vestvågøy","Nordland","V","Venstre",1,0
2015,"ko","kommune","Vestvågøy","Nordland","H","Høyre",8,-2
2015,"ko","kommune","Vestvågøy","Nordland","FRP","Fremskrittspartiet",3,-1
2015,"ko","kommune","Vestvågøy","Nordland","BLANKE","Blanke",0,0
2015,"ko","kommune","Vestvågøy","Nordland","KRISTNE","Partiet De Kristne",0,0
2015,"ko","kommune","Vestvågøy","Nordland","Andre","Andre",0,0
2015,"ko","kommune","Vestvågøy","Nordland","Andre2","Andre2",0,0
2015,"ko","kommune","Vågan","Nordland","A","Arbeiderpartiet",8,-4
2015,"ko","kommune","Vågan","Nordland","SV","Sosialistisk Venstreparti",1,-1
2015,"ko","kommune","Vågan","Nordland","RØDT","Rødt",3,1
2015,"ko","kommune","Vågan","Nordland","SP","Senterpartiet",3,0
2015,"ko","kommune","Vågan","Nordland","V","Venstre",3,1
2015,"ko","kommune","Vågan","Nordland","H","Høyre",9,-2
2015,"ko","kommune","Vågan","Nordland","FRP","Fremskrittspartiet",2,-1
2015,"ko","kommune","Vågan","Nordland","KYST","Kystpartiet",0,0
2015,"ko","kommune","Vågan","Nordland","BLANKE","Blanke",0,0
2015,"ko","kommune","Vågan","Nordland","Andre","Andre",0,0
2015,"ko","kommune","Vågan","Nordland","Andre2","Andre2",0,0
2015,"ko","kommune","Hadsel","Nordland","A","Arbeiderpartiet",11,6
2015,"ko","kommune","Hadsel","Nordland","SV","Sosialistisk Venstreparti",1,0
2015,"ko","kommune","Hadsel","Nordland","RØDT","Rødt",1,1
2015,"ko","kommune","Hadsel","Nordland","SP","Senterpartiet",3,2
2015,"ko","kommune","Hadsel","Nordland","KRF","Kristelig Folkeparti",0,-1
2015,"ko","kommune","Hadsel","Nordland","V","Venstre",1,0
2015,"ko","kommune","Hadsel","Nordland","H","Høyre",2,-1
2015,"ko","kommune","Hadsel","Nordland","FRP","Fremskrittspartiet",5,-4
2015,"ko","kommune","Hadsel","Nordland","BLANKE","Blanke",0,0
2015,"ko","kommune","Hadsel","Nordland","MOS","Melbu og omegn samarbeidsliste",1,0
2015,"ko","kommune","Hadsel","Nordland","Andre","Andre",1,0
2015,"ko","kommune","Hadsel","Nordland","Andre2","Andre2",0,-3
2015,"ko","kommune","Bø","Nordland","SV","Sosialistisk Venstreparti",1,0
2015,"ko","kommune","Bø","Nordland","SP","Senterpartiet",2,0
2015,"ko","kommune","Bø","Nordland","V","Venstre",3,1
2015,"ko","kommune","Bø","Nordland","FRP","Fremskrittspartiet",1,-1
2015,"ko","kommune","Bø","Nordland","BLANKE","Blanke",0,0
2015,"ko","kommune","Bø","Nordland","BØHAP","HØYRE OG ARBEIDERPARTIET",12,0
2015,"ko","kommune","Bø","Nordland","Andre","Andre",12,0
2015,"ko","kommune","Bø","Nordland","Andre2","Andre2",0,0
2015,"ko","kommune","Øksnes","Nordland","A","Arbeiderpartiet",6,-1
2015,"ko","kommune","Øksnes","Nordland","SV","Sosialistisk Venstreparti",2,1
2015,"ko","kommune","Øksnes","Nordland","SP","Senterpartiet",4,3
2015,"ko","kommune","Øksnes","Nordland","KRF","Kristelig Folkeparti",1,-1
2015,"ko","kommune","Øksnes","Nordland","H","Høyre",2,-1
2015,"ko","kommune","Øksnes","Nordland","FRP","Fremskrittspartiet",2,0
2015,"ko","kommune","Øksnes","Nordland","BLANKE","Blanke",0,0
2015,"ko","kommune","Øksnes","Nordland","ØTL","Øksnes tverrpolitiske liste",4,-1
2015,"ko","kommune","Øksnes","Nordland","Andre","Andre",4,-1
2015,"ko","kommune","Øksnes","Nordland","Andre2","Andre2",0,0
2015,"ko","kommune","Sortland","Nordland","A","Arbeiderpartiet",8,-1
2015,"ko","kommune","Sortland","Nordland","SV","Sosialistisk Venstreparti",1,0
2015,"ko","kommune","Sortland","Nordland","RØDT","Rødt",3,1
2015,"ko","kommune","Sortland","Nordland","SP","Senterpartiet",2,1
2015,"ko","kommune","Sortland","Nordland","KRF","Kristelig Folkeparti",0,0
2015,"ko","kommune","Sortland","Nordland","MDG","Miljøpartiet De Grønne",0,0
2015,"ko","kommune","Sortland","Nordland","V","Venstre",0,0
2015,"ko","kommune","Sortland","Nordland","H","Høyre",11,1
2015,"ko","kommune","Sortland","Nordland","FRP","Fremskrittspartiet",2,-2
2015,"ko","kommune","Sortland","Nordland","BLANKE","Blanke",0,0
2015,"ko","kommune","Sortland","Nordland","Andre","Andre",0,0
2015,"ko","kommune","Sortland","Nordland","Andre2","Andre2",0,0
2015,"ko","kommune","Andøy","Nordland","A","Arbeiderpartiet",5,0
2015,"ko","kommune","Andøy","Nordland","SP","Senterpartiet",2,0
2015,"ko","kommune","Andøy","Nordland","KRF","Kristelig Folkeparti",1,0
2015,"ko","kommune","Andøy","Nordland","MDG","Miljøpartiet De Grønne",1,1
2015,"ko","kommune","Andøy","Nordland","V","Venstre",1,0
2015,"ko","kommune","Andøy","Nordland","H","Høyre",9,0
2015,"ko","kommune","Andøy","Nordland","FRP","Fremskrittspartiet",2,0
2015,"ko","kommune","Andøy","Nordland","AND","Andøylista",2,-1
2015,"ko","kommune","Andøy","Nordland","BLANKE","Blanke",0,0
2015,"ko","kommune","Andøy","Nordland","Andre","Andre",2,-1
2015,"ko","kommune","Andøy","Nordland","Andre2","Andre2",0,0
2015,"ko","kommune","Moskenes","Nordland","A","Arbeiderpartiet",3,1
2015,"ko","kommune","Moskenes","Nordland","SV","Sosialistisk Venstreparti",1,-2
2015,"ko","kommune","Moskenes","Nordland","H","Høyre",2,2
2015,"ko","kommune","Moskenes","Nordland","BLANKE","Blanke",0,0
2015,"ko","kommune","Moskenes","Nordland","MKBYGD","Bygdelista i Moskenes",3,-1
2015,"ko","kommune","Moskenes","Nordland","MOSKFL","Moskenes Fellesliste",2,-6
2015,"ko","kommune","Moskenes","Nordland","Andre","Andre",5,-7
2015,"ko","kommune","Moskenes","Nordland","Andre2","Andre2",0,0
2015,"ko","kommune","Tromsø","Troms Romsa","A","Arbeiderpartiet",13,2
2015,"ko","kommune","Tromsø","Troms Romsa","SV","Sosialistisk Venstreparti",4,2
2015,"ko","kommune","Tromsø","Troms Romsa","RØDT","Rødt",6,3
2015,"ko","kommune","Tromsø","Troms Romsa","SP","Senterpartiet",1,0
2015,"ko","kommune","Tromsø","Troms Romsa","KRF","Kristelig Folkeparti",1,0
2015,"ko","kommune","Tromsø","Troms Romsa","MDG","Miljøpartiet De Grønne",2,1
2015,"ko","kommune","Tromsø","Troms Romsa","V","Venstre",2,0
2015,"ko","kommune","Tromsø","Troms Romsa","H","Høyre",9,-7
2015,"ko","kommune","Tromsø","Troms Romsa","FRP","Fremskrittspartiet",5,-1
2015,"ko","kommune","Tromsø","Troms Romsa","KYST","Kystpartiet",0,0
2015,"ko","kommune","Tromsø","Troms Romsa","BLANKE","Blanke",0,0
2015,"ko","kommune","Tromsø","Troms Romsa","BYLAD","By- og land-lista",0,0
2015,"ko","kommune","Tromsø","Troms Romsa","Andre","Andre",0,0
2015,"ko","kommune","Tromsø","Troms Romsa","Andre2","Andre2",0,0
2015,"ko","kommune","Harstad","Troms Romsa","A","Arbeiderpartiet",13,13
2015,"ko","kommune","Harstad","Troms Romsa","SV","Sosialistisk Venstreparti",1,1
2015,"ko","kommune","Harstad","Troms Romsa","RØDT","Rødt",1,1
2015,"ko","kommune","Harstad","Troms Romsa","SP","Senterpartiet",2,2
2015,"ko","kommune","Harstad","Troms Romsa","KRF","Kristelig Folkeparti",1,1
2015,"ko","kommune","Harstad","Troms Romsa","MDG","Miljøpartiet De Grønne",1,1
2015,"ko","kommune","Harstad","Troms Romsa","V","Venstre",4,4
2015,"ko","kommune","Harstad","Troms Romsa","H","Høyre",4,4
2015,"ko","kommune","Harstad","Troms Romsa","FRP","Fremskrittspartiet",8,8
2015,"ko","kommune","Harstad","Troms Romsa","BLANKE","Blanke",0,0
2015,"ko","kommune","Harstad","Troms Romsa","Andre","Andre",0,0
2015,"ko","kommune","Harstad","Troms Romsa","Andre2","Andre2",0,0
2015,"ko","kommune","Kvæfjord","Troms Romsa","A","Arbeiderpartiet",9,1
2015,"ko","kommune","Kvæfjord","Troms Romsa","SV","Sosialistisk Venstreparti",2,0
2015,"ko","kommune","Kvæfjord","Troms Romsa","SP","Senterpartiet",4,1
2015,"ko","kommune","Kvæfjord","Troms Romsa","V","Venstre",3,0
2015,"ko","kommune","Kvæfjord","Troms Romsa","H","Høyre",2,-1
2015,"ko","kommune","Kvæfjord","Troms Romsa","FRP","Fremskrittspartiet",3,-1
2015,"ko","kommune","Kvæfjord","Troms Romsa","BLANKE","Blanke",0,0
2015,"ko","kommune","Kvæfjord","Troms Romsa","Andre","Andre",0,0
2015,"ko","kommune","Kvæfjord","Troms Romsa","Andre2","Andre2",0,0
2015,"ko","kommune","Skånland","Troms Romsa","A","Arbeiderpartiet",6,0
2015,"ko","kommune","Skånland","Troms Romsa","SV","Sosialistisk Venstreparti",1,1
2015,"ko","kommune","Skånland","Troms Romsa","RØDT","Rødt",1,0
2015,"ko","kommune","Skånland","Troms Romsa","MDG","Miljøpartiet De Grønne",0,0
2015,"ko","kommune","Skånland","Troms Romsa","V","Venstre",1,-1
2015,"ko","kommune","Skånland","Troms Romsa","H","Høyre",6,0
2015,"ko","kommune","Skånland","Troms Romsa","BLANKE","Blanke",0,0
2015,"ko","kommune","Skånland","Troms Romsa","Andre","Andre",0,0
2015,"ko","kommune","Skånland","Troms Romsa","Andre2","Andre2",0,0
2015,"ko","kommune","Ibestad","Troms Romsa","A","Arbeiderpartiet",4,1
2015,"ko","kommune","Ibestad","Troms Romsa","SP","Senterpartiet",3,-1
2015,"ko","kommune","Ibestad","Troms Romsa","V","Venstre",1,0
2015,"ko","kommune","Ibestad","Troms Romsa","H","Høyre",6,2
2015,"ko","kommune","Ibestad","Troms Romsa","ANFL","Andørja Fellesliste",5,-2
2015,"ko","kommune","Ibestad","Troms Romsa","BLANKE","Blanke",0,0
2015,"ko","kommune","Ibestad","Troms Romsa","Andre","Andre",5,-2
2015,"ko","kommune","Ibestad","Troms Romsa","Andre2","Andre2",0,0
2015,"ko","kommune","Gratangen","Troms Romsa","A","Arbeiderpartiet",7,2
2015,"ko","kommune","Gratangen","Troms Romsa","SP","Senterpartiet",3,-6
2015,"ko","kommune","Gratangen","Troms Romsa","BLANKE","Blanke",0,0
2015,"ko","kommune","Gratangen","Troms Romsa","GD","Gratangen Demokratiske Liste",3,3
2015,"ko","kommune","Gratangen","Troms Romsa","GFL","Gratangen Fellespolitiske Liste",2,2
2015,"ko","kommune","Gratangen","Troms Romsa","Andre","Andre",5,5
2015,"ko","kommune","Gratangen","Troms Romsa","Andre2","Andre2",0,-1
2015,"ko","kommune","Lavangen","Troms Romsa","A","Arbeiderpartiet",5,-1
2015,"ko","kommune","Lavangen","Troms Romsa","SP","Senterpartiet",6,2
2015,"ko","kommune","Lavangen","Troms Romsa","H","Høyre",3,0
2015,"ko","kommune","Lavangen","Troms Romsa","FRP","Fremskrittspartiet",1,-1
2015,"ko","kommune","Lavangen","Troms Romsa","BLANKE","Blanke",0,0
2015,"ko","kommune","Lavangen","Troms Romsa","Andre","Andre",0,0
2015,"ko","kommune","Lavangen","Troms Romsa","Andre2","Andre2",0,0
2015,"ko","kommune","Bardu","Troms Romsa","A","Arbeiderpartiet",7,-6
2015,"ko","kommune","Bardu","Troms Romsa","SP","Senterpartiet",6,3
2015,"ko","kommune","Bardu","Troms Romsa","V","Venstre",1,0
2015,"ko","kommune","Bardu","Troms Romsa","H","Høyre",4,-3
2015,"ko","kommune","Bardu","Troms Romsa","FRP","Fremskrittspartiet",1,0
2015,"ko","kommune","Bardu","Troms Romsa","BLANKE","Blanke",0,0
2015,"ko","kommune","Bardu","Troms Romsa","Andre","Andre",0,0
2015,"ko","kommune","Bardu","Troms Romsa","Andre2","Andre2",0,0
2015,"ko","kommune","Salangen","Troms Romsa","A","Arbeiderpartiet",8,1
2015,"ko","kommune","Salangen","Troms Romsa","SV","Sosialistisk Venstreparti",1,0
2015,"ko","kommune","Salangen","Troms Romsa","SP","Senterpartiet",7,-2
2015,"ko","kommune","Salangen","Troms Romsa","KRF","Kristelig Folkeparti",1,1
2015,"ko","kommune","Salangen","Troms Romsa","H","Høyre",2,0
2015,"ko","kommune","Salangen","Troms Romsa","BLANKE","Blanke",0,0
2015,"ko","kommune","Salangen","Troms Romsa","Andre","Andre",0,0
2015,"ko","kommune","Salangen","Troms Romsa","Andre2","Andre2",0,0
2015,"ko","kommune","Målselv","Troms Romsa","A","Arbeiderpartiet",11,1
2015,"ko","kommune","Målselv","Troms Romsa","SV","Sosialistisk Venstreparti",1,0
2015,"ko","kommune","Målselv","Troms Romsa","SP","Senterpartiet",4,1
2015,"ko","kommune","Målselv","Troms Romsa","V","Venstre",3,0
2015,"ko","kommune","Målselv","Troms Romsa","H","Høyre",4,-1
2015,"ko","kommune","Målselv","Troms Romsa","FRP","Fremskrittspartiet",2,-1
2015,"ko","kommune","Målselv","Troms Romsa","BLANKE","Blanke",0,0
2015,"ko","kommune","Målselv","Troms Romsa","Andre","Andre",0,0
2015,"ko","kommune","Målselv","Troms Romsa","Andre2","Andre2",0,0
2015,"ko","kommune","Sørreisa","Troms Romsa","A","Arbeiderpartiet",7,2
2015,"ko","kommune","Sørreisa","Troms Romsa","SV","Sosialistisk Venstreparti",0,0
2015,"ko","kommune","Sørreisa","Troms Romsa","SP","Senterpartiet",1,0
2015,"ko","kommune","Sørreisa","Troms Romsa","KRF","Kristelig Folkeparti",0,-1
2015,"ko","kommune","Sørreisa","Troms Romsa","H","Høyre",2,0
2015,"ko","kommune","Sørreisa","Troms Romsa","FRP","Fremskrittspartiet",1,0
2015,"ko","kommune","Sørreisa","Troms Romsa","BLANKE","Blanke",0,0
2015,"ko","kommune","Sørreisa","Troms Romsa","SAMLIST","Samlingslista",4,-1
2015,"ko","kommune","Sørreisa","Troms Romsa","Andre","Andre",4,-1
2015,"ko","kommune","Sørreisa","Troms Romsa","Andre2","Andre2",0,0
2015,"ko","kommune","Dyrøy","Troms Romsa","A","Arbeiderpartiet",5,-1
2015,"ko","kommune","Dyrøy","Troms Romsa","SV","Sosialistisk Venstreparti",1,0
2015,"ko","kommune","Dyrøy","Troms Romsa","SP","Senterpartiet",2,-1
2015,"ko","kommune","Dyrøy","Troms Romsa","H","Høyre",2,0
2015,"ko","kommune","Dyrøy","Troms Romsa","FRP","Fremskrittspartiet",4,4
2015,"ko","kommune","Dyrøy","Troms Romsa","BLANKE","Blanke",0,0
2015,"ko","kommune","Dyrøy","Troms Romsa","FD","Felleslista for Dyrøy",1,-2
2015,"ko","kommune","Dyrøy","Troms Romsa","Andre","Andre",1,-2
2015,"ko","kommune","Dyrøy","Troms Romsa","Andre2","Andre2",0,0
2015,"ko","kommune","Tranøy","Troms Romsa","A","Arbeiderpartiet",6,0
2015,"ko","kommune","Tranøy","Troms Romsa","SV","Sosialistisk Venstreparti",1,0
2015,"ko","kommune","Tranøy","Troms Romsa","SP","Senterpartiet",2,0
2015,"ko","kommune","Tranøy","Troms Romsa","V","Venstre",1,0
2015,"ko","kommune","Tranøy","Troms Romsa","H","Høyre",4,1
2015,"ko","kommune","Tranøy","Troms Romsa","FRP","Fremskrittspartiet",1,0
2015,"ko","kommune","Tranøy","Troms Romsa","NKP","Norges Kommunistiske Parti",0,0
2015,"ko","kommune","Tranøy","Troms Romsa","BLANKE","Blanke",0,0
2015,"ko","kommune","Tranøy","Troms Romsa","TFL","Tranøy Folkeliste",2,-1
2015,"ko","kommune","Tranøy","Troms Romsa","Andre","Andre",2,-1
2015,"ko","kommune","Tranøy","Troms Romsa","Andre2","Andre2",0,0
2015,"ko","kommune","Torsken","Troms Romsa","A","Arbeiderpartiet",9,2
2015,"ko","kommune","Torsken","Troms Romsa","SP","Senterpartiet",6,2
2015,"ko","kommune","Torsken","Troms Romsa","BLANKE","Blanke",0,0
2015,"ko","kommune","Torsken","Troms Romsa","Andre","Andre",0,0
2015,"ko","kommune","Torsken","Troms Romsa","Andre2","Andre2",0,-4
2015,"ko","kommune","Berg","Troms Romsa","A","Arbeiderpartiet",6,0
2015,"ko","kommune","Berg","Troms Romsa","FRP","Fremskrittspartiet",1,0
2015,"ko","kommune","Berg","Troms Romsa","BFE","Berg Fellesliste",2,-1
2015,"ko","kommune","Berg","Troms Romsa","BLANKE","Blanke",0,0
2015,"ko","kommune","Berg","Troms Romsa","BSAM","Berg samlingsliste",6,1
2015,"ko","kommune","Berg","Troms Romsa","Andre","Andre",8,0
2015,"ko","kommune","Berg","Troms Romsa","Andre2","Andre2",0,0
2015,"ko","kommune","Lenvik","Troms Romsa","A","Arbeiderpartiet",8,1
2015,"ko","kommune","Lenvik","Troms Romsa","SV","Sosialistisk Venstreparti",2,1
2015,"ko","kommune","Lenvik","Troms Romsa","SP","Senterpartiet",3,0
2015,"ko","kommune","Lenvik","Troms Romsa","KRF","Kristelig Folkeparti",2,1
2015,"ko","kommune","Lenvik","Troms Romsa","V","Venstre",1,0
2015,"ko","kommune","Lenvik","Troms Romsa","H","Høyre",7,-1
2015,"ko","kommune","Lenvik","Troms Romsa","FRP","Fremskrittspartiet",4,-2
2015,"ko","kommune","Lenvik","Troms Romsa","BLANKE","Blanke",0,0
2015,"ko","kommune","Lenvik","Troms Romsa","LENVIK","Lenviklista",4,0
2015,"ko","kommune","Lenvik","Troms Romsa","Andre","Andre",4,0
2015,"ko","kommune","Lenvik","Troms Romsa","Andre2","Andre2",0,0
2015,"ko","kommune","Balsfjord","Troms Romsa","A","Arbeiderpartiet",10,-2
2015,"ko","kommune","Balsfjord","Troms Romsa","SV","Sosialistisk Venstreparti",0,-1
2015,"ko","kommune","Balsfjord","Troms Romsa","SP","Senterpartiet",3,0
2015,"ko","kommune","Balsfjord","Troms Romsa","KRF","Kristelig Folkeparti",1,0
2015,"ko","kommune","Balsfjord","Troms Romsa","MDG","Miljøpartiet De Grønne",0,0
2015,"ko","kommune","Balsfjord","Troms Romsa","V","Venstre",0,0
2015,"ko","kommune","Balsfjord","Troms Romsa","H","Høyre",3,-3
2015,"ko","kommune","Balsfjord","Troms Romsa","FRP","Fremskrittspartiet",2,-2
2015,"ko","kommune","Balsfjord","Troms Romsa","BLANKE","Blanke",0,0
2015,"ko","kommune","Balsfjord","Troms Romsa","Andre","Andre",0,0
2015,"ko","kommune","Balsfjord","Troms Romsa","Andre2","Andre2",0,0
2015,"ko","kommune","Karlsøy","Troms Romsa","A","Arbeiderpartiet",4,-2
2015,"ko","kommune","Karlsøy","Troms Romsa","SV","Sosialistisk Venstreparti",2,1
2015,"ko","kommune","Karlsøy","Troms Romsa","SP","Senterpartiet",3,1
2015,"ko","kommune","Karlsøy","Troms Romsa","H","Høyre",1,1
2015,"ko","kommune","Karlsøy","Troms Romsa","FRP","Fremskrittspartiet",4,0
2015,"ko","kommune","Karlsøy","Troms Romsa","BLANKE","Blanke",0,0
2015,"ko","kommune","Karlsøy","Troms Romsa","FLRRR","Felleslista for Ringvassøy, Reinøy og Rebbenesøy",3,1
2015,"ko","kommune","Karlsøy","Troms Romsa","Andre","Andre",3,1
2015,"ko","kommune","Karlsøy","Troms Romsa","Andre2","Andre2",0,-2
2015,"ko","kommune","Lyngen","Troms Romsa","A","Arbeiderpartiet",5,-3
2015,"ko","kommune","Lyngen","Troms Romsa","SP","Senterpartiet",1,-1
2015,"ko","kommune","Lyngen","Troms Romsa","KRF","Kristelig Folkeparti",2,0
2015,"ko","kommune","Lyngen","Troms Romsa","MDG","Miljøpartiet De Grønne",1,1
2015,"ko","kommune","Lyngen","Troms Romsa","H","Høyre",3,0
2015,"ko","kommune","Lyngen","Troms Romsa","FRP","Fremskrittspartiet",1,-2
2015,"ko","kommune","Lyngen","Troms Romsa","BLANKE","Blanke",0,0
2015,"ko","kommune","Lyngen","Troms Romsa","KLL","Kretsliste Russelv-Sør Lenangsbotn",0,0
2015,"ko","kommune","Lyngen","Troms Romsa","LTP","Lyngen Tverrpolitiske liste",4,4
2015,"ko","kommune","Lyngen","Troms Romsa","PUS","Samhold Lyngen",2,2
2015,"ko","kommune","Lyngen","Troms Romsa","Andre","Andre",6,6
2015,"ko","kommune","Lyngen","Troms Romsa","Andre2","Andre2",0,-1
2015,"ko","kommune","Storfjord","Troms Romsa","A","Arbeiderpartiet",3,-4
2015,"ko","kommune","Storfjord","Troms Romsa","SP","Senterpartiet",2,-1
2015,"ko","kommune","Storfjord","Troms Romsa","MDG","Miljøpartiet De Grønne",1,1
2015,"ko","kommune","Storfjord","Troms Romsa","H","Høyre",4,1
2015,"ko","kommune","Storfjord","Troms Romsa","FRP","Fremskrittspartiet",1,-1
2015,"ko","kommune","Storfjord","Troms Romsa","BLANKE","Blanke",0,0
2015,"ko","kommune","Storfjord","Troms Romsa","FJORD","Fjordfolket",0,-2
2015,"ko","kommune","Storfjord","Troms Romsa","TVPL","Tverrpolitisk liste",6,6
2015,"ko","kommune","Storfjord","Troms Romsa","Andre","Andre",6,4
2015,"ko","kommune","Storfjord","Troms Romsa","Andre2","Andre2",0,0
2015,"ko","kommune","Gáivuotna Kåfjord","Troms Romsa","A","Arbeiderpartiet",5,-3
2015,"ko","kommune","Gáivuotna Kåfjord","Troms Romsa","SP","Senterpartiet",4,2
2015,"ko","kommune","Gáivuotna Kåfjord","Troms Romsa","KRF","Kristelig Folkeparti",2,-1
2015,"ko","kommune","Gáivuotna Kåfjord","Troms Romsa","MDG","Miljøpartiet De Grønne",1,1
2015,"ko","kommune","Gáivuotna Kåfjord","Troms Romsa","H","Høyre",2,2
2015,"ko","kommune","Gáivuotna Kåfjord","Troms Romsa","FRP","Fremskrittspartiet",1,-1
2015,"ko","kommune","Gáivuotna Kåfjord","Troms Romsa","BLANKE","Blanke",0,0
2015,"ko","kommune","Gáivuotna Kåfjord","Troms Romsa","MSNBL","Manndalen, Skardalen og Nordnes bygdeliste",2,2
2015,"ko","kommune","Gáivuotna Kåfjord","Troms Romsa","Andre","Andre",2,2
2015,"ko","kommune","Gáivuotna Kåfjord","Troms Romsa","Andre2","Andre2",0,-2
2015,"ko","kommune","Skjervøy","Troms Romsa","A","Arbeiderpartiet",4,1
2015,"ko","kommune","Skjervøy","Troms Romsa","SV","Sosialistisk Venstreparti",2,0
2015,"ko","kommune","Skjervøy","Troms Romsa","SP","Senterpartiet",4,2
2015,"ko","kommune","Skjervøy","Troms Romsa","H","Høyre",1,-1
2015,"ko","kommune","Skjervøy","Troms Romsa","FRP","Fremskrittspartiet",3,1
2015,"ko","kommune","Skjervøy","Troms Romsa","BLANKE","Blanke",0,0
2015,"ko","kommune","Skjervøy","Troms Romsa","KRFKP","Felleslista Kristelig folkeparti / Kystpartiet",5,5
2015,"ko","kommune","Skjervøy","Troms Romsa","Andre","Andre",5,5
2015,"ko","kommune","Skjervøy","Troms Romsa","Andre2","Andre2",0,-8
2015,"ko","kommune","Nordreisa","Troms Romsa","A","Arbeiderpartiet",6,-3
2015,"ko","kommune","Nordreisa","Troms Romsa","SV","Sosialistisk Venstreparti",2,1
2015,"ko","kommune","Nordreisa","Troms Romsa","SP","Senterpartiet",2,0
2015,"ko","kommune","Nordreisa","Troms Romsa","KRF","Kristelig Folkeparti",3,1
2015,"ko","kommune","Nordreisa","Troms Romsa","MDG","Miljøpartiet De Grønne",1,1
2015,"ko","kommune","Nordreisa","Troms Romsa","H","Høyre",4,1
2015,"ko","kommune","Nordreisa","Troms Romsa","FRP","Fremskrittspartiet",3,-1
2015,"ko","kommune","Nordreisa","Troms Romsa","BLANKE","Blanke",0,0
2015,"ko","kommune","Nordreisa","Troms Romsa","Andre","Andre",0,0
2015,"ko","kommune","Nordreisa","Troms Romsa","Andre2","Andre2",0,0
2015,"ko","kommune","Kvænangen","Troms Romsa","A","Arbeiderpartiet",6,3
2015,"ko","kommune","Kvænangen","Troms Romsa","SV","Sosialistisk Venstreparti",1,0
2015,"ko","kommune","Kvænangen","Troms Romsa","H","Høyre",2,-3
2015,"ko","kommune","Kvænangen","Troms Romsa","FRP","Fremskrittspartiet",1,0
2015,"ko","kommune","Kvænangen","Troms Romsa","KYST","Kystpartiet",5,0
2015,"ko","kommune","Kvænangen","Troms Romsa","BLANKE","Blanke",0,0
2015,"ko","kommune","Kvænangen","Troms Romsa","Andre","Andre",5,0
2015,"ko","kommune","Kvænangen","Troms Romsa","Andre2","Andre2",0,0
2015,"ko","kommune","Vardø","Finnmark Finnmárku","A","Arbeiderpartiet",10,2
2015,"ko","kommune","Vardø","Finnmark Finnmárku","SV","Sosialistisk Venstreparti",0,-1
2015,"ko","kommune","Vardø","Finnmark Finnmárku","MDG","Miljøpartiet De Grønne",3,3
2015,"ko","kommune","Vardø","Finnmark Finnmárku","V","Venstre",2,0
2015,"ko","kommune","Vardø","Finnmark Finnmárku","H","Høyre",2,0
2015,"ko","kommune","Vardø","Finnmark Finnmárku","FRP","Fremskrittspartiet",1,-3
2015,"ko","kommune","Vardø","Finnmark Finnmárku","KYST","Kystpartiet",1,-1
2015,"ko","kommune","Vardø","Finnmark Finnmárku","BLANKE","Blanke",0,0
2015,"ko","kommune","Vardø","Finnmark Finnmárku","Andre","Andre",1,-1
2015,"ko","kommune","Vardø","Finnmark Finnmárku","Andre2","Andre2",0,0
2015,"ko","kommune","Vadsø","Finnmark Finnmárku","A","Arbeiderpartiet",8,-2
2015,"ko","kommune","Vadsø","Finnmark Finnmárku","SV","Sosialistisk Venstreparti",3,0
2015,"ko","kommune","Vadsø","Finnmark Finnmárku","RØDT","Rødt",0,0
2015,"ko","kommune","Vadsø","Finnmark Finnmárku","KRF","Kristelig Folkeparti",1,-1
2015,"ko","kommune","Vadsø","Finnmark Finnmárku","MDG","Miljøpartiet De Grønne",1,1
2015,"ko","kommune","Vadsø","Finnmark Finnmárku","V","Venstre",0,-2
2015,"ko","kommune","Vadsø","Finnmark Finnmárku","H","Høyre",10,3
2015,"ko","kommune","Vadsø","Finnmark Finnmárku","BLANKE","Blanke",0,0
2015,"ko","kommune","Vadsø","Finnmark Finnmárku","VADSØ","Vadsølista",2,2
2015,"ko","kommune","Vadsø","Finnmark Finnmárku","Andre","Andre",2,2
2015,"ko","kommune","Vadsø","Finnmark Finnmárku","Andre2","Andre2",0,-1
2015,"ko","kommune","Hammerfest","Finnmark Finnmárku","A","Arbeiderpartiet",20,1
2015,"ko","kommune","Hammerfest","Finnmark Finnmárku","SV","Sosialistisk Venstreparti",3,1
2015,"ko","kommune","Hammerfest","Finnmark Finnmárku","KRF","Kristelig Folkeparti",1,1
2015,"ko","kommune","Hammerfest","Finnmark Finnmárku","MDG","Miljøpartiet De Grønne",1,1
2015,"ko","kommune","Hammerfest","Finnmark Finnmárku","H","Høyre",3,-2
2015,"ko","kommune","Hammerfest","Finnmark Finnmárku","FRP","Fremskrittspartiet",1,-1
2015,"ko","kommune","Hammerfest","Finnmark Finnmárku","BLANKE","Blanke",0,0
2015,"ko","kommune","Hammerfest","Finnmark Finnmárku","Andre","Andre",0,0
2015,"ko","kommune","Hammerfest","Finnmark Finnmárku","Andre2","Andre2",0,-1
2015,"ko","kommune","Guovdageaidnu Kautokeino","Finnmark Finnmárku","A","Arbeiderpartiet",5,3
2015,"ko","kommune","Guovdageaidnu Kautokeino","Finnmark Finnmárku","SV","Sosialistisk Venstreparti",0,0
2015,"ko","kommune","Guovdageaidnu Kautokeino","Finnmark Finnmárku","SP","Senterpartiet",0,0
2015,"ko","kommune","Guovdageaidnu Kautokeino","Finnmark Finnmárku","V","Venstre",2,0
2015,"ko","kommune","Guovdageaidnu Kautokeino","Finnmark Finnmárku","H","Høyre",1,-1
2015,"ko","kommune","Guovdageaidnu Kautokeino","Finnmark Finnmárku","FRP","Fremskrittspartiet",0,0
2015,"ko","kommune","Guovdageaidnu Kautokeino","Finnmark Finnmárku","BLANKE","Blanke",0,0
2015,"ko","kommune","Guovdageaidnu Kautokeino","Finnmark Finnmárku","GDL","Kautokeino Fastboendes liste",4,1
2015,"ko","kommune","Guovdageaidnu Kautokeino","Finnmark Finnmárku","JL","Kautokeino Flyttsameliste",5,0
2015,"ko","kommune","Guovdageaidnu Kautokeino","Finnmark Finnmárku","KRISTNE","Partiet De Kristne",0,0
2015,"ko","kommune","Guovdageaidnu Kautokeino","Finnmark Finnmárku","SAL","Sámeálbmot Listu",2,2
2015,"ko","kommune","Guovdageaidnu Kautokeino","Finnmark Finnmárku","Andre","Andre",11,3
2015,"ko","kommune","Guovdageaidnu Kautokeino","Finnmark Finnmárku","Andre2","Andre2",0,-5
2015,"ko","kommune","Alta","Finnmark Finnmárku","A","Arbeiderpartiet",11,1
2015,"ko","kommune","Alta","Finnmark Finnmárku","SV","Sosialistisk Venstreparti",3,0
2015,"ko","kommune","Alta","Finnmark Finnmárku","SP","Senterpartiet",1,1
2015,"ko","kommune","Alta","Finnmark Finnmárku","KRF","Kristelig Folkeparti",2,1
2015,"ko","kommune","Alta","Finnmark Finnmárku","MDG","Miljøpartiet De Grønne",1,1
2015,"ko","kommune","Alta","Finnmark Finnmárku","V","Venstre",4,1
2015,"ko","kommune","Alta","Finnmark Finnmárku","H","Høyre",4,-6
2015,"ko","kommune","Alta","Finnmark Finnmárku","FRP","Fremskrittspartiet",7,3
2015,"ko","kommune","Alta","Finnmark Finnmárku","KYST","Kystpartiet",2,-2
2015,"ko","kommune","Alta","Finnmark Finnmárku","BLANKE","Blanke",0,0
2015,"ko","kommune","Alta","Finnmark Finnmárku","KRISTNE","Partiet De Kristne",0,0
2015,"ko","kommune","Alta","Finnmark Finnmárku","Andre","Andre",2,-2
2015,"ko","kommune","Alta","Finnmark Finnmárku","Andre2","Andre2",0,0
2015,"ko","kommune","Loppa","Finnmark Finnmárku","A","Arbeiderpartiet",6,2
2015,"ko","kommune","Loppa","Finnmark Finnmárku","SV","Sosialistisk Venstreparti",2,1
2015,"ko","kommune","Loppa","Finnmark Finnmárku","SP","Senterpartiet",2,1
2015,"ko","kommune","Loppa","Finnmark Finnmárku","H","Høyre",5,2
2015,"ko","kommune","Loppa","Finnmark Finnmárku","BLANKE","Blanke",0,0
2015,"ko","kommune","Loppa","Finnmark Finnmárku","Andre","Andre",0,0
2015,"ko","kommune","Loppa","Finnmark Finnmárku","Andre2","Andre2",0,-6
2015,"ko","kommune","Hasvik","Finnmark Finnmárku","A","Arbeiderpartiet",10,2
2015,"ko","kommune","Hasvik","Finnmark Finnmárku","SP","Senterpartiet",2,-2
2015,"ko","kommune","Hasvik","Finnmark Finnmárku","H","Høyre",3,0
2015,"ko","kommune","Hasvik","Finnmark Finnmárku","BLANKE","Blanke",0,0
2015,"ko","kommune","Hasvik","Finnmark Finnmárku","Andre","Andre",0,0
2015,"ko","kommune","Hasvik","Finnmark Finnmárku","Andre2","Andre2",0,0
2015,"ko","kommune","Kvalsund","Finnmark Finnmárku","A","Arbeiderpartiet",7,-3
2015,"ko","kommune","Kvalsund","Finnmark Finnmárku","SV","Sosialistisk Venstreparti",4,1
2015,"ko","kommune","Kvalsund","Finnmark Finnmárku","KRF","Kristelig Folkeparti",3,3
2015,"ko","kommune","Kvalsund","Finnmark Finnmárku","H","Høyre",1,-1
2015,"ko","kommune","Kvalsund","Finnmark Finnmárku","BLANKE","Blanke",0,0
2015,"ko","kommune","Kvalsund","Finnmark Finnmárku","Andre","Andre",0,0
2015,"ko","kommune","Kvalsund","Finnmark Finnmárku","Andre2","Andre2",0,0
2015,"ko","kommune","Måsøy","Finnmark Finnmárku","A","Arbeiderpartiet",6,-1
2015,"ko","kommune","Måsøy","Finnmark Finnmárku","SP","Senterpartiet",7,3
2015,"ko","kommune","Måsøy","Finnmark Finnmárku","H","Høyre",2,-4
2015,"ko","kommune","Måsøy","Finnmark Finnmárku","BLANKE","Blanke",0,0
2015,"ko","kommune","Måsøy","Finnmark Finnmárku","Andre","Andre",0,0
2015,"ko","kommune","Måsøy","Finnmark Finnmárku","Andre2","Andre2",0,0
2015,"ko","kommune","Nordkapp","Finnmark Finnmárku","A","Arbeiderpartiet",10,1
2015,"ko","kommune","Nordkapp","Finnmark Finnmárku","SV","Sosialistisk Venstreparti",3,-2
2015,"ko","kommune","Nordkapp","Finnmark Finnmárku","V","Venstre",2,2
2015,"ko","kommune","Nordkapp","Finnmark Finnmárku","H","Høyre",4,0
2015,"ko","kommune","Nordkapp","Finnmark Finnmárku","BLANKE","Blanke",0,0
2015,"ko","kommune","Nordkapp","Finnmark Finnmárku","Andre","Andre",0,0
2015,"ko","kommune","Nordkapp","Finnmark Finnmárku","Andre2","Andre2",0,-1
2015,"ko","kommune","Porsanger Porsángu Porsanki","Finnmark Finnmárku","A","Arbeiderpartiet",6,-1
2015,"ko","kommune","Porsanger Porsángu Porsanki","Finnmark Finnmárku","SV","Sosialistisk Venstreparti",1,0
2015,"ko","kommune","Porsanger Porsángu Porsanki","Finnmark Finnmárku","SP","Senterpartiet",1,0
2015,"ko","kommune","Porsanger Porsángu Porsanki","Finnmark Finnmárku","V","Venstre",0,0
2015,"ko","kommune","Porsanger Porsángu Porsanki","Finnmark Finnmárku","H","Høyre",7,0
2015,"ko","kommune","Porsanger Porsángu Porsanki","Finnmark Finnmárku","FRP","Fremskrittspartiet",1,-2
2015,"ko","kommune","Porsanger Porsángu Porsanki","Finnmark Finnmárku","BLANKE","Blanke",0,0
2015,"ko","kommune","Porsanger Porsángu Porsanki","Finnmark Finnmárku","TLP","Tverrpolitisk liste i Porsanger TLP",3,3
2015,"ko","kommune","Porsanger Porsángu Porsanki","Finnmark Finnmárku","Andre","Andre",3,3
2015,"ko","kommune","Porsanger Porsángu Porsanki","Finnmark Finnmárku","Andre2","Andre2",0,0
2015,"ko","kommune","Kárásjohka Karasjok","Finnmark Finnmárku","A","Arbeiderpartiet",7,3
2015,"ko","kommune","Kárásjohka Karasjok","Finnmark Finnmárku","SP","Senterpartiet",6,1
2015,"ko","kommune","Kárásjohka Karasjok","Finnmark Finnmárku","KRF","Kristelig Folkeparti",1,1
2015,"ko","kommune","Kárásjohka Karasjok","Finnmark Finnmárku","V","Venstre",0,-2
2015,"ko","kommune","Kárásjohka Karasjok","Finnmark Finnmárku","H","Høyre",1,0
2015,"ko","kommune","Kárásjohka Karasjok","Finnmark Finnmárku","BLANKE","Blanke",0,0
2015,"ko","kommune","Kárásjohka Karasjok","Finnmark Finnmárku","DLFL","Daloniid Lista/Fastboendes Liste",0,0
2015,"ko","kommune","Kárásjohka Karasjok","Finnmark Finnmárku","KARLIS","Kárášjot' lista/Karasjok lista",2,-1
2015,"ko","kommune","Kárásjohka Karasjok","Finnmark Finnmárku","KJS","Johttiidsámiid listu",1,0
2015,"ko","kommune","Kárásjohka Karasjok","Finnmark Finnmárku","SAME","Sámeálbmot bellodat/Samefolkets parti",1,-1
2015,"ko","kommune","Kárásjohka Karasjok","Finnmark Finnmárku","Andre","Andre",4,-2
2015,"ko","kommune","Kárásjohka Karasjok","Finnmark Finnmárku","Andre2","Andre2",0,-1
2015,"ko","kommune","Lebesby","Finnmark Finnmárku","A","Arbeiderpartiet",8,-3
2015,"ko","kommune","Lebesby","Finnmark Finnmárku","SV","Sosialistisk Venstreparti",1,1
2015,"ko","kommune","Lebesby","Finnmark Finnmárku","MDG","Miljøpartiet De Grønne",2,2
2015,"ko","kommune","Lebesby","Finnmark Finnmárku","H","Høyre",1,1
2015,"ko","kommune","Lebesby","Finnmark Finnmárku","BLANKE","Blanke",0,0
2015,"ko","kommune","Lebesby","Finnmark Finnmárku","TVERRPOL","Lebesby Tverrpolitiske liste",5,5
2015,"ko","kommune","Lebesby","Finnmark Finnmárku","Andre","Andre",5,5
2015,"ko","kommune","Lebesby","Finnmark Finnmárku","Andre2","Andre2",0,-6
2015,"ko","kommune","Gamvik","Finnmark Finnmárku","A","Arbeiderpartiet",7,2
2015,"ko","kommune","Gamvik","Finnmark Finnmárku","SV","Sosialistisk Venstreparti",4,1
2015,"ko","kommune","Gamvik","Finnmark Finnmárku","H","Høyre",0,-2
2015,"ko","kommune","Gamvik","Finnmark Finnmárku","FRP","Fremskrittspartiet",2,1
2015,"ko","kommune","Gamvik","Finnmark Finnmárku","BLANKE","Blanke",0,0
2015,"ko","kommune","Gamvik","Finnmark Finnmárku","Andre","Andre",0,0
2015,"ko","kommune","Gamvik","Finnmark Finnmárku","Andre2","Andre2",0,-2
2015,"ko","kommune","Berlevåg","Finnmark Finnmárku","A","Arbeiderpartiet",10,5
2015,"ko","kommune","Berlevåg","Finnmark Finnmárku","H","Høyre",3,-4
2015,"ko","kommune","Berlevåg","Finnmark Finnmárku","BLANKE","Blanke",0,0
2015,"ko","kommune","Berlevåg","Finnmark Finnmárku","Andre","Andre",0,0
2015,"ko","kommune","Berlevåg","Finnmark Finnmárku","Andre2","Andre2",0,-1
2015,"ko","kommune","Deatnu Tana","Finnmark Finnmárku","A","Arbeiderpartiet",9,0
2015,"ko","kommune","Deatnu Tana","Finnmark Finnmárku","SV","Sosialistisk Venstreparti",1,0
2015,"ko","kommune","Deatnu Tana","Finnmark Finnmárku","SP","Senterpartiet",2,-1
2015,"ko","kommune","Deatnu Tana","Finnmark Finnmárku","V","Venstre",1,0
2015,"ko","kommune","Deatnu Tana","Finnmark Finnmárku","H","Høyre",1,-4
2015,"ko","kommune","Deatnu Tana","Finnmark Finnmárku","FRP","Fremskrittspartiet",2,1
2015,"ko","kommune","Deatnu Tana","Finnmark Finnmárku","ARJA","Árja",2,2
2015,"ko","kommune","Deatnu Tana","Finnmark Finnmárku","BLANKE","Blanke",0,0
2015,"ko","kommune","Deatnu Tana","Finnmark Finnmárku","SAME","Sámeálbmot bellodat/Samefolkets parti",1,1
2015,"ko","kommune","Deatnu Tana","Finnmark Finnmárku","Andre","Andre",3,3
2015,"ko","kommune","Deatnu Tana","Finnmark Finnmárku","Andre2","Andre2",0,-3
2015,"ko","kommune","Unjárga Nesseby","Finnmark Finnmárku","A","Arbeiderpartiet",7,1
2015,"ko","kommune","Unjárga Nesseby","Finnmark Finnmárku","SV","Sosialistisk Venstreparti",2,0
2015,"ko","kommune","Unjárga Nesseby","Finnmark Finnmárku","BLANKE","Blanke",0,0
2015,"ko","kommune","Unjárga Nesseby","Finnmark Finnmárku","FLHTVP","Fellesliste Høyre og Tverrpolitisk liste",3,3
2015,"ko","kommune","Unjárga Nesseby","Finnmark Finnmárku","SAME","Sámeálbmot bellodat/Samefolkets parti",3,1
2015,"ko","kommune","Unjárga Nesseby","Finnmark Finnmárku","Andre","Andre",6,4
2015,"ko","kommune","Unjárga Nesseby","Finnmark Finnmárku","Andre2","Andre2",0,-5
2015,"ko","kommune","Båtsfjord","Finnmark Finnmárku","A","Arbeiderpartiet",8,0
2015,"ko","kommune","Båtsfjord","Finnmark Finnmárku","H","Høyre",7,1
2015,"ko","kommune","Båtsfjord","Finnmark Finnmárku","BLANKE","Blanke",0,0
2015,"ko","kommune","Båtsfjord","Finnmark Finnmárku","Andre","Andre",0,0
2015,"ko","kommune","Båtsfjord","Finnmark Finnmárku","Andre2","Andre2",0,-1
2015,"ko","kommune","Sør-Varanger","Finnmark Finnmárku","A","Arbeiderpartiet",14,4
2015,"ko","kommune","Sør-Varanger","Finnmark Finnmárku","SV","Sosialistisk Venstreparti",2,0
2015,"ko","kommune","Sør-Varanger","Finnmark Finnmárku","SP","Senterpartiet",5,0
2015,"ko","kommune","Sør-Varanger","Finnmark Finnmárku","KRF","Kristelig Folkeparti",0,0
2015,"ko","kommune","Sør-Varanger","Finnmark Finnmárku","MDG","Miljøpartiet De Grønne",0,0
2015,"ko","kommune","Sør-Varanger","Finnmark Finnmárku","V","Venstre",0,-1
2015,"ko","kommune","Sør-Varanger","Finnmark Finnmárku","H","Høyre",4,-1
2015,"ko","kommune","Sør-Varanger","Finnmark Finnmárku","FRP","Fremskrittspartiet",2,0
2015,"ko","kommune","Sør-Varanger","Finnmark Finnmárku","BLANKE","Blanke",0,0
2015,"ko","kommune","Sør-Varanger","Finnmark Finnmárku","KRISTNE","Partiet De Kristne",0,0
2015,"ko","kommune","Sør-Varanger","Finnmark Finnmárku","Andre","Andre",0,0
2015,"ko","kommune","Sør-Varanger","Finnmark Finnmárku","Andre2","Andre2",0,0
2017,"ko","kommune","Færder","Vestfold","A","Arbeiderpartiet",12,12
2017,"ko","kommune","Færder","Vestfold","SP","Senterpartiet",2,2
2017,"ko","kommune","Færder","Vestfold","KRF","Kristelig Folkeparti",2,2
2017,"ko","kommune","Færder","Vestfold","MDG","Miljøpartiet De Grønne",2,2
2017,"ko","kommune","Færder","Vestfold","V","Venstre",3,3
2017,"ko","kommune","Færder","Vestfold","H","Høyre",16,16
2017,"ko","kommune","Færder","Vestfold","FRP","Fremskrittspartiet",6,6
2017,"ko","kommune","Færder","Vestfold","BLANKE","Blanke",0,0
2017,"ko","kommune","Færder","Vestfold","R_SVL","Felleslista for Rødt og Sosialistisk Venstreparti",4,4
2017,"ko","kommune","Færder","Vestfold","Andre","Andre",4,4
2017,"ko","kommune","Færder","Vestfold","Andre2","Andre2",0,0
2017,"st","fylke","Østfold","","A","Arbeiderpartiet",3,0
2017,"st","fylke","Østfold","","SV","Sosialistisk Venstreparti",1,1
2017,"st","fylke","Østfold","","RØDT","Rødt",0,0
2017,"st","fylke","Østfold","","SP","Senterpartiet",1,1
2017,"st","fylke","Østfold","","KRF","Kristelig Folkeparti",0,-1
2017,"st","fylke","Østfold","","MDG","Miljøpartiet De Grønne",0,0
2017,"st","fylke","Østfold","","V","Venstre",0,0
2017,"st","fylke","Østfold","","H","Høyre",2,-1
2017,"st","fylke","Østfold","","FRP","Fremskrittspartiet",2,0
2017,"st","fylke","Østfold","","ALLI","Alliansen",0,0
2017,"st","fylke","Østfold","","DEMN","Demokratene i Norge",0,0
2017,"st","fylke","Østfold","","HELSE","Helsepartiet",0,0
2017,"st","fylke","Østfold","","KRISTNE","Partiet De Kristne",0,0
2017,"st","fylke","Østfold","","KYST","Kystpartiet",0,0
2017,"st","fylke","Østfold","","LIBS","Liberalistene",0,0
2017,"st","fylke","Østfold","","PP","Pensjonistpartiet",0,0
2017,"st","fylke","Østfold","","BLANKE","Blanke",0,0
2017,"st","fylke","Østfold","","Andre","Andre",0,0
2017,"st","fylke","Østfold","","Andre2","Andre2",0,0
2017,"st","fylke","Akershus","","A","Arbeiderpartiet",5,0
2017,"st","fylke","Akershus","","SV","Sosialistisk Venstreparti",1,0
2017,"st","fylke","Akershus","","RØDT","Rødt",0,0
2017,"st","fylke","Akershus","","SP","Senterpartiet",1,1
2017,"st","fylke","Akershus","","KRF","Kristelig Folkeparti",0,0
2017,"st","fylke","Akershus","","MDG","Miljøpartiet De Grønne",0,0
2017,"st","fylke","Akershus","","V","Venstre",1,0
2017,"st","fylke","Akershus","","H","Høyre",6,-1
2017,"st","fylke","Akershus","","FRP","Fremskrittspartiet",3,0
2017,"st","fylke","Akershus","","ALLI","Alliansen",0,0
2017,"st","fylke","Akershus","","DEMN","Demokratene i Norge",0,0
2017,"st","fylke","Akershus","","HELSE","Helsepartiet",0,0
2017,"st","fylke","Akershus","","KRISTNE","Partiet De Kristne",0,0
2017,"st","fylke","Akershus","","KYST","Kystpartiet",0,0
2017,"st","fylke","Akershus","","LIBS","Liberalistene",0,0
2017,"st","fylke","Akershus","","PIR","Piratpartiet",0,0
2017,"st","fylke","Akershus","","PP","Pensjonistpartiet",0,0
2017,"st","fylke","Akershus","","BLANKE","Blanke",0,0
2017,"st","fylke","Akershus","","Andre","Andre",0,0
2017,"st","fylke","Akershus","","Andre2","Andre2",0,0
2017,"st","fylke","Oslo","","A","Arbeiderpartiet",5,-1
2017,"st","fylke","Oslo","","SV","Sosialistisk Venstreparti",2,1
2017,"st","fylke","Oslo","","RØDT","Rødt",1,1
2017,"st","fylke","Oslo","","SP","Senterpartiet",0,0
2017,"st","fylke","Oslo","","KRF","Kristelig Folkeparti",0,-1
2017,"st","fylke","Oslo","","MDG","Miljøpartiet De Grønne",1,0
2017,"st","fylke","Oslo","","V","Venstre",2,0
2017,"st","fylke","Oslo","","H","Høyre",6,0
2017,"st","fylke","Oslo","","FRP","Fremskrittspartiet",2,0
2017,"st","fylke","Oslo","","ALLI","Alliansen",0,0
2017,"st","fylke","Oslo","","DEMN","Demokratene i Norge",0,0
2017,"st","fylke","Oslo","","HELSE","Helsepartiet",0,0
2017,"st","fylke","Oslo","","KRISTNE","Partiet De Kristne",0,0
2017,"st","fylke","Oslo","","LIBS","Liberalistene",0,0
2017,"st","fylke","Oslo","","NKP","Norges Kommunistiske Parti",0,0
2017,"st","fylke","Oslo","","PIR","Piratpartiet",0,0
2017,"st","fylke","Oslo","","PP","Pensjonistpartiet",0,0
2017,"st","fylke","Oslo","","SAMFS","Samfunnspartiet",0,0
2017,"st","fylke","Oslo","","BLANKE","Blanke",0,0
2017,"st","fylke","Oslo","","FI","Feministisk Initiativ",0,0
2017,"st","fylke","Oslo","","Andre","Andre",0,0
2017,"st","fylke","Oslo","","Andre2","Andre2",0,0
2017,"st","fylke","Hedmark","","A","Arbeiderpartiet",2,-1
2017,"st","fylke","Hedmark","","SV","Sosialistisk Venstreparti",1,0
2017,"st","fylke","Hedmark","","RØDT","Rødt",0,0
2017,"st","fylke","Hedmark","","SP","Senterpartiet",2,1
2017,"st","fylke","Hedmark","","KRF","Kristelig Folkeparti",0,0
2017,"st","fylke","Hedmark","","MDG","Miljøpartiet De Grønne",0,0
2017,"st","fylke","Hedmark","","V","Venstre",0,0
2017,"st","fylke","Hedmark","","H","Høyre",1,0
2017,"st","fylke","Hedmark","","FRP","Fremskrittspartiet",1,0
2017,"st","fylke","Hedmark","","ALLI","Alliansen",0,0
2017,"st","fylke","Hedmark","","DEMN","Demokratene i Norge",0,0
2017,"st","fylke","Hedmark","","HELSE","Helsepartiet",0,0
2017,"st","fylke","Hedmark","","KRISTNE","Partiet De Kristne",0,0
2017,"st","fylke","Hedmark","","KYST","Kystpartiet",0,0
2017,"st","fylke","Hedmark","","LIBS","Liberalistene",0,0
2017,"st","fylke","Hedmark","","PP","Pensjonistpartiet",0,0
2017,"st","fylke","Hedmark","","BLANKE","Blanke",0,0
2017,"st","fylke","Hedmark","","NP","Norgespartiet",0,0
2017,"st","fylke","Hedmark","","Andre","Andre",0,0
2017,"st","fylke","Hedmark","","Andre2","Andre2",0,0
2017,"st","fylke","Oppland","","A","Arbeiderpartiet",2,-1
2017,"st","fylke","Oppland","","SV","Sosialistisk Venstreparti",0,0
2017,"st","fylke","Oppland","","RØDT","Rødt",0,0
2017,"st","fylke","Oppland","","SP","Senterpartiet",2,1
2017,"st","fylke","Oppland","","KRF","Kristelig Folkeparti",0,0
2017,"st","fylke","Oppland","","MDG","Miljøpartiet De Grønne",0,0
2017,"st","fylke","Oppland","","V","Venstre",1,0
2017,"st","fylke","Oppland","","H","Høyre",1,0
2017,"st","fylke","Oppland","","FRP","Fremskrittspartiet",1,0
2017,"st","fylke","Oppland","","ALLI","Alliansen",0,0
2017,"st","fylke","Oppland","","DEMN","Demokratene i Norge",0,0
2017,"st","fylke","Oppland","","HELSE","Helsepartiet",0,0
2017,"st","fylke","Oppland","","KRISTNE","Partiet De Kristne",0,0
2017,"st","fylke","Oppland","","KYST","Kystpartiet",0,0
2017,"st","fylke","Oppland","","LIBS","Liberalistene",0,0
2017,"st","fylke","Oppland","","PP","Pensjonistpartiet",0,0
2017,"st","fylke","Oppland","","BLANKE","Blanke",0,0
2017,"st","fylke","Oppland","","Andre","Andre",0,0
2017,"st","fylke","Oppland","","Andre2","Andre2",0,0
2017,"st","fylke","Buskerud","","A","Arbeiderpartiet",3,0
2017,"st","fylke","Buskerud","","SV","Sosialistisk Venstreparti",1,1
2017,"st","fylke","Buskerud","","RØDT","Rødt",0,0
2017,"st","fylke","Buskerud","","SP","Senterpartiet",1,0
2017,"st","fylke","Buskerud","","KRF","Kristelig Folkeparti",0,0
2017,"st","fylke","Buskerud","","MDG","Miljøpartiet De Grønne",0,0
2017,"st","fylke","Buskerud","","V","Venstre",0,0
2017,"st","fylke","Buskerud","","H","Høyre",2,-1
2017,"st","fylke","Buskerud","","FRP","Fremskrittspartiet",2,0
2017,"st","fylke","Buskerud","","ALLI","Alliansen",0,0
2017,"st","fylke","Buskerud","","DEMN","Demokratene i Norge",0,0
2017,"st","fylke","Buskerud","","HELSE","Helsepartiet",0,0
2017,"st","fylke","Buskerud","","KRISTNE","Partiet De Kristne",0,0
2017,"st","fylke","Buskerud","","KYST","Kystpartiet",0,0
2017,"st","fylke","Buskerud","","LIBS","Liberalistene",0,0
2017,"st","fylke","Buskerud","","BLANKE","Blanke",0,0
2017,"st","fylke","Buskerud","","Andre","Andre",0,0
2017,"st","fylke","Buskerud","","Andre2","Andre2",0,0
2017,"st","fylke","Vestfold","","A","Arbeiderpartiet",2,0
2017,"st","fylke","Vestfold","","SV","Sosialistisk Venstreparti",0,0
2017,"st","fylke","Vestfold","","RØDT","Rødt",0,0
2017,"st","fylke","Vestfold","","SP","Senterpartiet",0,0
2017,"st","fylke","Vestfold","","KRF","Kristelig Folkeparti",0,-1
2017,"st","fylke","Vestfold","","MDG","Miljøpartiet De Grønne",0,0
2017,"st","fylke","Vestfold","","V","Venstre",1,1
2017,"st","fylke","Vestfold","","H","Høyre",3,1
2017,"st","fylke","Vestfold","","FRP","Fremskrittspartiet",1,-1
2017,"st","fylke","Vestfold","","ALLI","Alliansen",0,0
2017,"st","fylke","Vestfold","","DEMN","Demokratene i Norge",0,0
2017,"st","fylke","Vestfold","","HELSE","Helsepartiet",0,0
2017,"st","fylke","Vestfold","","KRISTNE","Partiet De Kristne",0,0
2017,"st","fylke","Vestfold","","KYST","Kystpartiet",0,0
2017,"st","fylke","Vestfold","","LIBS","Liberalistene",0,0
2017,"st","fylke","Vestfold","","PIR","Piratpartiet",0,0
2017,"st","fylke","Vestfold","","BLANKE","Blanke",0,0
2017,"st","fylke","Vestfold","","Andre","Andre",0,0
2017,"st","fylke","Vestfold","","Andre2","Andre2",0,0
2017,"st","fylke","Telemark","","A","Arbeiderpartiet",2,-1
2017,"st","fylke","Telemark","","SV","Sosialistisk Venstreparti",0,0
2017,"st","fylke","Telemark","","RØDT","Rødt",0,0
2017,"st","fylke","Telemark","","SP","Senterpartiet",1,1
2017,"st","fylke","Telemark","","KRF","Kristelig Folkeparti",1,0
2017,"st","fylke","Telemark","","MDG","Miljøpartiet De Grønne",0,0
2017,"st","fylke","Telemark","","V","Venstre",0,0
2017,"st","fylke","Telemark","","H","Høyre",1,0
2017,"st","fylke","Telemark","","FRP","Fremskrittspartiet",1,0
2017,"st","fylke","Telemark","","ALLI","Alliansen",0,0
2017,"st","fylke","Telemark","","DEMN","Demokratene i Norge",0,0
2017,"st","fylke","Telemark","","HELSE","Helsepartiet",0,0
2017,"st","fylke","Telemark","","KRISTNE","Partiet De Kristne",0,0
2017,"st","fylke","Telemark","","KYST","Kystpartiet",0,0
2017,"st","fylke","Telemark","","LIBS","Liberalistene",0,0
2017,"st","fylke","Telemark","","BLANKE","Blanke",0,0
2017,"st","fylke","Telemark","","Andre","Andre",0,0
2017,"st","fylke","Telemark","","Andre2","Andre2",0,0
2017,"st","fylke","Aust-Agder","","A","Arbeiderpartiet",1,0
2017,"st","fylke","Aust-Agder","","SV","Sosialistisk Venstreparti",0,0
2017,"st","fylke","Aust-Agder","","RØDT","Rødt",0,0
2017,"st","fylke","Aust-Agder","","SP","Senterpartiet",0,0
2017,"st","fylke","Aust-Agder","","KRF","Kristelig Folkeparti",1,0
2017,"st","fylke","Aust-Agder","","MDG","Miljøpartiet De Grønne",0,0
2017,"st","fylke","Aust-Agder","","V","Venstre",0,0
2017,"st","fylke","Aust-Agder","","H","Høyre",1,0
2017,"st","fylke","Aust-Agder","","FRP","Fremskrittspartiet",1,0
2017,"st","fylke","Aust-Agder","","ALLI","Alliansen",0,0
2017,"st","fylke","Aust-Agder","","DEMN","Demokratene i Norge",0,0
2017,"st","fylke","Aust-Agder","","HELSE","Helsepartiet",0,0
2017,"st","fylke","Aust-Agder","","KRISTNE","Partiet De Kristne",0,0
2017,"st","fylke","Aust-Agder","","KYST","Kystpartiet",0,0
2017,"st","fylke","Aust-Agder","","LIBS","Liberalistene",0,0
2017,"st","fylke","Aust-Agder","","PIR","Piratpartiet",0,0
2017,"st","fylke","Aust-Agder","","PP","Pensjonistpartiet",0,0
2017,"st","fylke","Aust-Agder","","BLANKE","Blanke",0,0
2017,"st","fylke","Aust-Agder","","Andre","Andre",0,0
2017,"st","fylke","Aust-Agder","","Andre2","Andre2",0,0
2017,"st","fylke","Vest-Agder","","A","Arbeiderpartiet",1,-1
2017,"st","fylke","Vest-Agder","","SV","Sosialistisk Venstreparti",0,0
2017,"st","fylke","Vest-Agder","","RØDT","Rødt",0,0
2017,"st","fylke","Vest-Agder","","SP","Senterpartiet",0,0
2017,"st","fylke","Vest-Agder","","KRF","Kristelig Folkeparti",2,1
2017,"st","fylke","Vest-Agder","","MDG","Miljøpartiet De Grønne",0,0
2017,"st","fylke","Vest-Agder","","V","Venstre",0,0
2017,"st","fylke","Vest-Agder","","H","Høyre",2,0
2017,"st","fylke","Vest-Agder","","FRP","Fremskrittspartiet",1,0
2017,"st","fylke","Vest-Agder","","ALLI","Alliansen",0,0
2017,"st","fylke","Vest-Agder","","DEMN","Demokratene i Norge",0,0
2017,"st","fylke","Vest-Agder","","HELSE","Helsepartiet",0,0
2017,"st","fylke","Vest-Agder","","KRISTNE","Partiet De Kristne",0,0
2017,"st","fylke","Vest-Agder","","KYST","Kystpartiet",0,0
2017,"st","fylke","Vest-Agder","","LIBS","Liberalistene",0,0
2017,"st","fylke","Vest-Agder","","PIR","Piratpartiet",0,0
2017,"st","fylke","Vest-Agder","","PP","Pensjonistpartiet",0,0
2017,"st","fylke","Vest-Agder","","BLANKE","Blanke",0,0
2017,"st","fylke","Vest-Agder","","Andre","Andre",0,0
2017,"st","fylke","Vest-Agder","","Andre2","Andre2",0,0
2017,"st","fylke","Rogaland","","A","Arbeiderpartiet",4,1
2017,"st","fylke","Rogaland","","SV","Sosialistisk Venstreparti",1,1
2017,"st","fylke","Rogaland","","RØDT","Rødt",0,0
2017,"st","fylke","Rogaland","","SP","Senterpartiet",1,0
2017,"st","fylke","Rogaland","","KRF","Kristelig Folkeparti",1,-1
2017,"st","fylke","Rogaland","","MDG","Miljøpartiet De Grønne",0,0
2017,"st","fylke","Rogaland","","V","Venstre",0,-1
2017,"st","fylke","Rogaland","","H","Høyre",4,0
2017,"st","fylke","Rogaland","","FRP","Fremskrittspartiet",3,0
2017,"st","fylke","Rogaland","","ALLI","Alliansen",0,0
2017,"st","fylke","Rogaland","","DEMN","Demokratene i Norge",0,0
2017,"st","fylke","Rogaland","","HELSE","Helsepartiet",0,0
2017,"st","fylke","Rogaland","","KRISTNE","Partiet De Kristne",0,0
2017,"st","fylke","Rogaland","","KYST","Kystpartiet",0,0
2017,"st","fylke","Rogaland","","LIBS","Liberalistene",0,0
2017,"st","fylke","Rogaland","","NKP","Norges Kommunistiske Parti",0,0
2017,"st","fylke","Rogaland","","PIR","Piratpartiet",0,0
2017,"st","fylke","Rogaland","","PP","Pensjonistpartiet",0,0
2017,"st","fylke","Rogaland","","BLANKE","Blanke",0,0
2017,"st","fylke","Rogaland","","VERDI","Verdipartiet",0,0
2017,"st","fylke","Rogaland","","Andre","Andre",0,0
2017,"st","fylke","Rogaland","","Andre2","Andre2",0,0
2017,"st","fylke","Hordaland","","A","Arbeiderpartiet",4,0
2017,"st","fylke","Hordaland","","SV","Sosialistisk Venstreparti",1,0
2017,"st","fylke","Hordaland","","RØDT","Rødt",0,0
2017,"st","fylke","Hordaland","","SP","Senterpartiet",2,1
2017,"st","fylke","Hordaland","","KRF","Kristelig Folkeparti",1,0
2017,"st","fylke","Hordaland","","MDG","Miljøpartiet De Grønne",0,0
2017,"st","fylke","Hordaland","","V","Venstre",1,0
2017,"st","fylke","Hordaland","","H","Høyre",5,-1
2017,"st","fylke","Hordaland","","FRP","Fremskrittspartiet",2,0
2017,"st","fylke","Hordaland","","ALLI","Alliansen",0,0
2017,"st","fylke","Hordaland","","DEMN","Demokratene i Norge",0,0
2017,"st","fylke","Hordaland","","HELSE","Helsepartiet",0,0
2017,"st","fylke","Hordaland","","KRISTNE","Partiet De Kristne",0,0
2017,"st","fylke","Hordaland","","KYST","Kystpartiet",0,0
2017,"st","fylke","Hordaland","","LIBS","Liberalistene",0,0
2017,"st","fylke","Hordaland","","PIR","Piratpartiet",0,0
2017,"st","fylke","Hordaland","","BLANKE","Blanke",0,0
2017,"st","fylke","Hordaland","","FI","Feministisk Initiativ",0,0
2017,"st","fylke","Hordaland","","Andre","Andre",0,0
2017,"st","fylke","Hordaland","","Andre2","Andre2",0,0
2017,"st","fylke","Sogn og Fjordane","","A","Arbeiderpartiet",1,0
2017,"st","fylke","Sogn og Fjordane","","SV","Sosialistisk Venstreparti",0,0
2017,"st","fylke","Sogn og Fjordane","","RØDT","Rødt",0,0
2017,"st","fylke","Sogn og Fjordane","","SP","Senterpartiet",1,0
2017,"st","fylke","Sogn og Fjordane","","KRF","Kristelig Folkeparti",1,1
2017,"st","fylke","Sogn og Fjordane","","MDG","Miljøpartiet De Grønne",0,0
2017,"st","fylke","Sogn og Fjordane","","V","Venstre",0,-1
2017,"st","fylke","Sogn og Fjordane","","H","Høyre",1,0
2017,"st","fylke","Sogn og Fjordane","","FRP","Fremskrittspartiet",0,0
2017,"st","fylke","Sogn og Fjordane","","ALLI","Alliansen",0,0
2017,"st","fylke","Sogn og Fjordane","","DEMN","Demokratene i Norge",0,0
2017,"st","fylke","Sogn og Fjordane","","HELSE","Helsepartiet",0,0
2017,"st","fylke","Sogn og Fjordane","","KRISTNE","Partiet De Kristne",0,0
2017,"st","fylke","Sogn og Fjordane","","LIBS","Liberalistene",0,0
2017,"st","fylke","Sogn og Fjordane","","BLANKE","Blanke",0,0
2017,"st","fylke","Sogn og Fjordane","","Andre","Andre",0,0
2017,"st","fylke","Sogn og Fjordane","","Andre2","Andre2",0,0
2017,"st","fylke","Møre og Romsdal","","A","Arbeiderpartiet",2,0
2017,"st","fylke","Møre og Romsdal","","SV","Sosialistisk Venstreparti",0,0
2017,"st","fylke","Møre og Romsdal","","RØDT","Rødt",0,0
2017,"st","fylke","Møre og Romsdal","","SP","Senterpartiet",1,0
2017,"st","fylke","Møre og Romsdal","","KRF","Kristelig Folkeparti",1,0
2017,"st","fylke","Møre og Romsdal","","MDG","Miljøpartiet De Grønne",0,0
2017,"st","fylke","Møre og Romsdal","","V","Venstre",0,-1
2017,"st","fylke","Møre og Romsdal","","H","Høyre",3,1
2017,"st","fylke","Møre og Romsdal","","FRP","Fremskrittspartiet",2,0
2017,"st","fylke","Møre og Romsdal","","ALLI","Alliansen",0,0
2017,"st","fylke","Møre og Romsdal","","DEMN","Demokratene i Norge",0,0
2017,"st","fylke","Møre og Romsdal","","KRISTNE","Partiet De Kristne",0,0
2017,"st","fylke","Møre og Romsdal","","KYST","Kystpartiet",0,0
2017,"st","fylke","Møre og Romsdal","","LIBS","Liberalistene",0,0
2017,"st","fylke","Møre og Romsdal","","PP","Pensjonistpartiet",0,0
2017,"st","fylke","Møre og Romsdal","","BLANKE","Blanke",0,0
2017,"st","fylke","Møre og Romsdal","","NML","Nordmørslista",0,0
2017,"st","fylke","Møre og Romsdal","","Andre","Andre",0,0
2017,"st","fylke","Møre og Romsdal","","Andre2","Andre2",0,0
2017,"st","fylke","Sør-Trøndelag","","A","Arbeiderpartiet",4,0
2017,"st","fylke","Sør-Trøndelag","","SV","Sosialistisk Venstreparti",1,0
2017,"st","fylke","Sør-Trøndelag","","RØDT","Rødt",0,0
2017,"st","fylke","Sør-Trøndelag","","SP","Senterpartiet",1,0
2017,"st","fylke","Sør-Trøndelag","","KRF","Kristelig Folkeparti",0,0
2017,"st","fylke","Sør-Trøndelag","","MDG","Miljøpartiet De Grønne",0,0
2017,"st","fylke","Sør-Trøndelag","","V","Venstre",1,1
2017,"st","fylke","Sør-Trøndelag","","H","Høyre",2,0
2017,"st","fylke","Sør-Trøndelag","","FRP","Fremskrittspartiet",1,-1
2017,"st","fylke","Sør-Trøndelag","","ALLI","Alliansen",0,0
2017,"st","fylke","Sør-Trøndelag","","DEMN","Demokratene i Norge",0,0
2017,"st","fylke","Sør-Trøndelag","","HELSE","Helsepartiet",0,0
2017,"st","fylke","Sør-Trøndelag","","KRISTNE","Partiet De Kristne",0,0
2017,"st","fylke","Sør-Trøndelag","","KYST","Kystpartiet",0,0
2017,"st","fylke","Sør-Trøndelag","","LIBS","Liberalistene",0,0
2017,"st","fylke","Sør-Trøndelag","","PIR","Piratpartiet",0,0
2017,"st","fylke","Sør-Trøndelag","","PP","Pensjonistpartiet",0,0
2017,"st","fylke","Sør-Trøndelag","","BLANKE","Blanke",0,0
2017,"st","fylke","Sør-Trøndelag","","Andre","Andre",0,0
2017,"st","fylke","Sør-Trøndelag","","Andre2","Andre2",0,0
2017,"st","fylke","Nord-Trøndelag","","A","Arbeiderpartiet",2,0
2017,"st","fylke","Nord-Trøndelag","","SV","Sosialistisk Venstreparti",0,0
2017,"st","fylke","Nord-Trøndelag","","RØDT","Rødt",0,0
2017,"st","fylke","Nord-Trøndelag","","SP","Senterpartiet",1,0
2017,"st","fylke","Nord-Trøndelag","","KRF","Kristelig Folkeparti",0,0
2017,"st","fylke","Nord-Trøndelag","","MDG","Miljøpartiet De Grønne",0,0
2017,"st","fylke","Nord-Trøndelag","","V","Venstre",1,0
2017,"st","fylke","Nord-Trøndelag","","H","Høyre",1,0
2017,"st","fylke","Nord-Trøndelag","","FRP","Fremskrittspartiet",0,0
2017,"st","fylke","Nord-Trøndelag","","ALLI","Alliansen",0,0
2017,"st","fylke","Nord-Trøndelag","","DEMN","Demokratene i Norge",0,0
2017,"st","fylke","Nord-Trøndelag","","HELSE","Helsepartiet",0,0
2017,"st","fylke","Nord-Trøndelag","","KRISTNE","Partiet De Kristne",0,0
2017,"st","fylke","Nord-Trøndelag","","KYST","Kystpartiet",0,0
2017,"st","fylke","Nord-Trøndelag","","LIBS","Liberalistene",0,0
2017,"st","fylke","Nord-Trøndelag","","PIR","Piratpartiet",0,0
2017,"st","fylke","Nord-Trøndelag","","PP","Pensjonistpartiet",0,0
2017,"st","fylke","Nord-Trøndelag","","BLANKE","Blanke",0,0
2017,"st","fylke","Nord-Trøndelag","","Andre","Andre",0,0
2017,"st","fylke","Nord-Trøndelag","","Andre2","Andre2",0,0
2017,"st","fylke","Nordland","","A","Arbeiderpartiet",2,-2
2017,"st","fylke","Nordland","","SV","Sosialistisk Venstreparti",1,1
2017,"st","fylke","Nordland","","RØDT","Rødt",0,0
2017,"st","fylke","Nordland","","SP","Senterpartiet",2,1
2017,"st","fylke","Nordland","","KRF","Kristelig Folkeparti",0,0
2017,"st","fylke","Nordland","","MDG","Miljøpartiet De Grønne",0,0
2017,"st","fylke","Nordland","","V","Venstre",0,0
2017,"st","fylke","Nordland","","H","Høyre",2,0
2017,"st","fylke","Nordland","","FRP","Fremskrittspartiet",2,0
2017,"st","fylke","Nordland","","ALLI","Alliansen",0,0
2017,"st","fylke","Nordland","","DEMN","Demokratene i Norge",0,0
2017,"st","fylke","Nordland","","HELSE","Helsepartiet",0,0
2017,"st","fylke","Nordland","","KRISTNE","Partiet De Kristne",0,0
2017,"st","fylke","Nordland","","KYST","Kystpartiet",0,0
2017,"st","fylke","Nordland","","LIBS","Liberalistene",0,0
2017,"st","fylke","Nordland","","NKP","Norges Kommunistiske Parti",0,0
2017,"st","fylke","Nordland","","PIR","Piratpartiet",0,0
2017,"st","fylke","Nordland","","BLANKE","Blanke",0,0
2017,"st","fylke","Nordland","","Andre","Andre",0,0
2017,"st","fylke","Nordland","","Andre2","Andre2",0,0
2017,"st","fylke","Troms Romsa","","A","Arbeiderpartiet",2,0
2017,"st","fylke","Troms Romsa","","SV","Sosialistisk Venstreparti",1,0
2017,"st","fylke","Troms Romsa","","RØDT","Rødt",0,0
2017,"st","fylke","Troms Romsa","","SP","Senterpartiet",1,1
2017,"st","fylke","Troms Romsa","","KRF","Kristelig Folkeparti",0,0
2017,"st","fylke","Troms Romsa","","MDG","Miljøpartiet De Grønne",0,0
2017,"st","fylke","Troms Romsa","","V","Venstre",0,0
2017,"st","fylke","Troms Romsa","","H","Høyre",1,-1
2017,"st","fylke","Troms Romsa","","FRP","Fremskrittspartiet",1,0
2017,"st","fylke","Troms Romsa","","ALLI","Alliansen",0,0
2017,"st","fylke","Troms Romsa","","DEMN","Demokratene i Norge",0,0
2017,"st","fylke","Troms Romsa","","HELSE","Helsepartiet",0,0
2017,"st","fylke","Troms Romsa","","KRISTNE","Partiet De Kristne",0,0
2017,"st","fylke","Troms Romsa","","KYST","Kystpartiet",0,0
2017,"st","fylke","Troms Romsa","","LIBS","Liberalistene",0,0
2017,"st","fylke","Troms Romsa","","NKP","Norges Kommunistiske Parti",0,0
2017,"st","fylke","Troms Romsa","","BLANKE","Blanke",0,0
2017,"st","fylke","Troms Romsa","","NORDT","Nordting",0,0
2017,"st","fylke","Troms Romsa","","Andre","Andre",0,0
2017,"st","fylke","Troms Romsa","","Andre2","Andre2",0,0
2017,"st","fylke","Finnmark Finnmárku","","A","Arbeiderpartiet",2,0
2017,"st","fylke","Finnmark Finnmárku","","SV","Sosialistisk Venstreparti",0,-1
2017,"st","fylke","Finnmark Finnmárku","","RØDT","Rødt",0,0
2017,"st","fylke","Finnmark Finnmárku","","SP","Senterpartiet",1,1
2017,"st","fylke","Finnmark Finnmárku","","KRF","Kristelig Folkeparti",0,0
2017,"st","fylke","Finnmark Finnmárku","","MDG","Miljøpartiet De Grønne",0,0
2017,"st","fylke","Finnmark Finnmárku","","V","Venstre",0,0
2017,"st","fylke","Finnmark Finnmárku","","H","Høyre",1,0
2017,"st","fylke","Finnmark Finnmárku","","FRP","Fremskrittspartiet",1,0
2017,"st","fylke","Finnmark Finnmárku","","ALLI","Alliansen",0,0
2017,"st","fylke","Finnmark Finnmárku","","DEMN","Demokratene i Norge",0,0
2017,"st","fylke","Finnmark Finnmárku","","HELSE","Helsepartiet",0,0
2017,"st","fylke","Finnmark Finnmárku","","KRISTNE","Partiet De Kristne",0,0
2017,"st","fylke","Finnmark Finnmárku","","KYST","Kystpartiet",0,0
2017,"st","fylke","Finnmark Finnmárku","","LIBS","Liberalistene",0,0
2017,"st","fylke","Finnmark Finnmárku","","PIR","Piratpartiet",0,0
2017,"st","fylke","Finnmark Finnmárku","","BLANKE","Blanke",0,0
2017,"st","fylke","Finnmark Finnmárku","","Andre","Andre",0,0
2017,"st","fylke","Finnmark Finnmárku","","Andre2","Andre2",0,0
2019,"ko","kommune","Oslo","Oslo","A","Arbeiderpartiet",12,-8
2019,"ko","kommune","Oslo","Oslo","SV","SV - Sosialistisk Venstreparti",6,3
2019,"ko","kommune","Oslo","Oslo","RØDT","Rødt",4,1
2019,"ko","kommune","Oslo","Oslo","SP","Senterpartiet",1,1
2019,"ko","kommune","Oslo","Oslo","KRF","Kristelig Folkeparti",1,0
2019,"ko","kommune","Oslo","Oslo","MDG","Miljøpartiet De Grønne",9,4
2019,"ko","kommune","Oslo","Oslo","V","Venstre",4,0
2019,"ko","kommune","Oslo","Oslo","H","Høyre",15,-4
2019,"ko","kommune","Oslo","Oslo","FRP","Fremskrittspartiet",3,-1
2019,"ko","kommune","Oslo","Oslo","ALLI","Alliansen",0,0
2019,"ko","kommune","Oslo","Oslo","DEMN","Demokratene",0,0
2019,"ko","kommune","Oslo","Oslo","FNB","Folkeaksjonen Nei til mer bompenger",4,4
2019,"ko","kommune","Oslo","Oslo","HELSE","Helsepartiet",0,0
2019,"ko","kommune","Oslo","Oslo","KRISTNE","Partiet De Kristne",0,0
2019,"ko","kommune","Oslo","Oslo","KYST","Kystpartiet",0,0
2019,"ko","kommune","Oslo","Oslo","LIBS","Liberalistene",0,0
2019,"ko","kommune","Oslo","Oslo","NKP","Norges Kommunistiske Parti",0,0
2019,"ko","kommune","Oslo","Oslo","PIR","Piratpartiet",0,0
2019,"ko","kommune","Oslo","Oslo","PP","Pensjonistpartiet",0,0
2019,"ko","kommune","Oslo","Oslo","BLANKE","Blanke",0,0
2019,"ko","kommune","Oslo","Oslo","FI","Feministisk Initiativ",0,0
2019,"ko","kommune","Oslo","Oslo","SELV","Selvstendighetspartiet",0,0
2019,"ko","kommune","Oslo","Oslo","Andre","Andre",4,4
2019,"ko","kommune","Oslo","Oslo","Andre2","Andre2",0,0
2019,"ko","kommune","Eigersund","Rogaland","A","Arbeiderpartiet",10,0
2019,"ko","kommune","Eigersund","Rogaland","SV","SV - Sosialistisk Venstreparti",2,1
2019,"ko","kommune","Eigersund","Rogaland","SP","Senterpartiet",4,1
2019,"ko","kommune","Eigersund","Rogaland","KRF","Kristelig Folkeparti",3,-2
2019,"ko","kommune","Eigersund","Rogaland","MDG","Miljøpartiet De Grønne",0,0
2019,"ko","kommune","Eigersund","Rogaland","V","Venstre",1,0
2019,"ko","kommune","Eigersund","Rogaland","H","Høyre",5,-1
2019,"ko","kommune","Eigersund","Rogaland","FRP","Fremskrittspartiet",6,1
2019,"ko","kommune","Eigersund","Rogaland","BLANKE","Blanke",0,0
2019,"ko","kommune","Eigersund","Rogaland","Andre","Andre",0,0
2019,"ko","kommune","Eigersund","Rogaland","Andre2","Andre2",0,0
2019,"ko","kommune","Stavanger","Rogaland","A","Arbeiderpartiet",18,0
2019,"ko","kommune","Stavanger","Rogaland","SV","SV - Sosialistisk Venstreparti",3,0
2019,"ko","kommune","Stavanger","Rogaland","RØDT","Rødt",4,3
2019,"ko","kommune","Stavanger","Rogaland","SP","Senterpartiet",3,2
2019,"ko","kommune","Stavanger","Rogaland","KRF","Kristelig Folkeparti",3,-1
2019,"ko","kommune","Stavanger","Rogaland","MDG","Miljøpartiet De Grønne",4,0
2019,"ko","kommune","Stavanger","Rogaland","V","Venstre",3,-3
2019,"ko","kommune","Stavanger","Rogaland","H","Høyre",16,-3
2019,"ko","kommune","Stavanger","Rogaland","FRP","Fremskrittspartiet",6,-1
2019,"ko","kommune","Stavanger","Rogaland","FNB","Folkeaksjonen Nei til mer bompenger",6,3
2019,"ko","kommune","Stavanger","Rogaland","KRISTNE","Partiet De Kristne",0,0
2019,"ko","kommune","Stavanger","Rogaland","LIBS","Liberalistene",0,0
2019,"ko","kommune","Stavanger","Rogaland","PP","Pensjonistpartiet",1,0
2019,"ko","kommune","Stavanger","Rogaland","BLANKE","Blanke",0,0
2019,"ko","kommune","Stavanger","Rogaland","Andre","Andre",7,3
2019,"ko","kommune","Stavanger","Rogaland","Andre2","Andre2",0,0
2019,"ko","kommune","Haugesund","Rogaland","A","Arbeiderpartiet",15,-4
2019,"ko","kommune","Haugesund","Rogaland","SV","SV - Sosialistisk Venstreparti",3,1
2019,"ko","kommune","Haugesund","Rogaland","RØDT","Rødt",1,1
2019,"ko","kommune","Haugesund","Rogaland","SP","Senterpartiet",2,1
2019,"ko","kommune","Haugesund","Rogaland","KRF","Kristelig Folkeparti",2,-1
2019,"ko","kommune","Haugesund","Rogaland","MDG","Miljøpartiet De Grønne",3,1
2019,"ko","kommune","Haugesund","Rogaland","V","Venstre",1,-1
2019,"ko","kommune","Haugesund","Rogaland","H","Høyre",14,3
2019,"ko","kommune","Haugesund","Rogaland","FRP","Fremskrittspartiet",6,-1
2019,"ko","kommune","Haugesund","Rogaland","KRISTNE","Partiet De Kristne",0,0
2019,"ko","kommune","Haugesund","Rogaland","LIBS","Liberalistene",0,0
2019,"ko","kommune","Haugesund","Rogaland","PP","Pensjonistpartiet",2,0
2019,"ko","kommune","Haugesund","Rogaland","BLANKE","Blanke",0,0
2019,"ko","kommune","Haugesund","Rogaland","Andre","Andre",2,0
2019,"ko","kommune","Haugesund","Rogaland","Andre2","Andre2",0,0
2019,"ko","kommune","Sandnes","Rogaland","A","Arbeiderpartiet",13,13
2019,"ko","kommune","Sandnes","Rogaland","SV","SV - Sosialistisk Venstreparti",2,2
2019,"ko","kommune","Sandnes","Rogaland","RØDT","Rødt",1,1
2019,"ko","kommune","Sandnes","Rogaland","SP","Senterpartiet",3,3
2019,"ko","kommune","Sandnes","Rogaland","KRF","Kristelig Folkeparti",4,4
2019,"ko","kommune","Sandnes","Rogaland","MDG","Miljøpartiet De Grønne",3,3
2019,"ko","kommune","Sandnes","Rogaland","V","Venstre",1,1
2019,"ko","kommune","Sandnes","Rogaland","H","Høyre",8,8
2019,"ko","kommune","Sandnes","Rogaland","FRP","Fremskrittspartiet",9,9
2019,"ko","kommune","Sandnes","Rogaland","FNB","Folkeaksjonen Nei til mer bompenger",5,5
2019,"ko","kommune","Sandnes","Rogaland","KRISTNE","Partiet De Kristne",0,0
2019,"ko","kommune","Sandnes","Rogaland","LIBS","Liberalistene",0,0
2019,"ko","kommune","Sandnes","Rogaland","PP","Pensjonistpartiet",0,0
2019,"ko","kommune","Sandnes","Rogaland","BLANKE","Blanke",0,0
2019,"ko","kommune","Sandnes","Rogaland","Andre","Andre",5,5
2019,"ko","kommune","Sandnes","Rogaland","Andre2","Andre2",0,0
2019,"ko","kommune","Sokndal","Rogaland","A","Arbeiderpartiet",5,-2
2019,"ko","kommune","Sokndal","Rogaland","SP","Senterpartiet",3,2
2019,"ko","kommune","Sokndal","Rogaland","KRF","Kristelig Folkeparti",5,-1
2019,"ko","kommune","Sokndal","Rogaland","V","Venstre",1,-1
2019,"ko","kommune","Sokndal","Rogaland","H","Høyre",2,-1
2019,"ko","kommune","Sokndal","Rogaland","FRP","Fremskrittspartiet",2,0
2019,"ko","kommune","Sokndal","Rogaland","BLANKE","Blanke",0,0
2019,"ko","kommune","Sokndal","Rogaland","SOK","Sokndal Listo",3,3
2019,"ko","kommune","Sokndal","Rogaland","Andre","Andre",3,3
2019,"ko","kommune","Sokndal","Rogaland","Andre2","Andre2",0,0
2019,"ko","kommune","Lund","Rogaland","A","Arbeiderpartiet",4,-3
2019,"ko","kommune","Lund","Rogaland","SP","Senterpartiet",5,3
2019,"ko","kommune","Lund","Rogaland","KRF","Kristelig Folkeparti",4,1
2019,"ko","kommune","Lund","Rogaland","V","Venstre",1,-1
2019,"ko","kommune","Lund","Rogaland","H","Høyre",4,1
2019,"ko","kommune","Lund","Rogaland","FRP","Fremskrittspartiet",3,-1
2019,"ko","kommune","Lund","Rogaland","BLANKE","Blanke",0,0
2019,"ko","kommune","Lund","Rogaland","Andre","Andre",0,0
2019,"ko","kommune","Lund","Rogaland","Andre2","Andre2",0,0
2019,"ko","kommune","Bjerkreim","Rogaland","A","Arbeiderpartiet",2,0
2019,"ko","kommune","Bjerkreim","Rogaland","SP","Senterpartiet",6,1
2019,"ko","kommune","Bjerkreim","Rogaland","KRF","Kristelig Folkeparti",4,0
2019,"ko","kommune","Bjerkreim","Rogaland","V","Venstre",1,0
2019,"ko","kommune","Bjerkreim","Rogaland","H","Høyre",4,0
2019,"ko","kommune","Bjerkreim","Rogaland","BLANKE","Blanke",0,0
2019,"ko","kommune","Bjerkreim","Rogaland","Andre","Andre",0,0
2019,"ko","kommune","Bjerkreim","Rogaland","Andre2","Andre2",0,-1
2019,"ko","kommune","Hå","Rogaland","A","Arbeiderpartiet",3,0
2019,"ko","kommune","Hå","Rogaland","SV","SV - Sosialistisk Venstreparti",1,1
2019,"ko","kommune","Hå","Rogaland","RØDT","Rødt",0,0
2019,"ko","kommune","Hå","Rogaland","SP","Senterpartiet",5,2
2019,"ko","kommune","Hå","Rogaland","KRF","Kristelig Folkeparti",7,0
2019,"ko","kommune","Hå","Rogaland","H","Høyre",5,-1
2019,"ko","kommune","Hå","Rogaland","FRP","Fremskrittspartiet",3,0
2019,"ko","kommune","Hå","Rogaland","KRISTNE","Partiet De Kristne",0,0
2019,"ko","kommune","Hå","Rogaland","LIBS","Liberalistene",0,0
2019,"ko","kommune","Hå","Rogaland","BLANKE","Blanke",0,0
2019,"ko","kommune","Hå","Rogaland","HL","Hå-lista",9,9
2019,"ko","kommune","Hå","Rogaland","Andre","Andre",9,9
2019,"ko","kommune","Hå","Rogaland","Andre2","Andre2",0,-11
2019,"ko","kommune","Klepp","Rogaland","A","Arbeiderpartiet",4,-1
2019,"ko","kommune","Klepp","Rogaland","SV","SV - Sosialistisk Venstreparti",1,1
2019,"ko","kommune","Klepp","Rogaland","RØDT","Rødt",0,0
2019,"ko","kommune","Klepp","Rogaland","SP","Senterpartiet",5,1
2019,"ko","kommune","Klepp","Rogaland","KRF","Kristelig Folkeparti",4,-1
2019,"ko","kommune","Klepp","Rogaland","MDG","Miljøpartiet De Grønne",1,0
2019,"ko","kommune","Klepp","Rogaland","V","Venstre",0,-1
2019,"ko","kommune","Klepp","Rogaland","H","Høyre",7,-2
2019,"ko","kommune","Klepp","Rogaland","FRP","Fremskrittspartiet",7,1
2019,"ko","kommune","Klepp","Rogaland","FNB","Folkeaksjonen Nei til mer bompenger",2,2
2019,"ko","kommune","Klepp","Rogaland","BLANKE","Blanke",0,0
2019,"ko","kommune","Klepp","Rogaland","Andre","Andre",2,2
2019,"ko","kommune","Klepp","Rogaland","Andre2","Andre2",0,0
2019,"ko","kommune","Time","Rogaland","A","Arbeiderpartiet",5,0
2019,"ko","kommune","Time","Rogaland","SV","SV - Sosialistisk Venstreparti",2,1
2019,"ko","kommune","Time","Rogaland","SP","Senterpartiet",5,1
2019,"ko","kommune","Time","Rogaland","KRF","Kristelig Folkeparti",3,-1
2019,"ko","kommune","Time","Rogaland","MDG","Miljøpartiet De Grønne",1,0
2019,"ko","kommune","Time","Rogaland","V","Venstre",1,0
2019,"ko","kommune","Time","Rogaland","H","Høyre",7,-1
2019,"ko","kommune","Time","Rogaland","FRP","Fremskrittspartiet",3,0
2019,"ko","kommune","Time","Rogaland","BLANKE","Blanke",0,0
2019,"ko","kommune","Time","Rogaland","Andre","Andre",0,0
2019,"ko","kommune","Time","Rogaland","Andre2","Andre2",0,0
2019,"ko","kommune","Gjesdal","Rogaland","A","Arbeiderpartiet",10,0
2019,"ko","kommune","Gjesdal","Rogaland","SV","SV - Sosialistisk Venstreparti",1,1
2019,"ko","kommune","Gjesdal","Rogaland","RØDT","Rødt",0,0
2019,"ko","kommune","Gjesdal","Rogaland","SP","Senterpartiet",4,1
2019,"ko","kommune","Gjesdal","Rogaland","KRF","Kristelig Folkeparti",4,-2
2019,"ko","kommune","Gjesdal","Rogaland","MDG","Miljøpartiet De Grønne",1,1
2019,"ko","kommune","Gjesdal","Rogaland","V","Venstre",0,0
2019,"ko","kommune","Gjesdal","Rogaland","H","Høyre",3,-1
2019,"ko","kommune","Gjesdal","Rogaland","FRP","Fremskrittspartiet",4,0
2019,"ko","kommune","Gjesdal","Rogaland","BLANKE","Blanke",0,0
2019,"ko","kommune","Gjesdal","Rogaland","Andre","Andre",0,0
2019,"ko","kommune","Gjesdal","Rogaland","Andre2","Andre2",0,0
2019,"ko","kommune","Sola","Rogaland","A","Arbeiderpartiet",7,0
2019,"ko","kommune","Sola","Rogaland","SV","SV - Sosialistisk Venstreparti",2,2
2019,"ko","kommune","Sola","Rogaland","RØDT","Rødt",0,0
2019,"ko","kommune","Sola","Rogaland","SP","Senterpartiet",4,2
2019,"ko","kommune","Sola","Rogaland","KRF","Kristelig Folkeparti",3,-1
2019,"ko","kommune","Sola","Rogaland","MDG","Miljøpartiet De Grønne",1,0
2019,"ko","kommune","Sola","Rogaland","V","Venstre",1,-1
2019,"ko","kommune","Sola","Rogaland","H","Høyre",12,-4
2019,"ko","kommune","Sola","Rogaland","FRP","Fremskrittspartiet",7,0
2019,"ko","kommune","Sola","Rogaland","FNB","Folkeaksjonen Nei til mer bompenger",4,4
2019,"ko","kommune","Sola","Rogaland","BLANKE","Blanke",0,0
2019,"ko","kommune","Sola","Rogaland","Andre","Andre",4,4
2019,"ko","kommune","Sola","Rogaland","Andre2","Andre2",0,-2
2019,"ko","kommune","Randaberg","Rogaland","A","Arbeiderpartiet",7,-1
2019,"ko","kommune","Randaberg","Rogaland","SV","SV - Sosialistisk Venstreparti",1,1
2019,"ko","kommune","Randaberg","Rogaland","SP","Senterpartiet",4,1
2019,"ko","kommune","Randaberg","Rogaland","KRF","Kristelig Folkeparti",3,-1
2019,"ko","kommune","Randaberg","Rogaland","MDG","Miljøpartiet De Grønne",1,0
2019,"ko","kommune","Randaberg","Rogaland","V","Venstre",1,0
2019,"ko","kommune","Randaberg","Rogaland","H","Høyre",6,-1
2019,"ko","kommune","Randaberg","Rogaland","FRP","Fremskrittspartiet",4,1
2019,"ko","kommune","Randaberg","Rogaland","BLANKE","Blanke",0,0
2019,"ko","kommune","Randaberg","Rogaland","Andre","Andre",0,0
2019,"ko","kommune","Randaberg","Rogaland","Andre2","Andre2",0,0
2019,"ko","kommune","Strand","Rogaland","A","Arbeiderpartiet",4,-3
2019,"ko","kommune","Strand","Rogaland","SV","SV - Sosialistisk Venstreparti",1,0
2019,"ko","kommune","Strand","Rogaland","RØDT","Rødt",1,1
2019,"ko","kommune","Strand","Rogaland","SP","Senterpartiet",4,2
2019,"ko","kommune","Strand","Rogaland","KRF","Kristelig Folkeparti",4,-2
2019,"ko","kommune","Strand","Rogaland","MDG","Miljøpartiet De Grønne",1,0
2019,"ko","kommune","Strand","Rogaland","V","Venstre",1,0
2019,"ko","kommune","Strand","Rogaland","H","Høyre",10,3
2019,"ko","kommune","Strand","Rogaland","FRP","Fremskrittspartiet",2,-1
2019,"ko","kommune","Strand","Rogaland","BLANKE","Blanke",0,0
2019,"ko","kommune","Strand","Rogaland","BTN","Bygdeliste for Tau og nordbygda",1,0
2019,"ko","kommune","Strand","Rogaland","Andre","Andre",1,0
2019,"ko","kommune","Strand","Rogaland","Andre2","Andre2",0,0
2019,"ko","kommune","Hjelmeland","Rogaland","A","Arbeiderpartiet",2,-1
2019,"ko","kommune","Hjelmeland","Rogaland","SV","SV - Sosialistisk Venstreparti",1,1
2019,"ko","kommune","Hjelmeland","Rogaland","SP","Senterpartiet",9,3
2019,"ko","kommune","Hjelmeland","Rogaland","KRF","Kristelig Folkeparti",2,-2
2019,"ko","kommune","Hjelmeland","Rogaland","MDG","Miljøpartiet De Grønne",1,1
2019,"ko","kommune","Hjelmeland","Rogaland","H","Høyre",4,-1
2019,"ko","kommune","Hjelmeland","Rogaland","BLANKE","Blanke",0,0
2019,"ko","kommune","Hjelmeland","Rogaland","Andre","Andre",0,0
2019,"ko","kommune","Hjelmeland","Rogaland","Andre2","Andre2",0,-1
2019,"ko","kommune","Suldal","Rogaland","A","Arbeiderpartiet",3,0
2019,"ko","kommune","Suldal","Rogaland","SV","SV - Sosialistisk Venstreparti",1,-1
2019,"ko","kommune","Suldal","Rogaland","SP","Senterpartiet",8,1
2019,"ko","kommune","Suldal","Rogaland","KRF","Kristelig Folkeparti",3,1
2019,"ko","kommune","Suldal","Rogaland","MDG","Miljøpartiet De Grønne",1,1
2019,"ko","kommune","Suldal","Rogaland","V","Venstre",1,-2
2019,"ko","kommune","Suldal","Rogaland","H","Høyre",2,0
2019,"ko","kommune","Suldal","Rogaland","BLANKE","Blanke",0,0
2019,"ko","kommune","Suldal","Rogaland","Andre","Andre",0,0
2019,"ko","kommune","Suldal","Rogaland","Andre2","Andre2",0,0
2019,"ko","kommune","Sauda","Rogaland","A","Arbeiderpartiet",4,-1
2019,"ko","kommune","Sauda","Rogaland","SV","SV - Sosialistisk Venstreparti",1,0
2019,"ko","kommune","Sauda","Rogaland","SP","Senterpartiet",11,2
2019,"ko","kommune","Sauda","Rogaland","KRF","Kristelig Folkeparti",1,0
2019,"ko","kommune","Sauda","Rogaland","V","Venstre",0,0
2019,"ko","kommune","Sauda","Rogaland","H","Høyre",2,-1
2019,"ko","kommune","Sauda","Rogaland","FRP","Fremskrittspartiet",0,0
2019,"ko","kommune","Sauda","Rogaland","BLANKE","Blanke",0,0
2019,"ko","kommune","Sauda","Rogaland","Andre","Andre",0,0
2019,"ko","kommune","Sauda","Rogaland","Andre2","Andre2",0,0
2019,"ko","kommune","Kvitsøy","Rogaland","FRP","Fremskrittspartiet",3,1
2019,"ko","kommune","Kvitsøy","Rogaland","APSPKL","Arbeiderpartiet-Senterpartiet-Kvitsøylisten",7,7
2019,"ko","kommune","Kvitsøy","Rogaland","BLANKE","Blanke",0,0
2019,"ko","kommune","Kvitsøy","Rogaland","FLKRFFB","Felleslista Kristelig folkeparti/Frie borgerlige",5,5
2019,"ko","kommune","Kvitsøy","Rogaland","Andre","Andre",12,12
2019,"ko","kommune","Kvitsøy","Rogaland","Andre2","Andre2",0,-13
2019,"ko","kommune","Bokn","Rogaland","A","Arbeiderpartiet",5,2
2019,"ko","kommune","Bokn","Rogaland","SP","Senterpartiet",7,-1
2019,"ko","kommune","Bokn","Rogaland","KRF","Kristelig Folkeparti",1,0
2019,"ko","kommune","Bokn","Rogaland","H","Høyre",4,-1
2019,"ko","kommune","Bokn","Rogaland","BLANKE","Blanke",0,0
2019,"ko","kommune","Bokn","Rogaland","Andre","Andre",0,0
2019,"ko","kommune","Bokn","Rogaland","Andre2","Andre2",0,0
2019,"ko","kommune","Tysvær","Rogaland","A","Arbeiderpartiet",9,-1
2019,"ko","kommune","Tysvær","Rogaland","SV","SV - Sosialistisk Venstreparti",1,1
2019,"ko","kommune","Tysvær","Rogaland","SP","Senterpartiet",6,2
2019,"ko","kommune","Tysvær","Rogaland","KRF","Kristelig Folkeparti",3,-1
2019,"ko","kommune","Tysvær","Rogaland","MDG","Miljøpartiet De Grønne",0,0
2019,"ko","kommune","Tysvær","Rogaland","V","Venstre",1,0
2019,"ko","kommune","Tysvær","Rogaland","H","Høyre",6,0
2019,"ko","kommune","Tysvær","Rogaland","FRP","Fremskrittspartiet",3,-1
2019,"ko","kommune","Tysvær","Rogaland","BLANKE","Blanke",0,0
2019,"ko","kommune","Tysvær","Rogaland","Andre","Andre",0,0
2019,"ko","kommune","Tysvær","Rogaland","Andre2","Andre2",0,0
2019,"ko","kommune","Karmøy","Rogaland","A","Arbeiderpartiet",10,-5
2019,"ko","kommune","Karmøy","Rogaland","SV","SV - Sosialistisk Venstreparti",2,1
2019,"ko","kommune","Karmøy","Rogaland","RØDT","Rødt",0,0
2019,"ko","kommune","Karmøy","Rogaland","SP","Senterpartiet",4,2
2019,"ko","kommune","Karmøy","Rogaland","KRF","Kristelig Folkeparti",5,-2
2019,"ko","kommune","Karmøy","Rogaland","MDG","Miljøpartiet De Grønne",2,1
2019,"ko","kommune","Karmøy","Rogaland","V","Venstre",1,0
2019,"ko","kommune","Karmøy","Rogaland","H","Høyre",9,1
2019,"ko","kommune","Karmøy","Rogaland","FRP","Fremskrittspartiet",6,-3
2019,"ko","kommune","Karmøy","Rogaland","KRISTNE","Partiet De Kristne",0,-1
2019,"ko","kommune","Karmøy","Rogaland","LIBS","Liberalistene",0,0
2019,"ko","kommune","Karmøy","Rogaland","BLANKE","Blanke",0,0
2019,"ko","kommune","Karmøy","Rogaland","KARLI","Karmøylista",6,6
2019,"ko","kommune","Karmøy","Rogaland","Andre","Andre",6,5
2019,"ko","kommune","Karmøy","Rogaland","Andre2","Andre2",0,0
2019,"ko","kommune","Utsira","Rogaland","BLANKE","Blanke",0,0
2019,"ko","kommune","Utsira","Rogaland","BLUT","Utsira Bygdeliste",3,-2
2019,"ko","kommune","Utsira","Rogaland","FLUT","Utsira Fellesliste",8,2
2019,"ko","kommune","Utsira","Rogaland","Andre","Andre",11,0
2019,"ko","kommune","Utsira","Rogaland","Andre2","Andre2",0,0
2019,"ko","kommune","Vindafjord","Rogaland","A","Arbeiderpartiet",3,0
2019,"ko","kommune","Vindafjord","Rogaland","SV","SV - Sosialistisk Venstreparti",1,0
2019,"ko","kommune","Vindafjord","Rogaland","SP","Senterpartiet",9,-1
2019,"ko","kommune","Vindafjord","Rogaland","KRF","Kristelig Folkeparti",3,0
2019,"ko","kommune","Vindafjord","Rogaland","MDG","Miljøpartiet De Grønne",1,1
2019,"ko","kommune","Vindafjord","Rogaland","H","Høyre",5,2
2019,"ko","kommune","Vindafjord","Rogaland","FRP","Fremskrittspartiet",2,0
2019,"ko","kommune","Vindafjord","Rogaland","KRISTNE","Partiet De Kristne",0,0
2019,"ko","kommune","Vindafjord","Rogaland","BLANKE","Blanke",0,0
2019,"ko","kommune","Vindafjord","Rogaland","KRLB","Bjoa Bygdeliste",1,0
2019,"ko","kommune","Vindafjord","Rogaland","Andre","Andre",1,0
2019,"ko","kommune","Vindafjord","Rogaland","Andre2","Andre2",0,-2
2019,"ko","kommune","Kristiansund","Møre og Romsdal","A","Arbeiderpartiet",16,0
2019,"ko","kommune","Kristiansund","Møre og Romsdal","SV","SV - Sosialistisk Venstreparti",1,0
2019,"ko","kommune","Kristiansund","Møre og Romsdal","RØDT","Rødt",4,2
2019,"ko","kommune","Kristiansund","Møre og Romsdal","SP","Senterpartiet",8,-3
2019,"ko","kommune","Kristiansund","Møre og Romsdal","KRF","Kristelig Folkeparti",0,-1
2019,"ko","kommune","Kristiansund","Møre og Romsdal","MDG","Miljøpartiet De Grønne",2,0
2019,"ko","kommune","Kristiansund","Møre og Romsdal","V","Venstre",2,0
2019,"ko","kommune","Kristiansund","Møre og Romsdal","H","Høyre",2,-1
2019,"ko","kommune","Kristiansund","Møre og Romsdal","FRP","Fremskrittspartiet",2,-5
2019,"ko","kommune","Kristiansund","Møre og Romsdal","KRISTNE","Partiet De Kristne",0,0
2019,"ko","kommune","Kristiansund","Møre og Romsdal","BLANKE","Blanke",0,0
2019,"ko","kommune","Kristiansund","Møre og Romsdal","NORM","Nordmørslista",8,8
2019,"ko","kommune","Kristiansund","Møre og Romsdal","Andre","Andre",8,8
2019,"ko","kommune","Kristiansund","Møre og Romsdal","Andre2","Andre2",0,0
2019,"ko","kommune","Molde","Møre og Romsdal","A","Arbeiderpartiet",8,8
2019,"ko","kommune","Molde","Møre og Romsdal","SV","SV - Sosialistisk Venstreparti",8,8
2019,"ko","kommune","Molde","Møre og Romsdal","RØDT","Rødt",1,1
2019,"ko","kommune","Molde","Møre og Romsdal","SP","Senterpartiet",10,10
2019,"ko","kommune","Molde","Møre og Romsdal","KRF","Kristelig Folkeparti",3,3
2019,"ko","kommune","Molde","Møre og Romsdal","MDG","Miljøpartiet De Grønne",5,5
2019,"ko","kommune","Molde","Møre og Romsdal","V","Venstre",2,2
2019,"ko","kommune","Molde","Møre og Romsdal","H","Høyre",15,15
2019,"ko","kommune","Molde","Møre og Romsdal","FRP","Fremskrittspartiet",7,7
2019,"ko","kommune","Molde","Møre og Romsdal","KRISTNE","Partiet De Kristne",0,0
2019,"ko","kommune","Molde","Møre og Romsdal","LIBS","Liberalistene",0,0
2019,"ko","kommune","Molde","Møre og Romsdal","BLANKE","Blanke",0,0
2019,"ko","kommune","Molde","Møre og Romsdal","Andre","Andre",0,0
2019,"ko","kommune","Molde","Møre og Romsdal","Andre2","Andre2",0,0
2019,"ko","kommune","Ålesund","Møre og Romsdal","A","Arbeiderpartiet",16,16
2019,"ko","kommune","Ålesund","Møre og Romsdal","SV","SV - Sosialistisk Venstreparti",2,2
2019,"ko","kommune","Ålesund","Møre og Romsdal","RØDT","Rødt",1,1
2019,"ko","kommune","Ålesund","Møre og Romsdal","SP","Senterpartiet",10,10
2019,"ko","kommune","Ålesund","Møre og Romsdal","KRF","Kristelig Folkeparti",5,5
2019,"ko","kommune","Ålesund","Møre og Romsdal","MDG","Miljøpartiet De Grønne",4,4
2019,"ko","kommune","Ålesund","Møre og Romsdal","V","Venstre",2,2
2019,"ko","kommune","Ålesund","Møre og Romsdal","H","Høyre",15,15
2019,"ko","kommune","Ålesund","Møre og Romsdal","FRP","Fremskrittspartiet",13,13
2019,"ko","kommune","Ålesund","Møre og Romsdal","KRISTNE","Partiet De Kristne",1,1
2019,"ko","kommune","Ålesund","Møre og Romsdal","LIBS","Liberalistene",0,0
2019,"ko","kommune","Ålesund","Møre og Romsdal","PP","Pensjonistpartiet",2,2
2019,"ko","kommune","Ålesund","Møre og Romsdal","BLANKE","Blanke",0,0
2019,"ko","kommune","Ålesund","Møre og Romsdal","ÅTLÅ","Ålesundlista Tverrpolitisk liste for Ålesund",6,6
2019,"ko","kommune","Ålesund","Møre og Romsdal","Andre","Andre",9,9
2019,"ko","kommune","Ålesund","Møre og Romsdal","Andre2","Andre2",0,0
2019,"ko","kommune","Vanylven","Møre og Romsdal","A","Arbeiderpartiet",3,-2
2019,"ko","kommune","Vanylven","Møre og Romsdal","SP","Senterpartiet",4,1
2019,"ko","kommune","Vanylven","Møre og Romsdal","KRF","Kristelig Folkeparti",2,-1
2019,"ko","kommune","Vanylven","Møre og Romsdal","V","Venstre",4,0
2019,"ko","kommune","Vanylven","Møre og Romsdal","H","Høyre",3,0
2019,"ko","kommune","Vanylven","Møre og Romsdal","FRP","Fremskrittspartiet",3,0
2019,"ko","kommune","Vanylven","Møre og Romsdal","HELSE","Helsepartiet",2,2
2019,"ko","kommune","Vanylven","Møre og Romsdal","BLANKE","Blanke",0,0
2019,"ko","kommune","Vanylven","Møre og Romsdal","Andre","Andre",2,2
2019,"ko","kommune","Vanylven","Møre og Romsdal","Andre2","Andre2",0,0
2019,"ko","kommune","Sande","Møre og Romsdal","A","Arbeiderpartiet",4,-1
2019,"ko","kommune","Sande","Møre og Romsdal","SP","Senterpartiet",4,2
2019,"ko","kommune","Sande","Møre og Romsdal","H","Høyre",8,1
2019,"ko","kommune","Sande","Møre og Romsdal","FRP","Fremskrittspartiet",3,1
2019,"ko","kommune","Sande","Møre og Romsdal","BLANKE","Blanke",0,0
2019,"ko","kommune","Sande","Møre og Romsdal","TVLKSV","TVERRPOLITISK KVAMSØY SANDSØY VOKSA",2,2
2019,"ko","kommune","Sande","Møre og Romsdal","Andre","Andre",2,2
2019,"ko","kommune","Sande","Møre og Romsdal","Andre2","Andre2",0,-5
2019,"ko","kommune","Herøy","Møre og Romsdal","A","Arbeiderpartiet",7,-3
2019,"ko","kommune","Herøy","Møre og Romsdal","SP","Senterpartiet",3,3
2019,"ko","kommune","Herøy","Møre og Romsdal","KRF","Kristelig Folkeparti",6,2
2019,"ko","kommune","Herøy","Møre og Romsdal","H","Høyre",10,-1
2019,"ko","kommune","Herøy","Møre og Romsdal","FRP","Fremskrittspartiet",3,0
2019,"ko","kommune","Herøy","Møre og Romsdal","KRISTNE","Partiet De Kristne",0,0
2019,"ko","kommune","Herøy","Møre og Romsdal","BLANKE","Blanke",0,0
2019,"ko","kommune","Herøy","Møre og Romsdal","FOLKEL","FOLKELISTA",4,4
2019,"ko","kommune","Herøy","Møre og Romsdal","Andre","Andre",4,4
2019,"ko","kommune","Herøy","Møre og Romsdal","Andre2","Andre2",0,-5
2019,"ko","kommune","Ulstein","Møre og Romsdal","A","Arbeiderpartiet",5,0
2019,"ko","kommune","Ulstein","Møre og Romsdal","SV","SV - Sosialistisk Venstreparti",1,0
2019,"ko","kommune","Ulstein","Møre og Romsdal","SP","Senterpartiet",3,1
2019,"ko","kommune","Ulstein","Møre og Romsdal","KRF","Kristelig Folkeparti",3,0
2019,"ko","kommune","Ulstein","Møre og Romsdal","V","Venstre",2,-1
2019,"ko","kommune","Ulstein","Møre og Romsdal","H","Høyre",5,0
2019,"ko","kommune","Ulstein","Møre og Romsdal","FRP","Fremskrittspartiet",6,0
2019,"ko","kommune","Ulstein","Møre og Romsdal","KRISTNE","Partiet De Kristne",0,0
2019,"ko","kommune","Ulstein","Møre og Romsdal","BLANKE","Blanke",0,0
2019,"ko","kommune","Ulstein","Møre og Romsdal","Andre","Andre",0,0
2019,"ko","kommune","Ulstein","Møre og Romsdal","Andre2","Andre2",0,0
2019,"ko","kommune","Hareid","Møre og Romsdal","A","Arbeiderpartiet",3,0
2019,"ko","kommune","Hareid","Møre og Romsdal","KRF","Kristelig Folkeparti",1,-1
2019,"ko","kommune","Hareid","Møre og Romsdal","V","Venstre",3,1
2019,"ko","kommune","Hareid","Møre og Romsdal","H","Høyre",2,-3
2019,"ko","kommune","Hareid","Møre og Romsdal","FRP","Fremskrittspartiet",7,3
2019,"ko","kommune","Hareid","Møre og Romsdal","BLANKE","Blanke",0,0
2019,"ko","kommune","Hareid","Møre og Romsdal","FOHAR","Folkelista for Hareid kommune",5,0
2019,"ko","kommune","Hareid","Møre og Romsdal","Andre","Andre",5,0
2019,"ko","kommune","Hareid","Møre og Romsdal","Andre2","Andre2",0,0
2019,"ko","kommune","Ørsta","Møre og Romsdal","A","Arbeiderpartiet",4,-1
2019,"ko","kommune","Ørsta","Møre og Romsdal","SV","SV - Sosialistisk Venstreparti",2,1
2019,"ko","kommune","Ørsta","Møre og Romsdal","SP","Senterpartiet",16,8
2019,"ko","kommune","Ørsta","Møre og Romsdal","KRF","Kristelig Folkeparti",1,-3
2019,"ko","kommune","Ørsta","Møre og Romsdal","MDG","Miljøpartiet De Grønne",1,0
2019,"ko","kommune","Ørsta","Møre og Romsdal","V","Venstre",1,-1
2019,"ko","kommune","Ørsta","Møre og Romsdal","H","Høyre",3,-4
2019,"ko","kommune","Ørsta","Møre og Romsdal","FRP","Fremskrittspartiet",5,0
2019,"ko","kommune","Ørsta","Møre og Romsdal","BLANKE","Blanke",0,0
2019,"ko","kommune","Ørsta","Møre og Romsdal","Andre","Andre",0,0
2019,"ko","kommune","Ørsta","Møre og Romsdal","Andre2","Andre2",0,0
2019,"ko","kommune","Stranda","Møre og Romsdal","A","Arbeiderpartiet",3,0
2019,"ko","kommune","Stranda","Møre og Romsdal","SP","Senterpartiet",12,1
2019,"ko","kommune","Stranda","Møre og Romsdal","KRF","Kristelig Folkeparti",1,-1
2019,"ko","kommune","Stranda","Møre og Romsdal","MDG","Miljøpartiet De Grønne",1,1
2019,"ko","kommune","Stranda","Møre og Romsdal","H","Høyre",3,0
2019,"ko","kommune","Stranda","Møre og Romsdal","FRP","Fremskrittspartiet",5,0
2019,"ko","kommune","Stranda","Møre og Romsdal","BLANKE","Blanke",0,0
2019,"ko","kommune","Stranda","Møre og Romsdal","Andre","Andre",0,0
2019,"ko","kommune","Stranda","Møre og Romsdal","Andre2","Andre2",0,-1
2019,"ko","kommune","Sykkylven","Møre og Romsdal","A","Arbeiderpartiet",5,-1
2019,"ko","kommune","Sykkylven","Møre og Romsdal","SV","SV - Sosialistisk Venstreparti",1,0
2019,"ko","kommune","Sykkylven","Møre og Romsdal","SP","Senterpartiet",8,4
2019,"ko","kommune","Sykkylven","Møre og Romsdal","KRF","Kristelig Folkeparti",2,0
2019,"ko","kommune","Sykkylven","Møre og Romsdal","V","Venstre",2,0
2019,"ko","kommune","Sykkylven","Møre og Romsdal","H","Høyre",5,-3
2019,"ko","kommune","Sykkylven","Møre og Romsdal","FRP","Fremskrittspartiet",6,0
2019,"ko","kommune","Sykkylven","Møre og Romsdal","KRISTNE","Partiet De Kristne",0,0
2019,"ko","kommune","Sykkylven","Møre og Romsdal","BLANKE","Blanke",0,0
2019,"ko","kommune","Sykkylven","Møre og Romsdal","Andre","Andre",0,0
2019,"ko","kommune","Sykkylven","Møre og Romsdal","Andre2","Andre2",0,0
2019,"ko","kommune","Sula","Møre og Romsdal","A","Arbeiderpartiet",6,0
2019,"ko","kommune","Sula","Møre og Romsdal","SV","SV - Sosialistisk Venstreparti",2,2
2019,"ko","kommune","Sula","Møre og Romsdal","KRF","Kristelig Folkeparti",3,-1
2019,"ko","kommune","Sula","Møre og Romsdal","H","Høyre",4,-1
2019,"ko","kommune","Sula","Møre og Romsdal","FRP","Fremskrittspartiet",9,1
2019,"ko","kommune","Sula","Møre og Romsdal","BLANKE","Blanke",0,0
2019,"ko","kommune","Sula","Møre og Romsdal","UAVH","Sulalista",4,0
2019,"ko","kommune","Sula","Møre og Romsdal","V_MDG","Venstre/ Miljøpartiet De Grønne",1,1
2019,"ko","kommune","Sula","Møre og Romsdal","Andre","Andre",5,1
2019,"ko","kommune","Sula","Møre og Romsdal","Andre2","Andre2",0,-2
2019,"ko","kommune","Giske","Møre og Romsdal","A","Arbeiderpartiet",3,-1
2019,"ko","kommune","Giske","Møre og Romsdal","SP","Senterpartiet",3,2
2019,"ko","kommune","Giske","Møre og Romsdal","KRF","Kristelig Folkeparti",6,0
2019,"ko","kommune","Giske","Møre og Romsdal","V","Venstre",2,-2
2019,"ko","kommune","Giske","Møre og Romsdal","H","Høyre",4,1
2019,"ko","kommune","Giske","Møre og Romsdal","FRP","Fremskrittspartiet",2,0
2019,"ko","kommune","Giske","Møre og Romsdal","BLANKE","Blanke",0,0
2019,"ko","kommune","Giske","Møre og Romsdal","TPG","Tverrpolitisk liste for Giske",3,0
2019,"ko","kommune","Giske","Møre og Romsdal","Andre","Andre",3,0
2019,"ko","kommune","Giske","Møre og Romsdal","Andre2","Andre2",0,0
2019,"ko","kommune","Vestnes","Møre og Romsdal","A","Arbeiderpartiet",3,0
2019,"ko","kommune","Vestnes","Møre og Romsdal","SV","SV - Sosialistisk Venstreparti",2,1
2019,"ko","kommune","Vestnes","Møre og Romsdal","SP","Senterpartiet",7,-3
2019,"ko","kommune","Vestnes","Møre og Romsdal","KRF","Kristelig Folkeparti",1,0
2019,"ko","kommune","Vestnes","Møre og Romsdal","V","Venstre",1,-1
2019,"ko","kommune","Vestnes","Møre og Romsdal","H","Høyre",3,0
2019,"ko","kommune","Vestnes","Møre og Romsdal","FRP","Fremskrittspartiet",4,2
2019,"ko","kommune","Vestnes","Møre og Romsdal","PP","Pensjonistpartiet",2,1
2019,"ko","kommune","Vestnes","Møre og Romsdal","BLANKE","Blanke",0,0
2019,"ko","kommune","Vestnes","Møre og Romsdal","Andre","Andre",2,1
2019,"ko","kommune","Vestnes","Møre og Romsdal","Andre2","Andre2",0,0
2019,"ko","kommune","Rauma","Møre og Romsdal","A","Arbeiderpartiet",5,0
2019,"ko","kommune","Rauma","Møre og Romsdal","SV","SV - Sosialistisk Venstreparti",7,5
2019,"ko","kommune","Rauma","Møre og Romsdal","SP","Senterpartiet",5,-2
2019,"ko","kommune","Rauma","Møre og Romsdal","KRF","Kristelig Folkeparti",1,-1
2019,"ko","kommune","Rauma","Møre og Romsdal","MDG","Miljøpartiet De Grønne",1,1
2019,"ko","kommune","Rauma","Møre og Romsdal","V","Venstre",0,-1
2019,"ko","kommune","Rauma","Møre og Romsdal","H","Høyre",6,-2
2019,"ko","kommune","Rauma","Møre og Romsdal","FRP","Fremskrittspartiet",1,-1
2019,"ko","kommune","Rauma","Møre og Romsdal","PP","Pensjonistpartiet",1,1
2019,"ko","kommune","Rauma","Møre og Romsdal","BLANKE","Blanke",0,0
2019,"ko","kommune","Rauma","Møre og Romsdal","Andre","Andre",1,1
2019,"ko","kommune","Rauma","Møre og Romsdal","Andre2","Andre2",0,0
2019,"ko","kommune","Aukra","Møre og Romsdal","A","Arbeiderpartiet",5,-2
2019,"ko","kommune","Aukra","Møre og Romsdal","SV","SV - Sosialistisk Venstreparti",1,1
2019,"ko","kommune","Aukra","Møre og Romsdal","SP","Senterpartiet",4,2
2019,"ko","kommune","Aukra","Møre og Romsdal","KRF","Kristelig Folkeparti",4,1
2019,"ko","kommune","Aukra","Møre og Romsdal","V","Venstre",1,-1
2019,"ko","kommune","Aukra","Møre og Romsdal","H","Høyre",5,0
2019,"ko","kommune","Aukra","Møre og Romsdal","FRP","Fremskrittspartiet",1,0
2019,"ko","kommune","Aukra","Møre og Romsdal","BLANKE","Blanke",0,0
2019,"ko","kommune","Aukra","Møre og Romsdal","Andre","Andre",0,0
2019,"ko","kommune","Aukra","Møre og Romsdal","Andre2","Andre2",0,-1
2019,"ko","kommune","Averøy","Møre og Romsdal","A","Arbeiderpartiet",12,3
2019,"ko","kommune","Averøy","Møre og Romsdal","SV","SV - Sosialistisk Venstreparti",1,0
2019,"ko","kommune","Averøy","Møre og Romsdal","SP","Senterpartiet",3,0
2019,"ko","kommune","Averøy","Møre og Romsdal","KRF","Kristelig Folkeparti",1,-1
2019,"ko","kommune","Averøy","Møre og Romsdal","V","Venstre",2,-4
2019,"ko","kommune","Averøy","Møre og Romsdal","H","Høyre",1,-1
2019,"ko","kommune","Averøy","Møre og Romsdal","FRP","Fremskrittspartiet",3,-1
2019,"ko","kommune","Averøy","Møre og Romsdal","BLANKE","Blanke",0,0
2019,"ko","kommune","Averøy","Møre og Romsdal","Andre","Andre",0,0
2019,"ko","kommune","Averøy","Møre og Romsdal","Andre2","Andre2",0,0
2019,"ko","kommune","Gjemnes","Møre og Romsdal","A","Arbeiderpartiet",3,-1
2019,"ko","kommune","Gjemnes","Møre og Romsdal","SV","SV - Sosialistisk Venstreparti",1,0
2019,"ko","kommune","Gjemnes","Møre og Romsdal","SP","Senterpartiet",9,4
2019,"ko","kommune","Gjemnes","Møre og Romsdal","KRF","Kristelig Folkeparti",1,0
2019,"ko","kommune","Gjemnes","Møre og Romsdal","V","Venstre",0,-1
2019,"ko","kommune","Gjemnes","Møre og Romsdal","H","Høyre",2,-1
2019,"ko","kommune","Gjemnes","Møre og Romsdal","FRP","Fremskrittspartiet",1,-1
2019,"ko","kommune","Gjemnes","Møre og Romsdal","BLANKE","Blanke",0,0
2019,"ko","kommune","Gjemnes","Møre og Romsdal","Andre","Andre",0,0
2019,"ko","kommune","Gjemnes","Møre og Romsdal","Andre2","Andre2",0,0
2019,"ko","kommune","Tingvoll","Møre og Romsdal","A","Arbeiderpartiet",7,0
2019,"ko","kommune","Tingvoll","Møre og Romsdal","SP","Senterpartiet",8,2
2019,"ko","kommune","Tingvoll","Møre og Romsdal","KRF","Kristelig Folkeparti",3,-2
2019,"ko","kommune","Tingvoll","Møre og Romsdal","MDG","Miljøpartiet De Grønne",2,1
2019,"ko","kommune","Tingvoll","Møre og Romsdal","V","Venstre",1,0
2019,"ko","kommune","Tingvoll","Møre og Romsdal","H","Høyre",2,0
2019,"ko","kommune","Tingvoll","Møre og Romsdal","FRP","Fremskrittspartiet",2,-1
2019,"ko","kommune","Tingvoll","Møre og Romsdal","BLANKE","Blanke",0,0
2019,"ko","kommune","Tingvoll","Møre og Romsdal","Andre","Andre",0,0
2019,"ko","kommune","Tingvoll","Møre og Romsdal","Andre2","Andre2",0,0
2019,"ko","kommune","Sunndal","Møre og Romsdal","A","Arbeiderpartiet",11,-4
2019,"ko","kommune","Sunndal","Møre og Romsdal","SV","SV - Sosialistisk Venstreparti",2,0
2019,"ko","kommune","Sunndal","Møre og Romsdal","SP","Senterpartiet",6,2
2019,"ko","kommune","Sunndal","Møre og Romsdal","KRF","Kristelig Folkeparti",1,0
2019,"ko","kommune","Sunndal","Møre og Romsdal","MDG","Miljøpartiet De Grønne",1,1
2019,"ko","kommune","Sunndal","Møre og Romsdal","V","Venstre",1,0
2019,"ko","kommune","Sunndal","Møre og Romsdal","H","Høyre",2,1
2019,"ko","kommune","Sunndal","Møre og Romsdal","FRP","Fremskrittspartiet",3,0
2019,"ko","kommune","Sunndal","Møre og Romsdal","BLANKE","Blanke",0,0
2019,"ko","kommune","Sunndal","Møre og Romsdal","Andre","Andre",0,0
2019,"ko","kommune","Sunndal","Møre og Romsdal","Andre2","Andre2",0,0
2019,"ko","kommune","Surnadal","Møre og Romsdal","A","Arbeiderpartiet",8,-4
2019,"ko","kommune","Surnadal","Møre og Romsdal","SV","SV - Sosialistisk Venstreparti",1,1
2019,"ko","kommune","Surnadal","Møre og Romsdal","SP","Senterpartiet",13,4
2019,"ko","kommune","Surnadal","Møre og Romsdal","KRF","Kristelig Folkeparti",0,-1
2019,"ko","kommune","Surnadal","Møre og Romsdal","MDG","Miljøpartiet De Grønne",1,0
2019,"ko","kommune","Surnadal","Møre og Romsdal","H","Høyre",2,-1
2019,"ko","kommune","Surnadal","Møre og Romsdal","FRP","Fremskrittspartiet",2,1
2019,"ko","kommune","Surnadal","Møre og Romsdal","BLANKE","Blanke",0,0
2019,"ko","kommune","Surnadal","Møre og Romsdal","Andre","Andre",0,0
2019,"ko","kommune","Surnadal","Møre og Romsdal","Andre2","Andre2",0,0
2019,"ko","kommune","Smøla","Møre og Romsdal","A","Arbeiderpartiet",6,-6
2019,"ko","kommune","Smøla","Møre og Romsdal","SP","Senterpartiet",7,4
2019,"ko","kommune","Smøla","Møre og Romsdal","V","Venstre",1,-1
2019,"ko","kommune","Smøla","Møre og Romsdal","H","Høyre",2,-1
2019,"ko","kommune","Smøla","Møre og Romsdal","FRP","Fremskrittspartiet",0,-1
2019,"ko","kommune","Smøla","Møre og Romsdal","BLANKE","Blanke",0,0
2019,"ko","kommune","Smøla","Møre og Romsdal","STT","Smøla til Trøndelag",1,1
2019,"ko","kommune","Smøla","Møre og Romsdal","Andre","Andre",1,1
2019,"ko","kommune","Smøla","Møre og Romsdal","Andre2","Andre2",0,0
2019,"ko","kommune","Aure","Møre og Romsdal","A","Arbeiderpartiet",6,0
2019,"ko","kommune","Aure","Møre og Romsdal","SP","Senterpartiet",6,-3
2019,"ko","kommune","Aure","Møre og Romsdal","KRF","Kristelig Folkeparti",1,0
2019,"ko","kommune","Aure","Møre og Romsdal","V","Venstre",1,-1
2019,"ko","kommune","Aure","Møre og Romsdal","H","Høyre",3,1
2019,"ko","kommune","Aure","Møre og Romsdal","FRP","Fremskrittspartiet",0,-1
2019,"ko","kommune","Aure","Møre og Romsdal","BLANKE","Blanke",0,0
2019,"ko","kommune","Aure","Møre og Romsdal","NOML","Nordmørslista",2,2
2019,"ko","kommune","Aure","Møre og Romsdal","Andre","Andre",2,2
2019,"ko","kommune","Aure","Møre og Romsdal","Andre2","Andre2",0,0
2019,"ko","kommune","Volda","Møre og Romsdal","A","Arbeiderpartiet",4,4
2019,"ko","kommune","Volda","Møre og Romsdal","SV","SV - Sosialistisk Venstreparti",3,3
2019,"ko","kommune","Volda","Møre og Romsdal","RØDT","Rødt",1,1
2019,"ko","kommune","Volda","Møre og Romsdal","SP","Senterpartiet",7,7
2019,"ko","kommune","Volda","Møre og Romsdal","KRF","Kristelig Folkeparti",3,3
2019,"ko","kommune","Volda","Møre og Romsdal","MDG","Miljøpartiet De Grønne",2,2
2019,"ko","kommune","Volda","Møre og Romsdal","V","Venstre",2,2
2019,"ko","kommune","Volda","Møre og Romsdal","H","Høyre",6,6
2019,"ko","kommune","Volda","Møre og Romsdal","FRP","Fremskrittspartiet",2,2
2019,"ko","kommune","Volda","Møre og Romsdal","KRISTNE","Partiet De Kristne",0,0
2019,"ko","kommune","Volda","Møre og Romsdal","BLANKE","Blanke",0,0
2019,"ko","kommune","Volda","Møre og Romsdal","VOLDA","Volda-lista",3,3
2019,"ko","kommune","Volda","Møre og Romsdal","Andre","Andre",3,3
2019,"ko","kommune","Volda","Møre og Romsdal","Andre2","Andre2",0,0
2019,"ko","kommune","Fjord","Møre og Romsdal","A","Arbeiderpartiet",5,5
2019,"ko","kommune","Fjord","Møre og Romsdal","SV","SV - Sosialistisk Venstreparti",2,2
2019,"ko","kommune","Fjord","Møre og Romsdal","SP","Senterpartiet",8,8
2019,"ko","kommune","Fjord","Møre og Romsdal","KRF","Kristelig Folkeparti",1,1
2019,"ko","kommune","Fjord","Møre og Romsdal","H","Høyre",6,6
2019,"ko","kommune","Fjord","Møre og Romsdal","FRP","Fremskrittspartiet",1,1
2019,"ko","kommune","Fjord","Møre og Romsdal","BLANKE","Blanke",0,0
2019,"ko","kommune","Fjord","Møre og Romsdal","Andre","Andre",0,0
2019,"ko","kommune","Fjord","Møre og Romsdal","Andre2","Andre2",0,0
2019,"ko","kommune","Hustadvika","Møre og Romsdal","A","Arbeiderpartiet",7,7
2019,"ko","kommune","Hustadvika","Møre og Romsdal","SV","SV - Sosialistisk Venstreparti",1,1
2019,"ko","kommune","Hustadvika","Møre og Romsdal","SP","Senterpartiet",16,16
2019,"ko","kommune","Hustadvika","Møre og Romsdal","KRF","Kristelig Folkeparti",2,2
2019,"ko","kommune","Hustadvika","Møre og Romsdal","MDG","Miljøpartiet De Grønne",1,1
2019,"ko","kommune","Hustadvika","Møre og Romsdal","V","Venstre",1,1
2019,"ko","kommune","Hustadvika","Møre og Romsdal","H","Høyre",5,5
2019,"ko","kommune","Hustadvika","Møre og Romsdal","FRP","Fremskrittspartiet",4,4
2019,"ko","kommune","Hustadvika","Møre og Romsdal","KRISTNE","Partiet De Kristne",0,0
2019,"ko","kommune","Hustadvika","Møre og Romsdal","BLANKE","Blanke",0,0
2019,"ko","kommune","Hustadvika","Møre og Romsdal","Andre","Andre",0,0
2019,"ko","kommune","Hustadvika","Møre og Romsdal","Andre2","Andre2",0,0
2019,"ko","kommune","Bodø","Nordland","A","Arbeiderpartiet",11,-1
2019,"ko","kommune","Bodø","Nordland","SV","SV - Sosialistisk Venstreparti",2,0
2019,"ko","kommune","Bodø","Nordland","RØDT","Rødt",3,-1
2019,"ko","kommune","Bodø","Nordland","SP","Senterpartiet",4,3
2019,"ko","kommune","Bodø","Nordland","KRF","Kristelig Folkeparti",1,0
2019,"ko","kommune","Bodø","Nordland","MDG","Miljøpartiet De Grønne",2,1
2019,"ko","kommune","Bodø","Nordland","V","Venstre",2,1
2019,"ko","kommune","Bodø","Nordland","H","Høyre",10,-3
2019,"ko","kommune","Bodø","Nordland","FRP","Fremskrittspartiet",4,0
2019,"ko","kommune","Bodø","Nordland","KRISTNE","Partiet De Kristne",0,0
2019,"ko","kommune","Bodø","Nordland","LIBS","Liberalistene",0,0
2019,"ko","kommune","Bodø","Nordland","BLANKE","Blanke",0,0
2019,"ko","kommune","Bodø","Nordland","Andre","Andre",0,0
2019,"ko","kommune","Bodø","Nordland","Andre2","Andre2",0,0
2019,"ko","kommune","Narvik","Nordland","A","Arbeiderpartiet",15,NA
2019,"ko","kommune","Narvik","Nordland","SV","SV - Sosialistisk Venstreparti",4,NA
2019,"ko","kommune","Narvik","Nordland","RØDT","Rødt",1,NA
2019,"ko","kommune","Narvik","Nordland","SP","Senterpartiet",9,NA
2019,"ko","kommune","Narvik","Nordland","KRF","Kristelig Folkeparti",1,NA
2019,"ko","kommune","Narvik","Nordland","MDG","Miljøpartiet De Grønne",2,NA
2019,"ko","kommune","Narvik","Nordland","V","Venstre",0,NA
2019,"ko","kommune","Narvik","Nordland","H","Høyre",5,NA
2019,"ko","kommune","Narvik","Nordland","FRP","Fremskrittspartiet",4,NA
2019,"ko","kommune","Narvik","Nordland","LIBS","Liberalistene",0,NA
2019,"ko","kommune","Narvik","Nordland","BLANKE","Blanke",0,NA
2019,"ko","kommune","Narvik","Nordland","Andre","Andre",0,NA
2019,"ko","kommune","Narvik","Nordland","Andre2","Andre2",0,NA
2019,"ko","kommune","Bindal","Nordland","A","Arbeiderpartiet",9,0
2019,"ko","kommune","Bindal","Nordland","SP","Senterpartiet",3,1
2019,"ko","kommune","Bindal","Nordland","BIN","Bindalslista",5,5
2019,"ko","kommune","Bindal","Nordland","BLANKE","Blanke",0,0
2019,"ko","kommune","Bindal","Nordland","Andre","Andre",5,5
2019,"ko","kommune","Bindal","Nordland","Andre2","Andre2",0,-6
2019,"ko","kommune","Sømna","Nordland","A","Arbeiderpartiet",3,-2
2019,"ko","kommune","Sømna","Nordland","RØDT","Rødt",1,1
2019,"ko","kommune","Sømna","Nordland","SP","Senterpartiet",9,2
2019,"ko","kommune","Sømna","Nordland","H","Høyre",1,1
2019,"ko","kommune","Sømna","Nordland","FRP","Fremskrittspartiet",0,-1
2019,"ko","kommune","Sømna","Nordland","BLANKE","Blanke",0,0
2019,"ko","kommune","Sømna","Nordland","TPLS","Tverrpolitisk liste Sømna",3,-1
2019,"ko","kommune","Sømna","Nordland","Andre","Andre",3,-1
2019,"ko","kommune","Sømna","Nordland","Andre2","Andre2",0,0
2019,"ko","kommune","Brønnøy","Nordland","A","Arbeiderpartiet",7,-3
2019,"ko","kommune","Brønnøy","Nordland","SV","SV - Sosialistisk Venstreparti",1,0
2019,"ko","kommune","Brønnøy","Nordland","RØDT","Rødt",2,2
2019,"ko","kommune","Brønnøy","Nordland","SP","Senterpartiet",11,5
2019,"ko","kommune","Brønnøy","Nordland","KRF","Kristelig Folkeparti",0,0
2019,"ko","kommune","Brønnøy","Nordland","V","Venstre",1,-5
2019,"ko","kommune","Brønnøy","Nordland","H","Høyre",4,0
2019,"ko","kommune","Brønnøy","Nordland","FRP","Fremskrittspartiet",1,1
2019,"ko","kommune","Brønnøy","Nordland","BLANKE","Blanke",0,0
2019,"ko","kommune","Brønnøy","Nordland","Andre","Andre",0,0
2019,"ko","kommune","Brønnøy","Nordland","Andre2","Andre2",0,0
2019,"ko","kommune","Vega","Nordland","A","Arbeiderpartiet",9,1
2019,"ko","kommune","Vega","Nordland","RØDT","Rødt",1,1
2019,"ko","kommune","Vega","Nordland","SP","Senterpartiet",5,0
2019,"ko","kommune","Vega","Nordland","BLANKE","Blanke",0,0
2019,"ko","kommune","Vega","Nordland","VEGA","Vegalista",0,0
2019,"ko","kommune","Vega","Nordland","Andre","Andre",0,0
2019,"ko","kommune","Vega","Nordland","Andre2","Andre2",0,-2
2019,"ko","kommune","Vevelstad","Nordland","BLANKE","Blanke",0,0
2019,"ko","kommune","Vevelstad","Nordland","KOM","Kommunelista",5,1
2019,"ko","kommune","Vevelstad","Nordland","SAMVE","Samarbeidslisten",8,2
2019,"ko","kommune","Vevelstad","Nordland","Andre","Andre",13,3
2019,"ko","kommune","Vevelstad","Nordland","Andre2","Andre2",0,-3
2019,"ko","kommune","Herøy","Nordland","A","Arbeiderpartiet",8,-4
2019,"ko","kommune","Herøy","Nordland","SP","Senterpartiet",4,2
2019,"ko","kommune","Herøy","Nordland","H","Høyre",3,3
2019,"ko","kommune","Herøy","Nordland","BLANKE","Blanke",0,0
2019,"ko","kommune","Herøy","Nordland","HBY","Herøy Bygdeliste",4,4
2019,"ko","kommune","Herøy","Nordland","Andre","Andre",4,4
2019,"ko","kommune","Herøy","Nordland","Andre2","Andre2",0,-5
2019,"ko","kommune","Alstahaug","Nordland","A","Arbeiderpartiet",3,-8
2019,"ko","kommune","Alstahaug","Nordland","SV","SV - Sosialistisk Venstreparti",1,0
2019,"ko","kommune","Alstahaug","Nordland","RØDT","Rødt",5,3
2019,"ko","kommune","Alstahaug","Nordland","SP","Senterpartiet",12,7
2019,"ko","kommune","Alstahaug","Nordland","V","Venstre",1,-1
2019,"ko","kommune","Alstahaug","Nordland","H","Høyre",2,-2
2019,"ko","kommune","Alstahaug","Nordland","FRP","Fremskrittspartiet",1,-1
2019,"ko","kommune","Alstahaug","Nordland","BLANKE","Blanke",0,0
2019,"ko","kommune","Alstahaug","Nordland","BYOGLAND","By og land - tverrpolitisk liste",2,2
2019,"ko","kommune","Alstahaug","Nordland","Andre","Andre",2,2
2019,"ko","kommune","Alstahaug","Nordland","Andre2","Andre2",0,0
2019,"ko","kommune","Leirfjord","Nordland","A","Arbeiderpartiet",8,-1
2019,"ko","kommune","Leirfjord","Nordland","SV","SV - Sosialistisk Venstreparti",1,-1
2019,"ko","kommune","Leirfjord","Nordland","RØDT","Rødt",1,1
2019,"ko","kommune","Leirfjord","Nordland","SP","Senterpartiet",7,2
2019,"ko","kommune","Leirfjord","Nordland","FRP","Fremskrittspartiet",2,0
2019,"ko","kommune","Leirfjord","Nordland","BLANKE","Blanke",0,0
2019,"ko","kommune","Leirfjord","Nordland","Andre","Andre",0,0
2019,"ko","kommune","Leirfjord","Nordland","Andre2","Andre2",0,-1
2019,"ko","kommune","Vefsn","Nordland","A","Arbeiderpartiet",8,-2
2019,"ko","kommune","Vefsn","Nordland","SV","SV - Sosialistisk Venstreparti",2,1
2019,"ko","kommune","Vefsn","Nordland","RØDT","Rødt",3,-1
2019,"ko","kommune","Vefsn","Nordland","SP","Senterpartiet",10,8
2019,"ko","kommune","Vefsn","Nordland","KRF","Kristelig Folkeparti",0,0
2019,"ko","kommune","Vefsn","Nordland","MDG","Miljøpartiet De Grønne",0,0
2019,"ko","kommune","Vefsn","Nordland","V","Venstre",0,-2
2019,"ko","kommune","Vefsn","Nordland","H","Høyre",3,-2
2019,"ko","kommune","Vefsn","Nordland","FRP","Fremskrittspartiet",2,0
2019,"ko","kommune","Vefsn","Nordland","BLANKE","Blanke",0,0
2019,"ko","kommune","Vefsn","Nordland","VTPPV","Vefsn tverrpolitiske parti",1,-2
2019,"ko","kommune","Vefsn","Nordland","Andre","Andre",1,-2
2019,"ko","kommune","Vefsn","Nordland","Andre2","Andre2",0,0
2019,"ko","kommune","Grane","Nordland","A","Arbeiderpartiet",7,-2
2019,"ko","kommune","Grane","Nordland","SP","Senterpartiet",10,3
2019,"ko","kommune","Grane","Nordland","FRP","Fremskrittspartiet",0,-1
2019,"ko","kommune","Grane","Nordland","BLANKE","Blanke",0,0
2019,"ko","kommune","Grane","Nordland","Andre","Andre",0,0
2019,"ko","kommune","Grane","Nordland","Andre2","Andre2",0,0
2019,"ko","kommune","Hattfjelldal","Nordland","A","Arbeiderpartiet",5,-2
2019,"ko","kommune","Hattfjelldal","Nordland","SV","SV - Sosialistisk Venstreparti",0,-1
2019,"ko","kommune","Hattfjelldal","Nordland","SP","Senterpartiet",5,-1
2019,"ko","kommune","Hattfjelldal","Nordland","V","Venstre",0,0
2019,"ko","kommune","Hattfjelldal","Nordland","BLANKE","Blanke",0,0
2019,"ko","kommune","Hattfjelldal","Nordland","HDBL","Hattfjelldal Bygdeliste",1,-2
2019,"ko","kommune","Hattfjelldal","Nordland","Andre","Andre",1,-2
2019,"ko","kommune","Hattfjelldal","Nordland","Andre2","Andre2",0,0
2019,"ko","kommune","Dønna","Nordland","A","Arbeiderpartiet",5,-1
2019,"ko","kommune","Dønna","Nordland","SV","SV - Sosialistisk Venstreparti",2,-1
2019,"ko","kommune","Dønna","Nordland","RØDT","Rødt",3,3
2019,"ko","kommune","Dønna","Nordland","SP","Senterpartiet",3,3
2019,"ko","kommune","Dønna","Nordland","H","Høyre",4,2
2019,"ko","kommune","Dønna","Nordland","BLANKE","Blanke",0,0
2019,"ko","kommune","Dønna","Nordland","Andre","Andre",0,0
2019,"ko","kommune","Dønna","Nordland","Andre2","Andre2",0,-6
2019,"ko","kommune","Nesna","Nordland","A","Arbeiderpartiet",7,0
2019,"ko","kommune","Nesna","Nordland","SV","SV - Sosialistisk Venstreparti",2,-1
2019,"ko","kommune","Nesna","Nordland","SP","Senterpartiet",4,1
2019,"ko","kommune","Nesna","Nordland","MDG","Miljøpartiet De Grønne",1,0
2019,"ko","kommune","Nesna","Nordland","BLANKE","Blanke",0,0
2019,"ko","kommune","Nesna","Nordland","BOF","Borgerlig fellesliste",3,3
2019,"ko","kommune","Nesna","Nordland","Andre","Andre",3,3
2019,"ko","kommune","Nesna","Nordland","Andre2","Andre2",0,-3
2019,"ko","kommune","Hemnes","Nordland","A","Arbeiderpartiet",6,-2
2019,"ko","kommune","Hemnes","Nordland","SV","SV - Sosialistisk Venstreparti",2,0
2019,"ko","kommune","Hemnes","Nordland","RØDT","Rødt",1,1
2019,"ko","kommune","Hemnes","Nordland","SP","Senterpartiet",6,2
2019,"ko","kommune","Hemnes","Nordland","V","Venstre",0,0
2019,"ko","kommune","Hemnes","Nordland","H","Høyre",4,-2
2019,"ko","kommune","Hemnes","Nordland","FRP","Fremskrittspartiet",1,-1
2019,"ko","kommune","Hemnes","Nordland","BLANKE","Blanke",0,0
2019,"ko","kommune","Hemnes","Nordland","HLI","Hemnes lista",0,0
2019,"ko","kommune","Hemnes","Nordland","HSF","Hemnes samfunnsdemokratiske folkeparti",0,0
2019,"ko","kommune","Hemnes","Nordland","SDH","Sosialdemokratene Hemnes",3,3
2019,"ko","kommune","Hemnes","Nordland","Andre","Andre",3,3
2019,"ko","kommune","Hemnes","Nordland","Andre2","Andre2",0,-1
2019,"ko","kommune","Rana","Nordland","A","Arbeiderpartiet",11,-6
2019,"ko","kommune","Rana","Nordland","SV","SV - Sosialistisk Venstreparti",2,-1
2019,"ko","kommune","Rana","Nordland","RØDT","Rødt",3,2
2019,"ko","kommune","Rana","Nordland","SP","Senterpartiet",11,7
2019,"ko","kommune","Rana","Nordland","KRF","Kristelig Folkeparti",0,-1
2019,"ko","kommune","Rana","Nordland","MDG","Miljøpartiet De Grønne",1,1
2019,"ko","kommune","Rana","Nordland","V","Venstre",1,0
2019,"ko","kommune","Rana","Nordland","H","Høyre",5,-2
2019,"ko","kommune","Rana","Nordland","FRP","Fremskrittspartiet",3,0
2019,"ko","kommune","Rana","Nordland","BLANKE","Blanke",0,0
2019,"ko","kommune","Rana","Nordland","Andre","Andre",0,0
2019,"ko","kommune","Rana","Nordland","Andre2","Andre2",0,0
2019,"ko","kommune","Lurøy","Nordland","A","Arbeiderpartiet",6,0
2019,"ko","kommune","Lurøy","Nordland","SP","Senterpartiet",6,0
2019,"ko","kommune","Lurøy","Nordland","KRF","Kristelig Folkeparti",0,-1
2019,"ko","kommune","Lurøy","Nordland","V","Venstre",0,0
2019,"ko","kommune","Lurøy","Nordland","H","Høyre",4,2
2019,"ko","kommune","Lurøy","Nordland","FRP","Fremskrittspartiet",2,1
2019,"ko","kommune","Lurøy","Nordland","KYST","Kystpartiet",1,-1
2019,"ko","kommune","Lurøy","Nordland","BLANKE","Blanke",0,0
2019,"ko","kommune","Lurøy","Nordland","Andre","Andre",1,-1
2019,"ko","kommune","Lurøy","Nordland","Andre2","Andre2",0,-1
2019,"ko","kommune","Træna","Nordland","A","Arbeiderpartiet",8,3
2019,"ko","kommune","Træna","Nordland","HELSE","Helsepartiet",0,0
2019,"ko","kommune","Træna","Nordland","BLANKE","Blanke",0,0
2019,"ko","kommune","Træna","Nordland","SPKRF","Fellesliste for Senterpartiet og Kristelig Folkeparti",3,-3
2019,"ko","kommune","Træna","Nordland","Andre","Andre",3,-3
2019,"ko","kommune","Træna","Nordland","Andre2","Andre2",0,0
2019,"ko","kommune","Rødøy","Nordland","SP","Senterpartiet",3,-3
2019,"ko","kommune","Rødøy","Nordland","FRP","Fremskrittspartiet",1,0
2019,"ko","kommune","Rødøy","Nordland","APKRF","Arbeiderpartiet og Kristelig Folkeparti",9,2
2019,"ko","kommune","Rødøy","Nordland","BLANKE","Blanke",0,0
2019,"ko","kommune","Rødøy","Nordland","RFL","Rødøy fellesliste",4,1
2019,"ko","kommune","Rødøy","Nordland","Andre","Andre",13,3
2019,"ko","kommune","Rødøy","Nordland","Andre2","Andre2",0,0
2019,"ko","kommune","Meløy","Nordland","A","Arbeiderpartiet",8,1
2019,"ko","kommune","Meløy","Nordland","SV","SV - Sosialistisk Venstreparti",1,0
2019,"ko","kommune","Meløy","Nordland","SP","Senterpartiet",6,2
2019,"ko","kommune","Meløy","Nordland","KRF","Kristelig Folkeparti",1,-1
2019,"ko","kommune","Meløy","Nordland","MDG","Miljøpartiet De Grønne",0,0
2019,"ko","kommune","Meløy","Nordland","V","Venstre",2,1
2019,"ko","kommune","Meløy","Nordland","H","Høyre",3,-2
2019,"ko","kommune","Meløy","Nordland","FRP","Fremskrittspartiet",2,-1
2019,"ko","kommune","Meløy","Nordland","BLANKE","Blanke",0,0
2019,"ko","kommune","Meløy","Nordland","Andre","Andre",0,0
2019,"ko","kommune","Meløy","Nordland","Andre2","Andre2",0,0
2019,"ko","kommune","Gildeskål","Nordland","A","Arbeiderpartiet",4,-3
2019,"ko","kommune","Gildeskål","Nordland","SV","SV - Sosialistisk Venstreparti",1,0
2019,"ko","kommune","Gildeskål","Nordland","SP","Senterpartiet",3,0
2019,"ko","kommune","Gildeskål","Nordland","H","Høyre",3,0
2019,"ko","kommune","Gildeskål","Nordland","FRP","Fremskrittspartiet",2,0
2019,"ko","kommune","Gildeskål","Nordland","BLANKE","Blanke",0,0
2019,"ko","kommune","Gildeskål","Nordland","GL","Gildeskållista",4,4
2019,"ko","kommune","Gildeskål","Nordland","Andre","Andre",4,4
2019,"ko","kommune","Gildeskål","Nordland","Andre2","Andre2",0,-1
2019,"ko","kommune","Beiarn","Nordland","A","Arbeiderpartiet",3,-3
2019,"ko","kommune","Beiarn","Nordland","SP","Senterpartiet",9,4
2019,"ko","kommune","Beiarn","Nordland","BEBL","Beiarn Bygdeliste",3,-1
2019,"ko","kommune","Beiarn","Nordland","BLANKE","Blanke",0,0
2019,"ko","kommune","Beiarn","Nordland","Andre","Andre",3,-1
2019,"ko","kommune","Beiarn","Nordland","Andre2","Andre2",0,0
2019,"ko","kommune","Saltdal","Nordland","A","Arbeiderpartiet",4,-1
2019,"ko","kommune","Saltdal","Nordland","RØDT","Rødt",2,2
2019,"ko","kommune","Saltdal","Nordland","SP","Senterpartiet",7,4
2019,"ko","kommune","Saltdal","Nordland","KRF","Kristelig Folkeparti",0,-1
2019,"ko","kommune","Saltdal","Nordland","H","Høyre",2,-2
2019,"ko","kommune","Saltdal","Nordland","FRP","Fremskrittspartiet",4,0
2019,"ko","kommune","Saltdal","Nordland","BLANKE","Blanke",0,0
2019,"ko","kommune","Saltdal","Nordland","SALT","Saltdalslista",2,-2
2019,"ko","kommune","Saltdal","Nordland","Andre","Andre",2,-2
2019,"ko","kommune","Saltdal","Nordland","Andre2","Andre2",0,0
2019,"ko","kommune","Fauske","Nordland","A","Arbeiderpartiet",5,0
2019,"ko","kommune","Fauske","Nordland","SV","SV - Sosialistisk Venstreparti",2,1
2019,"ko","kommune","Fauske","Nordland","RØDT","Rødt",2,0
2019,"ko","kommune","Fauske","Nordland","SP","Senterpartiet",5,5
2019,"ko","kommune","Fauske","Nordland","KRF","Kristelig Folkeparti",1,0
2019,"ko","kommune","Fauske","Nordland","MDG","Miljøpartiet De Grønne",0,0
2019,"ko","kommune","Fauske","Nordland","V","Venstre",0,-1
2019,"ko","kommune","Fauske","Nordland","H","Høyre",5,2
2019,"ko","kommune","Fauske","Nordland","FRP","Fremskrittspartiet",3,0
2019,"ko","kommune","Fauske","Nordland","BLANKE","Blanke",0,0
2019,"ko","kommune","Fauske","Nordland","FLFA","Felleslista",4,-7
2019,"ko","kommune","Fauske","Nordland","Andre","Andre",4,-7
2019,"ko","kommune","Fauske","Nordland","Andre2","Andre2",0,0
2019,"ko","kommune","Sørfold","Nordland","A","Arbeiderpartiet",6,-4
2019,"ko","kommune","Sørfold","Nordland","SV","SV - Sosialistisk Venstreparti",1,-1
2019,"ko","kommune","Sørfold","Nordland","RØDT","Rødt",1,1
2019,"ko","kommune","Sørfold","Nordland","SP","Senterpartiet",7,1
2019,"ko","kommune","Sørfold","Nordland","H","Høyre",2,-1
2019,"ko","kommune","Sørfold","Nordland","BLANKE","Blanke",0,0
2019,"ko","kommune","Sørfold","Nordland","Andre","Andre",0,0
2019,"ko","kommune","Sørfold","Nordland","Andre2","Andre2",0,0
2019,"ko","kommune","Steigen","Nordland","A","Arbeiderpartiet",3,-1
2019,"ko","kommune","Steigen","Nordland","SV","SV - Sosialistisk Venstreparti",3,2
2019,"ko","kommune","Steigen","Nordland","RØDT","Rødt",1,-1
2019,"ko","kommune","Steigen","Nordland","SP","Senterpartiet",7,2
2019,"ko","kommune","Steigen","Nordland","V","Venstre",1,0
2019,"ko","kommune","Steigen","Nordland","H","Høyre",1,-1
2019,"ko","kommune","Steigen","Nordland","FRP","Fremskrittspartiet",1,0
2019,"ko","kommune","Steigen","Nordland","BLANKE","Blanke",0,0
2019,"ko","kommune","Steigen","Nordland","Andre","Andre",0,0
2019,"ko","kommune","Steigen","Nordland","Andre2","Andre2",0,-1
2019,"ko","kommune","Lødingen","Nordland","A","Arbeiderpartiet",5,-3
2019,"ko","kommune","Lødingen","Nordland","SV","SV - Sosialistisk Venstreparti",2,0
2019,"ko","kommune","Lødingen","Nordland","SP","Senterpartiet",3,3
2019,"ko","kommune","Lødingen","Nordland","V","Venstre",1,-1
2019,"ko","kommune","Lødingen","Nordland","H","Høyre",3,0
2019,"ko","kommune","Lødingen","Nordland","FRP","Fremskrittspartiet",3,1
2019,"ko","kommune","Lødingen","Nordland","BLANKE","Blanke",0,0
2019,"ko","kommune","Lødingen","Nordland","Andre","Andre",0,0
2019,"ko","kommune","Lødingen","Nordland","Andre2","Andre2",0,0
2019,"ko","kommune","Evenes","Nordland","A","Arbeiderpartiet",5,1
2019,"ko","kommune","Evenes","Nordland","SV","SV - Sosialistisk Venstreparti",0,-1
2019,"ko","kommune","Evenes","Nordland","SP","Senterpartiet",3,0
2019,"ko","kommune","Evenes","Nordland","H","Høyre",4,-3
2019,"ko","kommune","Evenes","Nordland","FRP","Fremskrittspartiet",0,-1
2019,"ko","kommune","Evenes","Nordland","BLANKE","Blanke",0,0
2019,"ko","kommune","Evenes","Nordland","ETL","Evenes Tverrpolitiske Liste",5,5
2019,"ko","kommune","Evenes","Nordland","Andre","Andre",5,5
2019,"ko","kommune","Evenes","Nordland","Andre2","Andre2",0,-1
2019,"ko","kommune","Røst","Nordland","BLANKE","Blanke",0,0
2019,"ko","kommune","Røst","Nordland","RS","Røst Samarbeidsliste",6,6
2019,"ko","kommune","Røst","Nordland","SELI","Sentrumslista",4,4
2019,"ko","kommune","Røst","Nordland","SRSF","Liste for Rødt, Senterpartiet og partiuavhengige fiskere",1,1
2019,"ko","kommune","Røst","Nordland","Andre","Andre",11,11
2019,"ko","kommune","Røst","Nordland","Andre2","Andre2",0,-11
2019,"ko","kommune","Værøy","Nordland","A","Arbeiderpartiet",3,1
2019,"ko","kommune","Værøy","Nordland","SP","Senterpartiet",1,1
2019,"ko","kommune","Værøy","Nordland","KRF","Kristelig Folkeparti",3,0
2019,"ko","kommune","Værøy","Nordland","BLANKE","Blanke",0,0
2019,"ko","kommune","Værøy","Nordland","FV","Felleslista for Værøy",2,-3
2019,"ko","kommune","Værøy","Nordland","VRL","Værøylista",4,1
2019,"ko","kommune","Værøy","Nordland","Andre","Andre",6,-2
2019,"ko","kommune","Værøy","Nordland","Andre2","Andre2",0,0
2019,"ko","kommune","Flakstad","Nordland","A","Arbeiderpartiet",3,1
2019,"ko","kommune","Flakstad","Nordland","SV","SV - Sosialistisk Venstreparti",1,1
2019,"ko","kommune","Flakstad","Nordland","SP","Senterpartiet",5,0
2019,"ko","kommune","Flakstad","Nordland","BLANKE","Blanke",0,0
2019,"ko","kommune","Flakstad","Nordland","FDL","Flakstad distriktsliste",1,-2
2019,"ko","kommune","Flakstad","Nordland","LL","Lofotlista (ja til kommunesammenslåing)",1,1
2019,"ko","kommune","Flakstad","Nordland","Andre","Andre",2,-1
2019,"ko","kommune","Flakstad","Nordland","Andre2","Andre2",0,-1
2019,"ko","kommune","Vestvågøy","Nordland","A","Arbeiderpartiet",8,-3
2019,"ko","kommune","Vestvågøy","Nordland","SV","SV - Sosialistisk Venstreparti",2,0
2019,"ko","kommune","Vestvågøy","Nordland","RØDT","Rødt",1,1
2019,"ko","kommune","Vestvågøy","Nordland","SP","Senterpartiet",10,5
2019,"ko","kommune","Vestvågøy","Nordland","KRF","Kristelig Folkeparti",2,0
2019,"ko","kommune","Vestvågøy","Nordland","MDG","Miljøpartiet De Grønne",1,0
2019,"ko","kommune","Vestvågøy","Nordland","V","Venstre",0,-1
2019,"ko","kommune","Vestvågøy","Nordland","H","Høyre",4,-4
2019,"ko","kommune","Vestvågøy","Nordland","FRP","Fremskrittspartiet",5,2
2019,"ko","kommune","Vestvågøy","Nordland","KRISTNE","Partiet De Kristne",0,0
2019,"ko","kommune","Vestvågøy","Nordland","BLANKE","Blanke",0,0
2019,"ko","kommune","Vestvågøy","Nordland","Andre","Andre",0,0
2019,"ko","kommune","Vestvågøy","Nordland","Andre2","Andre2",0,0
2019,"ko","kommune","Vågan","Nordland","A","Arbeiderpartiet",7,-1
2019,"ko","kommune","Vågan","Nordland","SV","SV - Sosialistisk Venstreparti",3,2
2019,"ko","kommune","Vågan","Nordland","RØDT","Rødt",2,-1
2019,"ko","kommune","Vågan","Nordland","SP","Senterpartiet",4,1
2019,"ko","kommune","Vågan","Nordland","MDG","Miljøpartiet De Grønne",1,1
2019,"ko","kommune","Vågan","Nordland","V","Venstre",2,-1
2019,"ko","kommune","Vågan","Nordland","H","Høyre",9,0
2019,"ko","kommune","Vågan","Nordland","FRP","Fremskrittspartiet",1,-1
2019,"ko","kommune","Vågan","Nordland","BLANKE","Blanke",0,0
2019,"ko","kommune","Vågan","Nordland","Andre","Andre",0,0
2019,"ko","kommune","Vågan","Nordland","Andre2","Andre2",0,0
2019,"ko","kommune","Hadsel","Nordland","A","Arbeiderpartiet",4,-7
2019,"ko","kommune","Hadsel","Nordland","SV","SV - Sosialistisk Venstreparti",1,0
2019,"ko","kommune","Hadsel","Nordland","RØDT","Rødt",2,1
2019,"ko","kommune","Hadsel","Nordland","SP","Senterpartiet",6,3
2019,"ko","kommune","Hadsel","Nordland","MDG","Miljøpartiet De Grønne",1,1
2019,"ko","kommune","Hadsel","Nordland","V","Venstre",3,2
2019,"ko","kommune","Hadsel","Nordland","H","Høyre",3,1
2019,"ko","kommune","Hadsel","Nordland","FRP","Fremskrittspartiet",1,-4
2019,"ko","kommune","Hadsel","Nordland","BLANKE","Blanke",0,0
2019,"ko","kommune","Hadsel","Nordland","MOS","Melbu og omegn samarbeidsliste",4,3
2019,"ko","kommune","Hadsel","Nordland","Andre","Andre",4,3
2019,"ko","kommune","Hadsel","Nordland","Andre2","Andre2",0,0
2019,"ko","kommune","Bø","Nordland","A","Arbeiderpartiet",2,2
2019,"ko","kommune","Bø","Nordland","SV","SV - Sosialistisk Venstreparti",1,0
2019,"ko","kommune","Bø","Nordland","SP","Senterpartiet",4,2
2019,"ko","kommune","Bø","Nordland","V","Venstre",0,-3
2019,"ko","kommune","Bø","Nordland","H","Høyre",11,11
2019,"ko","kommune","Bø","Nordland","FRP","Fremskrittspartiet",1,0
2019,"ko","kommune","Bø","Nordland","BLANKE","Blanke",0,0
2019,"ko","kommune","Bø","Nordland","Andre","Andre",0,0
2019,"ko","kommune","Bø","Nordland","Andre2","Andre2",0,-12
2019,"ko","kommune","Øksnes","Nordland","A","Arbeiderpartiet",5,-1
2019,"ko","kommune","Øksnes","Nordland","SV","SV - Sosialistisk Venstreparti",2,0
2019,"ko","kommune","Øksnes","Nordland","RØDT","Rødt",0,0
2019,"ko","kommune","Øksnes","Nordland","SP","Senterpartiet",8,4
2019,"ko","kommune","Øksnes","Nordland","KRF","Kristelig Folkeparti",0,-1
2019,"ko","kommune","Øksnes","Nordland","V","Venstre",2,2
2019,"ko","kommune","Øksnes","Nordland","H","Høyre",2,0
2019,"ko","kommune","Øksnes","Nordland","FRP","Fremskrittspartiet",2,0
2019,"ko","kommune","Øksnes","Nordland","BLANKE","Blanke",0,0
2019,"ko","kommune","Øksnes","Nordland","Andre","Andre",0,0
2019,"ko","kommune","Øksnes","Nordland","Andre2","Andre2",0,-4
2019,"ko","kommune","Sortland","Nordland","A","Arbeiderpartiet",5,-3
2019,"ko","kommune","Sortland","Nordland","SV","SV - Sosialistisk Venstreparti",2,1
2019,"ko","kommune","Sortland","Nordland","RØDT","Rødt",3,0
2019,"ko","kommune","Sortland","Nordland","SP","Senterpartiet",7,5
2019,"ko","kommune","Sortland","Nordland","KRF","Kristelig Folkeparti",0,0
2019,"ko","kommune","Sortland","Nordland","MDG","Miljøpartiet De Grønne",1,1
2019,"ko","kommune","Sortland","Nordland","V","Venstre",0,0
2019,"ko","kommune","Sortland","Nordland","H","Høyre",7,-4
2019,"ko","kommune","Sortland","Nordland","FRP","Fremskrittspartiet",2,0
2019,"ko","kommune","Sortland","Nordland","PP","Pensjonistpartiet",0,0
2019,"ko","kommune","Sortland","Nordland","BLANKE","Blanke",0,0
2019,"ko","kommune","Sortland","Nordland","Andre","Andre",0,0
2019,"ko","kommune","Sortland","Nordland","Andre2","Andre2",0,0
2019,"ko","kommune","Andøy","Nordland","A","Arbeiderpartiet",3,-2
2019,"ko","kommune","Andøy","Nordland","SV","SV - Sosialistisk Venstreparti",2,2
2019,"ko","kommune","Andøy","Nordland","RØDT","Rødt",0,0
2019,"ko","kommune","Andøy","Nordland","SP","Senterpartiet",14,12
2019,"ko","kommune","Andøy","Nordland","KRF","Kristelig Folkeparti",0,-1
2019,"ko","kommune","Andøy","Nordland","MDG","Miljøpartiet De Grønne",2,1
2019,"ko","kommune","Andøy","Nordland","H","Høyre",1,-8
2019,"ko","kommune","Andøy","Nordland","FRP","Fremskrittspartiet",1,-1
2019,"ko","kommune","Andøy","Nordland","BLANKE","Blanke",0,0
2019,"ko","kommune","Andøy","Nordland","Andre","Andre",0,0
2019,"ko","kommune","Andøy","Nordland","Andre2","Andre2",0,-3
2019,"ko","kommune","Moskenes","Nordland","SV","SV - Sosialistisk Venstreparti",3,2
2019,"ko","kommune","Moskenes","Nordland","BLANKE","Blanke",0,0
2019,"ko","kommune","Moskenes","Nordland","MKBYGD","Bygdelista i Moskenes",8,5
2019,"ko","kommune","Moskenes","Nordland","MOSKFL","Moskenes Fellesliste",6,4
2019,"ko","kommune","Moskenes","Nordland","Andre","Andre",14,9
2019,"ko","kommune","Moskenes","Nordland","Andre2","Andre2",0,-5
2019,"ko","kommune","Hamarøy","Nordland","A","Arbeiderpartiet",4,NA
2019,"ko","kommune","Hamarøy","Nordland","SV","SV - Sosialistisk Venstreparti",1,NA
2019,"ko","kommune","Hamarøy","Nordland","SP","Senterpartiet",6,NA
2019,"ko","kommune","Hamarøy","Nordland","V","Venstre",1,NA
2019,"ko","kommune","Hamarøy","Nordland","H","Høyre",4,NA
2019,"ko","kommune","Hamarøy","Nordland","FRP","Fremskrittspartiet",1,NA
2019,"ko","kommune","Hamarøy","Nordland","BLANKE","Blanke",0,NA
2019,"ko","kommune","Hamarøy","Nordland","Andre","Andre",0,NA
2019,"ko","kommune","Hamarøy","Nordland","Andre2","Andre2",0,NA
2019,"ko","kommune","Halden","Viken","A","Arbeiderpartiet",7,7
2019,"ko","kommune","Halden","Viken","SV","SV - Sosialistisk Venstreparti",2,2
2019,"ko","kommune","Halden","Viken","RØDT","Rødt",3,3
2019,"ko","kommune","Halden","Viken","SP","Senterpartiet",5,5
2019,"ko","kommune","Halden","Viken","KRF","Kristelig Folkeparti",1,1
2019,"ko","kommune","Halden","Viken","MDG","Miljøpartiet De Grønne",3,3
2019,"ko","kommune","Halden","Viken","V","Venstre",1,1
2019,"ko","kommune","Halden","Viken","H","Høyre",11,11
2019,"ko","kommune","Halden","Viken","FRP","Fremskrittspartiet",3,3
2019,"ko","kommune","Halden","Viken","KRISTNE","Partiet De Kristne",0,0
2019,"ko","kommune","Halden","Viken","PP","Pensjonistpartiet",3,3
2019,"ko","kommune","Halden","Viken","BLANKE","Blanke",0,0
2019,"ko","kommune","Halden","Viken","Andre","Andre",3,3
2019,"ko","kommune","Halden","Viken","Andre2","Andre2",0,0
2019,"ko","kommune","Moss","Viken","A","Arbeiderpartiet",14,14
2019,"ko","kommune","Moss","Viken","SV","SV - Sosialistisk Venstreparti",3,3
2019,"ko","kommune","Moss","Viken","RØDT","Rødt",4,4
2019,"ko","kommune","Moss","Viken","SP","Senterpartiet",4,4
2019,"ko","kommune","Moss","Viken","KRF","Kristelig Folkeparti",1,1
2019,"ko","kommune","Moss","Viken","MDG","Miljøpartiet De Grønne",3,3
2019,"ko","kommune","Moss","Viken","V","Venstre",2,2
2019,"ko","kommune","Moss","Viken","H","Høyre",9,9
2019,"ko","kommune","Moss","Viken","FRP","Fremskrittspartiet",4,4
2019,"ko","kommune","Moss","Viken","KRISTNE","Partiet De Kristne",0,0
2019,"ko","kommune","Moss","Viken","BLANKE","Blanke",0,0
2019,"ko","kommune","Moss","Viken","NYKURS","Ny Kurs",5,5
2019,"ko","kommune","Moss","Viken","Andre","Andre",5,5
2019,"ko","kommune","Moss","Viken","Andre2","Andre2",0,0
2019,"ko","kommune","Sarpsborg","Viken","A","Arbeiderpartiet",15,15
2019,"ko","kommune","Sarpsborg","Viken","SV","SV - Sosialistisk Venstreparti",1,1
2019,"ko","kommune","Sarpsborg","Viken","RØDT","Rødt",2,2
2019,"ko","kommune","Sarpsborg","Viken","SP","Senterpartiet",5,5
2019,"ko","kommune","Sarpsborg","Viken","KRF","Kristelig Folkeparti",2,2
2019,"ko","kommune","Sarpsborg","Viken","MDG","Miljøpartiet De Grønne",2,2
2019,"ko","kommune","Sarpsborg","Viken","V","Venstre",0,0
2019,"ko","kommune","Sarpsborg","Viken","H","Høyre",4,4
2019,"ko","kommune","Sarpsborg","Viken","FRP","Fremskrittspartiet",4,4
2019,"ko","kommune","Sarpsborg","Viken","KRISTNE","Partiet De Kristne",0,0
2019,"ko","kommune","Sarpsborg","Viken","PP","Pensjonistpartiet",1,1
2019,"ko","kommune","Sarpsborg","Viken","BLANKE","Blanke",0,0
2019,"ko","kommune","Sarpsborg","Viken","DRP","Det Rette Parti",4,4
2019,"ko","kommune","Sarpsborg","Viken","SAFOSA","Sammen For Sarpsborg",3,3
2019,"ko","kommune","Sarpsborg","Viken","Andre","Andre",8,8
2019,"ko","kommune","Sarpsborg","Viken","Andre2","Andre2",0,0
2019,"ko","kommune","Fredrikstad","Viken","A","Arbeiderpartiet",19,19
2019,"ko","kommune","Fredrikstad","Viken","SV","SV - Sosialistisk Venstreparti",2,2
2019,"ko","kommune","Fredrikstad","Viken","RØDT","Rødt",3,3
2019,"ko","kommune","Fredrikstad","Viken","SP","Senterpartiet",3,3
2019,"ko","kommune","Fredrikstad","Viken","KRF","Kristelig Folkeparti",2,2
2019,"ko","kommune","Fredrikstad","Viken","MDG","Miljøpartiet De Grønne",4,4
2019,"ko","kommune","Fredrikstad","Viken","V","Venstre",1,1
2019,"ko","kommune","Fredrikstad","Viken","H","Høyre",8,8
2019,"ko","kommune","Fredrikstad","Viken","FRP","Fremskrittspartiet",7,7
2019,"ko","kommune","Fredrikstad","Viken","LIBS","Liberalistene",0,0
2019,"ko","kommune","Fredrikstad","Viken","PP","Pensjonistpartiet",2,2
2019,"ko","kommune","Fredrikstad","Viken","BLANKE","Blanke",0,0
2019,"ko","kommune","Fredrikstad","Viken","BYMILJØ","Bymiljølista",2,2
2019,"ko","kommune","Fredrikstad","Viken","Andre","Andre",4,4
2019,"ko","kommune","Fredrikstad","Viken","Andre2","Andre2",0,0
2019,"ko","kommune","Drammen","Viken","A","Arbeiderpartiet",15,15
2019,"ko","kommune","Drammen","Viken","SV","SV - Sosialistisk Venstreparti",3,3
2019,"ko","kommune","Drammen","Viken","RØDT","Rødt",1,1
2019,"ko","kommune","Drammen","Viken","SP","Senterpartiet",5,5
2019,"ko","kommune","Drammen","Viken","KRF","Kristelig Folkeparti",1,1
2019,"ko","kommune","Drammen","Viken","MDG","Miljøpartiet De Grønne",5,5
2019,"ko","kommune","Drammen","Viken","V","Venstre",1,1
2019,"ko","kommune","Drammen","Viken","H","Høyre",15,15
2019,"ko","kommune","Drammen","Viken","FRP","Fremskrittspartiet",6,6
2019,"ko","kommune","Drammen","Viken","ALLI","Alliansen",0,0
2019,"ko","kommune","Drammen","Viken","HELSE","Helsepartiet",0,0
2019,"ko","kommune","Drammen","Viken","KRISTNE","Partiet De Kristne",0,0
2019,"ko","kommune","Drammen","Viken","LIBS","Liberalistene",0,0
2019,"ko","kommune","Drammen","Viken","BLANKE","Blanke",0,0
2019,"ko","kommune","Drammen","Viken","FOST","Folkestyre ",0,0
2019,"ko","kommune","Drammen","Viken","NTBR","Nei til bomring ",5,5
2019,"ko","kommune","Drammen","Viken","Andre","Andre",5,5
2019,"ko","kommune","Drammen","Viken","Andre2","Andre2",0,0
2019,"ko","kommune","Kongsberg","Viken","A","Arbeiderpartiet",7,7
2019,"ko","kommune","Kongsberg","Viken","SV","SV - Sosialistisk Venstreparti",2,2
2019,"ko","kommune","Kongsberg","Viken","RØDT","Rødt",0,0
2019,"ko","kommune","Kongsberg","Viken","SP","Senterpartiet",9,9
2019,"ko","kommune","Kongsberg","Viken","MDG","Miljøpartiet De Grønne",3,3
2019,"ko","kommune","Kongsberg","Viken","V","Venstre",1,1
2019,"ko","kommune","Kongsberg","Viken","H","Høyre",6,6
2019,"ko","kommune","Kongsberg","Viken","FRP","Fremskrittspartiet",2,2
2019,"ko","kommune","Kongsberg","Viken","KRISTNE","Partiet De Kristne",0,0
2019,"ko","kommune","Kongsberg","Viken","BLANKE","Blanke",0,0
2019,"ko","kommune","Kongsberg","Viken","KGBL","Kongsberglista",5,5
2019,"ko","kommune","Kongsberg","Viken","Andre","Andre",5,5
2019,"ko","kommune","Kongsberg","Viken","Andre2","Andre2",0,0
2019,"ko","kommune","Ringerike","Viken","A","Arbeiderpartiet",12,12
2019,"ko","kommune","Ringerike","Viken","SV","SV - Sosialistisk Venstreparti",2,2
2019,"ko","kommune","Ringerike","Viken","RØDT","Rødt",2,2
2019,"ko","kommune","Ringerike","Viken","SP","Senterpartiet",11,11
2019,"ko","kommune","Ringerike","Viken","KRF","Kristelig Folkeparti",1,1
2019,"ko","kommune","Ringerike","Viken","MDG","Miljøpartiet De Grønne",2,2
2019,"ko","kommune","Ringerike","Viken","V","Venstre",1,1
2019,"ko","kommune","Ringerike","Viken","H","Høyre",8,8
2019,"ko","kommune","Ringerike","Viken","FRP","Fremskrittspartiet",4,4
2019,"ko","kommune","Ringerike","Viken","LIBS","Liberalistene",0,0
2019,"ko","kommune","Ringerike","Viken","BLANKE","Blanke",0,0
2019,"ko","kommune","Ringerike","Viken","Andre","Andre",0,0
2019,"ko","kommune","Ringerike","Viken","Andre2","Andre2",0,0
2019,"ko","kommune","Hvaler","Viken","A","Arbeiderpartiet",7,7
2019,"ko","kommune","Hvaler","Viken","SV","SV - Sosialistisk Venstreparti",2,2
2019,"ko","kommune","Hvaler","Viken","SP","Senterpartiet",3,3
2019,"ko","kommune","Hvaler","Viken","MDG","Miljøpartiet De Grønne",1,1
2019,"ko","kommune","Hvaler","Viken","H","Høyre",2,2
2019,"ko","kommune","Hvaler","Viken","FRP","Fremskrittspartiet",4,4
2019,"ko","kommune","Hvaler","Viken","HELSE","Helsepartiet",0,0
2019,"ko","kommune","Hvaler","Viken","BLANKE","Blanke",0,0
2019,"ko","kommune","Hvaler","Viken","STYR","Hvaler Styrbord",2,2
2019,"ko","kommune","Hvaler","Viken","Andre","Andre",2,2
2019,"ko","kommune","Hvaler","Viken","Andre2","Andre2",0,0
2019,"ko","kommune","Aremark","Viken","A","Arbeiderpartiet",4,4
2019,"ko","kommune","Aremark","Viken","SP","Senterpartiet",8,8
2019,"ko","kommune","Aremark","Viken","KRF","Kristelig Folkeparti",2,2
2019,"ko","kommune","Aremark","Viken","H","Høyre",3,3
2019,"ko","kommune","Aremark","Viken","BLANKE","Blanke",0,0
2019,"ko","kommune","Aremark","Viken","Andre","Andre",0,0
2019,"ko","kommune","Aremark","Viken","Andre2","Andre2",0,0
2019,"ko","kommune","Marker","Viken","A","Arbeiderpartiet",7,7
2019,"ko","kommune","Marker","Viken","SP","Senterpartiet",9,9
2019,"ko","kommune","Marker","Viken","V","Venstre",2,2
2019,"ko","kommune","Marker","Viken","H","Høyre",3,3
2019,"ko","kommune","Marker","Viken","BLANKE","Blanke",0,0
2019,"ko","kommune","Marker","Viken","Andre","Andre",0,0
2019,"ko","kommune","Marker","Viken","Andre2","Andre2",0,0
2019,"ko","kommune","Indre Østfold","Viken","A","Arbeiderpartiet",9,9
2019,"ko","kommune","Indre Østfold","Viken","SV","SV - Sosialistisk Venstreparti",2,2
2019,"ko","kommune","Indre Østfold","Viken","RØDT","Rødt",1,1
2019,"ko","kommune","Indre Østfold","Viken","SP","Senterpartiet",14,14
2019,"ko","kommune","Indre Østfold","Viken","KRF","Kristelig Folkeparti",2,2
2019,"ko","kommune","Indre Østfold","Viken","MDG","Miljøpartiet De Grønne",2,2
2019,"ko","kommune","Indre Østfold","Viken","V","Venstre",1,1
2019,"ko","kommune","Indre Østfold","Viken","H","Høyre",11,11
2019,"ko","kommune","Indre Østfold","Viken","FRP","Fremskrittspartiet",3,3
2019,"ko","kommune","Indre Østfold","Viken","KRISTNE","Partiet De Kristne",0,0
2019,"ko","kommune","Indre Østfold","Viken","BLANKE","Blanke",0,0
2019,"ko","kommune","Indre Østfold","Viken","Andre","Andre",0,0
2019,"ko","kommune","Indre Østfold","Viken","Andre2","Andre2",0,0
2019,"ko","kommune","Skiptvet","Viken","A","Arbeiderpartiet",8,8
2019,"ko","kommune","Skiptvet","Viken","SP","Senterpartiet",9,9
2019,"ko","kommune","Skiptvet","Viken","KRF","Kristelig Folkeparti",1,1
2019,"ko","kommune","Skiptvet","Viken","H","Høyre",2,2
2019,"ko","kommune","Skiptvet","Viken","FRP","Fremskrittspartiet",1,1
2019,"ko","kommune","Skiptvet","Viken","BLANKE","Blanke",0,0
2019,"ko","kommune","Skiptvet","Viken","Andre","Andre",0,0
2019,"ko","kommune","Skiptvet","Viken","Andre2","Andre2",0,0
2019,"ko","kommune","Rakkestad","Viken","A","Arbeiderpartiet",6,6
2019,"ko","kommune","Rakkestad","Viken","SP","Senterpartiet",11,11
2019,"ko","kommune","Rakkestad","Viken","KRF","Kristelig Folkeparti",2,2
2019,"ko","kommune","Rakkestad","Viken","MDG","Miljøpartiet De Grønne",1,1
2019,"ko","kommune","Rakkestad","Viken","H","Høyre",3,3
2019,"ko","kommune","Rakkestad","Viken","FRP","Fremskrittspartiet",2,2
2019,"ko","kommune","Rakkestad","Viken","BLANKE","Blanke",0,0
2019,"ko","kommune","Rakkestad","Viken","Andre","Andre",0,0
2019,"ko","kommune","Rakkestad","Viken","Andre2","Andre2",0,0
2019,"ko","kommune","Råde","Viken","A","Arbeiderpartiet",4,4
2019,"ko","kommune","Råde","Viken","RØDT","Rødt",0,0
2019,"ko","kommune","Råde","Viken","SP","Senterpartiet",6,6
2019,"ko","kommune","Råde","Viken","KRF","Kristelig Folkeparti",2,2
2019,"ko","kommune","Råde","Viken","MDG","Miljøpartiet De Grønne",2,2
2019,"ko","kommune","Råde","Viken","V","Venstre",0,0
2019,"ko","kommune","Råde","Viken","H","Høyre",11,11
2019,"ko","kommune","Råde","Viken","FRP","Fremskrittspartiet",2,2
2019,"ko","kommune","Råde","Viken","BLANKE","Blanke",0,0
2019,"ko","kommune","Råde","Viken","Andre","Andre",0,0
2019,"ko","kommune","Råde","Viken","Andre2","Andre2",0,0
2019,"ko","kommune","Våler","Viken","A","Arbeiderpartiet",2,2
2019,"ko","kommune","Våler","Viken","SV","SV - Sosialistisk Venstreparti",1,1
2019,"ko","kommune","Våler","Viken","RØDT","Rødt",1,1
2019,"ko","kommune","Våler","Viken","SP","Senterpartiet",8,8
2019,"ko","kommune","Våler","Viken","KRF","Kristelig Folkeparti",1,1
2019,"ko","kommune","Våler","Viken","H","Høyre",6,6
2019,"ko","kommune","Våler","Viken","FRP","Fremskrittspartiet",2,2
2019,"ko","kommune","Våler","Viken","BLANKE","Blanke",0,0
2019,"ko","kommune","Våler","Viken","Andre","Andre",0,0
2019,"ko","kommune","Våler","Viken","Andre2","Andre2",0,0
2019,"ko","kommune","Vestby","Viken","A","Arbeiderpartiet",11,11
2019,"ko","kommune","Vestby","Viken","SV","SV - Sosialistisk Venstreparti",2,2
2019,"ko","kommune","Vestby","Viken","RØDT","Rødt",1,1
2019,"ko","kommune","Vestby","Viken","SP","Senterpartiet",3,3
2019,"ko","kommune","Vestby","Viken","KRF","Kristelig Folkeparti",0,0
2019,"ko","kommune","Vestby","Viken","MDG","Miljøpartiet De Grønne",4,4
2019,"ko","kommune","Vestby","Viken","V","Venstre",1,1
2019,"ko","kommune","Vestby","Viken","H","Høyre",7,7
2019,"ko","kommune","Vestby","Viken","FRP","Fremskrittspartiet",3,3
2019,"ko","kommune","Vestby","Viken","KRISTNE","Partiet De Kristne",0,0
2019,"ko","kommune","Vestby","Viken","BLANKE","Blanke",0,0
2019,"ko","kommune","Vestby","Viken","BYGDL","Bygdelista",3,3
2019,"ko","kommune","Vestby","Viken","Andre","Andre",3,3
2019,"ko","kommune","Vestby","Viken","Andre2","Andre2",0,0
2019,"ko","kommune","Nordre Follo","Viken","A","Arbeiderpartiet",11,11
2019,"ko","kommune","Nordre Follo","Viken","SV","SV - Sosialistisk Venstreparti",3,3
2019,"ko","kommune","Nordre Follo","Viken","RØDT","Rødt",1,1
2019,"ko","kommune","Nordre Follo","Viken","SP","Senterpartiet",3,3
2019,"ko","kommune","Nordre Follo","Viken","KRF","Kristelig Folkeparti",1,1
2019,"ko","kommune","Nordre Follo","Viken","MDG","Miljøpartiet De Grønne",5,5
2019,"ko","kommune","Nordre Follo","Viken","V","Venstre",3,3
2019,"ko","kommune","Nordre Follo","Viken","H","Høyre",14,14
2019,"ko","kommune","Nordre Follo","Viken","FRP","Fremskrittspartiet",4,4
2019,"ko","kommune","Nordre Follo","Viken","LIBS","Liberalistene",0,0
2019,"ko","kommune","Nordre Follo","Viken","PP","Pensjonistpartiet",2,2
2019,"ko","kommune","Nordre Follo","Viken","BLANKE","Blanke",0,0
2019,"ko","kommune","Nordre Follo","Viken","Andre","Andre",2,2
2019,"ko","kommune","Nordre Follo","Viken","Andre2","Andre2",0,0
2019,"ko","kommune","Ås","Viken","A","Arbeiderpartiet",9,9
2019,"ko","kommune","Ås","Viken","SV","SV - Sosialistisk Venstreparti",3,3
2019,"ko","kommune","Ås","Viken","RØDT","Rødt",1,1
2019,"ko","kommune","Ås","Viken","SP","Senterpartiet",4,4
2019,"ko","kommune","Ås","Viken","KRF","Kristelig Folkeparti",1,1
2019,"ko","kommune","Ås","Viken","MDG","Miljøpartiet De Grønne",4,4
2019,"ko","kommune","Ås","Viken","V","Venstre",2,2
2019,"ko","kommune","Ås","Viken","H","Høyre",6,6
2019,"ko","kommune","Ås","Viken","FRP","Fremskrittspartiet",3,3
2019,"ko","kommune","Ås","Viken","BLANKE","Blanke",0,0
2019,"ko","kommune","Ås","Viken","Andre","Andre",0,0
2019,"ko","kommune","Ås","Viken","Andre2","Andre2",0,0
2019,"ko","kommune","Frogn","Viken","A","Arbeiderpartiet",5,5
2019,"ko","kommune","Frogn","Viken","SV","SV - Sosialistisk Venstreparti",2,2
2019,"ko","kommune","Frogn","Viken","RØDT","Rødt",1,1
2019,"ko","kommune","Frogn","Viken","SP","Senterpartiet",2,2
2019,"ko","kommune","Frogn","Viken","KRF","Kristelig Folkeparti",1,1
2019,"ko","kommune","Frogn","Viken","MDG","Miljøpartiet De Grønne",3,3
2019,"ko","kommune","Frogn","Viken","V","Venstre",3,3
2019,"ko","kommune","Frogn","Viken","H","Høyre",11,11
2019,"ko","kommune","Frogn","Viken","FRP","Fremskrittspartiet",2,2
2019,"ko","kommune","Frogn","Viken","PP","Pensjonistpartiet",1,1
2019,"ko","kommune","Frogn","Viken","BLANKE","Blanke",0,0
2019,"ko","kommune","Frogn","Viken","Andre","Andre",1,1
2019,"ko","kommune","Frogn","Viken","Andre2","Andre2",0,0
2019,"ko","kommune","Nesodden","Viken","A","Arbeiderpartiet",6,6
2019,"ko","kommune","Nesodden","Viken","SV","SV - Sosialistisk Venstreparti",4,4
2019,"ko","kommune","Nesodden","Viken","RØDT","Rødt",4,4
2019,"ko","kommune","Nesodden","Viken","SP","Senterpartiet",2,2
2019,"ko","kommune","Nesodden","Viken","KRF","Kristelig Folkeparti",1,1
2019,"ko","kommune","Nesodden","Viken","MDG","Miljøpartiet De Grønne",4,4
2019,"ko","kommune","Nesodden","Viken","V","Venstre",2,2
2019,"ko","kommune","Nesodden","Viken","H","Høyre",6,6
2019,"ko","kommune","Nesodden","Viken","FRP","Fremskrittspartiet",2,2
2019,"ko","kommune","Nesodden","Viken","BLANKE","Blanke",0,0
2019,"ko","kommune","Nesodden","Viken","Andre","Andre",0,0
2019,"ko","kommune","Nesodden","Viken","Andre2","Andre2",0,0
2019,"ko","kommune","Bærum","Viken","A","Arbeiderpartiet",8,8
2019,"ko","kommune","Bærum","Viken","SV","SV - Sosialistisk Venstreparti",2,2
2019,"ko","kommune","Bærum","Viken","RØDT","Rødt",1,1
2019,"ko","kommune","Bærum","Viken","SP","Senterpartiet",2,2
2019,"ko","kommune","Bærum","Viken","KRF","Kristelig Folkeparti",1,1
2019,"ko","kommune","Bærum","Viken","MDG","Miljøpartiet De Grønne",5,5
2019,"ko","kommune","Bærum","Viken","V","Venstre",5,5
2019,"ko","kommune","Bærum","Viken","H","Høyre",22,22
2019,"ko","kommune","Bærum","Viken","FRP","Fremskrittspartiet",4,4
2019,"ko","kommune","Bærum","Viken","KRISTNE","Partiet De Kristne",0,0
2019,"ko","kommune","Bærum","Viken","LIBS","Liberalistene",0,0
2019,"ko","kommune","Bærum","Viken","PP","Pensjonistpartiet",1,1
2019,"ko","kommune","Bærum","Viken","BLANKE","Blanke",0,0
2019,"ko","kommune","Bærum","Viken","Andre","Andre",1,1
2019,"ko","kommune","Bærum","Viken","Andre2","Andre2",0,0
2019,"ko","kommune","Asker","Viken","A","Arbeiderpartiet",9,9
2019,"ko","kommune","Asker","Viken","SV","SV - Sosialistisk Venstreparti",3,3
2019,"ko","kommune","Asker","Viken","RØDT","Rødt",1,1
2019,"ko","kommune","Asker","Viken","SP","Senterpartiet",3,3
2019,"ko","kommune","Asker","Viken","KRF","Kristelig Folkeparti",1,1
2019,"ko","kommune","Asker","Viken","MDG","Miljøpartiet De Grønne",6,6
2019,"ko","kommune","Asker","Viken","V","Venstre",3,3
2019,"ko","kommune","Asker","Viken","H","Høyre",24,24
2019,"ko","kommune","Asker","Viken","FRP","Fremskrittspartiet",4,4
2019,"ko","kommune","Asker","Viken","LIBS","Liberalistene",0,0
2019,"ko","kommune","Asker","Viken","PP","Pensjonistpartiet",1,1
2019,"ko","kommune","Asker","Viken","BLANKE","Blanke",0,0
2019,"ko","kommune","Asker","Viken","Andre","Andre",1,1
2019,"ko","kommune","Asker","Viken","Andre2","Andre2",0,0
2019,"ko","kommune","Aurskog -Høland","Viken","A","Arbeiderpartiet",14,14
2019,"ko","kommune","Aurskog -Høland","Viken","SV","SV - Sosialistisk Venstreparti",1,1
2019,"ko","kommune","Aurskog -Høland","Viken","RØDT","Rødt",1,1
2019,"ko","kommune","Aurskog -Høland","Viken","SP","Senterpartiet",9,9
2019,"ko","kommune","Aurskog -Høland","Viken","KRF","Kristelig Folkeparti",2,2
2019,"ko","kommune","Aurskog -Høland","Viken","MDG","Miljøpartiet De Grønne",1,1
2019,"ko","kommune","Aurskog -Høland","Viken","V","Venstre",0,0
2019,"ko","kommune","Aurskog -Høland","Viken","H","Høyre",3,3
2019,"ko","kommune","Aurskog -Høland","Viken","FRP","Fremskrittspartiet",4,4
2019,"ko","kommune","Aurskog -Høland","Viken","BLANKE","Blanke",0,0
2019,"ko","kommune","Aurskog -Høland","Viken","Andre","Andre",0,0
2019,"ko","kommune","Aurskog -Høland","Viken","Andre2","Andre2",0,0
2019,"ko","kommune","Rælingen","Viken","A","Arbeiderpartiet",16,16
2019,"ko","kommune","Rælingen","Viken","SV","SV - Sosialistisk Venstreparti",2,2
2019,"ko","kommune","Rælingen","Viken","RØDT","Rødt",1,1
2019,"ko","kommune","Rælingen","Viken","SP","Senterpartiet",2,2
2019,"ko","kommune","Rælingen","Viken","KRF","Kristelig Folkeparti",1,1
2019,"ko","kommune","Rælingen","Viken","MDG","Miljøpartiet De Grønne",2,2
2019,"ko","kommune","Rælingen","Viken","V","Venstre",1,1
2019,"ko","kommune","Rælingen","Viken","H","Høyre",7,7
2019,"ko","kommune","Rælingen","Viken","FRP","Fremskrittspartiet",3,3
2019,"ko","kommune","Rælingen","Viken","HELSE","Helsepartiet",0,0
2019,"ko","kommune","Rælingen","Viken","BLANKE","Blanke",0,0
2019,"ko","kommune","Rælingen","Viken","Andre","Andre",0,0
2019,"ko","kommune","Rælingen","Viken","Andre2","Andre2",0,0
2019,"ko","kommune","Enebakk","Viken","A","Arbeiderpartiet",8,8
2019,"ko","kommune","Enebakk","Viken","SV","SV - Sosialistisk Venstreparti",1,1
2019,"ko","kommune","Enebakk","Viken","RØDT","Rødt",0,0
2019,"ko","kommune","Enebakk","Viken","SP","Senterpartiet",6,6
2019,"ko","kommune","Enebakk","Viken","KRF","Kristelig Folkeparti",1,1
2019,"ko","kommune","Enebakk","Viken","MDG","Miljøpartiet De Grønne",1,1
2019,"ko","kommune","Enebakk","Viken","V","Venstre",0,0
2019,"ko","kommune","Enebakk","Viken","H","Høyre",6,6
2019,"ko","kommune","Enebakk","Viken","FRP","Fremskrittspartiet",4,4
2019,"ko","kommune","Enebakk","Viken","BLANKE","Blanke",0,0
2019,"ko","kommune","Enebakk","Viken","Andre","Andre",0,0
2019,"ko","kommune","Enebakk","Viken","Andre2","Andre2",0,0
2019,"ko","kommune","Lørenskog","Viken","A","Arbeiderpartiet",16,16
2019,"ko","kommune","Lørenskog","Viken","SV","SV - Sosialistisk Venstreparti",3,3
2019,"ko","kommune","Lørenskog","Viken","RØDT","Rødt",2,2
2019,"ko","kommune","Lørenskog","Viken","SP","Senterpartiet",3,3
2019,"ko","kommune","Lørenskog","Viken","KRF","Kristelig Folkeparti",1,1
2019,"ko","kommune","Lørenskog","Viken","MDG","Miljøpartiet De Grønne",3,3
2019,"ko","kommune","Lørenskog","Viken","V","Venstre",2,2
2019,"ko","kommune","Lørenskog","Viken","H","Høyre",12,12
2019,"ko","kommune","Lørenskog","Viken","FRP","Fremskrittspartiet",5,5
2019,"ko","kommune","Lørenskog","Viken","BLANKE","Blanke",0,0
2019,"ko","kommune","Lørenskog","Viken","Andre","Andre",0,0
2019,"ko","kommune","Lørenskog","Viken","Andre2","Andre2",0,0
2019,"ko","kommune","Lillestrøm","Viken","A","Arbeiderpartiet",16,16
2019,"ko","kommune","Lillestrøm","Viken","SV","SV - Sosialistisk Venstreparti",3,3
2019,"ko","kommune","Lillestrøm","Viken","RØDT","Rødt",1,1
2019,"ko","kommune","Lillestrøm","Viken","SP","Senterpartiet",7,7
2019,"ko","kommune","Lillestrøm","Viken","KRF","Kristelig Folkeparti",1,1
2019,"ko","kommune","Lillestrøm","Viken","MDG","Miljøpartiet De Grønne",4,4
2019,"ko","kommune","Lillestrøm","Viken","V","Venstre",2,2
2019,"ko","kommune","Lillestrøm","Viken","H","Høyre",11,11
2019,"ko","kommune","Lillestrøm","Viken","FRP","Fremskrittspartiet",6,6
2019,"ko","kommune","Lillestrøm","Viken","DEMN","Demokratene",0,0
2019,"ko","kommune","Lillestrøm","Viken","HELSE","Helsepartiet",0,0
2019,"ko","kommune","Lillestrøm","Viken","LIBS","Liberalistene",0,0
2019,"ko","kommune","Lillestrøm","Viken","PP","Pensjonistpartiet",1,1
2019,"ko","kommune","Lillestrøm","Viken","BLANKE","Blanke",0,0
2019,"ko","kommune","Lillestrøm","Viken","FRBBL","Folkets Røst by og bygdeliste",3,3
2019,"ko","kommune","Lillestrøm","Viken","Andre","Andre",4,4
2019,"ko","kommune","Lillestrøm","Viken","Andre2","Andre2",0,0
2019,"ko","kommune","Nittedal","Viken","A","Arbeiderpartiet",7,7
2019,"ko","kommune","Nittedal","Viken","SV","SV - Sosialistisk Venstreparti",2,2
2019,"ko","kommune","Nittedal","Viken","RØDT","Rødt",1,1
2019,"ko","kommune","Nittedal","Viken","SP","Senterpartiet",3,3
2019,"ko","kommune","Nittedal","Viken","KRF","Kristelig Folkeparti",1,1
2019,"ko","kommune","Nittedal","Viken","MDG","Miljøpartiet De Grønne",2,2
2019,"ko","kommune","Nittedal","Viken","V","Venstre",2,2
2019,"ko","kommune","Nittedal","Viken","H","Høyre",8,8
2019,"ko","kommune","Nittedal","Viken","FRP","Fremskrittspartiet",3,3
2019,"ko","kommune","Nittedal","Viken","DEMN","Demokratene",0,0
2019,"ko","kommune","Nittedal","Viken","BLANKE","Blanke",0,0
2019,"ko","kommune","Nittedal","Viken","Andre","Andre",0,0
2019,"ko","kommune","Nittedal","Viken","Andre2","Andre2",0,0
2019,"ko","kommune","Gjerdrum","Viken","A","Arbeiderpartiet",6,6
2019,"ko","kommune","Gjerdrum","Viken","SV","SV - Sosialistisk Venstreparti",1,1
2019,"ko","kommune","Gjerdrum","Viken","SP","Senterpartiet",6,6
2019,"ko","kommune","Gjerdrum","Viken","KRF","Kristelig Folkeparti",1,1
2019,"ko","kommune","Gjerdrum","Viken","MDG","Miljøpartiet De Grønne",2,2
2019,"ko","kommune","Gjerdrum","Viken","V","Venstre",1,1
2019,"ko","kommune","Gjerdrum","Viken","H","Høyre",6,6
2019,"ko","kommune","Gjerdrum","Viken","FRP","Fremskrittspartiet",2,2
2019,"ko","kommune","Gjerdrum","Viken","BLANKE","Blanke",0,0
2019,"ko","kommune","Gjerdrum","Viken","Andre","Andre",0,0
2019,"ko","kommune","Gjerdrum","Viken","Andre2","Andre2",0,0
2019,"ko","kommune","Ullensaker","Viken","A","Arbeiderpartiet",12,12
2019,"ko","kommune","Ullensaker","Viken","SV","SV - Sosialistisk Venstreparti",2,2
2019,"ko","kommune","Ullensaker","Viken","RØDT","Rødt",1,1
2019,"ko","kommune","Ullensaker","Viken","SP","Senterpartiet",6,6
2019,"ko","kommune","Ullensaker","Viken","KRF","Kristelig Folkeparti",1,1
2019,"ko","kommune","Ullensaker","Viken","MDG","Miljøpartiet De Grønne",2,2
2019,"ko","kommune","Ullensaker","Viken","V","Venstre",1,1
2019,"ko","kommune","Ullensaker","Viken","H","Høyre",7,7
2019,"ko","kommune","Ullensaker","Viken","FRP","Fremskrittspartiet",13,13
2019,"ko","kommune","Ullensaker","Viken","LIBS","Liberalistene",0,0
2019,"ko","kommune","Ullensaker","Viken","BLANKE","Blanke",0,0
2019,"ko","kommune","Ullensaker","Viken","Andre","Andre",0,0
2019,"ko","kommune","Ullensaker","Viken","Andre2","Andre2",0,0
2019,"ko","kommune","Nes, Akershus","Viken","A","Arbeiderpartiet",12,12
2019,"ko","kommune","Nes, Akershus","Viken","SP","Senterpartiet",8,8
2019,"ko","kommune","Nes, Akershus","Viken","KRF","Kristelig Folkeparti",1,1
2019,"ko","kommune","Nes, Akershus","Viken","MDG","Miljøpartiet De Grønne",2,2
2019,"ko","kommune","Nes, Akershus","Viken","V","Venstre",1,1
2019,"ko","kommune","Nes, Akershus","Viken","H","Høyre",4,4
2019,"ko","kommune","Nes, Akershus","Viken","FRP","Fremskrittspartiet",4,4
2019,"ko","kommune","Nes, Akershus","Viken","LIBS","Liberalistene",0,0
2019,"ko","kommune","Nes, Akershus","Viken","BLANKE","Blanke",0,0
2019,"ko","kommune","Nes, Akershus","Viken","SVRT","Fellesliste SV - Sosialistisk Venstreparti og Rødt",2,2
2019,"ko","kommune","Nes, Akershus","Viken","TPSL","Tverrpolitisk seniorliste",1,1
2019,"ko","kommune","Nes, Akershus","Viken","Andre","Andre",3,3
2019,"ko","kommune","Nes, Akershus","Viken","Andre2","Andre2",0,0
2019,"ko","kommune","Eidsvoll","Viken","A","Arbeiderpartiet",8,8
2019,"ko","kommune","Eidsvoll","Viken","SV","SV - Sosialistisk Venstreparti",2,2
2019,"ko","kommune","Eidsvoll","Viken","RØDT","Rødt",1,1
2019,"ko","kommune","Eidsvoll","Viken","SP","Senterpartiet",9,9
2019,"ko","kommune","Eidsvoll","Viken","KRF","Kristelig Folkeparti",1,1
2019,"ko","kommune","Eidsvoll","Viken","MDG","Miljøpartiet De Grønne",2,2
2019,"ko","kommune","Eidsvoll","Viken","V","Venstre",0,0
2019,"ko","kommune","Eidsvoll","Viken","H","Høyre",6,6
2019,"ko","kommune","Eidsvoll","Viken","FRP","Fremskrittspartiet",4,4
2019,"ko","kommune","Eidsvoll","Viken","LIBS","Liberalistene",0,0
2019,"ko","kommune","Eidsvoll","Viken","PP","Pensjonistpartiet",2,2
2019,"ko","kommune","Eidsvoll","Viken","BLANKE","Blanke",0,0
2019,"ko","kommune","Eidsvoll","Viken","Andre","Andre",2,2
2019,"ko","kommune","Eidsvoll","Viken","Andre2","Andre2",0,0
2019,"ko","kommune","Nannestad","Viken","A","Arbeiderpartiet",9,9
2019,"ko","kommune","Nannestad","Viken","SV","SV - Sosialistisk Venstreparti",1,1
2019,"ko","kommune","Nannestad","Viken","RØDT","Rødt",0,0
2019,"ko","kommune","Nannestad","Viken","SP","Senterpartiet",5,5
2019,"ko","kommune","Nannestad","Viken","KRF","Kristelig Folkeparti",1,1
2019,"ko","kommune","Nannestad","Viken","MDG","Miljøpartiet De Grønne",1,1
2019,"ko","kommune","Nannestad","Viken","V","Venstre",1,1
2019,"ko","kommune","Nannestad","Viken","H","Høyre",5,5
2019,"ko","kommune","Nannestad","Viken","FRP","Fremskrittspartiet",4,4
2019,"ko","kommune","Nannestad","Viken","BLANKE","Blanke",0,0
2019,"ko","kommune","Nannestad","Viken","NAB","Nannestad bygdeliste",4,4
2019,"ko","kommune","Nannestad","Viken","Andre","Andre",4,4
2019,"ko","kommune","Nannestad","Viken","Andre2","Andre2",0,0
2019,"ko","kommune","Hurdal","Viken","A","Arbeiderpartiet",3,3
2019,"ko","kommune","Hurdal","Viken","SP","Senterpartiet",4,4
2019,"ko","kommune","Hurdal","Viken","KRF","Kristelig Folkeparti",1,1
2019,"ko","kommune","Hurdal","Viken","MDG","Miljøpartiet De Grønne",1,1
2019,"ko","kommune","Hurdal","Viken","V","Venstre",1,1
2019,"ko","kommune","Hurdal","Viken","H","Høyre",2,2
2019,"ko","kommune","Hurdal","Viken","FRP","Fremskrittspartiet",2,2
2019,"ko","kommune","Hurdal","Viken","BLANKE","Blanke",0,0
2019,"ko","kommune","Hurdal","Viken","FSVRØ","SV - Sosialistisk Venstreparti og Rødt",1,1
2019,"ko","kommune","Hurdal","Viken","GIH","Glad i Hurdal",2,2
2019,"ko","kommune","Hurdal","Viken","Andre","Andre",3,3
2019,"ko","kommune","Hurdal","Viken","Andre2","Andre2",0,0
2019,"ko","kommune","Hole","Viken","A","Arbeiderpartiet",5,5
2019,"ko","kommune","Hole","Viken","SV","SV - Sosialistisk Venstreparti",2,2
2019,"ko","kommune","Hole","Viken","SP","Senterpartiet",4,4
2019,"ko","kommune","Hole","Viken","KRF","Kristelig Folkeparti",1,1
2019,"ko","kommune","Hole","Viken","MDG","Miljøpartiet De Grønne",1,1
2019,"ko","kommune","Hole","Viken","H","Høyre",9,9
2019,"ko","kommune","Hole","Viken","FRP","Fremskrittspartiet",1,1
2019,"ko","kommune","Hole","Viken","BLANKE","Blanke",0,0
2019,"ko","kommune","Hole","Viken","Andre","Andre",0,0
2019,"ko","kommune","Hole","Viken","Andre2","Andre2",0,0
2019,"ko","kommune","Flå","Viken","SP","Senterpartiet",2,2
2019,"ko","kommune","Flå","Viken","AKSAM","Ap og KrF samarbeidet",5,5
2019,"ko","kommune","Flå","Viken","BLANKE","Blanke",0,0
2019,"ko","kommune","Flå","Viken","BLFLÅ","Bygdelista for Flå",6,6
2019,"ko","kommune","Flå","Viken","Andre","Andre",11,11
2019,"ko","kommune","Flå","Viken","Andre2","Andre2",0,0
2019,"ko","kommune","Nes, Buskerud","Viken","A","Arbeiderpartiet",3,3
2019,"ko","kommune","Nes, Buskerud","Viken","SP","Senterpartiet",4,4
2019,"ko","kommune","Nes, Buskerud","Viken","H","Høyre",4,4
2019,"ko","kommune","Nes, Buskerud","Viken","BLANKE","Blanke",0,0
2019,"ko","kommune","Nes, Buskerud","Viken","NBL","Nes bygdeliste",10,10
2019,"ko","kommune","Nes, Buskerud","Viken","Andre","Andre",10,10
2019,"ko","kommune","Nes, Buskerud","Viken","Andre2","Andre2",0,0
2019,"ko","kommune","Gol","Viken","A","Arbeiderpartiet",9,9
2019,"ko","kommune","Gol","Viken","SV","SV - Sosialistisk Venstreparti",1,1
2019,"ko","kommune","Gol","Viken","SP","Senterpartiet",5,5
2019,"ko","kommune","Gol","Viken","KRF","Kristelig Folkeparti",0,0
2019,"ko","kommune","Gol","Viken","V","Venstre",1,1
2019,"ko","kommune","Gol","Viken","H","Høyre",4,4
2019,"ko","kommune","Gol","Viken","FRP","Fremskrittspartiet",1,1
2019,"ko","kommune","Gol","Viken","BLANKE","Blanke",0,0
2019,"ko","kommune","Gol","Viken","Andre","Andre",0,0
2019,"ko","kommune","Gol","Viken","Andre2","Andre2",0,0
2019,"ko","kommune","Hemsedal","Viken","A","Arbeiderpartiet",2,2
2019,"ko","kommune","Hemsedal","Viken","SV","SV - Sosialistisk Venstreparti",1,1
2019,"ko","kommune","Hemsedal","Viken","SP","Senterpartiet",6,6
2019,"ko","kommune","Hemsedal","Viken","KRF","Kristelig Folkeparti",1,1
2019,"ko","kommune","Hemsedal","Viken","V","Venstre",1,1
2019,"ko","kommune","Hemsedal","Viken","H","Høyre",5,5
2019,"ko","kommune","Hemsedal","Viken","FRP","Fremskrittspartiet",0,0
2019,"ko","kommune","Hemsedal","Viken","BLANKE","Blanke",0,0
2019,"ko","kommune","Hemsedal","Viken","HBL","Hemsedal Bygdeliste",1,1
2019,"ko","kommune","Hemsedal","Viken","Andre","Andre",1,1
2019,"ko","kommune","Hemsedal","Viken","Andre2","Andre2",0,0
2019,"ko","kommune","Ål","Viken","A","Arbeiderpartiet",9,9
2019,"ko","kommune","Ål","Viken","SV","SV - Sosialistisk Venstreparti",2,2
2019,"ko","kommune","Ål","Viken","SP","Senterpartiet",8,8
2019,"ko","kommune","Ål","Viken","V","Venstre",1,1
2019,"ko","kommune","Ål","Viken","H","Høyre",4,4
2019,"ko","kommune","Ål","Viken","FRP","Fremskrittspartiet",1,1
2019,"ko","kommune","Ål","Viken","BLANKE","Blanke",0,0
2019,"ko","kommune","Ål","Viken","Andre","Andre",0,0
2019,"ko","kommune","Ål","Viken","Andre2","Andre2",0,0
2019,"ko","kommune","Hol","Viken","A","Arbeiderpartiet",6,6
2019,"ko","kommune","Hol","Viken","SP","Senterpartiet",8,8
2019,"ko","kommune","Hol","Viken","V","Venstre",1,1
2019,"ko","kommune","Hol","Viken","H","Høyre",6,6
2019,"ko","kommune","Hol","Viken","BLANKE","Blanke",0,0
2019,"ko","kommune","Hol","Viken","Andre","Andre",0,0
2019,"ko","kommune","Hol","Viken","Andre2","Andre2",0,0
2019,"ko","kommune","Sigdal","Viken","A","Arbeiderpartiet",3,3
2019,"ko","kommune","Sigdal","Viken","SP","Senterpartiet",11,11
2019,"ko","kommune","Sigdal","Viken","H","Høyre",2,2
2019,"ko","kommune","Sigdal","Viken","FRP","Fremskrittspartiet",1,1
2019,"ko","kommune","Sigdal","Viken","BLANKE","Blanke",0,0
2019,"ko","kommune","Sigdal","Viken","BYGDS","Bygdelista",4,4
2019,"ko","kommune","Sigdal","Viken","Andre","Andre",4,4
2019,"ko","kommune","Sigdal","Viken","Andre2","Andre2",0,0
2019,"ko","kommune","Krødsherad","Viken","A","Arbeiderpartiet",6,6
2019,"ko","kommune","Krødsherad","Viken","H","Høyre",4,4
2019,"ko","kommune","Krødsherad","Viken","BLANKE","Blanke",0,0
2019,"ko","kommune","Krødsherad","Viken","NB","Nye Bygdelista",7,7
2019,"ko","kommune","Krødsherad","Viken","Andre","Andre",7,7
2019,"ko","kommune","Krødsherad","Viken","Andre2","Andre2",0,0
2019,"ko","kommune","Modum","Viken","A","Arbeiderpartiet",14,14
2019,"ko","kommune","Modum","Viken","SV","SV - Sosialistisk Venstreparti",1,1
2019,"ko","kommune","Modum","Viken","RØDT","Rødt",0,0
2019,"ko","kommune","Modum","Viken","SP","Senterpartiet",8,8
2019,"ko","kommune","Modum","Viken","KRF","Kristelig Folkeparti",1,1
2019,"ko","kommune","Modum","Viken","MDG","Miljøpartiet De Grønne",1,1
2019,"ko","kommune","Modum","Viken","V","Venstre",1,1
2019,"ko","kommune","Modum","Viken","H","Høyre",4,4
2019,"ko","kommune","Modum","Viken","FRP","Fremskrittspartiet",5,5
2019,"ko","kommune","Modum","Viken","HELSE","Helsepartiet",0,0
2019,"ko","kommune","Modum","Viken","BLANKE","Blanke",0,0
2019,"ko","kommune","Modum","Viken","Andre","Andre",0,0
2019,"ko","kommune","Modum","Viken","Andre2","Andre2",0,0
2019,"ko","kommune","Øvre Eiker","Viken","A","Arbeiderpartiet",8,8
2019,"ko","kommune","Øvre Eiker","Viken","SV","SV - Sosialistisk Venstreparti",2,2
2019,"ko","kommune","Øvre Eiker","Viken","RØDT","Rødt",0,0
2019,"ko","kommune","Øvre Eiker","Viken","SP","Senterpartiet",11,11
2019,"ko","kommune","Øvre Eiker","Viken","KRF","Kristelig Folkeparti",1,1
2019,"ko","kommune","Øvre Eiker","Viken","MDG","Miljøpartiet De Grønne",1,1
2019,"ko","kommune","Øvre Eiker","Viken","V","Venstre",1,1
2019,"ko","kommune","Øvre Eiker","Viken","H","Høyre",9,9
2019,"ko","kommune","Øvre Eiker","Viken","FRP","Fremskrittspartiet",4,4
2019,"ko","kommune","Øvre Eiker","Viken","BLANKE","Blanke",0,0
2019,"ko","kommune","Øvre Eiker","Viken","Andre","Andre",0,0
2019,"ko","kommune","Øvre Eiker","Viken","Andre2","Andre2",0,0
2019,"ko","kommune","Lier","Viken","A","Arbeiderpartiet",11,11
2019,"ko","kommune","Lier","Viken","SV","SV - Sosialistisk Venstreparti",2,2
2019,"ko","kommune","Lier","Viken","SP","Senterpartiet",4,4
2019,"ko","kommune","Lier","Viken","KRF","Kristelig Folkeparti",1,1
2019,"ko","kommune","Lier","Viken","MDG","Miljøpartiet De Grønne",3,3
2019,"ko","kommune","Lier","Viken","V","Venstre",1,1
2019,"ko","kommune","Lier","Viken","H","Høyre",15,15
2019,"ko","kommune","Lier","Viken","FRP","Fremskrittspartiet",4,4
2019,"ko","kommune","Lier","Viken","BLANKE","Blanke",0,0
2019,"ko","kommune","Lier","Viken","Andre","Andre",0,0
2019,"ko","kommune","Lier","Viken","Andre2","Andre2",0,0
2019,"ko","kommune","Flesberg","Viken","A","Arbeiderpartiet",4,4
2019,"ko","kommune","Flesberg","Viken","SP","Senterpartiet",10,10
2019,"ko","kommune","Flesberg","Viken","V","Venstre",1,1
2019,"ko","kommune","Flesberg","Viken","H","Høyre",3,3
2019,"ko","kommune","Flesberg","Viken","FRP","Fremskrittspartiet",3,3
2019,"ko","kommune","Flesberg","Viken","BLANKE","Blanke",0,0
2019,"ko","kommune","Flesberg","Viken","Andre","Andre",0,0
2019,"ko","kommune","Flesberg","Viken","Andre2","Andre2",0,0
2019,"ko","kommune","Rollag","Viken","A","Arbeiderpartiet",7,7
2019,"ko","kommune","Rollag","Viken","SP","Senterpartiet",10,10
2019,"ko","kommune","Rollag","Viken","BLANKE","Blanke",0,0
2019,"ko","kommune","Rollag","Viken","Andre","Andre",0,0
2019,"ko","kommune","Rollag","Viken","Andre2","Andre2",0,0
2019,"ko","kommune","Nore og Uvdal","Viken","A","Arbeiderpartiet",9,9
2019,"ko","kommune","Nore og Uvdal","Viken","SV","SV - Sosialistisk Venstreparti",1,1
2019,"ko","kommune","Nore og Uvdal","Viken","SP","Senterpartiet",8,8
2019,"ko","kommune","Nore og Uvdal","Viken","H","Høyre",4,4
2019,"ko","kommune","Nore og Uvdal","Viken","FRP","Fremskrittspartiet",1,1
2019,"ko","kommune","Nore og Uvdal","Viken","BLANKE","Blanke",0,0
2019,"ko","kommune","Nore og Uvdal","Viken","Andre","Andre",0,0
2019,"ko","kommune","Nore og Uvdal","Viken","Andre2","Andre2",0,0
2019,"ko","kommune","Jevnaker","Viken","A","Arbeiderpartiet",9,9
2019,"ko","kommune","Jevnaker","Viken","SV","SV - Sosialistisk Venstreparti",2,2
2019,"ko","kommune","Jevnaker","Viken","SP","Senterpartiet",3,3
2019,"ko","kommune","Jevnaker","Viken","MDG","Miljøpartiet De Grønne",1,1
2019,"ko","kommune","Jevnaker","Viken","H","Høyre",2,2
2019,"ko","kommune","Jevnaker","Viken","FRP","Fremskrittspartiet",2,2
2019,"ko","kommune","Jevnaker","Viken","BLANKE","Blanke",0,0
2019,"ko","kommune","Jevnaker","Viken","Andre","Andre",0,0
2019,"ko","kommune","Jevnaker","Viken","Andre2","Andre2",0,0
2019,"ko","kommune","Lunner","Viken","A","Arbeiderpartiet",10,10
2019,"ko","kommune","Lunner","Viken","SV","SV - Sosialistisk Venstreparti",1,1
2019,"ko","kommune","Lunner","Viken","RØDT","Rødt",1,1
2019,"ko","kommune","Lunner","Viken","SP","Senterpartiet",6,6
2019,"ko","kommune","Lunner","Viken","MDG","Miljøpartiet De Grønne",1,1
2019,"ko","kommune","Lunner","Viken","V","Venstre",0,0
2019,"ko","kommune","Lunner","Viken","H","Høyre",4,4
2019,"ko","kommune","Lunner","Viken","FRP","Fremskrittspartiet",2,2
2019,"ko","kommune","Lunner","Viken","BLANKE","Blanke",0,0
2019,"ko","kommune","Lunner","Viken","Andre","Andre",0,0
2019,"ko","kommune","Lunner","Viken","Andre2","Andre2",0,0
2019,"ko","kommune","Kongsvinger","Innlandet","A","Arbeiderpartiet",10,10
2019,"ko","kommune","Kongsvinger","Innlandet","SV","SV - Sosialistisk Venstreparti",2,2
2019,"ko","kommune","Kongsvinger","Innlandet","RØDT","Rødt",1,1
2019,"ko","kommune","Kongsvinger","Innlandet","SP","Senterpartiet",8,8
2019,"ko","kommune","Kongsvinger","Innlandet","KRF","Kristelig Folkeparti",1,1
2019,"ko","kommune","Kongsvinger","Innlandet","MDG","Miljøpartiet De Grønne",1,1
2019,"ko","kommune","Kongsvinger","Innlandet","V","Venstre",1,1
2019,"ko","kommune","Kongsvinger","Innlandet","H","Høyre",4,4
2019,"ko","kommune","Kongsvinger","Innlandet","FRP","Fremskrittspartiet",2,2
2019,"ko","kommune","Kongsvinger","Innlandet","LIBS","Liberalistene",0,0
2019,"ko","kommune","Kongsvinger","Innlandet","PP","Pensjonistpartiet",3,3
2019,"ko","kommune","Kongsvinger","Innlandet","BLANKE","Blanke",0,0
2019,"ko","kommune","Kongsvinger","Innlandet","Andre","Andre",3,3
2019,"ko","kommune","Kongsvinger","Innlandet","Andre2","Andre2",0,0
2019,"ko","kommune","Hamar","Innlandet","A","Arbeiderpartiet",9,9
2019,"ko","kommune","Hamar","Innlandet","SV","SV - Sosialistisk Venstreparti",2,2
2019,"ko","kommune","Hamar","Innlandet","RØDT","Rødt",1,1
2019,"ko","kommune","Hamar","Innlandet","SP","Senterpartiet",3,3
2019,"ko","kommune","Hamar","Innlandet","KRF","Kristelig Folkeparti",1,1
2019,"ko","kommune","Hamar","Innlandet","MDG","Miljøpartiet De Grønne",2,2
2019,"ko","kommune","Hamar","Innlandet","V","Venstre",1,1
2019,"ko","kommune","Hamar","Innlandet","H","Høyre",4,4
2019,"ko","kommune","Hamar","Innlandet","FRP","Fremskrittspartiet",1,1
2019,"ko","kommune","Hamar","Innlandet","PP","Pensjonistpartiet",1,1
2019,"ko","kommune","Hamar","Innlandet","BBL","By- og bygdelista",14,14
2019,"ko","kommune","Hamar","Innlandet","BLANKE","Blanke",0,0
2019,"ko","kommune","Hamar","Innlandet","Andre","Andre",15,15
2019,"ko","kommune","Hamar","Innlandet","Andre2","Andre2",0,0
2019,"ko","kommune","Lillehammer","Innlandet","A","Arbeiderpartiet",13,13
2019,"ko","kommune","Lillehammer","Innlandet","SV","SV - Sosialistisk Venstreparti",4,4
2019,"ko","kommune","Lillehammer","Innlandet","RØDT","Rødt",3,3
2019,"ko","kommune","Lillehammer","Innlandet","SP","Senterpartiet",8,8
2019,"ko","kommune","Lillehammer","Innlandet","KRF","Kristelig Folkeparti",1,1
2019,"ko","kommune","Lillehammer","Innlandet","MDG","Miljøpartiet De Grønne",4,4
2019,"ko","kommune","Lillehammer","Innlandet","V","Venstre",2,2
2019,"ko","kommune","Lillehammer","Innlandet","H","Høyre",9,9
2019,"ko","kommune","Lillehammer","Innlandet","FRP","Fremskrittspartiet",2,2
2019,"ko","kommune","Lillehammer","Innlandet","PP","Pensjonistpartiet",1,1
2019,"ko","kommune","Lillehammer","Innlandet","BLANKE","Blanke",0,0
2019,"ko","kommune","Lillehammer","Innlandet","Andre","Andre",1,1
2019,"ko","kommune","Lillehammer","Innlandet","Andre2","Andre2",0,0
2019,"ko","kommune","Gjøvik","Innlandet","A","Arbeiderpartiet",14,14
2019,"ko","kommune","Gjøvik","Innlandet","SV","SV - Sosialistisk Venstreparti",2,2
2019,"ko","kommune","Gjøvik","Innlandet","RØDT","Rødt",2,2
2019,"ko","kommune","Gjøvik","Innlandet","SP","Senterpartiet",9,9
2019,"ko","kommune","Gjøvik","Innlandet","KRF","Kristelig Folkeparti",1,1
2019,"ko","kommune","Gjøvik","Innlandet","MDG","Miljøpartiet De Grønne",2,2
2019,"ko","kommune","Gjøvik","Innlandet","V","Venstre",1,1
2019,"ko","kommune","Gjøvik","Innlandet","H","Høyre",8,8
2019,"ko","kommune","Gjøvik","Innlandet","FRP","Fremskrittspartiet",2,2
2019,"ko","kommune","Gjøvik","Innlandet","KRISTNE","Partiet De Kristne",0,0
2019,"ko","kommune","Gjøvik","Innlandet","LIBS","Liberalistene",0,0
2019,"ko","kommune","Gjøvik","Innlandet","BLANKE","Blanke",0,0
2019,"ko","kommune","Gjøvik","Innlandet","Andre","Andre",0,0
2019,"ko","kommune","Gjøvik","Innlandet","Andre2","Andre2",0,0
2019,"ko","kommune","Ringsaker","Innlandet","A","Arbeiderpartiet",18,18
2019,"ko","kommune","Ringsaker","Innlandet","SV","SV - Sosialistisk Venstreparti",1,1
2019,"ko","kommune","Ringsaker","Innlandet","RØDT","Rødt",1,1
2019,"ko","kommune","Ringsaker","Innlandet","SP","Senterpartiet",10,10
2019,"ko","kommune","Ringsaker","Innlandet","KRF","Kristelig Folkeparti",0,0
2019,"ko","kommune","Ringsaker","Innlandet","MDG","Miljøpartiet De Grønne",1,1
2019,"ko","kommune","Ringsaker","Innlandet","V","Venstre",0,0
2019,"ko","kommune","Ringsaker","Innlandet","H","Høyre",3,3
2019,"ko","kommune","Ringsaker","Innlandet","FRP","Fremskrittspartiet",2,2
2019,"ko","kommune","Ringsaker","Innlandet","PP","Pensjonistpartiet",2,2
2019,"ko","kommune","Ringsaker","Innlandet","BLANKE","Blanke",0,0
2019,"ko","kommune","Ringsaker","Innlandet","RSL","Ringsaklista",1,1
2019,"ko","kommune","Ringsaker","Innlandet","Andre","Andre",3,3
2019,"ko","kommune","Ringsaker","Innlandet","Andre2","Andre2",0,0
2019,"ko","kommune","Løten","Innlandet","A","Arbeiderpartiet",7,7
2019,"ko","kommune","Løten","Innlandet","SV","SV - Sosialistisk Venstreparti",1,1
2019,"ko","kommune","Løten","Innlandet","SP","Senterpartiet",14,14
2019,"ko","kommune","Løten","Innlandet","MDG","Miljøpartiet De Grønne",1,1
2019,"ko","kommune","Løten","Innlandet","V","Venstre",0,0
2019,"ko","kommune","Løten","Innlandet","H","Høyre",1,1
2019,"ko","kommune","Løten","Innlandet","FRP","Fremskrittspartiet",1,1
2019,"ko","kommune","Løten","Innlandet","BLANKE","Blanke",0,0
2019,"ko","kommune","Løten","Innlandet","Andre","Andre",0,0
2019,"ko","kommune","Løten","Innlandet","Andre2","Andre2",0,0
2019,"ko","kommune","Stange","Innlandet","A","Arbeiderpartiet",13,13
2019,"ko","kommune","Stange","Innlandet","SV","SV - Sosialistisk Venstreparti",2,2
2019,"ko","kommune","Stange","Innlandet","RØDT","Rødt",1,1
2019,"ko","kommune","Stange","Innlandet","SP","Senterpartiet",9,9
2019,"ko","kommune","Stange","Innlandet","KRF","Kristelig Folkeparti",1,1
2019,"ko","kommune","Stange","Innlandet","MDG","Miljøpartiet De Grønne",1,1
2019,"ko","kommune","Stange","Innlandet","V","Venstre",0,0
2019,"ko","kommune","Stange","Innlandet","H","Høyre",2,2
2019,"ko","kommune","Stange","Innlandet","FRP","Fremskrittspartiet",2,2
2019,"ko","kommune","Stange","Innlandet","KRISTNE","Partiet De Kristne",0,0
2019,"ko","kommune","Stange","Innlandet","PP","Pensjonistpartiet",0,0
2019,"ko","kommune","Stange","Innlandet","BLANKE","Blanke",0,0
2019,"ko","kommune","Stange","Innlandet","BLSTA","Bygdelista i Stange",1,1
2019,"ko","kommune","Stange","Innlandet","NLO","Nærmiljølista Ottestad",3,3
2019,"ko","kommune","Stange","Innlandet","Andre","Andre",4,4
2019,"ko","kommune","Stange","Innlandet","Andre2","Andre2",0,0
2019,"ko","kommune","Nord-Odal","Innlandet","A","Arbeiderpartiet",10,10
2019,"ko","kommune","Nord-Odal","Innlandet","SV","SV - Sosialistisk Venstreparti",2,2
2019,"ko","kommune","Nord-Odal","Innlandet","SP","Senterpartiet",9,9
2019,"ko","kommune","Nord-Odal","Innlandet","H","Høyre",2,2
2019,"ko","kommune","Nord-Odal","Innlandet","FRP","Fremskrittspartiet",2,2
2019,"ko","kommune","Nord-Odal","Innlandet","BLANKE","Blanke",0,0
2019,"ko","kommune","Nord-Odal","Innlandet","Andre","Andre",0,0
2019,"ko","kommune","Nord-Odal","Innlandet","Andre2","Andre2",0,0
2019,"ko","kommune","Sør-Odal","Innlandet","A","Arbeiderpartiet",10,10
2019,"ko","kommune","Sør-Odal","Innlandet","SV","SV - Sosialistisk Venstreparti",1,1
2019,"ko","kommune","Sør-Odal","Innlandet","RØDT","Rødt",1,1
2019,"ko","kommune","Sør-Odal","Innlandet","SP","Senterpartiet",5,5
2019,"ko","kommune","Sør-Odal","Innlandet","MDG","Miljøpartiet De Grønne",0,0
2019,"ko","kommune","Sør-Odal","Innlandet","V","Venstre",0,0
2019,"ko","kommune","Sør-Odal","Innlandet","H","Høyre",4,4
2019,"ko","kommune","Sør-Odal","Innlandet","FRP","Fremskrittspartiet",2,2
2019,"ko","kommune","Sør-Odal","Innlandet","LIBS","Liberalistene",0,0
2019,"ko","kommune","Sør-Odal","Innlandet","PP","Pensjonistpartiet",1,1
2019,"ko","kommune","Sør-Odal","Innlandet","BLANKE","Blanke",0,0
2019,"ko","kommune","Sør-Odal","Innlandet","SOBY","Sør-Odal Bygdeliste",3,3
2019,"ko","kommune","Sør-Odal","Innlandet","Andre","Andre",4,4
2019,"ko","kommune","Sør-Odal","Innlandet","Andre2","Andre2",0,0
2019,"ko","kommune","Eidskog","Innlandet","A","Arbeiderpartiet",9,9
2019,"ko","kommune","Eidskog","Innlandet","SV","SV - Sosialistisk Venstreparti",1,1
2019,"ko","kommune","Eidskog","Innlandet","SP","Senterpartiet",9,9
2019,"ko","kommune","Eidskog","Innlandet","MDG","Miljøpartiet De Grønne",0,0
2019,"ko","kommune","Eidskog","Innlandet","V","Venstre",1,1
2019,"ko","kommune","Eidskog","Innlandet","H","Høyre",3,3
2019,"ko","kommune","Eidskog","Innlandet","FRP","Fremskrittspartiet",2,2
2019,"ko","kommune","Eidskog","Innlandet","PP","Pensjonistpartiet",0,0
2019,"ko","kommune","Eidskog","Innlandet","BLANKE","Blanke",0,0
2019,"ko","kommune","Eidskog","Innlandet","Andre","Andre",0,0
2019,"ko","kommune","Eidskog","Innlandet","Andre2","Andre2",0,0
2019,"ko","kommune","Grue","Innlandet","A","Arbeiderpartiet",8,8
2019,"ko","kommune","Grue","Innlandet","SP","Senterpartiet",6,6
2019,"ko","kommune","Grue","Innlandet","H","Høyre",3,3
2019,"ko","kommune","Grue","Innlandet","FRP","Fremskrittspartiet",1,1
2019,"ko","kommune","Grue","Innlandet","BLANKE","Blanke",0,0
2019,"ko","kommune","Grue","Innlandet","GRB","Grue Bygdeliste",1,1
2019,"ko","kommune","Grue","Innlandet","Andre","Andre",1,1
2019,"ko","kommune","Grue","Innlandet","Andre2","Andre2",0,0
2019,"ko","kommune","Åsnes","Innlandet","A","Arbeiderpartiet",8,8
2019,"ko","kommune","Åsnes","Innlandet","SP","Senterpartiet",9,9
2019,"ko","kommune","Åsnes","Innlandet","V","Venstre",2,2
2019,"ko","kommune","Åsnes","Innlandet","H","Høyre",1,1
2019,"ko","kommune","Åsnes","Innlandet","FRP","Fremskrittspartiet",2,2
2019,"ko","kommune","Åsnes","Innlandet","PP","Pensjonistpartiet",1,1
2019,"ko","kommune","Åsnes","Innlandet","BLANKE","Blanke",0,0
2019,"ko","kommune","Åsnes","Innlandet","Andre","Andre",1,1
2019,"ko","kommune","Åsnes","Innlandet","Andre2","Andre2",0,0
2019,"ko","kommune","Våler","Innlandet","A","Arbeiderpartiet",4,4
2019,"ko","kommune","Våler","Innlandet","SV","SV - Sosialistisk Venstreparti",1,1
2019,"ko","kommune","Våler","Innlandet","SP","Senterpartiet",5,5
2019,"ko","kommune","Våler","Innlandet","V","Venstre",0,0
2019,"ko","kommune","Våler","Innlandet","H","Høyre",1,1
2019,"ko","kommune","Våler","Innlandet","FRP","Fremskrittspartiet",1,1
2019,"ko","kommune","Våler","Innlandet","PP","Pensjonistpartiet",1,1
2019,"ko","kommune","Våler","Innlandet","BLANKE","Blanke",0,0
2019,"ko","kommune","Våler","Innlandet","BVS","Bygdelista Våler i Solør",3,3
2019,"ko","kommune","Våler","Innlandet","FOLI","Folkelista",3,3
2019,"ko","kommune","Våler","Innlandet","Andre","Andre",7,7
2019,"ko","kommune","Våler","Innlandet","Andre2","Andre2",0,0
2019,"ko","kommune","Elverum","Innlandet","A","Arbeiderpartiet",13,13
2019,"ko","kommune","Elverum","Innlandet","SV","SV - Sosialistisk Venstreparti",4,4
2019,"ko","kommune","Elverum","Innlandet","SP","Senterpartiet",8,8
2019,"ko","kommune","Elverum","Innlandet","KRF","Kristelig Folkeparti",0,0
2019,"ko","kommune","Elverum","Innlandet","MDG","Miljøpartiet De Grønne",2,2
2019,"ko","kommune","Elverum","Innlandet","V","Venstre",0,0
2019,"ko","kommune","Elverum","Innlandet","H","Høyre",4,4
2019,"ko","kommune","Elverum","Innlandet","FRP","Fremskrittspartiet",3,3
2019,"ko","kommune","Elverum","Innlandet","PP","Pensjonistpartiet",1,1
2019,"ko","kommune","Elverum","Innlandet","BLANKE","Blanke",0,0
2019,"ko","kommune","Elverum","Innlandet","Andre","Andre",1,1
2019,"ko","kommune","Elverum","Innlandet","Andre2","Andre2",0,0
2019,"ko","kommune","Trysil","Innlandet","A","Arbeiderpartiet",8,8
2019,"ko","kommune","Trysil","Innlandet","SV","SV - Sosialistisk Venstreparti",1,1
2019,"ko","kommune","Trysil","Innlandet","SP","Senterpartiet",10,10
2019,"ko","kommune","Trysil","Innlandet","KRF","Kristelig Folkeparti",0,0
2019,"ko","kommune","Trysil","Innlandet","MDG","Miljøpartiet De Grønne",0,0
2019,"ko","kommune","Trysil","Innlandet","V","Venstre",0,0
2019,"ko","kommune","Trysil","Innlandet","H","Høyre",3,3
2019,"ko","kommune","Trysil","Innlandet","FRP","Fremskrittspartiet",1,1
2019,"ko","kommune","Trysil","Innlandet","BLANKE","Blanke",0,0
2019,"ko","kommune","Trysil","Innlandet","Andre","Andre",0,0
2019,"ko","kommune","Trysil","Innlandet","Andre2","Andre2",0,0
2019,"ko","kommune","Åmot","Innlandet","A","Arbeiderpartiet",6,6
2019,"ko","kommune","Åmot","Innlandet","SV","SV - Sosialistisk Venstreparti",2,2
2019,"ko","kommune","Åmot","Innlandet","SP","Senterpartiet",8,8
2019,"ko","kommune","Åmot","Innlandet","V","Venstre",0,0
2019,"ko","kommune","Åmot","Innlandet","H","Høyre",2,2
2019,"ko","kommune","Åmot","Innlandet","FRP","Fremskrittspartiet",1,1
2019,"ko","kommune","Åmot","Innlandet","BLANKE","Blanke",0,0
2019,"ko","kommune","Åmot","Innlandet","Andre","Andre",0,0
2019,"ko","kommune","Åmot","Innlandet","Andre2","Andre2",0,0
2019,"ko","kommune","Stor-Elvdal","Innlandet","A","Arbeiderpartiet",6,6
2019,"ko","kommune","Stor-Elvdal","Innlandet","SV","SV - Sosialistisk Venstreparti",2,2
2019,"ko","kommune","Stor-Elvdal","Innlandet","SP","Senterpartiet",5,5
2019,"ko","kommune","Stor-Elvdal","Innlandet","V","Venstre",1,1
2019,"ko","kommune","Stor-Elvdal","Innlandet","H","Høyre",2,2
2019,"ko","kommune","Stor-Elvdal","Innlandet","FRP","Fremskrittspartiet",1,1
2019,"ko","kommune","Stor-Elvdal","Innlandet","BLANKE","Blanke",0,0
2019,"ko","kommune","Stor-Elvdal","Innlandet","Andre","Andre",0,0
2019,"ko","kommune","Stor-Elvdal","Innlandet","Andre2","Andre2",0,0
2019,"ko","kommune","Rendalen","Innlandet","A","Arbeiderpartiet",9,9
2019,"ko","kommune","Rendalen","Innlandet","SV","SV - Sosialistisk Venstreparti",1,1
2019,"ko","kommune","Rendalen","Innlandet","SP","Senterpartiet",6,6
2019,"ko","kommune","Rendalen","Innlandet","H","Høyre",1,1
2019,"ko","kommune","Rendalen","Innlandet","BLANKE","Blanke",0,0
2019,"ko","kommune","Rendalen","Innlandet","Andre","Andre",0,0
2019,"ko","kommune","Rendalen","Innlandet","Andre2","Andre2",0,0
2019,"ko","kommune","Engerdal","Innlandet","A","Arbeiderpartiet",7,7
2019,"ko","kommune","Engerdal","Innlandet","H","Høyre",1,1
2019,"ko","kommune","Engerdal","Innlandet","BLANKE","Blanke",0,0
2019,"ko","kommune","Engerdal","Innlandet","SP_U","Samlingslista, Sp og uavhengige",7,7
2019,"ko","kommune","Engerdal","Innlandet","Andre","Andre",7,7
2019,"ko","kommune","Engerdal","Innlandet","Andre2","Andre2",0,0
2019,"ko","kommune","Tolga","Innlandet","A","Arbeiderpartiet",3,3
2019,"ko","kommune","Tolga","Innlandet","SV","SV - Sosialistisk Venstreparti",5,5
2019,"ko","kommune","Tolga","Innlandet","SP","Senterpartiet",6,6
2019,"ko","kommune","Tolga","Innlandet","V","Venstre",1,1
2019,"ko","kommune","Tolga","Innlandet","BLANKE","Blanke",0,0
2019,"ko","kommune","Tolga","Innlandet","Andre","Andre",0,0
2019,"ko","kommune","Tolga","Innlandet","Andre2","Andre2",0,0
2019,"ko","kommune","Tynset","Innlandet","A","Arbeiderpartiet",6,6
2019,"ko","kommune","Tynset","Innlandet","SV","SV - Sosialistisk Venstreparti",2,2
2019,"ko","kommune","Tynset","Innlandet","SP","Senterpartiet",14,14
2019,"ko","kommune","Tynset","Innlandet","KRF","Kristelig Folkeparti",0,0
2019,"ko","kommune","Tynset","Innlandet","MDG","Miljøpartiet De Grønne",1,1
2019,"ko","kommune","Tynset","Innlandet","V","Venstre",1,1
2019,"ko","kommune","Tynset","Innlandet","H","Høyre",2,2
2019,"ko","kommune","Tynset","Innlandet","FRP","Fremskrittspartiet",0,0
2019,"ko","kommune","Tynset","Innlandet","PP","Pensjonistpartiet",1,1
2019,"ko","kommune","Tynset","Innlandet","BLANKE","Blanke",0,0
2019,"ko","kommune","Tynset","Innlandet","Andre","Andre",1,1
2019,"ko","kommune","Tynset","Innlandet","Andre2","Andre2",0,0
2019,"ko","kommune","Alvdal","Innlandet","A","Arbeiderpartiet",4,4
2019,"ko","kommune","Alvdal","Innlandet","SP","Senterpartiet",7,7
2019,"ko","kommune","Alvdal","Innlandet","KRF","Kristelig Folkeparti",1,1
2019,"ko","kommune","Alvdal","Innlandet","MDG","Miljøpartiet De Grønne",1,1
2019,"ko","kommune","Alvdal","Innlandet","V","Venstre",0,0
2019,"ko","kommune","Alvdal","Innlandet","H","Høyre",4,4
2019,"ko","kommune","Alvdal","Innlandet","BLANKE","Blanke",0,0
2019,"ko","kommune","Alvdal","Innlandet","Andre","Andre",0,0
2019,"ko","kommune","Alvdal","Innlandet","Andre2","Andre2",0,0
2019,"ko","kommune","Folldal","Innlandet","A","Arbeiderpartiet",7,7
2019,"ko","kommune","Folldal","Innlandet","RØDT","Rødt",2,2
2019,"ko","kommune","Folldal","Innlandet","SP","Senterpartiet",6,6
2019,"ko","kommune","Folldal","Innlandet","BLANKE","Blanke",0,0
2019,"ko","kommune","Folldal","Innlandet","SL","Samlingslista",2,2
2019,"ko","kommune","Folldal","Innlandet","Andre","Andre",2,2
2019,"ko","kommune","Folldal","Innlandet","Andre2","Andre2",0,0
2019,"ko","kommune","Os","Innlandet","A","Arbeiderpartiet",4,4
2019,"ko","kommune","Os","Innlandet","SV","SV - Sosialistisk Venstreparti",2,2
2019,"ko","kommune","Os","Innlandet","SP","Senterpartiet",8,8
2019,"ko","kommune","Os","Innlandet","KRF","Kristelig Folkeparti",1,1
2019,"ko","kommune","Os","Innlandet","BLANKE","Blanke",0,0
2019,"ko","kommune","Os","Innlandet","Andre","Andre",0,0
2019,"ko","kommune","Os","Innlandet","Andre2","Andre2",0,0
2019,"ko","kommune","Dovre","Innlandet","A","Arbeiderpartiet",5,5
2019,"ko","kommune","Dovre","Innlandet","SP","Senterpartiet",5,5
2019,"ko","kommune","Dovre","Innlandet","H","Høyre",2,2
2019,"ko","kommune","Dovre","Innlandet","BLANKE","Blanke",0,0
2019,"ko","kommune","Dovre","Innlandet","DOV","Dovrelista",5,5
2019,"ko","kommune","Dovre","Innlandet","Andre","Andre",5,5
2019,"ko","kommune","Dovre","Innlandet","Andre2","Andre2",0,0
2019,"ko","kommune","Lesja","Innlandet","A","Arbeiderpartiet",7,7
2019,"ko","kommune","Lesja","Innlandet","SP","Senterpartiet",8,8
2019,"ko","kommune","Lesja","Innlandet","H","Høyre",2,2
2019,"ko","kommune","Lesja","Innlandet","BLANKE","Blanke",0,0
2019,"ko","kommune","Lesja","Innlandet","Andre","Andre",0,0
2019,"ko","kommune","Lesja","Innlandet","Andre2","Andre2",0,0
2019,"ko","kommune","Skjåk","Innlandet","A","Arbeiderpartiet",4,4
2019,"ko","kommune","Skjåk","Innlandet","SP","Senterpartiet",11,11
2019,"ko","kommune","Skjåk","Innlandet","BLANKE","Blanke",0,0
2019,"ko","kommune","Skjåk","Innlandet","BS","Bygdalista i Skjåk",2,2
2019,"ko","kommune","Skjåk","Innlandet","Andre","Andre",2,2
2019,"ko","kommune","Skjåk","Innlandet","Andre2","Andre2",0,0
2019,"ko","kommune","Lom","Innlandet","A","Arbeiderpartiet",4,4
2019,"ko","kommune","Lom","Innlandet","SP","Senterpartiet",7,7
2019,"ko","kommune","Lom","Innlandet","BLANKE","Blanke",0,0
2019,"ko","kommune","Lom","Innlandet","BLLOM","Bygdalista",2,2
2019,"ko","kommune","Lom","Innlandet","LOMSL","Lomslista",4,4
2019,"ko","kommune","Lom","Innlandet","Andre","Andre",6,6
2019,"ko","kommune","Lom","Innlandet","Andre2","Andre2",0,0
2019,"ko","kommune","Vågå","Innlandet","A","Arbeiderpartiet",5,5
2019,"ko","kommune","Vågå","Innlandet","SV","SV - Sosialistisk Venstreparti",2,2
2019,"ko","kommune","Vågå","Innlandet","SP","Senterpartiet",6,6
2019,"ko","kommune","Vågå","Innlandet","BLANKE","Blanke",0,0
2019,"ko","kommune","Vågå","Innlandet","BLTS","Bygdalista i Vågå",4,4
2019,"ko","kommune","Vågå","Innlandet","Andre","Andre",4,4
2019,"ko","kommune","Vågå","Innlandet","Andre2","Andre2",0,0
2019,"ko","kommune","Nord-Fron","Innlandet","A","Arbeiderpartiet",15,15
2019,"ko","kommune","Nord-Fron","Innlandet","SP","Senterpartiet",7,7
2019,"ko","kommune","Nord-Fron","Innlandet","KRF","Kristelig Folkeparti",0,0
2019,"ko","kommune","Nord-Fron","Innlandet","H","Høyre",2,2
2019,"ko","kommune","Nord-Fron","Innlandet","FRP","Fremskrittspartiet",1,1
2019,"ko","kommune","Nord-Fron","Innlandet","BLANKE","Blanke",0,0
2019,"ko","kommune","Nord-Fron","Innlandet","Andre","Andre",0,0
2019,"ko","kommune","Nord-Fron","Innlandet","Andre2","Andre2",0,0
2019,"ko","kommune","Sel","Innlandet","A","Arbeiderpartiet",7,7
2019,"ko","kommune","Sel","Innlandet","SV","SV - Sosialistisk Venstreparti",1,1
2019,"ko","kommune","Sel","Innlandet","SP","Senterpartiet",15,15
2019,"ko","kommune","Sel","Innlandet","MDG","Miljøpartiet De Grønne",1,1
2019,"ko","kommune","Sel","Innlandet","H","Høyre",1,1
2019,"ko","kommune","Sel","Innlandet","FRP","Fremskrittspartiet",0,0
2019,"ko","kommune","Sel","Innlandet","BLANKE","Blanke",0,0
2019,"ko","kommune","Sel","Innlandet","Andre","Andre",0,0
2019,"ko","kommune","Sel","Innlandet","Andre2","Andre2",0,0
2019,"ko","kommune","Sør-Fron","Innlandet","A","Arbeiderpartiet",6,6
2019,"ko","kommune","Sør-Fron","Innlandet","RØDT","Rødt",0,0
2019,"ko","kommune","Sør-Fron","Innlandet","SP","Senterpartiet",10,10
2019,"ko","kommune","Sør-Fron","Innlandet","H","Høyre",1,1
2019,"ko","kommune","Sør-Fron","Innlandet","BLANKE","Blanke",0,0
2019,"ko","kommune","Sør-Fron","Innlandet","SFBY","Sør-Fron Bygdaliste",2,2
2019,"ko","kommune","Sør-Fron","Innlandet","Andre","Andre",2,2
2019,"ko","kommune","Sør-Fron","Innlandet","Andre2","Andre2",0,0
2019,"ko","kommune","Ringebu","Innlandet","A","Arbeiderpartiet",11,11
2019,"ko","kommune","Ringebu","Innlandet","SP","Senterpartiet",6,6
2019,"ko","kommune","Ringebu","Innlandet","MDG","Miljøpartiet De Grønne",1,1
2019,"ko","kommune","Ringebu","Innlandet","BLANKE","Blanke",0,0
2019,"ko","kommune","Ringebu","Innlandet","FH_V","Fellesliste Høyre - Venstre",1,1
2019,"ko","kommune","Ringebu","Innlandet","TVLRING","Tverrpolitisk liste",2,2
2019,"ko","kommune","Ringebu","Innlandet","Andre","Andre",3,3
2019,"ko","kommune","Ringebu","Innlandet","Andre2","Andre2",0,0
2019,"ko","kommune","Øyer","Innlandet","A","Arbeiderpartiet",7,7
2019,"ko","kommune","Øyer","Innlandet","SV","SV - Sosialistisk Venstreparti",2,2
2019,"ko","kommune","Øyer","Innlandet","SP","Senterpartiet",10,10
2019,"ko","kommune","Øyer","Innlandet","KRF","Kristelig Folkeparti",0,0
2019,"ko","kommune","Øyer","Innlandet","H","Høyre",2,2
2019,"ko","kommune","Øyer","Innlandet","BLANKE","Blanke",0,0
2019,"ko","kommune","Øyer","Innlandet","Andre","Andre",0,0
2019,"ko","kommune","Øyer","Innlandet","Andre2","Andre2",0,0
2019,"ko","kommune","Gausdal","Innlandet","A","Arbeiderpartiet",9,9
2019,"ko","kommune","Gausdal","Innlandet","SP","Senterpartiet",10,10
2019,"ko","kommune","Gausdal","Innlandet","MDG","Miljøpartiet De Grønne",1,1
2019,"ko","kommune","Gausdal","Innlandet","BLANKE","Blanke",0,0
2019,"ko","kommune","Gausdal","Innlandet","BYG","Bygdalista i Gausdal",2,2
2019,"ko","kommune","Gausdal","Innlandet","FRP_H_V","Tverrpolitisk liste for Fremskrittspartiet, Høyre og Venstre",1,1
2019,"ko","kommune","Gausdal","Innlandet","Andre","Andre",3,3
2019,"ko","kommune","Gausdal","Innlandet","Andre2","Andre2",0,0
2019,"ko","kommune","Østre Toten","Innlandet","A","Arbeiderpartiet",11,11
2019,"ko","kommune","Østre Toten","Innlandet","SV","SV - Sosialistisk Venstreparti",1,1
2019,"ko","kommune","Østre Toten","Innlandet","RØDT","Rødt",1,1
2019,"ko","kommune","Østre Toten","Innlandet","SP","Senterpartiet",9,9
2019,"ko","kommune","Østre Toten","Innlandet","KRF","Kristelig Folkeparti",0,0
2019,"ko","kommune","Østre Toten","Innlandet","MDG","Miljøpartiet De Grønne",1,1
2019,"ko","kommune","Østre Toten","Innlandet","V","Venstre",1,1
2019,"ko","kommune","Østre Toten","Innlandet","H","Høyre",3,3
2019,"ko","kommune","Østre Toten","Innlandet","FRP","Fremskrittspartiet",2,2
2019,"ko","kommune","Østre Toten","Innlandet","PP","Pensjonistpartiet",0,0
2019,"ko","kommune","Østre Toten","Innlandet","BLANKE","Blanke",0,0
2019,"ko","kommune","Østre Toten","Innlandet","Andre","Andre",0,0
2019,"ko","kommune","Østre Toten","Innlandet","Andre2","Andre2",0,0
2019,"ko","kommune","Vestre Toten","Innlandet","A","Arbeiderpartiet",13,13
2019,"ko","kommune","Vestre Toten","Innlandet","SV","SV - Sosialistisk Venstreparti",1,1
2019,"ko","kommune","Vestre Toten","Innlandet","RØDT","Rødt",1,1
2019,"ko","kommune","Vestre Toten","Innlandet","SP","Senterpartiet",7,7
2019,"ko","kommune","Vestre Toten","Innlandet","KRF","Kristelig Folkeparti",0,0
2019,"ko","kommune","Vestre Toten","Innlandet","MDG","Miljøpartiet De Grønne",1,1
2019,"ko","kommune","Vestre Toten","Innlandet","V","Venstre",0,0
2019,"ko","kommune","Vestre Toten","Innlandet","H","Høyre",5,5
2019,"ko","kommune","Vestre Toten","Innlandet","FRP","Fremskrittspartiet",3,3
2019,"ko","kommune","Vestre Toten","Innlandet","BLANKE","Blanke",0,0
2019,"ko","kommune","Vestre Toten","Innlandet","Andre","Andre",0,0
2019,"ko","kommune","Vestre Toten","Innlandet","Andre2","Andre2",0,0
2019,"ko","kommune","Gran","Innlandet","A","Arbeiderpartiet",8,8
2019,"ko","kommune","Gran","Innlandet","SP","Senterpartiet",6,6
2019,"ko","kommune","Gran","Innlandet","MDG","Miljøpartiet De Grønne",0,0
2019,"ko","kommune","Gran","Innlandet","V","Venstre",0,0
2019,"ko","kommune","Gran","Innlandet","H","Høyre",3,3
2019,"ko","kommune","Gran","Innlandet","FRP","Fremskrittspartiet",1,1
2019,"ko","kommune","Gran","Innlandet","BLANKE","Blanke",0,0
2019,"ko","kommune","Gran","Innlandet","GBL","Gran Bygdeliste",8,8
2019,"ko","kommune","Gran","Innlandet","SVRØ","Fellesliste for SV - Sosialistisk Venstreparti og Rødt",1,1
2019,"ko","kommune","Gran","Innlandet","Andre","Andre",9,9
2019,"ko","kommune","Gran","Innlandet","Andre2","Andre2",0,0
2019,"ko","kommune","Søndre Land","Innlandet","A","Arbeiderpartiet",9,9
2019,"ko","kommune","Søndre Land","Innlandet","SV","SV - Sosialistisk Venstreparti",1,1
2019,"ko","kommune","Søndre Land","Innlandet","RØDT","Rødt",1,1
2019,"ko","kommune","Søndre Land","Innlandet","SP","Senterpartiet",4,4
2019,"ko","kommune","Søndre Land","Innlandet","KRF","Kristelig Folkeparti",0,0
2019,"ko","kommune","Søndre Land","Innlandet","MDG","Miljøpartiet De Grønne",0,0
2019,"ko","kommune","Søndre Land","Innlandet","V","Venstre",1,1
2019,"ko","kommune","Søndre Land","Innlandet","H","Høyre",4,4
2019,"ko","kommune","Søndre Land","Innlandet","BLANKE","Blanke",0,0
2019,"ko","kommune","Søndre Land","Innlandet","SLB","Søndre Land Bygdeliste",5,5
2019,"ko","kommune","Søndre Land","Innlandet","Andre","Andre",5,5
2019,"ko","kommune","Søndre Land","Innlandet","Andre2","Andre2",0,0
2019,"ko","kommune","Nordre Land","Innlandet","A","Arbeiderpartiet",11,11
2019,"ko","kommune","Nordre Land","Innlandet","SV","SV - Sosialistisk Venstreparti",2,2
2019,"ko","kommune","Nordre Land","Innlandet","SP","Senterpartiet",11,11
2019,"ko","kommune","Nordre Land","Innlandet","KRF","Kristelig Folkeparti",0,0
2019,"ko","kommune","Nordre Land","Innlandet","MDG","Miljøpartiet De Grønne",0,0
2019,"ko","kommune","Nordre Land","Innlandet","H","Høyre",2,2
2019,"ko","kommune","Nordre Land","Innlandet","BLANKE","Blanke",0,0
2019,"ko","kommune","Nordre Land","Innlandet","BNL","Bygdelista for Nordre Land",1,1
2019,"ko","kommune","Nordre Land","Innlandet","Andre","Andre",1,1
2019,"ko","kommune","Nordre Land","Innlandet","Andre2","Andre2",0,0
2019,"ko","kommune","Sør-Aurdal","Innlandet","A","Arbeiderpartiet",6,6
2019,"ko","kommune","Sør-Aurdal","Innlandet","SP","Senterpartiet",9,9
2019,"ko","kommune","Sør-Aurdal","Innlandet","H","Høyre",2,2
2019,"ko","kommune","Sør-Aurdal","Innlandet","FRP","Fremskrittspartiet",1,1
2019,"ko","kommune","Sør-Aurdal","Innlandet","BLANKE","Blanke",0,0
2019,"ko","kommune","Sør-Aurdal","Innlandet","TPK","Tverrpolitisk Kommuneliste",1,1
2019,"ko","kommune","Sør-Aurdal","Innlandet","Andre","Andre",1,1
2019,"ko","kommune","Sør-Aurdal","Innlandet","Andre2","Andre2",0,0
2019,"ko","kommune","Etnedal","Innlandet","A","Arbeiderpartiet",5,5
2019,"ko","kommune","Etnedal","Innlandet","SP","Senterpartiet",7,7
2019,"ko","kommune","Etnedal","Innlandet","FRP","Fremskrittspartiet",1,1
2019,"ko","kommune","Etnedal","Innlandet","BLANKE","Blanke",0,0
2019,"ko","kommune","Etnedal","Innlandet","FO","Folkelista for Etnedal",0,0
2019,"ko","kommune","Etnedal","Innlandet","HKV","Høyre, Kristelig Folkeparti og Venstre",2,2
2019,"ko","kommune","Etnedal","Innlandet","Andre","Andre",2,2
2019,"ko","kommune","Etnedal","Innlandet","Andre2","Andre2",0,0
2019,"ko","kommune","Nord-Aurdal","Innlandet","A","Arbeiderpartiet",6,6
2019,"ko","kommune","Nord-Aurdal","Innlandet","SV","SV - Sosialistisk Venstreparti",1,1
2019,"ko","kommune","Nord-Aurdal","Innlandet","SP","Senterpartiet",8,8
2019,"ko","kommune","Nord-Aurdal","Innlandet","KRF","Kristelig Folkeparti",0,0
2019,"ko","kommune","Nord-Aurdal","Innlandet","V","Venstre",2,2
2019,"ko","kommune","Nord-Aurdal","Innlandet","H","Høyre",2,2
2019,"ko","kommune","Nord-Aurdal","Innlandet","FRP","Fremskrittspartiet",2,2
2019,"ko","kommune","Nord-Aurdal","Innlandet","BLANKE","Blanke",0,0
2019,"ko","kommune","Nord-Aurdal","Innlandet","Andre","Andre",0,0
2019,"ko","kommune","Nord-Aurdal","Innlandet","Andre2","Andre2",0,0
2019,"ko","kommune","Vestre Slidre","Innlandet","A","Arbeiderpartiet",3,3
2019,"ko","kommune","Vestre Slidre","Innlandet","SP","Senterpartiet",9,9
2019,"ko","kommune","Vestre Slidre","Innlandet","MDG","Miljøpartiet De Grønne",1,1
2019,"ko","kommune","Vestre Slidre","Innlandet","BLANKE","Blanke",0,0
2019,"ko","kommune","Vestre Slidre","Innlandet","BLVS","Bygdeliste",4,4
2019,"ko","kommune","Vestre Slidre","Innlandet","Andre","Andre",4,4
2019,"ko","kommune","Vestre Slidre","Innlandet","Andre2","Andre2",0,0
2019,"ko","kommune","Øystre Slidre","Innlandet","A","Arbeiderpartiet",5,5
2019,"ko","kommune","Øystre Slidre","Innlandet","SV","SV - Sosialistisk Venstreparti",1,1
2019,"ko","kommune","Øystre Slidre","Innlandet","SP","Senterpartiet",11,11
2019,"ko","kommune","Øystre Slidre","Innlandet","V","Venstre",1,1
2019,"ko","kommune","Øystre Slidre","Innlandet","H","Høyre",3,3
2019,"ko","kommune","Øystre Slidre","Innlandet","BLANKE","Blanke",0,0
2019,"ko","kommune","Øystre Slidre","Innlandet","Andre","Andre",0,0
2019,"ko","kommune","Øystre Slidre","Innlandet","Andre2","Andre2",0,0
2019,"ko","kommune","Vang","Innlandet","A","Arbeiderpartiet",9,9
2019,"ko","kommune","Vang","Innlandet","SP","Senterpartiet",4,4
2019,"ko","kommune","Vang","Innlandet","MDG","Miljøpartiet De Grønne",1,1
2019,"ko","kommune","Vang","Innlandet","BLANKE","Blanke",0,0
2019,"ko","kommune","Vang","Innlandet","BLV","Bygdelista i Vang",3,3
2019,"ko","kommune","Vang","Innlandet","Andre","Andre",3,3
2019,"ko","kommune","Vang","Innlandet","Andre2","Andre2",0,0
2019,"ko","kommune","Horten","Vestfold og Telemark","A","Arbeiderpartiet",18,18
2019,"ko","kommune","Horten","Vestfold og Telemark","SV","SV - Sosialistisk Venstreparti",1,1
2019,"ko","kommune","Horten","Vestfold og Telemark","RØDT","Rødt",3,3
2019,"ko","kommune","Horten","Vestfold og Telemark","SP","Senterpartiet",2,2
2019,"ko","kommune","Horten","Vestfold og Telemark","KRF","Kristelig Folkeparti",1,1
2019,"ko","kommune","Horten","Vestfold og Telemark","MDG","Miljøpartiet De Grønne",3,3
2019,"ko","kommune","Horten","Vestfold og Telemark","V","Venstre",1,1
2019,"ko","kommune","Horten","Vestfold og Telemark","H","Høyre",9,9
2019,"ko","kommune","Horten","Vestfold og Telemark","FRP","Fremskrittspartiet",3,3
2019,"ko","kommune","Horten","Vestfold og Telemark","BLANKE","Blanke",0,0
2019,"ko","kommune","Horten","Vestfold og Telemark","Andre","Andre",0,0
2019,"ko","kommune","Horten","Vestfold og Telemark","Andre2","Andre2",0,0
2019,"ko","kommune","Holmestrand","Vestfold og Telemark","A","Arbeiderpartiet",11,11
2019,"ko","kommune","Holmestrand","Vestfold og Telemark","SV","SV - Sosialistisk Venstreparti",1,1
2019,"ko","kommune","Holmestrand","Vestfold og Telemark","RØDT","Rødt",1,1
2019,"ko","kommune","Holmestrand","Vestfold og Telemark","SP","Senterpartiet",4,4
2019,"ko","kommune","Holmestrand","Vestfold og Telemark","KRF","Kristelig Folkeparti",1,1
2019,"ko","kommune","Holmestrand","Vestfold og Telemark","MDG","Miljøpartiet De Grønne",2,2
2019,"ko","kommune","Holmestrand","Vestfold og Telemark","V","Venstre",0,0
2019,"ko","kommune","Holmestrand","Vestfold og Telemark","H","Høyre",11,11
2019,"ko","kommune","Holmestrand","Vestfold og Telemark","FRP","Fremskrittspartiet",4,4
2019,"ko","kommune","Holmestrand","Vestfold og Telemark","KRISTNE","Partiet De Kristne",0,0
2019,"ko","kommune","Holmestrand","Vestfold og Telemark","BLANKE","Blanke",0,0
2019,"ko","kommune","Holmestrand","Vestfold og Telemark","Andre","Andre",0,0
2019,"ko","kommune","Holmestrand","Vestfold og Telemark","Andre2","Andre2",0,0
2019,"ko","kommune","Tønsberg","Vestfold og Telemark","A","Arbeiderpartiet",13,13
2019,"ko","kommune","Tønsberg","Vestfold og Telemark","SV","SV - Sosialistisk Venstreparti",3,3
2019,"ko","kommune","Tønsberg","Vestfold og Telemark","RØDT","Rødt",1,1
2019,"ko","kommune","Tønsberg","Vestfold og Telemark","SP","Senterpartiet",6,6
2019,"ko","kommune","Tønsberg","Vestfold og Telemark","KRF","Kristelig Folkeparti",2,2
2019,"ko","kommune","Tønsberg","Vestfold og Telemark","MDG","Miljøpartiet De Grønne",4,4
2019,"ko","kommune","Tønsberg","Vestfold og Telemark","V","Venstre",2,2
2019,"ko","kommune","Tønsberg","Vestfold og Telemark","H","Høyre",13,13
2019,"ko","kommune","Tønsberg","Vestfold og Telemark","FRP","Fremskrittspartiet",5,5
2019,"ko","kommune","Tønsberg","Vestfold og Telemark","KRISTNE","Partiet De Kristne",0,0
2019,"ko","kommune","Tønsberg","Vestfold og Telemark","LIBS","Liberalistene",0,0
2019,"ko","kommune","Tønsberg","Vestfold og Telemark","BLANKE","Blanke",0,0
2019,"ko","kommune","Tønsberg","Vestfold og Telemark","Andre","Andre",0,0
2019,"ko","kommune","Tønsberg","Vestfold og Telemark","Andre2","Andre2",0,0
2019,"ko","kommune","Sandefjord","Vestfold og Telemark","A","Arbeiderpartiet",12,12
2019,"ko","kommune","Sandefjord","Vestfold og Telemark","SV","SV - Sosialistisk Venstreparti",2,2
2019,"ko","kommune","Sandefjord","Vestfold og Telemark","RØDT","Rødt",1,1
2019,"ko","kommune","Sandefjord","Vestfold og Telemark","SP","Senterpartiet",5,5
2019,"ko","kommune","Sandefjord","Vestfold og Telemark","KRF","Kristelig Folkeparti",1,1
2019,"ko","kommune","Sandefjord","Vestfold og Telemark","MDG","Miljøpartiet De Grønne",2,2
2019,"ko","kommune","Sandefjord","Vestfold og Telemark","V","Venstre",3,3
2019,"ko","kommune","Sandefjord","Vestfold og Telemark","H","Høyre",15,15
2019,"ko","kommune","Sandefjord","Vestfold og Telemark","FRP","Fremskrittspartiet",4,4
2019,"ko","kommune","Sandefjord","Vestfold og Telemark","DEMN","Demokratene",0,0
2019,"ko","kommune","Sandefjord","Vestfold og Telemark","KRISTNE","Partiet De Kristne",0,0
2019,"ko","kommune","Sandefjord","Vestfold og Telemark","LIBS","Liberalistene",0,0
2019,"ko","kommune","Sandefjord","Vestfold og Telemark","BLANKE","Blanke",0,0
2019,"ko","kommune","Sandefjord","Vestfold og Telemark","Andre","Andre",0,0
2019,"ko","kommune","Sandefjord","Vestfold og Telemark","Andre2","Andre2",0,0
2019,"ko","kommune","Larvik","Vestfold og Telemark","A","Arbeiderpartiet",9,9
2019,"ko","kommune","Larvik","Vestfold og Telemark","SV","SV - Sosialistisk Venstreparti",2,2
2019,"ko","kommune","Larvik","Vestfold og Telemark","RØDT","Rødt",2,2
2019,"ko","kommune","Larvik","Vestfold og Telemark","SP","Senterpartiet",5,5
2019,"ko","kommune","Larvik","Vestfold og Telemark","KRF","Kristelig Folkeparti",2,2
2019,"ko","kommune","Larvik","Vestfold og Telemark","MDG","Miljøpartiet De Grønne",2,2
2019,"ko","kommune","Larvik","Vestfold og Telemark","V","Venstre",1,1
2019,"ko","kommune","Larvik","Vestfold og Telemark","H","Høyre",8,8
2019,"ko","kommune","Larvik","Vestfold og Telemark","FRP","Fremskrittspartiet",6,6
2019,"ko","kommune","Larvik","Vestfold og Telemark","KRISTNE","Partiet De Kristne",0,0
2019,"ko","kommune","Larvik","Vestfold og Telemark","LIBS","Liberalistene",0,0
2019,"ko","kommune","Larvik","Vestfold og Telemark","BL","BedreLarvik",4,4
2019,"ko","kommune","Larvik","Vestfold og Telemark","BLANKE","Blanke",0,0
2019,"ko","kommune","Larvik","Vestfold og Telemark","Andre","Andre",4,4
2019,"ko","kommune","Larvik","Vestfold og Telemark","Andre2","Andre2",0,0
2019,"ko","kommune","Porsgrunn","Vestfold og Telemark","A","Arbeiderpartiet",18,18
2019,"ko","kommune","Porsgrunn","Vestfold og Telemark","SV","SV - Sosialistisk Venstreparti",3,3
2019,"ko","kommune","Porsgrunn","Vestfold og Telemark","RØDT","Rødt",3,3
2019,"ko","kommune","Porsgrunn","Vestfold og Telemark","SP","Senterpartiet",5,5
2019,"ko","kommune","Porsgrunn","Vestfold og Telemark","KRF","Kristelig Folkeparti",3,3
2019,"ko","kommune","Porsgrunn","Vestfold og Telemark","MDG","Miljøpartiet De Grønne",3,3
2019,"ko","kommune","Porsgrunn","Vestfold og Telemark","V","Venstre",2,2
2019,"ko","kommune","Porsgrunn","Vestfold og Telemark","H","Høyre",7,7
2019,"ko","kommune","Porsgrunn","Vestfold og Telemark","FRP","Fremskrittspartiet",4,4
2019,"ko","kommune","Porsgrunn","Vestfold og Telemark","FNB","Folkeaksjonen Nei til mer bompenger",1,1
2019,"ko","kommune","Porsgrunn","Vestfold og Telemark","KRISTNE","Partiet De Kristne",0,0
2019,"ko","kommune","Porsgrunn","Vestfold og Telemark","LIBS","Liberalistene",0,0
2019,"ko","kommune","Porsgrunn","Vestfold og Telemark","BLANKE","Blanke",0,0
2019,"ko","kommune","Porsgrunn","Vestfold og Telemark","Andre","Andre",1,1
2019,"ko","kommune","Porsgrunn","Vestfold og Telemark","Andre2","Andre2",0,0
2019,"ko","kommune","Skien","Vestfold og Telemark","A","Arbeiderpartiet",18,18
2019,"ko","kommune","Skien","Vestfold og Telemark","SV","SV - Sosialistisk Venstreparti",3,3
2019,"ko","kommune","Skien","Vestfold og Telemark","RØDT","Rødt",3,3
2019,"ko","kommune","Skien","Vestfold og Telemark","SP","Senterpartiet",6,6
2019,"ko","kommune","Skien","Vestfold og Telemark","KRF","Kristelig Folkeparti",3,3
2019,"ko","kommune","Skien","Vestfold og Telemark","MDG","Miljøpartiet De Grønne",3,3
2019,"ko","kommune","Skien","Vestfold og Telemark","V","Venstre",1,1
2019,"ko","kommune","Skien","Vestfold og Telemark","H","Høyre",10,10
2019,"ko","kommune","Skien","Vestfold og Telemark","FRP","Fremskrittspartiet",5,5
2019,"ko","kommune","Skien","Vestfold og Telemark","FNB","Folkeaksjonen Nei til mer bompenger",1,1
2019,"ko","kommune","Skien","Vestfold og Telemark","KRISTNE","Partiet De Kristne",0,0
2019,"ko","kommune","Skien","Vestfold og Telemark","LIBS","Liberalistene",0,0
2019,"ko","kommune","Skien","Vestfold og Telemark","BLANKE","Blanke",0,0
2019,"ko","kommune","Skien","Vestfold og Telemark","BYPA","Bypartiet",2,2
2019,"ko","kommune","Skien","Vestfold og Telemark","Andre","Andre",3,3
2019,"ko","kommune","Skien","Vestfold og Telemark","Andre2","Andre2",0,0
2019,"ko","kommune","Notodden","Vestfold og Telemark","A","Arbeiderpartiet",14,14
2019,"ko","kommune","Notodden","Vestfold og Telemark","SV","SV - Sosialistisk Venstreparti",3,3
2019,"ko","kommune","Notodden","Vestfold og Telemark","RØDT","Rødt",3,3
2019,"ko","kommune","Notodden","Vestfold og Telemark","SP","Senterpartiet",6,6
2019,"ko","kommune","Notodden","Vestfold og Telemark","KRF","Kristelig Folkeparti",3,3
2019,"ko","kommune","Notodden","Vestfold og Telemark","MDG","Miljøpartiet De Grønne",1,1
2019,"ko","kommune","Notodden","Vestfold og Telemark","V","Venstre",1,1
2019,"ko","kommune","Notodden","Vestfold og Telemark","H","Høyre",7,7
2019,"ko","kommune","Notodden","Vestfold og Telemark","FRP","Fremskrittspartiet",2,2
2019,"ko","kommune","Notodden","Vestfold og Telemark","KRISTNE","Partiet De Kristne",1,1
2019,"ko","kommune","Notodden","Vestfold og Telemark","BLANKE","Blanke",0,0
2019,"ko","kommune","Notodden","Vestfold og Telemark","Andre","Andre",1,1
2019,"ko","kommune","Notodden","Vestfold og Telemark","Andre2","Andre2",0,0
2019,"ko","kommune","Færder","Vestfold og Telemark","A","Arbeiderpartiet",9,9
2019,"ko","kommune","Færder","Vestfold og Telemark","SP","Senterpartiet",5,5
2019,"ko","kommune","Færder","Vestfold og Telemark","KRF","Kristelig Folkeparti",1,1
2019,"ko","kommune","Færder","Vestfold og Telemark","MDG","Miljøpartiet De Grønne",4,4
2019,"ko","kommune","Færder","Vestfold og Telemark","V","Venstre",2,2
2019,"ko","kommune","Færder","Vestfold og Telemark","H","Høyre",10,10
2019,"ko","kommune","Færder","Vestfold og Telemark","FRP","Fremskrittspartiet",4,4
2019,"ko","kommune","Færder","Vestfold og Telemark","KRISTNE","Partiet De Kristne",0,0
2019,"ko","kommune","Færder","Vestfold og Telemark","BLANKE","Blanke",0,0
2019,"ko","kommune","Færder","Vestfold og Telemark","RV_SV","Felleslista for Sosialistisk Venstreparti og Rødt",4,4
2019,"ko","kommune","Færder","Vestfold og Telemark","Andre","Andre",4,4
2019,"ko","kommune","Færder","Vestfold og Telemark","Andre2","Andre2",0,0
2019,"ko","kommune","Siljan","Vestfold og Telemark","A","Arbeiderpartiet",6,6
2019,"ko","kommune","Siljan","Vestfold og Telemark","SV","SV - Sosialistisk Venstreparti",1,1
2019,"ko","kommune","Siljan","Vestfold og Telemark","SP","Senterpartiet",7,7
2019,"ko","kommune","Siljan","Vestfold og Telemark","KRF","Kristelig Folkeparti",1,1
2019,"ko","kommune","Siljan","Vestfold og Telemark","H","Høyre",2,2
2019,"ko","kommune","Siljan","Vestfold og Telemark","BLANKE","Blanke",0,0
2019,"ko","kommune","Siljan","Vestfold og Telemark","Andre","Andre",0,0
2019,"ko","kommune","Siljan","Vestfold og Telemark","Andre2","Andre2",0,0
2019,"ko","kommune","Bamble","Vestfold og Telemark","A","Arbeiderpartiet",12,12
2019,"ko","kommune","Bamble","Vestfold og Telemark","SV","SV - Sosialistisk Venstreparti",1,1
2019,"ko","kommune","Bamble","Vestfold og Telemark","RØDT","Rødt",2,2
2019,"ko","kommune","Bamble","Vestfold og Telemark","SP","Senterpartiet",5,5
2019,"ko","kommune","Bamble","Vestfold og Telemark","KRF","Kristelig Folkeparti",1,1
2019,"ko","kommune","Bamble","Vestfold og Telemark","MDG","Miljøpartiet De Grønne",1,1
2019,"ko","kommune","Bamble","Vestfold og Telemark","V","Venstre",0,0
2019,"ko","kommune","Bamble","Vestfold og Telemark","H","Høyre",4,4
2019,"ko","kommune","Bamble","Vestfold og Telemark","FRP","Fremskrittspartiet",6,6
2019,"ko","kommune","Bamble","Vestfold og Telemark","BLANKE","Blanke",0,0
2019,"ko","kommune","Bamble","Vestfold og Telemark","SFB","Sammen for Bamble",1,1
2019,"ko","kommune","Bamble","Vestfold og Telemark","Andre","Andre",1,1
2019,"ko","kommune","Bamble","Vestfold og Telemark","Andre2","Andre2",0,0
2019,"ko","kommune","Kragerø","Vestfold og Telemark","A","Arbeiderpartiet",8,8
2019,"ko","kommune","Kragerø","Vestfold og Telemark","SV","SV - Sosialistisk Venstreparti",1,1
2019,"ko","kommune","Kragerø","Vestfold og Telemark","RØDT","Rødt",4,4
2019,"ko","kommune","Kragerø","Vestfold og Telemark","SP","Senterpartiet",7,7
2019,"ko","kommune","Kragerø","Vestfold og Telemark","KRF","Kristelig Folkeparti",2,2
2019,"ko","kommune","Kragerø","Vestfold og Telemark","MDG","Miljøpartiet De Grønne",3,3
2019,"ko","kommune","Kragerø","Vestfold og Telemark","V","Venstre",1,1
2019,"ko","kommune","Kragerø","Vestfold og Telemark","H","Høyre",5,5
2019,"ko","kommune","Kragerø","Vestfold og Telemark","FRP","Fremskrittspartiet",4,4
2019,"ko","kommune","Kragerø","Vestfold og Telemark","BLANKE","Blanke",0,0
2019,"ko","kommune","Kragerø","Vestfold og Telemark","Andre","Andre",0,0
2019,"ko","kommune","Kragerø","Vestfold og Telemark","Andre2","Andre2",0,0
2019,"ko","kommune","Drangedal","Vestfold og Telemark","A","Arbeiderpartiet",6,6
2019,"ko","kommune","Drangedal","Vestfold og Telemark","SV","SV - Sosialistisk Venstreparti",1,1
2019,"ko","kommune","Drangedal","Vestfold og Telemark","SP","Senterpartiet",10,10
2019,"ko","kommune","Drangedal","Vestfold og Telemark","KRF","Kristelig Folkeparti",1,1
2019,"ko","kommune","Drangedal","Vestfold og Telemark","V","Venstre",0,0
2019,"ko","kommune","Drangedal","Vestfold og Telemark","H","Høyre",1,1
2019,"ko","kommune","Drangedal","Vestfold og Telemark","FRP","Fremskrittspartiet",2,2
2019,"ko","kommune","Drangedal","Vestfold og Telemark","BLANKE","Blanke",0,0
2019,"ko","kommune","Drangedal","Vestfold og Telemark","Andre","Andre",0,0
2019,"ko","kommune","Drangedal","Vestfold og Telemark","Andre2","Andre2",0,0
2019,"ko","kommune","Nome","Vestfold og Telemark","A","Arbeiderpartiet",8,8
2019,"ko","kommune","Nome","Vestfold og Telemark","SV","SV - Sosialistisk Venstreparti",1,1
2019,"ko","kommune","Nome","Vestfold og Telemark","SP","Senterpartiet",7,7
2019,"ko","kommune","Nome","Vestfold og Telemark","KRF","Kristelig Folkeparti",0,0
2019,"ko","kommune","Nome","Vestfold og Telemark","MDG","Miljøpartiet De Grønne",1,1
2019,"ko","kommune","Nome","Vestfold og Telemark","H","Høyre",2,2
2019,"ko","kommune","Nome","Vestfold og Telemark","FRP","Fremskrittspartiet",2,2
2019,"ko","kommune","Nome","Vestfold og Telemark","KRISTNE","Partiet De Kristne",0,0
2019,"ko","kommune","Nome","Vestfold og Telemark","BLANKE","Blanke",0,0
2019,"ko","kommune","Nome","Vestfold og Telemark","Andre","Andre",0,0
2019,"ko","kommune","Nome","Vestfold og Telemark","Andre2","Andre2",0,0
2019,"ko","kommune","Midt-Telemark","Vestfold og Telemark","A","Arbeiderpartiet",6,6
2019,"ko","kommune","Midt-Telemark","Vestfold og Telemark","SV","SV - Sosialistisk Venstreparti",1,1
2019,"ko","kommune","Midt-Telemark","Vestfold og Telemark","RØDT","Rødt",1,1
2019,"ko","kommune","Midt-Telemark","Vestfold og Telemark","SP","Senterpartiet",9,9
2019,"ko","kommune","Midt-Telemark","Vestfold og Telemark","KRF","Kristelig Folkeparti",1,1
2019,"ko","kommune","Midt-Telemark","Vestfold og Telemark","MDG","Miljøpartiet De Grønne",3,3
2019,"ko","kommune","Midt-Telemark","Vestfold og Telemark","V","Venstre",2,2
2019,"ko","kommune","Midt-Telemark","Vestfold og Telemark","H","Høyre",3,3
2019,"ko","kommune","Midt-Telemark","Vestfold og Telemark","FRP","Fremskrittspartiet",3,3
2019,"ko","kommune","Midt-Telemark","Vestfold og Telemark","BLANKE","Blanke",0,0
2019,"ko","kommune","Midt-Telemark","Vestfold og Telemark","Andre","Andre",0,0
2019,"ko","kommune","Midt-Telemark","Vestfold og Telemark","Andre2","Andre2",0,0
2019,"ko","kommune","Tinn","Vestfold og Telemark","A","Arbeiderpartiet",6,6
2019,"ko","kommune","Tinn","Vestfold og Telemark","SV","SV - Sosialistisk Venstreparti",5,5
2019,"ko","kommune","Tinn","Vestfold og Telemark","SP","Senterpartiet",7,7
2019,"ko","kommune","Tinn","Vestfold og Telemark","V","Venstre",0,0
2019,"ko","kommune","Tinn","Vestfold og Telemark","H","Høyre",6,6
2019,"ko","kommune","Tinn","Vestfold og Telemark","FRP","Fremskrittspartiet",1,1
2019,"ko","kommune","Tinn","Vestfold og Telemark","BLANKE","Blanke",0,0
2019,"ko","kommune","Tinn","Vestfold og Telemark","Andre","Andre",0,0
2019,"ko","kommune","Tinn","Vestfold og Telemark","Andre2","Andre2",0,0
2019,"ko","kommune","Hjartdal","Vestfold og Telemark","A","Arbeiderpartiet",8,8
2019,"ko","kommune","Hjartdal","Vestfold og Telemark","SP","Senterpartiet",7,7
2019,"ko","kommune","Hjartdal","Vestfold og Telemark","KRF","Kristelig Folkeparti",2,2
2019,"ko","kommune","Hjartdal","Vestfold og Telemark","BLANKE","Blanke",0,0
2019,"ko","kommune","Hjartdal","Vestfold og Telemark","Andre","Andre",0,0
2019,"ko","kommune","Hjartdal","Vestfold og Telemark","Andre2","Andre2",0,0
2019,"ko","kommune","Seljord","Vestfold og Telemark","A","Arbeiderpartiet",3,3
2019,"ko","kommune","Seljord","Vestfold og Telemark","SP","Senterpartiet",7,7
2019,"ko","kommune","Seljord","Vestfold og Telemark","MDG","Miljøpartiet De Grønne",2,2
2019,"ko","kommune","Seljord","Vestfold og Telemark","V","Venstre",0,0
2019,"ko","kommune","Seljord","Vestfold og Telemark","H","Høyre",3,3
2019,"ko","kommune","Seljord","Vestfold og Telemark","FRP","Fremskrittspartiet",2,2
2019,"ko","kommune","Seljord","Vestfold og Telemark","BLANKE","Blanke",0,0
2019,"ko","kommune","Seljord","Vestfold og Telemark","Andre","Andre",0,0
2019,"ko","kommune","Seljord","Vestfold og Telemark","Andre2","Andre2",0,0
2019,"ko","kommune","Kviteseid","Vestfold og Telemark","A","Arbeiderpartiet",6,6
2019,"ko","kommune","Kviteseid","Vestfold og Telemark","SP","Senterpartiet",6,6
2019,"ko","kommune","Kviteseid","Vestfold og Telemark","KRF","Kristelig Folkeparti",2,2
2019,"ko","kommune","Kviteseid","Vestfold og Telemark","MDG","Miljøpartiet De Grønne",1,1
2019,"ko","kommune","Kviteseid","Vestfold og Telemark","V","Venstre",0,0
2019,"ko","kommune","Kviteseid","Vestfold og Telemark","H","Høyre",2,2
2019,"ko","kommune","Kviteseid","Vestfold og Telemark","BLANKE","Blanke",0,0
2019,"ko","kommune","Kviteseid","Vestfold og Telemark","Andre","Andre",0,0
2019,"ko","kommune","Kviteseid","Vestfold og Telemark","Andre2","Andre2",0,0
2019,"ko","kommune","Nissedal","Vestfold og Telemark","A","Arbeiderpartiet",7,7
2019,"ko","kommune","Nissedal","Vestfold og Telemark","SP","Senterpartiet",6,6
2019,"ko","kommune","Nissedal","Vestfold og Telemark","KRF","Kristelig Folkeparti",2,2
2019,"ko","kommune","Nissedal","Vestfold og Telemark","H","Høyre",2,2
2019,"ko","kommune","Nissedal","Vestfold og Telemark","FRP","Fremskrittspartiet",0,0
2019,"ko","kommune","Nissedal","Vestfold og Telemark","BLANKE","Blanke",0,0
2019,"ko","kommune","Nissedal","Vestfold og Telemark","Andre","Andre",0,0
2019,"ko","kommune","Nissedal","Vestfold og Telemark","Andre2","Andre2",0,0
2019,"ko","kommune","Fyresdal","Vestfold og Telemark","A","Arbeiderpartiet",9,9
2019,"ko","kommune","Fyresdal","Vestfold og Telemark","SP","Senterpartiet",6,6
2019,"ko","kommune","Fyresdal","Vestfold og Telemark","H","Høyre",2,2
2019,"ko","kommune","Fyresdal","Vestfold og Telemark","BLANKE","Blanke",0,0
2019,"ko","kommune","Fyresdal","Vestfold og Telemark","Andre","Andre",0,0
2019,"ko","kommune","Fyresdal","Vestfold og Telemark","Andre2","Andre2",0,0
2019,"ko","kommune","Tokke","Vestfold og Telemark","A","Arbeiderpartiet",8,8
2019,"ko","kommune","Tokke","Vestfold og Telemark","SV","SV - Sosialistisk Venstreparti",1,1
2019,"ko","kommune","Tokke","Vestfold og Telemark","SP","Senterpartiet",9,9
2019,"ko","kommune","Tokke","Vestfold og Telemark","KRF","Kristelig Folkeparti",1,1
2019,"ko","kommune","Tokke","Vestfold og Telemark","MDG","Miljøpartiet De Grønne",2,2
2019,"ko","kommune","Tokke","Vestfold og Telemark","BLANKE","Blanke",0,0
2019,"ko","kommune","Tokke","Vestfold og Telemark","Andre","Andre",0,0
2019,"ko","kommune","Tokke","Vestfold og Telemark","Andre2","Andre2",0,0
2019,"ko","kommune","Vinje","Vestfold og Telemark","A","Arbeiderpartiet",4,4
2019,"ko","kommune","Vinje","Vestfold og Telemark","SV","SV - Sosialistisk Venstreparti",3,3
2019,"ko","kommune","Vinje","Vestfold og Telemark","SP","Senterpartiet",14,14
2019,"ko","kommune","Vinje","Vestfold og Telemark","KRF","Kristelig Folkeparti",1,1
2019,"ko","kommune","Vinje","Vestfold og Telemark","V","Venstre",0,0
2019,"ko","kommune","Vinje","Vestfold og Telemark","H","Høyre",2,2
2019,"ko","kommune","Vinje","Vestfold og Telemark","FRP","Fremskrittspartiet",1,1
2019,"ko","kommune","Vinje","Vestfold og Telemark","BLANKE","Blanke",0,0
2019,"ko","kommune","Vinje","Vestfold og Telemark","Andre","Andre",0,0
2019,"ko","kommune","Vinje","Vestfold og Telemark","Andre2","Andre2",0,0
2019,"ko","kommune","Risør","Agder","A","Arbeiderpartiet",9,9
2019,"ko","kommune","Risør","Agder","SV","SV - Sosialistisk Venstreparti",0,0
2019,"ko","kommune","Risør","Agder","RØDT","Rødt",3,3
2019,"ko","kommune","Risør","Agder","SP","Senterpartiet",2,2
2019,"ko","kommune","Risør","Agder","KRF","Kristelig Folkeparti",1,1
2019,"ko","kommune","Risør","Agder","V","Venstre",3,3
2019,"ko","kommune","Risør","Agder","H","Høyre",9,9
2019,"ko","kommune","Risør","Agder","FRP","Fremskrittspartiet",2,2
2019,"ko","kommune","Risør","Agder","BLANKE","Blanke",0,0
2019,"ko","kommune","Risør","Agder","Andre","Andre",0,0
2019,"ko","kommune","Risør","Agder","Andre2","Andre2",0,0
2019,"ko","kommune","Grimstad","Agder","A","Arbeiderpartiet",7,7
2019,"ko","kommune","Grimstad","Agder","SV","SV - Sosialistisk Venstreparti",2,2
2019,"ko","kommune","Grimstad","Agder","RØDT","Rødt",1,1
2019,"ko","kommune","Grimstad","Agder","SP","Senterpartiet",3,3
2019,"ko","kommune","Grimstad","Agder","KRF","Kristelig Folkeparti",6,6
2019,"ko","kommune","Grimstad","Agder","MDG","Miljøpartiet De Grønne",2,2
2019,"ko","kommune","Grimstad","Agder","V","Venstre",3,3
2019,"ko","kommune","Grimstad","Agder","H","Høyre",7,7
2019,"ko","kommune","Grimstad","Agder","FRP","Fremskrittspartiet",4,4
2019,"ko","kommune","Grimstad","Agder","KRISTNE","Partiet De Kristne",0,0
2019,"ko","kommune","Grimstad","Agder","LIBS","Liberalistene",0,0
2019,"ko","kommune","Grimstad","Agder","BLANKE","Blanke",0,0
2019,"ko","kommune","Grimstad","Agder","Andre","Andre",0,0
2019,"ko","kommune","Grimstad","Agder","Andre2","Andre2",0,0
2019,"ko","kommune","Arendal","Agder","A","Arbeiderpartiet",11,11
2019,"ko","kommune","Arendal","Agder","SV","SV - Sosialistisk Venstreparti",3,3
2019,"ko","kommune","Arendal","Agder","RØDT","Rødt",1,1
2019,"ko","kommune","Arendal","Agder","SP","Senterpartiet",3,3
2019,"ko","kommune","Arendal","Agder","KRF","Kristelig Folkeparti",2,2
2019,"ko","kommune","Arendal","Agder","MDG","Miljøpartiet De Grønne",1,1
2019,"ko","kommune","Arendal","Agder","V","Venstre",1,1
2019,"ko","kommune","Arendal","Agder","H","Høyre",8,8
2019,"ko","kommune","Arendal","Agder","FRP","Fremskrittspartiet",5,5
2019,"ko","kommune","Arendal","Agder","HELSE","Helsepartiet",1,1
2019,"ko","kommune","Arendal","Agder","KRISTNE","Partiet De Kristne",0,0
2019,"ko","kommune","Arendal","Agder","LIBS","Liberalistene",0,0
2019,"ko","kommune","Arendal","Agder","PP","Pensjonistpartiet",1,1
2019,"ko","kommune","Arendal","Agder","BLANKE","Blanke",0,0
2019,"ko","kommune","Arendal","Agder","HOVE","Hovelista",2,2
2019,"ko","kommune","Arendal","Agder","Andre","Andre",4,4
2019,"ko","kommune","Arendal","Agder","Andre2","Andre2",0,0
2019,"ko","kommune","Kristiansand","Agder","A","Arbeiderpartiet",13,13
2019,"ko","kommune","Kristiansand","Agder","SV","SV - Sosialistisk Venstreparti",4,4
2019,"ko","kommune","Kristiansand","Agder","RØDT","Rødt",2,2
2019,"ko","kommune","Kristiansand","Agder","SP","Senterpartiet",3,3
2019,"ko","kommune","Kristiansand","Agder","KRF","Kristelig Folkeparti",8,8
2019,"ko","kommune","Kristiansand","Agder","MDG","Miljøpartiet De Grønne",6,6
2019,"ko","kommune","Kristiansand","Agder","V","Venstre",2,2
2019,"ko","kommune","Kristiansand","Agder","H","Høyre",13,13
2019,"ko","kommune","Kristiansand","Agder","FRP","Fremskrittspartiet",4,4
2019,"ko","kommune","Kristiansand","Agder","DEMN","Demokratene",10,10
2019,"ko","kommune","Kristiansand","Agder","HELSE","Helsepartiet",0,0
2019,"ko","kommune","Kristiansand","Agder","KRISTNE","Partiet De Kristne",1,1
2019,"ko","kommune","Kristiansand","Agder","LIBS","Liberalistene",0,0
2019,"ko","kommune","Kristiansand","Agder","PP","Pensjonistpartiet",1,1
2019,"ko","kommune","Kristiansand","Agder","BLANKE","Blanke",0,0
2019,"ko","kommune","Kristiansand","Agder","TFFHK","Tverrpolitisk Folkeliste For Hele Kristiansand",4,4
2019,"ko","kommune","Kristiansand","Agder","Andre","Andre",16,16
2019,"ko","kommune","Kristiansand","Agder","Andre2","Andre2",0,0
2019,"ko","kommune","Lindesnes","Agder","A","Arbeiderpartiet",8,8
2019,"ko","kommune","Lindesnes","Agder","SV","SV - Sosialistisk Venstreparti",1,1
2019,"ko","kommune","Lindesnes","Agder","RØDT","Rødt",0,0
2019,"ko","kommune","Lindesnes","Agder","SP","Senterpartiet",5,5
2019,"ko","kommune","Lindesnes","Agder","KRF","Kristelig Folkeparti",4,4
2019,"ko","kommune","Lindesnes","Agder","MDG","Miljøpartiet De Grønne",2,2
2019,"ko","kommune","Lindesnes","Agder","V","Venstre",2,2
2019,"ko","kommune","Lindesnes","Agder","H","Høyre",6,6
2019,"ko","kommune","Lindesnes","Agder","FRP","Fremskrittspartiet",11,11
2019,"ko","kommune","Lindesnes","Agder","KRISTNE","Partiet De Kristne",0,0
2019,"ko","kommune","Lindesnes","Agder","LIBS","Liberalistene",0,0
2019,"ko","kommune","Lindesnes","Agder","PP","Pensjonistpartiet",0,0
2019,"ko","kommune","Lindesnes","Agder","BLANKE","Blanke",0,0
2019,"ko","kommune","Lindesnes","Agder","Andre","Andre",0,0
2019,"ko","kommune","Lindesnes","Agder","Andre2","Andre2",0,0
2019,"ko","kommune","Farsund","Agder","A","Arbeiderpartiet",8,8
2019,"ko","kommune","Farsund","Agder","SV","SV - Sosialistisk Venstreparti",1,1
2019,"ko","kommune","Farsund","Agder","RØDT","Rødt",1,1
2019,"ko","kommune","Farsund","Agder","SP","Senterpartiet",3,3
2019,"ko","kommune","Farsund","Agder","KRF","Kristelig Folkeparti",5,5
2019,"ko","kommune","Farsund","Agder","V","Venstre",1,1
2019,"ko","kommune","Farsund","Agder","H","Høyre",4,4
2019,"ko","kommune","Farsund","Agder","FRP","Fremskrittspartiet",6,6
2019,"ko","kommune","Farsund","Agder","PP","Pensjonistpartiet",0,0
2019,"ko","kommune","Farsund","Agder","BLANKE","Blanke",0,0
2019,"ko","kommune","Farsund","Agder","Andre","Andre",0,0
2019,"ko","kommune","Farsund","Agder","Andre2","Andre2",0,0
2019,"ko","kommune","Flekkefjord","Agder","A","Arbeiderpartiet",4,4
2019,"ko","kommune","Flekkefjord","Agder","SV","SV - Sosialistisk Venstreparti",2,2
2019,"ko","kommune","Flekkefjord","Agder","RØDT","Rødt",1,1
2019,"ko","kommune","Flekkefjord","Agder","SP","Senterpartiet",7,7
2019,"ko","kommune","Flekkefjord","Agder","KRF","Kristelig Folkeparti",5,5
2019,"ko","kommune","Flekkefjord","Agder","V","Venstre",2,2
2019,"ko","kommune","Flekkefjord","Agder","H","Høyre",8,8
2019,"ko","kommune","Flekkefjord","Agder","FRP","Fremskrittspartiet",6,6
2019,"ko","kommune","Flekkefjord","Agder","DEMN","Demokratene",0,0
2019,"ko","kommune","Flekkefjord","Agder","LIBS","Liberalistene",0,0
2019,"ko","kommune","Flekkefjord","Agder","BLANKE","Blanke",0,0
2019,"ko","kommune","Flekkefjord","Agder","Andre","Andre",0,0
2019,"ko","kommune","Flekkefjord","Agder","Andre2","Andre2",0,0
2019,"ko","kommune","Gjerstad","Agder","A","Arbeiderpartiet",6,6
2019,"ko","kommune","Gjerstad","Agder","SP","Senterpartiet",6,6
2019,"ko","kommune","Gjerstad","Agder","KRF","Kristelig Folkeparti",1,1
2019,"ko","kommune","Gjerstad","Agder","H","Høyre",2,2
2019,"ko","kommune","Gjerstad","Agder","FRP","Fremskrittspartiet",2,2
2019,"ko","kommune","Gjerstad","Agder","BLANKE","Blanke",0,0
2019,"ko","kommune","Gjerstad","Agder","Andre","Andre",0,0
2019,"ko","kommune","Gjerstad","Agder","Andre2","Andre2",0,0
2019,"ko","kommune","Vegårshei","Agder","A","Arbeiderpartiet",4,4
2019,"ko","kommune","Vegårshei","Agder","SP","Senterpartiet",4,4
2019,"ko","kommune","Vegårshei","Agder","KRF","Kristelig Folkeparti",7,7
2019,"ko","kommune","Vegårshei","Agder","H","Høyre",2,2
2019,"ko","kommune","Vegårshei","Agder","BLANKE","Blanke",0,0
2019,"ko","kommune","Vegårshei","Agder","Andre","Andre",0,0
2019,"ko","kommune","Vegårshei","Agder","Andre2","Andre2",0,0
2019,"ko","kommune","Tvedestrand","Agder","A","Arbeiderpartiet",5,5
2019,"ko","kommune","Tvedestrand","Agder","RØDT","Rødt",0,0
2019,"ko","kommune","Tvedestrand","Agder","SP","Senterpartiet",5,5
2019,"ko","kommune","Tvedestrand","Agder","KRF","Kristelig Folkeparti",1,1
2019,"ko","kommune","Tvedestrand","Agder","MDG","Miljøpartiet De Grønne",0,0
2019,"ko","kommune","Tvedestrand","Agder","V","Venstre",2,2
2019,"ko","kommune","Tvedestrand","Agder","H","Høyre",5,5
2019,"ko","kommune","Tvedestrand","Agder","FRP","Fremskrittspartiet",1,1
2019,"ko","kommune","Tvedestrand","Agder","BLANKE","Blanke",0,0
2019,"ko","kommune","Tvedestrand","Agder","XTRA","Xtra-lista",4,4
2019,"ko","kommune","Tvedestrand","Agder","Andre","Andre",4,4
2019,"ko","kommune","Tvedestrand","Agder","Andre2","Andre2",0,0
2019,"ko","kommune","Froland","Agder","A","Arbeiderpartiet",4,4
2019,"ko","kommune","Froland","Agder","SP","Senterpartiet",4,4
2019,"ko","kommune","Froland","Agder","KRF","Kristelig Folkeparti",6,6
2019,"ko","kommune","Froland","Agder","V","Venstre",0,0
2019,"ko","kommune","Froland","Agder","H","Høyre",1,1
2019,"ko","kommune","Froland","Agder","FRP","Fremskrittspartiet",3,3
2019,"ko","kommune","Froland","Agder","KRISTNE","Partiet De Kristne",1,1
2019,"ko","kommune","Froland","Agder","BLANKE","Blanke",0,0
2019,"ko","kommune","Froland","Agder","Andre","Andre",1,1
2019,"ko","kommune","Froland","Agder","Andre2","Andre2",0,0
2019,"ko","kommune","Lillesand","Agder","A","Arbeiderpartiet",6,6
2019,"ko","kommune","Lillesand","Agder","SV","SV - Sosialistisk Venstreparti",2,2
2019,"ko","kommune","Lillesand","Agder","RØDT","Rødt",0,0
2019,"ko","kommune","Lillesand","Agder","SP","Senterpartiet",2,2
2019,"ko","kommune","Lillesand","Agder","KRF","Kristelig Folkeparti",2,2
2019,"ko","kommune","Lillesand","Agder","MDG","Miljøpartiet De Grønne",1,1
2019,"ko","kommune","Lillesand","Agder","V","Venstre",2,2
2019,"ko","kommune","Lillesand","Agder","H","Høyre",8,8
2019,"ko","kommune","Lillesand","Agder","FRP","Fremskrittspartiet",2,2
2019,"ko","kommune","Lillesand","Agder","PP","Pensjonistpartiet",2,2
2019,"ko","kommune","Lillesand","Agder","BLANKE","Blanke",0,0
2019,"ko","kommune","Lillesand","Agder","Andre","Andre",2,2
2019,"ko","kommune","Lillesand","Agder","Andre2","Andre2",0,0
2019,"ko","kommune","Birkenes","Agder","A","Arbeiderpartiet",4,4
2019,"ko","kommune","Birkenes","Agder","SP","Senterpartiet",7,7
2019,"ko","kommune","Birkenes","Agder","KRF","Kristelig Folkeparti",2,2
2019,"ko","kommune","Birkenes","Agder","V","Venstre",0,0
2019,"ko","kommune","Birkenes","Agder","H","Høyre",5,5
2019,"ko","kommune","Birkenes","Agder","FRP","Fremskrittspartiet",2,2
2019,"ko","kommune","Birkenes","Agder","BLANKE","Blanke",0,0
2019,"ko","kommune","Birkenes","Agder","SVMDG","SV - Sosialistisk Venstreparti og Miljøpartiet De Grønne",1,1
2019,"ko","kommune","Birkenes","Agder","Andre","Andre",1,1
2019,"ko","kommune","Birkenes","Agder","Andre2","Andre2",0,0
2019,"ko","kommune","Åmli","Agder","A","Arbeiderpartiet",5,5
2019,"ko","kommune","Åmli","Agder","SP","Senterpartiet",8,8
2019,"ko","kommune","Åmli","Agder","KRF","Kristelig Folkeparti",2,2
2019,"ko","kommune","Åmli","Agder","H","Høyre",2,2
2019,"ko","kommune","Åmli","Agder","BLANKE","Blanke",0,0
2019,"ko","kommune","Åmli","Agder","Andre","Andre",0,0
2019,"ko","kommune","Åmli","Agder","Andre2","Andre2",0,0
2019,"ko","kommune","Iveland","Agder","A","Arbeiderpartiet",2,2
2019,"ko","kommune","Iveland","Agder","SP","Senterpartiet",6,6
2019,"ko","kommune","Iveland","Agder","KRF","Kristelig Folkeparti",4,4
2019,"ko","kommune","Iveland","Agder","H","Høyre",4,4
2019,"ko","kommune","Iveland","Agder","FRP","Fremskrittspartiet",1,1
2019,"ko","kommune","Iveland","Agder","BLANKE","Blanke",0,0
2019,"ko","kommune","Iveland","Agder","Andre","Andre",0,0
2019,"ko","kommune","Iveland","Agder","Andre2","Andre2",0,0
2019,"ko","kommune","Evje og Hornnes","Agder","A","Arbeiderpartiet",8,8
2019,"ko","kommune","Evje og Hornnes","Agder","SV","SV - Sosialistisk Venstreparti",0,0
2019,"ko","kommune","Evje og Hornnes","Agder","RØDT","Rødt",0,0
2019,"ko","kommune","Evje og Hornnes","Agder","SP","Senterpartiet",3,3
2019,"ko","kommune","Evje og Hornnes","Agder","KRF","Kristelig Folkeparti",5,5
2019,"ko","kommune","Evje og Hornnes","Agder","V","Venstre",2,2
2019,"ko","kommune","Evje og Hornnes","Agder","H","Høyre",2,2
2019,"ko","kommune","Evje og Hornnes","Agder","FRP","Fremskrittspartiet",1,1
2019,"ko","kommune","Evje og Hornnes","Agder","BLANKE","Blanke",0,0
2019,"ko","kommune","Evje og Hornnes","Agder","Andre","Andre",0,0
2019,"ko","kommune","Evje og Hornnes","Agder","Andre2","Andre2",0,0
2019,"ko","kommune","Bygland","Agder","A","Arbeiderpartiet",4,4
2019,"ko","kommune","Bygland","Agder","SP","Senterpartiet",4,4
2019,"ko","kommune","Bygland","Agder","H","Høyre",4,4
2019,"ko","kommune","Bygland","Agder","BLANKE","Blanke",0,0
2019,"ko","kommune","Bygland","Agder","SLI","Setesdalslista",3,3
2019,"ko","kommune","Bygland","Agder","Andre","Andre",3,3
2019,"ko","kommune","Bygland","Agder","Andre2","Andre2",0,0
2019,"ko","kommune","Valle","Agder","A","Arbeiderpartiet",6,6
2019,"ko","kommune","Valle","Agder","SP","Senterpartiet",6,6
2019,"ko","kommune","Valle","Agder","V","Venstre",1,1
2019,"ko","kommune","Valle","Agder","H","Høyre",2,2
2019,"ko","kommune","Valle","Agder","BLANKE","Blanke",0,0
2019,"ko","kommune","Valle","Agder","Andre","Andre",0,0
2019,"ko","kommune","Valle","Agder","Andre2","Andre2",0,0
2019,"ko","kommune","Bykle","Agder","A","Arbeiderpartiet",4,4
2019,"ko","kommune","Bykle","Agder","SP","Senterpartiet",3,3
2019,"ko","kommune","Bykle","Agder","KRF","Kristelig Folkeparti",1,1
2019,"ko","kommune","Bykle","Agder","V","Venstre",2,2
2019,"ko","kommune","Bykle","Agder","H","Høyre",3,3
2019,"ko","kommune","Bykle","Agder","BLANKE","Blanke",0,0
2019,"ko","kommune","Bykle","Agder","Andre","Andre",0,0
2019,"ko","kommune","Bykle","Agder","Andre2","Andre2",0,0
2019,"ko","kommune","Vennesla","Agder","A","Arbeiderpartiet",5,5
2019,"ko","kommune","Vennesla","Agder","SV","SV - Sosialistisk Venstreparti",1,1
2019,"ko","kommune","Vennesla","Agder","RØDT","Rødt",0,0
2019,"ko","kommune","Vennesla","Agder","SP","Senterpartiet",6,6
2019,"ko","kommune","Vennesla","Agder","KRF","Kristelig Folkeparti",8,8
2019,"ko","kommune","Vennesla","Agder","V","Venstre",0,0
2019,"ko","kommune","Vennesla","Agder","H","Høyre",3,3
2019,"ko","kommune","Vennesla","Agder","FRP","Fremskrittspartiet",3,3
2019,"ko","kommune","Vennesla","Agder","DEMN","Demokratene",0,0
2019,"ko","kommune","Vennesla","Agder","KRISTNE","Partiet De Kristne",1,1
2019,"ko","kommune","Vennesla","Agder","BLANKE","Blanke",0,0
2019,"ko","kommune","Vennesla","Agder","Andre","Andre",1,1
2019,"ko","kommune","Vennesla","Agder","Andre2","Andre2",0,0
2019,"ko","kommune","Åseral","Agder","A","Arbeiderpartiet",6,6
2019,"ko","kommune","Åseral","Agder","SP","Senterpartiet",5,5
2019,"ko","kommune","Åseral","Agder","KRF","Kristelig Folkeparti",3,3
2019,"ko","kommune","Åseral","Agder","H","Høyre",3,3
2019,"ko","kommune","Åseral","Agder","BLANKE","Blanke",0,0
2019,"ko","kommune","Åseral","Agder","Andre","Andre",0,0
2019,"ko","kommune","Åseral","Agder","Andre2","Andre2",0,0
2019,"ko","kommune","Lyngdal","Agder","A","Arbeiderpartiet",5,5
2019,"ko","kommune","Lyngdal","Agder","RØDT","Rødt",1,1
2019,"ko","kommune","Lyngdal","Agder","SP","Senterpartiet",6,6
2019,"ko","kommune","Lyngdal","Agder","KRF","Kristelig Folkeparti",8,8
2019,"ko","kommune","Lyngdal","Agder","V","Venstre",1,1
2019,"ko","kommune","Lyngdal","Agder","H","Høyre",10,10
2019,"ko","kommune","Lyngdal","Agder","FRP","Fremskrittspartiet",4,4
2019,"ko","kommune","Lyngdal","Agder","BLANKE","Blanke",0,0
2019,"ko","kommune","Lyngdal","Agder","Andre","Andre",0,0
2019,"ko","kommune","Lyngdal","Agder","Andre2","Andre2",0,0
2019,"ko","kommune","Hægebostad","Agder","A","Arbeiderpartiet",1,1
2019,"ko","kommune","Hægebostad","Agder","SP","Senterpartiet",6,6
2019,"ko","kommune","Hægebostad","Agder","KRF","Kristelig Folkeparti",2,2
2019,"ko","kommune","Hægebostad","Agder","H","Høyre",3,3
2019,"ko","kommune","Hægebostad","Agder","FRP","Fremskrittspartiet",3,3
2019,"ko","kommune","Hægebostad","Agder","BLANKE","Blanke",0,0
2019,"ko","kommune","Hægebostad","Agder","TPLH","Tverrpolitisk liste",2,2
2019,"ko","kommune","Hægebostad","Agder","Andre","Andre",2,2
2019,"ko","kommune","Hægebostad","Agder","Andre2","Andre2",0,0
2019,"ko","kommune","Kvinesdal","Agder","A","Arbeiderpartiet",6,6
2019,"ko","kommune","Kvinesdal","Agder","SP","Senterpartiet",6,6
2019,"ko","kommune","Kvinesdal","Agder","KRF","Kristelig Folkeparti",7,7
2019,"ko","kommune","Kvinesdal","Agder","V","Venstre",0,0
2019,"ko","kommune","Kvinesdal","Agder","H","Høyre",4,4
2019,"ko","kommune","Kvinesdal","Agder","FRP","Fremskrittspartiet",4,4
2019,"ko","kommune","Kvinesdal","Agder","BLANKE","Blanke",0,0
2019,"ko","kommune","Kvinesdal","Agder","Andre","Andre",0,0
2019,"ko","kommune","Kvinesdal","Agder","Andre2","Andre2",0,0
2019,"ko","kommune","Sirdal","Agder","A","Arbeiderpartiet",8,8
2019,"ko","kommune","Sirdal","Agder","SP","Senterpartiet",4,4
2019,"ko","kommune","Sirdal","Agder","KRF","Kristelig Folkeparti",2,2
2019,"ko","kommune","Sirdal","Agder","V","Venstre",1,1
2019,"ko","kommune","Sirdal","Agder","H","Høyre",3,3
2019,"ko","kommune","Sirdal","Agder","BLANKE","Blanke",0,0
2019,"ko","kommune","Sirdal","Agder","FRPSIR","Fremskrittspartiet og Sirdalslisten",1,1
2019,"ko","kommune","Sirdal","Agder","Andre","Andre",1,1
2019,"ko","kommune","Sirdal","Agder","Andre2","Andre2",0,0
2019,"ko","kommune","Bergen","Vestland","A","Arbeiderpartiet",13,13
2019,"ko","kommune","Bergen","Vestland","SV","SV - Sosialistisk Venstreparti",6,6
2019,"ko","kommune","Bergen","Vestland","RØDT","Rødt",3,3
2019,"ko","kommune","Bergen","Vestland","SP","Senterpartiet",4,4
2019,"ko","kommune","Bergen","Vestland","KRF","Kristelig Folkeparti",2,2
2019,"ko","kommune","Bergen","Vestland","MDG","Miljøpartiet De Grønne",7,7
2019,"ko","kommune","Bergen","Vestland","V","Venstre",3,3
2019,"ko","kommune","Bergen","Vestland","H","Høyre",14,14
2019,"ko","kommune","Bergen","Vestland","FRP","Fremskrittspartiet",3,3
2019,"ko","kommune","Bergen","Vestland","DEMN","Demokratene",0,0
2019,"ko","kommune","Bergen","Vestland","FNB","Folkeaksjonen Nei til mer bompenger",11,11
2019,"ko","kommune","Bergen","Vestland","KRISTNE","Partiet De Kristne",0,0
2019,"ko","kommune","Bergen","Vestland","LIBS","Liberalistene",0,0
2019,"ko","kommune","Bergen","Vestland","NKP","Norges Kommunistiske Parti",0,0
2019,"ko","kommune","Bergen","Vestland","PIR","Piratpartiet",0,0
2019,"ko","kommune","Bergen","Vestland","PP","Pensjonistpartiet",1,1
2019,"ko","kommune","Bergen","Vestland","BLANKE","Blanke",0,0
2019,"ko","kommune","Bergen","Vestland","Andre","Andre",12,12
2019,"ko","kommune","Bergen","Vestland","Andre2","Andre2",0,0
2019,"ko","kommune","Kinn","Vestland","A","Arbeiderpartiet",10,10
2019,"ko","kommune","Kinn","Vestland","SV","SV - Sosialistisk Venstreparti",2,2
2019,"ko","kommune","Kinn","Vestland","RØDT","Rødt",4,4
2019,"ko","kommune","Kinn","Vestland","SP","Senterpartiet",8,8
2019,"ko","kommune","Kinn","Vestland","KRF","Kristelig Folkeparti",1,1
2019,"ko","kommune","Kinn","Vestland","MDG","Miljøpartiet De Grønne",2,2
2019,"ko","kommune","Kinn","Vestland","V","Venstre",4,4
2019,"ko","kommune","Kinn","Vestland","H","Høyre",6,6
2019,"ko","kommune","Kinn","Vestland","FRP","Fremskrittspartiet",2,2
2019,"ko","kommune","Kinn","Vestland","KRISTNE","Partiet De Kristne",0,0
2019,"ko","kommune","Kinn","Vestland","BLANKE","Blanke",0,0
2019,"ko","kommune","Kinn","Vestland","Andre","Andre",0,0
2019,"ko","kommune","Kinn","Vestland","Andre2","Andre2",0,0
2019,"ko","kommune","Etne","Vestland","A","Arbeiderpartiet",2,2
2019,"ko","kommune","Etne","Vestland","RØDT","Rødt",0,0
2019,"ko","kommune","Etne","Vestland","SP","Senterpartiet",7,7
2019,"ko","kommune","Etne","Vestland","KRF","Kristelig Folkeparti",2,2
2019,"ko","kommune","Etne","Vestland","V","Venstre",1,1
2019,"ko","kommune","Etne","Vestland","H","Høyre",1,1
2019,"ko","kommune","Etne","Vestland","FRP","Fremskrittspartiet",4,4
2019,"ko","kommune","Etne","Vestland","BLANKE","Blanke",0,0
2019,"ko","kommune","Etne","Vestland","Andre","Andre",0,0
2019,"ko","kommune","Etne","Vestland","Andre2","Andre2",0,0
2019,"ko","kommune","Sveio","Vestland","A","Arbeiderpartiet",7,7
2019,"ko","kommune","Sveio","Vestland","SV","SV - Sosialistisk Venstreparti",1,1
2019,"ko","kommune","Sveio","Vestland","SP","Senterpartiet",5,5
2019,"ko","kommune","Sveio","Vestland","KRF","Kristelig Folkeparti",2,2
2019,"ko","kommune","Sveio","Vestland","MDG","Miljøpartiet De Grønne",1,1
2019,"ko","kommune","Sveio","Vestland","V","Venstre",0,0
2019,"ko","kommune","Sveio","Vestland","H","Høyre",5,5
2019,"ko","kommune","Sveio","Vestland","FRP","Fremskrittspartiet",4,4
2019,"ko","kommune","Sveio","Vestland","BLANKE","Blanke",0,0
2019,"ko","kommune","Sveio","Vestland","Andre","Andre",0,0
2019,"ko","kommune","Sveio","Vestland","Andre2","Andre2",0,0
2019,"ko","kommune","Bømlo","Vestland","A","Arbeiderpartiet",5,5
2019,"ko","kommune","Bømlo","Vestland","SV","SV - Sosialistisk Venstreparti",1,1
2019,"ko","kommune","Bømlo","Vestland","RØDT","Rødt",0,0
2019,"ko","kommune","Bømlo","Vestland","SP","Senterpartiet",3,3
2019,"ko","kommune","Bømlo","Vestland","KRF","Kristelig Folkeparti",5,5
2019,"ko","kommune","Bømlo","Vestland","MDG","Miljøpartiet De Grønne",1,1
2019,"ko","kommune","Bømlo","Vestland","V","Venstre",1,1
2019,"ko","kommune","Bømlo","Vestland","H","Høyre",7,7
2019,"ko","kommune","Bømlo","Vestland","FRP","Fremskrittspartiet",3,3
2019,"ko","kommune","Bømlo","Vestland","KRISTNE","Partiet De Kristne",1,1
2019,"ko","kommune","Bømlo","Vestland","LIBS","Liberalistene",0,0
2019,"ko","kommune","Bømlo","Vestland","BLANKE","Blanke",0,0
2019,"ko","kommune","Bømlo","Vestland","Andre","Andre",1,1
2019,"ko","kommune","Bømlo","Vestland","Andre2","Andre2",0,0
2019,"ko","kommune","Stord","Vestland","A","Arbeiderpartiet",11,11
2019,"ko","kommune","Stord","Vestland","SV","SV - Sosialistisk Venstreparti",2,2
2019,"ko","kommune","Stord","Vestland","RØDT","Rødt",1,1
2019,"ko","kommune","Stord","Vestland","SP","Senterpartiet",5,5
2019,"ko","kommune","Stord","Vestland","KRF","Kristelig Folkeparti",2,2
2019,"ko","kommune","Stord","Vestland","MDG","Miljøpartiet De Grønne",1,1
2019,"ko","kommune","Stord","Vestland","V","Venstre",1,1
2019,"ko","kommune","Stord","Vestland","H","Høyre",6,6
2019,"ko","kommune","Stord","Vestland","FRP","Fremskrittspartiet",6,6
2019,"ko","kommune","Stord","Vestland","BLANKE","Blanke",0,0
2019,"ko","kommune","Stord","Vestland","Andre","Andre",0,0
2019,"ko","kommune","Stord","Vestland","Andre2","Andre2",0,0
2019,"ko","kommune","Fitjar","Vestland","A","Arbeiderpartiet",3,3
2019,"ko","kommune","Fitjar","Vestland","SP","Senterpartiet",3,3
2019,"ko","kommune","Fitjar","Vestland","KRF","Kristelig Folkeparti",6,6
2019,"ko","kommune","Fitjar","Vestland","H","Høyre",3,3
2019,"ko","kommune","Fitjar","Vestland","FRP","Fremskrittspartiet",2,2
2019,"ko","kommune","Fitjar","Vestland","BLANKE","Blanke",0,0
2019,"ko","kommune","Fitjar","Vestland","Andre","Andre",0,0
2019,"ko","kommune","Fitjar","Vestland","Andre2","Andre2",0,0
2019,"ko","kommune","Tysnes","Vestland","A","Arbeiderpartiet",4,4
2019,"ko","kommune","Tysnes","Vestland","SP","Senterpartiet",6,6
2019,"ko","kommune","Tysnes","Vestland","KRF","Kristelig Folkeparti",1,1
2019,"ko","kommune","Tysnes","Vestland","H","Høyre",8,8
2019,"ko","kommune","Tysnes","Vestland","FRP","Fremskrittspartiet",2,2
2019,"ko","kommune","Tysnes","Vestland","BLANKE","Blanke",0,0
2019,"ko","kommune","Tysnes","Vestland","Andre","Andre",0,0
2019,"ko","kommune","Tysnes","Vestland","Andre2","Andre2",0,0
2019,"ko","kommune","Kvinnherad","Vestland","A","Arbeiderpartiet",7,7
2019,"ko","kommune","Kvinnherad","Vestland","SP","Senterpartiet",8,8
2019,"ko","kommune","Kvinnherad","Vestland","KRF","Kristelig Folkeparti",2,2
2019,"ko","kommune","Kvinnherad","Vestland","MDG","Miljøpartiet De Grønne",2,2
2019,"ko","kommune","Kvinnherad","Vestland","V","Venstre",1,1
2019,"ko","kommune","Kvinnherad","Vestland","H","Høyre",9,9
2019,"ko","kommune","Kvinnherad","Vestland","FRP","Fremskrittspartiet",3,3
2019,"ko","kommune","Kvinnherad","Vestland","KRISTNE","Partiet De Kristne",0,0
2019,"ko","kommune","Kvinnherad","Vestland","BLANKE","Blanke",0,0
2019,"ko","kommune","Kvinnherad","Vestland","SVRA","Sosialistisk Fellesliste av SV og Raudt",3,3
2019,"ko","kommune","Kvinnherad","Vestland","Andre","Andre",3,3
2019,"ko","kommune","Kvinnherad","Vestland","Andre2","Andre2",0,0
2019,"ko","kommune","Ullensvang","Vestland","A","Arbeiderpartiet",14,14
2019,"ko","kommune","Ullensvang","Vestland","SV","SV - Sosialistisk Venstreparti",1,1
2019,"ko","kommune","Ullensvang","Vestland","RØDT","Rødt",2,2
2019,"ko","kommune","Ullensvang","Vestland","SP","Senterpartiet",9,9
2019,"ko","kommune","Ullensvang","Vestland","KRF","Kristelig Folkeparti",1,1
2019,"ko","kommune","Ullensvang","Vestland","MDG","Miljøpartiet De Grønne",0,0
2019,"ko","kommune","Ullensvang","Vestland","V","Venstre",1,1
2019,"ko","kommune","Ullensvang","Vestland","H","Høyre",4,4
2019,"ko","kommune","Ullensvang","Vestland","FRP","Fremskrittspartiet",1,1
2019,"ko","kommune","Ullensvang","Vestland","BLANKE","Blanke",0,0
2019,"ko","kommune","Ullensvang","Vestland","Andre","Andre",0,0
2019,"ko","kommune","Ullensvang","Vestland","Andre2","Andre2",0,0
2019,"ko","kommune","Eidfjord","Vestland","A","Arbeiderpartiet",6,6
2019,"ko","kommune","Eidfjord","Vestland","SV","SV - Sosialistisk Venstreparti",2,2
2019,"ko","kommune","Eidfjord","Vestland","SP","Senterpartiet",7,7
2019,"ko","kommune","Eidfjord","Vestland","H","Høyre",2,2
2019,"ko","kommune","Eidfjord","Vestland","BLANKE","Blanke",0,0
2019,"ko","kommune","Eidfjord","Vestland","Andre","Andre",0,0
2019,"ko","kommune","Eidfjord","Vestland","Andre2","Andre2",0,0
2019,"ko","kommune","Ulvik","Vestland","A","Arbeiderpartiet",5,5
2019,"ko","kommune","Ulvik","Vestland","SV","SV - Sosialistisk Venstreparti",2,2
2019,"ko","kommune","Ulvik","Vestland","SP","Senterpartiet",5,5
2019,"ko","kommune","Ulvik","Vestland","V","Venstre",3,3
2019,"ko","kommune","Ulvik","Vestland","H","Høyre",2,2
2019,"ko","kommune","Ulvik","Vestland","BLANKE","Blanke",0,0
2019,"ko","kommune","Ulvik","Vestland","Andre","Andre",0,0
2019,"ko","kommune","Ulvik","Vestland","Andre2","Andre2",0,0
2019,"ko","kommune","Voss","Vestland","A","Arbeiderpartiet",13,13
2019,"ko","kommune","Voss","Vestland","SV","SV - Sosialistisk Venstreparti",3,3
2019,"ko","kommune","Voss","Vestland","RØDT","Rødt",1,1
2019,"ko","kommune","Voss","Vestland","SP","Senterpartiet",14,14
2019,"ko","kommune","Voss","Vestland","KRF","Kristelig Folkeparti",2,2
2019,"ko","kommune","Voss","Vestland","MDG","Miljøpartiet De Grønne",2,2
2019,"ko","kommune","Voss","Vestland","V","Venstre",1,1
2019,"ko","kommune","Voss","Vestland","H","Høyre",5,5
2019,"ko","kommune","Voss","Vestland","FRP","Fremskrittspartiet",2,2
2019,"ko","kommune","Voss","Vestland","BLANKE","Blanke",0,0
2019,"ko","kommune","Voss","Vestland","Andre","Andre",0,0
2019,"ko","kommune","Voss","Vestland","Andre2","Andre2",0,0
2019,"ko","kommune","Kvam","Vestland","A","Arbeiderpartiet",6,6
2019,"ko","kommune","Kvam","Vestland","SV","SV - Sosialistisk Venstreparti",1,1
2019,"ko","kommune","Kvam","Vestland","RØDT","Rødt",1,1
2019,"ko","kommune","Kvam","Vestland","SP","Senterpartiet",8,8
2019,"ko","kommune","Kvam","Vestland","KRF","Kristelig Folkeparti",3,3
2019,"ko","kommune","Kvam","Vestland","MDG","Miljøpartiet De Grønne",2,2
2019,"ko","kommune","Kvam","Vestland","V","Venstre",0,0
2019,"ko","kommune","Kvam","Vestland","H","Høyre",2,2
2019,"ko","kommune","Kvam","Vestland","FRP","Fremskrittspartiet",4,4
2019,"ko","kommune","Kvam","Vestland","BLANKE","Blanke",0,0
2019,"ko","kommune","Kvam","Vestland","Andre","Andre",0,0
2019,"ko","kommune","Kvam","Vestland","Andre2","Andre2",0,0
2019,"ko","kommune","Samnanger","Vestland","A","Arbeiderpartiet",4,4
2019,"ko","kommune","Samnanger","Vestland","SP","Senterpartiet",2,2
2019,"ko","kommune","Samnanger","Vestland","KRF","Kristelig Folkeparti",1,1
2019,"ko","kommune","Samnanger","Vestland","MDG","Miljøpartiet De Grønne",2,2
2019,"ko","kommune","Samnanger","Vestland","H","Høyre",1,1
2019,"ko","kommune","Samnanger","Vestland","FRP","Fremskrittspartiet",3,3
2019,"ko","kommune","Samnanger","Vestland","BLANKE","Blanke",0,0
2019,"ko","kommune","Samnanger","Vestland","BYGS","Bygdalista",8,8
2019,"ko","kommune","Samnanger","Vestland","Andre","Andre",8,8
2019,"ko","kommune","Samnanger","Vestland","Andre2","Andre2",0,0
2019,"ko","kommune","Bjørnafjorden","Vestland","A","Arbeiderpartiet",8,8
2019,"ko","kommune","Bjørnafjorden","Vestland","SV","SV - Sosialistisk Venstreparti",1,1
2019,"ko","kommune","Bjørnafjorden","Vestland","RØDT","Rødt",0,0
2019,"ko","kommune","Bjørnafjorden","Vestland","SP","Senterpartiet",5,5
2019,"ko","kommune","Bjørnafjorden","Vestland","KRF","Kristelig Folkeparti",1,1
2019,"ko","kommune","Bjørnafjorden","Vestland","MDG","Miljøpartiet De Grønne",3,3
2019,"ko","kommune","Bjørnafjorden","Vestland","V","Venstre",0,0
2019,"ko","kommune","Bjørnafjorden","Vestland","H","Høyre",5,5
2019,"ko","kommune","Bjørnafjorden","Vestland","FRP","Fremskrittspartiet",12,12
2019,"ko","kommune","Bjørnafjorden","Vestland","BLANKE","Blanke",0,0
2019,"ko","kommune","Bjørnafjorden","Vestland","Andre","Andre",0,0
2019,"ko","kommune","Bjørnafjorden","Vestland","Andre2","Andre2",0,0
2019,"ko","kommune","Austevoll","Vestland","A","Arbeiderpartiet",4,4
2019,"ko","kommune","Austevoll","Vestland","SV","SV - Sosialistisk Venstreparti",0,0
2019,"ko","kommune","Austevoll","Vestland","SP","Senterpartiet",2,2
2019,"ko","kommune","Austevoll","Vestland","KRF","Kristelig Folkeparti",1,1
2019,"ko","kommune","Austevoll","Vestland","MDG","Miljøpartiet De Grønne",1,1
2019,"ko","kommune","Austevoll","Vestland","V","Venstre",0,0
2019,"ko","kommune","Austevoll","Vestland","H","Høyre",8,8
2019,"ko","kommune","Austevoll","Vestland","FRP","Fremskrittspartiet",5,5
2019,"ko","kommune","Austevoll","Vestland","BLANKE","Blanke",0,0
2019,"ko","kommune","Austevoll","Vestland","Andre","Andre",0,0
2019,"ko","kommune","Austevoll","Vestland","Andre2","Andre2",0,0
2019,"ko","kommune","Øygarden","Vestland","A","Arbeiderpartiet",8,8
2019,"ko","kommune","Øygarden","Vestland","SV","SV - Sosialistisk Venstreparti",2,2
2019,"ko","kommune","Øygarden","Vestland","RØDT","Rødt",1,1
2019,"ko","kommune","Øygarden","Vestland","SP","Senterpartiet",4,4
2019,"ko","kommune","Øygarden","Vestland","KRF","Kristelig Folkeparti",4,4
2019,"ko","kommune","Øygarden","Vestland","MDG","Miljøpartiet De Grønne",2,2
2019,"ko","kommune","Øygarden","Vestland","V","Venstre",1,1
2019,"ko","kommune","Øygarden","Vestland","H","Høyre",10,10
2019,"ko","kommune","Øygarden","Vestland","FRP","Fremskrittspartiet",4,4
2019,"ko","kommune","Øygarden","Vestland","FNB","Folkeaksjonen Nei til mer bompenger",4,4
2019,"ko","kommune","Øygarden","Vestland","KRISTNE","Partiet De Kristne",0,0
2019,"ko","kommune","Øygarden","Vestland","BLANKE","Blanke",0,0
2019,"ko","kommune","Øygarden","Vestland","SOT","Sotralista",5,5
2019,"ko","kommune","Øygarden","Vestland","Andre","Andre",9,9
2019,"ko","kommune","Øygarden","Vestland","Andre2","Andre2",0,0
2019,"ko","kommune","Askøy","Vestland","A","Arbeiderpartiet",5,5
2019,"ko","kommune","Askøy","Vestland","SV","SV - Sosialistisk Venstreparti",2,2
2019,"ko","kommune","Askøy","Vestland","RØDT","Rødt",1,1
2019,"ko","kommune","Askøy","Vestland","SP","Senterpartiet",2,2
2019,"ko","kommune","Askøy","Vestland","KRF","Kristelig Folkeparti",1,1
2019,"ko","kommune","Askøy","Vestland","MDG","Miljøpartiet De Grønne",1,1
2019,"ko","kommune","Askøy","Vestland","V","Venstre",1,1
2019,"ko","kommune","Askøy","Vestland","H","Høyre",8,8
2019,"ko","kommune","Askøy","Vestland","FRP","Fremskrittspartiet",4,4
2019,"ko","kommune","Askøy","Vestland","FNB","Folkeaksjonen Nei til mer bompenger",3,3
2019,"ko","kommune","Askøy","Vestland","PP","Pensjonistpartiet",2,2
2019,"ko","kommune","Askøy","Vestland","ASKØY","Askøylisten",5,5
2019,"ko","kommune","Askøy","Vestland","BLANKE","Blanke",0,0
2019,"ko","kommune","Askøy","Vestland","Andre","Andre",10,10
2019,"ko","kommune","Askøy","Vestland","Andre2","Andre2",0,0
2019,"ko","kommune","Vaksdal","Vestland","A","Arbeiderpartiet",6,6
2019,"ko","kommune","Vaksdal","Vestland","SV","SV - Sosialistisk Venstreparti",4,4
2019,"ko","kommune","Vaksdal","Vestland","RØDT","Rødt",0,0
2019,"ko","kommune","Vaksdal","Vestland","SP","Senterpartiet",4,4
2019,"ko","kommune","Vaksdal","Vestland","KRF","Kristelig Folkeparti",1,1
2019,"ko","kommune","Vaksdal","Vestland","MDG","Miljøpartiet De Grønne",0,0
2019,"ko","kommune","Vaksdal","Vestland","H","Høyre",4,4
2019,"ko","kommune","Vaksdal","Vestland","FRP","Fremskrittspartiet",2,2
2019,"ko","kommune","Vaksdal","Vestland","BLANKE","Blanke",0,0
2019,"ko","kommune","Vaksdal","Vestland","Andre","Andre",0,0
2019,"ko","kommune","Vaksdal","Vestland","Andre2","Andre2",0,0
2019,"ko","kommune","Modalen","Vestland","BLANKE","Blanke",0,0
2019,"ko","kommune","Modalen","Vestland","SLMO","Samlingslista",7,7
2019,"ko","kommune","Modalen","Vestland","SOLR","Solrenningslista",6,6
2019,"ko","kommune","Modalen","Vestland","Andre","Andre",13,13
2019,"ko","kommune","Modalen","Vestland","Andre2","Andre2",0,0
2019,"ko","kommune","Osterøy","Vestland","A","Arbeiderpartiet",4,4
2019,"ko","kommune","Osterøy","Vestland","SV","SV - Sosialistisk Venstreparti",2,2
2019,"ko","kommune","Osterøy","Vestland","SP","Senterpartiet",5,5
2019,"ko","kommune","Osterøy","Vestland","KRF","Kristelig Folkeparti",3,3
2019,"ko","kommune","Osterøy","Vestland","MDG","Miljøpartiet De Grønne",1,1
2019,"ko","kommune","Osterøy","Vestland","V","Venstre",1,1
2019,"ko","kommune","Osterøy","Vestland","H","Høyre",4,4
2019,"ko","kommune","Osterøy","Vestland","FRP","Fremskrittspartiet",7,7
2019,"ko","kommune","Osterøy","Vestland","BLANKE","Blanke",0,0
2019,"ko","kommune","Osterøy","Vestland","Andre","Andre",0,0
2019,"ko","kommune","Osterøy","Vestland","Andre2","Andre2",0,0
2019,"ko","kommune","Alver","Vestland","A","Arbeiderpartiet",7,7
2019,"ko","kommune","Alver","Vestland","SV","SV - Sosialistisk Venstreparti",2,2
2019,"ko","kommune","Alver","Vestland","RØDT","Rødt",1,1
2019,"ko","kommune","Alver","Vestland","SP","Senterpartiet",8,8
2019,"ko","kommune","Alver","Vestland","KRF","Kristelig Folkeparti",7,7
2019,"ko","kommune","Alver","Vestland","MDG","Miljøpartiet De Grønne",2,2
2019,"ko","kommune","Alver","Vestland","V","Venstre",1,1
2019,"ko","kommune","Alver","Vestland","H","Høyre",6,6
2019,"ko","kommune","Alver","Vestland","FRP","Fremskrittspartiet",3,3
2019,"ko","kommune","Alver","Vestland","FNB","Folkeaksjonen Nei til mer bompenger",10,10
2019,"ko","kommune","Alver","Vestland","KRISTNE","Partiet De Kristne",0,0
2019,"ko","kommune","Alver","Vestland","BLANKE","Blanke",0,0
2019,"ko","kommune","Alver","Vestland","Andre","Andre",10,10
2019,"ko","kommune","Alver","Vestland","Andre2","Andre2",0,0
2019,"ko","kommune","Austrheim","Vestland","A","Arbeiderpartiet",6,6
2019,"ko","kommune","Austrheim","Vestland","SV","SV - Sosialistisk Venstreparti",0,0
2019,"ko","kommune","Austrheim","Vestland","SP","Senterpartiet",3,3
2019,"ko","kommune","Austrheim","Vestland","KRF","Kristelig Folkeparti",3,3
2019,"ko","kommune","Austrheim","Vestland","H","Høyre",4,4
2019,"ko","kommune","Austrheim","Vestland","BIA","Bygdelista i Austrheim",1,1
2019,"ko","kommune","Austrheim","Vestland","BLANKE","Blanke",0,0
2019,"ko","kommune","Austrheim","Vestland","Andre","Andre",1,1
2019,"ko","kommune","Austrheim","Vestland","Andre2","Andre2",0,0
2019,"ko","kommune","Fedje","Vestland","A","Arbeiderpartiet",6,6
2019,"ko","kommune","Fedje","Vestland","H","Høyre",6,6
2019,"ko","kommune","Fedje","Vestland","FRP","Fremskrittspartiet",3,3
2019,"ko","kommune","Fedje","Vestland","BLANKE","Blanke",0,0
2019,"ko","kommune","Fedje","Vestland","Andre","Andre",0,0
2019,"ko","kommune","Fedje","Vestland","Andre2","Andre2",0,0
2019,"ko","kommune","Masfjorden","Vestland","A","Arbeiderpartiet",4,4
2019,"ko","kommune","Masfjorden","Vestland","SP","Senterpartiet",4,4
2019,"ko","kommune","Masfjorden","Vestland","KRF","Kristelig Folkeparti",1,1
2019,"ko","kommune","Masfjorden","Vestland","V","Venstre",0,0
2019,"ko","kommune","Masfjorden","Vestland","H","Høyre",7,7
2019,"ko","kommune","Masfjorden","Vestland","FRP","Fremskrittspartiet",1,1
2019,"ko","kommune","Masfjorden","Vestland","BLANKE","Blanke",0,0
2019,"ko","kommune","Masfjorden","Vestland","Andre","Andre",0,0
2019,"ko","kommune","Masfjorden","Vestland","Andre2","Andre2",0,0
2019,"ko","kommune","Gulen","Vestland","A","Arbeiderpartiet",4,4
2019,"ko","kommune","Gulen","Vestland","SP","Senterpartiet",9,9
2019,"ko","kommune","Gulen","Vestland","KRF","Kristelig Folkeparti",1,1
2019,"ko","kommune","Gulen","Vestland","V","Venstre",1,1
2019,"ko","kommune","Gulen","Vestland","H","Høyre",6,6
2019,"ko","kommune","Gulen","Vestland","BLANKE","Blanke",0,0
2019,"ko","kommune","Gulen","Vestland","Andre","Andre",0,0
2019,"ko","kommune","Gulen","Vestland","Andre2","Andre2",0,0
2019,"ko","kommune","Solund","Vestland","A","Arbeiderpartiet",2,2
2019,"ko","kommune","Solund","Vestland","SV","SV - Sosialistisk Venstreparti",1,1
2019,"ko","kommune","Solund","Vestland","SP","Senterpartiet",8,8
2019,"ko","kommune","Solund","Vestland","H","Høyre",4,4
2019,"ko","kommune","Solund","Vestland","BLANKE","Blanke",0,0
2019,"ko","kommune","Solund","Vestland","Andre","Andre",0,0
2019,"ko","kommune","Solund","Vestland","Andre2","Andre2",0,0
2019,"ko","kommune","Hyllestad","Vestland","A","Arbeiderpartiet",6,6
2019,"ko","kommune","Hyllestad","Vestland","SP","Senterpartiet",7,7
2019,"ko","kommune","Hyllestad","Vestland","KRF","Kristelig Folkeparti",1,1
2019,"ko","kommune","Hyllestad","Vestland","H","Høyre",3,3
2019,"ko","kommune","Hyllestad","Vestland","BLANKE","Blanke",0,0
2019,"ko","kommune","Hyllestad","Vestland","Andre","Andre",0,0
2019,"ko","kommune","Hyllestad","Vestland","Andre2","Andre2",0,0
2019,"ko","kommune","Høyanger","Vestland","A","Arbeiderpartiet",9,9
2019,"ko","kommune","Høyanger","Vestland","SV","SV - Sosialistisk Venstreparti",1,1
2019,"ko","kommune","Høyanger","Vestland","RØDT","Rødt",3,3
2019,"ko","kommune","Høyanger","Vestland","SP","Senterpartiet",6,6
2019,"ko","kommune","Høyanger","Vestland","H","Høyre",2,2
2019,"ko","kommune","Høyanger","Vestland","BLANKE","Blanke",0,0
2019,"ko","kommune","Høyanger","Vestland","Andre","Andre",0,0
2019,"ko","kommune","Høyanger","Vestland","Andre2","Andre2",0,0
2019,"ko","kommune","Vik","Vestland","A","Arbeiderpartiet",8,8
2019,"ko","kommune","Vik","Vestland","SV","SV - Sosialistisk Venstreparti",1,1
2019,"ko","kommune","Vik","Vestland","SP","Senterpartiet",7,7
2019,"ko","kommune","Vik","Vestland","H","Høyre",1,1
2019,"ko","kommune","Vik","Vestland","BLANKE","Blanke",0,0
2019,"ko","kommune","Vik","Vestland","Andre","Andre",0,0
2019,"ko","kommune","Vik","Vestland","Andre2","Andre2",0,0
2019,"ko","kommune","Sogndal","Vestland","A","Arbeiderpartiet",6,6
2019,"ko","kommune","Sogndal","Vestland","SV","SV - Sosialistisk Venstreparti",4,4
2019,"ko","kommune","Sogndal","Vestland","SP","Senterpartiet",16,16
2019,"ko","kommune","Sogndal","Vestland","KRF","Kristelig Folkeparti",2,2
2019,"ko","kommune","Sogndal","Vestland","MDG","Miljøpartiet De Grønne",1,1
2019,"ko","kommune","Sogndal","Vestland","V","Venstre",2,2
2019,"ko","kommune","Sogndal","Vestland","H","Høyre",5,5
2019,"ko","kommune","Sogndal","Vestland","FRP","Fremskrittspartiet",1,1
2019,"ko","kommune","Sogndal","Vestland","BLANKE","Blanke",0,0
2019,"ko","kommune","Sogndal","Vestland","Andre","Andre",0,0
2019,"ko","kommune","Sogndal","Vestland","Andre2","Andre2",0,0
2019,"ko","kommune","Aurland","Vestland","A","Arbeiderpartiet",4,4
2019,"ko","kommune","Aurland","Vestland","SV","SV - Sosialistisk Venstreparti",0,0
2019,"ko","kommune","Aurland","Vestland","SP","Senterpartiet",8,8
2019,"ko","kommune","Aurland","Vestland","MDG","Miljøpartiet De Grønne",2,2
2019,"ko","kommune","Aurland","Vestland","V","Venstre",0,0
2019,"ko","kommune","Aurland","Vestland","H","Høyre",3,3
2019,"ko","kommune","Aurland","Vestland","BLANKE","Blanke",0,0
2019,"ko","kommune","Aurland","Vestland","Andre","Andre",0,0
2019,"ko","kommune","Aurland","Vestland","Andre2","Andre2",0,0
2019,"ko","kommune","Lærdal","Vestland","A","Arbeiderpartiet",8,8
2019,"ko","kommune","Lærdal","Vestland","SV","SV - Sosialistisk Venstreparti",2,2
2019,"ko","kommune","Lærdal","Vestland","SP","Senterpartiet",5,5
2019,"ko","kommune","Lærdal","Vestland","H","Høyre",2,2
2019,"ko","kommune","Lærdal","Vestland","BLANKE","Blanke",0,0
2019,"ko","kommune","Lærdal","Vestland","Andre","Andre",0,0
2019,"ko","kommune","Lærdal","Vestland","Andre2","Andre2",0,0
2019,"ko","kommune","Årdal","Vestland","A","Arbeiderpartiet",11,11
2019,"ko","kommune","Årdal","Vestland","RØDT","Rødt",1,1
2019,"ko","kommune","Årdal","Vestland","SP","Senterpartiet",8,8
2019,"ko","kommune","Årdal","Vestland","H","Høyre",1,1
2019,"ko","kommune","Årdal","Vestland","BLANKE","Blanke",0,0
2019,"ko","kommune","Årdal","Vestland","Andre","Andre",0,0
2019,"ko","kommune","Årdal","Vestland","Andre2","Andre2",0,0
2019,"ko","kommune","Luster","Vestland","A","Arbeiderpartiet",6,6
2019,"ko","kommune","Luster","Vestland","SP","Senterpartiet",13,13
2019,"ko","kommune","Luster","Vestland","KRF","Kristelig Folkeparti",1,1
2019,"ko","kommune","Luster","Vestland","V","Venstre",1,1
2019,"ko","kommune","Luster","Vestland","H","Høyre",3,3
2019,"ko","kommune","Luster","Vestland","FRP","Fremskrittspartiet",1,1
2019,"ko","kommune","Luster","Vestland","BLANKE","Blanke",0,0
2019,"ko","kommune","Luster","Vestland","Andre","Andre",0,0
2019,"ko","kommune","Luster","Vestland","Andre2","Andre2",0,0
2019,"ko","kommune","Askvoll","Vestland","A","Arbeiderpartiet",2,2
2019,"ko","kommune","Askvoll","Vestland","SV","SV - Sosialistisk Venstreparti",2,2
2019,"ko","kommune","Askvoll","Vestland","SP","Senterpartiet",6,6
2019,"ko","kommune","Askvoll","Vestland","V","Venstre",4,4
2019,"ko","kommune","Askvoll","Vestland","H","Høyre",7,7
2019,"ko","kommune","Askvoll","Vestland","BLANKE","Blanke",0,0
2019,"ko","kommune","Askvoll","Vestland","Andre","Andre",0,0
2019,"ko","kommune","Askvoll","Vestland","Andre2","Andre2",0,0
2019,"ko","kommune","Fjaler","Vestland","A","Arbeiderpartiet",4,4
2019,"ko","kommune","Fjaler","Vestland","SV","SV - Sosialistisk Venstreparti",2,2
2019,"ko","kommune","Fjaler","Vestland","SP","Senterpartiet",7,7
2019,"ko","kommune","Fjaler","Vestland","KRF","Kristelig Folkeparti",0,0
2019,"ko","kommune","Fjaler","Vestland","MDG","Miljøpartiet De Grønne",2,2
2019,"ko","kommune","Fjaler","Vestland","V","Venstre",5,5
2019,"ko","kommune","Fjaler","Vestland","H","Høyre",2,2
2019,"ko","kommune","Fjaler","Vestland","FRP","Fremskrittspartiet",1,1
2019,"ko","kommune","Fjaler","Vestland","BLANKE","Blanke",0,0
2019,"ko","kommune","Fjaler","Vestland","Andre","Andre",0,0
2019,"ko","kommune","Fjaler","Vestland","Andre2","Andre2",0,0
2019,"ko","kommune","Sunnfjord","Vestland","A","Arbeiderpartiet",11,11
2019,"ko","kommune","Sunnfjord","Vestland","SV","SV - Sosialistisk Venstreparti",4,4
2019,"ko","kommune","Sunnfjord","Vestland","RØDT","Rødt",1,1
2019,"ko","kommune","Sunnfjord","Vestland","SP","Senterpartiet",12,12
2019,"ko","kommune","Sunnfjord","Vestland","KRF","Kristelig Folkeparti",2,2
2019,"ko","kommune","Sunnfjord","Vestland","MDG","Miljøpartiet De Grønne",2,2
2019,"ko","kommune","Sunnfjord","Vestland","V","Venstre",2,2
2019,"ko","kommune","Sunnfjord","Vestland","H","Høyre",10,10
2019,"ko","kommune","Sunnfjord","Vestland","FRP","Fremskrittspartiet",1,1
2019,"ko","kommune","Sunnfjord","Vestland","KRISTNE","Partiet De Kristne",0,0
2019,"ko","kommune","Sunnfjord","Vestland","BLANKE","Blanke",0,0
2019,"ko","kommune","Sunnfjord","Vestland","Andre","Andre",0,0
2019,"ko","kommune","Sunnfjord","Vestland","Andre2","Andre2",0,0
2019,"ko","kommune","Bremanger","Vestland","A","Arbeiderpartiet",7,7
2019,"ko","kommune","Bremanger","Vestland","SV","SV - Sosialistisk Venstreparti",1,1
2019,"ko","kommune","Bremanger","Vestland","SP","Senterpartiet",6,6
2019,"ko","kommune","Bremanger","Vestland","KRF","Kristelig Folkeparti",0,0
2019,"ko","kommune","Bremanger","Vestland","V","Venstre",5,5
2019,"ko","kommune","Bremanger","Vestland","H","Høyre",4,4
2019,"ko","kommune","Bremanger","Vestland","BLANKE","Blanke",0,0
2019,"ko","kommune","Bremanger","Vestland","Andre","Andre",0,0
2019,"ko","kommune","Bremanger","Vestland","Andre2","Andre2",0,0
2019,"ko","kommune","Stad","Vestland","A","Arbeiderpartiet",4,4
2019,"ko","kommune","Stad","Vestland","SV","SV - Sosialistisk Venstreparti",2,2
2019,"ko","kommune","Stad","Vestland","SP","Senterpartiet",9,9
2019,"ko","kommune","Stad","Vestland","KRF","Kristelig Folkeparti",2,2
2019,"ko","kommune","Stad","Vestland","V","Venstre",11,11
2019,"ko","kommune","Stad","Vestland","H","Høyre",2,2
2019,"ko","kommune","Stad","Vestland","FRP","Fremskrittspartiet",3,3
2019,"ko","kommune","Stad","Vestland","BLANKE","Blanke",0,0
2019,"ko","kommune","Stad","Vestland","Andre","Andre",0,0
2019,"ko","kommune","Stad","Vestland","Andre2","Andre2",0,0
2019,"ko","kommune","Gloppen","Vestland","A","Arbeiderpartiet",3,3
2019,"ko","kommune","Gloppen","Vestland","SV","SV - Sosialistisk Venstreparti",1,1
2019,"ko","kommune","Gloppen","Vestland","SP","Senterpartiet",13,13
2019,"ko","kommune","Gloppen","Vestland","KRF","Kristelig Folkeparti",4,4
2019,"ko","kommune","Gloppen","Vestland","MDG","Miljøpartiet De Grønne",2,2
2019,"ko","kommune","Gloppen","Vestland","V","Venstre",1,1
2019,"ko","kommune","Gloppen","Vestland","H","Høyre",2,2
2019,"ko","kommune","Gloppen","Vestland","BLANKE","Blanke",0,0
2019,"ko","kommune","Gloppen","Vestland","SAMDEM","Samfunnsdemokratane",1,1
2019,"ko","kommune","Gloppen","Vestland","Andre","Andre",1,1
2019,"ko","kommune","Gloppen","Vestland","Andre2","Andre2",0,0
2019,"ko","kommune","Stryn","Vestland","A","Arbeiderpartiet",4,4
2019,"ko","kommune","Stryn","Vestland","SV","SV - Sosialistisk Venstreparti",0,0
2019,"ko","kommune","Stryn","Vestland","RØDT","Rødt",0,0
2019,"ko","kommune","Stryn","Vestland","SP","Senterpartiet",9,9
2019,"ko","kommune","Stryn","Vestland","KRF","Kristelig Folkeparti",1,1
2019,"ko","kommune","Stryn","Vestland","V","Venstre",2,2
2019,"ko","kommune","Stryn","Vestland","H","Høyre",8,8
2019,"ko","kommune","Stryn","Vestland","FRP","Fremskrittspartiet",1,1
2019,"ko","kommune","Stryn","Vestland","KRISTNE","Partiet De Kristne",0,0
2019,"ko","kommune","Stryn","Vestland","BLANKE","Blanke",0,0
2019,"ko","kommune","Stryn","Vestland","Andre","Andre",0,0
2019,"ko","kommune","Stryn","Vestland","Andre2","Andre2",0,0
2019,"ko","kommune","Trondheim","Trøndelag","A","Arbeiderpartiet",17,17
2019,"ko","kommune","Trondheim","Trøndelag","SV","SV - Sosialistisk Venstreparti",8,8
2019,"ko","kommune","Trondheim","Trøndelag","RØDT","Rødt",5,5
2019,"ko","kommune","Trondheim","Trøndelag","SP","Senterpartiet",5,5
2019,"ko","kommune","Trondheim","Trøndelag","KRF","Kristelig Folkeparti",1,1
2019,"ko","kommune","Trondheim","Trøndelag","MDG","Miljøpartiet De Grønne",7,7
2019,"ko","kommune","Trondheim","Trøndelag","V","Venstre",3,3
2019,"ko","kommune","Trondheim","Trøndelag","H","Høyre",14,14
2019,"ko","kommune","Trondheim","Trøndelag","FRP","Fremskrittspartiet",4,4
2019,"ko","kommune","Trondheim","Trøndelag","DEMN","Demokratene",0,0
2019,"ko","kommune","Trondheim","Trøndelag","HELSE","Helsepartiet",0,0
2019,"ko","kommune","Trondheim","Trøndelag","KRISTNE","Partiet De Kristne",0,0
2019,"ko","kommune","Trondheim","Trøndelag","LIBS","Liberalistene",0,0
2019,"ko","kommune","Trondheim","Trøndelag","NKP","Norges Kommunistiske Parti",0,0
2019,"ko","kommune","Trondheim","Trøndelag","PP","Pensjonistpartiet",3,3
2019,"ko","kommune","Trondheim","Trøndelag","BLANKE","Blanke",0,0
2019,"ko","kommune","Trondheim","Trøndelag","Andre","Andre",3,3
2019,"ko","kommune","Trondheim","Trøndelag","Andre2","Andre2",0,0
2019,"ko","kommune","Steinkjer","Trøndelag","A","Arbeiderpartiet",13,13
2019,"ko","kommune","Steinkjer","Trøndelag","SV","SV - Sosialistisk Venstreparti",2,2
2019,"ko","kommune","Steinkjer","Trøndelag","RØDT","Rødt",3,3
2019,"ko","kommune","Steinkjer","Trøndelag","SP","Senterpartiet",22,22
2019,"ko","kommune","Steinkjer","Trøndelag","KRF","Kristelig Folkeparti",0,0
2019,"ko","kommune","Steinkjer","Trøndelag","MDG","Miljøpartiet De Grønne",1,1
2019,"ko","kommune","Steinkjer","Trøndelag","V","Venstre",1,1
2019,"ko","kommune","Steinkjer","Trøndelag","H","Høyre",3,3
2019,"ko","kommune","Steinkjer","Trøndelag","FRP","Fremskrittspartiet",2,2
2019,"ko","kommune","Steinkjer","Trøndelag","DEMN","Demokratene",0,0
2019,"ko","kommune","Steinkjer","Trøndelag","BLANKE","Blanke",0,0
2019,"ko","kommune","Steinkjer","Trøndelag","Andre","Andre",0,0
2019,"ko","kommune","Steinkjer","Trøndelag","Andre2","Andre2",0,0
2019,"ko","kommune","Namsos","Trøndelag","A","Arbeiderpartiet",18,18
2019,"ko","kommune","Namsos","Trøndelag","SV","SV - Sosialistisk Venstreparti",3,3
2019,"ko","kommune","Namsos","Trøndelag","RØDT","Rødt",1,1
2019,"ko","kommune","Namsos","Trøndelag","SP","Senterpartiet",10,10
2019,"ko","kommune","Namsos","Trøndelag","KRF","Kristelig Folkeparti",1,1
2019,"ko","kommune","Namsos","Trøndelag","MDG","Miljøpartiet De Grønne",1,1
2019,"ko","kommune","Namsos","Trøndelag","V","Venstre",1,1
2019,"ko","kommune","Namsos","Trøndelag","H","Høyre",4,4
2019,"ko","kommune","Namsos","Trøndelag","FRP","Fremskrittspartiet",2,2
2019,"ko","kommune","Namsos","Trøndelag","BLANKE","Blanke",0,0
2019,"ko","kommune","Namsos","Trøndelag","Andre","Andre",0,0
2019,"ko","kommune","Namsos","Trøndelag","Andre2","Andre2",0,0
2019,"ko","kommune","Frøya","Trøndelag","A","Arbeiderpartiet",7,7
2019,"ko","kommune","Frøya","Trøndelag","SV","SV - Sosialistisk Venstreparti",1,1
2019,"ko","kommune","Frøya","Trøndelag","RØDT","Rødt",2,2
2019,"ko","kommune","Frøya","Trøndelag","SP","Senterpartiet",5,5
2019,"ko","kommune","Frøya","Trøndelag","KRF","Kristelig Folkeparti",0,0
2019,"ko","kommune","Frøya","Trøndelag","MDG","Miljøpartiet De Grønne",0,0
2019,"ko","kommune","Frøya","Trøndelag","V","Venstre",2,2
2019,"ko","kommune","Frøya","Trøndelag","H","Høyre",3,3
2019,"ko","kommune","Frøya","Trøndelag","FRP","Fremskrittspartiet",2,2
2019,"ko","kommune","Frøya","Trøndelag","PP","Pensjonistpartiet",1,1
2019,"ko","kommune","Frøya","Trøndelag","BLANKE","Blanke",0,0
2019,"ko","kommune","Frøya","Trøndelag","Andre","Andre",1,1
2019,"ko","kommune","Frøya","Trøndelag","Andre2","Andre2",0,0
2019,"ko","kommune","Osen","Trøndelag","A","Arbeiderpartiet",8,8
2019,"ko","kommune","Osen","Trøndelag","SP","Senterpartiet",3,3
2019,"ko","kommune","Osen","Trøndelag","BLANKE","Blanke",0,0
2019,"ko","kommune","Osen","Trøndelag","BYS","Seter kretsliste",1,1
2019,"ko","kommune","Osen","Trøndelag","KRFVO","Venstre/ Kristelig Folkeparti",3,3
2019,"ko","kommune","Osen","Trøndelag","Andre","Andre",4,4
2019,"ko","kommune","Osen","Trøndelag","Andre2","Andre2",0,0
2019,"ko","kommune","Oppdal","Trøndelag","A","Arbeiderpartiet",4,4
2019,"ko","kommune","Oppdal","Trøndelag","SV","SV - Sosialistisk Venstreparti",1,1
2019,"ko","kommune","Oppdal","Trøndelag","SP","Senterpartiet",10,10
2019,"ko","kommune","Oppdal","Trøndelag","KRF","Kristelig Folkeparti",2,2
2019,"ko","kommune","Oppdal","Trøndelag","MDG","Miljøpartiet De Grønne",2,2
2019,"ko","kommune","Oppdal","Trøndelag","V","Venstre",3,3
2019,"ko","kommune","Oppdal","Trøndelag","H","Høyre",3,3
2019,"ko","kommune","Oppdal","Trøndelag","BLANKE","Blanke",0,0
2019,"ko","kommune","Oppdal","Trøndelag","Andre","Andre",0,0
2019,"ko","kommune","Oppdal","Trøndelag","Andre2","Andre2",0,0
2019,"ko","kommune","Rennebu","Trøndelag","A","Arbeiderpartiet",9,9
2019,"ko","kommune","Rennebu","Trøndelag","SP","Senterpartiet",7,7
2019,"ko","kommune","Rennebu","Trøndelag","KRF","Kristelig Folkeparti",3,3
2019,"ko","kommune","Rennebu","Trøndelag","V","Venstre",1,1
2019,"ko","kommune","Rennebu","Trøndelag","H","Høyre",1,1
2019,"ko","kommune","Rennebu","Trøndelag","BLANKE","Blanke",0,0
2019,"ko","kommune","Rennebu","Trøndelag","Andre","Andre",0,0
2019,"ko","kommune","Rennebu","Trøndelag","Andre2","Andre2",0,0
2019,"ko","kommune","Røros","Trøndelag","A","Arbeiderpartiet",11,11
2019,"ko","kommune","Røros","Trøndelag","SV","SV - Sosialistisk Venstreparti",4,4
2019,"ko","kommune","Røros","Trøndelag","SP","Senterpartiet",6,6
2019,"ko","kommune","Røros","Trøndelag","MDG","Miljøpartiet De Grønne",0,0
2019,"ko","kommune","Røros","Trøndelag","V","Venstre",1,1
2019,"ko","kommune","Røros","Trøndelag","H","Høyre",4,4
2019,"ko","kommune","Røros","Trøndelag","BLANKE","Blanke",0,0
2019,"ko","kommune","Røros","Trøndelag","RØL","Røroslista",1,1
2019,"ko","kommune","Røros","Trøndelag","Andre","Andre",1,1
2019,"ko","kommune","Røros","Trøndelag","Andre2","Andre2",0,0
2019,"ko","kommune","Holtålen","Trøndelag","A","Arbeiderpartiet",7,7
2019,"ko","kommune","Holtålen","Trøndelag","SP","Senterpartiet",4,4
2019,"ko","kommune","Holtålen","Trøndelag","PP","Pensjonistpartiet",1,1
2019,"ko","kommune","Holtålen","Trøndelag","BLANKE","Blanke",0,0
2019,"ko","kommune","Holtålen","Trøndelag","FH","Framtida Holtålen",3,3
2019,"ko","kommune","Holtålen","Trøndelag","Andre","Andre",4,4
2019,"ko","kommune","Holtålen","Trøndelag","Andre2","Andre2",0,0
2019,"ko","kommune","Midtre Gauldal","Trøndelag","A","Arbeiderpartiet",7,7
2019,"ko","kommune","Midtre Gauldal","Trøndelag","SV","SV - Sosialistisk Venstreparti",0,0
2019,"ko","kommune","Midtre Gauldal","Trøndelag","SP","Senterpartiet",10,10
2019,"ko","kommune","Midtre Gauldal","Trøndelag","KRF","Kristelig Folkeparti",1,1
2019,"ko","kommune","Midtre Gauldal","Trøndelag","V","Venstre",0,0
2019,"ko","kommune","Midtre Gauldal","Trøndelag","H","Høyre",2,2
2019,"ko","kommune","Midtre Gauldal","Trøndelag","FRP","Fremskrittspartiet",1,1
2019,"ko","kommune","Midtre Gauldal","Trøndelag","BLANKE","Blanke",0,0
2019,"ko","kommune","Midtre Gauldal","Trøndelag","BMG","Bygdelista for Midtre Gauldal",4,4
2019,"ko","kommune","Midtre Gauldal","Trøndelag","Andre","Andre",4,4
2019,"ko","kommune","Midtre Gauldal","Trøndelag","Andre2","Andre2",0,0
2019,"ko","kommune","Melhus","Trøndelag","A","Arbeiderpartiet",10,10
2019,"ko","kommune","Melhus","Trøndelag","SV","SV - Sosialistisk Venstreparti",1,1
2019,"ko","kommune","Melhus","Trøndelag","RØDT","Rødt",1,1
2019,"ko","kommune","Melhus","Trøndelag","SP","Senterpartiet",11,11
2019,"ko","kommune","Melhus","Trøndelag","KRF","Kristelig Folkeparti",2,2
2019,"ko","kommune","Melhus","Trøndelag","MDG","Miljøpartiet De Grønne",1,1
2019,"ko","kommune","Melhus","Trøndelag","V","Venstre",0,0
2019,"ko","kommune","Melhus","Trøndelag","H","Høyre",4,4
2019,"ko","kommune","Melhus","Trøndelag","FRP","Fremskrittspartiet",2,2
2019,"ko","kommune","Melhus","Trøndelag","PP","Pensjonistpartiet",1,1
2019,"ko","kommune","Melhus","Trøndelag","BLANKE","Blanke",0,0
2019,"ko","kommune","Melhus","Trøndelag","MELHUS","Melhuslista, Tverrpolitisk liste for hele Melhus kommune",4,4
2019,"ko","kommune","Melhus","Trøndelag","Andre","Andre",5,5
2019,"ko","kommune","Melhus","Trøndelag","Andre2","Andre2",0,0
2019,"ko","kommune","Skaun","Trøndelag","A","Arbeiderpartiet",6,6
2019,"ko","kommune","Skaun","Trøndelag","SV","SV - Sosialistisk Venstreparti",1,1
2019,"ko","kommune","Skaun","Trøndelag","RØDT","Rødt",0,0
2019,"ko","kommune","Skaun","Trøndelag","SP","Senterpartiet",8,8
2019,"ko","kommune","Skaun","Trøndelag","KRF","Kristelig Folkeparti",1,1
2019,"ko","kommune","Skaun","Trøndelag","MDG","Miljøpartiet De Grønne",1,1
2019,"ko","kommune","Skaun","Trøndelag","H","Høyre",3,3
2019,"ko","kommune","Skaun","Trøndelag","FRP","Fremskrittspartiet",1,1
2019,"ko","kommune","Skaun","Trøndelag","BLANKE","Blanke",0,0
2019,"ko","kommune","Skaun","Trøndelag","BLBU","Buviklista",2,2
2019,"ko","kommune","Skaun","Trøndelag","Andre","Andre",2,2
2019,"ko","kommune","Skaun","Trøndelag","Andre2","Andre2",0,0
2019,"ko","kommune","Malvik","Trøndelag","A","Arbeiderpartiet",11,11
2019,"ko","kommune","Malvik","Trøndelag","SV","SV - Sosialistisk Venstreparti",2,2
2019,"ko","kommune","Malvik","Trøndelag","RØDT","Rødt",1,1
2019,"ko","kommune","Malvik","Trøndelag","SP","Senterpartiet",6,6
2019,"ko","kommune","Malvik","Trøndelag","MDG","Miljøpartiet De Grønne",2,2
2019,"ko","kommune","Malvik","Trøndelag","V","Venstre",1,1
2019,"ko","kommune","Malvik","Trøndelag","H","Høyre",5,5
2019,"ko","kommune","Malvik","Trøndelag","FRP","Fremskrittspartiet",2,2
2019,"ko","kommune","Malvik","Trøndelag","DEMN","Demokratene",0,0
2019,"ko","kommune","Malvik","Trøndelag","PP","Pensjonistpartiet",1,1
2019,"ko","kommune","Malvik","Trøndelag","BLANKE","Blanke",0,0
2019,"ko","kommune","Malvik","Trøndelag","Andre","Andre",1,1
2019,"ko","kommune","Malvik","Trøndelag","Andre2","Andre2",0,0
2019,"ko","kommune","Selbu","Trøndelag","A","Arbeiderpartiet",13,13
2019,"ko","kommune","Selbu","Trøndelag","SV","SV - Sosialistisk Venstreparti",2,2
2019,"ko","kommune","Selbu","Trøndelag","SP","Senterpartiet",7,7
2019,"ko","kommune","Selbu","Trøndelag","V","Venstre",0,0
2019,"ko","kommune","Selbu","Trøndelag","BLANKE","Blanke",0,0
2019,"ko","kommune","Selbu","Trøndelag","SE_H_KRF","Høyre og Kristelig Folkeparti",3,3
2019,"ko","kommune","Selbu","Trøndelag","Andre","Andre",3,3
2019,"ko","kommune","Selbu","Trøndelag","Andre2","Andre2",0,0
2019,"ko","kommune","Tydal","Trøndelag","A","Arbeiderpartiet",5,5
2019,"ko","kommune","Tydal","Trøndelag","SP","Senterpartiet",12,12
2019,"ko","kommune","Tydal","Trøndelag","BLANKE","Blanke",0,0
2019,"ko","kommune","Tydal","Trøndelag","Andre","Andre",0,0
2019,"ko","kommune","Tydal","Trøndelag","Andre2","Andre2",0,0
2019,"ko","kommune","Meråker","Trøndelag","A","Arbeiderpartiet",5,5
2019,"ko","kommune","Meråker","Trøndelag","SV","SV - Sosialistisk Venstreparti",2,2
2019,"ko","kommune","Meråker","Trøndelag","SP","Senterpartiet",7,7
2019,"ko","kommune","Meråker","Trøndelag","V","Venstre",1,1
2019,"ko","kommune","Meråker","Trøndelag","H","Høyre",0,0
2019,"ko","kommune","Meråker","Trøndelag","FRP","Fremskrittspartiet",1,1
2019,"ko","kommune","Meråker","Trøndelag","BLANKE","Blanke",0,0
2019,"ko","kommune","Meråker","Trøndelag","METPBL","Meråker Tverrpolitiske Bygdeliste",5,5
2019,"ko","kommune","Meråker","Trøndelag","Andre","Andre",5,5
2019,"ko","kommune","Meråker","Trøndelag","Andre2","Andre2",0,0
2019,"ko","kommune","Stjørdal","Trøndelag","A","Arbeiderpartiet",11,11
2019,"ko","kommune","Stjørdal","Trøndelag","SV","SV - Sosialistisk Venstreparti",2,2
2019,"ko","kommune","Stjørdal","Trøndelag","RØDT","Rødt",2,2
2019,"ko","kommune","Stjørdal","Trøndelag","SP","Senterpartiet",16,16
2019,"ko","kommune","Stjørdal","Trøndelag","KRF","Kristelig Folkeparti",1,1
2019,"ko","kommune","Stjørdal","Trøndelag","MDG","Miljøpartiet De Grønne",2,2
2019,"ko","kommune","Stjørdal","Trøndelag","V","Venstre",1,1
2019,"ko","kommune","Stjørdal","Trøndelag","H","Høyre",4,4
2019,"ko","kommune","Stjørdal","Trøndelag","FRP","Fremskrittspartiet",2,2
2019,"ko","kommune","Stjørdal","Trøndelag","DEMN","Demokratene",0,0
2019,"ko","kommune","Stjørdal","Trøndelag","BLANKE","Blanke",0,0
2019,"ko","kommune","Stjørdal","Trøndelag","Andre","Andre",0,0
2019,"ko","kommune","Stjørdal","Trøndelag","Andre2","Andre2",0,0
2019,"ko","kommune","Frosta","Trøndelag","A","Arbeiderpartiet",5,5
2019,"ko","kommune","Frosta","Trøndelag","SV","SV - Sosialistisk Venstreparti",0,0
2019,"ko","kommune","Frosta","Trøndelag","SP","Senterpartiet",5,5
2019,"ko","kommune","Frosta","Trøndelag","KRF","Kristelig Folkeparti",0,0
2019,"ko","kommune","Frosta","Trøndelag","V","Venstre",1,1
2019,"ko","kommune","Frosta","Trøndelag","H","Høyre",6,6
2019,"ko","kommune","Frosta","Trøndelag","FRP","Fremskrittspartiet",0,0
2019,"ko","kommune","Frosta","Trøndelag","BLANKE","Blanke",0,0
2019,"ko","kommune","Frosta","Trøndelag","Andre","Andre",0,0
2019,"ko","kommune","Frosta","Trøndelag","Andre2","Andre2",0,0
2019,"ko","kommune","Levanger","Trøndelag","A","Arbeiderpartiet",11,11
2019,"ko","kommune","Levanger","Trøndelag","SV","SV - Sosialistisk Venstreparti",3,3
2019,"ko","kommune","Levanger","Trøndelag","RØDT","Rødt",1,1
2019,"ko","kommune","Levanger","Trøndelag","SP","Senterpartiet",11,11
2019,"ko","kommune","Levanger","Trøndelag","KRF","Kristelig Folkeparti",2,2
2019,"ko","kommune","Levanger","Trøndelag","MDG","Miljøpartiet De Grønne",1,1
2019,"ko","kommune","Levanger","Trøndelag","V","Venstre",1,1
2019,"ko","kommune","Levanger","Trøndelag","H","Høyre",3,3
2019,"ko","kommune","Levanger","Trøndelag","FRP","Fremskrittspartiet",2,2
2019,"ko","kommune","Levanger","Trøndelag","BLANKE","Blanke",0,0
2019,"ko","kommune","Levanger","Trøndelag","Andre","Andre",0,0
2019,"ko","kommune","Levanger","Trøndelag","Andre2","Andre2",0,0
2019,"ko","kommune","Verdal","Trøndelag","A","Arbeiderpartiet",10,10
2019,"ko","kommune","Verdal","Trøndelag","SV","SV - Sosialistisk Venstreparti",1,1
2019,"ko","kommune","Verdal","Trøndelag","RØDT","Rødt",1,1
2019,"ko","kommune","Verdal","Trøndelag","SP","Senterpartiet",18,18
2019,"ko","kommune","Verdal","Trøndelag","KRF","Kristelig Folkeparti",0,0
2019,"ko","kommune","Verdal","Trøndelag","MDG","Miljøpartiet De Grønne",1,1
2019,"ko","kommune","Verdal","Trøndelag","H","Høyre",3,3
2019,"ko","kommune","Verdal","Trøndelag","FRP","Fremskrittspartiet",1,1
2019,"ko","kommune","Verdal","Trøndelag","BLANKE","Blanke",0,0
2019,"ko","kommune","Verdal","Trøndelag","Andre","Andre",0,0
2019,"ko","kommune","Verdal","Trøndelag","Andre2","Andre2",0,0
2019,"ko","kommune","Snåase - Snåsa","Trøndelag","A","Arbeiderpartiet",6,6
2019,"ko","kommune","Snåase - Snåsa","Trøndelag","SV","SV - Sosialistisk Venstreparti",2,2
2019,"ko","kommune","Snåase - Snåsa","Trøndelag","SP","Senterpartiet",8,8
2019,"ko","kommune","Snåase - Snåsa","Trøndelag","V","Venstre",0,0
2019,"ko","kommune","Snåase - Snåsa","Trøndelag","H","Høyre",1,1
2019,"ko","kommune","Snåase - Snåsa","Trøndelag","BLANKE","Blanke",0,0
2019,"ko","kommune","Snåase - Snåsa","Trøndelag","Andre","Andre",0,0
2019,"ko","kommune","Snåase - Snåsa","Trøndelag","Andre2","Andre2",0,0
2019,"ko","kommune","Lierne","Trøndelag","A","Arbeiderpartiet",9,9
2019,"ko","kommune","Lierne","Trøndelag","SP","Senterpartiet",5,5
2019,"ko","kommune","Lierne","Trøndelag","V","Venstre",1,1
2019,"ko","kommune","Lierne","Trøndelag","BLANKE","Blanke",0,0
2019,"ko","kommune","Lierne","Trøndelag","Andre","Andre",0,0
2019,"ko","kommune","Lierne","Trøndelag","Andre2","Andre2",0,0
2019,"ko","kommune","Raarvihke - Røyrvik","Trøndelag","A","Arbeiderpartiet",4,4
2019,"ko","kommune","Raarvihke - Røyrvik","Trøndelag","BLANKE","Blanke",0,0
2019,"ko","kommune","Raarvihke - Røyrvik","Trøndelag","SBLRØ","Samarbeidslista i Røyrvik",7,7
2019,"ko","kommune","Raarvihke - Røyrvik","Trøndelag","Andre","Andre",7,7
2019,"ko","kommune","Raarvihke - Røyrvik","Trøndelag","Andre2","Andre2",0,0
2019,"ko","kommune","Namsskogan","Trøndelag","A","Arbeiderpartiet",7,7
2019,"ko","kommune","Namsskogan","Trøndelag","SV","SV - Sosialistisk Venstreparti",1,1
2019,"ko","kommune","Namsskogan","Trøndelag","SP","Senterpartiet",3,3
2019,"ko","kommune","Namsskogan","Trøndelag","BLANKE","Blanke",0,0
2019,"ko","kommune","Namsskogan","Trøndelag","OPTI","Optimum",2,2
2019,"ko","kommune","Namsskogan","Trøndelag","Andre","Andre",2,2
2019,"ko","kommune","Namsskogan","Trøndelag","Andre2","Andre2",0,0
2019,"ko","kommune","Grong","Trøndelag","A","Arbeiderpartiet",5,5
2019,"ko","kommune","Grong","Trøndelag","SV","SV - Sosialistisk Venstreparti",1,1
2019,"ko","kommune","Grong","Trøndelag","SP","Senterpartiet",9,9
2019,"ko","kommune","Grong","Trøndelag","MDG","Miljøpartiet De Grønne",1,1
2019,"ko","kommune","Grong","Trøndelag","H","Høyre",1,1
2019,"ko","kommune","Grong","Trøndelag","BLANKE","Blanke",0,0
2019,"ko","kommune","Grong","Trøndelag","Andre","Andre",0,0
2019,"ko","kommune","Grong","Trøndelag","Andre2","Andre2",0,0
2019,"ko","kommune","Høylandet","Trøndelag","A","Arbeiderpartiet",6,6
2019,"ko","kommune","Høylandet","Trøndelag","SP","Senterpartiet",9,9
2019,"ko","kommune","Høylandet","Trøndelag","BLANKE","Blanke",0,0
2019,"ko","kommune","Høylandet","Trøndelag","Andre","Andre",0,0
2019,"ko","kommune","Høylandet","Trøndelag","Andre2","Andre2",0,0
2019,"ko","kommune","Overhalla","Trøndelag","A","Arbeiderpartiet",5,5
2019,"ko","kommune","Overhalla","Trøndelag","SV","SV - Sosialistisk Venstreparti",1,1
2019,"ko","kommune","Overhalla","Trøndelag","SP","Senterpartiet",13,13
2019,"ko","kommune","Overhalla","Trøndelag","H","Høyre",1,1
2019,"ko","kommune","Overhalla","Trøndelag","FRP","Fremskrittspartiet",1,1
2019,"ko","kommune","Overhalla","Trøndelag","BLANKE","Blanke",0,0
2019,"ko","kommune","Overhalla","Trøndelag","Andre","Andre",0,0
2019,"ko","kommune","Overhalla","Trøndelag","Andre2","Andre2",0,0
2019,"ko","kommune","Flatanger","Trøndelag","A","Arbeiderpartiet",2,2
2019,"ko","kommune","Flatanger","Trøndelag","SV","SV - Sosialistisk Venstreparti",3,3
2019,"ko","kommune","Flatanger","Trøndelag","SP","Senterpartiet",5,5
2019,"ko","kommune","Flatanger","Trøndelag","H","Høyre",2,2
2019,"ko","kommune","Flatanger","Trøndelag","FRP","Fremskrittspartiet",3,3
2019,"ko","kommune","Flatanger","Trøndelag","BLANKE","Blanke",0,0
2019,"ko","kommune","Flatanger","Trøndelag","Andre","Andre",0,0
2019,"ko","kommune","Flatanger","Trøndelag","Andre2","Andre2",0,0
2019,"ko","kommune","Leka","Trøndelag","A","Arbeiderpartiet",6,6
2019,"ko","kommune","Leka","Trøndelag","SV","SV - Sosialistisk Venstreparti",1,1
2019,"ko","kommune","Leka","Trøndelag","SP","Senterpartiet",7,7
2019,"ko","kommune","Leka","Trøndelag","V","Venstre",1,1
2019,"ko","kommune","Leka","Trøndelag","BLANKE","Blanke",0,0
2019,"ko","kommune","Leka","Trøndelag","Andre","Andre",0,0
2019,"ko","kommune","Leka","Trøndelag","Andre2","Andre2",0,0
2019,"ko","kommune","Inderøy","Trøndelag","A","Arbeiderpartiet",7,7
2019,"ko","kommune","Inderøy","Trøndelag","SV","SV - Sosialistisk Venstreparti",2,2
2019,"ko","kommune","Inderøy","Trøndelag","SP","Senterpartiet",11,11
2019,"ko","kommune","Inderøy","Trøndelag","KRF","Kristelig Folkeparti",1,1
2019,"ko","kommune","Inderøy","Trøndelag","MDG","Miljøpartiet De Grønne",1,1
2019,"ko","kommune","Inderøy","Trøndelag","V","Venstre",0,0
2019,"ko","kommune","Inderøy","Trøndelag","H","Høyre",3,3
2019,"ko","kommune","Inderøy","Trøndelag","BLANKE","Blanke",0,0
2019,"ko","kommune","Inderøy","Trøndelag","Andre","Andre",0,0
2019,"ko","kommune","Inderøy","Trøndelag","Andre2","Andre2",0,0
2019,"ko","kommune","Indre Fosen","Trøndelag","A","Arbeiderpartiet",6,6
2019,"ko","kommune","Indre Fosen","Trøndelag","SV","SV - Sosialistisk Venstreparti",2,2
2019,"ko","kommune","Indre Fosen","Trøndelag","SP","Senterpartiet",10,10
2019,"ko","kommune","Indre Fosen","Trøndelag","KRF","Kristelig Folkeparti",1,1
2019,"ko","kommune","Indre Fosen","Trøndelag","MDG","Miljøpartiet De Grønne",1,1
2019,"ko","kommune","Indre Fosen","Trøndelag","V","Venstre",0,0
2019,"ko","kommune","Indre Fosen","Trøndelag","H","Høyre",5,5
2019,"ko","kommune","Indre Fosen","Trøndelag","FRP","Fremskrittspartiet",2,2
2019,"ko","kommune","Indre Fosen","Trøndelag","PP","Pensjonistpartiet",4,4
2019,"ko","kommune","Indre Fosen","Trøndelag","BLANKE","Blanke",0,0
2019,"ko","kommune","Indre Fosen","Trøndelag","KLIF","Kommunelista",6,6
2019,"ko","kommune","Indre Fosen","Trøndelag","Andre","Andre",10,10
2019,"ko","kommune","Indre Fosen","Trøndelag","Andre2","Andre2",0,0
2019,"ko","kommune","Heim","Trøndelag","A","Arbeiderpartiet",10,NA
2019,"ko","kommune","Heim","Trøndelag","SP","Senterpartiet",10,NA
2019,"ko","kommune","Heim","Trøndelag","KRF","Kristelig Folkeparti",1,NA
2019,"ko","kommune","Heim","Trøndelag","V","Venstre",0,NA
2019,"ko","kommune","Heim","Trøndelag","H","Høyre",3,NA
2019,"ko","kommune","Heim","Trøndelag","FRP","Fremskrittspartiet",1,NA
2019,"ko","kommune","Heim","Trøndelag","BLANKE","Blanke",0,NA
2019,"ko","kommune","Heim","Trøndelag","HA","Halsalista",3,NA
2019,"ko","kommune","Heim","Trøndelag","HE","Heimlista",3,NA
2019,"ko","kommune","Heim","Trøndelag","Andre","Andre",6,NA
2019,"ko","kommune","Heim","Trøndelag","Andre2","Andre2",0,NA
2019,"ko","kommune","Hitra","Trøndelag","A","Arbeiderpartiet",9,NA
2019,"ko","kommune","Hitra","Trøndelag","SV","SV - Sosialistisk Venstreparti",1,NA
2019,"ko","kommune","Hitra","Trøndelag","RØDT","Rødt",2,NA
2019,"ko","kommune","Hitra","Trøndelag","SP","Senterpartiet",3,NA
2019,"ko","kommune","Hitra","Trøndelag","KRF","Kristelig Folkeparti",0,NA
2019,"ko","kommune","Hitra","Trøndelag","MDG","Miljøpartiet De Grønne",0,NA
2019,"ko","kommune","Hitra","Trøndelag","V","Venstre",1,NA
2019,"ko","kommune","Hitra","Trøndelag","H","Høyre",3,NA
2019,"ko","kommune","Hitra","Trøndelag","FRP","Fremskrittspartiet",2,NA
2019,"ko","kommune","Hitra","Trøndelag","PP","Pensjonistpartiet",4,NA
2019,"ko","kommune","Hitra","Trøndelag","BLANKE","Blanke",0,NA
2019,"ko","kommune","Hitra","Trøndelag","Andre","Andre",4,NA
2019,"ko","kommune","Hitra","Trøndelag","Andre2","Andre2",0,NA
2019,"ko","kommune","Ørland","Trøndelag","A","Arbeiderpartiet",12,12
2019,"ko","kommune","Ørland","Trøndelag","SV","SV - Sosialistisk Venstreparti",2,2
2019,"ko","kommune","Ørland","Trøndelag","SP","Senterpartiet",12,12
2019,"ko","kommune","Ørland","Trøndelag","KRF","Kristelig Folkeparti",0,0
2019,"ko","kommune","Ørland","Trøndelag","MDG","Miljøpartiet De Grønne",1,1
2019,"ko","kommune","Ørland","Trøndelag","V","Venstre",0,0
2019,"ko","kommune","Ørland","Trøndelag","H","Høyre",6,6
2019,"ko","kommune","Ørland","Trøndelag","FRP","Fremskrittspartiet",2,2
2019,"ko","kommune","Ørland","Trøndelag","BLANKE","Blanke",0,0
2019,"ko","kommune","Ørland","Trøndelag","Andre","Andre",0,0
2019,"ko","kommune","Ørland","Trøndelag","Andre2","Andre2",0,0
2019,"ko","kommune","Åfjord","Trøndelag","A","Arbeiderpartiet",10,10
2019,"ko","kommune","Åfjord","Trøndelag","SP","Senterpartiet",9,9
2019,"ko","kommune","Åfjord","Trøndelag","KRF","Kristelig Folkeparti",1,1
2019,"ko","kommune","Åfjord","Trøndelag","V","Venstre",1,1
2019,"ko","kommune","Åfjord","Trøndelag","H","Høyre",4,4
2019,"ko","kommune","Åfjord","Trøndelag","FRP","Fremskrittspartiet",2,2
2019,"ko","kommune","Åfjord","Trøndelag","BLANKE","Blanke",0,0
2019,"ko","kommune","Åfjord","Trøndelag","Andre","Andre",0,0
2019,"ko","kommune","Åfjord","Trøndelag","Andre2","Andre2",0,0
2019,"ko","kommune","Orkland","Trøndelag","A","Arbeiderpartiet",17,NA
2019,"ko","kommune","Orkland","Trøndelag","SV","SV - Sosialistisk Venstreparti",2,NA
2019,"ko","kommune","Orkland","Trøndelag","RØDT","Rødt",1,NA
2019,"ko","kommune","Orkland","Trøndelag","SP","Senterpartiet",16,NA
2019,"ko","kommune","Orkland","Trøndelag","KRF","Kristelig Folkeparti",1,NA
2019,"ko","kommune","Orkland","Trøndelag","MDG","Miljøpartiet De Grønne",1,NA
2019,"ko","kommune","Orkland","Trøndelag","V","Venstre",1,NA
2019,"ko","kommune","Orkland","Trøndelag","H","Høyre",4,NA
2019,"ko","kommune","Orkland","Trøndelag","FRP","Fremskrittspartiet",2,NA
2019,"ko","kommune","Orkland","Trøndelag","DEMN","Demokratene",0,NA
2019,"ko","kommune","Orkland","Trøndelag","PP","Pensjonistpartiet",3,NA
2019,"ko","kommune","Orkland","Trøndelag","BLANKE","Blanke",0,NA
2019,"ko","kommune","Orkland","Trøndelag","SBLO","Småbylista Orkland",3,NA
2019,"ko","kommune","Orkland","Trøndelag","Andre","Andre",6,NA
2019,"ko","kommune","Orkland","Trøndelag","Andre2","Andre2",0,NA
2019,"ko","kommune","Nærøysund","Trøndelag","A","Arbeiderpartiet",14,14
2019,"ko","kommune","Nærøysund","Trøndelag","SV","SV - Sosialistisk Venstreparti",1,1
2019,"ko","kommune","Nærøysund","Trøndelag","SP","Senterpartiet",9,9
2019,"ko","kommune","Nærøysund","Trøndelag","KRF","Kristelig Folkeparti",1,1
2019,"ko","kommune","Nærøysund","Trøndelag","MDG","Miljøpartiet De Grønne",1,1
2019,"ko","kommune","Nærøysund","Trøndelag","V","Venstre",2,2
2019,"ko","kommune","Nærøysund","Trøndelag","H","Høyre",5,5
2019,"ko","kommune","Nærøysund","Trøndelag","FRP","Fremskrittspartiet",4,4
2019,"ko","kommune","Nærøysund","Trøndelag","BLANKE","Blanke",0,0
2019,"ko","kommune","Nærøysund","Trøndelag","Andre","Andre",0,0
2019,"ko","kommune","Nærøysund","Trøndelag","Andre2","Andre2",0,0
2019,"ko","kommune","Rindal","Trøndelag","A","Arbeiderpartiet",8,8
2019,"ko","kommune","Rindal","Trøndelag","SP","Senterpartiet",7,7
2019,"ko","kommune","Rindal","Trøndelag","H","Høyre",2,2
2019,"ko","kommune","Rindal","Trøndelag","BLANKE","Blanke",0,0
2019,"ko","kommune","Rindal","Trøndelag","Andre","Andre",0,0
2019,"ko","kommune","Rindal","Trøndelag","Andre2","Andre2",0,0
2019,"ko","kommune","Tromsø","Troms og Finnmark","A","Arbeiderpartiet",8,8
2019,"ko","kommune","Tromsø","Troms og Finnmark","SV","SV - Sosialistisk Venstreparti",7,7
2019,"ko","kommune","Tromsø","Troms og Finnmark","RØDT","Rødt",2,2
2019,"ko","kommune","Tromsø","Troms og Finnmark","SP","Senterpartiet",5,5
2019,"ko","kommune","Tromsø","Troms og Finnmark","KRF","Kristelig Folkeparti",1,1
2019,"ko","kommune","Tromsø","Troms og Finnmark","MDG","Miljøpartiet De Grønne",3,3
2019,"ko","kommune","Tromsø","Troms og Finnmark","V","Venstre",1,1
2019,"ko","kommune","Tromsø","Troms og Finnmark","H","Høyre",7,7
2019,"ko","kommune","Tromsø","Troms og Finnmark","FRP","Fremskrittspartiet",4,4
2019,"ko","kommune","Tromsø","Troms og Finnmark","KRISTNE","Partiet De Kristne",0,0
2019,"ko","kommune","Tromsø","Troms og Finnmark","KYST","Kystpartiet",0,0
2019,"ko","kommune","Tromsø","Troms og Finnmark","LIBS","Liberalistene",0,0
2019,"ko","kommune","Tromsø","Troms og Finnmark","BLANKE","Blanke",0,0
2019,"ko","kommune","Tromsø","Troms og Finnmark","BYLAD","By- og Landlista ",1,1
2019,"ko","kommune","Tromsø","Troms og Finnmark","NTB","Nei til bompenger i Tromsø",4,4
2019,"ko","kommune","Tromsø","Troms og Finnmark","Andre","Andre",5,5
2019,"ko","kommune","Tromsø","Troms og Finnmark","Andre2","Andre2",0,0
2019,"ko","kommune","Harstad","Troms og Finnmark","A","Arbeiderpartiet",11,11
2019,"ko","kommune","Harstad","Troms og Finnmark","SV","SV - Sosialistisk Venstreparti",2,2
2019,"ko","kommune","Harstad","Troms og Finnmark","RØDT","Rødt",1,1
2019,"ko","kommune","Harstad","Troms og Finnmark","SP","Senterpartiet",6,6
2019,"ko","kommune","Harstad","Troms og Finnmark","KRF","Kristelig Folkeparti",1,1
2019,"ko","kommune","Harstad","Troms og Finnmark","MDG","Miljøpartiet De Grønne",2,2
2019,"ko","kommune","Harstad","Troms og Finnmark","V","Venstre",1,1
2019,"ko","kommune","Harstad","Troms og Finnmark","H","Høyre",6,6
2019,"ko","kommune","Harstad","Troms og Finnmark","FRP","Fremskrittspartiet",5,5
2019,"ko","kommune","Harstad","Troms og Finnmark","LIBS","Liberalistene",0,0
2019,"ko","kommune","Harstad","Troms og Finnmark","BLANKE","Blanke",0,0
2019,"ko","kommune","Harstad","Troms og Finnmark","Andre","Andre",0,0
2019,"ko","kommune","Harstad","Troms og Finnmark","Andre2","Andre2",0,0
2019,"ko","kommune","Alta","Troms og Finnmark","A","Arbeiderpartiet",9,9
2019,"ko","kommune","Alta","Troms og Finnmark","SV","SV - Sosialistisk Venstreparti",4,4
2019,"ko","kommune","Alta","Troms og Finnmark","RØDT","Rødt",2,2
2019,"ko","kommune","Alta","Troms og Finnmark","SP","Senterpartiet",5,5
2019,"ko","kommune","Alta","Troms og Finnmark","KRF","Kristelig Folkeparti",1,1
2019,"ko","kommune","Alta","Troms og Finnmark","MDG","Miljøpartiet De Grønne",1,1
2019,"ko","kommune","Alta","Troms og Finnmark","V","Venstre",3,3
2019,"ko","kommune","Alta","Troms og Finnmark","H","Høyre",3,3
2019,"ko","kommune","Alta","Troms og Finnmark","FRP","Fremskrittspartiet",7,7
2019,"ko","kommune","Alta","Troms og Finnmark","KRISTNE","Partiet De Kristne",0,0
2019,"ko","kommune","Alta","Troms og Finnmark","LIBS","Liberalistene",0,0
2019,"ko","kommune","Alta","Troms og Finnmark","BLANKE","Blanke",0,0
2019,"ko","kommune","Alta","Troms og Finnmark","Andre","Andre",0,0
2019,"ko","kommune","Alta","Troms og Finnmark","Andre2","Andre2",0,0
2019,"ko","kommune","Vardø","Troms og Finnmark","A","Arbeiderpartiet",8,8
2019,"ko","kommune","Vardø","Troms og Finnmark","SV","SV - Sosialistisk Venstreparti",1,1
2019,"ko","kommune","Vardø","Troms og Finnmark","SP","Senterpartiet",4,4
2019,"ko","kommune","Vardø","Troms og Finnmark","MDG","Miljøpartiet De Grønne",5,5
2019,"ko","kommune","Vardø","Troms og Finnmark","V","Venstre",0,0
2019,"ko","kommune","Vardø","Troms og Finnmark","H","Høyre",1,1
2019,"ko","kommune","Vardø","Troms og Finnmark","BLANKE","Blanke",0,0
2019,"ko","kommune","Vardø","Troms og Finnmark","Andre","Andre",0,0
2019,"ko","kommune","Vardø","Troms og Finnmark","Andre2","Andre2",0,0
2019,"ko","kommune","Vadsø","Troms og Finnmark","A","Arbeiderpartiet",7,7
2019,"ko","kommune","Vadsø","Troms og Finnmark","SV","SV - Sosialistisk Venstreparti",3,3
2019,"ko","kommune","Vadsø","Troms og Finnmark","RØDT","Rødt",1,1
2019,"ko","kommune","Vadsø","Troms og Finnmark","SP","Senterpartiet",4,4
2019,"ko","kommune","Vadsø","Troms og Finnmark","KRF","Kristelig Folkeparti",0,0
2019,"ko","kommune","Vadsø","Troms og Finnmark","MDG","Miljøpartiet De Grønne",1,1
2019,"ko","kommune","Vadsø","Troms og Finnmark","H","Høyre",5,5
2019,"ko","kommune","Vadsø","Troms og Finnmark","BLANKE","Blanke",0,0
2019,"ko","kommune","Vadsø","Troms og Finnmark","Andre","Andre",0,0
2019,"ko","kommune","Vadsø","Troms og Finnmark","Andre2","Andre2",0,0
2019,"ko","kommune","Hammerfest","Troms og Finnmark","A","Arbeiderpartiet",18,18
2019,"ko","kommune","Hammerfest","Troms og Finnmark","SV","SV - Sosialistisk Venstreparti",4,4
2019,"ko","kommune","Hammerfest","Troms og Finnmark","RØDT","Rødt",2,2
2019,"ko","kommune","Hammerfest","Troms og Finnmark","SP","Senterpartiet",3,3
2019,"ko","kommune","Hammerfest","Troms og Finnmark","KRF","Kristelig Folkeparti",3,3
2019,"ko","kommune","Hammerfest","Troms og Finnmark","MDG","Miljøpartiet De Grønne",1,1
2019,"ko","kommune","Hammerfest","Troms og Finnmark","H","Høyre",2,2
2019,"ko","kommune","Hammerfest","Troms og Finnmark","FRP","Fremskrittspartiet",2,2
2019,"ko","kommune","Hammerfest","Troms og Finnmark","BLANKE","Blanke",0,0
2019,"ko","kommune","Hammerfest","Troms og Finnmark","Andre","Andre",0,0
2019,"ko","kommune","Hammerfest","Troms og Finnmark","Andre2","Andre2",0,0
2019,"ko","kommune","Kvæfjord","Troms og Finnmark","A","Arbeiderpartiet",8,8
2019,"ko","kommune","Kvæfjord","Troms og Finnmark","SV","SV - Sosialistisk Venstreparti",2,2
2019,"ko","kommune","Kvæfjord","Troms og Finnmark","SP","Senterpartiet",7,7
2019,"ko","kommune","Kvæfjord","Troms og Finnmark","V","Venstre",1,1
2019,"ko","kommune","Kvæfjord","Troms og Finnmark","BLANKE","Blanke",0,0
2019,"ko","kommune","Kvæfjord","Troms og Finnmark","FHF","Fellesliste for Høyre og Fremskrittspartiet",5,5
2019,"ko","kommune","Kvæfjord","Troms og Finnmark","Andre","Andre",5,5
2019,"ko","kommune","Kvæfjord","Troms og Finnmark","Andre2","Andre2",0,0
2019,"ko","kommune","Tjeldsund","Troms og Finnmark","A","Arbeiderpartiet",8,8
2019,"ko","kommune","Tjeldsund","Troms og Finnmark","SV","SV - Sosialistisk Venstreparti",1,1
2019,"ko","kommune","Tjeldsund","Troms og Finnmark","RØDT","Rødt",0,0
2019,"ko","kommune","Tjeldsund","Troms og Finnmark","SP","Senterpartiet",3,3
2019,"ko","kommune","Tjeldsund","Troms og Finnmark","H","Høyre",6,6
2019,"ko","kommune","Tjeldsund","Troms og Finnmark","FRP","Fremskrittspartiet",2,2
2019,"ko","kommune","Tjeldsund","Troms og Finnmark","BLANKE","Blanke",0,0
2019,"ko","kommune","Tjeldsund","Troms og Finnmark","HTL","Hinnøysiden Tverrpolitiske liste",1,1
2019,"ko","kommune","Tjeldsund","Troms og Finnmark","Andre","Andre",1,1
2019,"ko","kommune","Tjeldsund","Troms og Finnmark","Andre2","Andre2",0,0
2019,"ko","kommune","Ibestad","Troms og Finnmark","A","Arbeiderpartiet",6,6
2019,"ko","kommune","Ibestad","Troms og Finnmark","SP","Senterpartiet",4,4
2019,"ko","kommune","Ibestad","Troms og Finnmark","H","Høyre",9,9
2019,"ko","kommune","Ibestad","Troms og Finnmark","BLANKE","Blanke",0,0
2019,"ko","kommune","Ibestad","Troms og Finnmark","Andre","Andre",0,0
2019,"ko","kommune","Ibestad","Troms og Finnmark","Andre2","Andre2",0,0
2019,"ko","kommune","Gratangen","Troms og Finnmark","A","Arbeiderpartiet",3,3
2019,"ko","kommune","Gratangen","Troms og Finnmark","SP","Senterpartiet",7,7
2019,"ko","kommune","Gratangen","Troms og Finnmark","BLANKE","Blanke",0,0
2019,"ko","kommune","Gratangen","Troms og Finnmark","GFL","Gratangen Fellespolitiske Liste",3,3
2019,"ko","kommune","Gratangen","Troms og Finnmark","TVG","Tverrpolitisk Liste for Gratangen",2,2
2019,"ko","kommune","Gratangen","Troms og Finnmark","Andre","Andre",5,5
2019,"ko","kommune","Gratangen","Troms og Finnmark","Andre2","Andre2",0,0
2019,"ko","kommune","Loabák - Lavangen","Troms og Finnmark","A","Arbeiderpartiet",7,7
2019,"ko","kommune","Loabák - Lavangen","Troms og Finnmark","SP","Senterpartiet",5,5
2019,"ko","kommune","Loabák - Lavangen","Troms og Finnmark","H","Høyre",3,3
2019,"ko","kommune","Loabák - Lavangen","Troms og Finnmark","BLANKE","Blanke",0,0
2019,"ko","kommune","Loabák - Lavangen","Troms og Finnmark","Andre","Andre",0,0
2019,"ko","kommune","Loabák - Lavangen","Troms og Finnmark","Andre2","Andre2",0,0
2019,"ko","kommune","Bardu","Troms og Finnmark","A","Arbeiderpartiet",4,4
2019,"ko","kommune","Bardu","Troms og Finnmark","SP","Senterpartiet",12,12
2019,"ko","kommune","Bardu","Troms og Finnmark","V","Venstre",1,1
2019,"ko","kommune","Bardu","Troms og Finnmark","H","Høyre",2,2
2019,"ko","kommune","Bardu","Troms og Finnmark","FRP","Fremskrittspartiet",0,0
2019,"ko","kommune","Bardu","Troms og Finnmark","BLANKE","Blanke",0,0
2019,"ko","kommune","Bardu","Troms og Finnmark","Andre","Andre",0,0
2019,"ko","kommune","Bardu","Troms og Finnmark","Andre2","Andre2",0,0
2019,"ko","kommune","Salangen","Troms og Finnmark","A","Arbeiderpartiet",5,5
2019,"ko","kommune","Salangen","Troms og Finnmark","SV","SV - Sosialistisk Venstreparti",2,2
2019,"ko","kommune","Salangen","Troms og Finnmark","SP","Senterpartiet",9,9
2019,"ko","kommune","Salangen","Troms og Finnmark","KRF","Kristelig Folkeparti",0,0
2019,"ko","kommune","Salangen","Troms og Finnmark","H","Høyre",3,3
2019,"ko","kommune","Salangen","Troms og Finnmark","BLANKE","Blanke",0,0
2019,"ko","kommune","Salangen","Troms og Finnmark","Andre","Andre",0,0
2019,"ko","kommune","Salangen","Troms og Finnmark","Andre2","Andre2",0,0
2019,"ko","kommune","Målselv","Troms og Finnmark","A","Arbeiderpartiet",7,7
2019,"ko","kommune","Målselv","Troms og Finnmark","SV","SV - Sosialistisk Venstreparti",1,1
2019,"ko","kommune","Målselv","Troms og Finnmark","RØDT","Rødt",1,1
2019,"ko","kommune","Målselv","Troms og Finnmark","SP","Senterpartiet",10,10
2019,"ko","kommune","Målselv","Troms og Finnmark","V","Venstre",1,1
2019,"ko","kommune","Målselv","Troms og Finnmark","H","Høyre",2,2
2019,"ko","kommune","Målselv","Troms og Finnmark","FRP","Fremskrittspartiet",1,1
2019,"ko","kommune","Målselv","Troms og Finnmark","BLANKE","Blanke",0,0
2019,"ko","kommune","Målselv","Troms og Finnmark","Andre","Andre",0,0
2019,"ko","kommune","Målselv","Troms og Finnmark","Andre2","Andre2",0,0
2019,"ko","kommune","Sørreisa","Troms og Finnmark","A","Arbeiderpartiet",10,10
2019,"ko","kommune","Sørreisa","Troms og Finnmark","SV","SV - Sosialistisk Venstreparti",1,1
2019,"ko","kommune","Sørreisa","Troms og Finnmark","SP","Senterpartiet",4,4
2019,"ko","kommune","Sørreisa","Troms og Finnmark","KRF","Kristelig Folkeparti",0,0
2019,"ko","kommune","Sørreisa","Troms og Finnmark","H","Høyre",1,1
2019,"ko","kommune","Sørreisa","Troms og Finnmark","FRP","Fremskrittspartiet",0,0
2019,"ko","kommune","Sørreisa","Troms og Finnmark","BLANKE","Blanke",0,0
2019,"ko","kommune","Sørreisa","Troms og Finnmark","SAMLIST","Samlingslista",3,3
2019,"ko","kommune","Sørreisa","Troms og Finnmark","Andre","Andre",3,3
2019,"ko","kommune","Sørreisa","Troms og Finnmark","Andre2","Andre2",0,0
2019,"ko","kommune","Dyrøy","Troms og Finnmark","A","Arbeiderpartiet",6,6
2019,"ko","kommune","Dyrøy","Troms og Finnmark","SV","SV - Sosialistisk Venstreparti",1,1
2019,"ko","kommune","Dyrøy","Troms og Finnmark","SP","Senterpartiet",5,5
2019,"ko","kommune","Dyrøy","Troms og Finnmark","H","Høyre",1,1
2019,"ko","kommune","Dyrøy","Troms og Finnmark","FRP","Fremskrittspartiet",2,2
2019,"ko","kommune","Dyrøy","Troms og Finnmark","BLANKE","Blanke",0,0
2019,"ko","kommune","Dyrøy","Troms og Finnmark","Andre","Andre",0,0
2019,"ko","kommune","Dyrøy","Troms og Finnmark","Andre2","Andre2",0,0
2019,"ko","kommune","Senja","Troms og Finnmark","A","Arbeiderpartiet",13,13
2019,"ko","kommune","Senja","Troms og Finnmark","SV","SV - Sosialistisk Venstreparti",2,2
2019,"ko","kommune","Senja","Troms og Finnmark","SP","Senterpartiet",11,11
2019,"ko","kommune","Senja","Troms og Finnmark","KRF","Kristelig Folkeparti",1,1
2019,"ko","kommune","Senja","Troms og Finnmark","MDG","Miljøpartiet De Grønne",1,1
2019,"ko","kommune","Senja","Troms og Finnmark","V","Venstre",0,0
2019,"ko","kommune","Senja","Troms og Finnmark","H","Høyre",8,8
2019,"ko","kommune","Senja","Troms og Finnmark","FRP","Fremskrittspartiet",3,3
2019,"ko","kommune","Senja","Troms og Finnmark","BLANKE","Blanke",0,0
2019,"ko","kommune","Senja","Troms og Finnmark","SENJA","Senjalista",6,6
2019,"ko","kommune","Senja","Troms og Finnmark","Andre","Andre",6,6
2019,"ko","kommune","Senja","Troms og Finnmark","Andre2","Andre2",0,0
2019,"ko","kommune","Balsfjord","Troms og Finnmark","A","Arbeiderpartiet",6,6
2019,"ko","kommune","Balsfjord","Troms og Finnmark","SV","SV - Sosialistisk Venstreparti",0,0
2019,"ko","kommune","Balsfjord","Troms og Finnmark","RØDT","Rødt",1,1
2019,"ko","kommune","Balsfjord","Troms og Finnmark","SP","Senterpartiet",6,6
2019,"ko","kommune","Balsfjord","Troms og Finnmark","KRF","Kristelig Folkeparti",0,0
2019,"ko","kommune","Balsfjord","Troms og Finnmark","MDG","Miljøpartiet De Grønne",0,0
2019,"ko","kommune","Balsfjord","Troms og Finnmark","H","Høyre",4,4
2019,"ko","kommune","Balsfjord","Troms og Finnmark","FRP","Fremskrittspartiet",2,2
2019,"ko","kommune","Balsfjord","Troms og Finnmark","KRISTNE","Partiet De Kristne",0,0
2019,"ko","kommune","Balsfjord","Troms og Finnmark","BLANKE","Blanke",0,0
2019,"ko","kommune","Balsfjord","Troms og Finnmark","Andre","Andre",0,0
2019,"ko","kommune","Balsfjord","Troms og Finnmark","Andre2","Andre2",0,0
2019,"ko","kommune","Karlsøy","Troms og Finnmark","A","Arbeiderpartiet",3,3
2019,"ko","kommune","Karlsøy","Troms og Finnmark","SV","SV - Sosialistisk Venstreparti",2,2
2019,"ko","kommune","Karlsøy","Troms og Finnmark","SP","Senterpartiet",5,5
2019,"ko","kommune","Karlsøy","Troms og Finnmark","H","Høyre",0,0
2019,"ko","kommune","Karlsøy","Troms og Finnmark","FRP","Fremskrittspartiet",2,2
2019,"ko","kommune","Karlsøy","Troms og Finnmark","BLANKE","Blanke",0,0
2019,"ko","kommune","Karlsøy","Troms og Finnmark","KF","Karlsøy Fellesliste",5,5
2019,"ko","kommune","Karlsøy","Troms og Finnmark","Andre","Andre",5,5
2019,"ko","kommune","Karlsøy","Troms og Finnmark","Andre2","Andre2",0,0
2019,"ko","kommune","Lyngen","Troms og Finnmark","A","Arbeiderpartiet",3,3
2019,"ko","kommune","Lyngen","Troms og Finnmark","SP","Senterpartiet",2,2
2019,"ko","kommune","Lyngen","Troms og Finnmark","KRF","Kristelig Folkeparti",3,3
2019,"ko","kommune","Lyngen","Troms og Finnmark","MDG","Miljøpartiet De Grønne",1,1
2019,"ko","kommune","Lyngen","Troms og Finnmark","H","Høyre",3,3
2019,"ko","kommune","Lyngen","Troms og Finnmark","FRP","Fremskrittspartiet",1,1
2019,"ko","kommune","Lyngen","Troms og Finnmark","BLANKE","Blanke",0,0
2019,"ko","kommune","Lyngen","Troms og Finnmark","LTP","Lyngen Tverrpolitiske liste",5,5
2019,"ko","kommune","Lyngen","Troms og Finnmark","PUS","Samhold Lyngen",1,1
2019,"ko","kommune","Lyngen","Troms og Finnmark","Andre","Andre",6,6
2019,"ko","kommune","Lyngen","Troms og Finnmark","Andre2","Andre2",0,0
2019,"ko","kommune","Storfjord - Omasvuotna - Omasvuono","Troms og Finnmark","A","Arbeiderpartiet",2,2
2019,"ko","kommune","Storfjord - Omasvuotna - Omasvuono","Troms og Finnmark","SP","Senterpartiet",1,1
2019,"ko","kommune","Storfjord - Omasvuotna - Omasvuono","Troms og Finnmark","MDG","Miljøpartiet De Grønne",1,1
2019,"ko","kommune","Storfjord - Omasvuotna - Omasvuono","Troms og Finnmark","H","Høyre",6,6
2019,"ko","kommune","Storfjord - Omasvuotna - Omasvuono","Troms og Finnmark","FRP","Fremskrittspartiet",0,0
2019,"ko","kommune","Storfjord - Omasvuotna - Omasvuono","Troms og Finnmark","BLANKE","Blanke",0,0
2019,"ko","kommune","Storfjord - Omasvuotna - Omasvuono","Troms og Finnmark","TVPL","Tverrpolitisk liste",7,7
2019,"ko","kommune","Storfjord - Omasvuotna - Omasvuono","Troms og Finnmark","Andre","Andre",7,7
2019,"ko","kommune","Storfjord - Omasvuotna - Omasvuono","Troms og Finnmark","Andre2","Andre2",0,0
2019,"ko","kommune","Gáivuotna - Kåfjord - Kaivuono","Troms og Finnmark","A","Arbeiderpartiet",8,8
2019,"ko","kommune","Gáivuotna - Kåfjord - Kaivuono","Troms og Finnmark","SP","Senterpartiet",4,4
2019,"ko","kommune","Gáivuotna - Kåfjord - Kaivuono","Troms og Finnmark","KRF","Kristelig Folkeparti",2,2
2019,"ko","kommune","Gáivuotna - Kåfjord - Kaivuono","Troms og Finnmark","MDG","Miljøpartiet De Grønne",1,1
2019,"ko","kommune","Gáivuotna - Kåfjord - Kaivuono","Troms og Finnmark","H","Høyre",1,1
2019,"ko","kommune","Gáivuotna - Kåfjord - Kaivuono","Troms og Finnmark","FRP","Fremskrittspartiet",1,1
2019,"ko","kommune","Gáivuotna - Kåfjord - Kaivuono","Troms og Finnmark","BLANKE","Blanke",0,0
2019,"ko","kommune","Gáivuotna - Kåfjord - Kaivuono","Troms og Finnmark","Andre","Andre",0,0
2019,"ko","kommune","Gáivuotna - Kåfjord - Kaivuono","Troms og Finnmark","Andre2","Andre2",0,0
2019,"ko","kommune","Skjervøy","Troms og Finnmark","A","Arbeiderpartiet",2,2
2019,"ko","kommune","Skjervøy","Troms og Finnmark","SP","Senterpartiet",5,5
2019,"ko","kommune","Skjervøy","Troms og Finnmark","KRF","Kristelig Folkeparti",6,6
2019,"ko","kommune","Skjervøy","Troms og Finnmark","H","Høyre",1,1
2019,"ko","kommune","Skjervøy","Troms og Finnmark","FRP","Fremskrittspartiet",3,3
2019,"ko","kommune","Skjervøy","Troms og Finnmark","BLANKE","Blanke",0,0
2019,"ko","kommune","Skjervøy","Troms og Finnmark","FSVR","Felleslista SV - Sosialistisk Venstreparti og RØDT",2,2
2019,"ko","kommune","Skjervøy","Troms og Finnmark","Andre","Andre",2,2
2019,"ko","kommune","Skjervøy","Troms og Finnmark","Andre2","Andre2",0,0
2019,"ko","kommune","Nordreisa","Troms og Finnmark","A","Arbeiderpartiet",5,5
2019,"ko","kommune","Nordreisa","Troms og Finnmark","SV","SV - Sosialistisk Venstreparti",2,2
2019,"ko","kommune","Nordreisa","Troms og Finnmark","SP","Senterpartiet",5,5
2019,"ko","kommune","Nordreisa","Troms og Finnmark","KRF","Kristelig Folkeparti",2,2
2019,"ko","kommune","Nordreisa","Troms og Finnmark","H","Høyre",4,4
2019,"ko","kommune","Nordreisa","Troms og Finnmark","FRP","Fremskrittspartiet",3,3
2019,"ko","kommune","Nordreisa","Troms og Finnmark","BLANKE","Blanke",0,0
2019,"ko","kommune","Nordreisa","Troms og Finnmark","Andre","Andre",0,0
2019,"ko","kommune","Nordreisa","Troms og Finnmark","Andre2","Andre2",0,0
2019,"ko","kommune","Kvænangen","Troms og Finnmark","A","Arbeiderpartiet",6,6
2019,"ko","kommune","Kvænangen","Troms og Finnmark","SV","SV - Sosialistisk Venstreparti",2,2
2019,"ko","kommune","Kvænangen","Troms og Finnmark","SP","Senterpartiet",3,3
2019,"ko","kommune","Kvænangen","Troms og Finnmark","BLANKE","Blanke",0,0
2019,"ko","kommune","Kvænangen","Troms og Finnmark","HFRP","Høyre og Fremskrittspartiet",2,2
2019,"ko","kommune","Kvænangen","Troms og Finnmark","KVB","Kvænangen Bygdeliste",2,2
2019,"ko","kommune","Kvænangen","Troms og Finnmark","Andre","Andre",4,4
2019,"ko","kommune","Kvænangen","Troms og Finnmark","Andre2","Andre2",0,0
2019,"ko","kommune","Guovdageaidnu - Kautokeino","Troms og Finnmark","A","Arbeiderpartiet",2,2
2019,"ko","kommune","Guovdageaidnu - Kautokeino","Troms og Finnmark","SV","SV - Sosialistisk Venstreparti",0,0
2019,"ko","kommune","Guovdageaidnu - Kautokeino","Troms og Finnmark","SP","Senterpartiet",3,3
2019,"ko","kommune","Guovdageaidnu - Kautokeino","Troms og Finnmark","V","Venstre",2,2
2019,"ko","kommune","Guovdageaidnu - Kautokeino","Troms og Finnmark","H","Høyre",1,1
2019,"ko","kommune","Guovdageaidnu - Kautokeino","Troms og Finnmark","BLANKE","Blanke",0,0
2019,"ko","kommune","Guovdageaidnu - Kautokeino","Troms og Finnmark","GDL","Kautokeino Fastboendes liste",5,5
2019,"ko","kommune","Guovdageaidnu - Kautokeino","Troms og Finnmark","JL","Kautokeino Flyttsameliste",4,4
2019,"ko","kommune","Guovdageaidnu - Kautokeino","Troms og Finnmark","SAL","Sámeálbmot Listu",2,2
2019,"ko","kommune","Guovdageaidnu - Kautokeino","Troms og Finnmark","Andre","Andre",11,11
2019,"ko","kommune","Guovdageaidnu - Kautokeino","Troms og Finnmark","Andre2","Andre2",0,0
2019,"ko","kommune","Loppa","Troms og Finnmark","A","Arbeiderpartiet",5,5
2019,"ko","kommune","Loppa","Troms og Finnmark","SV","SV - Sosialistisk Venstreparti",2,2
2019,"ko","kommune","Loppa","Troms og Finnmark","SP","Senterpartiet",5,5
2019,"ko","kommune","Loppa","Troms og Finnmark","H","Høyre",3,3
2019,"ko","kommune","Loppa","Troms og Finnmark","BLANKE","Blanke",0,0
2019,"ko","kommune","Loppa","Troms og Finnmark","Andre","Andre",0,0
2019,"ko","kommune","Loppa","Troms og Finnmark","Andre2","Andre2",0,0
2019,"ko","kommune","Hasvik","Troms og Finnmark","A","Arbeiderpartiet",9,9
2019,"ko","kommune","Hasvik","Troms og Finnmark","SP","Senterpartiet",3,3
2019,"ko","kommune","Hasvik","Troms og Finnmark","H","Høyre",3,3
2019,"ko","kommune","Hasvik","Troms og Finnmark","BLANKE","Blanke",0,0
2019,"ko","kommune","Hasvik","Troms og Finnmark","Andre","Andre",0,0
2019,"ko","kommune","Hasvik","Troms og Finnmark","Andre2","Andre2",0,0
2019,"ko","kommune","Måsøy","Troms og Finnmark","A","Arbeiderpartiet",6,6
2019,"ko","kommune","Måsøy","Troms og Finnmark","RØDT","Rødt",1,1
2019,"ko","kommune","Måsøy","Troms og Finnmark","SP","Senterpartiet",5,5
2019,"ko","kommune","Måsøy","Troms og Finnmark","H","Høyre",3,3
2019,"ko","kommune","Måsøy","Troms og Finnmark","BLANKE","Blanke",0,0
2019,"ko","kommune","Måsøy","Troms og Finnmark","Andre","Andre",0,0
2019,"ko","kommune","Måsøy","Troms og Finnmark","Andre2","Andre2",0,0
2019,"ko","kommune","Nordkapp","Troms og Finnmark","A","Arbeiderpartiet",3,3
2019,"ko","kommune","Nordkapp","Troms og Finnmark","SV","SV - Sosialistisk Venstreparti",7,7
2019,"ko","kommune","Nordkapp","Troms og Finnmark","SP","Senterpartiet",6,6
2019,"ko","kommune","Nordkapp","Troms og Finnmark","MDG","Miljøpartiet De Grønne",0,0
2019,"ko","kommune","Nordkapp","Troms og Finnmark","H","Høyre",3,3
2019,"ko","kommune","Nordkapp","Troms og Finnmark","BLANKE","Blanke",0,0
2019,"ko","kommune","Nordkapp","Troms og Finnmark","Andre","Andre",0,0
2019,"ko","kommune","Nordkapp","Troms og Finnmark","Andre2","Andre2",0,0
2019,"ko","kommune","Porsanger - Porsáŋgu - Porsanki","Troms og Finnmark","A","Arbeiderpartiet",5,5
2019,"ko","kommune","Porsanger - Porsáŋgu - Porsanki","Troms og Finnmark","SV","SV - Sosialistisk Venstreparti",2,2
2019,"ko","kommune","Porsanger - Porsáŋgu - Porsanki","Troms og Finnmark","RØDT","Rødt",0,0
2019,"ko","kommune","Porsanger - Porsáŋgu - Porsanki","Troms og Finnmark","SP","Senterpartiet",3,3
2019,"ko","kommune","Porsanger - Porsáŋgu - Porsanki","Troms og Finnmark","V","Venstre",0,0
2019,"ko","kommune","Porsanger - Porsáŋgu - Porsanki","Troms og Finnmark","H","Høyre",5,5
2019,"ko","kommune","Porsanger - Porsáŋgu - Porsanki","Troms og Finnmark","FRP","Fremskrittspartiet",1,1
2019,"ko","kommune","Porsanger - Porsáŋgu - Porsanki","Troms og Finnmark","BLANKE","Blanke",0,0
2019,"ko","kommune","Porsanger - Porsáŋgu - Porsanki","Troms og Finnmark","TLP","Tverrpolitisk liste i Porsanger TLP",3,3
2019,"ko","kommune","Porsanger - Porsáŋgu - Porsanki","Troms og Finnmark","Andre","Andre",3,3
2019,"ko","kommune","Porsanger - Porsáŋgu - Porsanki","Troms og Finnmark","Andre2","Andre2",0,0
2019,"ko","kommune","Kárášjohka - Karasjok","Troms og Finnmark","A","Arbeiderpartiet",7,7
2019,"ko","kommune","Kárášjohka - Karasjok","Troms og Finnmark","SP","Senterpartiet",6,6
2019,"ko","kommune","Kárášjohka - Karasjok","Troms og Finnmark","H","Høyre",1,1
2019,"ko","kommune","Kárášjohka - Karasjok","Troms og Finnmark","ARJA","Árja",0,0
2019,"ko","kommune","Kárášjohka - Karasjok","Troms og Finnmark","SAME","Samefolkets Parti",2,2
2019,"ko","kommune","Kárášjohka - Karasjok","Troms og Finnmark","BLANKE","Blanke",0,0
2019,"ko","kommune","Kárášjohka - Karasjok","Troms og Finnmark","KARLIS","Karasjok lista",2,2
2019,"ko","kommune","Kárášjohka - Karasjok","Troms og Finnmark","KJS","Johttiidsámiid listu",1,1
2019,"ko","kommune","Kárášjohka - Karasjok","Troms og Finnmark","Andre","Andre",5,5
2019,"ko","kommune","Kárášjohka - Karasjok","Troms og Finnmark","Andre2","Andre2",0,0
2019,"ko","kommune","Lebesby","Troms og Finnmark","A","Arbeiderpartiet",8,8
2019,"ko","kommune","Lebesby","Troms og Finnmark","SV","SV - Sosialistisk Venstreparti",2,2
2019,"ko","kommune","Lebesby","Troms og Finnmark","SP","Senterpartiet",4,4
2019,"ko","kommune","Lebesby","Troms og Finnmark","H","Høyre",1,1
2019,"ko","kommune","Lebesby","Troms og Finnmark","BLANKE","Blanke",0,0
2019,"ko","kommune","Lebesby","Troms og Finnmark","TVERRPOL","Lebesby Tverrpolitiske liste",2,2
2019,"ko","kommune","Lebesby","Troms og Finnmark","Andre","Andre",2,2
2019,"ko","kommune","Lebesby","Troms og Finnmark","Andre2","Andre2",0,0
2019,"ko","kommune","Gamvik","Troms og Finnmark","A","Arbeiderpartiet",6,6
2019,"ko","kommune","Gamvik","Troms og Finnmark","SV","SV - Sosialistisk Venstreparti",4,4
2019,"ko","kommune","Gamvik","Troms og Finnmark","SP","Senterpartiet",2,2
2019,"ko","kommune","Gamvik","Troms og Finnmark","FRP","Fremskrittspartiet",1,1
2019,"ko","kommune","Gamvik","Troms og Finnmark","BLANKE","Blanke",0,0
2019,"ko","kommune","Gamvik","Troms og Finnmark","SENTLI","Sentrumslista",0,0
2019,"ko","kommune","Gamvik","Troms og Finnmark","Andre","Andre",0,0
2019,"ko","kommune","Gamvik","Troms og Finnmark","Andre2","Andre2",0,0
2019,"ko","kommune","Berlevåg","Troms og Finnmark","A","Arbeiderpartiet",6,6
2019,"ko","kommune","Berlevåg","Troms og Finnmark","SV","SV - Sosialistisk Venstreparti",3,3
2019,"ko","kommune","Berlevåg","Troms og Finnmark","SP","Senterpartiet",1,1
2019,"ko","kommune","Berlevåg","Troms og Finnmark","H","Høyre",3,3
2019,"ko","kommune","Berlevåg","Troms og Finnmark","BLANKE","Blanke",0,0
2019,"ko","kommune","Berlevåg","Troms og Finnmark","Andre","Andre",0,0
2019,"ko","kommune","Berlevåg","Troms og Finnmark","Andre2","Andre2",0,0
2019,"ko","kommune","Deatnu - Tana","Troms og Finnmark","A","Arbeiderpartiet",8,8
2019,"ko","kommune","Deatnu - Tana","Troms og Finnmark","SV","SV - Sosialistisk Venstreparti",1,1
2019,"ko","kommune","Deatnu - Tana","Troms og Finnmark","SP","Senterpartiet",4,4
2019,"ko","kommune","Deatnu - Tana","Troms og Finnmark","V","Venstre",2,2
2019,"ko","kommune","Deatnu - Tana","Troms og Finnmark","H","Høyre",1,1
2019,"ko","kommune","Deatnu - Tana","Troms og Finnmark","FRP","Fremskrittspartiet",1,1
2019,"ko","kommune","Deatnu - Tana","Troms og Finnmark","BLANKE","Blanke",0,0
2019,"ko","kommune","Deatnu - Tana","Troms og Finnmark","DSL","Deanu Sámelistu - Samelista i Tana",2,2
2019,"ko","kommune","Deatnu - Tana","Troms og Finnmark","Andre","Andre",2,2
2019,"ko","kommune","Deatnu - Tana","Troms og Finnmark","Andre2","Andre2",0,0
2019,"ko","kommune","Unjárga - Nesseby","Troms og Finnmark","A","Arbeiderpartiet",7,7
2019,"ko","kommune","Unjárga - Nesseby","Troms og Finnmark","SV","SV - Sosialistisk Venstreparti",1,1
2019,"ko","kommune","Unjárga - Nesseby","Troms og Finnmark","SP","Senterpartiet",3,3
2019,"ko","kommune","Unjárga - Nesseby","Troms og Finnmark","H","Høyre",1,1
2019,"ko","kommune","Unjárga - Nesseby","Troms og Finnmark","SAME","Samefolkets Parti",2,2
2019,"ko","kommune","Unjárga - Nesseby","Troms og Finnmark","BLANKE","Blanke",0,0
2019,"ko","kommune","Unjárga - Nesseby","Troms og Finnmark","TLNE","Tverrpolitisk liste",1,1
2019,"ko","kommune","Unjárga - Nesseby","Troms og Finnmark","Andre","Andre",3,3
2019,"ko","kommune","Unjárga - Nesseby","Troms og Finnmark","Andre2","Andre2",0,0
2019,"ko","kommune","Båtsfjord","Troms og Finnmark","A","Arbeiderpartiet",5,5
2019,"ko","kommune","Båtsfjord","Troms og Finnmark","SP","Senterpartiet",7,7
2019,"ko","kommune","Båtsfjord","Troms og Finnmark","H","Høyre",3,3
2019,"ko","kommune","Båtsfjord","Troms og Finnmark","BLANKE","Blanke",0,0
2019,"ko","kommune","Båtsfjord","Troms og Finnmark","Andre","Andre",0,0
2019,"ko","kommune","Båtsfjord","Troms og Finnmark","Andre2","Andre2",0,0
2019,"ko","kommune","Sør-Varanger","Troms og Finnmark","A","Arbeiderpartiet",11,11
2019,"ko","kommune","Sør-Varanger","Troms og Finnmark","SV","SV - Sosialistisk Venstreparti",3,3
2019,"ko","kommune","Sør-Varanger","Troms og Finnmark","RØDT","Rødt",1,1
2019,"ko","kommune","Sør-Varanger","Troms og Finnmark","SP","Senterpartiet",6,6
2019,"ko","kommune","Sør-Varanger","Troms og Finnmark","MDG","Miljøpartiet De Grønne",1,1
2019,"ko","kommune","Sør-Varanger","Troms og Finnmark","V","Venstre",0,0
2019,"ko","kommune","Sør-Varanger","Troms og Finnmark","H","Høyre",4,4
2019,"ko","kommune","Sør-Varanger","Troms og Finnmark","FRP","Fremskrittspartiet",1,1
2019,"ko","kommune","Sør-Varanger","Troms og Finnmark","BLANKE","Blanke",0,0
2019,"ko","kommune","Sør-Varanger","Troms og Finnmark","Andre","Andre",0,0
2019,"ko","kommune","Sør-Varanger","Troms og Finnmark","Andre2","Andre2",0,0
2021,"st","fylke","Østfold",NA,"A","Arbeiderpartiet",3,0
2021,"st","fylke","Østfold",NA,"SV","SV - Sosialistisk Venstreparti",1,0
2021,"st","fylke","Østfold",NA,"RØDT","Rødt",0,0
2021,"st","fylke","Østfold",NA,"SP","Senterpartiet",2,1
2021,"st","fylke","Østfold",NA,"KRF","Kristelig Folkeparti",0,0
2021,"st","fylke","Østfold",NA,"MDG","Miljøpartiet De Grønne",0,0
2021,"st","fylke","Østfold",NA,"V","Venstre",0,0
2021,"st","fylke","Østfold",NA,"H","Høyre",2,0
2021,"st","fylke","Østfold",NA,"FRP","Fremskrittspartiet",1,-1
2021,"st","fylke","Østfold",NA,"AAN","Alliansen - Alternativ for Norge",0,0
2021,"st","fylke","Østfold",NA,"DEMN","Demokratene",0,0
2021,"st","fylke","Østfold",NA,"FNB","Folkeaksjonen Nei til mer bompenger",0,0
2021,"st","fylke","Østfold",NA,"HELSE","Helsepartiet",0,0
2021,"st","fylke","Østfold",NA,"INP","Industri- og Næringspartiet",0,0
2021,"st","fylke","Østfold",NA,"KRISTNE","Partiet De Kristne",0,0
2021,"st","fylke","Østfold",NA,"LIBS","Liberalistene",0,0
2021,"st","fylke","Østfold",NA,"PIR","Piratpartiet",0,0
2021,"st","fylke","Østfold",NA,"PP","Pensjonistpartiet",0,0
2021,"st","fylke","Østfold",NA,"PS","Partiet Sentrum",0,0
2021,"st","fylke","Østfold",NA,"BLANKE","Blanke",0,0
2021,"st","fylke","Østfold",NA,"Andre","Andre",0,0
2021,"st","fylke","Østfold",NA,"Andre2","Andre2",0,0
2021,"st","fylke","Akershus",NA,"A","Arbeiderpartiet",5,0
2021,"st","fylke","Akershus",NA,"SV","SV - Sosialistisk Venstreparti",1,0
2021,"st","fylke","Akershus",NA,"RØDT","Rødt",1,1
2021,"st","fylke","Akershus",NA,"SP","Senterpartiet",2,1
2021,"st","fylke","Akershus",NA,"KRF","Kristelig Folkeparti",0,0
2021,"st","fylke","Akershus",NA,"MDG","Miljøpartiet De Grønne",1,1
2021,"st","fylke","Akershus",NA,"V","Venstre",1,0
2021,"st","fylke","Akershus",NA,"H","Høyre",6,0
2021,"st","fylke","Akershus",NA,"FRP","Fremskrittspartiet",2,-1
2021,"st","fylke","Akershus",NA,"AAN","Alliansen - Alternativ for Norge",0,0
2021,"st","fylke","Akershus",NA,"DEMN","Demokratene",0,0
2021,"st","fylke","Akershus",NA,"FNB","Folkeaksjonen Nei til mer bompenger",0,0
2021,"st","fylke","Akershus",NA,"HELSE","Helsepartiet",0,0
2021,"st","fylke","Akershus",NA,"INP","Industri- og Næringspartiet",0,0
2021,"st","fylke","Akershus",NA,"KRISTNE","Partiet De Kristne",0,0
2021,"st","fylke","Akershus",NA,"LIBS","Liberalistene",0,0
2021,"st","fylke","Akershus",NA,"PIR","Piratpartiet",0,0
2021,"st","fylke","Akershus",NA,"PP","Pensjonistpartiet",0,0
2021,"st","fylke","Akershus",NA,"PS","Partiet Sentrum",0,0
2021,"st","fylke","Akershus",NA,"BLANKE","Blanke",0,0
2021,"st","fylke","Akershus",NA,"GENE","Generasjonspartiet",0,0
2021,"st","fylke","Akershus",NA,"Andre","Andre",0,0
2021,"st","fylke","Akershus",NA,"Andre2","Andre2",0,0
2021,"st","fylke","Oslo",NA,"A","Arbeiderpartiet",4,-1
2021,"st","fylke","Oslo",NA,"SV","SV - Sosialistisk Venstreparti",3,1
2021,"st","fylke","Oslo",NA,"RØDT","Rødt",2,1
2021,"st","fylke","Oslo",NA,"SP","Senterpartiet",0,0
2021,"st","fylke","Oslo",NA,"KRF","Kristelig Folkeparti",0,0
2021,"st","fylke","Oslo",NA,"MDG","Miljøpartiet De Grønne",2,1
2021,"st","fylke","Oslo",NA,"V","Venstre",3,1
2021,"st","fylke","Oslo",NA,"H","Høyre",5,-1
2021,"st","fylke","Oslo",NA,"FRP","Fremskrittspartiet",1,-1
2021,"st","fylke","Oslo",NA,"AAN","Alliansen - Alternativ for Norge",0,0
2021,"st","fylke","Oslo",NA,"DEMN","Demokratene",0,0
2021,"st","fylke","Oslo",NA,"FNB","Folkeaksjonen Nei til mer bompenger",0,0
2021,"st","fylke","Oslo",NA,"HELSE","Helsepartiet",0,0
2021,"st","fylke","Oslo",NA,"INP","Industri- og Næringspartiet",0,0
2021,"st","fylke","Oslo",NA,"KRISTNE","Partiet De Kristne",0,0
2021,"st","fylke","Oslo",NA,"KYST","Kystpartiet",0,0
2021,"st","fylke","Oslo",NA,"LIBS","Liberalistene",0,0
2021,"st","fylke","Oslo",NA,"NKP","Norges Kommunistiske Parti",0,0
2021,"st","fylke","Oslo",NA,"PIR","Piratpartiet",0,0
2021,"st","fylke","Oslo",NA,"PP","Pensjonistpartiet",0,0
2021,"st","fylke","Oslo",NA,"PS","Partiet Sentrum",0,0
2021,"st","fylke","Oslo",NA,"BLANKE","Blanke",0,0
2021,"st","fylke","Oslo",NA,"FI","Feministisk Initiativ",0,0
2021,"st","fylke","Oslo",NA,"Andre","Andre",0,0
2021,"st","fylke","Oslo",NA,"Andre2","Andre2",0,0
2021,"st","fylke","Hedmark",NA,"A","Arbeiderpartiet",3,1
2021,"st","fylke","Hedmark",NA,"SV","SV - Sosialistisk Venstreparti",0,-1
2021,"st","fylke","Hedmark",NA,"RØDT","Rødt",0,0
2021,"st","fylke","Hedmark",NA,"SP","Senterpartiet",2,0
2021,"st","fylke","Hedmark",NA,"KRF","Kristelig Folkeparti",0,0
2021,"st","fylke","Hedmark",NA,"MDG","Miljøpartiet De Grønne",0,0
2021,"st","fylke","Hedmark",NA,"V","Venstre",0,0
2021,"st","fylke","Hedmark",NA,"H","Høyre",1,0
2021,"st","fylke","Hedmark",NA,"FRP","Fremskrittspartiet",1,0
2021,"st","fylke","Hedmark",NA,"AAN","Alliansen - Alternativ for Norge",0,0
2021,"st","fylke","Hedmark",NA,"DEMN","Demokratene",0,0
2021,"st","fylke","Hedmark",NA,"FNB","Folkeaksjonen Nei til mer bompenger",0,0
2021,"st","fylke","Hedmark",NA,"HELSE","Helsepartiet",0,0
2021,"st","fylke","Hedmark",NA,"INP","Industri- og Næringspartiet",0,0
2021,"st","fylke","Hedmark",NA,"KRISTNE","Partiet De Kristne",0,0
2021,"st","fylke","Hedmark",NA,"LIBS","Liberalistene",0,0
2021,"st","fylke","Hedmark",NA,"PP","Pensjonistpartiet",0,0
2021,"st","fylke","Hedmark",NA,"PS","Partiet Sentrum",0,0
2021,"st","fylke","Hedmark",NA,"BLANKE","Blanke",0,0
2021,"st","fylke","Hedmark",NA,"RN","Redd Naturen",0,0
2021,"st","fylke","Hedmark",NA,"Andre","Andre",0,0
2021,"st","fylke","Hedmark",NA,"Andre2","Andre2",0,0
2021,"st","fylke","Oppland",NA,"A","Arbeiderpartiet",2,0
2021,"st","fylke","Oppland",NA,"SV","SV - Sosialistisk Venstreparti",0,0
2021,"st","fylke","Oppland",NA,"RØDT","Rødt",0,0
2021,"st","fylke","Oppland",NA,"SP","Senterpartiet",2,0
2021,"st","fylke","Oppland",NA,"KRF","Kristelig Folkeparti",0,0
2021,"st","fylke","Oppland",NA,"MDG","Miljøpartiet De Grønne",0,0
2021,"st","fylke","Oppland",NA,"V","Venstre",0,-1
2021,"st","fylke","Oppland",NA,"H","Høyre",1,0
2021,"st","fylke","Oppland",NA,"FRP","Fremskrittspartiet",1,0
2021,"st","fylke","Oppland",NA,"AAN","Alliansen - Alternativ for Norge",0,0
2021,"st","fylke","Oppland",NA,"DEMN","Demokratene",0,0
2021,"st","fylke","Oppland",NA,"FNB","Folkeaksjonen Nei til mer bompenger",0,0
2021,"st","fylke","Oppland",NA,"HELSE","Helsepartiet",0,0
2021,"st","fylke","Oppland",NA,"INP","Industri- og Næringspartiet",0,0
2021,"st","fylke","Oppland",NA,"KRISTNE","Partiet De Kristne",0,0
2021,"st","fylke","Oppland",NA,"LIBS","Liberalistene",0,0
2021,"st","fylke","Oppland",NA,"PIR","Piratpartiet",0,0
2021,"st","fylke","Oppland",NA,"PP","Pensjonistpartiet",0,0
2021,"st","fylke","Oppland",NA,"PS","Partiet Sentrum",0,0
2021,"st","fylke","Oppland",NA,"BLANKE","Blanke",0,0
2021,"st","fylke","Oppland",NA,"Andre","Andre",0,0
2021,"st","fylke","Oppland",NA,"Andre2","Andre2",0,0
2021,"st","fylke","Buskerud",NA,"A","Arbeiderpartiet",3,0
2021,"st","fylke","Buskerud",NA,"SV","SV - Sosialistisk Venstreparti",1,0
2021,"st","fylke","Buskerud",NA,"RØDT","Rødt",0,0
2021,"st","fylke","Buskerud",NA,"SP","Senterpartiet",1,0
2021,"st","fylke","Buskerud",NA,"KRF","Kristelig Folkeparti",0,0
2021,"st","fylke","Buskerud",NA,"MDG","Miljøpartiet De Grønne",0,0
2021,"st","fylke","Buskerud",NA,"V","Venstre",0,0
2021,"st","fylke","Buskerud",NA,"H","Høyre",2,0
2021,"st","fylke","Buskerud",NA,"FRP","Fremskrittspartiet",1,-1
2021,"st","fylke","Buskerud",NA,"AAN","Alliansen - Alternativ for Norge",0,0
2021,"st","fylke","Buskerud",NA,"DEMN","Demokratene",0,0
2021,"st","fylke","Buskerud",NA,"FNB","Folkeaksjonen Nei til mer bompenger",0,0
2021,"st","fylke","Buskerud",NA,"HELSE","Helsepartiet",0,0
2021,"st","fylke","Buskerud",NA,"INP","Industri- og Næringspartiet",0,0
2021,"st","fylke","Buskerud",NA,"KRISTNE","Partiet De Kristne",0,0
2021,"st","fylke","Buskerud",NA,"LIBS","Liberalistene",0,0
2021,"st","fylke","Buskerud",NA,"PIR","Piratpartiet",0,0
2021,"st","fylke","Buskerud",NA,"PP","Pensjonistpartiet",0,0
2021,"st","fylke","Buskerud",NA,"PS","Partiet Sentrum",0,0
2021,"st","fylke","Buskerud",NA,"BLANKE","Blanke",0,0
2021,"st","fylke","Buskerud",NA,"Andre","Andre",0,0
2021,"st","fylke","Buskerud",NA,"Andre2","Andre2",0,0
2021,"st","fylke","Vestfold",NA,"A","Arbeiderpartiet",2,0
2021,"st","fylke","Vestfold",NA,"SV","SV - Sosialistisk Venstreparti",1,1
2021,"st","fylke","Vestfold",NA,"RØDT","Rødt",0,0
2021,"st","fylke","Vestfold",NA,"SP","Senterpartiet",1,1
2021,"st","fylke","Vestfold",NA,"KRF","Kristelig Folkeparti",0,0
2021,"st","fylke","Vestfold",NA,"MDG","Miljøpartiet De Grønne",0,0
2021,"st","fylke","Vestfold",NA,"V","Venstre",0,-1
2021,"st","fylke","Vestfold",NA,"H","Høyre",2,-1
2021,"st","fylke","Vestfold",NA,"FRP","Fremskrittspartiet",1,0
2021,"st","fylke","Vestfold",NA,"AAN","Alliansen - Alternativ for Norge",0,0
2021,"st","fylke","Vestfold",NA,"DEMN","Demokratene",0,0
2021,"st","fylke","Vestfold",NA,"FNB","Folkeaksjonen Nei til mer bompenger",0,0
2021,"st","fylke","Vestfold",NA,"HELSE","Helsepartiet",0,0
2021,"st","fylke","Vestfold",NA,"INP","Industri- og Næringspartiet",0,0
2021,"st","fylke","Vestfold",NA,"KRISTNE","Partiet De Kristne",0,0
2021,"st","fylke","Vestfold",NA,"LIBS","Liberalistene",0,0
2021,"st","fylke","Vestfold",NA,"PIR","Piratpartiet",0,0
2021,"st","fylke","Vestfold",NA,"PP","Pensjonistpartiet",0,0
2021,"st","fylke","Vestfold",NA,"PS","Partiet Sentrum",0,0
2021,"st","fylke","Vestfold",NA,"BLANKE","Blanke",0,0
2021,"st","fylke","Vestfold",NA,"Andre","Andre",0,0
2021,"st","fylke","Vestfold",NA,"Andre2","Andre2",0,0
2021,"st","fylke","Telemark",NA,"A","Arbeiderpartiet",2,0
2021,"st","fylke","Telemark",NA,"SV","SV - Sosialistisk Venstreparti",0,0
2021,"st","fylke","Telemark",NA,"RØDT","Rødt",1,1
2021,"st","fylke","Telemark",NA,"SP","Senterpartiet",1,0
2021,"st","fylke","Telemark",NA,"KRF","Kristelig Folkeparti",0,-1
2021,"st","fylke","Telemark",NA,"MDG","Miljøpartiet De Grønne",0,0
2021,"st","fylke","Telemark",NA,"V","Venstre",0,0
2021,"st","fylke","Telemark",NA,"H","Høyre",1,0
2021,"st","fylke","Telemark",NA,"FRP","Fremskrittspartiet",1,0
2021,"st","fylke","Telemark",NA,"AAN","Alliansen - Alternativ for Norge",0,0
2021,"st","fylke","Telemark",NA,"DEMN","Demokratene",0,0
2021,"st","fylke","Telemark",NA,"FNB","Folkeaksjonen Nei til mer bompenger",0,0
2021,"st","fylke","Telemark",NA,"HELSE","Helsepartiet",0,0
2021,"st","fylke","Telemark",NA,"INP","Industri- og Næringspartiet",0,0
2021,"st","fylke","Telemark",NA,"KRISTNE","Partiet De Kristne",0,0
2021,"st","fylke","Telemark",NA,"LIBS","Liberalistene",0,0
2021,"st","fylke","Telemark",NA,"PIR","Piratpartiet",0,0
2021,"st","fylke","Telemark",NA,"PP","Pensjonistpartiet",0,0
2021,"st","fylke","Telemark",NA,"PS","Partiet Sentrum",0,0
2021,"st","fylke","Telemark",NA,"BLANKE","Blanke",0,0
2021,"st","fylke","Telemark",NA,"Andre","Andre",0,0
2021,"st","fylke","Telemark",NA,"Andre2","Andre2",0,0
2021,"st","fylke","Aust-Agder",NA,"A","Arbeiderpartiet",1,0
2021,"st","fylke","Aust-Agder",NA,"SV","SV - Sosialistisk Venstreparti",0,0
2021,"st","fylke","Aust-Agder",NA,"RØDT","Rødt",0,0
2021,"st","fylke","Aust-Agder",NA,"SP","Senterpartiet",1,1
2021,"st","fylke","Aust-Agder",NA,"KRF","Kristelig Folkeparti",0,-1
2021,"st","fylke","Aust-Agder",NA,"MDG","Miljøpartiet De Grønne",0,0
2021,"st","fylke","Aust-Agder",NA,"V","Venstre",0,0
2021,"st","fylke","Aust-Agder",NA,"H","Høyre",1,0
2021,"st","fylke","Aust-Agder",NA,"FRP","Fremskrittspartiet",1,0
2021,"st","fylke","Aust-Agder",NA,"AAN","Alliansen - Alternativ for Norge",0,0
2021,"st","fylke","Aust-Agder",NA,"DEMN","Demokratene",0,0
2021,"st","fylke","Aust-Agder",NA,"HELSE","Helsepartiet",0,0
2021,"st","fylke","Aust-Agder",NA,"INP","Industri- og Næringspartiet",0,0
2021,"st","fylke","Aust-Agder",NA,"KRISTNE","Partiet De Kristne",0,0
2021,"st","fylke","Aust-Agder",NA,"LIBS","Liberalistene",0,0
2021,"st","fylke","Aust-Agder",NA,"PIR","Piratpartiet",0,0
2021,"st","fylke","Aust-Agder",NA,"PP","Pensjonistpartiet",0,0
2021,"st","fylke","Aust-Agder",NA,"PS","Partiet Sentrum",0,0
2021,"st","fylke","Aust-Agder",NA,"BLANKE","Blanke",0,0
2021,"st","fylke","Aust-Agder",NA,"Andre","Andre",0,0
2021,"st","fylke","Aust-Agder",NA,"Andre2","Andre2",0,0
2021,"st","fylke","Vest-Agder",NA,"A","Arbeiderpartiet",1,0
2021,"st","fylke","Vest-Agder",NA,"SV","SV - Sosialistisk Venstreparti",0,0
2021,"st","fylke","Vest-Agder",NA,"RØDT","Rødt",0,0
2021,"st","fylke","Vest-Agder",NA,"SP","Senterpartiet",1,1
2021,"st","fylke","Vest-Agder",NA,"KRF","Kristelig Folkeparti",1,-1
2021,"st","fylke","Vest-Agder",NA,"MDG","Miljøpartiet De Grønne",0,0
2021,"st","fylke","Vest-Agder",NA,"V","Venstre",1,1
2021,"st","fylke","Vest-Agder",NA,"H","Høyre",1,-1
2021,"st","fylke","Vest-Agder",NA,"FRP","Fremskrittspartiet",1,0
2021,"st","fylke","Vest-Agder",NA,"AAN","Alliansen - Alternativ for Norge",0,0
2021,"st","fylke","Vest-Agder",NA,"DEMN","Demokratene",0,0
2021,"st","fylke","Vest-Agder",NA,"FNB","Folkeaksjonen Nei til mer bompenger",0,0
2021,"st","fylke","Vest-Agder",NA,"HELSE","Helsepartiet",0,0
2021,"st","fylke","Vest-Agder",NA,"INP","Industri- og Næringspartiet",0,0
2021,"st","fylke","Vest-Agder",NA,"KRISTNE","Partiet De Kristne",0,0
2021,"st","fylke","Vest-Agder",NA,"LIBS","Liberalistene",0,0
2021,"st","fylke","Vest-Agder",NA,"PIR","Piratpartiet",0,0
2021,"st","fylke","Vest-Agder",NA,"PP","Pensjonistpartiet",0,0
2021,"st","fylke","Vest-Agder",NA,"PS","Partiet Sentrum",0,0
2021,"st","fylke","Vest-Agder",NA,"BLANKE","Blanke",0,0
2021,"st","fylke","Vest-Agder",NA,"Andre","Andre",0,0
2021,"st","fylke","Vest-Agder",NA,"Andre2","Andre2",0,0
2021,"st","fylke","Rogaland",NA,"A","Arbeiderpartiet",3,-1
2021,"st","fylke","Rogaland",NA,"SV","SV - Sosialistisk Venstreparti",1,0
2021,"st","fylke","Rogaland",NA,"RØDT","Rødt",1,1
2021,"st","fylke","Rogaland",NA,"SP","Senterpartiet",2,1
2021,"st","fylke","Rogaland",NA,"KRF","Kristelig Folkeparti",1,0
2021,"st","fylke","Rogaland",NA,"MDG","Miljøpartiet De Grønne",0,0
2021,"st","fylke","Rogaland",NA,"V","Venstre",0,0
2021,"st","fylke","Rogaland",NA,"H","Høyre",4,0
2021,"st","fylke","Rogaland",NA,"FRP","Fremskrittspartiet",2,-1
2021,"st","fylke","Rogaland",NA,"AAN","Alliansen - Alternativ for Norge",0,0
2021,"st","fylke","Rogaland",NA,"DEMN","Demokratene",0,0
2021,"st","fylke","Rogaland",NA,"FNB","Folkeaksjonen Nei til mer bompenger",0,0
2021,"st","fylke","Rogaland",NA,"HELSE","Helsepartiet",0,0
2021,"st","fylke","Rogaland",NA,"INP","Industri- og Næringspartiet",0,0
2021,"st","fylke","Rogaland",NA,"KRISTNE","Partiet De Kristne",0,0
2021,"st","fylke","Rogaland",NA,"LIBS","Liberalistene",0,0
2021,"st","fylke","Rogaland",NA,"PIR","Piratpartiet",0,0
2021,"st","fylke","Rogaland",NA,"PP","Pensjonistpartiet",0,0
2021,"st","fylke","Rogaland",NA,"PS","Partiet Sentrum",0,0
2021,"st","fylke","Rogaland",NA,"BLANKE","Blanke",0,0
2021,"st","fylke","Rogaland",NA,"Andre","Andre",0,0
2021,"st","fylke","Rogaland",NA,"Andre2","Andre2",0,0
2021,"st","fylke","Hordaland",NA,"A","Arbeiderpartiet",4,0
2021,"st","fylke","Hordaland",NA,"SV","SV - Sosialistisk Venstreparti",1,0
2021,"st","fylke","Hordaland",NA,"RØDT","Rødt",1,1
2021,"st","fylke","Hordaland",NA,"SP","Senterpartiet",2,0
2021,"st","fylke","Hordaland",NA,"KRF","Kristelig Folkeparti",1,0
2021,"st","fylke","Hordaland",NA,"MDG","Miljøpartiet De Grønne",0,0
2021,"st","fylke","Hordaland",NA,"V","Venstre",1,0
2021,"st","fylke","Hordaland",NA,"H","Høyre",4,-1
2021,"st","fylke","Hordaland",NA,"FRP","Fremskrittspartiet",2,0
2021,"st","fylke","Hordaland",NA,"AAN","Alliansen - Alternativ for Norge",0,0
2021,"st","fylke","Hordaland",NA,"DEMN","Demokratene",0,0
2021,"st","fylke","Hordaland",NA,"FNB","Folkeaksjonen Nei til mer bompenger",0,0
2021,"st","fylke","Hordaland",NA,"HELSE","Helsepartiet",0,0
2021,"st","fylke","Hordaland",NA,"INP","Industri- og Næringspartiet",0,0
2021,"st","fylke","Hordaland",NA,"KRISTNE","Partiet De Kristne",0,0
2021,"st","fylke","Hordaland",NA,"KYST","Kystpartiet",0,0
2021,"st","fylke","Hordaland",NA,"LIBS","Liberalistene",0,0
2021,"st","fylke","Hordaland",NA,"NKP","Norges Kommunistiske Parti",0,0
2021,"st","fylke","Hordaland",NA,"PIR","Piratpartiet",0,0
2021,"st","fylke","Hordaland",NA,"PP","Pensjonistpartiet",0,0
2021,"st","fylke","Hordaland",NA,"PS","Partiet Sentrum",0,0
2021,"st","fylke","Hordaland",NA,"BLANKE","Blanke",0,0
2021,"st","fylke","Hordaland",NA,"GT","Generasjonspartiet",0,0
2021,"st","fylke","Hordaland",NA,"Andre","Andre",0,0
2021,"st","fylke","Hordaland",NA,"Andre2","Andre2",0,0
2021,"st","fylke","Sogn og Fjordane",NA,"A","Arbeiderpartiet",1,0
2021,"st","fylke","Sogn og Fjordane",NA,"SV","SV - Sosialistisk Venstreparti",0,0
2021,"st","fylke","Sogn og Fjordane",NA,"RØDT","Rødt",0,0
2021,"st","fylke","Sogn og Fjordane",NA,"SP","Senterpartiet",1,0
2021,"st","fylke","Sogn og Fjordane",NA,"KRF","Kristelig Folkeparti",0,-1
2021,"st","fylke","Sogn og Fjordane",NA,"MDG","Miljøpartiet De Grønne",0,0
2021,"st","fylke","Sogn og Fjordane",NA,"V","Venstre",1,1
2021,"st","fylke","Sogn og Fjordane",NA,"H","Høyre",1,0
2021,"st","fylke","Sogn og Fjordane",NA,"FRP","Fremskrittspartiet",0,0
2021,"st","fylke","Sogn og Fjordane",NA,"AAN","Alliansen - Alternativ for Norge",0,0
2021,"st","fylke","Sogn og Fjordane",NA,"DEMN","Demokratene",0,0
2021,"st","fylke","Sogn og Fjordane",NA,"HELSE","Helsepartiet",0,0
2021,"st","fylke","Sogn og Fjordane",NA,"INP","Industri- og Næringspartiet",0,0
2021,"st","fylke","Sogn og Fjordane",NA,"KRISTNE","Partiet De Kristne",0,0
2021,"st","fylke","Sogn og Fjordane",NA,"LIBS","Liberalistene",0,0
2021,"st","fylke","Sogn og Fjordane",NA,"PP","Pensjonistpartiet",0,0
2021,"st","fylke","Sogn og Fjordane",NA,"PS","Partiet Sentrum",0,0
2021,"st","fylke","Sogn og Fjordane",NA,"BLANKE","Blanke",0,0
2021,"st","fylke","Sogn og Fjordane",NA,"Andre","Andre",0,0
2021,"st","fylke","Sogn og Fjordane",NA,"Andre2","Andre2",0,0
2021,"st","fylke","Møre og Romsdal",NA,"A","Arbeiderpartiet",2,0
2021,"st","fylke","Møre og Romsdal",NA,"SV","SV - Sosialistisk Venstreparti",1,1
2021,"st","fylke","Møre og Romsdal",NA,"RØDT","Rødt",0,0
2021,"st","fylke","Møre og Romsdal",NA,"SP","Senterpartiet",2,1
2021,"st","fylke","Møre og Romsdal",NA,"KRF","Kristelig Folkeparti",0,-1
2021,"st","fylke","Møre og Romsdal",NA,"MDG","Miljøpartiet De Grønne",0,0
2021,"st","fylke","Møre og Romsdal",NA,"V","Venstre",0,0
2021,"st","fylke","Møre og Romsdal",NA,"H","Høyre",1,-2
2021,"st","fylke","Møre og Romsdal",NA,"FRP","Fremskrittspartiet",2,0
2021,"st","fylke","Møre og Romsdal",NA,"AAN","Alliansen - Alternativ for Norge",0,0
2021,"st","fylke","Møre og Romsdal",NA,"DEMN","Demokratene",0,0
2021,"st","fylke","Møre og Romsdal",NA,"FNB","Folkeaksjonen Nei til mer bompenger",0,0
2021,"st","fylke","Møre og Romsdal",NA,"HELSE","Helsepartiet",0,0
2021,"st","fylke","Møre og Romsdal",NA,"INP","Industri- og Næringspartiet",0,0
2021,"st","fylke","Møre og Romsdal",NA,"KRISTNE","Partiet De Kristne",0,0
2021,"st","fylke","Møre og Romsdal",NA,"LIBS","Liberalistene",0,0
2021,"st","fylke","Møre og Romsdal",NA,"PP","Pensjonistpartiet",0,0
2021,"st","fylke","Møre og Romsdal",NA,"PS","Partiet Sentrum",0,0
2021,"st","fylke","Møre og Romsdal",NA,"BLANKE","Blanke",0,0
2021,"st","fylke","Møre og Romsdal",NA,"Andre","Andre",0,0
2021,"st","fylke","Møre og Romsdal",NA,"Andre2","Andre2",0,0
2021,"st","fylke","Sør-Trøndelag",NA,"A","Arbeiderpartiet",3,-1
2021,"st","fylke","Sør-Trøndelag",NA,"SV","SV - Sosialistisk Venstreparti",1,0
2021,"st","fylke","Sør-Trøndelag",NA,"RØDT","Rødt",1,1
2021,"st","fylke","Sør-Trøndelag",NA,"SP","Senterpartiet",2,1
2021,"st","fylke","Sør-Trøndelag",NA,"KRF","Kristelig Folkeparti",0,0
2021,"st","fylke","Sør-Trøndelag",NA,"MDG","Miljøpartiet De Grønne",0,0
2021,"st","fylke","Sør-Trøndelag",NA,"V","Venstre",0,-1
2021,"st","fylke","Sør-Trøndelag",NA,"H","Høyre",2,0
2021,"st","fylke","Sør-Trøndelag",NA,"FRP","Fremskrittspartiet",1,0
2021,"st","fylke","Sør-Trøndelag",NA,"AAN","Alliansen - Alternativ for Norge",0,0
2021,"st","fylke","Sør-Trøndelag",NA,"DEMN","Demokratene",0,0
2021,"st","fylke","Sør-Trøndelag",NA,"HELSE","Helsepartiet",0,0
2021,"st","fylke","Sør-Trøndelag",NA,"INP","Industri- og Næringspartiet",0,0
2021,"st","fylke","Sør-Trøndelag",NA,"KRISTNE","Partiet De Kristne",0,0
2021,"st","fylke","Sør-Trøndelag",NA,"LIBS","Liberalistene",0,0
2021,"st","fylke","Sør-Trøndelag",NA,"NKP","Norges Kommunistiske Parti",0,0
2021,"st","fylke","Sør-Trøndelag",NA,"PIR","Piratpartiet",0,0
2021,"st","fylke","Sør-Trøndelag",NA,"PP","Pensjonistpartiet",0,0
2021,"st","fylke","Sør-Trøndelag",NA,"PS","Partiet Sentrum",0,0
2021,"st","fylke","Sør-Trøndelag",NA,"BLANKE","Blanke",0,0
2021,"st","fylke","Sør-Trøndelag",NA,"Andre","Andre",0,0
2021,"st","fylke","Sør-Trøndelag",NA,"Andre2","Andre2",0,0
2021,"st","fylke","Nord-Trøndelag",NA,"A","Arbeiderpartiet",2,0
2021,"st","fylke","Nord-Trøndelag",NA,"SV","SV - Sosialistisk Venstreparti",0,0
2021,"st","fylke","Nord-Trøndelag",NA,"RØDT","Rødt",0,0
2021,"st","fylke","Nord-Trøndelag",NA,"SP","Senterpartiet",2,1
2021,"st","fylke","Nord-Trøndelag",NA,"KRF","Kristelig Folkeparti",0,0
2021,"st","fylke","Nord-Trøndelag",NA,"MDG","Miljøpartiet De Grønne",0,0
2021,"st","fylke","Nord-Trøndelag",NA,"V","Venstre",1,0
2021,"st","fylke","Nord-Trøndelag",NA,"H","Høyre",0,-1
2021,"st","fylke","Nord-Trøndelag",NA,"FRP","Fremskrittspartiet",0,0
2021,"st","fylke","Nord-Trøndelag",NA,"AAN","Alliansen - Alternativ for Norge",0,0
2021,"st","fylke","Nord-Trøndelag",NA,"DEMN","Demokratene",0,0
2021,"st","fylke","Nord-Trøndelag",NA,"FNB","Folkeaksjonen Nei til mer bompenger",0,0
2021,"st","fylke","Nord-Trøndelag",NA,"HELSE","Helsepartiet",0,0
2021,"st","fylke","Nord-Trøndelag",NA,"INP","Industri- og Næringspartiet",0,0
2021,"st","fylke","Nord-Trøndelag",NA,"KRISTNE","Partiet De Kristne",0,0
2021,"st","fylke","Nord-Trøndelag",NA,"LIBS","Liberalistene",0,0
2021,"st","fylke","Nord-Trøndelag",NA,"PIR","Piratpartiet",0,0
2021,"st","fylke","Nord-Trøndelag",NA,"PP","Pensjonistpartiet",0,0
2021,"st","fylke","Nord-Trøndelag",NA,"PS","Partiet Sentrum",0,0
2021,"st","fylke","Nord-Trøndelag",NA,"BLANKE","Blanke",0,0
2021,"st","fylke","Nord-Trøndelag",NA,"Andre","Andre",0,0
2021,"st","fylke","Nord-Trøndelag",NA,"Andre2","Andre2",0,0
2021,"st","fylke","Nordland",NA,"A","Arbeiderpartiet",3,1
2021,"st","fylke","Nordland",NA,"SV","SV - Sosialistisk Venstreparti",1,0
2021,"st","fylke","Nordland",NA,"RØDT","Rødt",1,1
2021,"st","fylke","Nordland",NA,"SP","Senterpartiet",2,0
2021,"st","fylke","Nordland",NA,"KRF","Kristelig Folkeparti",0,0
2021,"st","fylke","Nordland",NA,"MDG","Miljøpartiet De Grønne",0,0
2021,"st","fylke","Nordland",NA,"V","Venstre",0,0
2021,"st","fylke","Nordland",NA,"H","Høyre",1,-1
2021,"st","fylke","Nordland",NA,"FRP","Fremskrittspartiet",1,-1
2021,"st","fylke","Nordland",NA,"AAN","Alliansen - Alternativ for Norge",0,0
2021,"st","fylke","Nordland",NA,"DEMN","Demokratene",0,0
2021,"st","fylke","Nordland",NA,"HELSE","Helsepartiet",0,0
2021,"st","fylke","Nordland",NA,"INP","Industri- og Næringspartiet",0,0
2021,"st","fylke","Nordland",NA,"KRISTNE","Partiet De Kristne",0,0
2021,"st","fylke","Nordland",NA,"LIBS","Liberalistene",0,0
2021,"st","fylke","Nordland",NA,"NKP","Norges Kommunistiske Parti",0,0
2021,"st","fylke","Nordland",NA,"PIR","Piratpartiet",0,0
2021,"st","fylke","Nordland",NA,"PP","Pensjonistpartiet",0,0
2021,"st","fylke","Nordland",NA,"PS","Partiet Sentrum",0,0
2021,"st","fylke","Nordland",NA,"BLANKE","Blanke",0,0
2021,"st","fylke","Nordland",NA,"Andre","Andre",0,0
2021,"st","fylke","Nordland",NA,"Andre2","Andre2",0,0
2021,"st","fylke","Troms Romsa",NA,"A","Arbeiderpartiet",2,0
2021,"st","fylke","Troms Romsa",NA,"SV","SV - Sosialistisk Venstreparti",1,0
2021,"st","fylke","Troms Romsa",NA,"RØDT","Rødt",0,0
2021,"st","fylke","Troms Romsa",NA,"SP","Senterpartiet",1,0
2021,"st","fylke","Troms Romsa",NA,"KRF","Kristelig Folkeparti",0,0
2021,"st","fylke","Troms Romsa",NA,"MDG","Miljøpartiet De Grønne",0,0
2021,"st","fylke","Troms Romsa",NA,"V","Venstre",0,0
2021,"st","fylke","Troms Romsa",NA,"H","Høyre",1,0
2021,"st","fylke","Troms Romsa",NA,"FRP","Fremskrittspartiet",1,0
2021,"st","fylke","Troms Romsa",NA,"AAN","Alliansen - Alternativ for Norge",0,0
2021,"st","fylke","Troms Romsa",NA,"DEMN","Demokratene",0,0
2021,"st","fylke","Troms Romsa",NA,"FNB","Folkeaksjonen Nei til mer bompenger",0,0
2021,"st","fylke","Troms Romsa",NA,"HELSE","Helsepartiet",0,0
2021,"st","fylke","Troms Romsa",NA,"INP","Industri- og Næringspartiet",0,0
2021,"st","fylke","Troms Romsa",NA,"KRISTNE","Partiet De Kristne",0,0
2021,"st","fylke","Troms Romsa",NA,"LIBS","Liberalistene",0,0
2021,"st","fylke","Troms Romsa",NA,"PIR","Piratpartiet",0,0
2021,"st","fylke","Troms Romsa",NA,"PS","Partiet Sentrum",0,0
2021,"st","fylke","Troms Romsa",NA,"BLANKE","Blanke",0,0
2021,"st","fylke","Troms Romsa",NA,"Andre","Andre",0,0
2021,"st","fylke","Troms Romsa",NA,"Andre2","Andre2",0,0
2021,"st","fylke","Finnmark Finnmárku",NA,"A","Arbeiderpartiet",2,0
2021,"st","fylke","Finnmark Finnmárku",NA,"SV","SV - Sosialistisk Venstreparti",0,0
2021,"st","fylke","Finnmark Finnmárku",NA,"RØDT","Rødt",0,0
2021,"st","fylke","Finnmark Finnmárku",NA,"SP","Senterpartiet",1,0
2021,"st","fylke","Finnmark Finnmárku",NA,"KRF","Kristelig Folkeparti",0,0
2021,"st","fylke","Finnmark Finnmárku",NA,"MDG","Miljøpartiet De Grønne",0,0
2021,"st","fylke","Finnmark Finnmárku",NA,"V","Venstre",0,0
2021,"st","fylke","Finnmark Finnmárku",NA,"H","Høyre",0,-1
2021,"st","fylke","Finnmark Finnmárku",NA,"FRP","Fremskrittspartiet",1,0
2021,"st","fylke","Finnmark Finnmárku",NA,"AAN","Alliansen - Alternativ for Norge",0,0
2021,"st","fylke","Finnmark Finnmárku",NA,"DEMN","Demokratene",0,0
2021,"st","fylke","Finnmark Finnmárku",NA,"HELSE","Helsepartiet",0,0
2021,"st","fylke","Finnmark Finnmárku",NA,"INP","Industri- og Næringspartiet",0,0
2021,"st","fylke","Finnmark Finnmárku",NA,"KRISTNE","Partiet De Kristne",0,0
2021,"st","fylke","Finnmark Finnmárku",NA,"LIBS","Liberalistene",0,0
2021,"st","fylke","Finnmark Finnmárku",NA,"PS","Partiet Sentrum",0,0
2021,"st","fylke","Finnmark Finnmárku",NA,"BLANKE","Blanke",0,0
2021,"st","fylke","Finnmark Finnmárku",NA,"PF","Pasientfokus",1,1
2021,"st","fylke","Finnmark Finnmárku",NA,"Andre","Andre",1,1
2021,"st","fylke","Finnmark Finnmárku",NA,"Andre2","Andre2",0,0
