"aar","valgtype","sted_type","sted_navn","overordnet_navn","parti_kode","parti_navn","mandater_antall","mandater_endring"
"2023","ko","kommune","Oslo","Oslo","A","Arbeiderpartiet",11,-1
"2023","ko","kommune","Oslo","Oslo","SV","SV - Sosialistisk Venstreparti",6,0
"2023","ko","kommune","Oslo","Oslo","RØDT","Rødt",4,0
"2023","ko","kommune","Oslo","Oslo","SP","Senterpartiet",0,-1
"2023","ko","kommune","Oslo","Oslo","KRF","Kristelig Folkeparti",1,0
"2023","ko","kommune","Oslo","Oslo","MDG","Miljøpartiet De Grønne",6,-3
"2023","ko","kommune","Oslo","Oslo","V","Venstre",6,2
"2023","ko","kommune","Oslo","Oslo","H","Høyre",20,5
"2023","ko","kommune","Oslo","Oslo","FRP","Fremskrittspartiet",4,1
"2023","ko","kommune","Oslo","Oslo","AAN","Alliansen - Alternativ for Norge",0,0
"2023","ko","kommune","Oslo","Oslo","DEMN","Norgesdemokratene",0,0
"2023","ko","kommune","Oslo","Oslo","FNB","Folkets Parti",0,-4
"2023","ko","kommune","Oslo","Oslo","INP","Industri- og Næringspartiet",0,0
"2023","ko","kommune","Oslo","Oslo","KRISTNE","Konservativt",0,0
"2023","ko","kommune","Oslo","Oslo","KYST","Kystpartiet",0,0
"2023","ko","kommune","Oslo","Oslo","LIBS","Liberalistene",0,0
"2023","ko","kommune","Oslo","Oslo","NKP","Norges Kommunistiske Parti",0,0
"2023","ko","kommune","Oslo","Oslo","PP","Pensjonistpartiet",0,0
"2023","ko","kommune","Oslo","Oslo","PS","Partiet Sentrum",1,1
"2023","ko","kommune","Oslo","Oslo","BLANKE","Blanke",0,0
"2023","ko","kommune","Oslo","Oslo","FSL","Folkestyret-listen",0,0
"2023","ko","kommune","Oslo","Oslo","PMB","Partiet Mot Bompenger",0,0
"2023","ko","kommune","Oslo","Oslo","Andre","Andre",1,-3
"2023","ko","kommune","Oslo","Oslo","Andre2","Andre2",0,0
"2023","ko","kommune","Eigersund","Rogaland","A","Arbeiderpartiet",8,-2
"2023","ko","kommune","Eigersund","Rogaland","SV","SV - Sosialistisk Venstreparti",1,-1
"2023","ko","kommune","Eigersund","Rogaland","RØDT","Rødt",0,0
"2023","ko","kommune","Eigersund","Rogaland","SP","Senterpartiet",2,-2
"2023","ko","kommune","Eigersund","Rogaland","KRF","Kristelig Folkeparti",3,0
"2023","ko","kommune","Eigersund","Rogaland","MDG","Miljøpartiet De Grønne",0,0
"2023","ko","kommune","Eigersund","Rogaland","V","Venstre",1,0
"2023","ko","kommune","Eigersund","Rogaland","H","Høyre",7,2
"2023","ko","kommune","Eigersund","Rogaland","FRP","Fremskrittspartiet",7,1
"2023","ko","kommune","Eigersund","Rogaland","INP","Industri- og Næringspartiet",2,2
"2023","ko","kommune","Eigersund","Rogaland","PP","Pensjonistpartiet",0,0
"2023","ko","kommune","Eigersund","Rogaland","BLANKE","Blanke",0,0
"2023","ko","kommune","Eigersund","Rogaland","Andre","Andre",2,2
"2023","ko","kommune","Eigersund","Rogaland","Andre2","Andre2",0,0
"2023","ko","kommune","Stavanger","Rogaland","A","Arbeiderpartiet",22,4
"2023","ko","kommune","Stavanger","Rogaland","SV","SV - Sosialistisk Venstreparti",3,0
"2023","ko","kommune","Stavanger","Rogaland","RØDT","Rødt",3,-1
"2023","ko","kommune","Stavanger","Rogaland","SP","Senterpartiet",1,-2
"2023","ko","kommune","Stavanger","Rogaland","KRF","Kristelig Folkeparti",3,0
"2023","ko","kommune","Stavanger","Rogaland","MDG","Miljøpartiet De Grønne",2,-2
"2023","ko","kommune","Stavanger","Rogaland","V","Venstre",3,0
"2023","ko","kommune","Stavanger","Rogaland","H","Høyre",21,5
"2023","ko","kommune","Stavanger","Rogaland","FRP","Fremskrittspartiet",6,0
"2023","ko","kommune","Stavanger","Rogaland","DEMN","Norgesdemokratene",0,0
"2023","ko","kommune","Stavanger","Rogaland","FNB","Folkets Parti",0,-6
"2023","ko","kommune","Stavanger","Rogaland","INP","Industri- og Næringspartiet",2,2
"2023","ko","kommune","Stavanger","Rogaland","KRISTNE","Konservativt",0,0
"2023","ko","kommune","Stavanger","Rogaland","LIBS","Liberalistene",0,0
"2023","ko","kommune","Stavanger","Rogaland","PP","Pensjonistpartiet",1,0
"2023","ko","kommune","Stavanger","Rogaland","PS","Partiet Sentrum",0,0
"2023","ko","kommune","Stavanger","Rogaland","BLANKE","Blanke",0,0
"2023","ko","kommune","Stavanger","Rogaland","FOLKE","Folkestyret- listen",0,0
"2023","ko","kommune","Stavanger","Rogaland","Andre","Andre",3,-4
"2023","ko","kommune","Stavanger","Rogaland","Andre2","Andre2",0,0
"2023","ko","kommune","Haugesund","Rogaland","A","Arbeiderpartiet",11,-4
"2023","ko","kommune","Haugesund","Rogaland","SV","SV - Sosialistisk Venstreparti",4,1
"2023","ko","kommune","Haugesund","Rogaland","RØDT","Rødt",1,0
"2023","ko","kommune","Haugesund","Rogaland","SP","Senterpartiet",1,-1
"2023","ko","kommune","Haugesund","Rogaland","KRF","Kristelig Folkeparti",2,0
"2023","ko","kommune","Haugesund","Rogaland","MDG","Miljøpartiet De Grønne",1,-2
"2023","ko","kommune","Haugesund","Rogaland","V","Venstre",2,1
"2023","ko","kommune","Haugesund","Rogaland","H","Høyre",15,1
"2023","ko","kommune","Haugesund","Rogaland","FRP","Fremskrittspartiet",7,1
"2023","ko","kommune","Haugesund","Rogaland","DEMN","Norgesdemokratene",0,0
"2023","ko","kommune","Haugesund","Rogaland","INP","Industri- og Næringspartiet",3,3
"2023","ko","kommune","Haugesund","Rogaland","KRISTNE","Konservativt",0,0
"2023","ko","kommune","Haugesund","Rogaland","LIBS","Liberalistene",0,0
"2023","ko","kommune","Haugesund","Rogaland","PP","Pensjonistpartiet",2,0
"2023","ko","kommune","Haugesund","Rogaland","BLANKE","Blanke",0,0
"2023","ko","kommune","Haugesund","Rogaland","Andre","Andre",5,3
"2023","ko","kommune","Haugesund","Rogaland","Andre2","Andre2",0,0
"2023","ko","kommune","Sandnes","Rogaland","A","Arbeiderpartiet",8,-5
"2023","ko","kommune","Sandnes","Rogaland","SV","SV - Sosialistisk Venstreparti",3,1
"2023","ko","kommune","Sandnes","Rogaland","RØDT","Rødt",1,0
"2023","ko","kommune","Sandnes","Rogaland","SP","Senterpartiet",2,-1
"2023","ko","kommune","Sandnes","Rogaland","KRF","Kristelig Folkeparti",4,0
"2023","ko","kommune","Sandnes","Rogaland","MDG","Miljøpartiet De Grønne",1,-2
"2023","ko","kommune","Sandnes","Rogaland","V","Venstre",2,1
"2023","ko","kommune","Sandnes","Rogaland","H","Høyre",13,5
"2023","ko","kommune","Sandnes","Rogaland","FRP","Fremskrittspartiet",12,3
"2023","ko","kommune","Sandnes","Rogaland","DEMN","Norgesdemokratene",0,0
"2023","ko","kommune","Sandnes","Rogaland","FNB","Folkets Parti",0,-5
"2023","ko","kommune","Sandnes","Rogaland","INP","Industri- og Næringspartiet",2,2
"2023","ko","kommune","Sandnes","Rogaland","KRISTNE","Konservativt",0,0
"2023","ko","kommune","Sandnes","Rogaland","LIBS","Liberalistene",0,0
"2023","ko","kommune","Sandnes","Rogaland","PP","Pensjonistpartiet",1,1
"2023","ko","kommune","Sandnes","Rogaland","PS","Partiet Sentrum",0,0
"2023","ko","kommune","Sandnes","Rogaland","BLANKE","Blanke",0,0
"2023","ko","kommune","Sandnes","Rogaland","Andre","Andre",3,-2
"2023","ko","kommune","Sandnes","Rogaland","Andre2","Andre2",0,0
"2023","ko","kommune","Sokndal","Rogaland","A","Arbeiderpartiet",4,-1
"2023","ko","kommune","Sokndal","Rogaland","RØDT","Rødt",1,1
"2023","ko","kommune","Sokndal","Rogaland","SP","Senterpartiet",3,0
"2023","ko","kommune","Sokndal","Rogaland","KRF","Kristelig Folkeparti",6,1
"2023","ko","kommune","Sokndal","Rogaland","V","Venstre",2,1
"2023","ko","kommune","Sokndal","Rogaland","H","Høyre",2,0
"2023","ko","kommune","Sokndal","Rogaland","FRP","Fremskrittspartiet",3,1
"2023","ko","kommune","Sokndal","Rogaland","BLANKE","Blanke",0,0
"2023","ko","kommune","Sokndal","Rogaland","Andre","Andre",0,0
"2023","ko","kommune","Sokndal","Rogaland","Andre2","Andre2",0,-3
"2023","ko","kommune","Lund","Rogaland","A","Arbeiderpartiet",3,-1
"2023","ko","kommune","Lund","Rogaland","SP","Senterpartiet",4,-1
"2023","ko","kommune","Lund","Rogaland","KRF","Kristelig Folkeparti",6,2
"2023","ko","kommune","Lund","Rogaland","V","Venstre",0,-1
"2023","ko","kommune","Lund","Rogaland","H","Høyre",5,1
"2023","ko","kommune","Lund","Rogaland","FRP","Fremskrittspartiet",3,0
"2023","ko","kommune","Lund","Rogaland","BLANKE","Blanke",0,0
"2023","ko","kommune","Lund","Rogaland","Andre","Andre",0,0
"2023","ko","kommune","Lund","Rogaland","Andre2","Andre2",0,0
"2023","ko","kommune","Bjerkreim","Rogaland","A","Arbeiderpartiet",2,0
"2023","ko","kommune","Bjerkreim","Rogaland","SP","Senterpartiet",3,-3
"2023","ko","kommune","Bjerkreim","Rogaland","KRF","Kristelig Folkeparti",4,0
"2023","ko","kommune","Bjerkreim","Rogaland","H","Høyre",4,0
"2023","ko","kommune","Bjerkreim","Rogaland","FRP","Fremskrittspartiet",1,1
"2023","ko","kommune","Bjerkreim","Rogaland","BJBYGD","Bjerkreim Bygdeliste",3,3
"2023","ko","kommune","Bjerkreim","Rogaland","BJLISTA","Bjerkreimlista",0,0
"2023","ko","kommune","Bjerkreim","Rogaland","BLANKE","Blanke",0,0
"2023","ko","kommune","Bjerkreim","Rogaland","Andre","Andre",3,3
"2023","ko","kommune","Bjerkreim","Rogaland","Andre2","Andre2",0,-1
"2023","ko","kommune","Hå","Rogaland","A","Arbeiderpartiet",2,-1
"2023","ko","kommune","Hå","Rogaland","SV","SV - Sosialistisk Venstreparti",1,0
"2023","ko","kommune","Hå","Rogaland","RØDT","Rødt",0,0
"2023","ko","kommune","Hå","Rogaland","SP","Senterpartiet",3,-2
"2023","ko","kommune","Hå","Rogaland","KRF","Kristelig Folkeparti",8,1
"2023","ko","kommune","Hå","Rogaland","V","Venstre",0,0
"2023","ko","kommune","Hå","Rogaland","H","Høyre",7,2
"2023","ko","kommune","Hå","Rogaland","FRP","Fremskrittspartiet",6,3
"2023","ko","kommune","Hå","Rogaland","INP","Industri- og Næringspartiet",1,1
"2023","ko","kommune","Hå","Rogaland","KRISTNE","Konservativt",1,1
"2023","ko","kommune","Hå","Rogaland","LIBS","Liberalistene",0,0
"2023","ko","kommune","Hå","Rogaland","BLANKE","Blanke",0,0
"2023","ko","kommune","Hå","Rogaland","HL","Hå-lista",4,-5
"2023","ko","kommune","Hå","Rogaland","Andre","Andre",6,-3
"2023","ko","kommune","Hå","Rogaland","Andre2","Andre2",0,0
"2023","ko","kommune","Klepp","Rogaland","A","Arbeiderpartiet",3,-1
"2023","ko","kommune","Klepp","Rogaland","SV","SV - Sosialistisk Venstreparti",1,0
"2023","ko","kommune","Klepp","Rogaland","RØDT","Rødt",0,0
"2023","ko","kommune","Klepp","Rogaland","SP","Senterpartiet",3,-2
"2023","ko","kommune","Klepp","Rogaland","KRF","Kristelig Folkeparti",4,0
"2023","ko","kommune","Klepp","Rogaland","MDG","Miljøpartiet De Grønne",0,-1
"2023","ko","kommune","Klepp","Rogaland","V","Venstre",2,2
"2023","ko","kommune","Klepp","Rogaland","H","Høyre",7,0
"2023","ko","kommune","Klepp","Rogaland","FRP","Fremskrittspartiet",9,2
"2023","ko","kommune","Klepp","Rogaland","DEMN","Norgesdemokratene",0,0
"2023","ko","kommune","Klepp","Rogaland","INP","Industri- og Næringspartiet",2,2
"2023","ko","kommune","Klepp","Rogaland","LIBS","Liberalistene",0,0
"2023","ko","kommune","Klepp","Rogaland","BLANKE","Blanke",0,0
"2023","ko","kommune","Klepp","Rogaland","Andre","Andre",2,2
"2023","ko","kommune","Klepp","Rogaland","Andre2","Andre2",0,-2
"2023","ko","kommune","Time","Rogaland","A","Arbeiderpartiet",3,-2
"2023","ko","kommune","Time","Rogaland","SV","SV - Sosialistisk Venstreparti",2,0
"2023","ko","kommune","Time","Rogaland","RØDT","Rødt",0,0
"2023","ko","kommune","Time","Rogaland","SP","Senterpartiet",4,-1
"2023","ko","kommune","Time","Rogaland","KRF","Kristelig Folkeparti",3,0
"2023","ko","kommune","Time","Rogaland","MDG","Miljøpartiet De Grønne",0,-1
"2023","ko","kommune","Time","Rogaland","V","Venstre",1,0
"2023","ko","kommune","Time","Rogaland","H","Høyre",10,3
"2023","ko","kommune","Time","Rogaland","FRP","Fremskrittspartiet",3,0
"2023","ko","kommune","Time","Rogaland","DEMN","Norgesdemokratene",0,0
"2023","ko","kommune","Time","Rogaland","INP","Industri- og Næringspartiet",1,1
"2023","ko","kommune","Time","Rogaland","LIBS","Liberalistene",0,0
"2023","ko","kommune","Time","Rogaland","BLANKE","Blanke",0,0
"2023","ko","kommune","Time","Rogaland","Andre","Andre",1,1
"2023","ko","kommune","Time","Rogaland","Andre2","Andre2",0,0
"2023","ko","kommune","Gjesdal","Rogaland","A","Arbeiderpartiet",7,-3
"2023","ko","kommune","Gjesdal","Rogaland","SV","SV - Sosialistisk Venstreparti",1,0
"2023","ko","kommune","Gjesdal","Rogaland","RØDT","Rødt",0,0
"2023","ko","kommune","Gjesdal","Rogaland","SP","Senterpartiet",3,-1
"2023","ko","kommune","Gjesdal","Rogaland","KRF","Kristelig Folkeparti",4,0
"2023","ko","kommune","Gjesdal","Rogaland","MDG","Miljøpartiet De Grønne",0,-1
"2023","ko","kommune","Gjesdal","Rogaland","V","Venstre",0,0
"2023","ko","kommune","Gjesdal","Rogaland","H","Høyre",6,3
"2023","ko","kommune","Gjesdal","Rogaland","FRP","Fremskrittspartiet",4,0
"2023","ko","kommune","Gjesdal","Rogaland","INP","Industri- og Næringspartiet",2,2
"2023","ko","kommune","Gjesdal","Rogaland","BLANKE","Blanke",0,0
"2023","ko","kommune","Gjesdal","Rogaland","Andre","Andre",2,2
"2023","ko","kommune","Gjesdal","Rogaland","Andre2","Andre2",0,0
"2023","ko","kommune","Sola","Rogaland","A","Arbeiderpartiet",5,-2
"2023","ko","kommune","Sola","Rogaland","SV","SV - Sosialistisk Venstreparti",2,0
"2023","ko","kommune","Sola","Rogaland","RØDT","Rødt",1,1
"2023","ko","kommune","Sola","Rogaland","SP","Senterpartiet",2,-2
"2023","ko","kommune","Sola","Rogaland","KRF","Kristelig Folkeparti",3,0
"2023","ko","kommune","Sola","Rogaland","MDG","Miljøpartiet De Grønne",1,0
"2023","ko","kommune","Sola","Rogaland","V","Venstre",1,0
"2023","ko","kommune","Sola","Rogaland","H","Høyre",15,3
"2023","ko","kommune","Sola","Rogaland","FRP","Fremskrittspartiet",9,2
"2023","ko","kommune","Sola","Rogaland","FNB","Folkets Parti",0,-4
"2023","ko","kommune","Sola","Rogaland","INP","Industri- og Næringspartiet",2,2
"2023","ko","kommune","Sola","Rogaland","LIBS","Liberalistene",0,0
"2023","ko","kommune","Sola","Rogaland","PS","Partiet Sentrum",0,0
"2023","ko","kommune","Sola","Rogaland","BLANKE","Blanke",0,0
"2023","ko","kommune","Sola","Rogaland","Andre","Andre",2,-2
"2023","ko","kommune","Sola","Rogaland","Andre2","Andre2",0,0
"2023","ko","kommune","Randaberg","Rogaland","A","Arbeiderpartiet",4,-3
"2023","ko","kommune","Randaberg","Rogaland","SV","SV - Sosialistisk Venstreparti",1,0
"2023","ko","kommune","Randaberg","Rogaland","RØDT","Rødt",0,0
"2023","ko","kommune","Randaberg","Rogaland","SP","Senterpartiet",6,2
"2023","ko","kommune","Randaberg","Rogaland","KRF","Kristelig Folkeparti",3,0
"2023","ko","kommune","Randaberg","Rogaland","MDG","Miljøpartiet De Grønne",0,-1
"2023","ko","kommune","Randaberg","Rogaland","V","Venstre",2,1
"2023","ko","kommune","Randaberg","Rogaland","H","Høyre",6,0
"2023","ko","kommune","Randaberg","Rogaland","FRP","Fremskrittspartiet",4,0
"2023","ko","kommune","Randaberg","Rogaland","INP","Industri- og Næringspartiet",1,1
"2023","ko","kommune","Randaberg","Rogaland","BLANKE","Blanke",0,0
"2023","ko","kommune","Randaberg","Rogaland","Andre","Andre",1,1
"2023","ko","kommune","Randaberg","Rogaland","Andre2","Andre2",0,0
"2023","ko","kommune","Strand","Rogaland","A","Arbeiderpartiet",4,0
"2023","ko","kommune","Strand","Rogaland","SV","SV - Sosialistisk Venstreparti",1,0
"2023","ko","kommune","Strand","Rogaland","RØDT","Rødt",1,0
"2023","ko","kommune","Strand","Rogaland","SP","Senterpartiet",3,-1
"2023","ko","kommune","Strand","Rogaland","KRF","Kristelig Folkeparti",4,0
"2023","ko","kommune","Strand","Rogaland","MDG","Miljøpartiet De Grønne",0,-1
"2023","ko","kommune","Strand","Rogaland","V","Venstre",1,0
"2023","ko","kommune","Strand","Rogaland","H","Høyre",9,-1
"2023","ko","kommune","Strand","Rogaland","FRP","Fremskrittspartiet",3,1
"2023","ko","kommune","Strand","Rogaland","INP","Industri- og Næringspartiet",3,3
"2023","ko","kommune","Strand","Rogaland","BLANKE","Blanke",0,0
"2023","ko","kommune","Strand","Rogaland","Andre","Andre",3,3
"2023","ko","kommune","Strand","Rogaland","Andre2","Andre2",0,-1
"2023","ko","kommune","Hjelmeland","Rogaland","A","Arbeiderpartiet",2,0
"2023","ko","kommune","Hjelmeland","Rogaland","SV","SV - Sosialistisk Venstreparti",1,0
"2023","ko","kommune","Hjelmeland","Rogaland","SP","Senterpartiet",9,0
"2023","ko","kommune","Hjelmeland","Rogaland","KRF","Kristelig Folkeparti",2,0
"2023","ko","kommune","Hjelmeland","Rogaland","MDG","Miljøpartiet De Grønne",0,-1
"2023","ko","kommune","Hjelmeland","Rogaland","H","Høyre",5,1
"2023","ko","kommune","Hjelmeland","Rogaland","BLANKE","Blanke",0,0
"2023","ko","kommune","Hjelmeland","Rogaland","Andre","Andre",0,0
"2023","ko","kommune","Hjelmeland","Rogaland","Andre2","Andre2",0,0
"2023","ko","kommune","Suldal","Rogaland","A","Arbeiderpartiet",6,3
"2023","ko","kommune","Suldal","Rogaland","SV","SV - Sosialistisk Venstreparti",1,0
"2023","ko","kommune","Suldal","Rogaland","RØDT","Rødt",0,0
"2023","ko","kommune","Suldal","Rogaland","SP","Senterpartiet",6,-2
"2023","ko","kommune","Suldal","Rogaland","KRF","Kristelig Folkeparti",2,-1
"2023","ko","kommune","Suldal","Rogaland","MDG","Miljøpartiet De Grønne",0,-1
"2023","ko","kommune","Suldal","Rogaland","V","Venstre",2,1
"2023","ko","kommune","Suldal","Rogaland","H","Høyre",2,0
"2023","ko","kommune","Suldal","Rogaland","BLANKE","Blanke",0,0
"2023","ko","kommune","Suldal","Rogaland","Andre","Andre",0,0
"2023","ko","kommune","Suldal","Rogaland","Andre2","Andre2",0,0
"2023","ko","kommune","Sauda","Rogaland","A","Arbeiderpartiet",5,1
"2023","ko","kommune","Sauda","Rogaland","SV","SV - Sosialistisk Venstreparti",1,0
"2023","ko","kommune","Sauda","Rogaland","RØDT","Rødt",2,2
"2023","ko","kommune","Sauda","Rogaland","SP","Senterpartiet",5,-6
"2023","ko","kommune","Sauda","Rogaland","KRF","Kristelig Folkeparti",1,0
"2023","ko","kommune","Sauda","Rogaland","H","Høyre",5,3
"2023","ko","kommune","Sauda","Rogaland","BLANKE","Blanke",0,0
"2023","ko","kommune","Sauda","Rogaland","Andre","Andre",0,0
"2023","ko","kommune","Sauda","Rogaland","Andre2","Andre2",0,0
"2023","ko","kommune","Kvitsøy","Rogaland","H","Høyre",4,4
"2023","ko","kommune","Kvitsøy","Rogaland","FRP","Fremskrittspartiet",1,-2
"2023","ko","kommune","Kvitsøy","Rogaland","BLANKE","Blanke",0,0
"2023","ko","kommune","Kvitsøy","Rogaland","BYGKV","Bygdelisten",5,5
"2023","ko","kommune","Kvitsøy","Rogaland","KRFTP","KrF/Tverrpolitisk",5,5
"2023","ko","kommune","Kvitsøy","Rogaland","Andre","Andre",10,10
"2023","ko","kommune","Kvitsøy","Rogaland","Andre2","Andre2",0,-12
"2023","ko","kommune","Bokn","Rogaland","A","Arbeiderpartiet",4,-1
"2023","ko","kommune","Bokn","Rogaland","SP","Senterpartiet",6,-1
"2023","ko","kommune","Bokn","Rogaland","KRF","Kristelig Folkeparti",1,0
"2023","ko","kommune","Bokn","Rogaland","H","Høyre",6,2
"2023","ko","kommune","Bokn","Rogaland","BLANKE","Blanke",0,0
"2023","ko","kommune","Bokn","Rogaland","Andre","Andre",0,0
"2023","ko","kommune","Bokn","Rogaland","Andre2","Andre2",0,0
"2023","ko","kommune","Tysvær","Rogaland","A","Arbeiderpartiet",5,-4
"2023","ko","kommune","Tysvær","Rogaland","SV","SV - Sosialistisk Venstreparti",1,0
"2023","ko","kommune","Tysvær","Rogaland","RØDT","Rødt",0,0
"2023","ko","kommune","Tysvær","Rogaland","SP","Senterpartiet",4,-2
"2023","ko","kommune","Tysvær","Rogaland","KRF","Kristelig Folkeparti",3,0
"2023","ko","kommune","Tysvær","Rogaland","MDG","Miljøpartiet De Grønne",0,0
"2023","ko","kommune","Tysvær","Rogaland","V","Venstre",1,0
"2023","ko","kommune","Tysvær","Rogaland","H","Høyre",6,0
"2023","ko","kommune","Tysvær","Rogaland","FRP","Fremskrittspartiet",5,2
"2023","ko","kommune","Tysvær","Rogaland","DEMN","Norgesdemokratene",1,1
"2023","ko","kommune","Tysvær","Rogaland","INP","Industri- og Næringspartiet",3,3
"2023","ko","kommune","Tysvær","Rogaland","BLANKE","Blanke",0,0
"2023","ko","kommune","Tysvær","Rogaland","Andre","Andre",4,4
"2023","ko","kommune","Tysvær","Rogaland","Andre2","Andre2",0,0
"2023","ko","kommune","Karmøy","Rogaland","A","Arbeiderpartiet",7,-3
"2023","ko","kommune","Karmøy","Rogaland","SV","SV - Sosialistisk Venstreparti",2,0
"2023","ko","kommune","Karmøy","Rogaland","RØDT","Rødt",1,1
"2023","ko","kommune","Karmøy","Rogaland","SP","Senterpartiet",2,-2
"2023","ko","kommune","Karmøy","Rogaland","KRF","Kristelig Folkeparti",5,0
"2023","ko","kommune","Karmøy","Rogaland","MDG","Miljøpartiet De Grønne",1,-1
"2023","ko","kommune","Karmøy","Rogaland","V","Venstre",1,0
"2023","ko","kommune","Karmøy","Rogaland","H","Høyre",6,-3
"2023","ko","kommune","Karmøy","Rogaland","FRP","Fremskrittspartiet",9,3
"2023","ko","kommune","Karmøy","Rogaland","DEMN","Norgesdemokratene",0,0
"2023","ko","kommune","Karmøy","Rogaland","INP","Industri- og Næringspartiet",4,4
"2023","ko","kommune","Karmøy","Rogaland","KRISTNE","Konservativt",0,0
"2023","ko","kommune","Karmøy","Rogaland","LIBS","Liberalistene",0,0
"2023","ko","kommune","Karmøy","Rogaland","BLANKE","Blanke",0,0
"2023","ko","kommune","Karmøy","Rogaland","KARLI","Karmøylista",7,1
"2023","ko","kommune","Karmøy","Rogaland","Andre","Andre",11,5
"2023","ko","kommune","Karmøy","Rogaland","Andre2","Andre2",0,0
"2023","ko","kommune","Utsira","Rogaland","BLANKE","Blanke",0,0
"2023","ko","kommune","Utsira","Rogaland","UL","Utsiralista",8,8
"2023","ko","kommune","Utsira","Rogaland","UTB","Utsira Bygdeliste",3,3
"2023","ko","kommune","Utsira","Rogaland","Andre","Andre",11,11
"2023","ko","kommune","Utsira","Rogaland","Andre2","Andre2",0,-11
"2023","ko","kommune","Vindafjord","Rogaland","A","Arbeiderpartiet",2,-1
"2023","ko","kommune","Vindafjord","Rogaland","SV","SV - Sosialistisk Venstreparti",1,0
"2023","ko","kommune","Vindafjord","Rogaland","SP","Senterpartiet",8,-1
"2023","ko","kommune","Vindafjord","Rogaland","KRF","Kristelig Folkeparti",3,0
"2023","ko","kommune","Vindafjord","Rogaland","H","Høyre",5,0
"2023","ko","kommune","Vindafjord","Rogaland","FRP","Fremskrittspartiet",3,1
"2023","ko","kommune","Vindafjord","Rogaland","DEMN","Norgesdemokratene",0,0
"2023","ko","kommune","Vindafjord","Rogaland","BLANKE","Blanke",0,0
"2023","ko","kommune","Vindafjord","Rogaland","VILI","Vindafjordlista",3,3
"2023","ko","kommune","Vindafjord","Rogaland","Andre","Andre",3,3
"2023","ko","kommune","Vindafjord","Rogaland","Andre2","Andre2",0,-2
"2023","ko","kommune","Kristiansund","Møre og Romsdal","A","Arbeiderpartiet",10,-6
"2023","ko","kommune","Kristiansund","Møre og Romsdal","SV","SV - Sosialistisk Venstreparti",2,1
"2023","ko","kommune","Kristiansund","Møre og Romsdal","RØDT","Rødt",3,-1
"2023","ko","kommune","Kristiansund","Møre og Romsdal","SP","Senterpartiet",3,-5
"2023","ko","kommune","Kristiansund","Møre og Romsdal","MDG","Miljøpartiet De Grønne",1,-1
"2023","ko","kommune","Kristiansund","Møre og Romsdal","V","Venstre",10,8
"2023","ko","kommune","Kristiansund","Møre og Romsdal","H","Høyre",3,1
"2023","ko","kommune","Kristiansund","Møre og Romsdal","FRP","Fremskrittspartiet",5,3
"2023","ko","kommune","Kristiansund","Møre og Romsdal","INP","Industri- og Næringspartiet",3,3
"2023","ko","kommune","Kristiansund","Møre og Romsdal","LIBS","Liberalistene",0,0
"2023","ko","kommune","Kristiansund","Møre og Romsdal","BLANKE","Blanke",0,0
"2023","ko","kommune","Kristiansund","Møre og Romsdal","NORM","Nordmørslista",5,-3
"2023","ko","kommune","Kristiansund","Møre og Romsdal","Andre","Andre",8,0
"2023","ko","kommune","Kristiansund","Møre og Romsdal","Andre2","Andre2",0,0
"2023","ko","kommune","Molde","Møre og Romsdal","A","Arbeiderpartiet",7,-1
"2023","ko","kommune","Molde","Møre og Romsdal","SV","SV - Sosialistisk Venstreparti",5,-3
"2023","ko","kommune","Molde","Møre og Romsdal","RØDT","Rødt",2,1
"2023","ko","kommune","Molde","Møre og Romsdal","SP","Senterpartiet",4,-6
"2023","ko","kommune","Molde","Møre og Romsdal","KRF","Kristelig Folkeparti",3,0
"2023","ko","kommune","Molde","Møre og Romsdal","MDG","Miljøpartiet De Grønne",3,-2
"2023","ko","kommune","Molde","Møre og Romsdal","V","Venstre",2,0
"2023","ko","kommune","Molde","Møre og Romsdal","H","Høyre",15,0
"2023","ko","kommune","Molde","Møre og Romsdal","FRP","Fremskrittspartiet",7,0
"2023","ko","kommune","Molde","Møre og Romsdal","INP","Industri- og Næringspartiet",1,1
"2023","ko","kommune","Molde","Møre og Romsdal","KRISTNE","Konservativt",0,0
"2023","ko","kommune","Molde","Møre og Romsdal","LIBS","Liberalistene",0,0
"2023","ko","kommune","Molde","Møre og Romsdal","BLANKE","Blanke",0,0
"2023","ko","kommune","Molde","Møre og Romsdal","Andre","Andre",1,1
"2023","ko","kommune","Molde","Møre og Romsdal","Andre2","Andre2",0,0
"2023","ko","kommune","Ålesund","Møre og Romsdal","A","Arbeiderpartiet",7,NA
"2023","ko","kommune","Ålesund","Møre og Romsdal","SV","SV - Sosialistisk Venstreparti",2,NA
"2023","ko","kommune","Ålesund","Møre og Romsdal","RØDT","Rødt",1,NA
"2023","ko","kommune","Ålesund","Møre og Romsdal","SP","Senterpartiet",1,NA
"2023","ko","kommune","Ålesund","Møre og Romsdal","KRF","Kristelig Folkeparti",2,NA
"2023","ko","kommune","Ålesund","Møre og Romsdal","MDG","Miljøpartiet De Grønne",1,NA
"2023","ko","kommune","Ålesund","Møre og Romsdal","V","Venstre",1,NA
"2023","ko","kommune","Ålesund","Møre og Romsdal","H","Høyre",11,NA
"2023","ko","kommune","Ålesund","Møre og Romsdal","FRP","Fremskrittspartiet",13,NA
"2023","ko","kommune","Ålesund","Møre og Romsdal","DEMN","Norgesdemokratene",0,NA
"2023","ko","kommune","Ålesund","Møre og Romsdal","INP","Industri- og Næringspartiet",1,NA
"2023","ko","kommune","Ålesund","Møre og Romsdal","KRISTNE","Konservativt",0,NA
"2023","ko","kommune","Ålesund","Møre og Romsdal","LIBS","Liberalistene",0,NA
"2023","ko","kommune","Ålesund","Møre og Romsdal","BLANKE","Blanke",0,NA
"2023","ko","kommune","Ålesund","Møre og Romsdal","ÅTLÅ","Ålesundlista Tverrpolitisk liste for Ålesund",7,NA
"2023","ko","kommune","Ålesund","Møre og Romsdal","Andre","Andre",8,NA
"2023","ko","kommune","Ålesund","Møre og Romsdal","Andre2","Andre2",0,NA
"2023","ko","kommune","Vanylven","Møre og Romsdal","A","Arbeiderpartiet",3,0
"2023","ko","kommune","Vanylven","Møre og Romsdal","SP","Senterpartiet",4,0
"2023","ko","kommune","Vanylven","Møre og Romsdal","KRF","Kristelig Folkeparti",1,-1
"2023","ko","kommune","Vanylven","Møre og Romsdal","V","Venstre",4,0
"2023","ko","kommune","Vanylven","Møre og Romsdal","H","Høyre",2,-1
"2023","ko","kommune","Vanylven","Møre og Romsdal","FRP","Fremskrittspartiet",3,0
"2023","ko","kommune","Vanylven","Møre og Romsdal","INP","Industri- og Næringspartiet",4,4
"2023","ko","kommune","Vanylven","Møre og Romsdal","BLANKE","Blanke",0,0
"2023","ko","kommune","Vanylven","Møre og Romsdal","Andre","Andre",4,4
"2023","ko","kommune","Vanylven","Møre og Romsdal","Andre2","Andre2",0,-2
"2023","ko","kommune","Sande","Møre og Romsdal","A","Arbeiderpartiet",5,1
"2023","ko","kommune","Sande","Møre og Romsdal","SP","Senterpartiet",4,0
"2023","ko","kommune","Sande","Møre og Romsdal","H","Høyre",9,1
"2023","ko","kommune","Sande","Møre og Romsdal","FRP","Fremskrittspartiet",3,0
"2023","ko","kommune","Sande","Møre og Romsdal","BLANKE","Blanke",0,0
"2023","ko","kommune","Sande","Møre og Romsdal","Andre","Andre",0,0
"2023","ko","kommune","Sande","Møre og Romsdal","Andre2","Andre2",0,-2
"2023","ko","kommune","Herøy","Møre og Romsdal","A","Arbeiderpartiet",4,-3
"2023","ko","kommune","Herøy","Møre og Romsdal","SP","Senterpartiet",0,-3
"2023","ko","kommune","Herøy","Møre og Romsdal","KRF","Kristelig Folkeparti",6,0
"2023","ko","kommune","Herøy","Møre og Romsdal","V","Venstre",0,0
"2023","ko","kommune","Herøy","Møre og Romsdal","H","Høyre",8,-2
"2023","ko","kommune","Herøy","Møre og Romsdal","FRP","Fremskrittspartiet",7,4
"2023","ko","kommune","Herøy","Møre og Romsdal","INP","Industri- og Næringspartiet",3,3
"2023","ko","kommune","Herøy","Møre og Romsdal","KRISTNE","Konservativt",0,0
"2023","ko","kommune","Herøy","Møre og Romsdal","BLANKE","Blanke",0,0
"2023","ko","kommune","Herøy","Møre og Romsdal","FLRSV","Fellesliste Raudt og Sosialistisk Venstreparti",0,0
"2023","ko","kommune","Herøy","Møre og Romsdal","FOLKEL","FOLKELISTA",5,1
"2023","ko","kommune","Herøy","Møre og Romsdal","Andre","Andre",8,4
"2023","ko","kommune","Herøy","Møre og Romsdal","Andre2","Andre2",0,0
"2023","ko","kommune","Ulstein","Møre og Romsdal","A","Arbeiderpartiet",4,-1
"2023","ko","kommune","Ulstein","Møre og Romsdal","SV","SV - Sosialistisk Venstreparti",1,0
"2023","ko","kommune","Ulstein","Møre og Romsdal","RØDT","Rødt",0,0
"2023","ko","kommune","Ulstein","Møre og Romsdal","SP","Senterpartiet",3,0
"2023","ko","kommune","Ulstein","Møre og Romsdal","KRF","Kristelig Folkeparti",2,-1
"2023","ko","kommune","Ulstein","Møre og Romsdal","V","Venstre",1,-1
"2023","ko","kommune","Ulstein","Møre og Romsdal","H","Høyre",6,1
"2023","ko","kommune","Ulstein","Møre og Romsdal","FRP","Fremskrittspartiet",5,-1
"2023","ko","kommune","Ulstein","Møre og Romsdal","INP","Industri- og Næringspartiet",2,2
"2023","ko","kommune","Ulstein","Møre og Romsdal","KRISTNE","Konservativt",1,1
"2023","ko","kommune","Ulstein","Møre og Romsdal","BLANKE","Blanke",0,0
"2023","ko","kommune","Ulstein","Møre og Romsdal","Andre","Andre",3,3
"2023","ko","kommune","Ulstein","Møre og Romsdal","Andre2","Andre2",0,0
"2023","ko","kommune","Hareid","Møre og Romsdal","A","Arbeiderpartiet",2,-1
"2023","ko","kommune","Hareid","Møre og Romsdal","RØDT","Rødt",0,0
"2023","ko","kommune","Hareid","Møre og Romsdal","V","Venstre",1,-2
"2023","ko","kommune","Hareid","Møre og Romsdal","H","Høyre",2,0
"2023","ko","kommune","Hareid","Møre og Romsdal","FRP","Fremskrittspartiet",3,-4
"2023","ko","kommune","Hareid","Møre og Romsdal","INP","Industri- og Næringspartiet",2,2
"2023","ko","kommune","Hareid","Møre og Romsdal","BLANKE","Blanke",0,0
"2023","ko","kommune","Hareid","Møre og Romsdal","FOHAR","Folkelista for Hareid kommune",11,6
"2023","ko","kommune","Hareid","Møre og Romsdal","Andre","Andre",13,8
"2023","ko","kommune","Hareid","Møre og Romsdal","Andre2","Andre2",0,-1
"2023","ko","kommune","Ørsta","Møre og Romsdal","A","Arbeiderpartiet",5,1
"2023","ko","kommune","Ørsta","Møre og Romsdal","SV","SV - Sosialistisk Venstreparti",3,1
"2023","ko","kommune","Ørsta","Møre og Romsdal","SP","Senterpartiet",6,-10
"2023","ko","kommune","Ørsta","Møre og Romsdal","KRF","Kristelig Folkeparti",2,1
"2023","ko","kommune","Ørsta","Møre og Romsdal","MDG","Miljøpartiet De Grønne",0,-1
"2023","ko","kommune","Ørsta","Møre og Romsdal","V","Venstre",1,0
"2023","ko","kommune","Ørsta","Møre og Romsdal","H","Høyre",6,3
"2023","ko","kommune","Ørsta","Møre og Romsdal","FRP","Fremskrittspartiet",10,5
"2023","ko","kommune","Ørsta","Møre og Romsdal","BLANKE","Blanke",0,0
"2023","ko","kommune","Ørsta","Møre og Romsdal","Andre","Andre",0,0
"2023","ko","kommune","Ørsta","Møre og Romsdal","Andre2","Andre2",0,0
"2023","ko","kommune","Stranda","Møre og Romsdal","A","Arbeiderpartiet",3,0
"2023","ko","kommune","Stranda","Møre og Romsdal","SP","Senterpartiet",7,-5
"2023","ko","kommune","Stranda","Møre og Romsdal","KRF","Kristelig Folkeparti",1,0
"2023","ko","kommune","Stranda","Møre og Romsdal","H","Høyre",7,4
"2023","ko","kommune","Stranda","Møre og Romsdal","FRP","Fremskrittspartiet",7,2
"2023","ko","kommune","Stranda","Møre og Romsdal","BLANKE","Blanke",0,0
"2023","ko","kommune","Stranda","Møre og Romsdal","Andre","Andre",0,0
"2023","ko","kommune","Stranda","Møre og Romsdal","Andre2","Andre2",0,-1
"2023","ko","kommune","Sykkylven","Møre og Romsdal","A","Arbeiderpartiet",4,-1
"2023","ko","kommune","Sykkylven","Møre og Romsdal","SV","SV - Sosialistisk Venstreparti",1,0
"2023","ko","kommune","Sykkylven","Møre og Romsdal","SP","Senterpartiet",6,-2
"2023","ko","kommune","Sykkylven","Møre og Romsdal","KRF","Kristelig Folkeparti",1,-1
"2023","ko","kommune","Sykkylven","Møre og Romsdal","V","Venstre",2,0
"2023","ko","kommune","Sykkylven","Møre og Romsdal","H","Høyre",6,1
"2023","ko","kommune","Sykkylven","Møre og Romsdal","FRP","Fremskrittspartiet",9,3
"2023","ko","kommune","Sykkylven","Møre og Romsdal","BLANKE","Blanke",0,0
"2023","ko","kommune","Sykkylven","Møre og Romsdal","Andre","Andre",0,0
"2023","ko","kommune","Sykkylven","Møre og Romsdal","Andre2","Andre2",0,0
"2023","ko","kommune","Sula","Møre og Romsdal","A","Arbeiderpartiet",6,0
"2023","ko","kommune","Sula","Møre og Romsdal","SV","SV - Sosialistisk Venstreparti",1,-1
"2023","ko","kommune","Sula","Møre og Romsdal","KRF","Kristelig Folkeparti",3,0
"2023","ko","kommune","Sula","Møre og Romsdal","V","Venstre",1,1
"2023","ko","kommune","Sula","Møre og Romsdal","H","Høyre",6,2
"2023","ko","kommune","Sula","Møre og Romsdal","FRP","Fremskrittspartiet",9,0
"2023","ko","kommune","Sula","Møre og Romsdal","BLANKE","Blanke",0,0
"2023","ko","kommune","Sula","Møre og Romsdal","UAVH","Sulalista",3,-1
"2023","ko","kommune","Sula","Møre og Romsdal","Andre","Andre",3,-1
"2023","ko","kommune","Sula","Møre og Romsdal","Andre2","Andre2",0,-1
"2023","ko","kommune","Giske","Møre og Romsdal","A","Arbeiderpartiet",2,-1
"2023","ko","kommune","Giske","Møre og Romsdal","SP","Senterpartiet",2,-1
"2023","ko","kommune","Giske","Møre og Romsdal","KRF","Kristelig Folkeparti",5,-1
"2023","ko","kommune","Giske","Møre og Romsdal","MDG","Miljøpartiet De Grønne",1,1
"2023","ko","kommune","Giske","Møre og Romsdal","V","Venstre",2,0
"2023","ko","kommune","Giske","Møre og Romsdal","H","Høyre",4,0
"2023","ko","kommune","Giske","Møre og Romsdal","FRP","Fremskrittspartiet",4,2
"2023","ko","kommune","Giske","Møre og Romsdal","INP","Industri- og Næringspartiet",1,1
"2023","ko","kommune","Giske","Møre og Romsdal","BLANKE","Blanke",0,0
"2023","ko","kommune","Giske","Møre og Romsdal","TPG","Tverrpolitisk liste for Giske",2,-1
"2023","ko","kommune","Giske","Møre og Romsdal","Andre","Andre",3,0
"2023","ko","kommune","Giske","Møre og Romsdal","Andre2","Andre2",0,0
"2023","ko","kommune","Vestnes","Møre og Romsdal","A","Arbeiderpartiet",4,1
"2023","ko","kommune","Vestnes","Møre og Romsdal","SV","SV - Sosialistisk Venstreparti",2,0
"2023","ko","kommune","Vestnes","Møre og Romsdal","SP","Senterpartiet",4,-3
"2023","ko","kommune","Vestnes","Møre og Romsdal","KRF","Kristelig Folkeparti",1,0
"2023","ko","kommune","Vestnes","Møre og Romsdal","V","Venstre",1,0
"2023","ko","kommune","Vestnes","Møre og Romsdal","H","Høyre",4,1
"2023","ko","kommune","Vestnes","Møre og Romsdal","FRP","Fremskrittspartiet",6,2
"2023","ko","kommune","Vestnes","Møre og Romsdal","DEMN","Norgesdemokratene",0,0
"2023","ko","kommune","Vestnes","Møre og Romsdal","INP","Industri- og Næringspartiet",1,1
"2023","ko","kommune","Vestnes","Møre og Romsdal","BLANKE","Blanke",0,0
"2023","ko","kommune","Vestnes","Møre og Romsdal","Andre","Andre",1,1
"2023","ko","kommune","Vestnes","Møre og Romsdal","Andre2","Andre2",0,-2
"2023","ko","kommune","Rauma","Møre og Romsdal","A","Arbeiderpartiet",2,-3
"2023","ko","kommune","Rauma","Møre og Romsdal","SV","SV - Sosialistisk Venstreparti",12,5
"2023","ko","kommune","Rauma","Møre og Romsdal","SP","Senterpartiet",5,0
"2023","ko","kommune","Rauma","Møre og Romsdal","MDG","Miljøpartiet De Grønne",0,-1
"2023","ko","kommune","Rauma","Møre og Romsdal","H","Høyre",3,-3
"2023","ko","kommune","Rauma","Møre og Romsdal","FRP","Fremskrittspartiet",4,3
"2023","ko","kommune","Rauma","Møre og Romsdal","INP","Industri- og Næringspartiet",1,1
"2023","ko","kommune","Rauma","Møre og Romsdal","BLANKE","Blanke",0,0
"2023","ko","kommune","Rauma","Møre og Romsdal","Andre","Andre",1,1
"2023","ko","kommune","Rauma","Møre og Romsdal","Andre2","Andre2",0,-2
"2023","ko","kommune","Aukra","Møre og Romsdal","A","Arbeiderpartiet",3,-2
"2023","ko","kommune","Aukra","Møre og Romsdal","SP","Senterpartiet",3,-1
"2023","ko","kommune","Aukra","Møre og Romsdal","KRF","Kristelig Folkeparti",7,3
"2023","ko","kommune","Aukra","Møre og Romsdal","V","Venstre",2,1
"2023","ko","kommune","Aukra","Møre og Romsdal","H","Høyre",6,1
"2023","ko","kommune","Aukra","Møre og Romsdal","BLANKE","Blanke",0,0
"2023","ko","kommune","Aukra","Møre og Romsdal","Andre","Andre",0,0
"2023","ko","kommune","Aukra","Møre og Romsdal","Andre2","Andre2",0,-2
"2023","ko","kommune","Averøy","Møre og Romsdal","A","Arbeiderpartiet",10,-2
"2023","ko","kommune","Averøy","Møre og Romsdal","SV","SV - Sosialistisk Venstreparti",1,0
"2023","ko","kommune","Averøy","Møre og Romsdal","SP","Senterpartiet",2,-1
"2023","ko","kommune","Averøy","Møre og Romsdal","KRF","Kristelig Folkeparti",1,0
"2023","ko","kommune","Averøy","Møre og Romsdal","V","Venstre",2,0
"2023","ko","kommune","Averøy","Møre og Romsdal","H","Høyre",3,2
"2023","ko","kommune","Averøy","Møre og Romsdal","FRP","Fremskrittspartiet",4,1
"2023","ko","kommune","Averøy","Møre og Romsdal","BLANKE","Blanke",0,0
"2023","ko","kommune","Averøy","Møre og Romsdal","Andre","Andre",0,0
"2023","ko","kommune","Averøy","Møre og Romsdal","Andre2","Andre2",0,0
"2023","ko","kommune","Gjemnes","Møre og Romsdal","A","Arbeiderpartiet",2,-1
"2023","ko","kommune","Gjemnes","Møre og Romsdal","SV","SV - Sosialistisk Venstreparti",2,1
"2023","ko","kommune","Gjemnes","Møre og Romsdal","SP","Senterpartiet",6,-3
"2023","ko","kommune","Gjemnes","Møre og Romsdal","KRF","Kristelig Folkeparti",1,0
"2023","ko","kommune","Gjemnes","Møre og Romsdal","H","Høyre",3,1
"2023","ko","kommune","Gjemnes","Møre og Romsdal","FRP","Fremskrittspartiet",3,2
"2023","ko","kommune","Gjemnes","Møre og Romsdal","BLANKE","Blanke",0,0
"2023","ko","kommune","Gjemnes","Møre og Romsdal","Andre","Andre",0,0
"2023","ko","kommune","Gjemnes","Møre og Romsdal","Andre2","Andre2",0,0
"2023","ko","kommune","Tingvoll","Møre og Romsdal","A","Arbeiderpartiet",4,-3
"2023","ko","kommune","Tingvoll","Møre og Romsdal","SV","SV - Sosialistisk Venstreparti",1,1
"2023","ko","kommune","Tingvoll","Møre og Romsdal","SP","Senterpartiet",8,0
"2023","ko","kommune","Tingvoll","Møre og Romsdal","MDG","Miljøpartiet De Grønne",1,-1
"2023","ko","kommune","Tingvoll","Møre og Romsdal","FRP","Fremskrittspartiet",4,2
"2023","ko","kommune","Tingvoll","Møre og Romsdal","BLANKE","Blanke",0,0
"2023","ko","kommune","Tingvoll","Møre og Romsdal","FLHKV","Felleslista Høyre-KrF-Venstre",3,3
"2023","ko","kommune","Tingvoll","Møre og Romsdal","Andre","Andre",3,3
"2023","ko","kommune","Tingvoll","Møre og Romsdal","Andre2","Andre2",0,-6
"2023","ko","kommune","Sunndal","Møre og Romsdal","A","Arbeiderpartiet",11,0
"2023","ko","kommune","Sunndal","Møre og Romsdal","SV","SV - Sosialistisk Venstreparti",2,0
"2023","ko","kommune","Sunndal","Møre og Romsdal","RØDT","Rødt",1,1
"2023","ko","kommune","Sunndal","Møre og Romsdal","SP","Senterpartiet",3,-3
"2023","ko","kommune","Sunndal","Møre og Romsdal","KRF","Kristelig Folkeparti",1,0
"2023","ko","kommune","Sunndal","Møre og Romsdal","MDG","Miljøpartiet De Grønne",0,-1
"2023","ko","kommune","Sunndal","Møre og Romsdal","V","Venstre",1,0
"2023","ko","kommune","Sunndal","Møre og Romsdal","H","Høyre",5,3
"2023","ko","kommune","Sunndal","Møre og Romsdal","FRP","Fremskrittspartiet",3,0
"2023","ko","kommune","Sunndal","Møre og Romsdal","BLANKE","Blanke",0,0
"2023","ko","kommune","Sunndal","Møre og Romsdal","Andre","Andre",0,0
"2023","ko","kommune","Sunndal","Møre og Romsdal","Andre2","Andre2",0,0
"2023","ko","kommune","Surnadal","Møre og Romsdal","A","Arbeiderpartiet",7,-1
"2023","ko","kommune","Surnadal","Møre og Romsdal","SV","SV - Sosialistisk Venstreparti",0,-1
"2023","ko","kommune","Surnadal","Møre og Romsdal","RØDT","Rødt",1,1
"2023","ko","kommune","Surnadal","Møre og Romsdal","SP","Senterpartiet",8,-5
"2023","ko","kommune","Surnadal","Møre og Romsdal","MDG","Miljøpartiet De Grønne",2,1
"2023","ko","kommune","Surnadal","Møre og Romsdal","H","Høyre",7,5
"2023","ko","kommune","Surnadal","Møre og Romsdal","FRP","Fremskrittspartiet",2,0
"2023","ko","kommune","Surnadal","Møre og Romsdal","BLANKE","Blanke",0,0
"2023","ko","kommune","Surnadal","Møre og Romsdal","Andre","Andre",0,0
"2023","ko","kommune","Surnadal","Møre og Romsdal","Andre2","Andre2",0,0
"2023","ko","kommune","Smøla","Møre og Romsdal","A","Arbeiderpartiet",4,-2
"2023","ko","kommune","Smøla","Møre og Romsdal","SP","Senterpartiet",9,2
"2023","ko","kommune","Smøla","Møre og Romsdal","V","Venstre",2,1
"2023","ko","kommune","Smøla","Møre og Romsdal","H","Høyre",2,0
"2023","ko","kommune","Smøla","Møre og Romsdal","BLANKE","Blanke",0,0
"2023","ko","kommune","Smøla","Møre og Romsdal","Andre","Andre",0,0
"2023","ko","kommune","Smøla","Møre og Romsdal","Andre2","Andre2",0,-1
"2023","ko","kommune","Aure","Møre og Romsdal","A","Arbeiderpartiet",10,4
"2023","ko","kommune","Aure","Møre og Romsdal","SP","Senterpartiet",3,-3
"2023","ko","kommune","Aure","Møre og Romsdal","KRF","Kristelig Folkeparti",1,0
"2023","ko","kommune","Aure","Møre og Romsdal","MDG","Miljøpartiet De Grønne",0,0
"2023","ko","kommune","Aure","Møre og Romsdal","H","Høyre",4,1
"2023","ko","kommune","Aure","Møre og Romsdal","FRP","Fremskrittspartiet",1,1
"2023","ko","kommune","Aure","Møre og Romsdal","BLANKE","Blanke",0,0
"2023","ko","kommune","Aure","Møre og Romsdal","Andre","Andre",0,0
"2023","ko","kommune","Aure","Møre og Romsdal","Andre2","Andre2",0,-3
"2023","ko","kommune","Volda","Møre og Romsdal","A","Arbeiderpartiet",5,1
"2023","ko","kommune","Volda","Møre og Romsdal","SV","SV - Sosialistisk Venstreparti",4,1
"2023","ko","kommune","Volda","Møre og Romsdal","RØDT","Rødt",1,0
"2023","ko","kommune","Volda","Møre og Romsdal","SP","Senterpartiet",7,0
"2023","ko","kommune","Volda","Møre og Romsdal","KRF","Kristelig Folkeparti",3,0
"2023","ko","kommune","Volda","Møre og Romsdal","MDG","Miljøpartiet De Grønne",1,-1
"2023","ko","kommune","Volda","Møre og Romsdal","V","Venstre",1,-1
"2023","ko","kommune","Volda","Møre og Romsdal","H","Høyre",5,-1
"2023","ko","kommune","Volda","Møre og Romsdal","FRP","Fremskrittspartiet",4,2
"2023","ko","kommune","Volda","Møre og Romsdal","INP","Industri- og Næringspartiet",2,2
"2023","ko","kommune","Volda","Møre og Romsdal","KRISTNE","Konservativt",0,0
"2023","ko","kommune","Volda","Møre og Romsdal","BLANKE","Blanke",0,0
"2023","ko","kommune","Volda","Møre og Romsdal","Andre","Andre",2,2
"2023","ko","kommune","Volda","Møre og Romsdal","Andre2","Andre2",0,-3
"2023","ko","kommune","Fjord","Møre og Romsdal","A","Arbeiderpartiet",2,-3
"2023","ko","kommune","Fjord","Møre og Romsdal","SV","SV - Sosialistisk Venstreparti",2,0
"2023","ko","kommune","Fjord","Møre og Romsdal","SP","Senterpartiet",7,-1
"2023","ko","kommune","Fjord","Møre og Romsdal","H","Høyre",6,0
"2023","ko","kommune","Fjord","Møre og Romsdal","FRP","Fremskrittspartiet",2,1
"2023","ko","kommune","Fjord","Møre og Romsdal","BLANKE","Blanke",0,0
"2023","ko","kommune","Fjord","Møre og Romsdal","Andre","Andre",0,0
"2023","ko","kommune","Fjord","Møre og Romsdal","Andre2","Andre2",0,-1
"2023","ko","kommune","Hustadvika","Møre og Romsdal","A","Arbeiderpartiet",6,-1
"2023","ko","kommune","Hustadvika","Møre og Romsdal","SV","SV - Sosialistisk Venstreparti",1,0
"2023","ko","kommune","Hustadvika","Møre og Romsdal","RØDT","Rødt",0,0
"2023","ko","kommune","Hustadvika","Møre og Romsdal","SP","Senterpartiet",6,-10
"2023","ko","kommune","Hustadvika","Møre og Romsdal","KRF","Kristelig Folkeparti",3,1
"2023","ko","kommune","Hustadvika","Møre og Romsdal","MDG","Miljøpartiet De Grønne",0,-1
"2023","ko","kommune","Hustadvika","Møre og Romsdal","V","Venstre",1,0
"2023","ko","kommune","Hustadvika","Møre og Romsdal","H","Høyre",7,2
"2023","ko","kommune","Hustadvika","Møre og Romsdal","FRP","Fremskrittspartiet",6,2
"2023","ko","kommune","Hustadvika","Møre og Romsdal","INP","Industri- og Næringspartiet",3,3
"2023","ko","kommune","Hustadvika","Møre og Romsdal","KRISTNE","Konservativt",0,0
"2023","ko","kommune","Hustadvika","Møre og Romsdal","BLANKE","Blanke",0,0
"2023","ko","kommune","Hustadvika","Møre og Romsdal","Andre","Andre",3,3
"2023","ko","kommune","Hustadvika","Møre og Romsdal","Andre2","Andre2",0,0
"2023","ko","kommune","Haram","Møre og Romsdal","A","Arbeiderpartiet",3,NA
"2023","ko","kommune","Haram","Møre og Romsdal","SV","SV - Sosialistisk Venstreparti",1,NA
"2023","ko","kommune","Haram","Møre og Romsdal","RØDT","Rødt",0,NA
"2023","ko","kommune","Haram","Møre og Romsdal","SP","Senterpartiet",9,NA
"2023","ko","kommune","Haram","Møre og Romsdal","KRF","Kristelig Folkeparti",1,NA
"2023","ko","kommune","Haram","Møre og Romsdal","V","Venstre",2,NA
"2023","ko","kommune","Haram","Møre og Romsdal","H","Høyre",4,NA
"2023","ko","kommune","Haram","Møre og Romsdal","FRP","Fremskrittspartiet",4,NA
"2023","ko","kommune","Haram","Møre og Romsdal","INP","Industri- og Næringspartiet",3,NA
"2023","ko","kommune","Haram","Møre og Romsdal","BLANKE","Blanke",0,NA
"2023","ko","kommune","Haram","Møre og Romsdal","Andre","Andre",3,NA
"2023","ko","kommune","Haram","Møre og Romsdal","Andre2","Andre2",0,NA
"2023","ko","kommune","Bodø","Nordland","A","Arbeiderpartiet",7,-4
"2023","ko","kommune","Bodø","Nordland","SV","SV - Sosialistisk Venstreparti",4,2
"2023","ko","kommune","Bodø","Nordland","RØDT","Rødt",2,-1
"2023","ko","kommune","Bodø","Nordland","SP","Senterpartiet",1,-3
"2023","ko","kommune","Bodø","Nordland","KRF","Kristelig Folkeparti",1,0
"2023","ko","kommune","Bodø","Nordland","MDG","Miljøpartiet De Grønne",1,-1
"2023","ko","kommune","Bodø","Nordland","V","Venstre",3,1
"2023","ko","kommune","Bodø","Nordland","H","Høyre",14,4
"2023","ko","kommune","Bodø","Nordland","FRP","Fremskrittspartiet",5,1
"2023","ko","kommune","Bodø","Nordland","DEMN","Norgesdemokratene",0,0
"2023","ko","kommune","Bodø","Nordland","INP","Industri- og Næringspartiet",1,1
"2023","ko","kommune","Bodø","Nordland","KRISTNE","Konservativt",0,0
"2023","ko","kommune","Bodø","Nordland","LIBS","Liberalistene",0,0
"2023","ko","kommune","Bodø","Nordland","PP","Pensjonistpartiet",0,0
"2023","ko","kommune","Bodø","Nordland","BLANKE","Blanke",0,0
"2023","ko","kommune","Bodø","Nordland","Andre","Andre",1,1
"2023","ko","kommune","Bodø","Nordland","Andre2","Andre2",0,0
"2023","ko","kommune","Narvik","Nordland","A","Arbeiderpartiet",8,-7
"2023","ko","kommune","Narvik","Nordland","SV","SV - Sosialistisk Venstreparti",3,-1
"2023","ko","kommune","Narvik","Nordland","RØDT","Rødt",1,0
"2023","ko","kommune","Narvik","Nordland","SP","Senterpartiet",3,-6
"2023","ko","kommune","Narvik","Nordland","KRF","Kristelig Folkeparti",1,0
"2023","ko","kommune","Narvik","Nordland","MDG","Miljøpartiet De Grønne",0,-2
"2023","ko","kommune","Narvik","Nordland","V","Venstre",0,0
"2023","ko","kommune","Narvik","Nordland","H","Høyre",7,2
"2023","ko","kommune","Narvik","Nordland","FRP","Fremskrittspartiet",4,0
"2023","ko","kommune","Narvik","Nordland","INP","Industri- og Næringspartiet",4,4
"2023","ko","kommune","Narvik","Nordland","BLANKE","Blanke",0,0
"2023","ko","kommune","Narvik","Nordland","Andre","Andre",4,4
"2023","ko","kommune","Narvik","Nordland","Andre2","Andre2",0,0
"2023","ko","kommune","Bindal","Nordland","A","Arbeiderpartiet",13,4
"2023","ko","kommune","Bindal","Nordland","SV","SV - Sosialistisk Venstreparti",4,4
"2023","ko","kommune","Bindal","Nordland","BLANKE","Blanke",0,0
"2023","ko","kommune","Bindal","Nordland","Andre","Andre",0,0
"2023","ko","kommune","Bindal","Nordland","Andre2","Andre2",0,-8
"2023","ko","kommune","Sømna","Nordland","A","Arbeiderpartiet",3,0
"2023","ko","kommune","Sømna","Nordland","RØDT","Rødt",4,3
"2023","ko","kommune","Sømna","Nordland","SP","Senterpartiet",5,-4
"2023","ko","kommune","Sømna","Nordland","BLANKE","Blanke",0,0
"2023","ko","kommune","Sømna","Nordland","TPLS","Tverrpolitisk liste Sømna",5,2
"2023","ko","kommune","Sømna","Nordland","Andre","Andre",5,2
"2023","ko","kommune","Sømna","Nordland","Andre2","Andre2",0,-1
"2023","ko","kommune","Brønnøy","Nordland","A","Arbeiderpartiet",10,3
"2023","ko","kommune","Brønnøy","Nordland","SV","SV - Sosialistisk Venstreparti",2,1
"2023","ko","kommune","Brønnøy","Nordland","RØDT","Rødt",2,0
"2023","ko","kommune","Brønnøy","Nordland","SP","Senterpartiet",2,-9
"2023","ko","kommune","Brønnøy","Nordland","KRF","Kristelig Folkeparti",0,0
"2023","ko","kommune","Brønnøy","Nordland","V","Venstre",0,-1
"2023","ko","kommune","Brønnøy","Nordland","H","Høyre",5,1
"2023","ko","kommune","Brønnøy","Nordland","FRP","Fremskrittspartiet",2,1
"2023","ko","kommune","Brønnøy","Nordland","BLANKE","Blanke",0,0
"2023","ko","kommune","Brønnøy","Nordland","Andre","Andre",0,0
"2023","ko","kommune","Brønnøy","Nordland","Andre2","Andre2",0,0
"2023","ko","kommune","Vega","Nordland","A","Arbeiderpartiet",5,-4
"2023","ko","kommune","Vega","Nordland","RØDT","Rødt",2,1
"2023","ko","kommune","Vega","Nordland","SP","Senterpartiet",4,-1
"2023","ko","kommune","Vega","Nordland","INP","Industri- og Næringspartiet",4,4
"2023","ko","kommune","Vega","Nordland","BLANKE","Blanke",0,0
"2023","ko","kommune","Vega","Nordland","Andre","Andre",4,4
"2023","ko","kommune","Vega","Nordland","Andre2","Andre2",0,0
"2023","ko","kommune","Vevelstad","Nordland","A","Arbeiderpartiet",4,4
"2023","ko","kommune","Vevelstad","Nordland","BLANKE","Blanke",0,0
"2023","ko","kommune","Vevelstad","Nordland","KOM","Kommunelista",4,-1
"2023","ko","kommune","Vevelstad","Nordland","SAMVE","Samarbeidslisten",5,-3
"2023","ko","kommune","Vevelstad","Nordland","Andre","Andre",9,-4
"2023","ko","kommune","Vevelstad","Nordland","Andre2","Andre2",0,0
"2023","ko","kommune","Herøy","Nordland","A","Arbeiderpartiet",10,2
"2023","ko","kommune","Herøy","Nordland","FRP","Fremskrittspartiet",4,4
"2023","ko","kommune","Herøy","Nordland","BLANKE","Blanke",0,0
"2023","ko","kommune","Herøy","Nordland","HBY","Herøy Bygdeliste",5,1
"2023","ko","kommune","Herøy","Nordland","Andre","Andre",5,1
"2023","ko","kommune","Herøy","Nordland","Andre2","Andre2",0,-7
"2023","ko","kommune","Alstahaug","Nordland","A","Arbeiderpartiet",5,2
"2023","ko","kommune","Alstahaug","Nordland","SV","SV - Sosialistisk Venstreparti",2,1
"2023","ko","kommune","Alstahaug","Nordland","RØDT","Rødt",2,-3
"2023","ko","kommune","Alstahaug","Nordland","SP","Senterpartiet",9,-3
"2023","ko","kommune","Alstahaug","Nordland","V","Venstre",2,1
"2023","ko","kommune","Alstahaug","Nordland","H","Høyre",4,2
"2023","ko","kommune","Alstahaug","Nordland","FRP","Fremskrittspartiet",3,2
"2023","ko","kommune","Alstahaug","Nordland","BLANKE","Blanke",0,0
"2023","ko","kommune","Alstahaug","Nordland","Andre","Andre",0,0
"2023","ko","kommune","Alstahaug","Nordland","Andre2","Andre2",0,-2
"2023","ko","kommune","Leirfjord","Nordland","A","Arbeiderpartiet",7,-1
"2023","ko","kommune","Leirfjord","Nordland","SV","SV - Sosialistisk Venstreparti",2,1
"2023","ko","kommune","Leirfjord","Nordland","RØDT","Rødt",1,0
"2023","ko","kommune","Leirfjord","Nordland","SP","Senterpartiet",6,-1
"2023","ko","kommune","Leirfjord","Nordland","H","Høyre",0,0
"2023","ko","kommune","Leirfjord","Nordland","FRP","Fremskrittspartiet",3,1
"2023","ko","kommune","Leirfjord","Nordland","BLANKE","Blanke",0,0
"2023","ko","kommune","Leirfjord","Nordland","Andre","Andre",0,0
"2023","ko","kommune","Leirfjord","Nordland","Andre2","Andre2",0,0
"2023","ko","kommune","Vefsn","Nordland","A","Arbeiderpartiet",9,1
"2023","ko","kommune","Vefsn","Nordland","SV","SV - Sosialistisk Venstreparti",1,-1
"2023","ko","kommune","Vefsn","Nordland","RØDT","Rødt",2,-1
"2023","ko","kommune","Vefsn","Nordland","SP","Senterpartiet",3,-7
"2023","ko","kommune","Vefsn","Nordland","KRF","Kristelig Folkeparti",0,0
"2023","ko","kommune","Vefsn","Nordland","MDG","Miljøpartiet De Grønne",0,0
"2023","ko","kommune","Vefsn","Nordland","V","Venstre",0,0
"2023","ko","kommune","Vefsn","Nordland","H","Høyre",8,5
"2023","ko","kommune","Vefsn","Nordland","FRP","Fremskrittspartiet",5,3
"2023","ko","kommune","Vefsn","Nordland","DEMN","Norgesdemokratene",0,0
"2023","ko","kommune","Vefsn","Nordland","BLANKE","Blanke",0,0
"2023","ko","kommune","Vefsn","Nordland","VTPPV","Vefsn tverrpolitiske parti",1,0
"2023","ko","kommune","Vefsn","Nordland","Andre","Andre",1,0
"2023","ko","kommune","Vefsn","Nordland","Andre2","Andre2",0,0
"2023","ko","kommune","Grane","Nordland","A","Arbeiderpartiet",7,0
"2023","ko","kommune","Grane","Nordland","SP","Senterpartiet",10,0
"2023","ko","kommune","Grane","Nordland","BLANKE","Blanke",0,0
"2023","ko","kommune","Grane","Nordland","Andre","Andre",0,0
"2023","ko","kommune","Grane","Nordland","Andre2","Andre2",0,0
"2023","ko","kommune","Hattfjelldal","Nordland","A","Arbeiderpartiet",8,3
"2023","ko","kommune","Hattfjelldal","Nordland","SP","Senterpartiet",7,2
"2023","ko","kommune","Hattfjelldal","Nordland","BLANKE","Blanke",0,0
"2023","ko","kommune","Hattfjelldal","Nordland","Andre","Andre",0,0
"2023","ko","kommune","Hattfjelldal","Nordland","Andre2","Andre2",0,-1
"2023","ko","kommune","Dønna","Nordland","A","Arbeiderpartiet",6,1
"2023","ko","kommune","Dønna","Nordland","SV","SV - Sosialistisk Venstreparti",2,0
"2023","ko","kommune","Dønna","Nordland","RØDT","Rødt",2,-1
"2023","ko","kommune","Dønna","Nordland","SP","Senterpartiet",4,1
"2023","ko","kommune","Dønna","Nordland","H","Høyre",3,-1
"2023","ko","kommune","Dønna","Nordland","BLANKE","Blanke",0,0
"2023","ko","kommune","Dønna","Nordland","Andre","Andre",0,0
"2023","ko","kommune","Dønna","Nordland","Andre2","Andre2",0,0
"2023","ko","kommune","Nesna","Nordland","A","Arbeiderpartiet",7,0
"2023","ko","kommune","Nesna","Nordland","SV","SV - Sosialistisk Venstreparti",3,1
"2023","ko","kommune","Nesna","Nordland","SP","Senterpartiet",3,-1
"2023","ko","kommune","Nesna","Nordland","FRP","Fremskrittspartiet",1,1
"2023","ko","kommune","Nesna","Nordland","BLANKE","Blanke",0,0
"2023","ko","kommune","Nesna","Nordland","BOF","Borgerlig fellesliste",3,0
"2023","ko","kommune","Nesna","Nordland","Andre","Andre",3,0
"2023","ko","kommune","Nesna","Nordland","Andre2","Andre2",0,-1
"2023","ko","kommune","Hemnes","Nordland","A","Arbeiderpartiet",5,-1
"2023","ko","kommune","Hemnes","Nordland","SV","SV - Sosialistisk Venstreparti",3,1
"2023","ko","kommune","Hemnes","Nordland","SP","Senterpartiet",4,-2
"2023","ko","kommune","Hemnes","Nordland","H","Høyre",3,-1
"2023","ko","kommune","Hemnes","Nordland","FRP","Fremskrittspartiet",2,1
"2023","ko","kommune","Hemnes","Nordland","BLANKE","Blanke",0,0
"2023","ko","kommune","Hemnes","Nordland","GH","Grønt Hemnes - fellesliste for V og MDG",1,1
"2023","ko","kommune","Hemnes","Nordland","RF","Rettferd og Frihets partiet",0,0
"2023","ko","kommune","Hemnes","Nordland","SDH","Sosialdemokratene Hemnes",5,2
"2023","ko","kommune","Hemnes","Nordland","Andre","Andre",6,3
"2023","ko","kommune","Hemnes","Nordland","Andre2","Andre2",0,-1
"2023","ko","kommune","Rana","Nordland","A","Arbeiderpartiet",12,1
"2023","ko","kommune","Rana","Nordland","SV","SV - Sosialistisk Venstreparti",2,0
"2023","ko","kommune","Rana","Nordland","RØDT","Rødt",3,0
"2023","ko","kommune","Rana","Nordland","SP","Senterpartiet",5,-6
"2023","ko","kommune","Rana","Nordland","KRF","Kristelig Folkeparti",0,0
"2023","ko","kommune","Rana","Nordland","V","Venstre",1,0
"2023","ko","kommune","Rana","Nordland","H","Høyre",7,2
"2023","ko","kommune","Rana","Nordland","FRP","Fremskrittspartiet",3,0
"2023","ko","kommune","Rana","Nordland","DEMN","Norgesdemokratene",0,0
"2023","ko","kommune","Rana","Nordland","INP","Industri- og Næringspartiet",4,4
"2023","ko","kommune","Rana","Nordland","BLANKE","Blanke",0,0
"2023","ko","kommune","Rana","Nordland","Andre","Andre",4,4
"2023","ko","kommune","Rana","Nordland","Andre2","Andre2",0,-1
"2023","ko","kommune","Lurøy","Nordland","A","Arbeiderpartiet",5,-1
"2023","ko","kommune","Lurøy","Nordland","SP","Senterpartiet",3,-3
"2023","ko","kommune","Lurøy","Nordland","KRF","Kristelig Folkeparti",1,1
"2023","ko","kommune","Lurøy","Nordland","H","Høyre",7,3
"2023","ko","kommune","Lurøy","Nordland","FRP","Fremskrittspartiet",2,0
"2023","ko","kommune","Lurøy","Nordland","KYST","Kystpartiet",1,0
"2023","ko","kommune","Lurøy","Nordland","BLANKE","Blanke",0,0
"2023","ko","kommune","Lurøy","Nordland","Andre","Andre",1,0
"2023","ko","kommune","Lurøy","Nordland","Andre2","Andre2",0,0
"2023","ko","kommune","Træna","Nordland","A","Arbeiderpartiet",4,-4
"2023","ko","kommune","Træna","Nordland","SP","Senterpartiet",4,4
"2023","ko","kommune","Træna","Nordland","H","Høyre",3,3
"2023","ko","kommune","Træna","Nordland","BLANKE","Blanke",0,0
"2023","ko","kommune","Træna","Nordland","Andre","Andre",0,0
"2023","ko","kommune","Træna","Nordland","Andre2","Andre2",0,-3
"2023","ko","kommune","Rødøy","Nordland","FRP","Fremskrittspartiet",1,0
"2023","ko","kommune","Rødøy","Nordland","APKRF","Arbeiderpartiet og Kristelig Folkeparti",10,1
"2023","ko","kommune","Rødøy","Nordland","BLANKE","Blanke",0,0
"2023","ko","kommune","Rødøy","Nordland","RFL","Rødøy fellesliste",6,2
"2023","ko","kommune","Rødøy","Nordland","Andre","Andre",16,3
"2023","ko","kommune","Rødøy","Nordland","Andre2","Andre2",0,-3
"2023","ko","kommune","Meløy","Nordland","A","Arbeiderpartiet",4,-4
"2023","ko","kommune","Meløy","Nordland","SV","SV - Sosialistisk Venstreparti",2,1
"2023","ko","kommune","Meløy","Nordland","RØDT","Rødt",0,0
"2023","ko","kommune","Meløy","Nordland","SP","Senterpartiet",4,-2
"2023","ko","kommune","Meløy","Nordland","KRF","Kristelig Folkeparti",1,0
"2023","ko","kommune","Meløy","Nordland","V","Venstre",2,0
"2023","ko","kommune","Meløy","Nordland","H","Høyre",3,0
"2023","ko","kommune","Meløy","Nordland","FRP","Fremskrittspartiet",5,3
"2023","ko","kommune","Meløy","Nordland","BLANKE","Blanke",0,0
"2023","ko","kommune","Meløy","Nordland","MFF","Meløy Frie Folkevalgte",2,2
"2023","ko","kommune","Meløy","Nordland","Andre","Andre",2,2
"2023","ko","kommune","Meløy","Nordland","Andre2","Andre2",0,0
"2023","ko","kommune","Gildeskål","Nordland","A","Arbeiderpartiet",4,0
"2023","ko","kommune","Gildeskål","Nordland","SV","SV - Sosialistisk Venstreparti",1,0
"2023","ko","kommune","Gildeskål","Nordland","SP","Senterpartiet",3,0
"2023","ko","kommune","Gildeskål","Nordland","KRF","Kristelig Folkeparti",0,0
"2023","ko","kommune","Gildeskål","Nordland","H","Høyre",4,1
"2023","ko","kommune","Gildeskål","Nordland","FRP","Fremskrittspartiet",3,1
"2023","ko","kommune","Gildeskål","Nordland","BLANKE","Blanke",0,0
"2023","ko","kommune","Gildeskål","Nordland","GL","Gildeskållista",2,-2
"2023","ko","kommune","Gildeskål","Nordland","Andre","Andre",2,-2
"2023","ko","kommune","Gildeskål","Nordland","Andre2","Andre2",0,0
"2023","ko","kommune","Beiarn","Nordland","A","Arbeiderpartiet",4,1
"2023","ko","kommune","Beiarn","Nordland","SP","Senterpartiet",6,-3
"2023","ko","kommune","Beiarn","Nordland","BEBL","Beiarn Bygdeliste",5,2
"2023","ko","kommune","Beiarn","Nordland","BLANKE","Blanke",0,0
"2023","ko","kommune","Beiarn","Nordland","Andre","Andre",5,2
"2023","ko","kommune","Beiarn","Nordland","Andre2","Andre2",0,0
"2023","ko","kommune","Saltdal","Nordland","A","Arbeiderpartiet",4,0
"2023","ko","kommune","Saltdal","Nordland","SV","SV - Sosialistisk Venstreparti",3,3
"2023","ko","kommune","Saltdal","Nordland","RØDT","Rødt",1,-1
"2023","ko","kommune","Saltdal","Nordland","SP","Senterpartiet",3,-4
"2023","ko","kommune","Saltdal","Nordland","KRF","Kristelig Folkeparti",1,1
"2023","ko","kommune","Saltdal","Nordland","H","Høyre",2,0
"2023","ko","kommune","Saltdal","Nordland","FRP","Fremskrittspartiet",5,1
"2023","ko","kommune","Saltdal","Nordland","BLANKE","Blanke",0,0
"2023","ko","kommune","Saltdal","Nordland","SALT","Saltdalslista",2,0
"2023","ko","kommune","Saltdal","Nordland","Andre","Andre",2,0
"2023","ko","kommune","Saltdal","Nordland","Andre2","Andre2",0,0
"2023","ko","kommune","Fauske","Nordland","A","Arbeiderpartiet",7,2
"2023","ko","kommune","Fauske","Nordland","SV","SV - Sosialistisk Venstreparti",3,1
"2023","ko","kommune","Fauske","Nordland","RØDT","Rødt",1,-1
"2023","ko","kommune","Fauske","Nordland","SP","Senterpartiet",4,-1
"2023","ko","kommune","Fauske","Nordland","KRF","Kristelig Folkeparti",0,-1
"2023","ko","kommune","Fauske","Nordland","MDG","Miljøpartiet De Grønne",0,0
"2023","ko","kommune","Fauske","Nordland","V","Venstre",0,0
"2023","ko","kommune","Fauske","Nordland","H","Høyre",7,2
"2023","ko","kommune","Fauske","Nordland","FRP","Fremskrittspartiet",4,1
"2023","ko","kommune","Fauske","Nordland","INP","Industri- og Næringspartiet",1,1
"2023","ko","kommune","Fauske","Nordland","BLANKE","Blanke",0,0
"2023","ko","kommune","Fauske","Nordland","Andre","Andre",1,1
"2023","ko","kommune","Fauske","Nordland","Andre2","Andre2",0,-4
"2023","ko","kommune","Sørfold","Nordland","A","Arbeiderpartiet",7,1
"2023","ko","kommune","Sørfold","Nordland","SV","SV - Sosialistisk Venstreparti",1,0
"2023","ko","kommune","Sørfold","Nordland","RØDT","Rødt",1,0
"2023","ko","kommune","Sørfold","Nordland","SP","Senterpartiet",5,-2
"2023","ko","kommune","Sørfold","Nordland","H","Høyre",3,1
"2023","ko","kommune","Sørfold","Nordland","BLANKE","Blanke",0,0
"2023","ko","kommune","Sørfold","Nordland","Andre","Andre",0,0
"2023","ko","kommune","Sørfold","Nordland","Andre2","Andre2",0,0
"2023","ko","kommune","Steigen","Nordland","A","Arbeiderpartiet",4,1
"2023","ko","kommune","Steigen","Nordland","SV","SV - Sosialistisk Venstreparti",5,2
"2023","ko","kommune","Steigen","Nordland","RØDT","Rødt",1,0
"2023","ko","kommune","Steigen","Nordland","SP","Senterpartiet",3,-4
"2023","ko","kommune","Steigen","Nordland","V","Venstre",1,0
"2023","ko","kommune","Steigen","Nordland","H","Høyre",2,1
"2023","ko","kommune","Steigen","Nordland","FRP","Fremskrittspartiet",1,0
"2023","ko","kommune","Steigen","Nordland","BLANKE","Blanke",0,0
"2023","ko","kommune","Steigen","Nordland","Andre","Andre",0,0
"2023","ko","kommune","Steigen","Nordland","Andre2","Andre2",0,0
"2023","ko","kommune","Lødingen","Nordland","A","Arbeiderpartiet",7,2
"2023","ko","kommune","Lødingen","Nordland","SV","SV - Sosialistisk Venstreparti",1,-1
"2023","ko","kommune","Lødingen","Nordland","H","Høyre",4,1
"2023","ko","kommune","Lødingen","Nordland","FRP","Fremskrittspartiet",3,0
"2023","ko","kommune","Lødingen","Nordland","BLANKE","Blanke",0,0
"2023","ko","kommune","Lødingen","Nordland","FVS","Fellesliste Venstre og Senterpartiet",2,2
"2023","ko","kommune","Lødingen","Nordland","Andre","Andre",2,2
"2023","ko","kommune","Lødingen","Nordland","Andre2","Andre2",0,-4
"2023","ko","kommune","Evenes","Nordland","A","Arbeiderpartiet",5,0
"2023","ko","kommune","Evenes","Nordland","SV","SV - Sosialistisk Venstreparti",1,1
"2023","ko","kommune","Evenes","Nordland","SP","Senterpartiet",2,-1
"2023","ko","kommune","Evenes","Nordland","V","Venstre",0,0
"2023","ko","kommune","Evenes","Nordland","H","Høyre",3,-1
"2023","ko","kommune","Evenes","Nordland","FRP","Fremskrittspartiet",1,1
"2023","ko","kommune","Evenes","Nordland","BLANKE","Blanke",0,0
"2023","ko","kommune","Evenes","Nordland","ETL","Evenes Tverrpolitiske Liste",5,0
"2023","ko","kommune","Evenes","Nordland","Andre","Andre",5,0
"2023","ko","kommune","Evenes","Nordland","Andre2","Andre2",0,0
"2023","ko","kommune","Røst","Nordland","BLANKE","Blanke",0,0
"2023","ko","kommune","Røst","Nordland","RS","Røst Samarbeidsliste",9,3
"2023","ko","kommune","Røst","Nordland","SELI","Sentrumslista",2,-2
"2023","ko","kommune","Røst","Nordland","Andre","Andre",11,1
"2023","ko","kommune","Røst","Nordland","Andre2","Andre2",0,-1
"2023","ko","kommune","Værøy","Nordland","KRF","Kristelig Folkeparti",2,-1
"2023","ko","kommune","Værøy","Nordland","BLANKE","Blanke",0,0
"2023","ko","kommune","Værøy","Nordland","FV","Felleslista for Værøy",4,2
"2023","ko","kommune","Værøy","Nordland","VRL","Værøylista",7,3
"2023","ko","kommune","Værøy","Nordland","Andre","Andre",11,5
"2023","ko","kommune","Værøy","Nordland","Andre2","Andre2",0,-4
"2023","ko","kommune","Flakstad","Nordland","A","Arbeiderpartiet",2,-1
"2023","ko","kommune","Flakstad","Nordland","SV","SV - Sosialistisk Venstreparti",1,0
"2023","ko","kommune","Flakstad","Nordland","SP","Senterpartiet",4,-1
"2023","ko","kommune","Flakstad","Nordland","BLANKE","Blanke",0,0
"2023","ko","kommune","Flakstad","Nordland","FDL","Flakstad distriktsliste",4,3
"2023","ko","kommune","Flakstad","Nordland","Andre","Andre",4,3
"2023","ko","kommune","Flakstad","Nordland","Andre2","Andre2",0,-1
"2023","ko","kommune","Vestvågøy","Nordland","A","Arbeiderpartiet",7,-1
"2023","ko","kommune","Vestvågøy","Nordland","SV","SV - Sosialistisk Venstreparti",2,0
"2023","ko","kommune","Vestvågøy","Nordland","RØDT","Rødt",1,0
"2023","ko","kommune","Vestvågøy","Nordland","SP","Senterpartiet",3,-7
"2023","ko","kommune","Vestvågøy","Nordland","KRF","Kristelig Folkeparti",2,0
"2023","ko","kommune","Vestvågøy","Nordland","MDG","Miljøpartiet De Grønne",1,0
"2023","ko","kommune","Vestvågøy","Nordland","V","Venstre",1,1
"2023","ko","kommune","Vestvågøy","Nordland","H","Høyre",7,3
"2023","ko","kommune","Vestvågøy","Nordland","FRP","Fremskrittspartiet",8,3
"2023","ko","kommune","Vestvågøy","Nordland","DEMN","Norgesdemokratene",1,1
"2023","ko","kommune","Vestvågøy","Nordland","KRISTNE","Konservativt",0,0
"2023","ko","kommune","Vestvågøy","Nordland","BLANKE","Blanke",0,0
"2023","ko","kommune","Vestvågøy","Nordland","Andre","Andre",1,1
"2023","ko","kommune","Vestvågøy","Nordland","Andre2","Andre2",0,0
"2023","ko","kommune","Vågan","Nordland","A","Arbeiderpartiet",5,-2
"2023","ko","kommune","Vågan","Nordland","SV","SV - Sosialistisk Venstreparti",3,0
"2023","ko","kommune","Vågan","Nordland","RØDT","Rødt",2,0
"2023","ko","kommune","Vågan","Nordland","SP","Senterpartiet",4,0
"2023","ko","kommune","Vågan","Nordland","MDG","Miljøpartiet De Grønne",1,0
"2023","ko","kommune","Vågan","Nordland","V","Venstre",2,0
"2023","ko","kommune","Vågan","Nordland","H","Høyre",9,0
"2023","ko","kommune","Vågan","Nordland","FRP","Fremskrittspartiet",3,2
"2023","ko","kommune","Vågan","Nordland","DEMN","Norgesdemokratene",0,0
"2023","ko","kommune","Vågan","Nordland","BLANKE","Blanke",0,0
"2023","ko","kommune","Vågan","Nordland","Andre","Andre",0,0
"2023","ko","kommune","Vågan","Nordland","Andre2","Andre2",0,0
"2023","ko","kommune","Hadsel","Nordland","A","Arbeiderpartiet",3,-1
"2023","ko","kommune","Hadsel","Nordland","SV","SV - Sosialistisk Venstreparti",2,1
"2023","ko","kommune","Hadsel","Nordland","RØDT","Rødt",1,-1
"2023","ko","kommune","Hadsel","Nordland","SP","Senterpartiet",3,-3
"2023","ko","kommune","Hadsel","Nordland","MDG","Miljøpartiet De Grønne",1,0
"2023","ko","kommune","Hadsel","Nordland","V","Venstre",3,0
"2023","ko","kommune","Hadsel","Nordland","H","Høyre",5,2
"2023","ko","kommune","Hadsel","Nordland","FRP","Fremskrittspartiet",1,0
"2023","ko","kommune","Hadsel","Nordland","INP","Industri- og Næringspartiet",1,1
"2023","ko","kommune","Hadsel","Nordland","BLANKE","Blanke",0,0
"2023","ko","kommune","Hadsel","Nordland","MOS","Melbu og omegn samarbeidsliste",5,1
"2023","ko","kommune","Hadsel","Nordland","Andre","Andre",6,2
"2023","ko","kommune","Hadsel","Nordland","Andre2","Andre2",0,0
"2023","ko","kommune","Bø","Nordland","A","Arbeiderpartiet",2,0
"2023","ko","kommune","Bø","Nordland","SP","Senterpartiet",2,-2
"2023","ko","kommune","Bø","Nordland","V","Venstre",3,3
"2023","ko","kommune","Bø","Nordland","H","Høyre",9,-2
"2023","ko","kommune","Bø","Nordland","FRP","Fremskrittspartiet",1,0
"2023","ko","kommune","Bø","Nordland","BLANKE","Blanke",0,0
"2023","ko","kommune","Bø","Nordland","R_SV","SV/Rødt",2,2
"2023","ko","kommune","Bø","Nordland","Andre","Andre",2,2
"2023","ko","kommune","Bø","Nordland","Andre2","Andre2",0,-1
"2023","ko","kommune","Øksnes","Nordland","A","Arbeiderpartiet",4,-1
"2023","ko","kommune","Øksnes","Nordland","SV","SV - Sosialistisk Venstreparti",3,1
"2023","ko","kommune","Øksnes","Nordland","SP","Senterpartiet",5,-3
"2023","ko","kommune","Øksnes","Nordland","H","Høyre",6,4
"2023","ko","kommune","Øksnes","Nordland","FRP","Fremskrittspartiet",3,1
"2023","ko","kommune","Øksnes","Nordland","BLANKE","Blanke",0,0
"2023","ko","kommune","Øksnes","Nordland","Andre","Andre",0,0
"2023","ko","kommune","Øksnes","Nordland","Andre2","Andre2",0,-2
"2023","ko","kommune","Sortland","Nordland","A","Arbeiderpartiet",4,-1
"2023","ko","kommune","Sortland","Nordland","SV","SV - Sosialistisk Venstreparti",2,0
"2023","ko","kommune","Sortland","Nordland","RØDT","Rødt",2,-1
"2023","ko","kommune","Sortland","Nordland","SP","Senterpartiet",2,-5
"2023","ko","kommune","Sortland","Nordland","MDG","Miljøpartiet De Grønne",1,0
"2023","ko","kommune","Sortland","Nordland","V","Venstre",1,1
"2023","ko","kommune","Sortland","Nordland","H","Høyre",12,5
"2023","ko","kommune","Sortland","Nordland","FRP","Fremskrittspartiet",2,0
"2023","ko","kommune","Sortland","Nordland","INP","Industri- og Næringspartiet",1,1
"2023","ko","kommune","Sortland","Nordland","BLANKE","Blanke",0,0
"2023","ko","kommune","Sortland","Nordland","Andre","Andre",1,1
"2023","ko","kommune","Sortland","Nordland","Andre2","Andre2",0,0
"2023","ko","kommune","Andøy","Nordland","A","Arbeiderpartiet",8,5
"2023","ko","kommune","Andøy","Nordland","SV","SV - Sosialistisk Venstreparti",3,1
"2023","ko","kommune","Andøy","Nordland","SP","Senterpartiet",3,-11
"2023","ko","kommune","Andøy","Nordland","MDG","Miljøpartiet De Grønne",1,-1
"2023","ko","kommune","Andøy","Nordland","V","Venstre",1,1
"2023","ko","kommune","Andøy","Nordland","H","Høyre",5,4
"2023","ko","kommune","Andøy","Nordland","FRP","Fremskrittspartiet",2,1
"2023","ko","kommune","Andøy","Nordland","BLANKE","Blanke",0,0
"2023","ko","kommune","Andøy","Nordland","Andre","Andre",0,0
"2023","ko","kommune","Andøy","Nordland","Andre2","Andre2",0,0
"2023","ko","kommune","Moskenes","Nordland","SV","SV - Sosialistisk Venstreparti",4,1
"2023","ko","kommune","Moskenes","Nordland","BLANKE","Blanke",0,0
"2023","ko","kommune","Moskenes","Nordland","MKBYGD","Bygdelista i Moskenes",4,-4
"2023","ko","kommune","Moskenes","Nordland","MOFELL","Moskenes Fellesliste",9,9
"2023","ko","kommune","Moskenes","Nordland","Andre","Andre",13,5
"2023","ko","kommune","Moskenes","Nordland","Andre2","Andre2",0,-6
"2023","ko","kommune","Hamarøy","Nordland","A","Arbeiderpartiet",3,-1
"2023","ko","kommune","Hamarøy","Nordland","SV","SV - Sosialistisk Venstreparti",1,0
"2023","ko","kommune","Hamarøy","Nordland","SP","Senterpartiet",5,-1
"2023","ko","kommune","Hamarøy","Nordland","KRF","Kristelig Folkeparti",0,0
"2023","ko","kommune","Hamarøy","Nordland","MDG","Miljøpartiet De Grønne",0,0
"2023","ko","kommune","Hamarøy","Nordland","V","Venstre",1,0
"2023","ko","kommune","Hamarøy","Nordland","H","Høyre",5,1
"2023","ko","kommune","Hamarøy","Nordland","FRP","Fremskrittspartiet",2,1
"2023","ko","kommune","Hamarøy","Nordland","BLANKE","Blanke",0,0
"2023","ko","kommune","Hamarøy","Nordland","Andre","Andre",0,0
"2023","ko","kommune","Hamarøy","Nordland","Andre2","Andre2",0,0
"2023","ko","kommune","Halden","Østfold","A","Arbeiderpartiet",8,8
"2023","ko","kommune","Halden","Østfold","SV","SV - Sosialistisk Venstreparti",2,2
"2023","ko","kommune","Halden","Østfold","RØDT","Rødt",2,2
"2023","ko","kommune","Halden","Østfold","SP","Senterpartiet",2,2
"2023","ko","kommune","Halden","Østfold","KRF","Kristelig Folkeparti",1,1
"2023","ko","kommune","Halden","Østfold","MDG","Miljøpartiet De Grønne",2,2
"2023","ko","kommune","Halden","Østfold","V","Venstre",0,0
"2023","ko","kommune","Halden","Østfold","H","Høyre",11,11
"2023","ko","kommune","Halden","Østfold","FRP","Fremskrittspartiet",3,3
"2023","ko","kommune","Halden","Østfold","DEMN","Norgesdemokratene",0,0
"2023","ko","kommune","Halden","Østfold","INP","Industri- og Næringspartiet",4,4
"2023","ko","kommune","Halden","Østfold","KRISTNE","Konservativt",0,0
"2023","ko","kommune","Halden","Østfold","LIBS","Liberalistene",0,0
"2023","ko","kommune","Halden","Østfold","PP","Pensjonistpartiet",4,4
"2023","ko","kommune","Halden","Østfold","BLANKE","Blanke",0,0
"2023","ko","kommune","Halden","Østfold","Andre","Andre",8,8
"2023","ko","kommune","Halden","Østfold","Andre2","Andre2",0,0
"2023","ko","kommune","Moss","Østfold","A","Arbeiderpartiet",12,12
"2023","ko","kommune","Moss","Østfold","SV","SV - Sosialistisk Venstreparti",3,3
"2023","ko","kommune","Moss","Østfold","RØDT","Rødt",3,3
"2023","ko","kommune","Moss","Østfold","SP","Senterpartiet",1,1
"2023","ko","kommune","Moss","Østfold","KRF","Kristelig Folkeparti",1,1
"2023","ko","kommune","Moss","Østfold","MDG","Miljøpartiet De Grønne",2,2
"2023","ko","kommune","Moss","Østfold","V","Venstre",2,2
"2023","ko","kommune","Moss","Østfold","H","Høyre",13,13
"2023","ko","kommune","Moss","Østfold","FRP","Fremskrittspartiet",7,7
"2023","ko","kommune","Moss","Østfold","DEMN","Norgesdemokratene",0,0
"2023","ko","kommune","Moss","Østfold","INP","Industri- og Næringspartiet",1,1
"2023","ko","kommune","Moss","Østfold","LIBS","Liberalistene",0,0
"2023","ko","kommune","Moss","Østfold","PP","Pensjonistpartiet",1,1
"2023","ko","kommune","Moss","Østfold","BLANKE","Blanke",0,0
"2023","ko","kommune","Moss","Østfold","NOREXIT","NOREXIT",0,0
"2023","ko","kommune","Moss","Østfold","NYKURS","Ny Kurs",3,3
"2023","ko","kommune","Moss","Østfold","Andre","Andre",5,5
"2023","ko","kommune","Moss","Østfold","Andre2","Andre2",0,0
"2023","ko","kommune","Sarpsborg","Østfold","A","Arbeiderpartiet",12,12
"2023","ko","kommune","Sarpsborg","Østfold","SV","SV - Sosialistisk Venstreparti",1,1
"2023","ko","kommune","Sarpsborg","Østfold","RØDT","Rødt",2,2
"2023","ko","kommune","Sarpsborg","Østfold","SP","Senterpartiet",2,2
"2023","ko","kommune","Sarpsborg","Østfold","KRF","Kristelig Folkeparti",2,2
"2023","ko","kommune","Sarpsborg","Østfold","MDG","Miljøpartiet De Grønne",1,1
"2023","ko","kommune","Sarpsborg","Østfold","V","Venstre",0,0
"2023","ko","kommune","Sarpsborg","Østfold","H","Høyre",11,11
"2023","ko","kommune","Sarpsborg","Østfold","FRP","Fremskrittspartiet",7,7
"2023","ko","kommune","Sarpsborg","Østfold","DEMN","Norgesdemokratene",1,1
"2023","ko","kommune","Sarpsborg","Østfold","INP","Industri- og Næringspartiet",1,1
"2023","ko","kommune","Sarpsborg","Østfold","KRISTNE","Konservativt",0,0
"2023","ko","kommune","Sarpsborg","Østfold","LIBS","Liberalistene",0,0
"2023","ko","kommune","Sarpsborg","Østfold","PP","Pensjonistpartiet",2,2
"2023","ko","kommune","Sarpsborg","Østfold","BLANKE","Blanke",0,0
"2023","ko","kommune","Sarpsborg","Østfold","SAFOSA","Sammen For Sarpsborg",1,1
"2023","ko","kommune","Sarpsborg","Østfold","Andre","Andre",5,5
"2023","ko","kommune","Sarpsborg","Østfold","Andre2","Andre2",0,0
"2023","ko","kommune","Fredrikstad","Østfold","A","Arbeiderpartiet",13,13
"2023","ko","kommune","Fredrikstad","Østfold","SV","SV - Sosialistisk Venstreparti",3,3
"2023","ko","kommune","Fredrikstad","Østfold","RØDT","Rødt",2,2
"2023","ko","kommune","Fredrikstad","Østfold","SP","Senterpartiet",1,1
"2023","ko","kommune","Fredrikstad","Østfold","KRF","Kristelig Folkeparti",2,2
"2023","ko","kommune","Fredrikstad","Østfold","MDG","Miljøpartiet De Grønne",2,2
"2023","ko","kommune","Fredrikstad","Østfold","V","Venstre",2,2
"2023","ko","kommune","Fredrikstad","Østfold","H","Høyre",13,13
"2023","ko","kommune","Fredrikstad","Østfold","FRP","Fremskrittspartiet",8,8
"2023","ko","kommune","Fredrikstad","Østfold","DEMN","Norgesdemokratene",0,0
"2023","ko","kommune","Fredrikstad","Østfold","INP","Industri- og Næringspartiet",2,2
"2023","ko","kommune","Fredrikstad","Østfold","KRISTNE","Konservativt",0,0
"2023","ko","kommune","Fredrikstad","Østfold","LIBS","Liberalistene",0,0
"2023","ko","kommune","Fredrikstad","Østfold","PP","Pensjonistpartiet",3,3
"2023","ko","kommune","Fredrikstad","Østfold","BLANKE","Blanke",0,0
"2023","ko","kommune","Fredrikstad","Østfold","BYMILJØ","Bymiljølista",2,2
"2023","ko","kommune","Fredrikstad","Østfold","Andre","Andre",7,7
"2023","ko","kommune","Fredrikstad","Østfold","Andre2","Andre2",0,0
"2023","ko","kommune","Hvaler","Østfold","A","Arbeiderpartiet",8,8
"2023","ko","kommune","Hvaler","Østfold","SV","SV - Sosialistisk Venstreparti",2,2
"2023","ko","kommune","Hvaler","Østfold","SP","Senterpartiet",2,2
"2023","ko","kommune","Hvaler","Østfold","MDG","Miljøpartiet De Grønne",1,1
"2023","ko","kommune","Hvaler","Østfold","V","Venstre",0,0
"2023","ko","kommune","Hvaler","Østfold","H","Høyre",3,3
"2023","ko","kommune","Hvaler","Østfold","FRP","Fremskrittspartiet",3,3
"2023","ko","kommune","Hvaler","Østfold","BLANKE","Blanke",0,0
"2023","ko","kommune","Hvaler","Østfold","STYR","Hvaler Styrbord",2,2
"2023","ko","kommune","Hvaler","Østfold","Andre","Andre",2,2
"2023","ko","kommune","Hvaler","Østfold","Andre2","Andre2",0,0
"2023","ko","kommune","Råde","Østfold","A","Arbeiderpartiet",5,5
"2023","ko","kommune","Råde","Østfold","SP","Senterpartiet",3,3
"2023","ko","kommune","Råde","Østfold","KRF","Kristelig Folkeparti",2,2
"2023","ko","kommune","Råde","Østfold","MDG","Miljøpartiet De Grønne",2,2
"2023","ko","kommune","Råde","Østfold","H","Høyre",11,11
"2023","ko","kommune","Råde","Østfold","FRP","Fremskrittspartiet",4,4
"2023","ko","kommune","Råde","Østfold","BLANKE","Blanke",0,0
"2023","ko","kommune","Råde","Østfold","Andre","Andre",0,0
"2023","ko","kommune","Råde","Østfold","Andre2","Andre2",0,0
"2023","ko","kommune","Våler","Østfold","A","Arbeiderpartiet",2,2
"2023","ko","kommune","Våler","Østfold","SP","Senterpartiet",9,9
"2023","ko","kommune","Våler","Østfold","KRF","Kristelig Folkeparti",1,1
"2023","ko","kommune","Våler","Østfold","H","Høyre",7,7
"2023","ko","kommune","Våler","Østfold","FRP","Fremskrittspartiet",2,2
"2023","ko","kommune","Våler","Østfold","DEMN","Norgesdemokratene",0,0
"2023","ko","kommune","Våler","Østfold","BLANKE","Blanke",0,0
"2023","ko","kommune","Våler","Østfold","Andre","Andre",0,0
"2023","ko","kommune","Våler","Østfold","Andre2","Andre2",0,0
"2023","ko","kommune","Skiptvet","Østfold","A","Arbeiderpartiet",7,7
"2023","ko","kommune","Skiptvet","Østfold","SP","Senterpartiet",5,5
"2023","ko","kommune","Skiptvet","Østfold","KRF","Kristelig Folkeparti",1,1
"2023","ko","kommune","Skiptvet","Østfold","H","Høyre",5,5
"2023","ko","kommune","Skiptvet","Østfold","FRP","Fremskrittspartiet",3,3
"2023","ko","kommune","Skiptvet","Østfold","BLANKE","Blanke",0,0
"2023","ko","kommune","Skiptvet","Østfold","Andre","Andre",0,0
"2023","ko","kommune","Skiptvet","Østfold","Andre2","Andre2",0,0
"2023","ko","kommune","Indre Østfold","Østfold","A","Arbeiderpartiet",8,8
"2023","ko","kommune","Indre Østfold","Østfold","SV","SV - Sosialistisk Venstreparti",2,2
"2023","ko","kommune","Indre Østfold","Østfold","RØDT","Rødt",1,1
"2023","ko","kommune","Indre Østfold","Østfold","SP","Senterpartiet",10,10
"2023","ko","kommune","Indre Østfold","Østfold","KRF","Kristelig Folkeparti",2,2
"2023","ko","kommune","Indre Østfold","Østfold","MDG","Miljøpartiet De Grønne",1,1
"2023","ko","kommune","Indre Østfold","Østfold","V","Venstre",1,1
"2023","ko","kommune","Indre Østfold","Østfold","H","Høyre",11,11
"2023","ko","kommune","Indre Østfold","Østfold","FRP","Fremskrittspartiet",6,6
"2023","ko","kommune","Indre Østfold","Østfold","INP","Industri- og Næringspartiet",1,1
"2023","ko","kommune","Indre Østfold","Østfold","KRISTNE","Konservativt",0,0
"2023","ko","kommune","Indre Østfold","Østfold","BLANKE","Blanke",0,0
"2023","ko","kommune","Indre Østfold","Østfold","FOLKST","Folkets Stemme",2,2
"2023","ko","kommune","Indre Østfold","Østfold","Andre","Andre",3,3
"2023","ko","kommune","Indre Østfold","Østfold","Andre2","Andre2",0,0
"2023","ko","kommune","Rakkestad","Østfold","A","Arbeiderpartiet",5,5
"2023","ko","kommune","Rakkestad","Østfold","RØDT","Rødt",1,1
"2023","ko","kommune","Rakkestad","Østfold","SP","Senterpartiet",11,11
"2023","ko","kommune","Rakkestad","Østfold","KRF","Kristelig Folkeparti",2,2
"2023","ko","kommune","Rakkestad","Østfold","H","Høyre",3,3
"2023","ko","kommune","Rakkestad","Østfold","FRP","Fremskrittspartiet",3,3
"2023","ko","kommune","Rakkestad","Østfold","BLANKE","Blanke",0,0
"2023","ko","kommune","Rakkestad","Østfold","Andre","Andre",0,0
"2023","ko","kommune","Rakkestad","Østfold","Andre2","Andre2",0,0
"2023","ko","kommune","Marker","Østfold","A","Arbeiderpartiet",8,8
"2023","ko","kommune","Marker","Østfold","SP","Senterpartiet",7,7
"2023","ko","kommune","Marker","Østfold","V","Venstre",1,1
"2023","ko","kommune","Marker","Østfold","BLANKE","Blanke",0,0
"2023","ko","kommune","Marker","Østfold","H_KRF","Høyre og Kristelig folkeparti",2,2
"2023","ko","kommune","Marker","Østfold","MARBYG","Marker Bygdeliste",3,3
"2023","ko","kommune","Marker","Østfold","Andre","Andre",5,5
"2023","ko","kommune","Marker","Østfold","Andre2","Andre2",0,0
"2023","ko","kommune","Aremark","Østfold","A","Arbeiderpartiet",2,2
"2023","ko","kommune","Aremark","Østfold","SP","Senterpartiet",9,9
"2023","ko","kommune","Aremark","Østfold","KRF","Kristelig Folkeparti",2,2
"2023","ko","kommune","Aremark","Østfold","H","Høyre",4,4
"2023","ko","kommune","Aremark","Østfold","BLANKE","Blanke",0,0
"2023","ko","kommune","Aremark","Østfold","Andre","Andre",0,0
"2023","ko","kommune","Aremark","Østfold","Andre2","Andre2",0,0
"2023","ko","kommune","Bærum","Akershus","A","Arbeiderpartiet",7,7
"2023","ko","kommune","Bærum","Akershus","SV","SV - Sosialistisk Venstreparti",2,2
"2023","ko","kommune","Bærum","Akershus","RØDT","Rødt",1,1
"2023","ko","kommune","Bærum","Akershus","SP","Senterpartiet",0,0
"2023","ko","kommune","Bærum","Akershus","KRF","Kristelig Folkeparti",1,1
"2023","ko","kommune","Bærum","Akershus","MDG","Miljøpartiet De Grønne",3,3
"2023","ko","kommune","Bærum","Akershus","V","Venstre",6,6
"2023","ko","kommune","Bærum","Akershus","H","Høyre",25,25
"2023","ko","kommune","Bærum","Akershus","FRP","Fremskrittspartiet",4,4
"2023","ko","kommune","Bærum","Akershus","AAN","Alliansen - Alternativ for Norge",0,0
"2023","ko","kommune","Bærum","Akershus","DEMN","Norgesdemokratene",0,0
"2023","ko","kommune","Bærum","Akershus","INP","Industri- og Næringspartiet",1,1
"2023","ko","kommune","Bærum","Akershus","KRISTNE","Konservativt",0,0
"2023","ko","kommune","Bærum","Akershus","LIBS","Liberalistene",0,0
"2023","ko","kommune","Bærum","Akershus","PP","Pensjonistpartiet",1,1
"2023","ko","kommune","Bærum","Akershus","PS","Partiet Sentrum",0,0
"2023","ko","kommune","Bærum","Akershus","BLANKE","Blanke",0,0
"2023","ko","kommune","Bærum","Akershus","Andre","Andre",2,2
"2023","ko","kommune","Bærum","Akershus","Andre2","Andre2",0,0
"2023","ko","kommune","Asker","Akershus","A","Arbeiderpartiet",7,7
"2023","ko","kommune","Asker","Akershus","SV","SV - Sosialistisk Venstreparti",3,3
"2023","ko","kommune","Asker","Akershus","RØDT","Rødt",1,1
"2023","ko","kommune","Asker","Akershus","SP","Senterpartiet",1,1
"2023","ko","kommune","Asker","Akershus","KRF","Kristelig Folkeparti",1,1
"2023","ko","kommune","Asker","Akershus","MDG","Miljøpartiet De Grønne",4,4
"2023","ko","kommune","Asker","Akershus","V","Venstre",4,4
"2023","ko","kommune","Asker","Akershus","H","Høyre",26,26
"2023","ko","kommune","Asker","Akershus","FRP","Fremskrittspartiet",5,5
"2023","ko","kommune","Asker","Akershus","DEMN","Norgesdemokratene",0,0
"2023","ko","kommune","Asker","Akershus","INP","Industri- og Næringspartiet",2,2
"2023","ko","kommune","Asker","Akershus","LIBS","Liberalistene",0,0
"2023","ko","kommune","Asker","Akershus","PP","Pensjonistpartiet",1,1
"2023","ko","kommune","Asker","Akershus","PS","Partiet Sentrum",0,0
"2023","ko","kommune","Asker","Akershus","BLANKE","Blanke",0,0
"2023","ko","kommune","Asker","Akershus","Andre","Andre",3,3
"2023","ko","kommune","Asker","Akershus","Andre2","Andre2",0,0
"2023","ko","kommune","Lillestrøm","Akershus","A","Arbeiderpartiet",14,14
"2023","ko","kommune","Lillestrøm","Akershus","SV","SV - Sosialistisk Venstreparti",3,3
"2023","ko","kommune","Lillestrøm","Akershus","RØDT","Rødt",1,1
"2023","ko","kommune","Lillestrøm","Akershus","SP","Senterpartiet",3,3
"2023","ko","kommune","Lillestrøm","Akershus","KRF","Kristelig Folkeparti",1,1
"2023","ko","kommune","Lillestrøm","Akershus","MDG","Miljøpartiet De Grønne",2,2
"2023","ko","kommune","Lillestrøm","Akershus","V","Venstre",2,2
"2023","ko","kommune","Lillestrøm","Akershus","H","Høyre",16,16
"2023","ko","kommune","Lillestrøm","Akershus","FRP","Fremskrittspartiet",8,8
"2023","ko","kommune","Lillestrøm","Akershus","DEMN","Norgesdemokratene",0,0
"2023","ko","kommune","Lillestrøm","Akershus","FNB","Folkets Parti",0,0
"2023","ko","kommune","Lillestrøm","Akershus","INP","Industri- og Næringspartiet",1,1
"2023","ko","kommune","Lillestrøm","Akershus","KRISTNE","Konservativt",0,0
"2023","ko","kommune","Lillestrøm","Akershus","LIBS","Liberalistene",0,0
"2023","ko","kommune","Lillestrøm","Akershus","PP","Pensjonistpartiet",1,1
"2023","ko","kommune","Lillestrøm","Akershus","BLANKE","Blanke",0,0
"2023","ko","kommune","Lillestrøm","Akershus","FRBB","Folkets Røst",3,3
"2023","ko","kommune","Lillestrøm","Akershus","Andre","Andre",5,5
"2023","ko","kommune","Lillestrøm","Akershus","Andre2","Andre2",0,0
"2023","ko","kommune","Nordre Follo","Akershus","A","Arbeiderpartiet",9,9
"2023","ko","kommune","Nordre Follo","Akershus","SV","SV - Sosialistisk Venstreparti",3,3
"2023","ko","kommune","Nordre Follo","Akershus","RØDT","Rødt",1,1
"2023","ko","kommune","Nordre Follo","Akershus","SP","Senterpartiet",1,1
"2023","ko","kommune","Nordre Follo","Akershus","KRF","Kristelig Folkeparti",1,1
"2023","ko","kommune","Nordre Follo","Akershus","MDG","Miljøpartiet De Grønne",3,3
"2023","ko","kommune","Nordre Follo","Akershus","V","Venstre",3,3
"2023","ko","kommune","Nordre Follo","Akershus","H","Høyre",18,18
"2023","ko","kommune","Nordre Follo","Akershus","FRP","Fremskrittspartiet",5,5
"2023","ko","kommune","Nordre Follo","Akershus","KRISTNE","Konservativt",0,0
"2023","ko","kommune","Nordre Follo","Akershus","LIBS","Liberalistene",0,0
"2023","ko","kommune","Nordre Follo","Akershus","PP","Pensjonistpartiet",2,2
"2023","ko","kommune","Nordre Follo","Akershus","PS","Partiet Sentrum",1,1
"2023","ko","kommune","Nordre Follo","Akershus","BLANKE","Blanke",0,0
"2023","ko","kommune","Nordre Follo","Akershus","Andre","Andre",3,3
"2023","ko","kommune","Nordre Follo","Akershus","Andre2","Andre2",0,0
"2023","ko","kommune","Ullensaker","Akershus","A","Arbeiderpartiet",10,10
"2023","ko","kommune","Ullensaker","Akershus","SV","SV - Sosialistisk Venstreparti",2,2
"2023","ko","kommune","Ullensaker","Akershus","RØDT","Rødt",1,1
"2023","ko","kommune","Ullensaker","Akershus","SP","Senterpartiet",4,4
"2023","ko","kommune","Ullensaker","Akershus","KRF","Kristelig Folkeparti",1,1
"2023","ko","kommune","Ullensaker","Akershus","MDG","Miljøpartiet De Grønne",1,1
"2023","ko","kommune","Ullensaker","Akershus","V","Venstre",2,2
"2023","ko","kommune","Ullensaker","Akershus","H","Høyre",10,10
"2023","ko","kommune","Ullensaker","Akershus","FRP","Fremskrittspartiet",14,14
"2023","ko","kommune","Ullensaker","Akershus","DEMN","Norgesdemokratene",0,0
"2023","ko","kommune","Ullensaker","Akershus","KRISTNE","Konservativt",0,0
"2023","ko","kommune","Ullensaker","Akershus","LIBS","Liberalistene",0,0
"2023","ko","kommune","Ullensaker","Akershus","BLANKE","Blanke",0,0
"2023","ko","kommune","Ullensaker","Akershus","Andre","Andre",0,0
"2023","ko","kommune","Ullensaker","Akershus","Andre2","Andre2",0,0
"2023","ko","kommune","Nesodden","Akershus","A","Arbeiderpartiet",7,7
"2023","ko","kommune","Nesodden","Akershus","SV","SV - Sosialistisk Venstreparti",3,3
"2023","ko","kommune","Nesodden","Akershus","RØDT","Rødt",3,3
"2023","ko","kommune","Nesodden","Akershus","SP","Senterpartiet",0,0
"2023","ko","kommune","Nesodden","Akershus","KRF","Kristelig Folkeparti",1,1
"2023","ko","kommune","Nesodden","Akershus","MDG","Miljøpartiet De Grønne",4,4
"2023","ko","kommune","Nesodden","Akershus","V","Venstre",2,2
"2023","ko","kommune","Nesodden","Akershus","H","Høyre",8,8
"2023","ko","kommune","Nesodden","Akershus","FRP","Fremskrittspartiet",2,2
"2023","ko","kommune","Nesodden","Akershus","DEMN","Norgesdemokratene",0,0
"2023","ko","kommune","Nesodden","Akershus","KRISTNE","Konservativt",0,0
"2023","ko","kommune","Nesodden","Akershus","PP","Pensjonistpartiet",1,1
"2023","ko","kommune","Nesodden","Akershus","BLANKE","Blanke",0,0
"2023","ko","kommune","Nesodden","Akershus","Andre","Andre",1,1
"2023","ko","kommune","Nesodden","Akershus","Andre2","Andre2",0,0
"2023","ko","kommune","Frogn","Akershus","A","Arbeiderpartiet",4,4
"2023","ko","kommune","Frogn","Akershus","SV","SV - Sosialistisk Venstreparti",2,2
"2023","ko","kommune","Frogn","Akershus","RØDT","Rødt",1,1
"2023","ko","kommune","Frogn","Akershus","SP","Senterpartiet",2,2
"2023","ko","kommune","Frogn","Akershus","KRF","Kristelig Folkeparti",0,0
"2023","ko","kommune","Frogn","Akershus","MDG","Miljøpartiet De Grønne",2,2
"2023","ko","kommune","Frogn","Akershus","V","Venstre",2,2
"2023","ko","kommune","Frogn","Akershus","H","Høyre",12,12
"2023","ko","kommune","Frogn","Akershus","FRP","Fremskrittspartiet",3,3
"2023","ko","kommune","Frogn","Akershus","KRISTNE","Konservativt",0,0
"2023","ko","kommune","Frogn","Akershus","PP","Pensjonistpartiet",2,2
"2023","ko","kommune","Frogn","Akershus","PS","Partiet Sentrum",1,1
"2023","ko","kommune","Frogn","Akershus","BLANKE","Blanke",0,0
"2023","ko","kommune","Frogn","Akershus","Andre","Andre",3,3
"2023","ko","kommune","Frogn","Akershus","Andre2","Andre2",0,0
"2023","ko","kommune","Vestby","Akershus","A","Arbeiderpartiet",7,7
"2023","ko","kommune","Vestby","Akershus","SV","SV - Sosialistisk Venstreparti",1,1
"2023","ko","kommune","Vestby","Akershus","RØDT","Rødt",1,1
"2023","ko","kommune","Vestby","Akershus","SP","Senterpartiet",2,2
"2023","ko","kommune","Vestby","Akershus","KRF","Kristelig Folkeparti",0,0
"2023","ko","kommune","Vestby","Akershus","MDG","Miljøpartiet De Grønne",2,2
"2023","ko","kommune","Vestby","Akershus","V","Venstre",1,1
"2023","ko","kommune","Vestby","Akershus","H","Høyre",8,8
"2023","ko","kommune","Vestby","Akershus","FRP","Fremskrittspartiet",3,3
"2023","ko","kommune","Vestby","Akershus","INP","Industri- og Næringspartiet",1,1
"2023","ko","kommune","Vestby","Akershus","KRISTNE","Konservativt",0,0
"2023","ko","kommune","Vestby","Akershus","LIBS","Liberalistene",0,0
"2023","ko","kommune","Vestby","Akershus","BLANKE","Blanke",0,0
"2023","ko","kommune","Vestby","Akershus","BYGDL","Bygdelista",1,1
"2023","ko","kommune","Vestby","Akershus","Andre","Andre",2,2
"2023","ko","kommune","Vestby","Akershus","Andre2","Andre2",0,0
"2023","ko","kommune","Ås","Akershus","A","Arbeiderpartiet",6,6
"2023","ko","kommune","Ås","Akershus","SV","SV - Sosialistisk Venstreparti",3,3
"2023","ko","kommune","Ås","Akershus","RØDT","Rødt",1,1
"2023","ko","kommune","Ås","Akershus","SP","Senterpartiet",2,2
"2023","ko","kommune","Ås","Akershus","KRF","Kristelig Folkeparti",0,0
"2023","ko","kommune","Ås","Akershus","MDG","Miljøpartiet De Grønne",3,3
"2023","ko","kommune","Ås","Akershus","V","Venstre",2,2
"2023","ko","kommune","Ås","Akershus","H","Høyre",10,10
"2023","ko","kommune","Ås","Akershus","FRP","Fremskrittspartiet",4,4
"2023","ko","kommune","Ås","Akershus","INP","Industri- og Næringspartiet",1,1
"2023","ko","kommune","Ås","Akershus","PS","Partiet Sentrum",1,1
"2023","ko","kommune","Ås","Akershus","BLANKE","Blanke",0,0
"2023","ko","kommune","Ås","Akershus","Andre","Andre",2,2
"2023","ko","kommune","Ås","Akershus","Andre2","Andre2",0,0
"2023","ko","kommune","Enebakk","Akershus","A","Arbeiderpartiet",6,6
"2023","ko","kommune","Enebakk","Akershus","SV","SV - Sosialistisk Venstreparti",2,2
"2023","ko","kommune","Enebakk","Akershus","RØDT","Rødt",1,1
"2023","ko","kommune","Enebakk","Akershus","SP","Senterpartiet",4,4
"2023","ko","kommune","Enebakk","Akershus","KRF","Kristelig Folkeparti",1,1
"2023","ko","kommune","Enebakk","Akershus","MDG","Miljøpartiet De Grønne",0,0
"2023","ko","kommune","Enebakk","Akershus","V","Venstre",1,1
"2023","ko","kommune","Enebakk","Akershus","H","Høyre",7,7
"2023","ko","kommune","Enebakk","Akershus","FRP","Fremskrittspartiet",5,5
"2023","ko","kommune","Enebakk","Akershus","BLANKE","Blanke",0,0
"2023","ko","kommune","Enebakk","Akershus","Andre","Andre",0,0
"2023","ko","kommune","Enebakk","Akershus","Andre2","Andre2",0,0
"2023","ko","kommune","Lørenskog","Akershus","A","Arbeiderpartiet",11,11
"2023","ko","kommune","Lørenskog","Akershus","SV","SV - Sosialistisk Venstreparti",3,3
"2023","ko","kommune","Lørenskog","Akershus","RØDT","Rødt",1,1
"2023","ko","kommune","Lørenskog","Akershus","SP","Senterpartiet",2,2
"2023","ko","kommune","Lørenskog","Akershus","KRF","Kristelig Folkeparti",1,1
"2023","ko","kommune","Lørenskog","Akershus","MDG","Miljøpartiet De Grønne",2,2
"2023","ko","kommune","Lørenskog","Akershus","V","Venstre",3,3
"2023","ko","kommune","Lørenskog","Akershus","H","Høyre",16,16
"2023","ko","kommune","Lørenskog","Akershus","FRP","Fremskrittspartiet",6,6
"2023","ko","kommune","Lørenskog","Akershus","KRISTNE","Konservativt",1,1
"2023","ko","kommune","Lørenskog","Akershus","PS","Partiet Sentrum",1,1
"2023","ko","kommune","Lørenskog","Akershus","BLANKE","Blanke",0,0
"2023","ko","kommune","Lørenskog","Akershus","Andre","Andre",2,2
"2023","ko","kommune","Lørenskog","Akershus","Andre2","Andre2",0,0
"2023","ko","kommune","Rælingen","Akershus","A","Arbeiderpartiet",14,14
"2023","ko","kommune","Rælingen","Akershus","SV","SV - Sosialistisk Venstreparti",2,2
"2023","ko","kommune","Rælingen","Akershus","RØDT","Rødt",0,0
"2023","ko","kommune","Rælingen","Akershus","SP","Senterpartiet",1,1
"2023","ko","kommune","Rælingen","Akershus","KRF","Kristelig Folkeparti",1,1
"2023","ko","kommune","Rælingen","Akershus","MDG","Miljøpartiet De Grønne",1,1
"2023","ko","kommune","Rælingen","Akershus","V","Venstre",1,1
"2023","ko","kommune","Rælingen","Akershus","H","Høyre",10,10
"2023","ko","kommune","Rælingen","Akershus","FRP","Fremskrittspartiet",3,3
"2023","ko","kommune","Rælingen","Akershus","INP","Industri- og Næringspartiet",1,1
"2023","ko","kommune","Rælingen","Akershus","KRISTNE","Konservativt",1,1
"2023","ko","kommune","Rælingen","Akershus","BLANKE","Blanke",0,0
"2023","ko","kommune","Rælingen","Akershus","Andre","Andre",2,2
"2023","ko","kommune","Rælingen","Akershus","Andre2","Andre2",0,0
"2023","ko","kommune","Aurskog-Høland","Akershus","A","Arbeiderpartiet",13,13
"2023","ko","kommune","Aurskog-Høland","Akershus","SV","SV - Sosialistisk Venstreparti",1,1
"2023","ko","kommune","Aurskog-Høland","Akershus","RØDT","Rødt",1,1
"2023","ko","kommune","Aurskog-Høland","Akershus","SP","Senterpartiet",7,7
"2023","ko","kommune","Aurskog-Høland","Akershus","KRF","Kristelig Folkeparti",2,2
"2023","ko","kommune","Aurskog-Høland","Akershus","MDG","Miljøpartiet De Grønne",0,0
"2023","ko","kommune","Aurskog-Høland","Akershus","V","Venstre",0,0
"2023","ko","kommune","Aurskog-Høland","Akershus","H","Høyre",4,4
"2023","ko","kommune","Aurskog-Høland","Akershus","FRP","Fremskrittspartiet",7,7
"2023","ko","kommune","Aurskog-Høland","Akershus","BLANKE","Blanke",0,0
"2023","ko","kommune","Aurskog-Høland","Akershus","Andre","Andre",0,0
"2023","ko","kommune","Aurskog-Høland","Akershus","Andre2","Andre2",0,0
"2023","ko","kommune","Nes","Akershus","A","Arbeiderpartiet",9,9
"2023","ko","kommune","Nes","Akershus","SP","Senterpartiet",4,4
"2023","ko","kommune","Nes","Akershus","KRF","Kristelig Folkeparti",1,1
"2023","ko","kommune","Nes","Akershus","MDG","Miljøpartiet De Grønne",2,2
"2023","ko","kommune","Nes","Akershus","V","Venstre",1,1
"2023","ko","kommune","Nes","Akershus","H","Høyre",7,7
"2023","ko","kommune","Nes","Akershus","FRP","Fremskrittspartiet",7,7
"2023","ko","kommune","Nes","Akershus","INP","Industri- og Næringspartiet",2,2
"2023","ko","kommune","Nes","Akershus","KRISTNE","Konservativt",0,0
"2023","ko","kommune","Nes","Akershus","LIBS","Liberalistene",0,0
"2023","ko","kommune","Nes","Akershus","BLANKE","Blanke",0,0
"2023","ko","kommune","Nes","Akershus","SVRØDT","Sosialistisk Venstreparti og Rødt",2,2
"2023","ko","kommune","Nes","Akershus","Andre","Andre",4,4
"2023","ko","kommune","Nes","Akershus","Andre2","Andre2",0,0
"2023","ko","kommune","Gjerdrum","Akershus","A","Arbeiderpartiet",6,6
"2023","ko","kommune","Gjerdrum","Akershus","SV","SV - Sosialistisk Venstreparti",1,1
"2023","ko","kommune","Gjerdrum","Akershus","SP","Senterpartiet",3,3
"2023","ko","kommune","Gjerdrum","Akershus","KRF","Kristelig Folkeparti",1,1
"2023","ko","kommune","Gjerdrum","Akershus","MDG","Miljøpartiet De Grønne",2,2
"2023","ko","kommune","Gjerdrum","Akershus","V","Venstre",1,1
"2023","ko","kommune","Gjerdrum","Akershus","H","Høyre",8,8
"2023","ko","kommune","Gjerdrum","Akershus","FRP","Fremskrittspartiet",3,3
"2023","ko","kommune","Gjerdrum","Akershus","BLANKE","Blanke",0,0
"2023","ko","kommune","Gjerdrum","Akershus","Andre","Andre",0,0
"2023","ko","kommune","Gjerdrum","Akershus","Andre2","Andre2",0,0
"2023","ko","kommune","Nittedal","Akershus","A","Arbeiderpartiet",6,6
"2023","ko","kommune","Nittedal","Akershus","SV","SV - Sosialistisk Venstreparti",2,2
"2023","ko","kommune","Nittedal","Akershus","RØDT","Rødt",1,1
"2023","ko","kommune","Nittedal","Akershus","SP","Senterpartiet",1,1
"2023","ko","kommune","Nittedal","Akershus","KRF","Kristelig Folkeparti",1,1
"2023","ko","kommune","Nittedal","Akershus","MDG","Miljøpartiet De Grønne",2,2
"2023","ko","kommune","Nittedal","Akershus","V","Venstre",2,2
"2023","ko","kommune","Nittedal","Akershus","H","Høyre",9,9
"2023","ko","kommune","Nittedal","Akershus","FRP","Fremskrittspartiet",4,4
"2023","ko","kommune","Nittedal","Akershus","DEMN","Norgesdemokratene",0,0
"2023","ko","kommune","Nittedal","Akershus","INP","Industri- og Næringspartiet",1,1
"2023","ko","kommune","Nittedal","Akershus","KRISTNE","Konservativt",0,0
"2023","ko","kommune","Nittedal","Akershus","BLANKE","Blanke",0,0
"2023","ko","kommune","Nittedal","Akershus","Andre","Andre",1,1
"2023","ko","kommune","Nittedal","Akershus","Andre2","Andre2",0,0
"2023","ko","kommune","Lunner","Akershus","A","Arbeiderpartiet",11,11
"2023","ko","kommune","Lunner","Akershus","SV","SV - Sosialistisk Venstreparti",1,1
"2023","ko","kommune","Lunner","Akershus","RØDT","Rødt",1,1
"2023","ko","kommune","Lunner","Akershus","SP","Senterpartiet",3,3
"2023","ko","kommune","Lunner","Akershus","MDG","Miljøpartiet De Grønne",1,1
"2023","ko","kommune","Lunner","Akershus","V","Venstre",1,1
"2023","ko","kommune","Lunner","Akershus","H","Høyre",5,5
"2023","ko","kommune","Lunner","Akershus","FRP","Fremskrittspartiet",2,2
"2023","ko","kommune","Lunner","Akershus","KRISTNE","Konservativt",0,0
"2023","ko","kommune","Lunner","Akershus","BLANKE","Blanke",0,0
"2023","ko","kommune","Lunner","Akershus","Andre","Andre",0,0
"2023","ko","kommune","Lunner","Akershus","Andre2","Andre2",0,0
"2023","ko","kommune","Jevnaker","Akershus","A","Arbeiderpartiet",10,10
"2023","ko","kommune","Jevnaker","Akershus","SV","SV - Sosialistisk Venstreparti",1,1
"2023","ko","kommune","Jevnaker","Akershus","RØDT","Rødt",1,1
"2023","ko","kommune","Jevnaker","Akershus","SP","Senterpartiet",1,1
"2023","ko","kommune","Jevnaker","Akershus","MDG","Miljøpartiet De Grønne",0,0
"2023","ko","kommune","Jevnaker","Akershus","H","Høyre",3,3
"2023","ko","kommune","Jevnaker","Akershus","FRP","Fremskrittspartiet",3,3
"2023","ko","kommune","Jevnaker","Akershus","BLANKE","Blanke",0,0
"2023","ko","kommune","Jevnaker","Akershus","Andre","Andre",0,0
"2023","ko","kommune","Jevnaker","Akershus","Andre2","Andre2",0,0
"2023","ko","kommune","Nannestad","Akershus","A","Arbeiderpartiet",8,8
"2023","ko","kommune","Nannestad","Akershus","SV","SV - Sosialistisk Venstreparti",1,1
"2023","ko","kommune","Nannestad","Akershus","RØDT","Rødt",0,0
"2023","ko","kommune","Nannestad","Akershus","SP","Senterpartiet",3,3
"2023","ko","kommune","Nannestad","Akershus","KRF","Kristelig Folkeparti",1,1
"2023","ko","kommune","Nannestad","Akershus","MDG","Miljøpartiet De Grønne",1,1
"2023","ko","kommune","Nannestad","Akershus","V","Venstre",1,1
"2023","ko","kommune","Nannestad","Akershus","H","Høyre",6,6
"2023","ko","kommune","Nannestad","Akershus","FRP","Fremskrittspartiet",4,4
"2023","ko","kommune","Nannestad","Akershus","DEMN","Norgesdemokratene",1,1
"2023","ko","kommune","Nannestad","Akershus","INP","Industri- og Næringspartiet",1,1
"2023","ko","kommune","Nannestad","Akershus","BLANKE","Blanke",0,0
"2023","ko","kommune","Nannestad","Akershus","NANB","Nannestad bygdeliste",4,4
"2023","ko","kommune","Nannestad","Akershus","Andre","Andre",6,6
"2023","ko","kommune","Nannestad","Akershus","Andre2","Andre2",0,0
"2023","ko","kommune","Eidsvoll","Akershus","A","Arbeiderpartiet",8,8
"2023","ko","kommune","Eidsvoll","Akershus","SV","SV - Sosialistisk Venstreparti",2,2
"2023","ko","kommune","Eidsvoll","Akershus","RØDT","Rødt",1,1
"2023","ko","kommune","Eidsvoll","Akershus","SP","Senterpartiet",3,3
"2023","ko","kommune","Eidsvoll","Akershus","KRF","Kristelig Folkeparti",1,1
"2023","ko","kommune","Eidsvoll","Akershus","MDG","Miljøpartiet De Grønne",1,1
"2023","ko","kommune","Eidsvoll","Akershus","V","Venstre",1,1
"2023","ko","kommune","Eidsvoll","Akershus","H","Høyre",11,11
"2023","ko","kommune","Eidsvoll","Akershus","FRP","Fremskrittspartiet",5,5
"2023","ko","kommune","Eidsvoll","Akershus","INP","Industri- og Næringspartiet",1,1
"2023","ko","kommune","Eidsvoll","Akershus","LIBS","Liberalistene",0,0
"2023","ko","kommune","Eidsvoll","Akershus","PP","Pensjonistpartiet",1,1
"2023","ko","kommune","Eidsvoll","Akershus","BLANKE","Blanke",0,0
"2023","ko","kommune","Eidsvoll","Akershus","Andre","Andre",2,2
"2023","ko","kommune","Eidsvoll","Akershus","Andre2","Andre2",0,0
"2023","ko","kommune","Hurdal","Akershus","A","Arbeiderpartiet",2,2
"2023","ko","kommune","Hurdal","Akershus","SP","Senterpartiet",5,5
"2023","ko","kommune","Hurdal","Akershus","KRF","Kristelig Folkeparti",1,1
"2023","ko","kommune","Hurdal","Akershus","MDG","Miljøpartiet De Grønne",0,0
"2023","ko","kommune","Hurdal","Akershus","V","Venstre",1,1
"2023","ko","kommune","Hurdal","Akershus","H","Høyre",2,2
"2023","ko","kommune","Hurdal","Akershus","FRP","Fremskrittspartiet",3,3
"2023","ko","kommune","Hurdal","Akershus","BLANKE","Blanke",0,0
"2023","ko","kommune","Hurdal","Akershus","FSVRØ","Fellesliste SV - Sosialistisk Venstreparti og Rødt",1,1
"2023","ko","kommune","Hurdal","Akershus","GIH","Glad i Hurdal",2,2
"2023","ko","kommune","Hurdal","Akershus","Andre","Andre",3,3
"2023","ko","kommune","Hurdal","Akershus","Andre2","Andre2",0,0
"2023","ko","kommune","Drammen","Buskerud","A","Arbeiderpartiet",13,13
"2023","ko","kommune","Drammen","Buskerud","SV","SV - Sosialistisk Venstreparti",3,3
"2023","ko","kommune","Drammen","Buskerud","RØDT","Rødt",2,2
"2023","ko","kommune","Drammen","Buskerud","SP","Senterpartiet",2,2
"2023","ko","kommune","Drammen","Buskerud","KRF","Kristelig Folkeparti",2,2
"2023","ko","kommune","Drammen","Buskerud","MDG","Miljøpartiet De Grønne",2,2
"2023","ko","kommune","Drammen","Buskerud","V","Venstre",3,3
"2023","ko","kommune","Drammen","Buskerud","H","Høyre",17,17
"2023","ko","kommune","Drammen","Buskerud","FRP","Fremskrittspartiet",9,9
"2023","ko","kommune","Drammen","Buskerud","AAN","Alliansen - Alternativ for Norge",0,0
"2023","ko","kommune","Drammen","Buskerud","DEMN","Norgesdemokratene",0,0
"2023","ko","kommune","Drammen","Buskerud","INP","Industri- og Næringspartiet",2,2
"2023","ko","kommune","Drammen","Buskerud","KRISTNE","Konservativt",0,0
"2023","ko","kommune","Drammen","Buskerud","LIBS","Liberalistene",0,0
"2023","ko","kommune","Drammen","Buskerud","PP","Pensjonistpartiet",1,1
"2023","ko","kommune","Drammen","Buskerud","PS","Partiet Sentrum",1,1
"2023","ko","kommune","Drammen","Buskerud","BLANKE","Blanke",0,0
"2023","ko","kommune","Drammen","Buskerud","FID","Folk i Drammen",0,0
"2023","ko","kommune","Drammen","Buskerud","Andre","Andre",4,4
"2023","ko","kommune","Drammen","Buskerud","Andre2","Andre2",0,0
"2023","ko","kommune","Kongsberg","Buskerud","A","Arbeiderpartiet",7,7
"2023","ko","kommune","Kongsberg","Buskerud","SV","SV - Sosialistisk Venstreparti",2,2
"2023","ko","kommune","Kongsberg","Buskerud","RØDT","Rødt",0,0
"2023","ko","kommune","Kongsberg","Buskerud","SP","Senterpartiet",6,6
"2023","ko","kommune","Kongsberg","Buskerud","KRF","Kristelig Folkeparti",1,1
"2023","ko","kommune","Kongsberg","Buskerud","MDG","Miljøpartiet De Grønne",2,2
"2023","ko","kommune","Kongsberg","Buskerud","V","Venstre",1,1
"2023","ko","kommune","Kongsberg","Buskerud","H","Høyre",10,10
"2023","ko","kommune","Kongsberg","Buskerud","FRP","Fremskrittspartiet",2,2
"2023","ko","kommune","Kongsberg","Buskerud","DEMN","Norgesdemokratene",0,0
"2023","ko","kommune","Kongsberg","Buskerud","KRISTNE","Konservativt",0,0
"2023","ko","kommune","Kongsberg","Buskerud","BLANKE","Blanke",0,0
"2023","ko","kommune","Kongsberg","Buskerud","KBL","Kongsberglista",4,4
"2023","ko","kommune","Kongsberg","Buskerud","Andre","Andre",4,4
"2023","ko","kommune","Kongsberg","Buskerud","Andre2","Andre2",0,0
"2023","ko","kommune","Ringerike","Buskerud","A","Arbeiderpartiet",9,9
"2023","ko","kommune","Ringerike","Buskerud","SV","SV - Sosialistisk Venstreparti",3,3
"2023","ko","kommune","Ringerike","Buskerud","RØDT","Rødt",2,2
"2023","ko","kommune","Ringerike","Buskerud","SP","Senterpartiet",6,6
"2023","ko","kommune","Ringerike","Buskerud","KRF","Kristelig Folkeparti",1,1
"2023","ko","kommune","Ringerike","Buskerud","MDG","Miljøpartiet De Grønne",1,1
"2023","ko","kommune","Ringerike","Buskerud","V","Venstre",1,1
"2023","ko","kommune","Ringerike","Buskerud","H","Høyre",10,10
"2023","ko","kommune","Ringerike","Buskerud","FRP","Fremskrittspartiet",5,5
"2023","ko","kommune","Ringerike","Buskerud","INP","Industri- og Næringspartiet",4,4
"2023","ko","kommune","Ringerike","Buskerud","LIBS","Liberalistene",0,0
"2023","ko","kommune","Ringerike","Buskerud","PP","Pensjonistpartiet",1,1
"2023","ko","kommune","Ringerike","Buskerud","BLANKE","Blanke",0,0
"2023","ko","kommune","Ringerike","Buskerud","Andre","Andre",5,5
"2023","ko","kommune","Ringerike","Buskerud","Andre2","Andre2",0,0
"2023","ko","kommune","Hole","Buskerud","A","Arbeiderpartiet",3,3
"2023","ko","kommune","Hole","Buskerud","SV","SV - Sosialistisk Venstreparti",2,2
"2023","ko","kommune","Hole","Buskerud","SP","Senterpartiet",3,3
"2023","ko","kommune","Hole","Buskerud","KRF","Kristelig Folkeparti",1,1
"2023","ko","kommune","Hole","Buskerud","MDG","Miljøpartiet De Grønne",0,0
"2023","ko","kommune","Hole","Buskerud","V","Venstre",1,1
"2023","ko","kommune","Hole","Buskerud","H","Høyre",11,11
"2023","ko","kommune","Hole","Buskerud","FRP","Fremskrittspartiet",2,2
"2023","ko","kommune","Hole","Buskerud","BLANKE","Blanke",0,0
"2023","ko","kommune","Hole","Buskerud","Andre","Andre",0,0
"2023","ko","kommune","Hole","Buskerud","Andre2","Andre2",0,0
"2023","ko","kommune","Lier","Buskerud","A","Arbeiderpartiet",8,8
"2023","ko","kommune","Lier","Buskerud","SV","SV - Sosialistisk Venstreparti",2,2
"2023","ko","kommune","Lier","Buskerud","RØDT","Rødt",1,1
"2023","ko","kommune","Lier","Buskerud","SP","Senterpartiet",2,2
"2023","ko","kommune","Lier","Buskerud","KRF","Kristelig Folkeparti",1,1
"2023","ko","kommune","Lier","Buskerud","MDG","Miljøpartiet De Grønne",2,2
"2023","ko","kommune","Lier","Buskerud","V","Venstre",2,2
"2023","ko","kommune","Lier","Buskerud","H","Høyre",18,18
"2023","ko","kommune","Lier","Buskerud","FRP","Fremskrittspartiet",5,5
"2023","ko","kommune","Lier","Buskerud","BLANKE","Blanke",0,0
"2023","ko","kommune","Lier","Buskerud","Andre","Andre",0,0
"2023","ko","kommune","Lier","Buskerud","Andre2","Andre2",0,0
"2023","ko","kommune","Øvre Eiker","Buskerud","A","Arbeiderpartiet",8,8
"2023","ko","kommune","Øvre Eiker","Buskerud","SV","SV - Sosialistisk Venstreparti",2,2
"2023","ko","kommune","Øvre Eiker","Buskerud","RØDT","Rødt",1,1
"2023","ko","kommune","Øvre Eiker","Buskerud","SP","Senterpartiet",6,6
"2023","ko","kommune","Øvre Eiker","Buskerud","KRF","Kristelig Folkeparti",1,1
"2023","ko","kommune","Øvre Eiker","Buskerud","V","Venstre",2,2
"2023","ko","kommune","Øvre Eiker","Buskerud","H","Høyre",11,11
"2023","ko","kommune","Øvre Eiker","Buskerud","FRP","Fremskrittspartiet",6,6
"2023","ko","kommune","Øvre Eiker","Buskerud","KRISTNE","Konservativt",0,0
"2023","ko","kommune","Øvre Eiker","Buskerud","BLANKE","Blanke",0,0
"2023","ko","kommune","Øvre Eiker","Buskerud","Andre","Andre",0,0
"2023","ko","kommune","Øvre Eiker","Buskerud","Andre2","Andre2",0,0
"2023","ko","kommune","Modum","Buskerud","A","Arbeiderpartiet",11,11
"2023","ko","kommune","Modum","Buskerud","SV","SV - Sosialistisk Venstreparti",1,1
"2023","ko","kommune","Modum","Buskerud","RØDT","Rødt",1,1
"2023","ko","kommune","Modum","Buskerud","SP","Senterpartiet",6,6
"2023","ko","kommune","Modum","Buskerud","KRF","Kristelig Folkeparti",1,1
"2023","ko","kommune","Modum","Buskerud","MDG","Miljøpartiet De Grønne",0,0
"2023","ko","kommune","Modum","Buskerud","V","Venstre",1,1
"2023","ko","kommune","Modum","Buskerud","H","Høyre",7,7
"2023","ko","kommune","Modum","Buskerud","FRP","Fremskrittspartiet",7,7
"2023","ko","kommune","Modum","Buskerud","BLANKE","Blanke",0,0
"2023","ko","kommune","Modum","Buskerud","Andre","Andre",0,0
"2023","ko","kommune","Modum","Buskerud","Andre2","Andre2",0,0
"2023","ko","kommune","Krødsherad","Buskerud","A","Arbeiderpartiet",5,5
"2023","ko","kommune","Krødsherad","Buskerud","SP","Senterpartiet",0,0
"2023","ko","kommune","Krødsherad","Buskerud","H","Høyre",4,4
"2023","ko","kommune","Krødsherad","Buskerud","BFR","Bygdelista Framover",8,8
"2023","ko","kommune","Krødsherad","Buskerud","BLANKE","Blanke",0,0
"2023","ko","kommune","Krødsherad","Buskerud","Andre","Andre",8,8
"2023","ko","kommune","Krødsherad","Buskerud","Andre2","Andre2",0,0
"2023","ko","kommune","Flå","Buskerud","A","Arbeiderpartiet",4,4
"2023","ko","kommune","Flå","Buskerud","SP","Senterpartiet",3,3
"2023","ko","kommune","Flå","Buskerud","BLANKE","Blanke",0,0
"2023","ko","kommune","Flå","Buskerud","BLFLÅ","Bygdelista for Flå",6,6
"2023","ko","kommune","Flå","Buskerud","Andre","Andre",6,6
"2023","ko","kommune","Flå","Buskerud","Andre2","Andre2",0,0
"2023","ko","kommune","Nesbyen","Buskerud","A","Arbeiderpartiet",6,6
"2023","ko","kommune","Nesbyen","Buskerud","SP","Senterpartiet",7,7
"2023","ko","kommune","Nesbyen","Buskerud","H","Høyre",6,6
"2023","ko","kommune","Nesbyen","Buskerud","BLANKE","Blanke",0,0
"2023","ko","kommune","Nesbyen","Buskerud","NBL","Nes bygdeliste",2,2
"2023","ko","kommune","Nesbyen","Buskerud","Andre","Andre",2,2
"2023","ko","kommune","Nesbyen","Buskerud","Andre2","Andre2",0,0
"2023","ko","kommune","Gol","Buskerud","A","Arbeiderpartiet",9,9
"2023","ko","kommune","Gol","Buskerud","SV","SV - Sosialistisk Venstreparti",1,1
"2023","ko","kommune","Gol","Buskerud","RØDT","Rødt",0,0
"2023","ko","kommune","Gol","Buskerud","SP","Senterpartiet",4,4
"2023","ko","kommune","Gol","Buskerud","V","Venstre",2,2
"2023","ko","kommune","Gol","Buskerud","H","Høyre",4,4
"2023","ko","kommune","Gol","Buskerud","FRP","Fremskrittspartiet",1,1
"2023","ko","kommune","Gol","Buskerud","BLANKE","Blanke",0,0
"2023","ko","kommune","Gol","Buskerud","Andre","Andre",0,0
"2023","ko","kommune","Gol","Buskerud","Andre2","Andre2",0,0
"2023","ko","kommune","Hemsedal","Buskerud","A","Arbeiderpartiet",2,2
"2023","ko","kommune","Hemsedal","Buskerud","SV","SV - Sosialistisk Venstreparti",2,2
"2023","ko","kommune","Hemsedal","Buskerud","SP","Senterpartiet",6,6
"2023","ko","kommune","Hemsedal","Buskerud","KRF","Kristelig Folkeparti",1,1
"2023","ko","kommune","Hemsedal","Buskerud","V","Venstre",0,0
"2023","ko","kommune","Hemsedal","Buskerud","H","Høyre",4,4
"2023","ko","kommune","Hemsedal","Buskerud","FRP","Fremskrittspartiet",2,2
"2023","ko","kommune","Hemsedal","Buskerud","BLANKE","Blanke",0,0
"2023","ko","kommune","Hemsedal","Buskerud","HBL","Hemsedal Bygdeliste",0,0
"2023","ko","kommune","Hemsedal","Buskerud","Andre","Andre",0,0
"2023","ko","kommune","Hemsedal","Buskerud","Andre2","Andre2",0,0
"2023","ko","kommune","Ål","Buskerud","A","Arbeiderpartiet",8,8
"2023","ko","kommune","Ål","Buskerud","SV","SV - Sosialistisk Venstreparti",1,1
"2023","ko","kommune","Ål","Buskerud","RØDT","Rødt",0,0
"2023","ko","kommune","Ål","Buskerud","SP","Senterpartiet",6,6
"2023","ko","kommune","Ål","Buskerud","V","Venstre",1,1
"2023","ko","kommune","Ål","Buskerud","H","Høyre",7,7
"2023","ko","kommune","Ål","Buskerud","FRP","Fremskrittspartiet",2,2
"2023","ko","kommune","Ål","Buskerud","BLANKE","Blanke",0,0
"2023","ko","kommune","Ål","Buskerud","Andre","Andre",0,0
"2023","ko","kommune","Ål","Buskerud","Andre2","Andre2",0,0
"2023","ko","kommune","Hol","Buskerud","A","Arbeiderpartiet",3,3
"2023","ko","kommune","Hol","Buskerud","SV","SV - Sosialistisk Venstreparti",2,2
"2023","ko","kommune","Hol","Buskerud","SP","Senterpartiet",5,5
"2023","ko","kommune","Hol","Buskerud","V","Venstre",1,1
"2023","ko","kommune","Hol","Buskerud","H","Høyre",7,7
"2023","ko","kommune","Hol","Buskerud","FRP","Fremskrittspartiet",1,1
"2023","ko","kommune","Hol","Buskerud","BLANKE","Blanke",0,0
"2023","ko","kommune","Hol","Buskerud","HOBL","Hol Bygdeliste",2,2
"2023","ko","kommune","Hol","Buskerud","Andre","Andre",2,2
"2023","ko","kommune","Hol","Buskerud","Andre2","Andre2",0,0
"2023","ko","kommune","Sigdal","Buskerud","A","Arbeiderpartiet",3,3
"2023","ko","kommune","Sigdal","Buskerud","SP","Senterpartiet",8,8
"2023","ko","kommune","Sigdal","Buskerud","H","Høyre",3,3
"2023","ko","kommune","Sigdal","Buskerud","FRP","Fremskrittspartiet",1,1
"2023","ko","kommune","Sigdal","Buskerud","BLANKE","Blanke",0,0
"2023","ko","kommune","Sigdal","Buskerud","BYGDS","Bygdelista",6,6
"2023","ko","kommune","Sigdal","Buskerud","Andre","Andre",6,6
"2023","ko","kommune","Sigdal","Buskerud","Andre2","Andre2",0,0
"2023","ko","kommune","Flesberg","Buskerud","A","Arbeiderpartiet",3,3
"2023","ko","kommune","Flesberg","Buskerud","SP","Senterpartiet",7,7
"2023","ko","kommune","Flesberg","Buskerud","H","Høyre",5,5
"2023","ko","kommune","Flesberg","Buskerud","FRP","Fremskrittspartiet",4,4
"2023","ko","kommune","Flesberg","Buskerud","BLANKE","Blanke",0,0
"2023","ko","kommune","Flesberg","Buskerud","FLBY","Bygdelista Flesberg",2,2
"2023","ko","kommune","Flesberg","Buskerud","Andre","Andre",2,2
"2023","ko","kommune","Flesberg","Buskerud","Andre2","Andre2",0,0
"2023","ko","kommune","Rollag","Buskerud","A","Arbeiderpartiet",7,7
"2023","ko","kommune","Rollag","Buskerud","SP","Senterpartiet",7,7
"2023","ko","kommune","Rollag","Buskerud","FRP","Fremskrittspartiet",3,3
"2023","ko","kommune","Rollag","Buskerud","BLANKE","Blanke",0,0
"2023","ko","kommune","Rollag","Buskerud","Andre","Andre",0,0
"2023","ko","kommune","Rollag","Buskerud","Andre2","Andre2",0,0
"2023","ko","kommune","Nore og Uvdal","Buskerud","A","Arbeiderpartiet",4,4
"2023","ko","kommune","Nore og Uvdal","Buskerud","SV","SV - Sosialistisk Venstreparti",2,2
"2023","ko","kommune","Nore og Uvdal","Buskerud","SP","Senterpartiet",6,6
"2023","ko","kommune","Nore og Uvdal","Buskerud","H","Høyre",3,3
"2023","ko","kommune","Nore og Uvdal","Buskerud","FRP","Fremskrittspartiet",4,4
"2023","ko","kommune","Nore og Uvdal","Buskerud","BLANKE","Blanke",0,0
"2023","ko","kommune","Nore og Uvdal","Buskerud","BLI","Bygdelista",2,2
"2023","ko","kommune","Nore og Uvdal","Buskerud","Andre","Andre",2,2
"2023","ko","kommune","Nore og Uvdal","Buskerud","Andre2","Andre2",0,0
"2023","ko","kommune","Kongsvinger","Innlandet","A","Arbeiderpartiet",10,0
"2023","ko","kommune","Kongsvinger","Innlandet","SV","SV - Sosialistisk Venstreparti",2,0
"2023","ko","kommune","Kongsvinger","Innlandet","RØDT","Rødt",1,0
"2023","ko","kommune","Kongsvinger","Innlandet","SP","Senterpartiet",3,-5
"2023","ko","kommune","Kongsvinger","Innlandet","KRF","Kristelig Folkeparti",1,0
"2023","ko","kommune","Kongsvinger","Innlandet","MDG","Miljøpartiet De Grønne",0,-1
"2023","ko","kommune","Kongsvinger","Innlandet","V","Venstre",1,0
"2023","ko","kommune","Kongsvinger","Innlandet","H","Høyre",7,3
"2023","ko","kommune","Kongsvinger","Innlandet","FRP","Fremskrittspartiet",4,2
"2023","ko","kommune","Kongsvinger","Innlandet","DEMN","Norgesdemokratene",0,0
"2023","ko","kommune","Kongsvinger","Innlandet","LIBS","Liberalistene",0,0
"2023","ko","kommune","Kongsvinger","Innlandet","PP","Pensjonistpartiet",4,1
"2023","ko","kommune","Kongsvinger","Innlandet","BLANKE","Blanke",0,0
"2023","ko","kommune","Kongsvinger","Innlandet","Andre","Andre",4,1
"2023","ko","kommune","Kongsvinger","Innlandet","Andre2","Andre2",0,0
"2023","ko","kommune","Hamar","Innlandet","A","Arbeiderpartiet",6,-3
"2023","ko","kommune","Hamar","Innlandet","SV","SV - Sosialistisk Venstreparti",3,1
"2023","ko","kommune","Hamar","Innlandet","RØDT","Rødt",2,1
"2023","ko","kommune","Hamar","Innlandet","SP","Senterpartiet",1,-2
"2023","ko","kommune","Hamar","Innlandet","KRF","Kristelig Folkeparti",1,0
"2023","ko","kommune","Hamar","Innlandet","MDG","Miljøpartiet De Grønne",1,-1
"2023","ko","kommune","Hamar","Innlandet","V","Venstre",3,2
"2023","ko","kommune","Hamar","Innlandet","H","Høyre",6,2
"2023","ko","kommune","Hamar","Innlandet","FRP","Fremskrittspartiet",2,1
"2023","ko","kommune","Hamar","Innlandet","DEMN","Norgesdemokratene",0,0
"2023","ko","kommune","Hamar","Innlandet","PP","Pensjonistpartiet",2,1
"2023","ko","kommune","Hamar","Innlandet","BBL","By- og bygdelista",12,-2
"2023","ko","kommune","Hamar","Innlandet","BLANKE","Blanke",0,0
"2023","ko","kommune","Hamar","Innlandet","Andre","Andre",14,-1
"2023","ko","kommune","Hamar","Innlandet","Andre2","Andre2",0,0
"2023","ko","kommune","Lillehammer","Innlandet","A","Arbeiderpartiet",12,-1
"2023","ko","kommune","Lillehammer","Innlandet","SV","SV - Sosialistisk Venstreparti",3,-1
"2023","ko","kommune","Lillehammer","Innlandet","RØDT","Rødt",2,-1
"2023","ko","kommune","Lillehammer","Innlandet","SP","Senterpartiet",2,-6
"2023","ko","kommune","Lillehammer","Innlandet","KRF","Kristelig Folkeparti",1,0
"2023","ko","kommune","Lillehammer","Innlandet","MDG","Miljøpartiet De Grønne",2,-2
"2023","ko","kommune","Lillehammer","Innlandet","V","Venstre",2,0
"2023","ko","kommune","Lillehammer","Innlandet","H","Høyre",10,1
"2023","ko","kommune","Lillehammer","Innlandet","FRP","Fremskrittspartiet",2,0
"2023","ko","kommune","Lillehammer","Innlandet","INP","Industri- og Næringspartiet",1,1
"2023","ko","kommune","Lillehammer","Innlandet","LIBS","Liberalistene",0,0
"2023","ko","kommune","Lillehammer","Innlandet","PP","Pensjonistpartiet",2,1
"2023","ko","kommune","Lillehammer","Innlandet","PS","Partiet Sentrum",0,0
"2023","ko","kommune","Lillehammer","Innlandet","BLANKE","Blanke",0,0
"2023","ko","kommune","Lillehammer","Innlandet","Andre","Andre",3,2
"2023","ko","kommune","Lillehammer","Innlandet","Andre2","Andre2",0,0
"2023","ko","kommune","Gjøvik","Innlandet","A","Arbeiderpartiet",11,-3
"2023","ko","kommune","Gjøvik","Innlandet","SV","SV - Sosialistisk Venstreparti",2,0
"2023","ko","kommune","Gjøvik","Innlandet","RØDT","Rødt",3,1
"2023","ko","kommune","Gjøvik","Innlandet","SP","Senterpartiet",8,-1
"2023","ko","kommune","Gjøvik","Innlandet","KRF","Kristelig Folkeparti",1,0
"2023","ko","kommune","Gjøvik","Innlandet","MDG","Miljøpartiet De Grønne",1,-1
"2023","ko","kommune","Gjøvik","Innlandet","V","Venstre",1,0
"2023","ko","kommune","Gjøvik","Innlandet","H","Høyre",9,1
"2023","ko","kommune","Gjøvik","Innlandet","FRP","Fremskrittspartiet",4,2
"2023","ko","kommune","Gjøvik","Innlandet","INP","Industri- og Næringspartiet",1,1
"2023","ko","kommune","Gjøvik","Innlandet","KRISTNE","Konservativt",0,0
"2023","ko","kommune","Gjøvik","Innlandet","LIBS","Liberalistene",0,0
"2023","ko","kommune","Gjøvik","Innlandet","BLANKE","Blanke",0,0
"2023","ko","kommune","Gjøvik","Innlandet","Andre","Andre",1,1
"2023","ko","kommune","Gjøvik","Innlandet","Andre2","Andre2",0,0
"2023","ko","kommune","Ringsaker","Innlandet","A","Arbeiderpartiet",12,-6
"2023","ko","kommune","Ringsaker","Innlandet","SV","SV - Sosialistisk Venstreparti",2,1
"2023","ko","kommune","Ringsaker","Innlandet","RØDT","Rødt",1,0
"2023","ko","kommune","Ringsaker","Innlandet","SP","Senterpartiet",6,-4
"2023","ko","kommune","Ringsaker","Innlandet","KRF","Kristelig Folkeparti",1,1
"2023","ko","kommune","Ringsaker","Innlandet","MDG","Miljøpartiet De Grønne",1,0
"2023","ko","kommune","Ringsaker","Innlandet","V","Venstre",1,1
"2023","ko","kommune","Ringsaker","Innlandet","H","Høyre",5,2
"2023","ko","kommune","Ringsaker","Innlandet","FRP","Fremskrittspartiet",4,2
"2023","ko","kommune","Ringsaker","Innlandet","DEMN","Norgesdemokratene",0,0
"2023","ko","kommune","Ringsaker","Innlandet","INP","Industri- og Næringspartiet",1,1
"2023","ko","kommune","Ringsaker","Innlandet","PP","Pensjonistpartiet",4,2
"2023","ko","kommune","Ringsaker","Innlandet","BLANKE","Blanke",0,0
"2023","ko","kommune","Ringsaker","Innlandet","RSL","Ringsaklista",1,0
"2023","ko","kommune","Ringsaker","Innlandet","Andre","Andre",6,3
"2023","ko","kommune","Ringsaker","Innlandet","Andre2","Andre2",0,0
"2023","ko","kommune","Løten","Innlandet","A","Arbeiderpartiet",6,-1
"2023","ko","kommune","Løten","Innlandet","SV","SV - Sosialistisk Venstreparti",2,1
"2023","ko","kommune","Løten","Innlandet","RØDT","Rødt",1,1
"2023","ko","kommune","Løten","Innlandet","SP","Senterpartiet",10,-4
"2023","ko","kommune","Løten","Innlandet","MDG","Miljøpartiet De Grønne",1,0
"2023","ko","kommune","Løten","Innlandet","V","Venstre",0,0
"2023","ko","kommune","Løten","Innlandet","H","Høyre",2,1
"2023","ko","kommune","Løten","Innlandet","FRP","Fremskrittspartiet",2,1
"2023","ko","kommune","Løten","Innlandet","DEMN","Norgesdemokratene",1,1
"2023","ko","kommune","Løten","Innlandet","BLANKE","Blanke",0,0
"2023","ko","kommune","Løten","Innlandet","Andre","Andre",1,1
"2023","ko","kommune","Løten","Innlandet","Andre2","Andre2",0,0
"2023","ko","kommune","Stange","Innlandet","A","Arbeiderpartiet",10,-3
"2023","ko","kommune","Stange","Innlandet","SV","SV - Sosialistisk Venstreparti",2,0
"2023","ko","kommune","Stange","Innlandet","RØDT","Rødt",1,0
"2023","ko","kommune","Stange","Innlandet","SP","Senterpartiet",3,-6
"2023","ko","kommune","Stange","Innlandet","KRF","Kristelig Folkeparti",2,1
"2023","ko","kommune","Stange","Innlandet","MDG","Miljøpartiet De Grønne",1,0
"2023","ko","kommune","Stange","Innlandet","V","Venstre",1,1
"2023","ko","kommune","Stange","Innlandet","H","Høyre",3,1
"2023","ko","kommune","Stange","Innlandet","FRP","Fremskrittspartiet",3,1
"2023","ko","kommune","Stange","Innlandet","DEMN","Norgesdemokratene",0,0
"2023","ko","kommune","Stange","Innlandet","PP","Pensjonistpartiet",1,1
"2023","ko","kommune","Stange","Innlandet","BLANKE","Blanke",0,0
"2023","ko","kommune","Stange","Innlandet","BLSTA","Bygdelista i Stange",1,0
"2023","ko","kommune","Stange","Innlandet","NLO","Nærmiljølista",5,2
"2023","ko","kommune","Stange","Innlandet","Andre","Andre",7,3
"2023","ko","kommune","Stange","Innlandet","Andre2","Andre2",0,0
"2023","ko","kommune","Nord-Odal","Innlandet","A","Arbeiderpartiet",11,1
"2023","ko","kommune","Nord-Odal","Innlandet","SV","SV - Sosialistisk Venstreparti",3,1
"2023","ko","kommune","Nord-Odal","Innlandet","RØDT","Rødt",1,1
"2023","ko","kommune","Nord-Odal","Innlandet","SP","Senterpartiet",4,-5
"2023","ko","kommune","Nord-Odal","Innlandet","V","Venstre",0,0
"2023","ko","kommune","Nord-Odal","Innlandet","H","Høyre",3,1
"2023","ko","kommune","Nord-Odal","Innlandet","FRP","Fremskrittspartiet",3,1
"2023","ko","kommune","Nord-Odal","Innlandet","BLANKE","Blanke",0,0
"2023","ko","kommune","Nord-Odal","Innlandet","Andre","Andre",0,0
"2023","ko","kommune","Nord-Odal","Innlandet","Andre2","Andre2",0,0
"2023","ko","kommune","Sør-Odal","Innlandet","A","Arbeiderpartiet",6,-4
"2023","ko","kommune","Sør-Odal","Innlandet","SV","SV - Sosialistisk Venstreparti",2,1
"2023","ko","kommune","Sør-Odal","Innlandet","RØDT","Rødt",2,1
"2023","ko","kommune","Sør-Odal","Innlandet","SP","Senterpartiet",2,-3
"2023","ko","kommune","Sør-Odal","Innlandet","MDG","Miljøpartiet De Grønne",0,0
"2023","ko","kommune","Sør-Odal","Innlandet","V","Venstre",2,2
"2023","ko","kommune","Sør-Odal","Innlandet","H","Høyre",4,0
"2023","ko","kommune","Sør-Odal","Innlandet","FRP","Fremskrittspartiet",2,0
"2023","ko","kommune","Sør-Odal","Innlandet","INP","Industri- og Næringspartiet",2,2
"2023","ko","kommune","Sør-Odal","Innlandet","LIBS","Liberalistene",0,0
"2023","ko","kommune","Sør-Odal","Innlandet","PP","Pensjonistpartiet",2,1
"2023","ko","kommune","Sør-Odal","Innlandet","BLANKE","Blanke",0,0
"2023","ko","kommune","Sør-Odal","Innlandet","SOBY","Sør-Odal Bygdeliste",3,0
"2023","ko","kommune","Sør-Odal","Innlandet","Andre","Andre",7,3
"2023","ko","kommune","Sør-Odal","Innlandet","Andre2","Andre2",0,0
"2023","ko","kommune","Eidskog","Innlandet","A","Arbeiderpartiet",12,3
"2023","ko","kommune","Eidskog","Innlandet","SP","Senterpartiet",5,-4
"2023","ko","kommune","Eidskog","Innlandet","MDG","Miljøpartiet De Grønne",0,0
"2023","ko","kommune","Eidskog","Innlandet","V","Venstre",0,-1
"2023","ko","kommune","Eidskog","Innlandet","H","Høyre",4,1
"2023","ko","kommune","Eidskog","Innlandet","FRP","Fremskrittspartiet",3,1
"2023","ko","kommune","Eidskog","Innlandet","PP","Pensjonistpartiet",1,1
"2023","ko","kommune","Eidskog","Innlandet","BLANKE","Blanke",0,0
"2023","ko","kommune","Eidskog","Innlandet","Andre","Andre",1,1
"2023","ko","kommune","Eidskog","Innlandet","Andre2","Andre2",0,-1
"2023","ko","kommune","Grue","Innlandet","A","Arbeiderpartiet",10,2
"2023","ko","kommune","Grue","Innlandet","SP","Senterpartiet",3,-3
"2023","ko","kommune","Grue","Innlandet","H","Høyre",3,0
"2023","ko","kommune","Grue","Innlandet","FRP","Fremskrittspartiet",2,1
"2023","ko","kommune","Grue","Innlandet","PP","Pensjonistpartiet",1,1
"2023","ko","kommune","Grue","Innlandet","BLANKE","Blanke",0,0
"2023","ko","kommune","Grue","Innlandet","Andre","Andre",1,1
"2023","ko","kommune","Grue","Innlandet","Andre2","Andre2",0,-1
"2023","ko","kommune","Åsnes","Innlandet","A","Arbeiderpartiet",6,-2
"2023","ko","kommune","Åsnes","Innlandet","RØDT","Rødt",1,1
"2023","ko","kommune","Åsnes","Innlandet","SP","Senterpartiet",4,-5
"2023","ko","kommune","Åsnes","Innlandet","V","Venstre",0,-2
"2023","ko","kommune","Åsnes","Innlandet","H","Høyre",2,1
"2023","ko","kommune","Åsnes","Innlandet","FRP","Fremskrittspartiet",5,3
"2023","ko","kommune","Åsnes","Innlandet","DEMN","Norgesdemokratene",0,0
"2023","ko","kommune","Åsnes","Innlandet","BLANKE","Blanke",0,0
"2023","ko","kommune","Åsnes","Innlandet","SAMLISTE","Samlingslista",3,3
"2023","ko","kommune","Åsnes","Innlandet","ÅSBY","Åsnes Bygdeliste",2,2
"2023","ko","kommune","Åsnes","Innlandet","Andre","Andre",5,5
"2023","ko","kommune","Åsnes","Innlandet","Andre2","Andre2",0,-1
"2023","ko","kommune","Våler","Innlandet","A","Arbeiderpartiet",5,1
"2023","ko","kommune","Våler","Innlandet","SP","Senterpartiet",3,-2
"2023","ko","kommune","Våler","Innlandet","H","Høyre",3,2
"2023","ko","kommune","Våler","Innlandet","FRP","Fremskrittspartiet",1,0
"2023","ko","kommune","Våler","Innlandet","PP","Pensjonistpartiet",2,1
"2023","ko","kommune","Våler","Innlandet","BLANKE","Blanke",0,0
"2023","ko","kommune","Våler","Innlandet","BVS","Bygdelista Våler i Solør",4,1
"2023","ko","kommune","Våler","Innlandet","FOLI","Folkelista",1,-2
"2023","ko","kommune","Våler","Innlandet","Andre","Andre",7,0
"2023","ko","kommune","Våler","Innlandet","Andre2","Andre2",0,-1
"2023","ko","kommune","Elverum","Innlandet","A","Arbeiderpartiet",11,-2
"2023","ko","kommune","Elverum","Innlandet","SV","SV - Sosialistisk Venstreparti",3,-1
"2023","ko","kommune","Elverum","Innlandet","SP","Senterpartiet",4,-4
"2023","ko","kommune","Elverum","Innlandet","KRF","Kristelig Folkeparti",0,0
"2023","ko","kommune","Elverum","Innlandet","MDG","Miljøpartiet De Grønne",1,-1
"2023","ko","kommune","Elverum","Innlandet","V","Venstre",1,1
"2023","ko","kommune","Elverum","Innlandet","H","Høyre",7,3
"2023","ko","kommune","Elverum","Innlandet","FRP","Fremskrittspartiet",3,0
"2023","ko","kommune","Elverum","Innlandet","DEMN","Norgesdemokratene",1,1
"2023","ko","kommune","Elverum","Innlandet","INP","Industri- og Næringspartiet",1,1
"2023","ko","kommune","Elverum","Innlandet","PP","Pensjonistpartiet",3,2
"2023","ko","kommune","Elverum","Innlandet","BLANKE","Blanke",0,0
"2023","ko","kommune","Elverum","Innlandet","Andre","Andre",5,4
"2023","ko","kommune","Elverum","Innlandet","Andre2","Andre2",0,0
"2023","ko","kommune","Trysil","Innlandet","A","Arbeiderpartiet",8,0
"2023","ko","kommune","Trysil","Innlandet","SV","SV - Sosialistisk Venstreparti",2,1
"2023","ko","kommune","Trysil","Innlandet","RØDT","Rødt",1,1
"2023","ko","kommune","Trysil","Innlandet","SP","Senterpartiet",8,-2
"2023","ko","kommune","Trysil","Innlandet","H","Høyre",4,1
"2023","ko","kommune","Trysil","Innlandet","FRP","Fremskrittspartiet",2,1
"2023","ko","kommune","Trysil","Innlandet","BLANKE","Blanke",0,0
"2023","ko","kommune","Trysil","Innlandet","Andre","Andre",0,0
"2023","ko","kommune","Trysil","Innlandet","Andre2","Andre2",0,0
"2023","ko","kommune","Åmot","Innlandet","A","Arbeiderpartiet",3,-3
"2023","ko","kommune","Åmot","Innlandet","SV","SV - Sosialistisk Venstreparti",2,0
"2023","ko","kommune","Åmot","Innlandet","SP","Senterpartiet",4,-4
"2023","ko","kommune","Åmot","Innlandet","H","Høyre",8,6
"2023","ko","kommune","Åmot","Innlandet","FRP","Fremskrittspartiet",2,1
"2023","ko","kommune","Åmot","Innlandet","BLANKE","Blanke",0,0
"2023","ko","kommune","Åmot","Innlandet","Andre","Andre",0,0
"2023","ko","kommune","Åmot","Innlandet","Andre2","Andre2",0,0
"2023","ko","kommune","Stor-Elvdal","Innlandet","A","Arbeiderpartiet",6,0
"2023","ko","kommune","Stor-Elvdal","Innlandet","SV","SV - Sosialistisk Venstreparti",2,0
"2023","ko","kommune","Stor-Elvdal","Innlandet","RØDT","Rødt",1,1
"2023","ko","kommune","Stor-Elvdal","Innlandet","SP","Senterpartiet",2,-3
"2023","ko","kommune","Stor-Elvdal","Innlandet","V","Venstre",3,2
"2023","ko","kommune","Stor-Elvdal","Innlandet","H","Høyre",2,0
"2023","ko","kommune","Stor-Elvdal","Innlandet","FRP","Fremskrittspartiet",1,0
"2023","ko","kommune","Stor-Elvdal","Innlandet","BLANKE","Blanke",0,0
"2023","ko","kommune","Stor-Elvdal","Innlandet","Andre","Andre",0,0
"2023","ko","kommune","Stor-Elvdal","Innlandet","Andre2","Andre2",0,0
"2023","ko","kommune","Rendalen","Innlandet","A","Arbeiderpartiet",8,-1
"2023","ko","kommune","Rendalen","Innlandet","SV","SV - Sosialistisk Venstreparti",1,0
"2023","ko","kommune","Rendalen","Innlandet","SP","Senterpartiet",6,0
"2023","ko","kommune","Rendalen","Innlandet","H","Høyre",2,1
"2023","ko","kommune","Rendalen","Innlandet","BLANKE","Blanke",0,0
"2023","ko","kommune","Rendalen","Innlandet","Andre","Andre",0,0
"2023","ko","kommune","Rendalen","Innlandet","Andre2","Andre2",0,0
"2023","ko","kommune","Engerdal","Innlandet","A","Arbeiderpartiet",5,-2
"2023","ko","kommune","Engerdal","Innlandet","SP","Senterpartiet",6,6
"2023","ko","kommune","Engerdal","Innlandet","H","Høyre",4,3
"2023","ko","kommune","Engerdal","Innlandet","BLANKE","Blanke",0,0
"2023","ko","kommune","Engerdal","Innlandet","Andre","Andre",0,0
"2023","ko","kommune","Engerdal","Innlandet","Andre2","Andre2",0,-7
"2023","ko","kommune","Tolga","Innlandet","A","Arbeiderpartiet",2,-1
"2023","ko","kommune","Tolga","Innlandet","SV","SV - Sosialistisk Venstreparti",7,2
"2023","ko","kommune","Tolga","Innlandet","SP","Senterpartiet",5,-1
"2023","ko","kommune","Tolga","Innlandet","MDG","Miljøpartiet De Grønne",0,0
"2023","ko","kommune","Tolga","Innlandet","V","Venstre",1,0
"2023","ko","kommune","Tolga","Innlandet","BLANKE","Blanke",0,0
"2023","ko","kommune","Tolga","Innlandet","Andre","Andre",0,0
"2023","ko","kommune","Tolga","Innlandet","Andre2","Andre2",0,0
"2023","ko","kommune","Tynset","Innlandet","A","Arbeiderpartiet",7,1
"2023","ko","kommune","Tynset","Innlandet","SV","SV - Sosialistisk Venstreparti",2,0
"2023","ko","kommune","Tynset","Innlandet","RØDT","Rødt",0,0
"2023","ko","kommune","Tynset","Innlandet","SP","Senterpartiet",10,-4
"2023","ko","kommune","Tynset","Innlandet","MDG","Miljøpartiet De Grønne",2,1
"2023","ko","kommune","Tynset","Innlandet","V","Venstre",1,0
"2023","ko","kommune","Tynset","Innlandet","H","Høyre",3,1
"2023","ko","kommune","Tynset","Innlandet","FRP","Fremskrittspartiet",1,1
"2023","ko","kommune","Tynset","Innlandet","PP","Pensjonistpartiet",1,0
"2023","ko","kommune","Tynset","Innlandet","BLANKE","Blanke",0,0
"2023","ko","kommune","Tynset","Innlandet","Andre","Andre",1,0
"2023","ko","kommune","Tynset","Innlandet","Andre2","Andre2",0,0
"2023","ko","kommune","Alvdal","Innlandet","A","Arbeiderpartiet",3,-1
"2023","ko","kommune","Alvdal","Innlandet","SP","Senterpartiet",8,1
"2023","ko","kommune","Alvdal","Innlandet","KRF","Kristelig Folkeparti",0,-1
"2023","ko","kommune","Alvdal","Innlandet","V","Venstre",1,1
"2023","ko","kommune","Alvdal","Innlandet","H","Høyre",4,0
"2023","ko","kommune","Alvdal","Innlandet","AL_SV_R","Fellesliste Sosialistisk Venstreparti og Rødt",1,1
"2023","ko","kommune","Alvdal","Innlandet","BLANKE","Blanke",0,0
"2023","ko","kommune","Alvdal","Innlandet","Andre","Andre",1,1
"2023","ko","kommune","Alvdal","Innlandet","Andre2","Andre2",0,-1
"2023","ko","kommune","Folldal","Innlandet","A","Arbeiderpartiet",9,2
"2023","ko","kommune","Folldal","Innlandet","RØDT","Rødt",1,-1
"2023","ko","kommune","Folldal","Innlandet","SP","Senterpartiet",5,-1
"2023","ko","kommune","Folldal","Innlandet","BLANKE","Blanke",0,0
"2023","ko","kommune","Folldal","Innlandet","FOLLD","Folldalslista",2,2
"2023","ko","kommune","Folldal","Innlandet","Andre","Andre",2,2
"2023","ko","kommune","Folldal","Innlandet","Andre2","Andre2",0,-2
"2023","ko","kommune","Os","Innlandet","A","Arbeiderpartiet",6,2
"2023","ko","kommune","Os","Innlandet","SV","SV - Sosialistisk Venstreparti",1,-1
"2023","ko","kommune","Os","Innlandet","SP","Senterpartiet",7,-1
"2023","ko","kommune","Os","Innlandet","KRF","Kristelig Folkeparti",1,0
"2023","ko","kommune","Os","Innlandet","BLANKE","Blanke",0,0
"2023","ko","kommune","Os","Innlandet","Andre","Andre",0,0
"2023","ko","kommune","Os","Innlandet","Andre2","Andre2",0,0
"2023","ko","kommune","Dovre","Innlandet","A","Arbeiderpartiet",5,0
"2023","ko","kommune","Dovre","Innlandet","SP","Senterpartiet",8,3
"2023","ko","kommune","Dovre","Innlandet","H","Høyre",1,-1
"2023","ko","kommune","Dovre","Innlandet","BLANKE","Blanke",0,0
"2023","ko","kommune","Dovre","Innlandet","DOV","Dovrelista",3,-2
"2023","ko","kommune","Dovre","Innlandet","Andre","Andre",3,-2
"2023","ko","kommune","Dovre","Innlandet","Andre2","Andre2",0,0
"2023","ko","kommune","Lesja","Innlandet","A","Arbeiderpartiet",8,1
"2023","ko","kommune","Lesja","Innlandet","SP","Senterpartiet",7,-1
"2023","ko","kommune","Lesja","Innlandet","H","Høyre",2,0
"2023","ko","kommune","Lesja","Innlandet","BLANKE","Blanke",0,0
"2023","ko","kommune","Lesja","Innlandet","Andre","Andre",0,0
"2023","ko","kommune","Lesja","Innlandet","Andre2","Andre2",0,0
"2023","ko","kommune","Skjåk","Innlandet","A","Arbeiderpartiet",3,-1
"2023","ko","kommune","Skjåk","Innlandet","SP","Senterpartiet",9,-2
"2023","ko","kommune","Skjåk","Innlandet","BLANKE","Blanke",0,0
"2023","ko","kommune","Skjåk","Innlandet","BS","Bygdalista i Skjåk",5,3
"2023","ko","kommune","Skjåk","Innlandet","Andre","Andre",5,3
"2023","ko","kommune","Skjåk","Innlandet","Andre2","Andre2",0,0
"2023","ko","kommune","Lom","Innlandet","A","Arbeiderpartiet",3,-1
"2023","ko","kommune","Lom","Innlandet","SP","Senterpartiet",4,-3
"2023","ko","kommune","Lom","Innlandet","BLANKE","Blanke",0,0
"2023","ko","kommune","Lom","Innlandet","BLLOM","Bygdalista",5,3
"2023","ko","kommune","Lom","Innlandet","LOMSL","Lomslista",4,0
"2023","ko","kommune","Lom","Innlandet","TVE","Tverrpolitisk liste",1,1
"2023","ko","kommune","Lom","Innlandet","Andre","Andre",10,4
"2023","ko","kommune","Lom","Innlandet","Andre2","Andre2",0,0
"2023","ko","kommune","Vågå","Innlandet","A","Arbeiderpartiet",5,0
"2023","ko","kommune","Vågå","Innlandet","SV","SV - Sosialistisk Venstreparti",2,0
"2023","ko","kommune","Vågå","Innlandet","SP","Senterpartiet",3,-3
"2023","ko","kommune","Vågå","Innlandet","BLANKE","Blanke",0,0
"2023","ko","kommune","Vågå","Innlandet","BLTS","Bygdalista i Vågå",7,3
"2023","ko","kommune","Vågå","Innlandet","Andre","Andre",7,3
"2023","ko","kommune","Vågå","Innlandet","Andre2","Andre2",0,0
"2023","ko","kommune","Nord-Fron","Innlandet","A","Arbeiderpartiet",11,-4
"2023","ko","kommune","Nord-Fron","Innlandet","RØDT","Rødt",1,1
"2023","ko","kommune","Nord-Fron","Innlandet","SP","Senterpartiet",7,0
"2023","ko","kommune","Nord-Fron","Innlandet","KRF","Kristelig Folkeparti",1,1
"2023","ko","kommune","Nord-Fron","Innlandet","H","Høyre",3,1
"2023","ko","kommune","Nord-Fron","Innlandet","FRP","Fremskrittspartiet",2,1
"2023","ko","kommune","Nord-Fron","Innlandet","BLANKE","Blanke",0,0
"2023","ko","kommune","Nord-Fron","Innlandet","Andre","Andre",0,0
"2023","ko","kommune","Nord-Fron","Innlandet","Andre2","Andre2",0,0
"2023","ko","kommune","Sel","Innlandet","A","Arbeiderpartiet",10,3
"2023","ko","kommune","Sel","Innlandet","SV","SV - Sosialistisk Venstreparti",2,1
"2023","ko","kommune","Sel","Innlandet","SP","Senterpartiet",13,-2
"2023","ko","kommune","Sel","Innlandet","BLANKE","Blanke",0,0
"2023","ko","kommune","Sel","Innlandet","Andre","Andre",0,0
"2023","ko","kommune","Sel","Innlandet","Andre2","Andre2",0,-2
"2023","ko","kommune","Sør-Fron","Innlandet","A","Arbeiderpartiet",6,0
"2023","ko","kommune","Sør-Fron","Innlandet","SP","Senterpartiet",9,-1
"2023","ko","kommune","Sør-Fron","Innlandet","H","Høyre",2,1
"2023","ko","kommune","Sør-Fron","Innlandet","BLANKE","Blanke",0,0
"2023","ko","kommune","Sør-Fron","Innlandet","SFBY","Sør-Fron Bygdaliste",2,0
"2023","ko","kommune","Sør-Fron","Innlandet","Andre","Andre",2,0
"2023","ko","kommune","Sør-Fron","Innlandet","Andre2","Andre2",0,0
"2023","ko","kommune","Ringebu","Innlandet","A","Arbeiderpartiet",12,1
"2023","ko","kommune","Ringebu","Innlandet","SP","Senterpartiet",6,0
"2023","ko","kommune","Ringebu","Innlandet","MDG","Miljøpartiet De Grønne",1,0
"2023","ko","kommune","Ringebu","Innlandet","H","Høyre",1,1
"2023","ko","kommune","Ringebu","Innlandet","PS","Partiet Sentrum",0,0
"2023","ko","kommune","Ringebu","Innlandet","BLANKE","Blanke",0,0
"2023","ko","kommune","Ringebu","Innlandet","TVLRING","Tverrpolitisk liste",3,1
"2023","ko","kommune","Ringebu","Innlandet","Andre","Andre",3,1
"2023","ko","kommune","Ringebu","Innlandet","Andre2","Andre2",0,-1
"2023","ko","kommune","Øyer","Innlandet","A","Arbeiderpartiet",5,-2
"2023","ko","kommune","Øyer","Innlandet","SV","SV - Sosialistisk Venstreparti",3,1
"2023","ko","kommune","Øyer","Innlandet","SP","Senterpartiet",7,-3
"2023","ko","kommune","Øyer","Innlandet","KRF","Kristelig Folkeparti",0,0
"2023","ko","kommune","Øyer","Innlandet","H","Høyre",5,3
"2023","ko","kommune","Øyer","Innlandet","FRP","Fremskrittspartiet",1,1
"2023","ko","kommune","Øyer","Innlandet","BLANKE","Blanke",0,0
"2023","ko","kommune","Øyer","Innlandet","Andre","Andre",0,0
"2023","ko","kommune","Øyer","Innlandet","Andre2","Andre2",0,0
"2023","ko","kommune","Gausdal","Innlandet","A","Arbeiderpartiet",5,-4
"2023","ko","kommune","Gausdal","Innlandet","SP","Senterpartiet",8,-2
"2023","ko","kommune","Gausdal","Innlandet","MDG","Miljøpartiet De Grønne",1,0
"2023","ko","kommune","Gausdal","Innlandet","V","Venstre",1,1
"2023","ko","kommune","Gausdal","Innlandet","BLANKE","Blanke",0,0
"2023","ko","kommune","Gausdal","Innlandet","BYG","Bygdalista i Gausdal",5,3
"2023","ko","kommune","Gausdal","Innlandet","FRP_H","Fellesliste FrP/ Høyre",3,3
"2023","ko","kommune","Gausdal","Innlandet","Andre","Andre",8,6
"2023","ko","kommune","Gausdal","Innlandet","Andre2","Andre2",0,-1
"2023","ko","kommune","Østre Toten","Innlandet","A","Arbeiderpartiet",11,0
"2023","ko","kommune","Østre Toten","Innlandet","SV","SV - Sosialistisk Venstreparti",1,0
"2023","ko","kommune","Østre Toten","Innlandet","RØDT","Rødt",1,0
"2023","ko","kommune","Østre Toten","Innlandet","SP","Senterpartiet",6,-3
"2023","ko","kommune","Østre Toten","Innlandet","KRF","Kristelig Folkeparti",0,0
"2023","ko","kommune","Østre Toten","Innlandet","MDG","Miljøpartiet De Grønne",0,-1
"2023","ko","kommune","Østre Toten","Innlandet","V","Venstre",1,0
"2023","ko","kommune","Østre Toten","Innlandet","H","Høyre",4,1
"2023","ko","kommune","Østre Toten","Innlandet","FRP","Fremskrittspartiet",4,2
"2023","ko","kommune","Østre Toten","Innlandet","PP","Pensjonistpartiet",1,1
"2023","ko","kommune","Østre Toten","Innlandet","BLANKE","Blanke",0,0
"2023","ko","kommune","Østre Toten","Innlandet","Andre","Andre",1,1
"2023","ko","kommune","Østre Toten","Innlandet","Andre2","Andre2",0,0
"2023","ko","kommune","Vestre Toten","Innlandet","A","Arbeiderpartiet",11,-2
"2023","ko","kommune","Vestre Toten","Innlandet","SV","SV - Sosialistisk Venstreparti",1,0
"2023","ko","kommune","Vestre Toten","Innlandet","RØDT","Rødt",1,0
"2023","ko","kommune","Vestre Toten","Innlandet","SP","Senterpartiet",5,-2
"2023","ko","kommune","Vestre Toten","Innlandet","KRF","Kristelig Folkeparti",1,1
"2023","ko","kommune","Vestre Toten","Innlandet","MDG","Miljøpartiet De Grønne",0,-1
"2023","ko","kommune","Vestre Toten","Innlandet","V","Venstre",1,1
"2023","ko","kommune","Vestre Toten","Innlandet","H","Høyre",7,2
"2023","ko","kommune","Vestre Toten","Innlandet","FRP","Fremskrittspartiet",4,1
"2023","ko","kommune","Vestre Toten","Innlandet","BLANKE","Blanke",0,0
"2023","ko","kommune","Vestre Toten","Innlandet","Andre","Andre",0,0
"2023","ko","kommune","Vestre Toten","Innlandet","Andre2","Andre2",0,0
"2023","ko","kommune","Gran","Innlandet","A","Arbeiderpartiet",9,1
"2023","ko","kommune","Gran","Innlandet","SV","SV - Sosialistisk Venstreparti",1,1
"2023","ko","kommune","Gran","Innlandet","RØDT","Rødt",1,1
"2023","ko","kommune","Gran","Innlandet","SP","Senterpartiet",2,-4
"2023","ko","kommune","Gran","Innlandet","MDG","Miljøpartiet De Grønne",0,0
"2023","ko","kommune","Gran","Innlandet","V","Venstre",0,0
"2023","ko","kommune","Gran","Innlandet","H","Høyre",5,2
"2023","ko","kommune","Gran","Innlandet","FRP","Fremskrittspartiet",3,2
"2023","ko","kommune","Gran","Innlandet","BLANKE","Blanke",0,0
"2023","ko","kommune","Gran","Innlandet","GBL","Gran Bygdeliste",6,-2
"2023","ko","kommune","Gran","Innlandet","Andre","Andre",6,-2
"2023","ko","kommune","Gran","Innlandet","Andre2","Andre2",0,-1
"2023","ko","kommune","Søndre Land","Innlandet","A","Arbeiderpartiet",11,2
"2023","ko","kommune","Søndre Land","Innlandet","SV","SV - Sosialistisk Venstreparti",1,0
"2023","ko","kommune","Søndre Land","Innlandet","RØDT","Rødt",1,0
"2023","ko","kommune","Søndre Land","Innlandet","SP","Senterpartiet",2,-2
"2023","ko","kommune","Søndre Land","Innlandet","KRF","Kristelig Folkeparti",0,0
"2023","ko","kommune","Søndre Land","Innlandet","MDG","Miljøpartiet De Grønne",0,0
"2023","ko","kommune","Søndre Land","Innlandet","V","Venstre",1,0
"2023","ko","kommune","Søndre Land","Innlandet","H","Høyre",3,-1
"2023","ko","kommune","Søndre Land","Innlandet","FRP","Fremskrittspartiet",1,1
"2023","ko","kommune","Søndre Land","Innlandet","BLANKE","Blanke",0,0
"2023","ko","kommune","Søndre Land","Innlandet","SLB","Søndre Land Bygdeliste",5,0
"2023","ko","kommune","Søndre Land","Innlandet","Andre","Andre",5,0
"2023","ko","kommune","Søndre Land","Innlandet","Andre2","Andre2",0,0
"2023","ko","kommune","Nordre Land","Innlandet","A","Arbeiderpartiet",7,-4
"2023","ko","kommune","Nordre Land","Innlandet","SV","SV - Sosialistisk Venstreparti",2,0
"2023","ko","kommune","Nordre Land","Innlandet","SP","Senterpartiet",8,-3
"2023","ko","kommune","Nordre Land","Innlandet","H","Høyre",2,0
"2023","ko","kommune","Nordre Land","Innlandet","FRP","Fremskrittspartiet",2,2
"2023","ko","kommune","Nordre Land","Innlandet","BLANKE","Blanke",0,0
"2023","ko","kommune","Nordre Land","Innlandet","BYGDEL","Bygdelista for Nordre Land",1,1
"2023","ko","kommune","Nordre Land","Innlandet","FKFV","Fellesliste for Kristelig Folkeparti og Venstre",1,1
"2023","ko","kommune","Nordre Land","Innlandet","Andre","Andre",2,2
"2023","ko","kommune","Nordre Land","Innlandet","Andre2","Andre2",0,-1
"2023","ko","kommune","Sør-Aurdal","Innlandet","A","Arbeiderpartiet",6,0
"2023","ko","kommune","Sør-Aurdal","Innlandet","SP","Senterpartiet",9,0
"2023","ko","kommune","Sør-Aurdal","Innlandet","H","Høyre",2,0
"2023","ko","kommune","Sør-Aurdal","Innlandet","FRP","Fremskrittspartiet",2,1
"2023","ko","kommune","Sør-Aurdal","Innlandet","BLANKE","Blanke",0,0
"2023","ko","kommune","Sør-Aurdal","Innlandet","Andre","Andre",0,0
"2023","ko","kommune","Sør-Aurdal","Innlandet","Andre2","Andre2",0,-1
"2023","ko","kommune","Etnedal","Innlandet","A","Arbeiderpartiet",4,-1
"2023","ko","kommune","Etnedal","Innlandet","SP","Senterpartiet",7,0
"2023","ko","kommune","Etnedal","Innlandet","KRF","Kristelig Folkeparti",1,1
"2023","ko","kommune","Etnedal","Innlandet","FRP","Fremskrittspartiet",3,2
"2023","ko","kommune","Etnedal","Innlandet","BLANKE","Blanke",0,0
"2023","ko","kommune","Etnedal","Innlandet","Andre","Andre",0,0
"2023","ko","kommune","Etnedal","Innlandet","Andre2","Andre2",0,-2
"2023","ko","kommune","Nord-Aurdal","Innlandet","A","Arbeiderpartiet",5,-1
"2023","ko","kommune","Nord-Aurdal","Innlandet","SV","SV - Sosialistisk Venstreparti",1,0
"2023","ko","kommune","Nord-Aurdal","Innlandet","SP","Senterpartiet",9,1
"2023","ko","kommune","Nord-Aurdal","Innlandet","MDG","Miljøpartiet De Grønne",1,1
"2023","ko","kommune","Nord-Aurdal","Innlandet","V","Venstre",0,-2
"2023","ko","kommune","Nord-Aurdal","Innlandet","H","Høyre",2,0
"2023","ko","kommune","Nord-Aurdal","Innlandet","FRP","Fremskrittspartiet",3,1
"2023","ko","kommune","Nord-Aurdal","Innlandet","DEMN","Norgesdemokratene",0,0
"2023","ko","kommune","Nord-Aurdal","Innlandet","BLANKE","Blanke",0,0
"2023","ko","kommune","Nord-Aurdal","Innlandet","Andre","Andre",0,0
"2023","ko","kommune","Nord-Aurdal","Innlandet","Andre2","Andre2",0,0
"2023","ko","kommune","Vestre Slidre","Innlandet","A","Arbeiderpartiet",2,-1
"2023","ko","kommune","Vestre Slidre","Innlandet","SP","Senterpartiet",10,1
"2023","ko","kommune","Vestre Slidre","Innlandet","MDG","Miljøpartiet De Grønne",1,0
"2023","ko","kommune","Vestre Slidre","Innlandet","BLANKE","Blanke",0,0
"2023","ko","kommune","Vestre Slidre","Innlandet","BLVS","Bygdeliste",4,0
"2023","ko","kommune","Vestre Slidre","Innlandet","Andre","Andre",4,0
"2023","ko","kommune","Vestre Slidre","Innlandet","Andre2","Andre2",0,0
"2023","ko","kommune","Øystre Slidre","Innlandet","A","Arbeiderpartiet",6,1
"2023","ko","kommune","Øystre Slidre","Innlandet","SV","SV - Sosialistisk Venstreparti",3,2
"2023","ko","kommune","Øystre Slidre","Innlandet","SP","Senterpartiet",6,-5
"2023","ko","kommune","Øystre Slidre","Innlandet","V","Venstre",2,1
"2023","ko","kommune","Øystre Slidre","Innlandet","H","Høyre",4,1
"2023","ko","kommune","Øystre Slidre","Innlandet","BLANKE","Blanke",0,0
"2023","ko","kommune","Øystre Slidre","Innlandet","Andre","Andre",0,0
"2023","ko","kommune","Øystre Slidre","Innlandet","Andre2","Andre2",0,0
"2023","ko","kommune","Vang","Innlandet","A","Arbeiderpartiet",7,-2
"2023","ko","kommune","Vang","Innlandet","RØDT","Rødt",0,0
"2023","ko","kommune","Vang","Innlandet","SP","Senterpartiet",3,-1
"2023","ko","kommune","Vang","Innlandet","MDG","Miljøpartiet De Grønne",1,0
"2023","ko","kommune","Vang","Innlandet","BLANKE","Blanke",0,0
"2023","ko","kommune","Vang","Innlandet","BLV","Bygdelista i Vang",6,3
"2023","ko","kommune","Vang","Innlandet","Andre","Andre",6,3
"2023","ko","kommune","Vang","Innlandet","Andre2","Andre2",0,0
"2023","ko","kommune","Horten","Vestfold","A","Arbeiderpartiet",13,13
"2023","ko","kommune","Horten","Vestfold","SV","SV - Sosialistisk Venstreparti",2,2
"2023","ko","kommune","Horten","Vestfold","RØDT","Rødt",3,3
"2023","ko","kommune","Horten","Vestfold","SP","Senterpartiet",0,0
"2023","ko","kommune","Horten","Vestfold","KRF","Kristelig Folkeparti",1,1
"2023","ko","kommune","Horten","Vestfold","MDG","Miljøpartiet De Grønne",2,2
"2023","ko","kommune","Horten","Vestfold","V","Venstre",2,2
"2023","ko","kommune","Horten","Vestfold","H","Høyre",10,10
"2023","ko","kommune","Horten","Vestfold","FRP","Fremskrittspartiet",5,5
"2023","ko","kommune","Horten","Vestfold","DEMN","Norgesdemokratene",0,0
"2023","ko","kommune","Horten","Vestfold","INP","Industri- og Næringspartiet",3,3
"2023","ko","kommune","Horten","Vestfold","LIBS","Liberalistene",0,0
"2023","ko","kommune","Horten","Vestfold","BLANKE","Blanke",0,0
"2023","ko","kommune","Horten","Vestfold","Andre","Andre",3,3
"2023","ko","kommune","Horten","Vestfold","Andre2","Andre2",0,0
"2023","ko","kommune","Holmestrand","Vestfold","A","Arbeiderpartiet",7,7
"2023","ko","kommune","Holmestrand","Vestfold","SV","SV - Sosialistisk Venstreparti",2,2
"2023","ko","kommune","Holmestrand","Vestfold","RØDT","Rødt",1,1
"2023","ko","kommune","Holmestrand","Vestfold","SP","Senterpartiet",2,2
"2023","ko","kommune","Holmestrand","Vestfold","KRF","Kristelig Folkeparti",1,1
"2023","ko","kommune","Holmestrand","Vestfold","MDG","Miljøpartiet De Grønne",1,1
"2023","ko","kommune","Holmestrand","Vestfold","V","Venstre",1,1
"2023","ko","kommune","Holmestrand","Vestfold","H","Høyre",11,11
"2023","ko","kommune","Holmestrand","Vestfold","FRP","Fremskrittspartiet",7,7
"2023","ko","kommune","Holmestrand","Vestfold","DEMN","Norgesdemokratene",0,0
"2023","ko","kommune","Holmestrand","Vestfold","INP","Industri- og Næringspartiet",2,2
"2023","ko","kommune","Holmestrand","Vestfold","BLANKE","Blanke",0,0
"2023","ko","kommune","Holmestrand","Vestfold","Andre","Andre",2,2
"2023","ko","kommune","Holmestrand","Vestfold","Andre2","Andre2",0,0
"2023","ko","kommune","Tønsberg","Vestfold","A","Arbeiderpartiet",10,10
"2023","ko","kommune","Tønsberg","Vestfold","SV","SV - Sosialistisk Venstreparti",3,3
"2023","ko","kommune","Tønsberg","Vestfold","RØDT","Rødt",1,1
"2023","ko","kommune","Tønsberg","Vestfold","SP","Senterpartiet",2,2
"2023","ko","kommune","Tønsberg","Vestfold","KRF","Kristelig Folkeparti",2,2
"2023","ko","kommune","Tønsberg","Vestfold","MDG","Miljøpartiet De Grønne",2,2
"2023","ko","kommune","Tønsberg","Vestfold","V","Venstre",2,2
"2023","ko","kommune","Tønsberg","Vestfold","H","Høyre",14,14
"2023","ko","kommune","Tønsberg","Vestfold","FRP","Fremskrittspartiet",5,5
"2023","ko","kommune","Tønsberg","Vestfold","DEMN","Norgesdemokratene",0,0
"2023","ko","kommune","Tønsberg","Vestfold","FNB","Folkets Parti",0,0
"2023","ko","kommune","Tønsberg","Vestfold","INP","Industri- og Næringspartiet",2,2
"2023","ko","kommune","Tønsberg","Vestfold","KRISTNE","Konservativt",0,0
"2023","ko","kommune","Tønsberg","Vestfold","LIBS","Liberalistene",0,0
"2023","ko","kommune","Tønsberg","Vestfold","PS","Partiet Sentrum",0,0
"2023","ko","kommune","Tønsberg","Vestfold","BLANKE","Blanke",0,0
"2023","ko","kommune","Tønsberg","Vestfold","FOLKSTLI","Folkestyret-listen",0,0
"2023","ko","kommune","Tønsberg","Vestfold","Andre","Andre",2,2
"2023","ko","kommune","Tønsberg","Vestfold","Andre2","Andre2",0,0
"2023","ko","kommune","Sandefjord","Vestfold","A","Arbeiderpartiet",8,8
"2023","ko","kommune","Sandefjord","Vestfold","SV","SV - Sosialistisk Venstreparti",3,3
"2023","ko","kommune","Sandefjord","Vestfold","RØDT","Rødt",1,1
"2023","ko","kommune","Sandefjord","Vestfold","SP","Senterpartiet",2,2
"2023","ko","kommune","Sandefjord","Vestfold","KRF","Kristelig Folkeparti",2,2
"2023","ko","kommune","Sandefjord","Vestfold","MDG","Miljøpartiet De Grønne",1,1
"2023","ko","kommune","Sandefjord","Vestfold","V","Venstre",2,2
"2023","ko","kommune","Sandefjord","Vestfold","H","Høyre",18,18
"2023","ko","kommune","Sandefjord","Vestfold","FRP","Fremskrittspartiet",5,5
"2023","ko","kommune","Sandefjord","Vestfold","DEMN","Norgesdemokratene",1,1
"2023","ko","kommune","Sandefjord","Vestfold","INP","Industri- og Næringspartiet",2,2
"2023","ko","kommune","Sandefjord","Vestfold","KRISTNE","Konservativt",0,0
"2023","ko","kommune","Sandefjord","Vestfold","LIBS","Liberalistene",0,0
"2023","ko","kommune","Sandefjord","Vestfold","PS","Partiet Sentrum",0,0
"2023","ko","kommune","Sandefjord","Vestfold","BLANKE","Blanke",0,0
"2023","ko","kommune","Sandefjord","Vestfold","Andre","Andre",3,3
"2023","ko","kommune","Sandefjord","Vestfold","Andre2","Andre2",0,0
"2023","ko","kommune","Larvik","Vestfold","A","Arbeiderpartiet",8,8
"2023","ko","kommune","Larvik","Vestfold","SV","SV - Sosialistisk Venstreparti",3,3
"2023","ko","kommune","Larvik","Vestfold","RØDT","Rødt",1,1
"2023","ko","kommune","Larvik","Vestfold","SP","Senterpartiet",2,2
"2023","ko","kommune","Larvik","Vestfold","KRF","Kristelig Folkeparti",2,2
"2023","ko","kommune","Larvik","Vestfold","MDG","Miljøpartiet De Grønne",1,1
"2023","ko","kommune","Larvik","Vestfold","V","Venstre",2,2
"2023","ko","kommune","Larvik","Vestfold","H","Høyre",11,11
"2023","ko","kommune","Larvik","Vestfold","FRP","Fremskrittspartiet",9,9
"2023","ko","kommune","Larvik","Vestfold","DEMN","Norgesdemokratene",0,0
"2023","ko","kommune","Larvik","Vestfold","INP","Industri- og Næringspartiet",2,2
"2023","ko","kommune","Larvik","Vestfold","KRISTNE","Konservativt",0,0
"2023","ko","kommune","Larvik","Vestfold","LIBS","Liberalistene",0,0
"2023","ko","kommune","Larvik","Vestfold","PS","Partiet Sentrum",0,0
"2023","ko","kommune","Larvik","Vestfold","BLANKE","Blanke",0,0
"2023","ko","kommune","Larvik","Vestfold","Andre","Andre",2,2
"2023","ko","kommune","Larvik","Vestfold","Andre2","Andre2",0,0
"2023","ko","kommune","Færder","Vestfold","A","Arbeiderpartiet",12,12
"2023","ko","kommune","Færder","Vestfold","SP","Senterpartiet",1,1
"2023","ko","kommune","Færder","Vestfold","KRF","Kristelig Folkeparti",1,1
"2023","ko","kommune","Færder","Vestfold","MDG","Miljøpartiet De Grønne",2,2
"2023","ko","kommune","Færder","Vestfold","V","Venstre",1,1
"2023","ko","kommune","Færder","Vestfold","H","Høyre",12,12
"2023","ko","kommune","Færder","Vestfold","FRP","Fremskrittspartiet",4,4
"2023","ko","kommune","Færder","Vestfold","DEMN","Norgesdemokratene",0,0
"2023","ko","kommune","Færder","Vestfold","INP","Industri- og Næringspartiet",2,2
"2023","ko","kommune","Færder","Vestfold","LIBS","Liberalistene",0,0
"2023","ko","kommune","Færder","Vestfold","BLANKE","Blanke",0,0
"2023","ko","kommune","Færder","Vestfold","FRSV","Felleslista Rødt SV",4,4
"2023","ko","kommune","Færder","Vestfold","Andre","Andre",6,6
"2023","ko","kommune","Færder","Vestfold","Andre2","Andre2",0,0
"2023","ko","kommune","Porsgrunn","Telemark","A","Arbeiderpartiet",13,13
"2023","ko","kommune","Porsgrunn","Telemark","SV","SV - Sosialistisk Venstreparti",3,3
"2023","ko","kommune","Porsgrunn","Telemark","RØDT","Rødt",3,3
"2023","ko","kommune","Porsgrunn","Telemark","SP","Senterpartiet",1,1
"2023","ko","kommune","Porsgrunn","Telemark","KRF","Kristelig Folkeparti",3,3
"2023","ko","kommune","Porsgrunn","Telemark","MDG","Miljøpartiet De Grønne",2,2
"2023","ko","kommune","Porsgrunn","Telemark","V","Venstre",1,1
"2023","ko","kommune","Porsgrunn","Telemark","H","Høyre",12,12
"2023","ko","kommune","Porsgrunn","Telemark","FRP","Fremskrittspartiet",6,6
"2023","ko","kommune","Porsgrunn","Telemark","DEMN","Norgesdemokratene",0,0
"2023","ko","kommune","Porsgrunn","Telemark","INP","Industri- og Næringspartiet",5,5
"2023","ko","kommune","Porsgrunn","Telemark","KRISTNE","Konservativt",0,0
"2023","ko","kommune","Porsgrunn","Telemark","LIBS","Liberalistene",0,0
"2023","ko","kommune","Porsgrunn","Telemark","BLANKE","Blanke",0,0
"2023","ko","kommune","Porsgrunn","Telemark","Andre","Andre",5,5
"2023","ko","kommune","Porsgrunn","Telemark","Andre2","Andre2",0,0
"2023","ko","kommune","Skien","Telemark","A","Arbeiderpartiet",13,13
"2023","ko","kommune","Skien","Telemark","SV","SV - Sosialistisk Venstreparti",4,4
"2023","ko","kommune","Skien","Telemark","RØDT","Rødt",3,3
"2023","ko","kommune","Skien","Telemark","SP","Senterpartiet",3,3
"2023","ko","kommune","Skien","Telemark","KRF","Kristelig Folkeparti",3,3
"2023","ko","kommune","Skien","Telemark","MDG","Miljøpartiet De Grønne",2,2
"2023","ko","kommune","Skien","Telemark","V","Venstre",1,1
"2023","ko","kommune","Skien","Telemark","H","Høyre",13,13
"2023","ko","kommune","Skien","Telemark","FRP","Fremskrittspartiet",9,9
"2023","ko","kommune","Skien","Telemark","DEMN","Norgesdemokratene",1,1
"2023","ko","kommune","Skien","Telemark","INP","Industri- og Næringspartiet",3,3
"2023","ko","kommune","Skien","Telemark","KRISTNE","Konservativt",0,0
"2023","ko","kommune","Skien","Telemark","LIBS","Liberalistene",0,0
"2023","ko","kommune","Skien","Telemark","BLANKE","Blanke",0,0
"2023","ko","kommune","Skien","Telemark","Andre","Andre",4,4
"2023","ko","kommune","Skien","Telemark","Andre2","Andre2",0,0
"2023","ko","kommune","Notodden","Telemark","A","Arbeiderpartiet",13,13
"2023","ko","kommune","Notodden","Telemark","SV","SV - Sosialistisk Venstreparti",2,2
"2023","ko","kommune","Notodden","Telemark","RØDT","Rødt",4,4
"2023","ko","kommune","Notodden","Telemark","SP","Senterpartiet",4,4
"2023","ko","kommune","Notodden","Telemark","KRF","Kristelig Folkeparti",3,3
"2023","ko","kommune","Notodden","Telemark","V","Venstre",2,2
"2023","ko","kommune","Notodden","Telemark","H","Høyre",8,8
"2023","ko","kommune","Notodden","Telemark","FRP","Fremskrittspartiet",5,5
"2023","ko","kommune","Notodden","Telemark","PS","Partiet Sentrum",0,0
"2023","ko","kommune","Notodden","Telemark","BLANKE","Blanke",0,0
"2023","ko","kommune","Notodden","Telemark","Andre","Andre",0,0
"2023","ko","kommune","Notodden","Telemark","Andre2","Andre2",0,0
"2023","ko","kommune","Siljan","Telemark","A","Arbeiderpartiet",5,5
"2023","ko","kommune","Siljan","Telemark","SV","SV - Sosialistisk Venstreparti",2,2
"2023","ko","kommune","Siljan","Telemark","SP","Senterpartiet",4,4
"2023","ko","kommune","Siljan","Telemark","KRF","Kristelig Folkeparti",1,1
"2023","ko","kommune","Siljan","Telemark","H","Høyre",5,5
"2023","ko","kommune","Siljan","Telemark","BLANKE","Blanke",0,0
"2023","ko","kommune","Siljan","Telemark","Andre","Andre",0,0
"2023","ko","kommune","Siljan","Telemark","Andre2","Andre2",0,0
"2023","ko","kommune","Bamble","Telemark","A","Arbeiderpartiet",8,8
"2023","ko","kommune","Bamble","Telemark","SV","SV - Sosialistisk Venstreparti",1,1
"2023","ko","kommune","Bamble","Telemark","RØDT","Rødt",2,2
"2023","ko","kommune","Bamble","Telemark","SP","Senterpartiet",3,3
"2023","ko","kommune","Bamble","Telemark","KRF","Kristelig Folkeparti",2,2
"2023","ko","kommune","Bamble","Telemark","V","Venstre",1,1
"2023","ko","kommune","Bamble","Telemark","H","Høyre",4,4
"2023","ko","kommune","Bamble","Telemark","FRP","Fremskrittspartiet",12,12
"2023","ko","kommune","Bamble","Telemark","BLANKE","Blanke",0,0
"2023","ko","kommune","Bamble","Telemark","Andre","Andre",0,0
"2023","ko","kommune","Bamble","Telemark","Andre2","Andre2",0,0
"2023","ko","kommune","Kragerø","Telemark","A","Arbeiderpartiet",6,6
"2023","ko","kommune","Kragerø","Telemark","SV","SV - Sosialistisk Venstreparti",1,1
"2023","ko","kommune","Kragerø","Telemark","RØDT","Rødt",6,6
"2023","ko","kommune","Kragerø","Telemark","SP","Senterpartiet",3,3
"2023","ko","kommune","Kragerø","Telemark","KRF","Kristelig Folkeparti",1,1
"2023","ko","kommune","Kragerø","Telemark","MDG","Miljøpartiet De Grønne",3,3
"2023","ko","kommune","Kragerø","Telemark","V","Venstre",1,1
"2023","ko","kommune","Kragerø","Telemark","H","Høyre",5,5
"2023","ko","kommune","Kragerø","Telemark","FRP","Fremskrittspartiet",8,8
"2023","ko","kommune","Kragerø","Telemark","DEMN","Norgesdemokratene",0,0
"2023","ko","kommune","Kragerø","Telemark","INP","Industri- og Næringspartiet",1,1
"2023","ko","kommune","Kragerø","Telemark","BLANKE","Blanke",0,0
"2023","ko","kommune","Kragerø","Telemark","Andre","Andre",1,1
"2023","ko","kommune","Kragerø","Telemark","Andre2","Andre2",0,0
"2023","ko","kommune","Drangedal","Telemark","A","Arbeiderpartiet",7,7
"2023","ko","kommune","Drangedal","Telemark","SV","SV - Sosialistisk Venstreparti",1,1
"2023","ko","kommune","Drangedal","Telemark","SP","Senterpartiet",5,5
"2023","ko","kommune","Drangedal","Telemark","KRF","Kristelig Folkeparti",1,1
"2023","ko","kommune","Drangedal","Telemark","MDG","Miljøpartiet De Grønne",1,1
"2023","ko","kommune","Drangedal","Telemark","FRP","Fremskrittspartiet",3,3
"2023","ko","kommune","Drangedal","Telemark","BLANKE","Blanke",0,0
"2023","ko","kommune","Drangedal","Telemark","FHV","Fellesliste for Høyre og Venstre",3,3
"2023","ko","kommune","Drangedal","Telemark","Andre","Andre",3,3
"2023","ko","kommune","Drangedal","Telemark","Andre2","Andre2",0,0
"2023","ko","kommune","Nome","Telemark","A","Arbeiderpartiet",7,7
"2023","ko","kommune","Nome","Telemark","SV","SV - Sosialistisk Venstreparti",1,1
"2023","ko","kommune","Nome","Telemark","SP","Senterpartiet",5,5
"2023","ko","kommune","Nome","Telemark","KRF","Kristelig Folkeparti",0,0
"2023","ko","kommune","Nome","Telemark","MDG","Miljøpartiet De Grønne",1,1
"2023","ko","kommune","Nome","Telemark","V","Venstre",0,0
"2023","ko","kommune","Nome","Telemark","H","Høyre",3,3
"2023","ko","kommune","Nome","Telemark","FRP","Fremskrittspartiet",3,3
"2023","ko","kommune","Nome","Telemark","DEMN","Norgesdemokratene",1,1
"2023","ko","kommune","Nome","Telemark","BLANKE","Blanke",0,0
"2023","ko","kommune","Nome","Telemark","Andre","Andre",1,1
"2023","ko","kommune","Nome","Telemark","Andre2","Andre2",0,0
"2023","ko","kommune","Midt-Telemark","Telemark","A","Arbeiderpartiet",4,4
"2023","ko","kommune","Midt-Telemark","Telemark","SV","SV - Sosialistisk Venstreparti",2,2
"2023","ko","kommune","Midt-Telemark","Telemark","RØDT","Rødt",1,1
"2023","ko","kommune","Midt-Telemark","Telemark","SP","Senterpartiet",9,9
"2023","ko","kommune","Midt-Telemark","Telemark","KRF","Kristelig Folkeparti",1,1
"2023","ko","kommune","Midt-Telemark","Telemark","MDG","Miljøpartiet De Grønne",2,2
"2023","ko","kommune","Midt-Telemark","Telemark","V","Venstre",2,2
"2023","ko","kommune","Midt-Telemark","Telemark","H","Høyre",4,4
"2023","ko","kommune","Midt-Telemark","Telemark","FRP","Fremskrittspartiet",4,4
"2023","ko","kommune","Midt-Telemark","Telemark","BLANKE","Blanke",0,0
"2023","ko","kommune","Midt-Telemark","Telemark","Andre","Andre",0,0
"2023","ko","kommune","Midt-Telemark","Telemark","Andre2","Andre2",0,0
"2023","ko","kommune","Seljord","Telemark","A","Arbeiderpartiet",4,4
"2023","ko","kommune","Seljord","Telemark","RØDT","Rødt",1,1
"2023","ko","kommune","Seljord","Telemark","SP","Senterpartiet",3,3
"2023","ko","kommune","Seljord","Telemark","H","Høyre",5,5
"2023","ko","kommune","Seljord","Telemark","FRP","Fremskrittspartiet",4,4
"2023","ko","kommune","Seljord","Telemark","BLANKE","Blanke",0,0
"2023","ko","kommune","Seljord","Telemark","Andre","Andre",0,0
"2023","ko","kommune","Seljord","Telemark","Andre2","Andre2",0,0
"2023","ko","kommune","Hjartdal","Telemark","A","Arbeiderpartiet",10,10
"2023","ko","kommune","Hjartdal","Telemark","SP","Senterpartiet",5,5
"2023","ko","kommune","Hjartdal","Telemark","KRF","Kristelig Folkeparti",2,2
"2023","ko","kommune","Hjartdal","Telemark","BLANKE","Blanke",0,0
"2023","ko","kommune","Hjartdal","Telemark","Andre","Andre",0,0
"2023","ko","kommune","Hjartdal","Telemark","Andre2","Andre2",0,0
"2023","ko","kommune","Tinn","Telemark","A","Arbeiderpartiet",8,8
"2023","ko","kommune","Tinn","Telemark","SV","SV - Sosialistisk Venstreparti",4,4
"2023","ko","kommune","Tinn","Telemark","SP","Senterpartiet",4,4
"2023","ko","kommune","Tinn","Telemark","MDG","Miljøpartiet De Grønne",0,0
"2023","ko","kommune","Tinn","Telemark","V","Venstre",1,1
"2023","ko","kommune","Tinn","Telemark","H","Høyre",6,6
"2023","ko","kommune","Tinn","Telemark","FRP","Fremskrittspartiet",2,2
"2023","ko","kommune","Tinn","Telemark","BLANKE","Blanke",0,0
"2023","ko","kommune","Tinn","Telemark","Andre","Andre",0,0
"2023","ko","kommune","Tinn","Telemark","Andre2","Andre2",0,0
"2023","ko","kommune","Kviteseid","Telemark","A","Arbeiderpartiet",5,5
"2023","ko","kommune","Kviteseid","Telemark","SP","Senterpartiet",4,4
"2023","ko","kommune","Kviteseid","Telemark","KRF","Kristelig Folkeparti",5,5
"2023","ko","kommune","Kviteseid","Telemark","V","Venstre",1,1
"2023","ko","kommune","Kviteseid","Telemark","H","Høyre",2,2
"2023","ko","kommune","Kviteseid","Telemark","BLANKE","Blanke",0,0
"2023","ko","kommune","Kviteseid","Telemark","Andre","Andre",0,0
"2023","ko","kommune","Kviteseid","Telemark","Andre2","Andre2",0,0
"2023","ko","kommune","Nissedal","Telemark","A","Arbeiderpartiet",5,5
"2023","ko","kommune","Nissedal","Telemark","SP","Senterpartiet",6,6
"2023","ko","kommune","Nissedal","Telemark","KRF","Kristelig Folkeparti",3,3
"2023","ko","kommune","Nissedal","Telemark","H","Høyre",2,2
"2023","ko","kommune","Nissedal","Telemark","FRP","Fremskrittspartiet",1,1
"2023","ko","kommune","Nissedal","Telemark","BLANKE","Blanke",0,0
"2023","ko","kommune","Nissedal","Telemark","Andre","Andre",0,0
"2023","ko","kommune","Nissedal","Telemark","Andre2","Andre2",0,0
"2023","ko","kommune","Fyresdal","Telemark","A","Arbeiderpartiet",9,9
"2023","ko","kommune","Fyresdal","Telemark","SP","Senterpartiet",8,8
"2023","ko","kommune","Fyresdal","Telemark","BLANKE","Blanke",0,0
"2023","ko","kommune","Fyresdal","Telemark","Andre","Andre",0,0
"2023","ko","kommune","Fyresdal","Telemark","Andre2","Andre2",0,0
"2023","ko","kommune","Tokke","Telemark","A","Arbeiderpartiet",6,6
"2023","ko","kommune","Tokke","Telemark","SV","SV - Sosialistisk Venstreparti",1,1
"2023","ko","kommune","Tokke","Telemark","SP","Senterpartiet",10,10
"2023","ko","kommune","Tokke","Telemark","KRF","Kristelig Folkeparti",1,1
"2023","ko","kommune","Tokke","Telemark","MDG","Miljøpartiet De Grønne",1,1
"2023","ko","kommune","Tokke","Telemark","H","Høyre",2,2
"2023","ko","kommune","Tokke","Telemark","BLANKE","Blanke",0,0
"2023","ko","kommune","Tokke","Telemark","Andre","Andre",0,0
"2023","ko","kommune","Tokke","Telemark","Andre2","Andre2",0,0
"2023","ko","kommune","Vinje","Telemark","A","Arbeiderpartiet",3,3
"2023","ko","kommune","Vinje","Telemark","SV","SV - Sosialistisk Venstreparti",4,4
"2023","ko","kommune","Vinje","Telemark","SP","Senterpartiet",8,8
"2023","ko","kommune","Vinje","Telemark","H","Høyre",1,1
"2023","ko","kommune","Vinje","Telemark","FRP","Fremskrittspartiet",1,1
"2023","ko","kommune","Vinje","Telemark","INP","Industri- og Næringspartiet",4,4
"2023","ko","kommune","Vinje","Telemark","BLANKE","Blanke",0,0
"2023","ko","kommune","Vinje","Telemark","VBY","Vinje tverrpolitiske bygdeliste",4,4
"2023","ko","kommune","Vinje","Telemark","Andre","Andre",8,8
"2023","ko","kommune","Vinje","Telemark","Andre2","Andre2",0,0
"2023","ko","kommune","Risør","Agder","A","Arbeiderpartiet",9,0
"2023","ko","kommune","Risør","Agder","RØDT","Rødt",3,0
"2023","ko","kommune","Risør","Agder","SP","Senterpartiet",1,-1
"2023","ko","kommune","Risør","Agder","V","Venstre",4,1
"2023","ko","kommune","Risør","Agder","H","Høyre",9,0
"2023","ko","kommune","Risør","Agder","FRP","Fremskrittspartiet",3,1
"2023","ko","kommune","Risør","Agder","BLANKE","Blanke",0,0
"2023","ko","kommune","Risør","Agder","Andre","Andre",0,0
"2023","ko","kommune","Risør","Agder","Andre2","Andre2",0,-1
"2023","ko","kommune","Grimstad","Agder","A","Arbeiderpartiet",6,-1
"2023","ko","kommune","Grimstad","Agder","SV","SV - Sosialistisk Venstreparti",3,1
"2023","ko","kommune","Grimstad","Agder","RØDT","Rødt",1,0
"2023","ko","kommune","Grimstad","Agder","SP","Senterpartiet",2,-1
"2023","ko","kommune","Grimstad","Agder","KRF","Kristelig Folkeparti",5,-1
"2023","ko","kommune","Grimstad","Agder","MDG","Miljøpartiet De Grønne",1,-1
"2023","ko","kommune","Grimstad","Agder","V","Venstre",2,-1
"2023","ko","kommune","Grimstad","Agder","H","Høyre",8,1
"2023","ko","kommune","Grimstad","Agder","FRP","Fremskrittspartiet",4,0
"2023","ko","kommune","Grimstad","Agder","INP","Industri- og Næringspartiet",2,2
"2023","ko","kommune","Grimstad","Agder","KRISTNE","Konservativt",1,1
"2023","ko","kommune","Grimstad","Agder","LIBS","Liberalistene",0,0
"2023","ko","kommune","Grimstad","Agder","PS","Partiet Sentrum",0,0
"2023","ko","kommune","Grimstad","Agder","BLANKE","Blanke",0,0
"2023","ko","kommune","Grimstad","Agder","Andre","Andre",3,3
"2023","ko","kommune","Grimstad","Agder","Andre2","Andre2",0,0
"2023","ko","kommune","Arendal","Agder","A","Arbeiderpartiet",13,2
"2023","ko","kommune","Arendal","Agder","SV","SV - Sosialistisk Venstreparti",5,2
"2023","ko","kommune","Arendal","Agder","RØDT","Rødt",1,0
"2023","ko","kommune","Arendal","Agder","SP","Senterpartiet",1,-2
"2023","ko","kommune","Arendal","Agder","KRF","Kristelig Folkeparti",2,0
"2023","ko","kommune","Arendal","Agder","MDG","Miljøpartiet De Grønne",0,-1
"2023","ko","kommune","Arendal","Agder","V","Venstre",1,0
"2023","ko","kommune","Arendal","Agder","H","Høyre",7,-1
"2023","ko","kommune","Arendal","Agder","FRP","Fremskrittspartiet",7,2
"2023","ko","kommune","Arendal","Agder","AAN","Alliansen - Alternativ for Norge",0,0
"2023","ko","kommune","Arendal","Agder","HELSE","Helsepartiet",1,0
"2023","ko","kommune","Arendal","Agder","KRISTNE","Konservativt",0,0
"2023","ko","kommune","Arendal","Agder","LIBS","Liberalistene",0,0
"2023","ko","kommune","Arendal","Agder","PP","Pensjonistpartiet",1,0
"2023","ko","kommune","Arendal","Agder","AL","Arendalslista",0,0
"2023","ko","kommune","Arendal","Agder","BLANKE","Blanke",0,0
"2023","ko","kommune","Arendal","Agder","Andre","Andre",2,0
"2023","ko","kommune","Arendal","Agder","Andre2","Andre2",0,-2
"2023","ko","kommune","Kristiansand","Agder","A","Arbeiderpartiet",8,-5
"2023","ko","kommune","Kristiansand","Agder","SV","SV - Sosialistisk Venstreparti",4,0
"2023","ko","kommune","Kristiansand","Agder","RØDT","Rødt",2,0
"2023","ko","kommune","Kristiansand","Agder","SP","Senterpartiet",2,-1
"2023","ko","kommune","Kristiansand","Agder","KRF","Kristelig Folkeparti",7,-1
"2023","ko","kommune","Kristiansand","Agder","MDG","Miljøpartiet De Grønne",2,-4
"2023","ko","kommune","Kristiansand","Agder","V","Venstre",3,1
"2023","ko","kommune","Kristiansand","Agder","H","Høyre",17,4
"2023","ko","kommune","Kristiansand","Agder","FRP","Fremskrittspartiet",5,1
"2023","ko","kommune","Kristiansand","Agder","DEMN","Norgesdemokratene",0,-10
"2023","ko","kommune","Kristiansand","Agder","FNB","Folkets Parti",0,0
"2023","ko","kommune","Kristiansand","Agder","INP","Industri- og Næringspartiet",1,1
"2023","ko","kommune","Kristiansand","Agder","KRISTNE","Konservativt",1,0
"2023","ko","kommune","Kristiansand","Agder","LIBS","Liberalistene",0,0
"2023","ko","kommune","Kristiansand","Agder","NKP","Norges Kommunistiske Parti",0,0
"2023","ko","kommune","Kristiansand","Agder","PP","Pensjonistpartiet",3,2
"2023","ko","kommune","Kristiansand","Agder","PS","Partiet Sentrum",1,1
"2023","ko","kommune","Kristiansand","Agder","BLANKE","Blanke",0,0
"2023","ko","kommune","Kristiansand","Agder","KLEPP","Kleppelista",1,1
"2023","ko","kommune","Kristiansand","Agder","SOP","Sørlandspartiet",0,0
"2023","ko","kommune","Kristiansand","Agder","Andre","Andre",7,-5
"2023","ko","kommune","Kristiansand","Agder","Andre2","Andre2",0,-4
"2023","ko","kommune","Lindesnes","Agder","A","Arbeiderpartiet",5,-3
"2023","ko","kommune","Lindesnes","Agder","SV","SV - Sosialistisk Venstreparti",3,2
"2023","ko","kommune","Lindesnes","Agder","RØDT","Rødt",0,0
"2023","ko","kommune","Lindesnes","Agder","SP","Senterpartiet",2,-3
"2023","ko","kommune","Lindesnes","Agder","KRF","Kristelig Folkeparti",4,0
"2023","ko","kommune","Lindesnes","Agder","MDG","Miljøpartiet De Grønne",1,-1
"2023","ko","kommune","Lindesnes","Agder","V","Venstre",6,4
"2023","ko","kommune","Lindesnes","Agder","H","Høyre",6,0
"2023","ko","kommune","Lindesnes","Agder","FRP","Fremskrittspartiet",9,-2
"2023","ko","kommune","Lindesnes","Agder","DEMN","Norgesdemokratene",0,0
"2023","ko","kommune","Lindesnes","Agder","INP","Industri- og Næringspartiet",2,2
"2023","ko","kommune","Lindesnes","Agder","KRISTNE","Konservativt",1,1
"2023","ko","kommune","Lindesnes","Agder","BLANKE","Blanke",0,0
"2023","ko","kommune","Lindesnes","Agder","Andre","Andre",3,3
"2023","ko","kommune","Lindesnes","Agder","Andre2","Andre2",0,0
"2023","ko","kommune","Farsund","Agder","A","Arbeiderpartiet",5,-3
"2023","ko","kommune","Farsund","Agder","SV","SV - Sosialistisk Venstreparti",2,1
"2023","ko","kommune","Farsund","Agder","SP","Senterpartiet",2,-1
"2023","ko","kommune","Farsund","Agder","KRF","Kristelig Folkeparti",4,-1
"2023","ko","kommune","Farsund","Agder","MDG","Miljøpartiet De Grønne",0,0
"2023","ko","kommune","Farsund","Agder","V","Venstre",1,0
"2023","ko","kommune","Farsund","Agder","H","Høyre",4,0
"2023","ko","kommune","Farsund","Agder","FRP","Fremskrittspartiet",10,4
"2023","ko","kommune","Farsund","Agder","INP","Industri- og Næringspartiet",1,1
"2023","ko","kommune","Farsund","Agder","BLANKE","Blanke",0,0
"2023","ko","kommune","Farsund","Agder","Andre","Andre",1,1
"2023","ko","kommune","Farsund","Agder","Andre2","Andre2",0,-1
"2023","ko","kommune","Flekkefjord","Agder","A","Arbeiderpartiet",3,-1
"2023","ko","kommune","Flekkefjord","Agder","SV","SV - Sosialistisk Venstreparti",2,0
"2023","ko","kommune","Flekkefjord","Agder","RØDT","Rødt",1,0
"2023","ko","kommune","Flekkefjord","Agder","SP","Senterpartiet",2,-5
"2023","ko","kommune","Flekkefjord","Agder","KRF","Kristelig Folkeparti",5,0
"2023","ko","kommune","Flekkefjord","Agder","V","Venstre",2,0
"2023","ko","kommune","Flekkefjord","Agder","H","Høyre",5,-3
"2023","ko","kommune","Flekkefjord","Agder","FRP","Fremskrittspartiet",14,8
"2023","ko","kommune","Flekkefjord","Agder","BLANKE","Blanke",0,0
"2023","ko","kommune","Flekkefjord","Agder","VEL","Flekkefjords Vel ",1,1
"2023","ko","kommune","Flekkefjord","Agder","Andre","Andre",1,1
"2023","ko","kommune","Flekkefjord","Agder","Andre2","Andre2",0,0
"2023","ko","kommune","Gjerstad","Agder","A","Arbeiderpartiet",3,-3
"2023","ko","kommune","Gjerstad","Agder","RØDT","Rødt",1,1
"2023","ko","kommune","Gjerstad","Agder","SP","Senterpartiet",4,-2
"2023","ko","kommune","Gjerstad","Agder","KRF","Kristelig Folkeparti",1,0
"2023","ko","kommune","Gjerstad","Agder","H","Høyre",6,4
"2023","ko","kommune","Gjerstad","Agder","FRP","Fremskrittspartiet",2,0
"2023","ko","kommune","Gjerstad","Agder","BLANKE","Blanke",0,0
"2023","ko","kommune","Gjerstad","Agder","Andre","Andre",0,0
"2023","ko","kommune","Gjerstad","Agder","Andre2","Andre2",0,0
"2023","ko","kommune","Vegårshei","Agder","A","Arbeiderpartiet",5,1
"2023","ko","kommune","Vegårshei","Agder","SP","Senterpartiet",4,0
"2023","ko","kommune","Vegårshei","Agder","KRF","Kristelig Folkeparti",6,-1
"2023","ko","kommune","Vegårshei","Agder","H","Høyre",2,0
"2023","ko","kommune","Vegårshei","Agder","BLANKE","Blanke",0,0
"2023","ko","kommune","Vegårshei","Agder","Andre","Andre",0,0
"2023","ko","kommune","Vegårshei","Agder","Andre2","Andre2",0,0
"2023","ko","kommune","Tvedestrand","Agder","A","Arbeiderpartiet",5,0
"2023","ko","kommune","Tvedestrand","Agder","SV","SV - Sosialistisk Venstreparti",2,2
"2023","ko","kommune","Tvedestrand","Agder","RØDT","Rødt",0,0
"2023","ko","kommune","Tvedestrand","Agder","SP","Senterpartiet",3,-2
"2023","ko","kommune","Tvedestrand","Agder","KRF","Kristelig Folkeparti",1,0
"2023","ko","kommune","Tvedestrand","Agder","V","Venstre",1,-1
"2023","ko","kommune","Tvedestrand","Agder","H","Høyre",7,2
"2023","ko","kommune","Tvedestrand","Agder","FRP","Fremskrittspartiet",2,1
"2023","ko","kommune","Tvedestrand","Agder","INP","Industri- og Næringspartiet",2,2
"2023","ko","kommune","Tvedestrand","Agder","BLANKE","Blanke",0,0
"2023","ko","kommune","Tvedestrand","Agder","Andre","Andre",2,2
"2023","ko","kommune","Tvedestrand","Agder","Andre2","Andre2",0,-4
"2023","ko","kommune","Froland","Agder","A","Arbeiderpartiet",4,0
"2023","ko","kommune","Froland","Agder","SV","SV - Sosialistisk Venstreparti",1,1
"2023","ko","kommune","Froland","Agder","SP","Senterpartiet",3,-1
"2023","ko","kommune","Froland","Agder","KRF","Kristelig Folkeparti",4,-2
"2023","ko","kommune","Froland","Agder","H","Høyre",1,0
"2023","ko","kommune","Froland","Agder","FRP","Fremskrittspartiet",4,1
"2023","ko","kommune","Froland","Agder","KRISTNE","Konservativt",2,1
"2023","ko","kommune","Froland","Agder","BLANKE","Blanke",0,0
"2023","ko","kommune","Froland","Agder","Andre","Andre",2,1
"2023","ko","kommune","Froland","Agder","Andre2","Andre2",0,0
"2023","ko","kommune","Lillesand","Agder","A","Arbeiderpartiet",5,-1
"2023","ko","kommune","Lillesand","Agder","SV","SV - Sosialistisk Venstreparti",2,0
"2023","ko","kommune","Lillesand","Agder","RØDT","Rødt",1,1
"2023","ko","kommune","Lillesand","Agder","SP","Senterpartiet",1,-1
"2023","ko","kommune","Lillesand","Agder","KRF","Kristelig Folkeparti",2,0
"2023","ko","kommune","Lillesand","Agder","MDG","Miljøpartiet De Grønne",1,0
"2023","ko","kommune","Lillesand","Agder","V","Venstre",1,-1
"2023","ko","kommune","Lillesand","Agder","H","Høyre",8,0
"2023","ko","kommune","Lillesand","Agder","FRP","Fremskrittspartiet",3,1
"2023","ko","kommune","Lillesand","Agder","PP","Pensjonistpartiet",3,1
"2023","ko","kommune","Lillesand","Agder","BLANKE","Blanke",0,0
"2023","ko","kommune","Lillesand","Agder","Andre","Andre",3,1
"2023","ko","kommune","Lillesand","Agder","Andre2","Andre2",0,0
"2023","ko","kommune","Birkenes","Agder","A","Arbeiderpartiet",3,-1
"2023","ko","kommune","Birkenes","Agder","SV","SV - Sosialistisk Venstreparti",1,1
"2023","ko","kommune","Birkenes","Agder","RØDT","Rødt",0,0
"2023","ko","kommune","Birkenes","Agder","SP","Senterpartiet",4,-3
"2023","ko","kommune","Birkenes","Agder","KRF","Kristelig Folkeparti",3,1
"2023","ko","kommune","Birkenes","Agder","V","Venstre",0,0
"2023","ko","kommune","Birkenes","Agder","H","Høyre",6,1
"2023","ko","kommune","Birkenes","Agder","FRP","Fremskrittspartiet",2,0
"2023","ko","kommune","Birkenes","Agder","INP","Industri- og Næringspartiet",2,2
"2023","ko","kommune","Birkenes","Agder","BLANKE","Blanke",0,0
"2023","ko","kommune","Birkenes","Agder","Andre","Andre",2,2
"2023","ko","kommune","Birkenes","Agder","Andre2","Andre2",0,-1
"2023","ko","kommune","Åmli","Agder","A","Arbeiderpartiet",7,2
"2023","ko","kommune","Åmli","Agder","RØDT","Rødt",1,1
"2023","ko","kommune","Åmli","Agder","SP","Senterpartiet",6,-2
"2023","ko","kommune","Åmli","Agder","H","Høyre",3,1
"2023","ko","kommune","Åmli","Agder","BLANKE","Blanke",0,0
"2023","ko","kommune","Åmli","Agder","Andre","Andre",0,0
"2023","ko","kommune","Åmli","Agder","Andre2","Andre2",0,-2
"2023","ko","kommune","Iveland","Agder","A","Arbeiderpartiet",2,0
"2023","ko","kommune","Iveland","Agder","SP","Senterpartiet",3,-3
"2023","ko","kommune","Iveland","Agder","KRF","Kristelig Folkeparti",5,1
"2023","ko","kommune","Iveland","Agder","H","Høyre",5,1
"2023","ko","kommune","Iveland","Agder","FRP","Fremskrittspartiet",2,1
"2023","ko","kommune","Iveland","Agder","BLANKE","Blanke",0,0
"2023","ko","kommune","Iveland","Agder","Andre","Andre",0,0
"2023","ko","kommune","Iveland","Agder","Andre2","Andre2",0,0
"2023","ko","kommune","Evje og Hornnes","Agder","A","Arbeiderpartiet",7,-1
"2023","ko","kommune","Evje og Hornnes","Agder","SV","SV - Sosialistisk Venstreparti",0,0
"2023","ko","kommune","Evje og Hornnes","Agder","RØDT","Rødt",0,0
"2023","ko","kommune","Evje og Hornnes","Agder","SP","Senterpartiet",2,-1
"2023","ko","kommune","Evje og Hornnes","Agder","KRF","Kristelig Folkeparti",4,-1
"2023","ko","kommune","Evje og Hornnes","Agder","V","Venstre",2,0
"2023","ko","kommune","Evje og Hornnes","Agder","H","Høyre",5,3
"2023","ko","kommune","Evje og Hornnes","Agder","FRP","Fremskrittspartiet",1,0
"2023","ko","kommune","Evje og Hornnes","Agder","BLANKE","Blanke",0,0
"2023","ko","kommune","Evje og Hornnes","Agder","Andre","Andre",0,0
"2023","ko","kommune","Evje og Hornnes","Agder","Andre2","Andre2",0,0
"2023","ko","kommune","Bygland","Agder","A","Arbeiderpartiet",4,0
"2023","ko","kommune","Bygland","Agder","SP","Senterpartiet",4,0
"2023","ko","kommune","Bygland","Agder","H","Høyre",6,2
"2023","ko","kommune","Bygland","Agder","PP","Pensjonistpartiet",1,1
"2023","ko","kommune","Bygland","Agder","BLANKE","Blanke",0,0
"2023","ko","kommune","Bygland","Agder","Andre","Andre",1,1
"2023","ko","kommune","Bygland","Agder","Andre2","Andre2",0,-3
"2023","ko","kommune","Valle","Agder","A","Arbeiderpartiet",3,-3
"2023","ko","kommune","Valle","Agder","SP","Senterpartiet",5,-1
"2023","ko","kommune","Valle","Agder","H","Høyre",3,1
"2023","ko","kommune","Valle","Agder","BLANKE","Blanke",0,0
"2023","ko","kommune","Valle","Agder","BLVA","Bygdelista Valle",4,4
"2023","ko","kommune","Valle","Agder","Andre","Andre",4,4
"2023","ko","kommune","Valle","Agder","Andre2","Andre2",0,-1
"2023","ko","kommune","Bykle","Agder","A","Arbeiderpartiet",4,0
"2023","ko","kommune","Bykle","Agder","SP","Senterpartiet",2,-1
"2023","ko","kommune","Bykle","Agder","KRF","Kristelig Folkeparti",1,0
"2023","ko","kommune","Bykle","Agder","V","Venstre",2,0
"2023","ko","kommune","Bykle","Agder","H","Høyre",3,0
"2023","ko","kommune","Bykle","Agder","BLANKE","Blanke",0,0
"2023","ko","kommune","Bykle","Agder","BYKB","Bykle Bygdeliste",1,1
"2023","ko","kommune","Bykle","Agder","Andre","Andre",1,1
"2023","ko","kommune","Bykle","Agder","Andre2","Andre2",0,0
"2023","ko","kommune","Vennesla","Agder","A","Arbeiderpartiet",4,-1
"2023","ko","kommune","Vennesla","Agder","SV","SV - Sosialistisk Venstreparti",1,0
"2023","ko","kommune","Vennesla","Agder","RØDT","Rødt",0,0
"2023","ko","kommune","Vennesla","Agder","SP","Senterpartiet",5,-1
"2023","ko","kommune","Vennesla","Agder","KRF","Kristelig Folkeparti",7,-1
"2023","ko","kommune","Vennesla","Agder","V","Venstre",0,0
"2023","ko","kommune","Vennesla","Agder","H","Høyre",4,1
"2023","ko","kommune","Vennesla","Agder","FRP","Fremskrittspartiet",4,1
"2023","ko","kommune","Vennesla","Agder","KRISTNE","Konservativt",2,1
"2023","ko","kommune","Vennesla","Agder","PS","Partiet Sentrum",0,0
"2023","ko","kommune","Vennesla","Agder","BLANKE","Blanke",0,0
"2023","ko","kommune","Vennesla","Agder","Andre","Andre",2,1
"2023","ko","kommune","Vennesla","Agder","Andre2","Andre2",0,0
"2023","ko","kommune","Åseral","Agder","A","Arbeiderpartiet",6,0
"2023","ko","kommune","Åseral","Agder","SP","Senterpartiet",4,-1
"2023","ko","kommune","Åseral","Agder","KRF","Kristelig Folkeparti",4,1
"2023","ko","kommune","Åseral","Agder","H","Høyre",3,0
"2023","ko","kommune","Åseral","Agder","BLANKE","Blanke",0,0
"2023","ko","kommune","Åseral","Agder","Andre","Andre",0,0
"2023","ko","kommune","Åseral","Agder","Andre2","Andre2",0,0
"2023","ko","kommune","Lyngdal","Agder","A","Arbeiderpartiet",3,-2
"2023","ko","kommune","Lyngdal","Agder","SV","SV - Sosialistisk Venstreparti",0,0
"2023","ko","kommune","Lyngdal","Agder","RØDT","Rødt",0,-1
"2023","ko","kommune","Lyngdal","Agder","SP","Senterpartiet",3,-3
"2023","ko","kommune","Lyngdal","Agder","KRF","Kristelig Folkeparti",5,-3
"2023","ko","kommune","Lyngdal","Agder","MDG","Miljøpartiet De Grønne",0,0
"2023","ko","kommune","Lyngdal","Agder","V","Venstre",2,1
"2023","ko","kommune","Lyngdal","Agder","H","Høyre",5,-5
"2023","ko","kommune","Lyngdal","Agder","FRP","Fremskrittspartiet",10,6
"2023","ko","kommune","Lyngdal","Agder","INP","Industri- og Næringspartiet",1,1
"2023","ko","kommune","Lyngdal","Agder","PS","Partiet Sentrum",0,0
"2023","ko","kommune","Lyngdal","Agder","BLANKE","Blanke",0,0
"2023","ko","kommune","Lyngdal","Agder","Andre","Andre",1,1
"2023","ko","kommune","Lyngdal","Agder","Andre2","Andre2",0,0
"2023","ko","kommune","Hægebostad","Agder","A","Arbeiderpartiet",2,1
"2023","ko","kommune","Hægebostad","Agder","SP","Senterpartiet",4,-2
"2023","ko","kommune","Hægebostad","Agder","KRF","Kristelig Folkeparti",2,0
"2023","ko","kommune","Hægebostad","Agder","H","Høyre",5,2
"2023","ko","kommune","Hægebostad","Agder","FRP","Fremskrittspartiet",3,0
"2023","ko","kommune","Hægebostad","Agder","BLANKE","Blanke",0,0
"2023","ko","kommune","Hægebostad","Agder","TPLH","Tverrpolitisk liste",1,-1
"2023","ko","kommune","Hægebostad","Agder","Andre","Andre",1,-1
"2023","ko","kommune","Hægebostad","Agder","Andre2","Andre2",0,0
"2023","ko","kommune","Kvinesdal","Agder","A","Arbeiderpartiet",5,-1
"2023","ko","kommune","Kvinesdal","Agder","SP","Senterpartiet",2,-4
"2023","ko","kommune","Kvinesdal","Agder","KRF","Kristelig Folkeparti",8,1
"2023","ko","kommune","Kvinesdal","Agder","MDG","Miljøpartiet De Grønne",1,1
"2023","ko","kommune","Kvinesdal","Agder","V","Venstre",0,0
"2023","ko","kommune","Kvinesdal","Agder","H","Høyre",3,-1
"2023","ko","kommune","Kvinesdal","Agder","FRP","Fremskrittspartiet",6,2
"2023","ko","kommune","Kvinesdal","Agder","INP","Industri- og Næringspartiet",2,2
"2023","ko","kommune","Kvinesdal","Agder","BLANKE","Blanke",0,0
"2023","ko","kommune","Kvinesdal","Agder","Andre","Andre",2,2
"2023","ko","kommune","Kvinesdal","Agder","Andre2","Andre2",0,0
"2023","ko","kommune","Sirdal","Agder","A","Arbeiderpartiet",6,-2
"2023","ko","kommune","Sirdal","Agder","SP","Senterpartiet",5,1
"2023","ko","kommune","Sirdal","Agder","KRF","Kristelig Folkeparti",3,1
"2023","ko","kommune","Sirdal","Agder","V","Venstre",1,0
"2023","ko","kommune","Sirdal","Agder","H","Høyre",3,0
"2023","ko","kommune","Sirdal","Agder","FRP","Fremskrittspartiet",1,1
"2023","ko","kommune","Sirdal","Agder","BLANKE","Blanke",0,0
"2023","ko","kommune","Sirdal","Agder","Andre","Andre",0,0
"2023","ko","kommune","Sirdal","Agder","Andre2","Andre2",0,-1
"2023","ko","kommune","Bergen","Vestland","A","Arbeiderpartiet",13,0
"2023","ko","kommune","Bergen","Vestland","SV","SV - Sosialistisk Venstreparti",7,1
"2023","ko","kommune","Bergen","Vestland","RØDT","Rødt",3,0
"2023","ko","kommune","Bergen","Vestland","SP","Senterpartiet",2,-2
"2023","ko","kommune","Bergen","Vestland","KRF","Kristelig Folkeparti",2,0
"2023","ko","kommune","Bergen","Vestland","MDG","Miljøpartiet De Grønne",4,-3
"2023","ko","kommune","Bergen","Vestland","V","Venstre",3,0
"2023","ko","kommune","Bergen","Vestland","H","Høyre",18,4
"2023","ko","kommune","Bergen","Vestland","FRP","Fremskrittspartiet",7,4
"2023","ko","kommune","Bergen","Vestland","DEMN","Norgesdemokratene",0,0
"2023","ko","kommune","Bergen","Vestland","FNB","Folkets Parti",0,-11
"2023","ko","kommune","Bergen","Vestland","INP","Industri- og Næringspartiet",3,3
"2023","ko","kommune","Bergen","Vestland","KRISTNE","Konservativt",0,0
"2023","ko","kommune","Bergen","Vestland","LIBS","Liberalistene",0,0
"2023","ko","kommune","Bergen","Vestland","NKP","Norges Kommunistiske Parti",0,0
"2023","ko","kommune","Bergen","Vestland","PP","Pensjonistpartiet",1,0
"2023","ko","kommune","Bergen","Vestland","PS","Partiet Sentrum",0,0
"2023","ko","kommune","Bergen","Vestland","BLANKE","Blanke",0,0
"2023","ko","kommune","Bergen","Vestland","BRG","Bergenslisten",4,4
"2023","ko","kommune","Bergen","Vestland","FSTY","Folkestyrelisten",0,0
"2023","ko","kommune","Bergen","Vestland","GENR","Generasjonspartiet",0,0
"2023","ko","kommune","Bergen","Vestland","Andre","Andre",8,-4
"2023","ko","kommune","Bergen","Vestland","Andre2","Andre2",0,0
"2023","ko","kommune","Kinn","Vestland","A","Arbeiderpartiet",8,-2
"2023","ko","kommune","Kinn","Vestland","SV","SV - Sosialistisk Venstreparti",2,0
"2023","ko","kommune","Kinn","Vestland","RØDT","Rødt",4,0
"2023","ko","kommune","Kinn","Vestland","SP","Senterpartiet",3,-5
"2023","ko","kommune","Kinn","Vestland","KRF","Kristelig Folkeparti",2,1
"2023","ko","kommune","Kinn","Vestland","V","Venstre",3,-1
"2023","ko","kommune","Kinn","Vestland","H","Høyre",10,4
"2023","ko","kommune","Kinn","Vestland","FRP","Fremskrittspartiet",5,3
"2023","ko","kommune","Kinn","Vestland","INP","Industri- og Næringspartiet",2,2
"2023","ko","kommune","Kinn","Vestland","KRISTNE","Konservativt",0,0
"2023","ko","kommune","Kinn","Vestland","LIBS","Liberalistene",0,0
"2023","ko","kommune","Kinn","Vestland","BLANKE","Blanke",0,0
"2023","ko","kommune","Kinn","Vestland","Andre","Andre",2,2
"2023","ko","kommune","Kinn","Vestland","Andre2","Andre2",0,-2
"2023","ko","kommune","Etne","Vestland","A","Arbeiderpartiet",3,1
"2023","ko","kommune","Etne","Vestland","RØDT","Rødt",0,0
"2023","ko","kommune","Etne","Vestland","SP","Senterpartiet",4,-3
"2023","ko","kommune","Etne","Vestland","KRF","Kristelig Folkeparti",2,0
"2023","ko","kommune","Etne","Vestland","V","Venstre",1,0
"2023","ko","kommune","Etne","Vestland","H","Høyre",2,1
"2023","ko","kommune","Etne","Vestland","FRP","Fremskrittspartiet",4,0
"2023","ko","kommune","Etne","Vestland","INP","Industri- og Næringspartiet",1,1
"2023","ko","kommune","Etne","Vestland","BLANKE","Blanke",0,0
"2023","ko","kommune","Etne","Vestland","Andre","Andre",1,1
"2023","ko","kommune","Etne","Vestland","Andre2","Andre2",0,0
"2023","ko","kommune","Sveio","Vestland","A","Arbeiderpartiet",5,-2
"2023","ko","kommune","Sveio","Vestland","SV","SV - Sosialistisk Venstreparti",1,0
"2023","ko","kommune","Sveio","Vestland","SP","Senterpartiet",3,-2
"2023","ko","kommune","Sveio","Vestland","KRF","Kristelig Folkeparti",2,0
"2023","ko","kommune","Sveio","Vestland","MDG","Miljøpartiet De Grønne",1,0
"2023","ko","kommune","Sveio","Vestland","V","Venstre",0,0
"2023","ko","kommune","Sveio","Vestland","H","Høyre",5,0
"2023","ko","kommune","Sveio","Vestland","FRP","Fremskrittspartiet",4,0
"2023","ko","kommune","Sveio","Vestland","INP","Industri- og Næringspartiet",2,2
"2023","ko","kommune","Sveio","Vestland","LIBS","Liberalistene",0,0
"2023","ko","kommune","Sveio","Vestland","BLANKE","Blanke",0,0
"2023","ko","kommune","Sveio","Vestland","TPFL","Tverrpolitisk fellesliste",2,2
"2023","ko","kommune","Sveio","Vestland","Andre","Andre",4,4
"2023","ko","kommune","Sveio","Vestland","Andre2","Andre2",0,0
"2023","ko","kommune","Bømlo","Vestland","A","Arbeiderpartiet",4,-1
"2023","ko","kommune","Bømlo","Vestland","SV","SV - Sosialistisk Venstreparti",1,0
"2023","ko","kommune","Bømlo","Vestland","RØDT","Rødt",0,0
"2023","ko","kommune","Bømlo","Vestland","SP","Senterpartiet",2,-1
"2023","ko","kommune","Bømlo","Vestland","KRF","Kristelig Folkeparti",5,0
"2023","ko","kommune","Bømlo","Vestland","MDG","Miljøpartiet De Grønne",0,-1
"2023","ko","kommune","Bømlo","Vestland","V","Venstre",0,-1
"2023","ko","kommune","Bømlo","Vestland","H","Høyre",6,-1
"2023","ko","kommune","Bømlo","Vestland","FRP","Fremskrittspartiet",4,1
"2023","ko","kommune","Bømlo","Vestland","INP","Industri- og Næringspartiet",4,4
"2023","ko","kommune","Bømlo","Vestland","KRISTNE","Konservativt",1,0
"2023","ko","kommune","Bømlo","Vestland","LIBS","Liberalistene",0,0
"2023","ko","kommune","Bømlo","Vestland","BLANKE","Blanke",0,0
"2023","ko","kommune","Bømlo","Vestland","Andre","Andre",5,4
"2023","ko","kommune","Bømlo","Vestland","Andre2","Andre2",0,0
"2023","ko","kommune","Stord","Vestland","A","Arbeiderpartiet",10,-1
"2023","ko","kommune","Stord","Vestland","SV","SV - Sosialistisk Venstreparti",3,1
"2023","ko","kommune","Stord","Vestland","RØDT","Rødt",1,0
"2023","ko","kommune","Stord","Vestland","SP","Senterpartiet",1,-4
"2023","ko","kommune","Stord","Vestland","KRF","Kristelig Folkeparti",2,0
"2023","ko","kommune","Stord","Vestland","MDG","Miljøpartiet De Grønne",0,-1
"2023","ko","kommune","Stord","Vestland","V","Venstre",1,0
"2023","ko","kommune","Stord","Vestland","H","Høyre",8,2
"2023","ko","kommune","Stord","Vestland","FRP","Fremskrittspartiet",7,1
"2023","ko","kommune","Stord","Vestland","DEMN","Norgesdemokratene",0,0
"2023","ko","kommune","Stord","Vestland","INP","Industri- og Næringspartiet",2,2
"2023","ko","kommune","Stord","Vestland","KRISTNE","Konservativt",0,0
"2023","ko","kommune","Stord","Vestland","BLANKE","Blanke",0,0
"2023","ko","kommune","Stord","Vestland","Andre","Andre",2,2
"2023","ko","kommune","Stord","Vestland","Andre2","Andre2",0,0
"2023","ko","kommune","Fitjar","Vestland","A","Arbeiderpartiet",2,-1
"2023","ko","kommune","Fitjar","Vestland","SP","Senterpartiet",1,-2
"2023","ko","kommune","Fitjar","Vestland","KRF","Kristelig Folkeparti",5,-1
"2023","ko","kommune","Fitjar","Vestland","H","Høyre",5,2
"2023","ko","kommune","Fitjar","Vestland","FRP","Fremskrittspartiet",3,1
"2023","ko","kommune","Fitjar","Vestland","INP","Industri- og Næringspartiet",1,1
"2023","ko","kommune","Fitjar","Vestland","BLANKE","Blanke",0,0
"2023","ko","kommune","Fitjar","Vestland","Andre","Andre",1,1
"2023","ko","kommune","Fitjar","Vestland","Andre2","Andre2",0,0
"2023","ko","kommune","Tysnes","Vestland","A","Arbeiderpartiet",4,0
"2023","ko","kommune","Tysnes","Vestland","SV","SV - Sosialistisk Venstreparti",3,3
"2023","ko","kommune","Tysnes","Vestland","SP","Senterpartiet",3,-3
"2023","ko","kommune","Tysnes","Vestland","KRF","Kristelig Folkeparti",1,0
"2023","ko","kommune","Tysnes","Vestland","MDG","Miljøpartiet De Grønne",0,0
"2023","ko","kommune","Tysnes","Vestland","H","Høyre",5,-3
"2023","ko","kommune","Tysnes","Vestland","FRP","Fremskrittspartiet",2,0
"2023","ko","kommune","Tysnes","Vestland","INP","Industri- og Næringspartiet",3,3
"2023","ko","kommune","Tysnes","Vestland","BLANKE","Blanke",0,0
"2023","ko","kommune","Tysnes","Vestland","Andre","Andre",3,3
"2023","ko","kommune","Tysnes","Vestland","Andre2","Andre2",0,0
"2023","ko","kommune","Kvinnherad","Vestland","A","Arbeiderpartiet",6,-1
"2023","ko","kommune","Kvinnherad","Vestland","SV","SV - Sosialistisk Venstreparti",3,3
"2023","ko","kommune","Kvinnherad","Vestland","SP","Senterpartiet",5,-3
"2023","ko","kommune","Kvinnherad","Vestland","KRF","Kristelig Folkeparti",2,0
"2023","ko","kommune","Kvinnherad","Vestland","MDG","Miljøpartiet De Grønne",1,-1
"2023","ko","kommune","Kvinnherad","Vestland","V","Venstre",1,0
"2023","ko","kommune","Kvinnherad","Vestland","H","Høyre",9,0
"2023","ko","kommune","Kvinnherad","Vestland","FRP","Fremskrittspartiet",3,0
"2023","ko","kommune","Kvinnherad","Vestland","INP","Industri- og Næringspartiet",5,5
"2023","ko","kommune","Kvinnherad","Vestland","BLANKE","Blanke",0,0
"2023","ko","kommune","Kvinnherad","Vestland","Andre","Andre",5,5
"2023","ko","kommune","Kvinnherad","Vestland","Andre2","Andre2",0,-3
"2023","ko","kommune","Ullensvang","Vestland","A","Arbeiderpartiet",11,-3
"2023","ko","kommune","Ullensvang","Vestland","SV","SV - Sosialistisk Venstreparti",1,0
"2023","ko","kommune","Ullensvang","Vestland","RØDT","Rødt",2,0
"2023","ko","kommune","Ullensvang","Vestland","SP","Senterpartiet",12,3
"2023","ko","kommune","Ullensvang","Vestland","KRF","Kristelig Folkeparti",1,0
"2023","ko","kommune","Ullensvang","Vestland","MDG","Miljøpartiet De Grønne",0,0
"2023","ko","kommune","Ullensvang","Vestland","V","Venstre",0,-1
"2023","ko","kommune","Ullensvang","Vestland","H","Høyre",3,-1
"2023","ko","kommune","Ullensvang","Vestland","FRP","Fremskrittspartiet",0,-1
"2023","ko","kommune","Ullensvang","Vestland","INP","Industri- og Næringspartiet",3,3
"2023","ko","kommune","Ullensvang","Vestland","BLANKE","Blanke",0,0
"2023","ko","kommune","Ullensvang","Vestland","Andre","Andre",3,3
"2023","ko","kommune","Ullensvang","Vestland","Andre2","Andre2",0,0
"2023","ko","kommune","Eidfjord","Vestland","A","Arbeiderpartiet",5,-1
"2023","ko","kommune","Eidfjord","Vestland","SV","SV - Sosialistisk Venstreparti",3,1
"2023","ko","kommune","Eidfjord","Vestland","SP","Senterpartiet",4,-3
"2023","ko","kommune","Eidfjord","Vestland","H","Høyre",5,3
"2023","ko","kommune","Eidfjord","Vestland","BLANKE","Blanke",0,0
"2023","ko","kommune","Eidfjord","Vestland","Andre","Andre",0,0
"2023","ko","kommune","Eidfjord","Vestland","Andre2","Andre2",0,0
"2023","ko","kommune","Ulvik","Vestland","A","Arbeiderpartiet",3,-2
"2023","ko","kommune","Ulvik","Vestland","SV","SV - Sosialistisk Venstreparti",2,0
"2023","ko","kommune","Ulvik","Vestland","SP","Senterpartiet",4,-1
"2023","ko","kommune","Ulvik","Vestland","V","Venstre",5,2
"2023","ko","kommune","Ulvik","Vestland","H","Høyre",3,1
"2023","ko","kommune","Ulvik","Vestland","BLANKE","Blanke",0,0
"2023","ko","kommune","Ulvik","Vestland","Andre","Andre",0,0
"2023","ko","kommune","Ulvik","Vestland","Andre2","Andre2",0,0
"2023","ko","kommune","Voss","Vestland","A","Arbeiderpartiet",8,-5
"2023","ko","kommune","Voss","Vestland","SV","SV - Sosialistisk Venstreparti",5,2
"2023","ko","kommune","Voss","Vestland","RØDT","Rødt",1,0
"2023","ko","kommune","Voss","Vestland","SP","Senterpartiet",10,-4
"2023","ko","kommune","Voss","Vestland","KRF","Kristelig Folkeparti",1,-1
"2023","ko","kommune","Voss","Vestland","MDG","Miljøpartiet De Grønne",1,-1
"2023","ko","kommune","Voss","Vestland","V","Venstre",1,0
"2023","ko","kommune","Voss","Vestland","H","Høyre",9,4
"2023","ko","kommune","Voss","Vestland","FRP","Fremskrittspartiet",2,0
"2023","ko","kommune","Voss","Vestland","INP","Industri- og Næringspartiet",5,5
"2023","ko","kommune","Voss","Vestland","BLANKE","Blanke",0,0
"2023","ko","kommune","Voss","Vestland","Andre","Andre",5,5
"2023","ko","kommune","Voss","Vestland","Andre2","Andre2",0,0
"2023","ko","kommune","Kvam","Vestland","A","Arbeiderpartiet",6,0
"2023","ko","kommune","Kvam","Vestland","SV","SV - Sosialistisk Venstreparti",1,0
"2023","ko","kommune","Kvam","Vestland","RØDT","Rødt",1,0
"2023","ko","kommune","Kvam","Vestland","SP","Senterpartiet",4,-4
"2023","ko","kommune","Kvam","Vestland","KRF","Kristelig Folkeparti",2,-1
"2023","ko","kommune","Kvam","Vestland","MDG","Miljøpartiet De Grønne",1,-1
"2023","ko","kommune","Kvam","Vestland","V","Venstre",1,1
"2023","ko","kommune","Kvam","Vestland","H","Høyre",4,2
"2023","ko","kommune","Kvam","Vestland","FRP","Fremskrittspartiet",6,2
"2023","ko","kommune","Kvam","Vestland","INP","Industri- og Næringspartiet",1,1
"2023","ko","kommune","Kvam","Vestland","BLANKE","Blanke",0,0
"2023","ko","kommune","Kvam","Vestland","Andre","Andre",1,1
"2023","ko","kommune","Kvam","Vestland","Andre2","Andre2",0,0
"2023","ko","kommune","Samnanger","Vestland","A","Arbeiderpartiet",4,0
"2023","ko","kommune","Samnanger","Vestland","SP","Senterpartiet",1,-1
"2023","ko","kommune","Samnanger","Vestland","KRF","Kristelig Folkeparti",1,0
"2023","ko","kommune","Samnanger","Vestland","MDG","Miljøpartiet De Grønne",2,0
"2023","ko","kommune","Samnanger","Vestland","H","Høyre",2,1
"2023","ko","kommune","Samnanger","Vestland","FRP","Fremskrittspartiet",5,2
"2023","ko","kommune","Samnanger","Vestland","INP","Industri- og Næringspartiet",3,3
"2023","ko","kommune","Samnanger","Vestland","BLANKE","Blanke",0,0
"2023","ko","kommune","Samnanger","Vestland","BYGS","Bygdalista",3,-5
"2023","ko","kommune","Samnanger","Vestland","Andre","Andre",6,-2
"2023","ko","kommune","Samnanger","Vestland","Andre2","Andre2",0,0
"2023","ko","kommune","Bjørnafjorden","Vestland","A","Arbeiderpartiet",6,-2
"2023","ko","kommune","Bjørnafjorden","Vestland","SV","SV - Sosialistisk Venstreparti",2,1
"2023","ko","kommune","Bjørnafjorden","Vestland","RØDT","Rødt",0,0
"2023","ko","kommune","Bjørnafjorden","Vestland","SP","Senterpartiet",2,-3
"2023","ko","kommune","Bjørnafjorden","Vestland","KRF","Kristelig Folkeparti",1,0
"2023","ko","kommune","Bjørnafjorden","Vestland","MDG","Miljøpartiet De Grønne",1,-2
"2023","ko","kommune","Bjørnafjorden","Vestland","V","Venstre",1,1
"2023","ko","kommune","Bjørnafjorden","Vestland","H","Høyre",6,1
"2023","ko","kommune","Bjørnafjorden","Vestland","FRP","Fremskrittspartiet",13,1
"2023","ko","kommune","Bjørnafjorden","Vestland","INP","Industri- og Næringspartiet",3,3
"2023","ko","kommune","Bjørnafjorden","Vestland","KRISTNE","Konservativt",0,0
"2023","ko","kommune","Bjørnafjorden","Vestland","BLANKE","Blanke",0,0
"2023","ko","kommune","Bjørnafjorden","Vestland","Andre","Andre",3,3
"2023","ko","kommune","Bjørnafjorden","Vestland","Andre2","Andre2",0,0
"2023","ko","kommune","Austevoll","Vestland","A","Arbeiderpartiet",2,-2
"2023","ko","kommune","Austevoll","Vestland","SV","SV - Sosialistisk Venstreparti",0,0
"2023","ko","kommune","Austevoll","Vestland","SP","Senterpartiet",0,-2
"2023","ko","kommune","Austevoll","Vestland","KRF","Kristelig Folkeparti",1,0
"2023","ko","kommune","Austevoll","Vestland","MDG","Miljøpartiet De Grønne",1,0
"2023","ko","kommune","Austevoll","Vestland","V","Venstre",0,0
"2023","ko","kommune","Austevoll","Vestland","H","Høyre",7,-1
"2023","ko","kommune","Austevoll","Vestland","FRP","Fremskrittspartiet",8,3
"2023","ko","kommune","Austevoll","Vestland","INP","Industri- og Næringspartiet",2,2
"2023","ko","kommune","Austevoll","Vestland","BLANKE","Blanke",0,0
"2023","ko","kommune","Austevoll","Vestland","Andre","Andre",2,2
"2023","ko","kommune","Austevoll","Vestland","Andre2","Andre2",0,0
"2023","ko","kommune","Øygarden","Vestland","A","Arbeiderpartiet",7,-1
"2023","ko","kommune","Øygarden","Vestland","SV","SV - Sosialistisk Venstreparti",2,0
"2023","ko","kommune","Øygarden","Vestland","RØDT","Rødt",1,0
"2023","ko","kommune","Øygarden","Vestland","SP","Senterpartiet",1,-3
"2023","ko","kommune","Øygarden","Vestland","KRF","Kristelig Folkeparti",3,-1
"2023","ko","kommune","Øygarden","Vestland","MDG","Miljøpartiet De Grønne",1,-1
"2023","ko","kommune","Øygarden","Vestland","V","Venstre",1,0
"2023","ko","kommune","Øygarden","Vestland","H","Høyre",14,4
"2023","ko","kommune","Øygarden","Vestland","FRP","Fremskrittspartiet",7,3
"2023","ko","kommune","Øygarden","Vestland","DEMN","Norgesdemokratene",0,0
"2023","ko","kommune","Øygarden","Vestland","FNB","Folkets Parti",0,-4
"2023","ko","kommune","Øygarden","Vestland","INP","Industri- og Næringspartiet",4,4
"2023","ko","kommune","Øygarden","Vestland","KRISTNE","Konservativt",0,0
"2023","ko","kommune","Øygarden","Vestland","PP","Pensjonistpartiet",1,1
"2023","ko","kommune","Øygarden","Vestland","BLANKE","Blanke",0,0
"2023","ko","kommune","Øygarden","Vestland","SLTVSØ","Sotralista - TVØ",3,3
"2023","ko","kommune","Øygarden","Vestland","Andre","Andre",8,4
"2023","ko","kommune","Øygarden","Vestland","Andre2","Andre2",0,-5
"2023","ko","kommune","Askøy","Vestland","A","Arbeiderpartiet",6,1
"2023","ko","kommune","Askøy","Vestland","SV","SV - Sosialistisk Venstreparti",3,1
"2023","ko","kommune","Askøy","Vestland","SP","Senterpartiet",1,-1
"2023","ko","kommune","Askøy","Vestland","KRF","Kristelig Folkeparti",1,0
"2023","ko","kommune","Askøy","Vestland","MDG","Miljøpartiet De Grønne",1,0
"2023","ko","kommune","Askøy","Vestland","V","Venstre",1,0
"2023","ko","kommune","Askøy","Vestland","H","Høyre",10,2
"2023","ko","kommune","Askøy","Vestland","FRP","Fremskrittspartiet",7,3
"2023","ko","kommune","Askøy","Vestland","DEMN","Norgesdemokratene",0,0
"2023","ko","kommune","Askøy","Vestland","FNB","Folkets Parti",0,-3
"2023","ko","kommune","Askøy","Vestland","INP","Industri- og Næringspartiet",2,2
"2023","ko","kommune","Askøy","Vestland","KRISTNE","Konservativt",0,0
"2023","ko","kommune","Askøy","Vestland","KYST","Kystpartiet",0,0
"2023","ko","kommune","Askøy","Vestland","LIBS","Liberalistene",0,0
"2023","ko","kommune","Askøy","Vestland","PP","Pensjonistpartiet",1,-1
"2023","ko","kommune","Askøy","Vestland","ASKØY","Askøylisten",2,-3
"2023","ko","kommune","Askøy","Vestland","BLANKE","Blanke",0,0
"2023","ko","kommune","Askøy","Vestland","Andre","Andre",5,-5
"2023","ko","kommune","Askøy","Vestland","Andre2","Andre2",0,-1
"2023","ko","kommune","Vaksdal","Vestland","A","Arbeiderpartiet",4,-2
"2023","ko","kommune","Vaksdal","Vestland","SV","SV - Sosialistisk Venstreparti",3,-1
"2023","ko","kommune","Vaksdal","Vestland","RØDT","Rødt",1,1
"2023","ko","kommune","Vaksdal","Vestland","SP","Senterpartiet",4,0
"2023","ko","kommune","Vaksdal","Vestland","KRF","Kristelig Folkeparti",1,0
"2023","ko","kommune","Vaksdal","Vestland","MDG","Miljøpartiet De Grønne",0,0
"2023","ko","kommune","Vaksdal","Vestland","V","Venstre",0,0
"2023","ko","kommune","Vaksdal","Vestland","H","Høyre",3,-1
"2023","ko","kommune","Vaksdal","Vestland","FRP","Fremskrittspartiet",2,0
"2023","ko","kommune","Vaksdal","Vestland","INP","Industri- og Næringspartiet",3,3
"2023","ko","kommune","Vaksdal","Vestland","BLANKE","Blanke",0,0
"2023","ko","kommune","Vaksdal","Vestland","Andre","Andre",3,3
"2023","ko","kommune","Vaksdal","Vestland","Andre2","Andre2",0,0
"2023","ko","kommune","Modalen","Vestland","BLANKE","Blanke",0,0
"2023","ko","kommune","Modalen","Vestland","SLMO","Samlingslista",6,-1
"2023","ko","kommune","Modalen","Vestland","SOLR","Solrenningslista",7,1
"2023","ko","kommune","Modalen","Vestland","Andre","Andre",13,0
"2023","ko","kommune","Modalen","Vestland","Andre2","Andre2",0,0
"2023","ko","kommune","Osterøy","Vestland","A","Arbeiderpartiet",4,0
"2023","ko","kommune","Osterøy","Vestland","SV","SV - Sosialistisk Venstreparti",1,-1
"2023","ko","kommune","Osterøy","Vestland","RØDT","Rødt",0,0
"2023","ko","kommune","Osterøy","Vestland","SP","Senterpartiet",7,2
"2023","ko","kommune","Osterøy","Vestland","KRF","Kristelig Folkeparti",2,-1
"2023","ko","kommune","Osterøy","Vestland","V","Venstre",1,0
"2023","ko","kommune","Osterøy","Vestland","H","Høyre",4,0
"2023","ko","kommune","Osterøy","Vestland","FRP","Fremskrittspartiet",6,-1
"2023","ko","kommune","Osterøy","Vestland","DEMN","Norgesdemokratene",0,0
"2023","ko","kommune","Osterøy","Vestland","INP","Industri- og Næringspartiet",2,2
"2023","ko","kommune","Osterøy","Vestland","BLANKE","Blanke",0,0
"2023","ko","kommune","Osterøy","Vestland","Andre","Andre",2,2
"2023","ko","kommune","Osterøy","Vestland","Andre2","Andre2",0,-1
"2023","ko","kommune","Alver","Vestland","A","Arbeiderpartiet",6,-1
"2023","ko","kommune","Alver","Vestland","SV","SV - Sosialistisk Venstreparti",2,0
"2023","ko","kommune","Alver","Vestland","RØDT","Rødt",1,0
"2023","ko","kommune","Alver","Vestland","SP","Senterpartiet",6,-2
"2023","ko","kommune","Alver","Vestland","KRF","Kristelig Folkeparti",6,-1
"2023","ko","kommune","Alver","Vestland","MDG","Miljøpartiet De Grønne",1,-1
"2023","ko","kommune","Alver","Vestland","V","Venstre",1,0
"2023","ko","kommune","Alver","Vestland","H","Høyre",8,2
"2023","ko","kommune","Alver","Vestland","FRP","Fremskrittspartiet",6,3
"2023","ko","kommune","Alver","Vestland","DEMN","Norgesdemokratene",0,0
"2023","ko","kommune","Alver","Vestland","INP","Industri- og Næringspartiet",4,4
"2023","ko","kommune","Alver","Vestland","KRISTNE","Konservativt",0,0
"2023","ko","kommune","Alver","Vestland","BLANKE","Blanke",0,0
"2023","ko","kommune","Alver","Vestland","FA","Din Stemme",0,0
"2023","ko","kommune","Alver","Vestland","Andre","Andre",4,4
"2023","ko","kommune","Alver","Vestland","Andre2","Andre2",0,-10
"2023","ko","kommune","Austrheim","Vestland","A","Arbeiderpartiet",6,0
"2023","ko","kommune","Austrheim","Vestland","SV","SV - Sosialistisk Venstreparti",0,0
"2023","ko","kommune","Austrheim","Vestland","SP","Senterpartiet",3,0
"2023","ko","kommune","Austrheim","Vestland","H","Høyre",5,1
"2023","ko","kommune","Austrheim","Vestland","INP","Industri- og Næringspartiet",1,1
"2023","ko","kommune","Austrheim","Vestland","BLANKE","Blanke",0,0
"2023","ko","kommune","Austrheim","Vestland","SIA","Samlingslista i Austrheim",2,2
"2023","ko","kommune","Austrheim","Vestland","Andre","Andre",3,3
"2023","ko","kommune","Austrheim","Vestland","Andre2","Andre2",0,-4
"2023","ko","kommune","Fedje","Vestland","A","Arbeiderpartiet",6,0
"2023","ko","kommune","Fedje","Vestland","H","Høyre",5,-1
"2023","ko","kommune","Fedje","Vestland","FRP","Fremskrittspartiet",2,-1
"2023","ko","kommune","Fedje","Vestland","BLANKE","Blanke",0,0
"2023","ko","kommune","Fedje","Vestland","Andre","Andre",0,0
"2023","ko","kommune","Fedje","Vestland","Andre2","Andre2",0,0
"2023","ko","kommune","Masfjorden","Vestland","A","Arbeiderpartiet",4,0
"2023","ko","kommune","Masfjorden","Vestland","SP","Senterpartiet",3,-1
"2023","ko","kommune","Masfjorden","Vestland","V","Venstre",1,1
"2023","ko","kommune","Masfjorden","Vestland","H","Høyre",7,0
"2023","ko","kommune","Masfjorden","Vestland","FRP","Fremskrittspartiet",2,1
"2023","ko","kommune","Masfjorden","Vestland","BLANKE","Blanke",0,0
"2023","ko","kommune","Masfjorden","Vestland","Andre","Andre",0,0
"2023","ko","kommune","Masfjorden","Vestland","Andre2","Andre2",0,-1
"2023","ko","kommune","Gulen","Vestland","A","Arbeiderpartiet",4,0
"2023","ko","kommune","Gulen","Vestland","SP","Senterpartiet",7,-2
"2023","ko","kommune","Gulen","Vestland","KRF","Kristelig Folkeparti",2,1
"2023","ko","kommune","Gulen","Vestland","V","Venstre",1,0
"2023","ko","kommune","Gulen","Vestland","H","Høyre",7,1
"2023","ko","kommune","Gulen","Vestland","BLANKE","Blanke",0,0
"2023","ko","kommune","Gulen","Vestland","Andre","Andre",0,0
"2023","ko","kommune","Gulen","Vestland","Andre2","Andre2",0,0
"2023","ko","kommune","Solund","Vestland","A","Arbeiderpartiet",2,0
"2023","ko","kommune","Solund","Vestland","SV","SV - Sosialistisk Venstreparti",1,0
"2023","ko","kommune","Solund","Vestland","SP","Senterpartiet",8,0
"2023","ko","kommune","Solund","Vestland","H","Høyre",4,0
"2023","ko","kommune","Solund","Vestland","BLANKE","Blanke",0,0
"2023","ko","kommune","Solund","Vestland","Andre","Andre",0,0
"2023","ko","kommune","Solund","Vestland","Andre2","Andre2",0,0
"2023","ko","kommune","Hyllestad","Vestland","A","Arbeiderpartiet",9,3
"2023","ko","kommune","Hyllestad","Vestland","SP","Senterpartiet",5,-2
"2023","ko","kommune","Hyllestad","Vestland","H","Høyre",3,0
"2023","ko","kommune","Hyllestad","Vestland","BLANKE","Blanke",0,0
"2023","ko","kommune","Hyllestad","Vestland","Andre","Andre",0,0
"2023","ko","kommune","Hyllestad","Vestland","Andre2","Andre2",0,-1
"2023","ko","kommune","Høyanger","Vestland","A","Arbeiderpartiet",8,-1
"2023","ko","kommune","Høyanger","Vestland","SV","SV - Sosialistisk Venstreparti",1,0
"2023","ko","kommune","Høyanger","Vestland","RØDT","Rødt",3,0
"2023","ko","kommune","Høyanger","Vestland","SP","Senterpartiet",5,-1
"2023","ko","kommune","Høyanger","Vestland","H","Høyre",2,0
"2023","ko","kommune","Høyanger","Vestland","INP","Industri- og Næringspartiet",2,2
"2023","ko","kommune","Høyanger","Vestland","BLANKE","Blanke",0,0
"2023","ko","kommune","Høyanger","Vestland","Andre","Andre",2,2
"2023","ko","kommune","Høyanger","Vestland","Andre2","Andre2",0,0
"2023","ko","kommune","Vik","Vestland","A","Arbeiderpartiet",10,2
"2023","ko","kommune","Vik","Vestland","SV","SV - Sosialistisk Venstreparti",1,0
"2023","ko","kommune","Vik","Vestland","SP","Senterpartiet",4,-3
"2023","ko","kommune","Vik","Vestland","H","Høyre",2,1
"2023","ko","kommune","Vik","Vestland","BLANKE","Blanke",0,0
"2023","ko","kommune","Vik","Vestland","Andre","Andre",0,0
"2023","ko","kommune","Vik","Vestland","Andre2","Andre2",0,0
"2023","ko","kommune","Sogndal","Vestland","A","Arbeiderpartiet",8,2
"2023","ko","kommune","Sogndal","Vestland","SV","SV - Sosialistisk Venstreparti",4,0
"2023","ko","kommune","Sogndal","Vestland","RØDT","Rødt",1,1
"2023","ko","kommune","Sogndal","Vestland","SP","Senterpartiet",7,-9
"2023","ko","kommune","Sogndal","Vestland","KRF","Kristelig Folkeparti",2,0
"2023","ko","kommune","Sogndal","Vestland","MDG","Miljøpartiet De Grønne",1,0
"2023","ko","kommune","Sogndal","Vestland","V","Venstre",1,-1
"2023","ko","kommune","Sogndal","Vestland","H","Høyre",4,-1
"2023","ko","kommune","Sogndal","Vestland","FRP","Fremskrittspartiet",3,2
"2023","ko","kommune","Sogndal","Vestland","BLANKE","Blanke",0,0
"2023","ko","kommune","Sogndal","Vestland","Andre","Andre",0,0
"2023","ko","kommune","Sogndal","Vestland","Andre2","Andre2",0,0
"2023","ko","kommune","Aurland","Vestland","A","Arbeiderpartiet",7,3
"2023","ko","kommune","Aurland","Vestland","SP","Senterpartiet",3,-5
"2023","ko","kommune","Aurland","Vestland","MDG","Miljøpartiet De Grønne",1,-1
"2023","ko","kommune","Aurland","Vestland","V","Venstre",1,1
"2023","ko","kommune","Aurland","Vestland","H","Høyre",5,2
"2023","ko","kommune","Aurland","Vestland","BLANKE","Blanke",0,0
"2023","ko","kommune","Aurland","Vestland","Andre","Andre",0,0
"2023","ko","kommune","Aurland","Vestland","Andre2","Andre2",0,0
"2023","ko","kommune","Lærdal","Vestland","A","Arbeiderpartiet",9,1
"2023","ko","kommune","Lærdal","Vestland","SV","SV - Sosialistisk Venstreparti",2,0
"2023","ko","kommune","Lærdal","Vestland","SP","Senterpartiet",5,0
"2023","ko","kommune","Lærdal","Vestland","H","Høyre",1,-1
"2023","ko","kommune","Lærdal","Vestland","BLANKE","Blanke",0,0
"2023","ko","kommune","Lærdal","Vestland","Andre","Andre",0,0
"2023","ko","kommune","Lærdal","Vestland","Andre2","Andre2",0,0
"2023","ko","kommune","Årdal","Vestland","A","Arbeiderpartiet",15,4
"2023","ko","kommune","Årdal","Vestland","H","Høyre",6,5
"2023","ko","kommune","Årdal","Vestland","BLANKE","Blanke",0,0
"2023","ko","kommune","Årdal","Vestland","Andre","Andre",0,0
"2023","ko","kommune","Årdal","Vestland","Andre2","Andre2",0,-9
"2023","ko","kommune","Luster","Vestland","A","Arbeiderpartiet",8,2
"2023","ko","kommune","Luster","Vestland","SV","SV - Sosialistisk Venstreparti",1,1
"2023","ko","kommune","Luster","Vestland","SP","Senterpartiet",9,-4
"2023","ko","kommune","Luster","Vestland","KRF","Kristelig Folkeparti",2,1
"2023","ko","kommune","Luster","Vestland","V","Venstre",1,0
"2023","ko","kommune","Luster","Vestland","H","Høyre",3,0
"2023","ko","kommune","Luster","Vestland","FRP","Fremskrittspartiet",1,0
"2023","ko","kommune","Luster","Vestland","BLANKE","Blanke",0,0
"2023","ko","kommune","Luster","Vestland","Andre","Andre",0,0
"2023","ko","kommune","Luster","Vestland","Andre2","Andre2",0,0
"2023","ko","kommune","Askvoll","Vestland","A","Arbeiderpartiet",2,0
"2023","ko","kommune","Askvoll","Vestland","SV","SV - Sosialistisk Venstreparti",3,1
"2023","ko","kommune","Askvoll","Vestland","SP","Senterpartiet",4,-2
"2023","ko","kommune","Askvoll","Vestland","KRF","Kristelig Folkeparti",1,1
"2023","ko","kommune","Askvoll","Vestland","V","Venstre",2,-2
"2023","ko","kommune","Askvoll","Vestland","H","Høyre",9,2
"2023","ko","kommune","Askvoll","Vestland","BLANKE","Blanke",0,0
"2023","ko","kommune","Askvoll","Vestland","Andre","Andre",0,0
"2023","ko","kommune","Askvoll","Vestland","Andre2","Andre2",0,0
"2023","ko","kommune","Fjaler","Vestland","A","Arbeiderpartiet",5,1
"2023","ko","kommune","Fjaler","Vestland","SV","SV - Sosialistisk Venstreparti",2,0
"2023","ko","kommune","Fjaler","Vestland","RØDT","Rødt",0,0
"2023","ko","kommune","Fjaler","Vestland","SP","Senterpartiet",6,-1
"2023","ko","kommune","Fjaler","Vestland","MDG","Miljøpartiet De Grønne",2,0
"2023","ko","kommune","Fjaler","Vestland","V","Venstre",4,-1
"2023","ko","kommune","Fjaler","Vestland","H","Høyre",4,2
"2023","ko","kommune","Fjaler","Vestland","BLANKE","Blanke",0,0
"2023","ko","kommune","Fjaler","Vestland","Andre","Andre",0,0
"2023","ko","kommune","Fjaler","Vestland","Andre2","Andre2",0,-1
"2023","ko","kommune","Sunnfjord","Vestland","A","Arbeiderpartiet",8,-3
"2023","ko","kommune","Sunnfjord","Vestland","SV","SV - Sosialistisk Venstreparti",5,1
"2023","ko","kommune","Sunnfjord","Vestland","RØDT","Rødt",0,-1
"2023","ko","kommune","Sunnfjord","Vestland","SP","Senterpartiet",8,-4
"2023","ko","kommune","Sunnfjord","Vestland","KRF","Kristelig Folkeparti",1,-1
"2023","ko","kommune","Sunnfjord","Vestland","MDG","Miljøpartiet De Grønne",1,-1
"2023","ko","kommune","Sunnfjord","Vestland","V","Venstre",4,2
"2023","ko","kommune","Sunnfjord","Vestland","H","Høyre",6,-4
"2023","ko","kommune","Sunnfjord","Vestland","FRP","Fremskrittspartiet",2,1
"2023","ko","kommune","Sunnfjord","Vestland","INP","Industri- og Næringspartiet",2,2
"2023","ko","kommune","Sunnfjord","Vestland","KRISTNE","Konservativt",0,0
"2023","ko","kommune","Sunnfjord","Vestland","BLANKE","Blanke",0,0
"2023","ko","kommune","Sunnfjord","Vestland","Andre","Andre",2,2
"2023","ko","kommune","Sunnfjord","Vestland","Andre2","Andre2",0,0
"2023","ko","kommune","Bremanger","Vestland","A","Arbeiderpartiet",6,-1
"2023","ko","kommune","Bremanger","Vestland","SV","SV - Sosialistisk Venstreparti",1,0
"2023","ko","kommune","Bremanger","Vestland","RØDT","Rødt",0,0
"2023","ko","kommune","Bremanger","Vestland","SP","Senterpartiet",4,-2
"2023","ko","kommune","Bremanger","Vestland","KRF","Kristelig Folkeparti",1,1
"2023","ko","kommune","Bremanger","Vestland","V","Venstre",5,0
"2023","ko","kommune","Bremanger","Vestland","H","Høyre",3,-1
"2023","ko","kommune","Bremanger","Vestland","INP","Industri- og Næringspartiet",3,3
"2023","ko","kommune","Bremanger","Vestland","BLANKE","Blanke",0,0
"2023","ko","kommune","Bremanger","Vestland","Andre","Andre",3,3
"2023","ko","kommune","Bremanger","Vestland","Andre2","Andre2",0,0
"2023","ko","kommune","Stad","Vestland","A","Arbeiderpartiet",5,1
"2023","ko","kommune","Stad","Vestland","SV","SV - Sosialistisk Venstreparti",1,-1
"2023","ko","kommune","Stad","Vestland","SP","Senterpartiet",10,1
"2023","ko","kommune","Stad","Vestland","KRF","Kristelig Folkeparti",2,0
"2023","ko","kommune","Stad","Vestland","MDG","Miljøpartiet De Grønne",1,1
"2023","ko","kommune","Stad","Vestland","V","Venstre",3,-8
"2023","ko","kommune","Stad","Vestland","H","Høyre",3,1
"2023","ko","kommune","Stad","Vestland","FRP","Fremskrittspartiet",4,1
"2023","ko","kommune","Stad","Vestland","INP","Industri- og Næringspartiet",2,2
"2023","ko","kommune","Stad","Vestland","BLANKE","Blanke",0,0
"2023","ko","kommune","Stad","Vestland","Andre","Andre",2,2
"2023","ko","kommune","Stad","Vestland","Andre2","Andre2",0,0
"2023","ko","kommune","Gloppen","Vestland","A","Arbeiderpartiet",5,2
"2023","ko","kommune","Gloppen","Vestland","SV","SV - Sosialistisk Venstreparti",2,1
"2023","ko","kommune","Gloppen","Vestland","SP","Senterpartiet",8,-5
"2023","ko","kommune","Gloppen","Vestland","KRF","Kristelig Folkeparti",3,-1
"2023","ko","kommune","Gloppen","Vestland","MDG","Miljøpartiet De Grønne",2,0
"2023","ko","kommune","Gloppen","Vestland","V","Venstre",1,0
"2023","ko","kommune","Gloppen","Vestland","H","Høyre",6,4
"2023","ko","kommune","Gloppen","Vestland","BLANKE","Blanke",0,0
"2023","ko","kommune","Gloppen","Vestland","Andre","Andre",0,0
"2023","ko","kommune","Gloppen","Vestland","Andre2","Andre2",0,-1
"2023","ko","kommune","Stryn","Vestland","A","Arbeiderpartiet",3,-1
"2023","ko","kommune","Stryn","Vestland","RØDT","Rødt",1,1
"2023","ko","kommune","Stryn","Vestland","SP","Senterpartiet",8,-1
"2023","ko","kommune","Stryn","Vestland","KRF","Kristelig Folkeparti",2,1
"2023","ko","kommune","Stryn","Vestland","V","Venstre",3,1
"2023","ko","kommune","Stryn","Vestland","H","Høyre",6,-2
"2023","ko","kommune","Stryn","Vestland","FRP","Fremskrittspartiet",2,1
"2023","ko","kommune","Stryn","Vestland","KRISTNE","Konservativt",0,0
"2023","ko","kommune","Stryn","Vestland","BLANKE","Blanke",0,0
"2023","ko","kommune","Stryn","Vestland","Andre","Andre",0,0
"2023","ko","kommune","Stryn","Vestland","Andre2","Andre2",0,0
"2023","ko","kommune","Trondheim","Trøndelag Trööndelage","A","Arbeiderpartiet",17,0
"2023","ko","kommune","Trondheim","Trøndelag Trööndelage","SV","SV - Sosialistisk Venstreparti",9,1
"2023","ko","kommune","Trondheim","Trøndelag Trööndelage","RØDT","Rødt",3,-2
"2023","ko","kommune","Trondheim","Trøndelag Trööndelage","SP","Senterpartiet",1,-4
"2023","ko","kommune","Trondheim","Trøndelag Trööndelage","KRF","Kristelig Folkeparti",1,0
"2023","ko","kommune","Trondheim","Trøndelag Trööndelage","MDG","Miljøpartiet De Grønne",4,-3
"2023","ko","kommune","Trondheim","Trøndelag Trööndelage","V","Venstre",4,1
"2023","ko","kommune","Trondheim","Trøndelag Trööndelage","H","Høyre",20,6
"2023","ko","kommune","Trondheim","Trøndelag Trööndelage","FRP","Fremskrittspartiet",4,0
"2023","ko","kommune","Trondheim","Trøndelag Trööndelage","DEMN","Norgesdemokratene",0,0
"2023","ko","kommune","Trondheim","Trøndelag Trööndelage","INP","Industri- og Næringspartiet",1,1
"2023","ko","kommune","Trondheim","Trøndelag Trööndelage","KRISTNE","Konservativt",0,0
"2023","ko","kommune","Trondheim","Trøndelag Trööndelage","LIBS","Liberalistene",0,0
"2023","ko","kommune","Trondheim","Trøndelag Trööndelage","NKP","Norges Kommunistiske Parti",0,0
"2023","ko","kommune","Trondheim","Trøndelag Trööndelage","PP","Pensjonistpartiet",3,0
"2023","ko","kommune","Trondheim","Trøndelag Trööndelage","PS","Partiet Sentrum",0,0
"2023","ko","kommune","Trondheim","Trøndelag Trööndelage","BLANKE","Blanke",0,0
"2023","ko","kommune","Trondheim","Trøndelag Trööndelage","Andre","Andre",4,1
"2023","ko","kommune","Trondheim","Trøndelag Trööndelage","Andre2","Andre2",0,0
"2023","ko","kommune","Steinkjer","Trøndelag Trööndelage","A","Arbeiderpartiet",13,0
"2023","ko","kommune","Steinkjer","Trøndelag Trööndelage","SV","SV - Sosialistisk Venstreparti",2,0
"2023","ko","kommune","Steinkjer","Trøndelag Trööndelage","RØDT","Rødt",3,0
"2023","ko","kommune","Steinkjer","Trøndelag Trööndelage","SP","Senterpartiet",8,-14
"2023","ko","kommune","Steinkjer","Trøndelag Trööndelage","MDG","Miljøpartiet De Grønne",0,-1
"2023","ko","kommune","Steinkjer","Trøndelag Trööndelage","V","Venstre",1,0
"2023","ko","kommune","Steinkjer","Trøndelag Trööndelage","H","Høyre",5,2
"2023","ko","kommune","Steinkjer","Trøndelag Trööndelage","FRP","Fremskrittspartiet",2,0
"2023","ko","kommune","Steinkjer","Trøndelag Trööndelage","DEMN","Norgesdemokratene",0,0
"2023","ko","kommune","Steinkjer","Trøndelag Trööndelage","INP","Industri- og Næringspartiet",3,3
"2023","ko","kommune","Steinkjer","Trøndelag Trööndelage","PP","Pensjonistpartiet",2,2
"2023","ko","kommune","Steinkjer","Trøndelag Trööndelage","BLANKE","Blanke",0,0
"2023","ko","kommune","Steinkjer","Trøndelag Trööndelage","Andre","Andre",5,5
"2023","ko","kommune","Steinkjer","Trøndelag Trööndelage","Andre2","Andre2",0,0
"2023","ko","kommune","Namsos","Trøndelag Trööndelage","A","Arbeiderpartiet",9,-9
"2023","ko","kommune","Namsos","Trøndelag Trööndelage","SV","SV - Sosialistisk Venstreparti",3,0
"2023","ko","kommune","Namsos","Trøndelag Trööndelage","RØDT","Rødt",1,0
"2023","ko","kommune","Namsos","Trøndelag Trööndelage","SP","Senterpartiet",6,-4
"2023","ko","kommune","Namsos","Trøndelag Trööndelage","KRF","Kristelig Folkeparti",1,0
"2023","ko","kommune","Namsos","Trøndelag Trööndelage","MDG","Miljøpartiet De Grønne",0,-1
"2023","ko","kommune","Namsos","Trøndelag Trööndelage","V","Venstre",2,1
"2023","ko","kommune","Namsos","Trøndelag Trööndelage","H","Høyre",10,6
"2023","ko","kommune","Namsos","Trøndelag Trööndelage","FRP","Fremskrittspartiet",2,0
"2023","ko","kommune","Namsos","Trøndelag Trööndelage","INP","Industri- og Næringspartiet",1,1
"2023","ko","kommune","Namsos","Trøndelag Trööndelage","BLANKE","Blanke",0,0
"2023","ko","kommune","Namsos","Trøndelag Trööndelage","Andre","Andre",1,1
"2023","ko","kommune","Namsos","Trøndelag Trööndelage","Andre2","Andre2",0,0
"2023","ko","kommune","Frøya","Trøndelag Trööndelage","A","Arbeiderpartiet",5,-2
"2023","ko","kommune","Frøya","Trøndelag Trööndelage","SV","SV - Sosialistisk Venstreparti",1,0
"2023","ko","kommune","Frøya","Trøndelag Trööndelage","RØDT","Rødt",1,-1
"2023","ko","kommune","Frøya","Trøndelag Trööndelage","SP","Senterpartiet",1,-4
"2023","ko","kommune","Frøya","Trøndelag Trööndelage","V","Venstre",1,-1
"2023","ko","kommune","Frøya","Trøndelag Trööndelage","H","Høyre",9,6
"2023","ko","kommune","Frøya","Trøndelag Trööndelage","FRP","Fremskrittspartiet",3,1
"2023","ko","kommune","Frøya","Trøndelag Trööndelage","INP","Industri- og Næringspartiet",1,1
"2023","ko","kommune","Frøya","Trøndelag Trööndelage","PP","Pensjonistpartiet",1,0
"2023","ko","kommune","Frøya","Trøndelag Trööndelage","BLANKE","Blanke",0,0
"2023","ko","kommune","Frøya","Trøndelag Trööndelage","Andre","Andre",2,1
"2023","ko","kommune","Frøya","Trøndelag Trööndelage","Andre2","Andre2",0,0
"2023","ko","kommune","Osen","Trøndelag Trööndelage","A","Arbeiderpartiet",3,-5
"2023","ko","kommune","Osen","Trøndelag Trööndelage","SP","Senterpartiet",4,1
"2023","ko","kommune","Osen","Trøndelag Trööndelage","V","Venstre",1,1
"2023","ko","kommune","Osen","Trøndelag Trööndelage","FRP","Fremskrittspartiet",1,1
"2023","ko","kommune","Osen","Trøndelag Trööndelage","BLANKE","Blanke",0,0
"2023","ko","kommune","Osen","Trøndelag Trööndelage","BOK","Bygdeliste for hele Osen kommune",5,5
"2023","ko","kommune","Osen","Trøndelag Trööndelage","BYS","Seter kretsliste",1,0
"2023","ko","kommune","Osen","Trøndelag Trööndelage","Andre","Andre",6,5
"2023","ko","kommune","Osen","Trøndelag Trööndelage","Andre2","Andre2",0,-3
"2023","ko","kommune","Oppdal","Trøndelag Trööndelage","A","Arbeiderpartiet",5,1
"2023","ko","kommune","Oppdal","Trøndelag Trööndelage","SV","SV - Sosialistisk Venstreparti",1,0
"2023","ko","kommune","Oppdal","Trøndelag Trööndelage","SP","Senterpartiet",4,-6
"2023","ko","kommune","Oppdal","Trøndelag Trööndelage","KRF","Kristelig Folkeparti",1,-1
"2023","ko","kommune","Oppdal","Trøndelag Trööndelage","MDG","Miljøpartiet De Grønne",1,-1
"2023","ko","kommune","Oppdal","Trøndelag Trööndelage","V","Venstre",7,4
"2023","ko","kommune","Oppdal","Trøndelag Trööndelage","H","Høyre",4,1
"2023","ko","kommune","Oppdal","Trøndelag Trööndelage","FRP","Fremskrittspartiet",2,2
"2023","ko","kommune","Oppdal","Trøndelag Trööndelage","BLANKE","Blanke",0,0
"2023","ko","kommune","Oppdal","Trøndelag Trööndelage","Andre","Andre",0,0
"2023","ko","kommune","Oppdal","Trøndelag Trööndelage","Andre2","Andre2",0,0
"2023","ko","kommune","Rennebu","Trøndelag Trööndelage","A","Arbeiderpartiet",5,-4
"2023","ko","kommune","Rennebu","Trøndelag Trööndelage","SP","Senterpartiet",6,-1
"2023","ko","kommune","Rennebu","Trøndelag Trööndelage","KRF","Kristelig Folkeparti",5,2
"2023","ko","kommune","Rennebu","Trøndelag Trööndelage","BLANKE","Blanke",0,0
"2023","ko","kommune","Rennebu","Trøndelag Trööndelage","HV","Fellesliste Høyre og Venstre",5,5
"2023","ko","kommune","Rennebu","Trøndelag Trööndelage","Andre","Andre",5,5
"2023","ko","kommune","Rennebu","Trøndelag Trööndelage","Andre2","Andre2",0,-2
"2023","ko","kommune","Røros","Trøndelag Trööndelage","A","Arbeiderpartiet",12,1
"2023","ko","kommune","Røros","Trøndelag Trööndelage","SV","SV - Sosialistisk Venstreparti",3,-1
"2023","ko","kommune","Røros","Trøndelag Trööndelage","RØDT","Rødt",1,1
"2023","ko","kommune","Røros","Trøndelag Trööndelage","SP","Senterpartiet",3,-3
"2023","ko","kommune","Røros","Trøndelag Trööndelage","MDG","Miljøpartiet De Grønne",0,0
"2023","ko","kommune","Røros","Trøndelag Trööndelage","V","Venstre",2,1
"2023","ko","kommune","Røros","Trøndelag Trööndelage","H","Høyre",5,1
"2023","ko","kommune","Røros","Trøndelag Trööndelage","BLANKE","Blanke",0,0
"2023","ko","kommune","Røros","Trøndelag Trööndelage","RØL","Røroslista",1,0
"2023","ko","kommune","Røros","Trøndelag Trööndelage","Andre","Andre",1,0
"2023","ko","kommune","Røros","Trøndelag Trööndelage","Andre2","Andre2",0,0
"2023","ko","kommune","Holtålen","Trøndelag Trööndelage","A","Arbeiderpartiet",5,-2
"2023","ko","kommune","Holtålen","Trøndelag Trööndelage","SP","Senterpartiet",2,-2
"2023","ko","kommune","Holtålen","Trøndelag Trööndelage","PP","Pensjonistpartiet",0,-1
"2023","ko","kommune","Holtålen","Trøndelag Trööndelage","BLANKE","Blanke",0,0
"2023","ko","kommune","Holtålen","Trøndelag Trööndelage","FH","Framtida Holtålen",4,1
"2023","ko","kommune","Holtålen","Trøndelag Trööndelage","Andre","Andre",4,0
"2023","ko","kommune","Holtålen","Trøndelag Trööndelage","Andre2","Andre2",0,0
"2023","ko","kommune","Midtre Gauldal","Trøndelag Trööndelage","A","Arbeiderpartiet",6,-1
"2023","ko","kommune","Midtre Gauldal","Trøndelag Trööndelage","SP","Senterpartiet",5,-5
"2023","ko","kommune","Midtre Gauldal","Trøndelag Trööndelage","KRF","Kristelig Folkeparti",1,0
"2023","ko","kommune","Midtre Gauldal","Trøndelag Trööndelage","V","Venstre",0,0
"2023","ko","kommune","Midtre Gauldal","Trøndelag Trööndelage","H","Høyre",3,1
"2023","ko","kommune","Midtre Gauldal","Trøndelag Trööndelage","KRISTNE","Konservativt",0,0
"2023","ko","kommune","Midtre Gauldal","Trøndelag Trööndelage","PP","Pensjonistpartiet",1,1
"2023","ko","kommune","Midtre Gauldal","Trøndelag Trööndelage","BLANKE","Blanke",0,0
"2023","ko","kommune","Midtre Gauldal","Trøndelag Trööndelage","BMG","Bygdelista for Midtre Gauldal",7,3
"2023","ko","kommune","Midtre Gauldal","Trøndelag Trööndelage","Andre","Andre",8,4
"2023","ko","kommune","Midtre Gauldal","Trøndelag Trööndelage","Andre2","Andre2",0,-1
"2023","ko","kommune","Melhus","Trøndelag Trööndelage","A","Arbeiderpartiet",9,-1
"2023","ko","kommune","Melhus","Trøndelag Trööndelage","SV","SV - Sosialistisk Venstreparti",2,1
"2023","ko","kommune","Melhus","Trøndelag Trööndelage","RØDT","Rødt",1,0
"2023","ko","kommune","Melhus","Trøndelag Trööndelage","SP","Senterpartiet",6,-5
"2023","ko","kommune","Melhus","Trøndelag Trööndelage","KRF","Kristelig Folkeparti",2,0
"2023","ko","kommune","Melhus","Trøndelag Trööndelage","MDG","Miljøpartiet De Grønne",0,-1
"2023","ko","kommune","Melhus","Trøndelag Trööndelage","V","Venstre",0,0
"2023","ko","kommune","Melhus","Trøndelag Trööndelage","H","Høyre",7,3
"2023","ko","kommune","Melhus","Trøndelag Trööndelage","FRP","Fremskrittspartiet",3,1
"2023","ko","kommune","Melhus","Trøndelag Trööndelage","DEMN","Norgesdemokratene",0,0
"2023","ko","kommune","Melhus","Trøndelag Trööndelage","INP","Industri- og Næringspartiet",1,1
"2023","ko","kommune","Melhus","Trøndelag Trööndelage","PP","Pensjonistpartiet",3,2
"2023","ko","kommune","Melhus","Trøndelag Trööndelage","BLANKE","Blanke",0,0
"2023","ko","kommune","Melhus","Trøndelag Trööndelage","MEL","Melhuslista",3,3
"2023","ko","kommune","Melhus","Trøndelag Trööndelage","Andre","Andre",7,6
"2023","ko","kommune","Melhus","Trøndelag Trööndelage","Andre2","Andre2",0,-4
"2023","ko","kommune","Skaun","Trøndelag Trööndelage","A","Arbeiderpartiet",5,-1
"2023","ko","kommune","Skaun","Trøndelag Trööndelage","SV","SV - Sosialistisk Venstreparti",2,1
"2023","ko","kommune","Skaun","Trøndelag Trööndelage","RØDT","Rødt",0,0
"2023","ko","kommune","Skaun","Trøndelag Trööndelage","SP","Senterpartiet",6,-2
"2023","ko","kommune","Skaun","Trøndelag Trööndelage","KRF","Kristelig Folkeparti",1,0
"2023","ko","kommune","Skaun","Trøndelag Trööndelage","MDG","Miljøpartiet De Grønne",0,-1
"2023","ko","kommune","Skaun","Trøndelag Trööndelage","V","Venstre",0,0
"2023","ko","kommune","Skaun","Trøndelag Trööndelage","H","Høyre",4,1
"2023","ko","kommune","Skaun","Trøndelag Trööndelage","FRP","Fremskrittspartiet",2,1
"2023","ko","kommune","Skaun","Trøndelag Trööndelage","BLANKE","Blanke",0,0
"2023","ko","kommune","Skaun","Trøndelag Trööndelage","BLBU","Buviklista",3,1
"2023","ko","kommune","Skaun","Trøndelag Trööndelage","Andre","Andre",3,1
"2023","ko","kommune","Skaun","Trøndelag Trööndelage","Andre2","Andre2",0,0
"2023","ko","kommune","Malvik","Trøndelag Trööndelage","A","Arbeiderpartiet",7,-4
"2023","ko","kommune","Malvik","Trøndelag Trööndelage","SV","SV - Sosialistisk Venstreparti",3,1
"2023","ko","kommune","Malvik","Trøndelag Trööndelage","RØDT","Rødt",2,1
"2023","ko","kommune","Malvik","Trøndelag Trööndelage","SP","Senterpartiet",2,-4
"2023","ko","kommune","Malvik","Trøndelag Trööndelage","MDG","Miljøpartiet De Grønne",2,0
"2023","ko","kommune","Malvik","Trøndelag Trööndelage","V","Venstre",1,0
"2023","ko","kommune","Malvik","Trøndelag Trööndelage","H","Høyre",8,3
"2023","ko","kommune","Malvik","Trøndelag Trööndelage","FRP","Fremskrittspartiet",3,1
"2023","ko","kommune","Malvik","Trøndelag Trööndelage","DEMN","Norgesdemokratene",0,0
"2023","ko","kommune","Malvik","Trøndelag Trööndelage","INP","Industri- og Næringspartiet",1,1
"2023","ko","kommune","Malvik","Trøndelag Trööndelage","PP","Pensjonistpartiet",2,1
"2023","ko","kommune","Malvik","Trøndelag Trööndelage","BLANKE","Blanke",0,0
"2023","ko","kommune","Malvik","Trøndelag Trööndelage","Andre","Andre",3,2
"2023","ko","kommune","Malvik","Trøndelag Trööndelage","Andre2","Andre2",0,0
"2023","ko","kommune","Selbu","Trøndelag Trööndelage","A","Arbeiderpartiet",11,-2
"2023","ko","kommune","Selbu","Trøndelag Trööndelage","SV","SV - Sosialistisk Venstreparti",3,1
"2023","ko","kommune","Selbu","Trøndelag Trööndelage","SP","Senterpartiet",8,1
"2023","ko","kommune","Selbu","Trøndelag Trööndelage","H","Høyre",3,3
"2023","ko","kommune","Selbu","Trøndelag Trööndelage","BLANKE","Blanke",0,0
"2023","ko","kommune","Selbu","Trøndelag Trööndelage","FVKRF","Venstre og KrF",0,0
"2023","ko","kommune","Selbu","Trøndelag Trööndelage","Andre","Andre",0,0
"2023","ko","kommune","Selbu","Trøndelag Trööndelage","Andre2","Andre2",0,-3
"2023","ko","kommune","Tydal","Trøndelag Trööndelage","A","Arbeiderpartiet",5,0
"2023","ko","kommune","Tydal","Trøndelag Trööndelage","SP","Senterpartiet",8,-4
"2023","ko","kommune","Tydal","Trøndelag Trööndelage","BLANKE","Blanke",0,0
"2023","ko","kommune","Tydal","Trøndelag Trööndelage","Andre","Andre",0,0
"2023","ko","kommune","Tydal","Trøndelag Trööndelage","Andre2","Andre2",0,0
"2023","ko","kommune","Meråker","Trøndelag Trööndelage","A","Arbeiderpartiet",4,-1
"2023","ko","kommune","Meråker","Trøndelag Trööndelage","SV","SV - Sosialistisk Venstreparti",1,-1
"2023","ko","kommune","Meråker","Trøndelag Trööndelage","RØDT","Rødt",1,1
"2023","ko","kommune","Meråker","Trøndelag Trööndelage","SP","Senterpartiet",5,-2
"2023","ko","kommune","Meråker","Trøndelag Trööndelage","V","Venstre",0,-1
"2023","ko","kommune","Meråker","Trøndelag Trööndelage","H","Høyre",0,0
"2023","ko","kommune","Meråker","Trøndelag Trööndelage","FRP","Fremskrittspartiet",0,-1
"2023","ko","kommune","Meråker","Trøndelag Trööndelage","BLANKE","Blanke",0,0
"2023","ko","kommune","Meråker","Trøndelag Trööndelage","METPBL","Meråker Tverrpolitiske Bygdeliste",6,1
"2023","ko","kommune","Meråker","Trøndelag Trööndelage","Andre","Andre",6,1
"2023","ko","kommune","Meråker","Trøndelag Trööndelage","Andre2","Andre2",0,0
"2023","ko","kommune","Stjørdal","Trøndelag Trööndelage","A","Arbeiderpartiet",9,-2
"2023","ko","kommune","Stjørdal","Trøndelag Trööndelage","SV","SV - Sosialistisk Venstreparti",2,0
"2023","ko","kommune","Stjørdal","Trøndelag Trööndelage","RØDT","Rødt",1,-1
"2023","ko","kommune","Stjørdal","Trøndelag Trööndelage","SP","Senterpartiet",12,-4
"2023","ko","kommune","Stjørdal","Trøndelag Trööndelage","KRF","Kristelig Folkeparti",1,0
"2023","ko","kommune","Stjørdal","Trøndelag Trööndelage","MDG","Miljøpartiet De Grønne",1,-1
"2023","ko","kommune","Stjørdal","Trøndelag Trööndelage","V","Venstre",1,0
"2023","ko","kommune","Stjørdal","Trøndelag Trööndelage","H","Høyre",5,1
"2023","ko","kommune","Stjørdal","Trøndelag Trööndelage","FRP","Fremskrittspartiet",3,1
"2023","ko","kommune","Stjørdal","Trøndelag Trööndelage","DEMN","Norgesdemokratene",0,0
"2023","ko","kommune","Stjørdal","Trøndelag Trööndelage","INP","Industri- og Næringspartiet",1,1
"2023","ko","kommune","Stjørdal","Trøndelag Trööndelage","KRISTNE","Konservativt",0,0
"2023","ko","kommune","Stjørdal","Trøndelag Trööndelage","PP","Pensjonistpartiet",1,1
"2023","ko","kommune","Stjørdal","Trøndelag Trööndelage","BLANKE","Blanke",0,0
"2023","ko","kommune","Stjørdal","Trøndelag Trööndelage","Andre","Andre",2,2
"2023","ko","kommune","Stjørdal","Trøndelag Trööndelage","Andre2","Andre2",0,0
"2023","ko","kommune","Frosta","Trøndelag Trööndelage","A","Arbeiderpartiet",4,-1
"2023","ko","kommune","Frosta","Trøndelag Trööndelage","SP","Senterpartiet",4,-1
"2023","ko","kommune","Frosta","Trøndelag Trööndelage","KRF","Kristelig Folkeparti",0,0
"2023","ko","kommune","Frosta","Trøndelag Trööndelage","V","Venstre",1,0
"2023","ko","kommune","Frosta","Trøndelag Trööndelage","H","Høyre",7,1
"2023","ko","kommune","Frosta","Trøndelag Trööndelage","FRP","Fremskrittspartiet",1,1
"2023","ko","kommune","Frosta","Trøndelag Trööndelage","BLANKE","Blanke",0,0
"2023","ko","kommune","Frosta","Trøndelag Trööndelage","Andre","Andre",0,0
"2023","ko","kommune","Frosta","Trøndelag Trööndelage","Andre2","Andre2",0,0
"2023","ko","kommune","Levanger","Trøndelag Trööndelage","A","Arbeiderpartiet",10,-1
"2023","ko","kommune","Levanger","Trøndelag Trööndelage","SV","SV - Sosialistisk Venstreparti",3,0
"2023","ko","kommune","Levanger","Trøndelag Trööndelage","RØDT","Rødt",1,0
"2023","ko","kommune","Levanger","Trøndelag Trööndelage","SP","Senterpartiet",7,-4
"2023","ko","kommune","Levanger","Trøndelag Trööndelage","KRF","Kristelig Folkeparti",2,0
"2023","ko","kommune","Levanger","Trøndelag Trööndelage","MDG","Miljøpartiet De Grønne",1,0
"2023","ko","kommune","Levanger","Trøndelag Trööndelage","V","Venstre",1,0
"2023","ko","kommune","Levanger","Trøndelag Trööndelage","H","Høyre",6,3
"2023","ko","kommune","Levanger","Trøndelag Trööndelage","FRP","Fremskrittspartiet",2,0
"2023","ko","kommune","Levanger","Trøndelag Trööndelage","DEMN","Norgesdemokratene",0,0
"2023","ko","kommune","Levanger","Trøndelag Trööndelage","INP","Industri- og Næringspartiet",1,1
"2023","ko","kommune","Levanger","Trøndelag Trööndelage","PP","Pensjonistpartiet",1,1
"2023","ko","kommune","Levanger","Trøndelag Trööndelage","BLANKE","Blanke",0,0
"2023","ko","kommune","Levanger","Trøndelag Trööndelage","Andre","Andre",2,2
"2023","ko","kommune","Levanger","Trøndelag Trööndelage","Andre2","Andre2",0,0
"2023","ko","kommune","Verdal","Trøndelag Trööndelage","A","Arbeiderpartiet",10,0
"2023","ko","kommune","Verdal","Trøndelag Trööndelage","SV","SV - Sosialistisk Venstreparti",1,0
"2023","ko","kommune","Verdal","Trøndelag Trööndelage","RØDT","Rødt",1,0
"2023","ko","kommune","Verdal","Trøndelag Trööndelage","SP","Senterpartiet",7,-11
"2023","ko","kommune","Verdal","Trøndelag Trööndelage","KRF","Kristelig Folkeparti",0,0
"2023","ko","kommune","Verdal","Trøndelag Trööndelage","MDG","Miljøpartiet De Grønne",0,-1
"2023","ko","kommune","Verdal","Trøndelag Trööndelage","V","Venstre",1,1
"2023","ko","kommune","Verdal","Trøndelag Trööndelage","H","Høyre",7,4
"2023","ko","kommune","Verdal","Trøndelag Trööndelage","FRP","Fremskrittspartiet",2,1
"2023","ko","kommune","Verdal","Trøndelag Trööndelage","INP","Industri- og Næringspartiet",1,1
"2023","ko","kommune","Verdal","Trøndelag Trööndelage","BLANKE","Blanke",0,0
"2023","ko","kommune","Verdal","Trøndelag Trööndelage","VDL","Verdalslista",5,5
"2023","ko","kommune","Verdal","Trøndelag Trööndelage","Andre","Andre",6,6
"2023","ko","kommune","Verdal","Trøndelag Trööndelage","Andre2","Andre2",0,0
"2023","ko","kommune","Snåase - Snåsa","Trøndelag Trööndelage","A","Arbeiderpartiet",5,-1
"2023","ko","kommune","Snåase - Snåsa","Trøndelag Trööndelage","SV","SV - Sosialistisk Venstreparti",2,0
"2023","ko","kommune","Snåase - Snåsa","Trøndelag Trööndelage","SP","Senterpartiet",9,1
"2023","ko","kommune","Snåase - Snåsa","Trøndelag Trööndelage","V","Venstre",0,0
"2023","ko","kommune","Snåase - Snåsa","Trøndelag Trööndelage","H","Høyre",1,0
"2023","ko","kommune","Snåase - Snåsa","Trøndelag Trööndelage","PP","Pensjonistpartiet",0,0
"2023","ko","kommune","Snåase - Snåsa","Trøndelag Trööndelage","BLANKE","Blanke",0,0
"2023","ko","kommune","Snåase - Snåsa","Trøndelag Trööndelage","Andre","Andre",0,0
"2023","ko","kommune","Snåase - Snåsa","Trøndelag Trööndelage","Andre2","Andre2",0,0
"2023","ko","kommune","Lierne","Trøndelag Trööndelage","A","Arbeiderpartiet",7,-2
"2023","ko","kommune","Lierne","Trøndelag Trööndelage","SP","Senterpartiet",7,2
"2023","ko","kommune","Lierne","Trøndelag Trööndelage","V","Venstre",1,0
"2023","ko","kommune","Lierne","Trøndelag Trööndelage","BLANKE","Blanke",0,0
"2023","ko","kommune","Lierne","Trøndelag Trööndelage","Andre","Andre",0,0
"2023","ko","kommune","Lierne","Trøndelag Trööndelage","Andre2","Andre2",0,0
"2023","ko","kommune","Raarvihke - Røyrvik","Trøndelag Trööndelage","A","Arbeiderpartiet",2,-2
"2023","ko","kommune","Raarvihke - Røyrvik","Trøndelag Trööndelage","BLANKE","Blanke",0,0
"2023","ko","kommune","Raarvihke - Røyrvik","Trøndelag Trööndelage","RB","Røyrvik Bygdeliste",3,3
"2023","ko","kommune","Raarvihke - Røyrvik","Trøndelag Trööndelage","SBLRØ","Samarbeidslista i Røyrvik",6,-1
"2023","ko","kommune","Raarvihke - Røyrvik","Trøndelag Trööndelage","Andre","Andre",9,2
"2023","ko","kommune","Raarvihke - Røyrvik","Trøndelag Trööndelage","Andre2","Andre2",0,0
"2023","ko","kommune","Namsskogan","Trøndelag Trööndelage","A","Arbeiderpartiet",5,-2
"2023","ko","kommune","Namsskogan","Trøndelag Trööndelage","SP","Senterpartiet",3,0
"2023","ko","kommune","Namsskogan","Trøndelag Trööndelage","BLANKE","Blanke",0,0
"2023","ko","kommune","Namsskogan","Trøndelag Trööndelage","OPTI","Optimum",5,3
"2023","ko","kommune","Namsskogan","Trøndelag Trööndelage","Andre","Andre",5,3
"2023","ko","kommune","Namsskogan","Trøndelag Trööndelage","Andre2","Andre2",0,-1
"2023","ko","kommune","Grong","Trøndelag Trööndelage","A","Arbeiderpartiet",6,1
"2023","ko","kommune","Grong","Trøndelag Trööndelage","SV","SV - Sosialistisk Venstreparti",1,0
"2023","ko","kommune","Grong","Trøndelag Trööndelage","SP","Senterpartiet",8,-1
"2023","ko","kommune","Grong","Trøndelag Trööndelage","MDG","Miljøpartiet De Grønne",0,-1
"2023","ko","kommune","Grong","Trøndelag Trööndelage","H","Høyre",2,1
"2023","ko","kommune","Grong","Trøndelag Trööndelage","BLANKE","Blanke",0,0
"2023","ko","kommune","Grong","Trøndelag Trööndelage","Andre","Andre",0,0
"2023","ko","kommune","Grong","Trøndelag Trööndelage","Andre2","Andre2",0,0
"2023","ko","kommune","Høylandet","Trøndelag Trööndelage","A","Arbeiderpartiet",6,0
"2023","ko","kommune","Høylandet","Trøndelag Trööndelage","SP","Senterpartiet",8,-1
"2023","ko","kommune","Høylandet","Trøndelag Trööndelage","V","Venstre",1,1
"2023","ko","kommune","Høylandet","Trøndelag Trööndelage","BLANKE","Blanke",0,0
"2023","ko","kommune","Høylandet","Trøndelag Trööndelage","Andre","Andre",0,0
"2023","ko","kommune","Høylandet","Trøndelag Trööndelage","Andre2","Andre2",0,0
"2023","ko","kommune","Overhalla","Trøndelag Trööndelage","A","Arbeiderpartiet",5,0
"2023","ko","kommune","Overhalla","Trøndelag Trööndelage","SV","SV - Sosialistisk Venstreparti",2,1
"2023","ko","kommune","Overhalla","Trøndelag Trööndelage","SP","Senterpartiet",11,-2
"2023","ko","kommune","Overhalla","Trøndelag Trööndelage","FRP","Fremskrittspartiet",3,2
"2023","ko","kommune","Overhalla","Trøndelag Trööndelage","BLANKE","Blanke",0,0
"2023","ko","kommune","Overhalla","Trøndelag Trööndelage","Andre","Andre",0,0
"2023","ko","kommune","Overhalla","Trøndelag Trööndelage","Andre2","Andre2",0,-1
"2023","ko","kommune","Flatanger","Trøndelag Trööndelage","A","Arbeiderpartiet",2,0
"2023","ko","kommune","Flatanger","Trøndelag Trööndelage","SV","SV - Sosialistisk Venstreparti",2,-1
"2023","ko","kommune","Flatanger","Trøndelag Trööndelage","SP","Senterpartiet",4,-1
"2023","ko","kommune","Flatanger","Trøndelag Trööndelage","H","Høyre",2,0
"2023","ko","kommune","Flatanger","Trøndelag Trööndelage","FRP","Fremskrittspartiet",5,2
"2023","ko","kommune","Flatanger","Trøndelag Trööndelage","BLANKE","Blanke",0,0
"2023","ko","kommune","Flatanger","Trøndelag Trööndelage","Andre","Andre",0,0
"2023","ko","kommune","Flatanger","Trøndelag Trööndelage","Andre2","Andre2",0,0
"2023","ko","kommune","Leka","Trøndelag Trööndelage","SV","SV - Sosialistisk Venstreparti",1,0
"2023","ko","kommune","Leka","Trøndelag Trööndelage","SP","Senterpartiet",7,0
"2023","ko","kommune","Leka","Trøndelag Trööndelage","APV","Fellesliste for Arbeiderpartiet og Venstre",3,3
"2023","ko","kommune","Leka","Trøndelag Trööndelage","BLANKE","Blanke",0,0
"2023","ko","kommune","Leka","Trøndelag Trööndelage","LEB","Leka Bygdeliste",2,2
"2023","ko","kommune","Leka","Trøndelag Trööndelage","Andre","Andre",5,5
"2023","ko","kommune","Leka","Trøndelag Trööndelage","Andre2","Andre2",0,-7
"2023","ko","kommune","Inderøy","Trøndelag Trööndelage","A","Arbeiderpartiet",9,2
"2023","ko","kommune","Inderøy","Trøndelag Trööndelage","SV","SV - Sosialistisk Venstreparti",2,0
"2023","ko","kommune","Inderøy","Trøndelag Trööndelage","SP","Senterpartiet",8,-3
"2023","ko","kommune","Inderøy","Trøndelag Trööndelage","KRF","Kristelig Folkeparti",1,0
"2023","ko","kommune","Inderøy","Trøndelag Trööndelage","MDG","Miljøpartiet De Grønne",0,-1
"2023","ko","kommune","Inderøy","Trøndelag Trööndelage","V","Venstre",0,0
"2023","ko","kommune","Inderøy","Trøndelag Trööndelage","H","Høyre",5,2
"2023","ko","kommune","Inderøy","Trøndelag Trööndelage","BLANKE","Blanke",0,0
"2023","ko","kommune","Inderøy","Trøndelag Trööndelage","Andre","Andre",0,0
"2023","ko","kommune","Inderøy","Trøndelag Trööndelage","Andre2","Andre2",0,0
"2023","ko","kommune","Indre Fosen","Trøndelag Trööndelage","A","Arbeiderpartiet",6,0
"2023","ko","kommune","Indre Fosen","Trøndelag Trööndelage","SV","SV - Sosialistisk Venstreparti",1,-1
"2023","ko","kommune","Indre Fosen","Trøndelag Trööndelage","RØDT","Rødt",0,0
"2023","ko","kommune","Indre Fosen","Trøndelag Trööndelage","SP","Senterpartiet",5,-5
"2023","ko","kommune","Indre Fosen","Trøndelag Trööndelage","KRF","Kristelig Folkeparti",1,0
"2023","ko","kommune","Indre Fosen","Trøndelag Trööndelage","MDG","Miljøpartiet De Grønne",0,-1
"2023","ko","kommune","Indre Fosen","Trøndelag Trööndelage","V","Venstre",0,0
"2023","ko","kommune","Indre Fosen","Trøndelag Trööndelage","H","Høyre",5,0
"2023","ko","kommune","Indre Fosen","Trøndelag Trööndelage","FRP","Fremskrittspartiet",2,0
"2023","ko","kommune","Indre Fosen","Trøndelag Trööndelage","INP","Industri- og Næringspartiet",1,1
"2023","ko","kommune","Indre Fosen","Trøndelag Trööndelage","PP","Pensjonistpartiet",3,-1
"2023","ko","kommune","Indre Fosen","Trøndelag Trööndelage","BLANKE","Blanke",0,0
"2023","ko","kommune","Indre Fosen","Trøndelag Trööndelage","KLIF","Kommunelista",3,-3
"2023","ko","kommune","Indre Fosen","Trøndelag Trööndelage","Andre","Andre",7,-3
"2023","ko","kommune","Indre Fosen","Trøndelag Trööndelage","Andre2","Andre2",0,0
"2023","ko","kommune","Heim","Trøndelag Trööndelage","A","Arbeiderpartiet",8,-2
"2023","ko","kommune","Heim","Trøndelag Trööndelage","SP","Senterpartiet",4,-6
"2023","ko","kommune","Heim","Trøndelag Trööndelage","KRF","Kristelig Folkeparti",1,0
"2023","ko","kommune","Heim","Trøndelag Trööndelage","V","Venstre",0,0
"2023","ko","kommune","Heim","Trøndelag Trööndelage","H","Høyre",4,1
"2023","ko","kommune","Heim","Trøndelag Trööndelage","FRP","Fremskrittspartiet",2,1
"2023","ko","kommune","Heim","Trøndelag Trööndelage","INP","Industri- og Næringspartiet",2,2
"2023","ko","kommune","Heim","Trøndelag Trööndelage","BLANKE","Blanke",0,0
"2023","ko","kommune","Heim","Trøndelag Trööndelage","HA","Halsalista",2,-1
"2023","ko","kommune","Heim","Trøndelag Trööndelage","Andre","Andre",4,1
"2023","ko","kommune","Heim","Trøndelag Trööndelage","Andre2","Andre2",0,-3
"2023","ko","kommune","Hitra","Trøndelag Trööndelage","A","Arbeiderpartiet",9,0
"2023","ko","kommune","Hitra","Trøndelag Trööndelage","SV","SV - Sosialistisk Venstreparti",1,0
"2023","ko","kommune","Hitra","Trøndelag Trööndelage","RØDT","Rødt",2,0
"2023","ko","kommune","Hitra","Trøndelag Trööndelage","SP","Senterpartiet",1,-2
"2023","ko","kommune","Hitra","Trøndelag Trööndelage","KRF","Kristelig Folkeparti",0,0
"2023","ko","kommune","Hitra","Trøndelag Trööndelage","V","Venstre",0,-1
"2023","ko","kommune","Hitra","Trøndelag Trööndelage","H","Høyre",7,4
"2023","ko","kommune","Hitra","Trøndelag Trööndelage","FRP","Fremskrittspartiet",3,1
"2023","ko","kommune","Hitra","Trøndelag Trööndelage","PP","Pensjonistpartiet",2,-2
"2023","ko","kommune","Hitra","Trøndelag Trööndelage","BLANKE","Blanke",0,0
"2023","ko","kommune","Hitra","Trøndelag Trööndelage","Andre","Andre",2,-2
"2023","ko","kommune","Hitra","Trøndelag Trööndelage","Andre2","Andre2",0,0
"2023","ko","kommune","Ørland","Trøndelag Trööndelage","A","Arbeiderpartiet",8,-4
"2023","ko","kommune","Ørland","Trøndelag Trööndelage","SV","SV - Sosialistisk Venstreparti",1,-1
"2023","ko","kommune","Ørland","Trøndelag Trööndelage","RØDT","Rødt",1,1
"2023","ko","kommune","Ørland","Trøndelag Trööndelage","SP","Senterpartiet",7,-5
"2023","ko","kommune","Ørland","Trøndelag Trööndelage","MDG","Miljøpartiet De Grønne",1,0
"2023","ko","kommune","Ørland","Trøndelag Trööndelage","V","Venstre",1,1
"2023","ko","kommune","Ørland","Trøndelag Trööndelage","H","Høyre",6,0
"2023","ko","kommune","Ørland","Trøndelag Trööndelage","FRP","Fremskrittspartiet",2,0
"2023","ko","kommune","Ørland","Trøndelag Trööndelage","DEMN","Norgesdemokratene",0,0
"2023","ko","kommune","Ørland","Trøndelag Trööndelage","INP","Industri- og Næringspartiet",4,4
"2023","ko","kommune","Ørland","Trøndelag Trööndelage","BLANKE","Blanke",0,0
"2023","ko","kommune","Ørland","Trøndelag Trööndelage","Andre","Andre",4,4
"2023","ko","kommune","Ørland","Trøndelag Trööndelage","Andre2","Andre2",0,0
"2023","ko","kommune","Åfjord","Trøndelag Trööndelage","A","Arbeiderpartiet",6,-4
"2023","ko","kommune","Åfjord","Trøndelag Trööndelage","SP","Senterpartiet",9,0
"2023","ko","kommune","Åfjord","Trøndelag Trööndelage","KRF","Kristelig Folkeparti",1,0
"2023","ko","kommune","Åfjord","Trøndelag Trööndelage","V","Venstre",1,0
"2023","ko","kommune","Åfjord","Trøndelag Trööndelage","H","Høyre",4,0
"2023","ko","kommune","Åfjord","Trøndelag Trööndelage","FRP","Fremskrittspartiet",2,0
"2023","ko","kommune","Åfjord","Trøndelag Trööndelage","BLANKE","Blanke",0,0
"2023","ko","kommune","Åfjord","Trøndelag Trööndelage","Andre","Andre",0,0
"2023","ko","kommune","Åfjord","Trøndelag Trööndelage","Andre2","Andre2",0,0
"2023","ko","kommune","Orkland","Trøndelag Trööndelage","A","Arbeiderpartiet",12,-5
"2023","ko","kommune","Orkland","Trøndelag Trööndelage","SV","SV - Sosialistisk Venstreparti",2,0
"2023","ko","kommune","Orkland","Trøndelag Trööndelage","RØDT","Rødt",1,0
"2023","ko","kommune","Orkland","Trøndelag Trööndelage","SP","Senterpartiet",8,-8
"2023","ko","kommune","Orkland","Trøndelag Trööndelage","KRF","Kristelig Folkeparti",1,0
"2023","ko","kommune","Orkland","Trøndelag Trööndelage","MDG","Miljøpartiet De Grønne",0,-1
"2023","ko","kommune","Orkland","Trøndelag Trööndelage","V","Venstre",2,1
"2023","ko","kommune","Orkland","Trøndelag Trööndelage","H","Høyre",4,0
"2023","ko","kommune","Orkland","Trøndelag Trööndelage","FRP","Fremskrittspartiet",3,1
"2023","ko","kommune","Orkland","Trøndelag Trööndelage","DEMN","Norgesdemokratene",0,0
"2023","ko","kommune","Orkland","Trøndelag Trööndelage","INP","Industri- og Næringspartiet",2,2
"2023","ko","kommune","Orkland","Trøndelag Trööndelage","PP","Pensjonistpartiet",4,1
"2023","ko","kommune","Orkland","Trøndelag Trööndelage","BLANKE","Blanke",0,0
"2023","ko","kommune","Orkland","Trøndelag Trööndelage","SMPO","Småbypartiet Orkland",4,4
"2023","ko","kommune","Orkland","Trøndelag Trööndelage","Andre","Andre",10,7
"2023","ko","kommune","Orkland","Trøndelag Trööndelage","Andre2","Andre2",0,-3
"2023","ko","kommune","Nærøysund","Trøndelag Trööndelage","A","Arbeiderpartiet",7,-7
"2023","ko","kommune","Nærøysund","Trøndelag Trööndelage","SV","SV - Sosialistisk Venstreparti",1,0
"2023","ko","kommune","Nærøysund","Trøndelag Trööndelage","RØDT","Rødt",0,0
"2023","ko","kommune","Nærøysund","Trøndelag Trööndelage","SP","Senterpartiet",7,-2
"2023","ko","kommune","Nærøysund","Trøndelag Trööndelage","KRF","Kristelig Folkeparti",1,0
"2023","ko","kommune","Nærøysund","Trøndelag Trööndelage","V","Venstre",2,0
"2023","ko","kommune","Nærøysund","Trøndelag Trööndelage","H","Høyre",4,-1
"2023","ko","kommune","Nærøysund","Trøndelag Trööndelage","FRP","Fremskrittspartiet",5,1
"2023","ko","kommune","Nærøysund","Trøndelag Trööndelage","DEMN","Norgesdemokratene",0,0
"2023","ko","kommune","Nærøysund","Trøndelag Trööndelage","BLANKE","Blanke",0,0
"2023","ko","kommune","Nærøysund","Trøndelag Trööndelage","Andre","Andre",0,0
"2023","ko","kommune","Nærøysund","Trøndelag Trööndelage","Andre2","Andre2",0,-1
"2023","ko","kommune","Rindal","Trøndelag Trööndelage","A","Arbeiderpartiet",6,-2
"2023","ko","kommune","Rindal","Trøndelag Trööndelage","SP","Senterpartiet",9,2
"2023","ko","kommune","Rindal","Trøndelag Trööndelage","H","Høyre",2,0
"2023","ko","kommune","Rindal","Trøndelag Trööndelage","BLANKE","Blanke",0,0
"2023","ko","kommune","Rindal","Trøndelag Trööndelage","Andre","Andre",0,0
"2023","ko","kommune","Rindal","Trøndelag Trööndelage","Andre2","Andre2",0,0
"2023","ko","kommune","Tromsø","Troms Romsa","A","Arbeiderpartiet",11,11
"2023","ko","kommune","Tromsø","Troms Romsa","SV","SV - Sosialistisk Venstreparti",6,6
"2023","ko","kommune","Tromsø","Troms Romsa","RØDT","Rødt",2,2
"2023","ko","kommune","Tromsø","Troms Romsa","SP","Senterpartiet",1,1
"2023","ko","kommune","Tromsø","Troms Romsa","KRF","Kristelig Folkeparti",1,1
"2023","ko","kommune","Tromsø","Troms Romsa","MDG","Miljøpartiet De Grønne",2,2
"2023","ko","kommune","Tromsø","Troms Romsa","V","Venstre",1,1
"2023","ko","kommune","Tromsø","Troms Romsa","H","Høyre",8,8
"2023","ko","kommune","Tromsø","Troms Romsa","FRP","Fremskrittspartiet",7,7
"2023","ko","kommune","Tromsø","Troms Romsa","DEMN","Norgesdemokratene",0,0
"2023","ko","kommune","Tromsø","Troms Romsa","INP","Industri- og Næringspartiet",2,2
"2023","ko","kommune","Tromsø","Troms Romsa","KRISTNE","Konservativt",0,0
"2023","ko","kommune","Tromsø","Troms Romsa","LIBS","Liberalistene",0,0
"2023","ko","kommune","Tromsø","Troms Romsa","BLANKE","Blanke",0,0
"2023","ko","kommune","Tromsø","Troms Romsa","BYLA","By- og Landlista",1,1
"2023","ko","kommune","Tromsø","Troms Romsa","NBT","NEI TIL BOMPENGER I TROMSØ",1,1
"2023","ko","kommune","Tromsø","Troms Romsa","Andre","Andre",4,4
"2023","ko","kommune","Tromsø","Troms Romsa","Andre2","Andre2",0,0
"2023","ko","kommune","Harstad","Troms Romsa","A","Arbeiderpartiet",11,11
"2023","ko","kommune","Harstad","Troms Romsa","SV","SV - Sosialistisk Venstreparti",2,2
"2023","ko","kommune","Harstad","Troms Romsa","RØDT","Rødt",2,2
"2023","ko","kommune","Harstad","Troms Romsa","SP","Senterpartiet",2,2
"2023","ko","kommune","Harstad","Troms Romsa","KRF","Kristelig Folkeparti",1,1
"2023","ko","kommune","Harstad","Troms Romsa","MDG","Miljøpartiet De Grønne",1,1
"2023","ko","kommune","Harstad","Troms Romsa","V","Venstre",1,1
"2023","ko","kommune","Harstad","Troms Romsa","H","Høyre",7,7
"2023","ko","kommune","Harstad","Troms Romsa","FRP","Fremskrittspartiet",6,6
"2023","ko","kommune","Harstad","Troms Romsa","DEMN","Norgesdemokratene",0,0
"2023","ko","kommune","Harstad","Troms Romsa","INP","Industri- og Næringspartiet",2,2
"2023","ko","kommune","Harstad","Troms Romsa","LIBS","Liberalistene",0,0
"2023","ko","kommune","Harstad","Troms Romsa","BLANKE","Blanke",0,0
"2023","ko","kommune","Harstad","Troms Romsa","Andre","Andre",2,2
"2023","ko","kommune","Harstad","Troms Romsa","Andre2","Andre2",0,0
"2023","ko","kommune","Kvæfjord","Troms Romsa","A","Arbeiderpartiet",5,5
"2023","ko","kommune","Kvæfjord","Troms Romsa","SV","SV - Sosialistisk Venstreparti",4,4
"2023","ko","kommune","Kvæfjord","Troms Romsa","SP","Senterpartiet",6,6
"2023","ko","kommune","Kvæfjord","Troms Romsa","V","Venstre",2,2
"2023","ko","kommune","Kvæfjord","Troms Romsa","BLANKE","Blanke",0,0
"2023","ko","kommune","Kvæfjord","Troms Romsa","FHF","Fellesliste for Høyre og Fremskrittspartiet",6,6
"2023","ko","kommune","Kvæfjord","Troms Romsa","Andre","Andre",6,6
"2023","ko","kommune","Kvæfjord","Troms Romsa","Andre2","Andre2",0,0
"2023","ko","kommune","Tjeldsund","Troms Romsa","A","Arbeiderpartiet",2,2
"2023","ko","kommune","Tjeldsund","Troms Romsa","SV","SV - Sosialistisk Venstreparti",1,1
"2023","ko","kommune","Tjeldsund","Troms Romsa","RØDT","Rødt",0,0
"2023","ko","kommune","Tjeldsund","Troms Romsa","SP","Senterpartiet",2,2
"2023","ko","kommune","Tjeldsund","Troms Romsa","H","Høyre",5,5
"2023","ko","kommune","Tjeldsund","Troms Romsa","FRP","Fremskrittspartiet",1,1
"2023","ko","kommune","Tjeldsund","Troms Romsa","BLANKE","Blanke",0,0
"2023","ko","kommune","Tjeldsund","Troms Romsa","TJTL","Tjeldsund Tverrpolitiske Liste",6,6
"2023","ko","kommune","Tjeldsund","Troms Romsa","Andre","Andre",6,6
"2023","ko","kommune","Tjeldsund","Troms Romsa","Andre2","Andre2",0,0
"2023","ko","kommune","Ibestad","Troms Romsa","A","Arbeiderpartiet",7,7
"2023","ko","kommune","Ibestad","Troms Romsa","SP","Senterpartiet",1,1
"2023","ko","kommune","Ibestad","Troms Romsa","H","Høyre",9,9
"2023","ko","kommune","Ibestad","Troms Romsa","BLANKE","Blanke",0,0
"2023","ko","kommune","Ibestad","Troms Romsa","Andre","Andre",0,0
"2023","ko","kommune","Ibestad","Troms Romsa","Andre2","Andre2",0,0
"2023","ko","kommune","Gratangen","Troms Romsa","A","Arbeiderpartiet",6,6
"2023","ko","kommune","Gratangen","Troms Romsa","SP","Senterpartiet",8,8
"2023","ko","kommune","Gratangen","Troms Romsa","BLANKE","Blanke",0,0
"2023","ko","kommune","Gratangen","Troms Romsa","TVG","Tverrpolitisk Liste for Gratangen",1,1
"2023","ko","kommune","Gratangen","Troms Romsa","Andre","Andre",1,1
"2023","ko","kommune","Gratangen","Troms Romsa","Andre2","Andre2",0,0
"2023","ko","kommune","Loabák - Lavangen","Troms Romsa","A","Arbeiderpartiet",9,9
"2023","ko","kommune","Loabák - Lavangen","Troms Romsa","SP","Senterpartiet",2,2
"2023","ko","kommune","Loabák - Lavangen","Troms Romsa","H","Høyre",4,4
"2023","ko","kommune","Loabák - Lavangen","Troms Romsa","BLANKE","Blanke",0,0
"2023","ko","kommune","Loabák - Lavangen","Troms Romsa","Andre","Andre",0,0
"2023","ko","kommune","Loabák - Lavangen","Troms Romsa","Andre2","Andre2",0,0
"2023","ko","kommune","Bardu","Troms Romsa","A","Arbeiderpartiet",3,3
"2023","ko","kommune","Bardu","Troms Romsa","SV","SV - Sosialistisk Venstreparti",2,2
"2023","ko","kommune","Bardu","Troms Romsa","SP","Senterpartiet",9,9
"2023","ko","kommune","Bardu","Troms Romsa","V","Venstre",1,1
"2023","ko","kommune","Bardu","Troms Romsa","H","Høyre",3,3
"2023","ko","kommune","Bardu","Troms Romsa","FRP","Fremskrittspartiet",1,1
"2023","ko","kommune","Bardu","Troms Romsa","BLANKE","Blanke",0,0
"2023","ko","kommune","Bardu","Troms Romsa","Andre","Andre",0,0
"2023","ko","kommune","Bardu","Troms Romsa","Andre2","Andre2",0,0
"2023","ko","kommune","Salangen","Troms Romsa","A","Arbeiderpartiet",7,7
"2023","ko","kommune","Salangen","Troms Romsa","SV","SV - Sosialistisk Venstreparti",2,2
"2023","ko","kommune","Salangen","Troms Romsa","SP","Senterpartiet",6,6
"2023","ko","kommune","Salangen","Troms Romsa","H","Høyre",4,4
"2023","ko","kommune","Salangen","Troms Romsa","BLANKE","Blanke",0,0
"2023","ko","kommune","Salangen","Troms Romsa","Andre","Andre",0,0
"2023","ko","kommune","Salangen","Troms Romsa","Andre2","Andre2",0,0
"2023","ko","kommune","Målselv","Troms Romsa","A","Arbeiderpartiet",8,8
"2023","ko","kommune","Målselv","Troms Romsa","SV","SV - Sosialistisk Venstreparti",1,1
"2023","ko","kommune","Målselv","Troms Romsa","RØDT","Rødt",1,1
"2023","ko","kommune","Målselv","Troms Romsa","SP","Senterpartiet",5,5
"2023","ko","kommune","Målselv","Troms Romsa","V","Venstre",1,1
"2023","ko","kommune","Målselv","Troms Romsa","H","Høyre",5,5
"2023","ko","kommune","Målselv","Troms Romsa","FRP","Fremskrittspartiet",2,2
"2023","ko","kommune","Målselv","Troms Romsa","BLANKE","Blanke",0,0
"2023","ko","kommune","Målselv","Troms Romsa","Andre","Andre",0,0
"2023","ko","kommune","Målselv","Troms Romsa","Andre2","Andre2",0,0
"2023","ko","kommune","Sørreisa","Troms Romsa","A","Arbeiderpartiet",8,8
"2023","ko","kommune","Sørreisa","Troms Romsa","SV","SV - Sosialistisk Venstreparti",1,1
"2023","ko","kommune","Sørreisa","Troms Romsa","SP","Senterpartiet",3,3
"2023","ko","kommune","Sørreisa","Troms Romsa","H","Høyre",4,4
"2023","ko","kommune","Sørreisa","Troms Romsa","FRP","Fremskrittspartiet",3,3
"2023","ko","kommune","Sørreisa","Troms Romsa","BLANKE","Blanke",0,0
"2023","ko","kommune","Sørreisa","Troms Romsa","Andre","Andre",0,0
"2023","ko","kommune","Sørreisa","Troms Romsa","Andre2","Andre2",0,0
"2023","ko","kommune","Dyrøy","Troms Romsa","A","Arbeiderpartiet",5,5
"2023","ko","kommune","Dyrøy","Troms Romsa","SV","SV - Sosialistisk Venstreparti",2,2
"2023","ko","kommune","Dyrøy","Troms Romsa","SP","Senterpartiet",3,3
"2023","ko","kommune","Dyrøy","Troms Romsa","H","Høyre",3,3
"2023","ko","kommune","Dyrøy","Troms Romsa","FRP","Fremskrittspartiet",2,2
"2023","ko","kommune","Dyrøy","Troms Romsa","BLANKE","Blanke",0,0
"2023","ko","kommune","Dyrøy","Troms Romsa","Andre","Andre",0,0
"2023","ko","kommune","Dyrøy","Troms Romsa","Andre2","Andre2",0,0
"2023","ko","kommune","Senja","Troms Romsa","A","Arbeiderpartiet",7,7
"2023","ko","kommune","Senja","Troms Romsa","SV","SV - Sosialistisk Venstreparti",3,3
"2023","ko","kommune","Senja","Troms Romsa","SP","Senterpartiet",3,3
"2023","ko","kommune","Senja","Troms Romsa","KRF","Kristelig Folkeparti",1,1
"2023","ko","kommune","Senja","Troms Romsa","MDG","Miljøpartiet De Grønne",0,0
"2023","ko","kommune","Senja","Troms Romsa","H","Høyre",7,7
"2023","ko","kommune","Senja","Troms Romsa","FRP","Fremskrittspartiet",3,3
"2023","ko","kommune","Senja","Troms Romsa","DEMN","Norgesdemokratene",0,0
"2023","ko","kommune","Senja","Troms Romsa","INP","Industri- og Næringspartiet",3,3
"2023","ko","kommune","Senja","Troms Romsa","LIBS","Liberalistene",0,0
"2023","ko","kommune","Senja","Troms Romsa","BLANKE","Blanke",0,0
"2023","ko","kommune","Senja","Troms Romsa","SENJA","Senjalista",4,4
"2023","ko","kommune","Senja","Troms Romsa","Andre","Andre",7,7
"2023","ko","kommune","Senja","Troms Romsa","Andre2","Andre2",0,0
"2023","ko","kommune","Balsfjord","Troms Romsa","A","Arbeiderpartiet",4,4
"2023","ko","kommune","Balsfjord","Troms Romsa","SV","SV - Sosialistisk Venstreparti",1,1
"2023","ko","kommune","Balsfjord","Troms Romsa","SP","Senterpartiet",4,4
"2023","ko","kommune","Balsfjord","Troms Romsa","KRF","Kristelig Folkeparti",1,1
"2023","ko","kommune","Balsfjord","Troms Romsa","MDG","Miljøpartiet De Grønne",0,0
"2023","ko","kommune","Balsfjord","Troms Romsa","H","Høyre",5,5
"2023","ko","kommune","Balsfjord","Troms Romsa","FRP","Fremskrittspartiet",4,4
"2023","ko","kommune","Balsfjord","Troms Romsa","KRISTNE","Konservativt",0,0
"2023","ko","kommune","Balsfjord","Troms Romsa","BLANKE","Blanke",0,0
"2023","ko","kommune","Balsfjord","Troms Romsa","Andre","Andre",0,0
"2023","ko","kommune","Balsfjord","Troms Romsa","Andre2","Andre2",0,0
"2023","ko","kommune","Karlsøy","Troms Romsa","A","Arbeiderpartiet",5,5
"2023","ko","kommune","Karlsøy","Troms Romsa","SV","SV - Sosialistisk Venstreparti",2,2
"2023","ko","kommune","Karlsøy","Troms Romsa","RØDT","Rødt",1,1
"2023","ko","kommune","Karlsøy","Troms Romsa","SP","Senterpartiet",4,4
"2023","ko","kommune","Karlsøy","Troms Romsa","FRP","Fremskrittspartiet",3,3
"2023","ko","kommune","Karlsøy","Troms Romsa","BLANKE","Blanke",0,0
"2023","ko","kommune","Karlsøy","Troms Romsa","FRRR","Felleslista for Ringvassøy, Reinøy og Rebbenesøy",1,1
"2023","ko","kommune","Karlsøy","Troms Romsa","KP","Karlsøy Pensjonistliste",1,1
"2023","ko","kommune","Karlsøy","Troms Romsa","Andre","Andre",2,2
"2023","ko","kommune","Karlsøy","Troms Romsa","Andre2","Andre2",0,0
"2023","ko","kommune","Lyngen","Troms Romsa","A","Arbeiderpartiet",3,3
"2023","ko","kommune","Lyngen","Troms Romsa","SP","Senterpartiet",2,2
"2023","ko","kommune","Lyngen","Troms Romsa","KRF","Kristelig Folkeparti",1,1
"2023","ko","kommune","Lyngen","Troms Romsa","MDG","Miljøpartiet De Grønne",0,0
"2023","ko","kommune","Lyngen","Troms Romsa","V","Venstre",1,1
"2023","ko","kommune","Lyngen","Troms Romsa","H","Høyre",3,3
"2023","ko","kommune","Lyngen","Troms Romsa","FRP","Fremskrittspartiet",2,2
"2023","ko","kommune","Lyngen","Troms Romsa","PP","Pensjonistpartiet",1,1
"2023","ko","kommune","Lyngen","Troms Romsa","BLANKE","Blanke",0,0
"2023","ko","kommune","Lyngen","Troms Romsa","FOLY","Folkelista Lyngen",6,6
"2023","ko","kommune","Lyngen","Troms Romsa","Andre","Andre",7,7
"2023","ko","kommune","Lyngen","Troms Romsa","Andre2","Andre2",0,0
"2023","ko","kommune","Storfjord - Omasvuotna - Omasvuono","Troms Romsa","A","Arbeiderpartiet",2,2
"2023","ko","kommune","Storfjord - Omasvuotna - Omasvuono","Troms Romsa","SP","Senterpartiet",2,2
"2023","ko","kommune","Storfjord - Omasvuotna - Omasvuono","Troms Romsa","MDG","Miljøpartiet De Grønne",1,1
"2023","ko","kommune","Storfjord - Omasvuotna - Omasvuono","Troms Romsa","H","Høyre",7,7
"2023","ko","kommune","Storfjord - Omasvuotna - Omasvuono","Troms Romsa","BLANKE","Blanke",0,0
"2023","ko","kommune","Storfjord - Omasvuotna - Omasvuono","Troms Romsa","TVPL","Tverrpolitisk liste",5,5
"2023","ko","kommune","Storfjord - Omasvuotna - Omasvuono","Troms Romsa","Andre","Andre",5,5
"2023","ko","kommune","Storfjord - Omasvuotna - Omasvuono","Troms Romsa","Andre2","Andre2",0,0
"2023","ko","kommune","Gáivuotna - Kåfjord - Kaivuono","Troms Romsa","A","Arbeiderpartiet",6,6
"2023","ko","kommune","Gáivuotna - Kåfjord - Kaivuono","Troms Romsa","SV","SV - Sosialistisk Venstreparti",2,2
"2023","ko","kommune","Gáivuotna - Kåfjord - Kaivuono","Troms Romsa","SP","Senterpartiet",2,2
"2023","ko","kommune","Gáivuotna - Kåfjord - Kaivuono","Troms Romsa","KRF","Kristelig Folkeparti",3,3
"2023","ko","kommune","Gáivuotna - Kåfjord - Kaivuono","Troms Romsa","MDG","Miljøpartiet De Grønne",1,1
"2023","ko","kommune","Gáivuotna - Kåfjord - Kaivuono","Troms Romsa","H","Høyre",1,1
"2023","ko","kommune","Gáivuotna - Kåfjord - Kaivuono","Troms Romsa","FRP","Fremskrittspartiet",2,2
"2023","ko","kommune","Gáivuotna - Kåfjord - Kaivuono","Troms Romsa","BLANKE","Blanke",0,0
"2023","ko","kommune","Gáivuotna - Kåfjord - Kaivuono","Troms Romsa","Andre","Andre",0,0
"2023","ko","kommune","Gáivuotna - Kåfjord - Kaivuono","Troms Romsa","Andre2","Andre2",0,0
"2023","ko","kommune","Skjervøy","Troms Romsa","A","Arbeiderpartiet",2,2
"2023","ko","kommune","Skjervøy","Troms Romsa","SV","SV - Sosialistisk Venstreparti",1,1
"2023","ko","kommune","Skjervøy","Troms Romsa","RØDT","Rødt",1,1
"2023","ko","kommune","Skjervøy","Troms Romsa","SP","Senterpartiet",3,3
"2023","ko","kommune","Skjervøy","Troms Romsa","KRF","Kristelig Folkeparti",6,6
"2023","ko","kommune","Skjervøy","Troms Romsa","V","Venstre",0,0
"2023","ko","kommune","Skjervøy","Troms Romsa","H","Høyre",1,1
"2023","ko","kommune","Skjervøy","Troms Romsa","FRP","Fremskrittspartiet",5,5
"2023","ko","kommune","Skjervøy","Troms Romsa","BLANKE","Blanke",0,0
"2023","ko","kommune","Skjervøy","Troms Romsa","Andre","Andre",0,0
"2023","ko","kommune","Skjervøy","Troms Romsa","Andre2","Andre2",0,0
"2023","ko","kommune","Nordreisa","Troms Romsa","A","Arbeiderpartiet",5,5
"2023","ko","kommune","Nordreisa","Troms Romsa","SV","SV - Sosialistisk Venstreparti",3,3
"2023","ko","kommune","Nordreisa","Troms Romsa","SP","Senterpartiet",3,3
"2023","ko","kommune","Nordreisa","Troms Romsa","H","Høyre",3,3
"2023","ko","kommune","Nordreisa","Troms Romsa","FRP","Fremskrittspartiet",4,4
"2023","ko","kommune","Nordreisa","Troms Romsa","INP","Industri- og Næringspartiet",3,3
"2023","ko","kommune","Nordreisa","Troms Romsa","BLANKE","Blanke",0,0
"2023","ko","kommune","Nordreisa","Troms Romsa","Andre","Andre",3,3
"2023","ko","kommune","Nordreisa","Troms Romsa","Andre2","Andre2",0,0
"2023","ko","kommune","Kvænangen","Troms Romsa","A","Arbeiderpartiet",3,3
"2023","ko","kommune","Kvænangen","Troms Romsa","SV","SV - Sosialistisk Venstreparti",4,4
"2023","ko","kommune","Kvænangen","Troms Romsa","SP","Senterpartiet",2,2
"2023","ko","kommune","Kvænangen","Troms Romsa","H","Høyre",2,2
"2023","ko","kommune","Kvænangen","Troms Romsa","FRP","Fremskrittspartiet",1,1
"2023","ko","kommune","Kvænangen","Troms Romsa","BLANKE","Blanke",0,0
"2023","ko","kommune","Kvænangen","Troms Romsa","KVB","Kvænangen Bygdeliste",3,3
"2023","ko","kommune","Kvænangen","Troms Romsa","Andre","Andre",3,3
"2023","ko","kommune","Kvænangen","Troms Romsa","Andre2","Andre2",0,0
"2023","ko","kommune","Alta","Finnmark Finnmárku","A","Arbeiderpartiet",7,7
"2023","ko","kommune","Alta","Finnmark Finnmárku","SV","SV - Sosialistisk Venstreparti",3,3
"2023","ko","kommune","Alta","Finnmark Finnmárku","RØDT","Rødt",2,2
"2023","ko","kommune","Alta","Finnmark Finnmárku","SP","Senterpartiet",2,2
"2023","ko","kommune","Alta","Finnmark Finnmárku","KRF","Kristelig Folkeparti",1,1
"2023","ko","kommune","Alta","Finnmark Finnmárku","MDG","Miljøpartiet De Grønne",1,1
"2023","ko","kommune","Alta","Finnmark Finnmárku","V","Venstre",4,4
"2023","ko","kommune","Alta","Finnmark Finnmárku","H","Høyre",4,4
"2023","ko","kommune","Alta","Finnmark Finnmárku","FRP","Fremskrittspartiet",9,9
"2023","ko","kommune","Alta","Finnmark Finnmárku","DEMN","Norgesdemokratene",1,1
"2023","ko","kommune","Alta","Finnmark Finnmárku","KRISTNE","Konservativt",1,1
"2023","ko","kommune","Alta","Finnmark Finnmárku","LIBS","Liberalistene",0,0
"2023","ko","kommune","Alta","Finnmark Finnmárku","BLANKE","Blanke",0,0
"2023","ko","kommune","Alta","Finnmark Finnmárku","Andre","Andre",2,2
"2023","ko","kommune","Alta","Finnmark Finnmárku","Andre2","Andre2",0,0
"2023","ko","kommune","Hammerfest","Finnmark Finnmárku","A","Arbeiderpartiet",7,7
"2023","ko","kommune","Hammerfest","Finnmark Finnmárku","SV","SV - Sosialistisk Venstreparti",3,3
"2023","ko","kommune","Hammerfest","Finnmark Finnmárku","RØDT","Rødt",2,2
"2023","ko","kommune","Hammerfest","Finnmark Finnmárku","SP","Senterpartiet",1,1
"2023","ko","kommune","Hammerfest","Finnmark Finnmárku","KRF","Kristelig Folkeparti",1,1
"2023","ko","kommune","Hammerfest","Finnmark Finnmárku","MDG","Miljøpartiet De Grønne",1,1
"2023","ko","kommune","Hammerfest","Finnmark Finnmárku","H","Høyre",6,6
"2023","ko","kommune","Hammerfest","Finnmark Finnmárku","FRP","Fremskrittspartiet",3,3
"2023","ko","kommune","Hammerfest","Finnmark Finnmárku","BLANKE","Blanke",0,0
"2023","ko","kommune","Hammerfest","Finnmark Finnmárku","PN","Partiet Nord",5,5
"2023","ko","kommune","Hammerfest","Finnmark Finnmárku","Andre","Andre",5,5
"2023","ko","kommune","Hammerfest","Finnmark Finnmárku","Andre2","Andre2",0,0
"2023","ko","kommune","Sør-Varanger","Finnmark Finnmárku","A","Arbeiderpartiet",7,7
"2023","ko","kommune","Sør-Varanger","Finnmark Finnmárku","SV","SV - Sosialistisk Venstreparti",3,3
"2023","ko","kommune","Sør-Varanger","Finnmark Finnmárku","RØDT","Rødt",2,2
"2023","ko","kommune","Sør-Varanger","Finnmark Finnmárku","SP","Senterpartiet",2,2
"2023","ko","kommune","Sør-Varanger","Finnmark Finnmárku","V","Venstre",0,0
"2023","ko","kommune","Sør-Varanger","Finnmark Finnmárku","H","Høyre",8,8
"2023","ko","kommune","Sør-Varanger","Finnmark Finnmárku","FRP","Fremskrittspartiet",3,3
"2023","ko","kommune","Sør-Varanger","Finnmark Finnmárku","BLANKE","Blanke",0,0
"2023","ko","kommune","Sør-Varanger","Finnmark Finnmárku","Andre","Andre",0,0
"2023","ko","kommune","Sør-Varanger","Finnmark Finnmárku","Andre2","Andre2",0,0
"2023","ko","kommune","Vadsø","Finnmark Finnmárku","A","Arbeiderpartiet",7,7
"2023","ko","kommune","Vadsø","Finnmark Finnmárku","SV","SV - Sosialistisk Venstreparti",1,1
"2023","ko","kommune","Vadsø","Finnmark Finnmárku","SP","Senterpartiet",2,2
"2023","ko","kommune","Vadsø","Finnmark Finnmárku","MDG","Miljøpartiet De Grønne",0,0
"2023","ko","kommune","Vadsø","Finnmark Finnmárku","V","Venstre",1,1
"2023","ko","kommune","Vadsø","Finnmark Finnmárku","H","Høyre",4,4
"2023","ko","kommune","Vadsø","Finnmark Finnmárku","FRP","Fremskrittspartiet",3,3
"2023","ko","kommune","Vadsø","Finnmark Finnmárku","BLANKE","Blanke",0,0
"2023","ko","kommune","Vadsø","Finnmark Finnmárku","SFV","Sosialistisk Forum",3,3
"2023","ko","kommune","Vadsø","Finnmark Finnmárku","Andre","Andre",3,3
"2023","ko","kommune","Vadsø","Finnmark Finnmárku","Andre2","Andre2",0,0
"2023","ko","kommune","Kárášjohka - Karasjok","Finnmark Finnmárku","A","Arbeiderpartiet",7,7
"2023","ko","kommune","Kárášjohka - Karasjok","Finnmark Finnmárku","SP","Senterpartiet",2,2
"2023","ko","kommune","Kárášjohka - Karasjok","Finnmark Finnmárku","H","Høyre",1,1
"2023","ko","kommune","Kárášjohka - Karasjok","Finnmark Finnmárku","SAME","Samefolkets Parti",2,2
"2023","ko","kommune","Kárášjohka - Karasjok","Finnmark Finnmárku","BLANKE","Blanke",0,0
"2023","ko","kommune","Kárášjohka - Karasjok","Finnmark Finnmárku","KARLIS","Karasjok lista",5,5
"2023","ko","kommune","Kárášjohka - Karasjok","Finnmark Finnmárku","SAMLIS","Kárášjoga sámelistu",2,2
"2023","ko","kommune","Kárášjohka - Karasjok","Finnmark Finnmárku","Andre","Andre",9,9
"2023","ko","kommune","Kárášjohka - Karasjok","Finnmark Finnmárku","Andre2","Andre2",0,0
"2023","ko","kommune","Guovdageaidnu - Kautokeino","Finnmark Finnmárku","A","Arbeiderpartiet",4,4
"2023","ko","kommune","Guovdageaidnu - Kautokeino","Finnmark Finnmárku","SP","Senterpartiet",1,1
"2023","ko","kommune","Guovdageaidnu - Kautokeino","Finnmark Finnmárku","V","Venstre",1,1
"2023","ko","kommune","Guovdageaidnu - Kautokeino","Finnmark Finnmárku","H","Høyre",1,1
"2023","ko","kommune","Guovdageaidnu - Kautokeino","Finnmark Finnmárku","FRP","Fremskrittspartiet",1,1
"2023","ko","kommune","Guovdageaidnu - Kautokeino","Finnmark Finnmárku","ARJA","Árja",2,2
"2023","ko","kommune","Guovdageaidnu - Kautokeino","Finnmark Finnmárku","KRISTNE","Konservativt",0,0
"2023","ko","kommune","Guovdageaidnu - Kautokeino","Finnmark Finnmárku","BLANKE","Blanke",0,0
"2023","ko","kommune","Guovdageaidnu - Kautokeino","Finnmark Finnmárku","GDL","Kautokeino Fastboendes liste",1,1
"2023","ko","kommune","Guovdageaidnu - Kautokeino","Finnmark Finnmárku","GSL","Guovdageainnu Sámilistu",3,3
"2023","ko","kommune","Guovdageaidnu - Kautokeino","Finnmark Finnmárku","JL","Kautokeino Flyttsameliste",5,5
"2023","ko","kommune","Guovdageaidnu - Kautokeino","Finnmark Finnmárku","Andre","Andre",11,11
"2023","ko","kommune","Guovdageaidnu - Kautokeino","Finnmark Finnmárku","Andre2","Andre2",0,0
"2023","ko","kommune","Loppa","Finnmark Finnmárku","A","Arbeiderpartiet",5,5
"2023","ko","kommune","Loppa","Finnmark Finnmárku","SV","SV - Sosialistisk Venstreparti",3,3
"2023","ko","kommune","Loppa","Finnmark Finnmárku","SP","Senterpartiet",2,2
"2023","ko","kommune","Loppa","Finnmark Finnmárku","H","Høyre",2,2
"2023","ko","kommune","Loppa","Finnmark Finnmárku","BLANKE","Blanke",0,0
"2023","ko","kommune","Loppa","Finnmark Finnmárku","FIL","Folkelista i Loppa",3,3
"2023","ko","kommune","Loppa","Finnmark Finnmárku","Andre","Andre",3,3
"2023","ko","kommune","Loppa","Finnmark Finnmárku","Andre2","Andre2",0,0
"2023","ko","kommune","Hasvik","Finnmark Finnmárku","A","Arbeiderpartiet",6,6
"2023","ko","kommune","Hasvik","Finnmark Finnmárku","SP","Senterpartiet",0,0
"2023","ko","kommune","Hasvik","Finnmark Finnmárku","BLANKE","Blanke",0,0
"2023","ko","kommune","Hasvik","Finnmark Finnmárku","FLH","Felleslista Hasvik",1,1
"2023","ko","kommune","Hasvik","Finnmark Finnmárku","SFSHA","Sammen for Sørøya",8,8
"2023","ko","kommune","Hasvik","Finnmark Finnmárku","Andre","Andre",9,9
"2023","ko","kommune","Hasvik","Finnmark Finnmárku","Andre2","Andre2",0,0
"2023","ko","kommune","Måsøy","Finnmark Finnmárku","A","Arbeiderpartiet",5,5
"2023","ko","kommune","Måsøy","Finnmark Finnmárku","SP","Senterpartiet",3,3
"2023","ko","kommune","Måsøy","Finnmark Finnmárku","H","Høyre",2,2
"2023","ko","kommune","Måsøy","Finnmark Finnmárku","BLANKE","Blanke",0,0
"2023","ko","kommune","Måsøy","Finnmark Finnmárku","BYMA","Bygdelista i Måsøy",5,5
"2023","ko","kommune","Måsøy","Finnmark Finnmárku","FESVR","Fellesliste SV/RØDT Måsøy",0,0
"2023","ko","kommune","Måsøy","Finnmark Finnmárku","Andre","Andre",5,5
"2023","ko","kommune","Måsøy","Finnmark Finnmárku","Andre2","Andre2",0,0
"2023","ko","kommune","Nordkapp","Finnmark Finnmárku","A","Arbeiderpartiet",6,6
"2023","ko","kommune","Nordkapp","Finnmark Finnmárku","SV","SV - Sosialistisk Venstreparti",6,6
"2023","ko","kommune","Nordkapp","Finnmark Finnmárku","SP","Senterpartiet",2,2
"2023","ko","kommune","Nordkapp","Finnmark Finnmárku","H","Høyre",5,5
"2023","ko","kommune","Nordkapp","Finnmark Finnmárku","BLANKE","Blanke",0,0
"2023","ko","kommune","Nordkapp","Finnmark Finnmárku","Andre","Andre",0,0
"2023","ko","kommune","Nordkapp","Finnmark Finnmárku","Andre2","Andre2",0,0
"2023","ko","kommune","Porsanger - Porsáŋgu - Porsanki","Finnmark Finnmárku","A","Arbeiderpartiet",3,3
"2023","ko","kommune","Porsanger - Porsáŋgu - Porsanki","Finnmark Finnmárku","SV","SV - Sosialistisk Venstreparti",1,1
"2023","ko","kommune","Porsanger - Porsáŋgu - Porsanki","Finnmark Finnmárku","RØDT","Rødt",0,0
"2023","ko","kommune","Porsanger - Porsáŋgu - Porsanki","Finnmark Finnmárku","SP","Senterpartiet",1,1
"2023","ko","kommune","Porsanger - Porsáŋgu - Porsanki","Finnmark Finnmárku","H","Høyre",6,6
"2023","ko","kommune","Porsanger - Porsáŋgu - Porsanki","Finnmark Finnmárku","FRP","Fremskrittspartiet",3,3
"2023","ko","kommune","Porsanger - Porsáŋgu - Porsanki","Finnmark Finnmárku","BLANKE","Blanke",0,0
"2023","ko","kommune","Porsanger - Porsáŋgu - Porsanki","Finnmark Finnmárku","FOLL","Folkestyret-listen",0,0
"2023","ko","kommune","Porsanger - Porsáŋgu - Porsanki","Finnmark Finnmárku","TLP","Tverrpolitisk liste i Porsanger TLP",5,5
"2023","ko","kommune","Porsanger - Porsáŋgu - Porsanki","Finnmark Finnmárku","Andre","Andre",5,5
"2023","ko","kommune","Porsanger - Porsáŋgu - Porsanki","Finnmark Finnmárku","Andre2","Andre2",0,0
"2023","ko","kommune","Lebesby","Finnmark Finnmárku","A","Arbeiderpartiet",10,10
"2023","ko","kommune","Lebesby","Finnmark Finnmárku","SV","SV - Sosialistisk Venstreparti",2,2
"2023","ko","kommune","Lebesby","Finnmark Finnmárku","SP","Senterpartiet",2,2
"2023","ko","kommune","Lebesby","Finnmark Finnmárku","H","Høyre",3,3
"2023","ko","kommune","Lebesby","Finnmark Finnmárku","BLANKE","Blanke",0,0
"2023","ko","kommune","Lebesby","Finnmark Finnmárku","Andre","Andre",0,0
"2023","ko","kommune","Lebesby","Finnmark Finnmárku","Andre2","Andre2",0,0
"2023","ko","kommune","Gamvik","Finnmark Finnmárku","A","Arbeiderpartiet",6,6
"2023","ko","kommune","Gamvik","Finnmark Finnmárku","SV","SV - Sosialistisk Venstreparti",5,5
"2023","ko","kommune","Gamvik","Finnmark Finnmárku","SP","Senterpartiet",1,1
"2023","ko","kommune","Gamvik","Finnmark Finnmárku","FRP","Fremskrittspartiet",1,1
"2023","ko","kommune","Gamvik","Finnmark Finnmárku","BLANKE","Blanke",0,0
"2023","ko","kommune","Gamvik","Finnmark Finnmárku","FLG","Felleslista i Gamvik kommune",0,0
"2023","ko","kommune","Gamvik","Finnmark Finnmárku","Andre","Andre",0,0
"2023","ko","kommune","Gamvik","Finnmark Finnmárku","Andre2","Andre2",0,0
"2023","ko","kommune","Deatnu - Tana","Finnmark Finnmárku","A","Arbeiderpartiet",6,6
"2023","ko","kommune","Deatnu - Tana","Finnmark Finnmárku","SP","Senterpartiet",3,3
"2023","ko","kommune","Deatnu - Tana","Finnmark Finnmárku","V","Venstre",2,2
"2023","ko","kommune","Deatnu - Tana","Finnmark Finnmárku","H","Høyre",3,3
"2023","ko","kommune","Deatnu - Tana","Finnmark Finnmárku","FRP","Fremskrittspartiet",2,2
"2023","ko","kommune","Deatnu - Tana","Finnmark Finnmárku","DEMN","Norgesdemokratene",0,0
"2023","ko","kommune","Deatnu - Tana","Finnmark Finnmárku","BLANKE","Blanke",0,0
"2023","ko","kommune","Deatnu - Tana","Finnmark Finnmárku","DSL","Deanu Sámelistu - Samelista i Tana",3,3
"2023","ko","kommune","Deatnu - Tana","Finnmark Finnmárku","Andre","Andre",3,3
"2023","ko","kommune","Deatnu - Tana","Finnmark Finnmárku","Andre2","Andre2",0,0
"2023","ko","kommune","Berlevåg","Finnmark Finnmárku","A","Arbeiderpartiet",8,8
"2023","ko","kommune","Berlevåg","Finnmark Finnmárku","SV","SV - Sosialistisk Venstreparti",5,5
"2023","ko","kommune","Berlevåg","Finnmark Finnmárku","BLANKE","Blanke",0,0
"2023","ko","kommune","Berlevåg","Finnmark Finnmárku","Andre","Andre",0,0
"2023","ko","kommune","Berlevåg","Finnmark Finnmárku","Andre2","Andre2",0,0
"2023","ko","kommune","Båtsfjord","Finnmark Finnmárku","A","Arbeiderpartiet",6,6
"2023","ko","kommune","Båtsfjord","Finnmark Finnmárku","SP","Senterpartiet",4,4
"2023","ko","kommune","Båtsfjord","Finnmark Finnmárku","BLANKE","Blanke",0,0
"2023","ko","kommune","Båtsfjord","Finnmark Finnmárku","BÅTL","BÅTSFJORDLISTA",5,5
"2023","ko","kommune","Båtsfjord","Finnmark Finnmárku","Andre","Andre",5,5
"2023","ko","kommune","Båtsfjord","Finnmark Finnmárku","Andre2","Andre2",0,0
"2023","ko","kommune","Vardø","Finnmark Finnmárku","A","Arbeiderpartiet",9,9
"2023","ko","kommune","Vardø","Finnmark Finnmárku","SV","SV - Sosialistisk Venstreparti",1,1
"2023","ko","kommune","Vardø","Finnmark Finnmárku","SP","Senterpartiet",2,2
"2023","ko","kommune","Vardø","Finnmark Finnmárku","MDG","Miljøpartiet De Grønne",5,5
"2023","ko","kommune","Vardø","Finnmark Finnmárku","H","Høyre",2,2
"2023","ko","kommune","Vardø","Finnmark Finnmárku","BLANKE","Blanke",0,0
"2023","ko","kommune","Vardø","Finnmark Finnmárku","Andre","Andre",0,0
"2023","ko","kommune","Vardø","Finnmark Finnmárku","Andre2","Andre2",0,0
"2023","ko","kommune","Unjárga - Nesseby","Finnmark Finnmárku","A","Arbeiderpartiet",7,7
"2023","ko","kommune","Unjárga - Nesseby","Finnmark Finnmárku","SV","SV - Sosialistisk Venstreparti",1,1
"2023","ko","kommune","Unjárga - Nesseby","Finnmark Finnmárku","BLANKE","Blanke",0,0
"2023","ko","kommune","Unjárga - Nesseby","Finnmark Finnmárku","FTSSH","Fellesliste for Tverrpolitisk Liste, Samefolkets Parti, SP og H",7,7
"2023","ko","kommune","Unjárga - Nesseby","Finnmark Finnmárku","Andre","Andre",7,7
"2023","ko","kommune","Unjárga - Nesseby","Finnmark Finnmárku","Andre2","Andre2",0,0
