"aar","valgtype","sted_type","sted_navn","overordnet_navn","parti_kode","parti_navn","mandater_antall","mandater_endring"
"2019","ko","kommune","Oslo","Oslo","A","Arbeiderpartiet",12,-8
"2019","ko","kommune","Oslo","Oslo","SV","SV - Sosialistisk Venstreparti",6,3
"2019","ko","kommune","Oslo","Oslo","RØDT","Rødt",4,1
"2019","ko","kommune","Oslo","Oslo","SP","Senterpartiet",1,1
"2019","ko","kommune","Oslo","Oslo","KRF","Kristelig Folkeparti",1,0
"2019","ko","kommune","Oslo","Oslo","MDG","Miljøpartiet De Grønne",9,4
"2019","ko","kommune","Oslo","Oslo","V","Venstre",4,0
"2019","ko","kommune","Oslo","Oslo","H","Høyre",15,-4
"2019","ko","kommune","Oslo","Oslo","FRP","Fremskrittspartiet",3,-1
"2019","ko","kommune","Oslo","Oslo","ALLI","Alliansen",0,0
"2019","ko","kommune","Oslo","Oslo","DEMN","Demokratene",0,0
"2019","ko","kommune","Oslo","Oslo","FNB","Folkeaksjonen Nei til mer bompenger",4,4
"2019","ko","kommune","Oslo","Oslo","HELSE","Helsepartiet",0,0
"2019","ko","kommune","Oslo","Oslo","KRISTNE","Partiet De Kristne",0,0
"2019","ko","kommune","Oslo","Oslo","KYST","Kystpartiet",0,0
"2019","ko","kommune","Oslo","Oslo","LIBS","Liberalistene",0,0
"2019","ko","kommune","Oslo","Oslo","NKP","Norges Kommunistiske Parti",0,0
"2019","ko","kommune","Oslo","Oslo","PIR","Piratpartiet",0,0
"2019","ko","kommune","Oslo","Oslo","PP","Pensjonistpartiet",0,0
"2019","ko","kommune","Oslo","Oslo","BLANKE","Blanke",0,0
"2019","ko","kommune","Oslo","Oslo","FI","Feministisk Initiativ",0,0
"2019","ko","kommune","Oslo","Oslo","SELV","Selvstendighetspartiet",0,0
"2019","ko","kommune","Oslo","Oslo","Andre","Andre",4,4
"2019","ko","kommune","Oslo","Oslo","Andre2","Andre2",0,0
"2019","ko","kommune","Eigersund","Rogaland","A","Arbeiderpartiet",10,0
"2019","ko","kommune","Eigersund","Rogaland","SV","SV - Sosialistisk Venstreparti",2,1
"2019","ko","kommune","Eigersund","Rogaland","SP","Senterpartiet",4,1
"2019","ko","kommune","Eigersund","Rogaland","KRF","Kristelig Folkeparti",3,-2
"2019","ko","kommune","Eigersund","Rogaland","MDG","Miljøpartiet De Grønne",0,0
"2019","ko","kommune","Eigersund","Rogaland","V","Venstre",1,0
"2019","ko","kommune","Eigersund","Rogaland","H","Høyre",5,-1
"2019","ko","kommune","Eigersund","Rogaland","FRP","Fremskrittspartiet",6,1
"2019","ko","kommune","Eigersund","Rogaland","BLANKE","Blanke",0,0
"2019","ko","kommune","Eigersund","Rogaland","Andre","Andre",0,0
"2019","ko","kommune","Eigersund","Rogaland","Andre2","Andre2",0,0
"2019","ko","kommune","Stavanger","Rogaland","A","Arbeiderpartiet",18,0
"2019","ko","kommune","Stavanger","Rogaland","SV","SV - Sosialistisk Venstreparti",3,0
"2019","ko","kommune","Stavanger","Rogaland","RØDT","Rødt",4,3
"2019","ko","kommune","Stavanger","Rogaland","SP","Senterpartiet",3,2
"2019","ko","kommune","Stavanger","Rogaland","KRF","Kristelig Folkeparti",3,-1
"2019","ko","kommune","Stavanger","Rogaland","MDG","Miljøpartiet De Grønne",4,0
"2019","ko","kommune","Stavanger","Rogaland","V","Venstre",3,-3
"2019","ko","kommune","Stavanger","Rogaland","H","Høyre",16,-3
"2019","ko","kommune","Stavanger","Rogaland","FRP","Fremskrittspartiet",6,-1
"2019","ko","kommune","Stavanger","Rogaland","FNB","Folkeaksjonen Nei til mer bompenger",6,3
"2019","ko","kommune","Stavanger","Rogaland","KRISTNE","Partiet De Kristne",0,0
"2019","ko","kommune","Stavanger","Rogaland","LIBS","Liberalistene",0,0
"2019","ko","kommune","Stavanger","Rogaland","PP","Pensjonistpartiet",1,0
"2019","ko","kommune","Stavanger","Rogaland","BLANKE","Blanke",0,0
"2019","ko","kommune","Stavanger","Rogaland","Andre","Andre",7,3
"2019","ko","kommune","Stavanger","Rogaland","Andre2","Andre2",0,0
"2019","ko","kommune","Haugesund","Rogaland","A","Arbeiderpartiet",15,-4
"2019","ko","kommune","Haugesund","Rogaland","SV","SV - Sosialistisk Venstreparti",3,1
"2019","ko","kommune","Haugesund","Rogaland","RØDT","Rødt",1,1
"2019","ko","kommune","Haugesund","Rogaland","SP","Senterpartiet",2,1
"2019","ko","kommune","Haugesund","Rogaland","KRF","Kristelig Folkeparti",2,-1
"2019","ko","kommune","Haugesund","Rogaland","MDG","Miljøpartiet De Grønne",3,1
"2019","ko","kommune","Haugesund","Rogaland","V","Venstre",1,-1
"2019","ko","kommune","Haugesund","Rogaland","H","Høyre",14,3
"2019","ko","kommune","Haugesund","Rogaland","FRP","Fremskrittspartiet",6,-1
"2019","ko","kommune","Haugesund","Rogaland","KRISTNE","Partiet De Kristne",0,0
"2019","ko","kommune","Haugesund","Rogaland","LIBS","Liberalistene",0,0
"2019","ko","kommune","Haugesund","Rogaland","PP","Pensjonistpartiet",2,0
"2019","ko","kommune","Haugesund","Rogaland","BLANKE","Blanke",0,0
"2019","ko","kommune","Haugesund","Rogaland","Andre","Andre",2,0
"2019","ko","kommune","Haugesund","Rogaland","Andre2","Andre2",0,0
"2019","ko","kommune","Sandnes","Rogaland","A","Arbeiderpartiet",13,13
"2019","ko","kommune","Sandnes","Rogaland","SV","SV - Sosialistisk Venstreparti",2,2
"2019","ko","kommune","Sandnes","Rogaland","RØDT","Rødt",1,1
"2019","ko","kommune","Sandnes","Rogaland","SP","Senterpartiet",3,3
"2019","ko","kommune","Sandnes","Rogaland","KRF","Kristelig Folkeparti",4,4
"2019","ko","kommune","Sandnes","Rogaland","MDG","Miljøpartiet De Grønne",3,3
"2019","ko","kommune","Sandnes","Rogaland","V","Venstre",1,1
"2019","ko","kommune","Sandnes","Rogaland","H","Høyre",8,8
"2019","ko","kommune","Sandnes","Rogaland","FRP","Fremskrittspartiet",9,9
"2019","ko","kommune","Sandnes","Rogaland","FNB","Folkeaksjonen Nei til mer bompenger",5,5
"2019","ko","kommune","Sandnes","Rogaland","KRISTNE","Partiet De Kristne",0,0
"2019","ko","kommune","Sandnes","Rogaland","LIBS","Liberalistene",0,0
"2019","ko","kommune","Sandnes","Rogaland","PP","Pensjonistpartiet",0,0
"2019","ko","kommune","Sandnes","Rogaland","BLANKE","Blanke",0,0
"2019","ko","kommune","Sandnes","Rogaland","Andre","Andre",5,5
"2019","ko","kommune","Sandnes","Rogaland","Andre2","Andre2",0,0
"2019","ko","kommune","Sokndal","Rogaland","A","Arbeiderpartiet",5,-2
"2019","ko","kommune","Sokndal","Rogaland","SP","Senterpartiet",3,2
"2019","ko","kommune","Sokndal","Rogaland","KRF","Kristelig Folkeparti",5,-1
"2019","ko","kommune","Sokndal","Rogaland","V","Venstre",1,-1
"2019","ko","kommune","Sokndal","Rogaland","H","Høyre",2,-1
"2019","ko","kommune","Sokndal","Rogaland","FRP","Fremskrittspartiet",2,0
"2019","ko","kommune","Sokndal","Rogaland","BLANKE","Blanke",0,0
"2019","ko","kommune","Sokndal","Rogaland","SOK","Sokndal Listo",3,3
"2019","ko","kommune","Sokndal","Rogaland","Andre","Andre",3,3
"2019","ko","kommune","Sokndal","Rogaland","Andre2","Andre2",0,0
"2019","ko","kommune","Lund","Rogaland","A","Arbeiderpartiet",4,-3
"2019","ko","kommune","Lund","Rogaland","SP","Senterpartiet",5,3
"2019","ko","kommune","Lund","Rogaland","KRF","Kristelig Folkeparti",4,1
"2019","ko","kommune","Lund","Rogaland","V","Venstre",1,-1
"2019","ko","kommune","Lund","Rogaland","H","Høyre",4,1
"2019","ko","kommune","Lund","Rogaland","FRP","Fremskrittspartiet",3,-1
"2019","ko","kommune","Lund","Rogaland","BLANKE","Blanke",0,0
"2019","ko","kommune","Lund","Rogaland","Andre","Andre",0,0
"2019","ko","kommune","Lund","Rogaland","Andre2","Andre2",0,0
"2019","ko","kommune","Bjerkreim","Rogaland","A","Arbeiderpartiet",2,0
"2019","ko","kommune","Bjerkreim","Rogaland","SP","Senterpartiet",6,1
"2019","ko","kommune","Bjerkreim","Rogaland","KRF","Kristelig Folkeparti",4,0
"2019","ko","kommune","Bjerkreim","Rogaland","V","Venstre",1,0
"2019","ko","kommune","Bjerkreim","Rogaland","H","Høyre",4,0
"2019","ko","kommune","Bjerkreim","Rogaland","BLANKE","Blanke",0,0
"2019","ko","kommune","Bjerkreim","Rogaland","Andre","Andre",0,0
"2019","ko","kommune","Bjerkreim","Rogaland","Andre2","Andre2",0,-1
"2019","ko","kommune","Hå","Rogaland","A","Arbeiderpartiet",3,0
"2019","ko","kommune","Hå","Rogaland","SV","SV - Sosialistisk Venstreparti",1,1
"2019","ko","kommune","Hå","Rogaland","RØDT","Rødt",0,0
"2019","ko","kommune","Hå","Rogaland","SP","Senterpartiet",5,2
"2019","ko","kommune","Hå","Rogaland","KRF","Kristelig Folkeparti",7,0
"2019","ko","kommune","Hå","Rogaland","H","Høyre",5,-1
"2019","ko","kommune","Hå","Rogaland","FRP","Fremskrittspartiet",3,0
"2019","ko","kommune","Hå","Rogaland","KRISTNE","Partiet De Kristne",0,0
"2019","ko","kommune","Hå","Rogaland","LIBS","Liberalistene",0,0
"2019","ko","kommune","Hå","Rogaland","BLANKE","Blanke",0,0
"2019","ko","kommune","Hå","Rogaland","HL","Hå-lista",9,9
"2019","ko","kommune","Hå","Rogaland","Andre","Andre",9,9
"2019","ko","kommune","Hå","Rogaland","Andre2","Andre2",0,-11
"2019","ko","kommune","Klepp","Rogaland","A","Arbeiderpartiet",4,-1
"2019","ko","kommune","Klepp","Rogaland","SV","SV - Sosialistisk Venstreparti",1,1
"2019","ko","kommune","Klepp","Rogaland","RØDT","Rødt",0,0
"2019","ko","kommune","Klepp","Rogaland","SP","Senterpartiet",5,1
"2019","ko","kommune","Klepp","Rogaland","KRF","Kristelig Folkeparti",4,-1
"2019","ko","kommune","Klepp","Rogaland","MDG","Miljøpartiet De Grønne",1,0
"2019","ko","kommune","Klepp","Rogaland","V","Venstre",0,-1
"2019","ko","kommune","Klepp","Rogaland","H","Høyre",7,-2
"2019","ko","kommune","Klepp","Rogaland","FRP","Fremskrittspartiet",7,1
"2019","ko","kommune","Klepp","Rogaland","FNB","Folkeaksjonen Nei til mer bompenger",2,2
"2019","ko","kommune","Klepp","Rogaland","BLANKE","Blanke",0,0
"2019","ko","kommune","Klepp","Rogaland","Andre","Andre",2,2
"2019","ko","kommune","Klepp","Rogaland","Andre2","Andre2",0,0
"2019","ko","kommune","Time","Rogaland","A","Arbeiderpartiet",5,0
"2019","ko","kommune","Time","Rogaland","SV","SV - Sosialistisk Venstreparti",2,1
"2019","ko","kommune","Time","Rogaland","SP","Senterpartiet",5,1
"2019","ko","kommune","Time","Rogaland","KRF","Kristelig Folkeparti",3,-1
"2019","ko","kommune","Time","Rogaland","MDG","Miljøpartiet De Grønne",1,0
"2019","ko","kommune","Time","Rogaland","V","Venstre",1,0
"2019","ko","kommune","Time","Rogaland","H","Høyre",7,-1
"2019","ko","kommune","Time","Rogaland","FRP","Fremskrittspartiet",3,0
"2019","ko","kommune","Time","Rogaland","BLANKE","Blanke",0,0
"2019","ko","kommune","Time","Rogaland","Andre","Andre",0,0
"2019","ko","kommune","Time","Rogaland","Andre2","Andre2",0,0
"2019","ko","kommune","Gjesdal","Rogaland","A","Arbeiderpartiet",10,0
"2019","ko","kommune","Gjesdal","Rogaland","SV","SV - Sosialistisk Venstreparti",1,1
"2019","ko","kommune","Gjesdal","Rogaland","RØDT","Rødt",0,0
"2019","ko","kommune","Gjesdal","Rogaland","SP","Senterpartiet",4,1
"2019","ko","kommune","Gjesdal","Rogaland","KRF","Kristelig Folkeparti",4,-2
"2019","ko","kommune","Gjesdal","Rogaland","MDG","Miljøpartiet De Grønne",1,1
"2019","ko","kommune","Gjesdal","Rogaland","V","Venstre",0,0
"2019","ko","kommune","Gjesdal","Rogaland","H","Høyre",3,-1
"2019","ko","kommune","Gjesdal","Rogaland","FRP","Fremskrittspartiet",4,0
"2019","ko","kommune","Gjesdal","Rogaland","BLANKE","Blanke",0,0
"2019","ko","kommune","Gjesdal","Rogaland","Andre","Andre",0,0
"2019","ko","kommune","Gjesdal","Rogaland","Andre2","Andre2",0,0
"2019","ko","kommune","Sola","Rogaland","A","Arbeiderpartiet",7,0
"2019","ko","kommune","Sola","Rogaland","SV","SV - Sosialistisk Venstreparti",2,2
"2019","ko","kommune","Sola","Rogaland","RØDT","Rødt",0,0
"2019","ko","kommune","Sola","Rogaland","SP","Senterpartiet",4,2
"2019","ko","kommune","Sola","Rogaland","KRF","Kristelig Folkeparti",3,-1
"2019","ko","kommune","Sola","Rogaland","MDG","Miljøpartiet De Grønne",1,0
"2019","ko","kommune","Sola","Rogaland","V","Venstre",1,-1
"2019","ko","kommune","Sola","Rogaland","H","Høyre",12,-4
"2019","ko","kommune","Sola","Rogaland","FRP","Fremskrittspartiet",7,0
"2019","ko","kommune","Sola","Rogaland","FNB","Folkeaksjonen Nei til mer bompenger",4,4
"2019","ko","kommune","Sola","Rogaland","BLANKE","Blanke",0,0
"2019","ko","kommune","Sola","Rogaland","Andre","Andre",4,4
"2019","ko","kommune","Sola","Rogaland","Andre2","Andre2",0,-2
"2019","ko","kommune","Randaberg","Rogaland","A","Arbeiderpartiet",7,-1
"2019","ko","kommune","Randaberg","Rogaland","SV","SV - Sosialistisk Venstreparti",1,1
"2019","ko","kommune","Randaberg","Rogaland","SP","Senterpartiet",4,1
"2019","ko","kommune","Randaberg","Rogaland","KRF","Kristelig Folkeparti",3,-1
"2019","ko","kommune","Randaberg","Rogaland","MDG","Miljøpartiet De Grønne",1,0
"2019","ko","kommune","Randaberg","Rogaland","V","Venstre",1,0
"2019","ko","kommune","Randaberg","Rogaland","H","Høyre",6,-1
"2019","ko","kommune","Randaberg","Rogaland","FRP","Fremskrittspartiet",4,1
"2019","ko","kommune","Randaberg","Rogaland","BLANKE","Blanke",0,0
"2019","ko","kommune","Randaberg","Rogaland","Andre","Andre",0,0
"2019","ko","kommune","Randaberg","Rogaland","Andre2","Andre2",0,0
"2019","ko","kommune","Strand","Rogaland","A","Arbeiderpartiet",4,-3
"2019","ko","kommune","Strand","Rogaland","SV","SV - Sosialistisk Venstreparti",1,0
"2019","ko","kommune","Strand","Rogaland","RØDT","Rødt",1,1
"2019","ko","kommune","Strand","Rogaland","SP","Senterpartiet",4,2
"2019","ko","kommune","Strand","Rogaland","KRF","Kristelig Folkeparti",4,-2
"2019","ko","kommune","Strand","Rogaland","MDG","Miljøpartiet De Grønne",1,0
"2019","ko","kommune","Strand","Rogaland","V","Venstre",1,0
"2019","ko","kommune","Strand","Rogaland","H","Høyre",10,3
"2019","ko","kommune","Strand","Rogaland","FRP","Fremskrittspartiet",2,-1
"2019","ko","kommune","Strand","Rogaland","BLANKE","Blanke",0,0
"2019","ko","kommune","Strand","Rogaland","BTN","Bygdeliste for Tau og nordbygda",1,0
"2019","ko","kommune","Strand","Rogaland","Andre","Andre",1,0
"2019","ko","kommune","Strand","Rogaland","Andre2","Andre2",0,0
"2019","ko","kommune","Hjelmeland","Rogaland","A","Arbeiderpartiet",2,-1
"2019","ko","kommune","Hjelmeland","Rogaland","SV","SV - Sosialistisk Venstreparti",1,1
"2019","ko","kommune","Hjelmeland","Rogaland","SP","Senterpartiet",9,3
"2019","ko","kommune","Hjelmeland","Rogaland","KRF","Kristelig Folkeparti",2,-2
"2019","ko","kommune","Hjelmeland","Rogaland","MDG","Miljøpartiet De Grønne",1,1
"2019","ko","kommune","Hjelmeland","Rogaland","H","Høyre",4,-1
"2019","ko","kommune","Hjelmeland","Rogaland","BLANKE","Blanke",0,0
"2019","ko","kommune","Hjelmeland","Rogaland","Andre","Andre",0,0
"2019","ko","kommune","Hjelmeland","Rogaland","Andre2","Andre2",0,-1
"2019","ko","kommune","Suldal","Rogaland","A","Arbeiderpartiet",3,0
"2019","ko","kommune","Suldal","Rogaland","SV","SV - Sosialistisk Venstreparti",1,-1
"2019","ko","kommune","Suldal","Rogaland","SP","Senterpartiet",8,1
"2019","ko","kommune","Suldal","Rogaland","KRF","Kristelig Folkeparti",3,1
"2019","ko","kommune","Suldal","Rogaland","MDG","Miljøpartiet De Grønne",1,1
"2019","ko","kommune","Suldal","Rogaland","V","Venstre",1,-2
"2019","ko","kommune","Suldal","Rogaland","H","Høyre",2,0
"2019","ko","kommune","Suldal","Rogaland","BLANKE","Blanke",0,0
"2019","ko","kommune","Suldal","Rogaland","Andre","Andre",0,0
"2019","ko","kommune","Suldal","Rogaland","Andre2","Andre2",0,0
"2019","ko","kommune","Sauda","Rogaland","A","Arbeiderpartiet",4,-1
"2019","ko","kommune","Sauda","Rogaland","SV","SV - Sosialistisk Venstreparti",1,0
"2019","ko","kommune","Sauda","Rogaland","SP","Senterpartiet",11,2
"2019","ko","kommune","Sauda","Rogaland","KRF","Kristelig Folkeparti",1,0
"2019","ko","kommune","Sauda","Rogaland","V","Venstre",0,0
"2019","ko","kommune","Sauda","Rogaland","H","Høyre",2,-1
"2019","ko","kommune","Sauda","Rogaland","FRP","Fremskrittspartiet",0,0
"2019","ko","kommune","Sauda","Rogaland","BLANKE","Blanke",0,0
"2019","ko","kommune","Sauda","Rogaland","Andre","Andre",0,0
"2019","ko","kommune","Sauda","Rogaland","Andre2","Andre2",0,0
"2019","ko","kommune","Kvitsøy","Rogaland","FRP","Fremskrittspartiet",3,1
"2019","ko","kommune","Kvitsøy","Rogaland","APSPKL","Arbeiderpartiet-Senterpartiet-Kvitsøylisten",7,7
"2019","ko","kommune","Kvitsøy","Rogaland","BLANKE","Blanke",0,0
"2019","ko","kommune","Kvitsøy","Rogaland","FLKRFFB","Felleslista Kristelig folkeparti/Frie borgerlige",5,5
"2019","ko","kommune","Kvitsøy","Rogaland","Andre","Andre",12,12
"2019","ko","kommune","Kvitsøy","Rogaland","Andre2","Andre2",0,-13
"2019","ko","kommune","Bokn","Rogaland","A","Arbeiderpartiet",5,2
"2019","ko","kommune","Bokn","Rogaland","SP","Senterpartiet",7,-1
"2019","ko","kommune","Bokn","Rogaland","KRF","Kristelig Folkeparti",1,0
"2019","ko","kommune","Bokn","Rogaland","H","Høyre",4,-1
"2019","ko","kommune","Bokn","Rogaland","BLANKE","Blanke",0,0
"2019","ko","kommune","Bokn","Rogaland","Andre","Andre",0,0
"2019","ko","kommune","Bokn","Rogaland","Andre2","Andre2",0,0
"2019","ko","kommune","Tysvær","Rogaland","A","Arbeiderpartiet",9,-1
"2019","ko","kommune","Tysvær","Rogaland","SV","SV - Sosialistisk Venstreparti",1,1
"2019","ko","kommune","Tysvær","Rogaland","SP","Senterpartiet",6,2
"2019","ko","kommune","Tysvær","Rogaland","KRF","Kristelig Folkeparti",3,-1
"2019","ko","kommune","Tysvær","Rogaland","MDG","Miljøpartiet De Grønne",0,0
"2019","ko","kommune","Tysvær","Rogaland","V","Venstre",1,0
"2019","ko","kommune","Tysvær","Rogaland","H","Høyre",6,0
"2019","ko","kommune","Tysvær","Rogaland","FRP","Fremskrittspartiet",3,-1
"2019","ko","kommune","Tysvær","Rogaland","BLANKE","Blanke",0,0
"2019","ko","kommune","Tysvær","Rogaland","Andre","Andre",0,0
"2019","ko","kommune","Tysvær","Rogaland","Andre2","Andre2",0,0
"2019","ko","kommune","Karmøy","Rogaland","A","Arbeiderpartiet",10,-5
"2019","ko","kommune","Karmøy","Rogaland","SV","SV - Sosialistisk Venstreparti",2,1
"2019","ko","kommune","Karmøy","Rogaland","RØDT","Rødt",0,0
"2019","ko","kommune","Karmøy","Rogaland","SP","Senterpartiet",4,2
"2019","ko","kommune","Karmøy","Rogaland","KRF","Kristelig Folkeparti",5,-2
"2019","ko","kommune","Karmøy","Rogaland","MDG","Miljøpartiet De Grønne",2,1
"2019","ko","kommune","Karmøy","Rogaland","V","Venstre",1,0
"2019","ko","kommune","Karmøy","Rogaland","H","Høyre",9,1
"2019","ko","kommune","Karmøy","Rogaland","FRP","Fremskrittspartiet",6,-3
"2019","ko","kommune","Karmøy","Rogaland","KRISTNE","Partiet De Kristne",0,-1
"2019","ko","kommune","Karmøy","Rogaland","LIBS","Liberalistene",0,0
"2019","ko","kommune","Karmøy","Rogaland","BLANKE","Blanke",0,0
"2019","ko","kommune","Karmøy","Rogaland","KARLI","Karmøylista",6,6
"2019","ko","kommune","Karmøy","Rogaland","Andre","Andre",6,5
"2019","ko","kommune","Karmøy","Rogaland","Andre2","Andre2",0,0
"2019","ko","kommune","Utsira","Rogaland","BLANKE","Blanke",0,0
"2019","ko","kommune","Utsira","Rogaland","BLUT","Utsira Bygdeliste",3,-2
"2019","ko","kommune","Utsira","Rogaland","FLUT","Utsira Fellesliste",8,2
"2019","ko","kommune","Utsira","Rogaland","Andre","Andre",11,0
"2019","ko","kommune","Utsira","Rogaland","Andre2","Andre2",0,0
"2019","ko","kommune","Vindafjord","Rogaland","A","Arbeiderpartiet",3,0
"2019","ko","kommune","Vindafjord","Rogaland","SV","SV - Sosialistisk Venstreparti",1,0
"2019","ko","kommune","Vindafjord","Rogaland","SP","Senterpartiet",9,-1
"2019","ko","kommune","Vindafjord","Rogaland","KRF","Kristelig Folkeparti",3,0
"2019","ko","kommune","Vindafjord","Rogaland","MDG","Miljøpartiet De Grønne",1,1
"2019","ko","kommune","Vindafjord","Rogaland","H","Høyre",5,2
"2019","ko","kommune","Vindafjord","Rogaland","FRP","Fremskrittspartiet",2,0
"2019","ko","kommune","Vindafjord","Rogaland","KRISTNE","Partiet De Kristne",0,0
"2019","ko","kommune","Vindafjord","Rogaland","BLANKE","Blanke",0,0
"2019","ko","kommune","Vindafjord","Rogaland","KRLB","Bjoa Bygdeliste",1,0
"2019","ko","kommune","Vindafjord","Rogaland","Andre","Andre",1,0
"2019","ko","kommune","Vindafjord","Rogaland","Andre2","Andre2",0,-2
"2019","ko","kommune","Kristiansund","Møre og Romsdal","A","Arbeiderpartiet",16,0
"2019","ko","kommune","Kristiansund","Møre og Romsdal","SV","SV - Sosialistisk Venstreparti",1,0
"2019","ko","kommune","Kristiansund","Møre og Romsdal","RØDT","Rødt",4,2
"2019","ko","kommune","Kristiansund","Møre og Romsdal","SP","Senterpartiet",8,-3
"2019","ko","kommune","Kristiansund","Møre og Romsdal","KRF","Kristelig Folkeparti",0,-1
"2019","ko","kommune","Kristiansund","Møre og Romsdal","MDG","Miljøpartiet De Grønne",2,0
"2019","ko","kommune","Kristiansund","Møre og Romsdal","V","Venstre",2,0
"2019","ko","kommune","Kristiansund","Møre og Romsdal","H","Høyre",2,-1
"2019","ko","kommune","Kristiansund","Møre og Romsdal","FRP","Fremskrittspartiet",2,-5
"2019","ko","kommune","Kristiansund","Møre og Romsdal","KRISTNE","Partiet De Kristne",0,0
"2019","ko","kommune","Kristiansund","Møre og Romsdal","BLANKE","Blanke",0,0
"2019","ko","kommune","Kristiansund","Møre og Romsdal","NORM","Nordmørslista",8,8
"2019","ko","kommune","Kristiansund","Møre og Romsdal","Andre","Andre",8,8
"2019","ko","kommune","Kristiansund","Møre og Romsdal","Andre2","Andre2",0,0
"2019","ko","kommune","Molde","Møre og Romsdal","A","Arbeiderpartiet",8,8
"2019","ko","kommune","Molde","Møre og Romsdal","SV","SV - Sosialistisk Venstreparti",8,8
"2019","ko","kommune","Molde","Møre og Romsdal","RØDT","Rødt",1,1
"2019","ko","kommune","Molde","Møre og Romsdal","SP","Senterpartiet",10,10
"2019","ko","kommune","Molde","Møre og Romsdal","KRF","Kristelig Folkeparti",3,3
"2019","ko","kommune","Molde","Møre og Romsdal","MDG","Miljøpartiet De Grønne",5,5
"2019","ko","kommune","Molde","Møre og Romsdal","V","Venstre",2,2
"2019","ko","kommune","Molde","Møre og Romsdal","H","Høyre",15,15
"2019","ko","kommune","Molde","Møre og Romsdal","FRP","Fremskrittspartiet",7,7
"2019","ko","kommune","Molde","Møre og Romsdal","KRISTNE","Partiet De Kristne",0,0
"2019","ko","kommune","Molde","Møre og Romsdal","LIBS","Liberalistene",0,0
"2019","ko","kommune","Molde","Møre og Romsdal","BLANKE","Blanke",0,0
"2019","ko","kommune","Molde","Møre og Romsdal","Andre","Andre",0,0
"2019","ko","kommune","Molde","Møre og Romsdal","Andre2","Andre2",0,0
"2019","ko","kommune","Ålesund","Møre og Romsdal","A","Arbeiderpartiet",16,16
"2019","ko","kommune","Ålesund","Møre og Romsdal","SV","SV - Sosialistisk Venstreparti",2,2
"2019","ko","kommune","Ålesund","Møre og Romsdal","RØDT","Rødt",1,1
"2019","ko","kommune","Ålesund","Møre og Romsdal","SP","Senterpartiet",10,10
"2019","ko","kommune","Ålesund","Møre og Romsdal","KRF","Kristelig Folkeparti",5,5
"2019","ko","kommune","Ålesund","Møre og Romsdal","MDG","Miljøpartiet De Grønne",4,4
"2019","ko","kommune","Ålesund","Møre og Romsdal","V","Venstre",2,2
"2019","ko","kommune","Ålesund","Møre og Romsdal","H","Høyre",15,15
"2019","ko","kommune","Ålesund","Møre og Romsdal","FRP","Fremskrittspartiet",13,13
"2019","ko","kommune","Ålesund","Møre og Romsdal","KRISTNE","Partiet De Kristne",1,1
"2019","ko","kommune","Ålesund","Møre og Romsdal","LIBS","Liberalistene",0,0
"2019","ko","kommune","Ålesund","Møre og Romsdal","PP","Pensjonistpartiet",2,2
"2019","ko","kommune","Ålesund","Møre og Romsdal","BLANKE","Blanke",0,0
"2019","ko","kommune","Ålesund","Møre og Romsdal","ÅTLÅ","Ålesundlista Tverrpolitisk liste for Ålesund",6,6
"2019","ko","kommune","Ålesund","Møre og Romsdal","Andre","Andre",9,9
"2019","ko","kommune","Ålesund","Møre og Romsdal","Andre2","Andre2",0,0
"2019","ko","kommune","Vanylven","Møre og Romsdal","A","Arbeiderpartiet",3,-2
"2019","ko","kommune","Vanylven","Møre og Romsdal","SP","Senterpartiet",4,1
"2019","ko","kommune","Vanylven","Møre og Romsdal","KRF","Kristelig Folkeparti",2,-1
"2019","ko","kommune","Vanylven","Møre og Romsdal","V","Venstre",4,0
"2019","ko","kommune","Vanylven","Møre og Romsdal","H","Høyre",3,0
"2019","ko","kommune","Vanylven","Møre og Romsdal","FRP","Fremskrittspartiet",3,0
"2019","ko","kommune","Vanylven","Møre og Romsdal","HELSE","Helsepartiet",2,2
"2019","ko","kommune","Vanylven","Møre og Romsdal","BLANKE","Blanke",0,0
"2019","ko","kommune","Vanylven","Møre og Romsdal","Andre","Andre",2,2
"2019","ko","kommune","Vanylven","Møre og Romsdal","Andre2","Andre2",0,0
"2019","ko","kommune","Sande","Møre og Romsdal","A","Arbeiderpartiet",4,-1
"2019","ko","kommune","Sande","Møre og Romsdal","SP","Senterpartiet",4,2
"2019","ko","kommune","Sande","Møre og Romsdal","H","Høyre",8,1
"2019","ko","kommune","Sande","Møre og Romsdal","FRP","Fremskrittspartiet",3,1
"2019","ko","kommune","Sande","Møre og Romsdal","BLANKE","Blanke",0,0
"2019","ko","kommune","Sande","Møre og Romsdal","TVLKSV","TVERRPOLITISK KVAMSØY SANDSØY VOKSA",2,2
"2019","ko","kommune","Sande","Møre og Romsdal","Andre","Andre",2,2
"2019","ko","kommune","Sande","Møre og Romsdal","Andre2","Andre2",0,-5
"2019","ko","kommune","Herøy","Møre og Romsdal","A","Arbeiderpartiet",7,-3
"2019","ko","kommune","Herøy","Møre og Romsdal","SP","Senterpartiet",3,3
"2019","ko","kommune","Herøy","Møre og Romsdal","KRF","Kristelig Folkeparti",6,2
"2019","ko","kommune","Herøy","Møre og Romsdal","H","Høyre",10,-1
"2019","ko","kommune","Herøy","Møre og Romsdal","FRP","Fremskrittspartiet",3,0
"2019","ko","kommune","Herøy","Møre og Romsdal","KRISTNE","Partiet De Kristne",0,0
"2019","ko","kommune","Herøy","Møre og Romsdal","BLANKE","Blanke",0,0
"2019","ko","kommune","Herøy","Møre og Romsdal","FOLKEL","FOLKELISTA",4,4
"2019","ko","kommune","Herøy","Møre og Romsdal","Andre","Andre",4,4
"2019","ko","kommune","Herøy","Møre og Romsdal","Andre2","Andre2",0,-5
"2019","ko","kommune","Ulstein","Møre og Romsdal","A","Arbeiderpartiet",5,0
"2019","ko","kommune","Ulstein","Møre og Romsdal","SV","SV - Sosialistisk Venstreparti",1,0
"2019","ko","kommune","Ulstein","Møre og Romsdal","SP","Senterpartiet",3,1
"2019","ko","kommune","Ulstein","Møre og Romsdal","KRF","Kristelig Folkeparti",3,0
"2019","ko","kommune","Ulstein","Møre og Romsdal","V","Venstre",2,-1
"2019","ko","kommune","Ulstein","Møre og Romsdal","H","Høyre",5,0
"2019","ko","kommune","Ulstein","Møre og Romsdal","FRP","Fremskrittspartiet",6,0
"2019","ko","kommune","Ulstein","Møre og Romsdal","KRISTNE","Partiet De Kristne",0,0
"2019","ko","kommune","Ulstein","Møre og Romsdal","BLANKE","Blanke",0,0
"2019","ko","kommune","Ulstein","Møre og Romsdal","Andre","Andre",0,0
"2019","ko","kommune","Ulstein","Møre og Romsdal","Andre2","Andre2",0,0
"2019","ko","kommune","Hareid","Møre og Romsdal","A","Arbeiderpartiet",3,0
"2019","ko","kommune","Hareid","Møre og Romsdal","KRF","Kristelig Folkeparti",1,-1
"2019","ko","kommune","Hareid","Møre og Romsdal","V","Venstre",3,1
"2019","ko","kommune","Hareid","Møre og Romsdal","H","Høyre",2,-3
"2019","ko","kommune","Hareid","Møre og Romsdal","FRP","Fremskrittspartiet",7,3
"2019","ko","kommune","Hareid","Møre og Romsdal","BLANKE","Blanke",0,0
"2019","ko","kommune","Hareid","Møre og Romsdal","FOHAR","Folkelista for Hareid kommune",5,0
"2019","ko","kommune","Hareid","Møre og Romsdal","Andre","Andre",5,0
"2019","ko","kommune","Hareid","Møre og Romsdal","Andre2","Andre2",0,0
"2019","ko","kommune","Ørsta","Møre og Romsdal","A","Arbeiderpartiet",4,-1
"2019","ko","kommune","Ørsta","Møre og Romsdal","SV","SV - Sosialistisk Venstreparti",2,1
"2019","ko","kommune","Ørsta","Møre og Romsdal","SP","Senterpartiet",16,8
"2019","ko","kommune","Ørsta","Møre og Romsdal","KRF","Kristelig Folkeparti",1,-3
"2019","ko","kommune","Ørsta","Møre og Romsdal","MDG","Miljøpartiet De Grønne",1,0
"2019","ko","kommune","Ørsta","Møre og Romsdal","V","Venstre",1,-1
"2019","ko","kommune","Ørsta","Møre og Romsdal","H","Høyre",3,-4
"2019","ko","kommune","Ørsta","Møre og Romsdal","FRP","Fremskrittspartiet",5,0
"2019","ko","kommune","Ørsta","Møre og Romsdal","BLANKE","Blanke",0,0
"2019","ko","kommune","Ørsta","Møre og Romsdal","Andre","Andre",0,0
"2019","ko","kommune","Ørsta","Møre og Romsdal","Andre2","Andre2",0,0
"2019","ko","kommune","Stranda","Møre og Romsdal","A","Arbeiderpartiet",3,0
"2019","ko","kommune","Stranda","Møre og Romsdal","SP","Senterpartiet",12,1
"2019","ko","kommune","Stranda","Møre og Romsdal","KRF","Kristelig Folkeparti",1,-1
"2019","ko","kommune","Stranda","Møre og Romsdal","MDG","Miljøpartiet De Grønne",1,1
"2019","ko","kommune","Stranda","Møre og Romsdal","H","Høyre",3,0
"2019","ko","kommune","Stranda","Møre og Romsdal","FRP","Fremskrittspartiet",5,0
"2019","ko","kommune","Stranda","Møre og Romsdal","BLANKE","Blanke",0,0
"2019","ko","kommune","Stranda","Møre og Romsdal","Andre","Andre",0,0
"2019","ko","kommune","Stranda","Møre og Romsdal","Andre2","Andre2",0,-1
"2019","ko","kommune","Sykkylven","Møre og Romsdal","A","Arbeiderpartiet",5,-1
"2019","ko","kommune","Sykkylven","Møre og Romsdal","SV","SV - Sosialistisk Venstreparti",1,0
"2019","ko","kommune","Sykkylven","Møre og Romsdal","SP","Senterpartiet",8,4
"2019","ko","kommune","Sykkylven","Møre og Romsdal","KRF","Kristelig Folkeparti",2,0
"2019","ko","kommune","Sykkylven","Møre og Romsdal","V","Venstre",2,0
"2019","ko","kommune","Sykkylven","Møre og Romsdal","H","Høyre",5,-3
"2019","ko","kommune","Sykkylven","Møre og Romsdal","FRP","Fremskrittspartiet",6,0
"2019","ko","kommune","Sykkylven","Møre og Romsdal","KRISTNE","Partiet De Kristne",0,0
"2019","ko","kommune","Sykkylven","Møre og Romsdal","BLANKE","Blanke",0,0
"2019","ko","kommune","Sykkylven","Møre og Romsdal","Andre","Andre",0,0
"2019","ko","kommune","Sykkylven","Møre og Romsdal","Andre2","Andre2",0,0
"2019","ko","kommune","Sula","Møre og Romsdal","A","Arbeiderpartiet",6,0
"2019","ko","kommune","Sula","Møre og Romsdal","SV","SV - Sosialistisk Venstreparti",2,2
"2019","ko","kommune","Sula","Møre og Romsdal","KRF","Kristelig Folkeparti",3,-1
"2019","ko","kommune","Sula","Møre og Romsdal","H","Høyre",4,-1
"2019","ko","kommune","Sula","Møre og Romsdal","FRP","Fremskrittspartiet",9,1
"2019","ko","kommune","Sula","Møre og Romsdal","BLANKE","Blanke",0,0
"2019","ko","kommune","Sula","Møre og Romsdal","UAVH","Sulalista",4,0
"2019","ko","kommune","Sula","Møre og Romsdal","V_MDG","Venstre/ Miljøpartiet De Grønne",1,1
"2019","ko","kommune","Sula","Møre og Romsdal","Andre","Andre",5,1
"2019","ko","kommune","Sula","Møre og Romsdal","Andre2","Andre2",0,-2
"2019","ko","kommune","Giske","Møre og Romsdal","A","Arbeiderpartiet",3,-1
"2019","ko","kommune","Giske","Møre og Romsdal","SP","Senterpartiet",3,2
"2019","ko","kommune","Giske","Møre og Romsdal","KRF","Kristelig Folkeparti",6,0
"2019","ko","kommune","Giske","Møre og Romsdal","V","Venstre",2,-2
"2019","ko","kommune","Giske","Møre og Romsdal","H","Høyre",4,1
"2019","ko","kommune","Giske","Møre og Romsdal","FRP","Fremskrittspartiet",2,0
"2019","ko","kommune","Giske","Møre og Romsdal","BLANKE","Blanke",0,0
"2019","ko","kommune","Giske","Møre og Romsdal","TPG","Tverrpolitisk liste for Giske",3,0
"2019","ko","kommune","Giske","Møre og Romsdal","Andre","Andre",3,0
"2019","ko","kommune","Giske","Møre og Romsdal","Andre2","Andre2",0,0
"2019","ko","kommune","Vestnes","Møre og Romsdal","A","Arbeiderpartiet",3,0
"2019","ko","kommune","Vestnes","Møre og Romsdal","SV","SV - Sosialistisk Venstreparti",2,1
"2019","ko","kommune","Vestnes","Møre og Romsdal","SP","Senterpartiet",7,-3
"2019","ko","kommune","Vestnes","Møre og Romsdal","KRF","Kristelig Folkeparti",1,0
"2019","ko","kommune","Vestnes","Møre og Romsdal","V","Venstre",1,-1
"2019","ko","kommune","Vestnes","Møre og Romsdal","H","Høyre",3,0
"2019","ko","kommune","Vestnes","Møre og Romsdal","FRP","Fremskrittspartiet",4,2
"2019","ko","kommune","Vestnes","Møre og Romsdal","PP","Pensjonistpartiet",2,1
"2019","ko","kommune","Vestnes","Møre og Romsdal","BLANKE","Blanke",0,0
"2019","ko","kommune","Vestnes","Møre og Romsdal","Andre","Andre",2,1
"2019","ko","kommune","Vestnes","Møre og Romsdal","Andre2","Andre2",0,0
"2019","ko","kommune","Rauma","Møre og Romsdal","A","Arbeiderpartiet",5,0
"2019","ko","kommune","Rauma","Møre og Romsdal","SV","SV - Sosialistisk Venstreparti",7,5
"2019","ko","kommune","Rauma","Møre og Romsdal","SP","Senterpartiet",5,-2
"2019","ko","kommune","Rauma","Møre og Romsdal","KRF","Kristelig Folkeparti",1,-1
"2019","ko","kommune","Rauma","Møre og Romsdal","MDG","Miljøpartiet De Grønne",1,1
"2019","ko","kommune","Rauma","Møre og Romsdal","V","Venstre",0,-1
"2019","ko","kommune","Rauma","Møre og Romsdal","H","Høyre",6,-2
"2019","ko","kommune","Rauma","Møre og Romsdal","FRP","Fremskrittspartiet",1,-1
"2019","ko","kommune","Rauma","Møre og Romsdal","PP","Pensjonistpartiet",1,1
"2019","ko","kommune","Rauma","Møre og Romsdal","BLANKE","Blanke",0,0
"2019","ko","kommune","Rauma","Møre og Romsdal","Andre","Andre",1,1
"2019","ko","kommune","Rauma","Møre og Romsdal","Andre2","Andre2",0,0
"2019","ko","kommune","Aukra","Møre og Romsdal","A","Arbeiderpartiet",5,-2
"2019","ko","kommune","Aukra","Møre og Romsdal","SV","SV - Sosialistisk Venstreparti",1,1
"2019","ko","kommune","Aukra","Møre og Romsdal","SP","Senterpartiet",4,2
"2019","ko","kommune","Aukra","Møre og Romsdal","KRF","Kristelig Folkeparti",4,1
"2019","ko","kommune","Aukra","Møre og Romsdal","V","Venstre",1,-1
"2019","ko","kommune","Aukra","Møre og Romsdal","H","Høyre",5,0
"2019","ko","kommune","Aukra","Møre og Romsdal","FRP","Fremskrittspartiet",1,0
"2019","ko","kommune","Aukra","Møre og Romsdal","BLANKE","Blanke",0,0
"2019","ko","kommune","Aukra","Møre og Romsdal","Andre","Andre",0,0
"2019","ko","kommune","Aukra","Møre og Romsdal","Andre2","Andre2",0,-1
"2019","ko","kommune","Averøy","Møre og Romsdal","A","Arbeiderpartiet",12,3
"2019","ko","kommune","Averøy","Møre og Romsdal","SV","SV - Sosialistisk Venstreparti",1,0
"2019","ko","kommune","Averøy","Møre og Romsdal","SP","Senterpartiet",3,0
"2019","ko","kommune","Averøy","Møre og Romsdal","KRF","Kristelig Folkeparti",1,-1
"2019","ko","kommune","Averøy","Møre og Romsdal","V","Venstre",2,-4
"2019","ko","kommune","Averøy","Møre og Romsdal","H","Høyre",1,-1
"2019","ko","kommune","Averøy","Møre og Romsdal","FRP","Fremskrittspartiet",3,-1
"2019","ko","kommune","Averøy","Møre og Romsdal","BLANKE","Blanke",0,0
"2019","ko","kommune","Averøy","Møre og Romsdal","Andre","Andre",0,0
"2019","ko","kommune","Averøy","Møre og Romsdal","Andre2","Andre2",0,0
"2019","ko","kommune","Gjemnes","Møre og Romsdal","A","Arbeiderpartiet",3,-1
"2019","ko","kommune","Gjemnes","Møre og Romsdal","SV","SV - Sosialistisk Venstreparti",1,0
"2019","ko","kommune","Gjemnes","Møre og Romsdal","SP","Senterpartiet",9,4
"2019","ko","kommune","Gjemnes","Møre og Romsdal","KRF","Kristelig Folkeparti",1,0
"2019","ko","kommune","Gjemnes","Møre og Romsdal","V","Venstre",0,-1
"2019","ko","kommune","Gjemnes","Møre og Romsdal","H","Høyre",2,-1
"2019","ko","kommune","Gjemnes","Møre og Romsdal","FRP","Fremskrittspartiet",1,-1
"2019","ko","kommune","Gjemnes","Møre og Romsdal","BLANKE","Blanke",0,0
"2019","ko","kommune","Gjemnes","Møre og Romsdal","Andre","Andre",0,0
"2019","ko","kommune","Gjemnes","Møre og Romsdal","Andre2","Andre2",0,0
"2019","ko","kommune","Tingvoll","Møre og Romsdal","A","Arbeiderpartiet",7,0
"2019","ko","kommune","Tingvoll","Møre og Romsdal","SP","Senterpartiet",8,2
"2019","ko","kommune","Tingvoll","Møre og Romsdal","KRF","Kristelig Folkeparti",3,-2
"2019","ko","kommune","Tingvoll","Møre og Romsdal","MDG","Miljøpartiet De Grønne",2,1
"2019","ko","kommune","Tingvoll","Møre og Romsdal","V","Venstre",1,0
"2019","ko","kommune","Tingvoll","Møre og Romsdal","H","Høyre",2,0
"2019","ko","kommune","Tingvoll","Møre og Romsdal","FRP","Fremskrittspartiet",2,-1
"2019","ko","kommune","Tingvoll","Møre og Romsdal","BLANKE","Blanke",0,0
"2019","ko","kommune","Tingvoll","Møre og Romsdal","Andre","Andre",0,0
"2019","ko","kommune","Tingvoll","Møre og Romsdal","Andre2","Andre2",0,0
"2019","ko","kommune","Sunndal","Møre og Romsdal","A","Arbeiderpartiet",11,-4
"2019","ko","kommune","Sunndal","Møre og Romsdal","SV","SV - Sosialistisk Venstreparti",2,0
"2019","ko","kommune","Sunndal","Møre og Romsdal","SP","Senterpartiet",6,2
"2019","ko","kommune","Sunndal","Møre og Romsdal","KRF","Kristelig Folkeparti",1,0
"2019","ko","kommune","Sunndal","Møre og Romsdal","MDG","Miljøpartiet De Grønne",1,1
"2019","ko","kommune","Sunndal","Møre og Romsdal","V","Venstre",1,0
"2019","ko","kommune","Sunndal","Møre og Romsdal","H","Høyre",2,1
"2019","ko","kommune","Sunndal","Møre og Romsdal","FRP","Fremskrittspartiet",3,0
"2019","ko","kommune","Sunndal","Møre og Romsdal","BLANKE","Blanke",0,0
"2019","ko","kommune","Sunndal","Møre og Romsdal","Andre","Andre",0,0
"2019","ko","kommune","Sunndal","Møre og Romsdal","Andre2","Andre2",0,0
"2019","ko","kommune","Surnadal","Møre og Romsdal","A","Arbeiderpartiet",8,-4
"2019","ko","kommune","Surnadal","Møre og Romsdal","SV","SV - Sosialistisk Venstreparti",1,1
"2019","ko","kommune","Surnadal","Møre og Romsdal","SP","Senterpartiet",13,4
"2019","ko","kommune","Surnadal","Møre og Romsdal","KRF","Kristelig Folkeparti",0,-1
"2019","ko","kommune","Surnadal","Møre og Romsdal","MDG","Miljøpartiet De Grønne",1,0
"2019","ko","kommune","Surnadal","Møre og Romsdal","H","Høyre",2,-1
"2019","ko","kommune","Surnadal","Møre og Romsdal","FRP","Fremskrittspartiet",2,1
"2019","ko","kommune","Surnadal","Møre og Romsdal","BLANKE","Blanke",0,0
"2019","ko","kommune","Surnadal","Møre og Romsdal","Andre","Andre",0,0
"2019","ko","kommune","Surnadal","Møre og Romsdal","Andre2","Andre2",0,0
"2019","ko","kommune","Smøla","Møre og Romsdal","A","Arbeiderpartiet",6,-6
"2019","ko","kommune","Smøla","Møre og Romsdal","SP","Senterpartiet",7,4
"2019","ko","kommune","Smøla","Møre og Romsdal","V","Venstre",1,-1
"2019","ko","kommune","Smøla","Møre og Romsdal","H","Høyre",2,-1
"2019","ko","kommune","Smøla","Møre og Romsdal","FRP","Fremskrittspartiet",0,-1
"2019","ko","kommune","Smøla","Møre og Romsdal","BLANKE","Blanke",0,0
"2019","ko","kommune","Smøla","Møre og Romsdal","STT","Smøla til Trøndelag",1,1
"2019","ko","kommune","Smøla","Møre og Romsdal","Andre","Andre",1,1
"2019","ko","kommune","Smøla","Møre og Romsdal","Andre2","Andre2",0,0
"2019","ko","kommune","Aure","Møre og Romsdal","A","Arbeiderpartiet",6,0
"2019","ko","kommune","Aure","Møre og Romsdal","SP","Senterpartiet",6,-3
"2019","ko","kommune","Aure","Møre og Romsdal","KRF","Kristelig Folkeparti",1,0
"2019","ko","kommune","Aure","Møre og Romsdal","V","Venstre",1,-1
"2019","ko","kommune","Aure","Møre og Romsdal","H","Høyre",3,1
"2019","ko","kommune","Aure","Møre og Romsdal","FRP","Fremskrittspartiet",0,-1
"2019","ko","kommune","Aure","Møre og Romsdal","BLANKE","Blanke",0,0
"2019","ko","kommune","Aure","Møre og Romsdal","NOML","Nordmørslista",2,2
"2019","ko","kommune","Aure","Møre og Romsdal","Andre","Andre",2,2
"2019","ko","kommune","Aure","Møre og Romsdal","Andre2","Andre2",0,0
"2019","ko","kommune","Volda","Møre og Romsdal","A","Arbeiderpartiet",4,4
"2019","ko","kommune","Volda","Møre og Romsdal","SV","SV - Sosialistisk Venstreparti",3,3
"2019","ko","kommune","Volda","Møre og Romsdal","RØDT","Rødt",1,1
"2019","ko","kommune","Volda","Møre og Romsdal","SP","Senterpartiet",7,7
"2019","ko","kommune","Volda","Møre og Romsdal","KRF","Kristelig Folkeparti",3,3
"2019","ko","kommune","Volda","Møre og Romsdal","MDG","Miljøpartiet De Grønne",2,2
"2019","ko","kommune","Volda","Møre og Romsdal","V","Venstre",2,2
"2019","ko","kommune","Volda","Møre og Romsdal","H","Høyre",6,6
"2019","ko","kommune","Volda","Møre og Romsdal","FRP","Fremskrittspartiet",2,2
"2019","ko","kommune","Volda","Møre og Romsdal","KRISTNE","Partiet De Kristne",0,0
"2019","ko","kommune","Volda","Møre og Romsdal","BLANKE","Blanke",0,0
"2019","ko","kommune","Volda","Møre og Romsdal","VOLDA","Volda-lista",3,3
"2019","ko","kommune","Volda","Møre og Romsdal","Andre","Andre",3,3
"2019","ko","kommune","Volda","Møre og Romsdal","Andre2","Andre2",0,0
"2019","ko","kommune","Fjord","Møre og Romsdal","A","Arbeiderpartiet",5,5
"2019","ko","kommune","Fjord","Møre og Romsdal","SV","SV - Sosialistisk Venstreparti",2,2
"2019","ko","kommune","Fjord","Møre og Romsdal","SP","Senterpartiet",8,8
"2019","ko","kommune","Fjord","Møre og Romsdal","KRF","Kristelig Folkeparti",1,1
"2019","ko","kommune","Fjord","Møre og Romsdal","H","Høyre",6,6
"2019","ko","kommune","Fjord","Møre og Romsdal","FRP","Fremskrittspartiet",1,1
"2019","ko","kommune","Fjord","Møre og Romsdal","BLANKE","Blanke",0,0
"2019","ko","kommune","Fjord","Møre og Romsdal","Andre","Andre",0,0
"2019","ko","kommune","Fjord","Møre og Romsdal","Andre2","Andre2",0,0
"2019","ko","kommune","Hustadvika","Møre og Romsdal","A","Arbeiderpartiet",7,7
"2019","ko","kommune","Hustadvika","Møre og Romsdal","SV","SV - Sosialistisk Venstreparti",1,1
"2019","ko","kommune","Hustadvika","Møre og Romsdal","SP","Senterpartiet",16,16
"2019","ko","kommune","Hustadvika","Møre og Romsdal","KRF","Kristelig Folkeparti",2,2
"2019","ko","kommune","Hustadvika","Møre og Romsdal","MDG","Miljøpartiet De Grønne",1,1
"2019","ko","kommune","Hustadvika","Møre og Romsdal","V","Venstre",1,1
"2019","ko","kommune","Hustadvika","Møre og Romsdal","H","Høyre",5,5
"2019","ko","kommune","Hustadvika","Møre og Romsdal","FRP","Fremskrittspartiet",4,4
"2019","ko","kommune","Hustadvika","Møre og Romsdal","KRISTNE","Partiet De Kristne",0,0
"2019","ko","kommune","Hustadvika","Møre og Romsdal","BLANKE","Blanke",0,0
"2019","ko","kommune","Hustadvika","Møre og Romsdal","Andre","Andre",0,0
"2019","ko","kommune","Hustadvika","Møre og Romsdal","Andre2","Andre2",0,0
"2019","ko","kommune","Bodø","Nordland","A","Arbeiderpartiet",11,-1
"2019","ko","kommune","Bodø","Nordland","SV","SV - Sosialistisk Venstreparti",2,0
"2019","ko","kommune","Bodø","Nordland","RØDT","Rødt",3,-1
"2019","ko","kommune","Bodø","Nordland","SP","Senterpartiet",4,3
"2019","ko","kommune","Bodø","Nordland","KRF","Kristelig Folkeparti",1,0
"2019","ko","kommune","Bodø","Nordland","MDG","Miljøpartiet De Grønne",2,1
"2019","ko","kommune","Bodø","Nordland","V","Venstre",2,1
"2019","ko","kommune","Bodø","Nordland","H","Høyre",10,-3
"2019","ko","kommune","Bodø","Nordland","FRP","Fremskrittspartiet",4,0
"2019","ko","kommune","Bodø","Nordland","KRISTNE","Partiet De Kristne",0,0
"2019","ko","kommune","Bodø","Nordland","LIBS","Liberalistene",0,0
"2019","ko","kommune","Bodø","Nordland","BLANKE","Blanke",0,0
"2019","ko","kommune","Bodø","Nordland","Andre","Andre",0,0
"2019","ko","kommune","Bodø","Nordland","Andre2","Andre2",0,0
"2019","ko","kommune","Narvik","Nordland","A","Arbeiderpartiet",15,NA
"2019","ko","kommune","Narvik","Nordland","SV","SV - Sosialistisk Venstreparti",4,NA
"2019","ko","kommune","Narvik","Nordland","RØDT","Rødt",1,NA
"2019","ko","kommune","Narvik","Nordland","SP","Senterpartiet",9,NA
"2019","ko","kommune","Narvik","Nordland","KRF","Kristelig Folkeparti",1,NA
"2019","ko","kommune","Narvik","Nordland","MDG","Miljøpartiet De Grønne",2,NA
"2019","ko","kommune","Narvik","Nordland","V","Venstre",0,NA
"2019","ko","kommune","Narvik","Nordland","H","Høyre",5,NA
"2019","ko","kommune","Narvik","Nordland","FRP","Fremskrittspartiet",4,NA
"2019","ko","kommune","Narvik","Nordland","LIBS","Liberalistene",0,NA
"2019","ko","kommune","Narvik","Nordland","BLANKE","Blanke",0,NA
"2019","ko","kommune","Narvik","Nordland","Andre","Andre",0,NA
"2019","ko","kommune","Narvik","Nordland","Andre2","Andre2",0,NA
"2019","ko","kommune","Bindal","Nordland","A","Arbeiderpartiet",9,0
"2019","ko","kommune","Bindal","Nordland","SP","Senterpartiet",3,1
"2019","ko","kommune","Bindal","Nordland","BIN","Bindalslista",5,5
"2019","ko","kommune","Bindal","Nordland","BLANKE","Blanke",0,0
"2019","ko","kommune","Bindal","Nordland","Andre","Andre",5,5
"2019","ko","kommune","Bindal","Nordland","Andre2","Andre2",0,-6
"2019","ko","kommune","Sømna","Nordland","A","Arbeiderpartiet",3,-2
"2019","ko","kommune","Sømna","Nordland","RØDT","Rødt",1,1
"2019","ko","kommune","Sømna","Nordland","SP","Senterpartiet",9,2
"2019","ko","kommune","Sømna","Nordland","H","Høyre",1,1
"2019","ko","kommune","Sømna","Nordland","FRP","Fremskrittspartiet",0,-1
"2019","ko","kommune","Sømna","Nordland","BLANKE","Blanke",0,0
"2019","ko","kommune","Sømna","Nordland","TPLS","Tverrpolitisk liste Sømna",3,-1
"2019","ko","kommune","Sømna","Nordland","Andre","Andre",3,-1
"2019","ko","kommune","Sømna","Nordland","Andre2","Andre2",0,0
"2019","ko","kommune","Brønnøy","Nordland","A","Arbeiderpartiet",7,-3
"2019","ko","kommune","Brønnøy","Nordland","SV","SV - Sosialistisk Venstreparti",1,0
"2019","ko","kommune","Brønnøy","Nordland","RØDT","Rødt",2,2
"2019","ko","kommune","Brønnøy","Nordland","SP","Senterpartiet",11,5
"2019","ko","kommune","Brønnøy","Nordland","KRF","Kristelig Folkeparti",0,0
"2019","ko","kommune","Brønnøy","Nordland","V","Venstre",1,-5
"2019","ko","kommune","Brønnøy","Nordland","H","Høyre",4,0
"2019","ko","kommune","Brønnøy","Nordland","FRP","Fremskrittspartiet",1,1
"2019","ko","kommune","Brønnøy","Nordland","BLANKE","Blanke",0,0
"2019","ko","kommune","Brønnøy","Nordland","Andre","Andre",0,0
"2019","ko","kommune","Brønnøy","Nordland","Andre2","Andre2",0,0
"2019","ko","kommune","Vega","Nordland","A","Arbeiderpartiet",9,1
"2019","ko","kommune","Vega","Nordland","RØDT","Rødt",1,1
"2019","ko","kommune","Vega","Nordland","SP","Senterpartiet",5,0
"2019","ko","kommune","Vega","Nordland","BLANKE","Blanke",0,0
"2019","ko","kommune","Vega","Nordland","VEGA","Vegalista",0,0
"2019","ko","kommune","Vega","Nordland","Andre","Andre",0,0
"2019","ko","kommune","Vega","Nordland","Andre2","Andre2",0,-2
"2019","ko","kommune","Vevelstad","Nordland","BLANKE","Blanke",0,0
"2019","ko","kommune","Vevelstad","Nordland","KOM","Kommunelista",5,1
"2019","ko","kommune","Vevelstad","Nordland","SAMVE","Samarbeidslisten",8,2
"2019","ko","kommune","Vevelstad","Nordland","Andre","Andre",13,3
"2019","ko","kommune","Vevelstad","Nordland","Andre2","Andre2",0,-3
"2019","ko","kommune","Herøy","Nordland","A","Arbeiderpartiet",8,-4
"2019","ko","kommune","Herøy","Nordland","SP","Senterpartiet",4,2
"2019","ko","kommune","Herøy","Nordland","H","Høyre",3,3
"2019","ko","kommune","Herøy","Nordland","BLANKE","Blanke",0,0
"2019","ko","kommune","Herøy","Nordland","HBY","Herøy Bygdeliste",4,4
"2019","ko","kommune","Herøy","Nordland","Andre","Andre",4,4
"2019","ko","kommune","Herøy","Nordland","Andre2","Andre2",0,-5
"2019","ko","kommune","Alstahaug","Nordland","A","Arbeiderpartiet",3,-8
"2019","ko","kommune","Alstahaug","Nordland","SV","SV - Sosialistisk Venstreparti",1,0
"2019","ko","kommune","Alstahaug","Nordland","RØDT","Rødt",5,3
"2019","ko","kommune","Alstahaug","Nordland","SP","Senterpartiet",12,7
"2019","ko","kommune","Alstahaug","Nordland","V","Venstre",1,-1
"2019","ko","kommune","Alstahaug","Nordland","H","Høyre",2,-2
"2019","ko","kommune","Alstahaug","Nordland","FRP","Fremskrittspartiet",1,-1
"2019","ko","kommune","Alstahaug","Nordland","BLANKE","Blanke",0,0
"2019","ko","kommune","Alstahaug","Nordland","BYOGLAND","By og land - tverrpolitisk liste",2,2
"2019","ko","kommune","Alstahaug","Nordland","Andre","Andre",2,2
"2019","ko","kommune","Alstahaug","Nordland","Andre2","Andre2",0,0
"2019","ko","kommune","Leirfjord","Nordland","A","Arbeiderpartiet",8,-1
"2019","ko","kommune","Leirfjord","Nordland","SV","SV - Sosialistisk Venstreparti",1,-1
"2019","ko","kommune","Leirfjord","Nordland","RØDT","Rødt",1,1
"2019","ko","kommune","Leirfjord","Nordland","SP","Senterpartiet",7,2
"2019","ko","kommune","Leirfjord","Nordland","FRP","Fremskrittspartiet",2,0
"2019","ko","kommune","Leirfjord","Nordland","BLANKE","Blanke",0,0
"2019","ko","kommune","Leirfjord","Nordland","Andre","Andre",0,0
"2019","ko","kommune","Leirfjord","Nordland","Andre2","Andre2",0,-1
"2019","ko","kommune","Vefsn","Nordland","A","Arbeiderpartiet",8,-2
"2019","ko","kommune","Vefsn","Nordland","SV","SV - Sosialistisk Venstreparti",2,1
"2019","ko","kommune","Vefsn","Nordland","RØDT","Rødt",3,-1
"2019","ko","kommune","Vefsn","Nordland","SP","Senterpartiet",10,8
"2019","ko","kommune","Vefsn","Nordland","KRF","Kristelig Folkeparti",0,0
"2019","ko","kommune","Vefsn","Nordland","MDG","Miljøpartiet De Grønne",0,0
"2019","ko","kommune","Vefsn","Nordland","V","Venstre",0,-2
"2019","ko","kommune","Vefsn","Nordland","H","Høyre",3,-2
"2019","ko","kommune","Vefsn","Nordland","FRP","Fremskrittspartiet",2,0
"2019","ko","kommune","Vefsn","Nordland","BLANKE","Blanke",0,0
"2019","ko","kommune","Vefsn","Nordland","VTPPV","Vefsn tverrpolitiske parti",1,-2
"2019","ko","kommune","Vefsn","Nordland","Andre","Andre",1,-2
"2019","ko","kommune","Vefsn","Nordland","Andre2","Andre2",0,0
"2019","ko","kommune","Grane","Nordland","A","Arbeiderpartiet",7,-2
"2019","ko","kommune","Grane","Nordland","SP","Senterpartiet",10,3
"2019","ko","kommune","Grane","Nordland","FRP","Fremskrittspartiet",0,-1
"2019","ko","kommune","Grane","Nordland","BLANKE","Blanke",0,0
"2019","ko","kommune","Grane","Nordland","Andre","Andre",0,0
"2019","ko","kommune","Grane","Nordland","Andre2","Andre2",0,0
"2019","ko","kommune","Hattfjelldal","Nordland","A","Arbeiderpartiet",5,-2
"2019","ko","kommune","Hattfjelldal","Nordland","SV","SV - Sosialistisk Venstreparti",0,-1
"2019","ko","kommune","Hattfjelldal","Nordland","SP","Senterpartiet",5,-1
"2019","ko","kommune","Hattfjelldal","Nordland","V","Venstre",0,0
"2019","ko","kommune","Hattfjelldal","Nordland","BLANKE","Blanke",0,0
"2019","ko","kommune","Hattfjelldal","Nordland","HDBL","Hattfjelldal Bygdeliste",1,-2
"2019","ko","kommune","Hattfjelldal","Nordland","Andre","Andre",1,-2
"2019","ko","kommune","Hattfjelldal","Nordland","Andre2","Andre2",0,0
"2019","ko","kommune","Dønna","Nordland","A","Arbeiderpartiet",5,-1
"2019","ko","kommune","Dønna","Nordland","SV","SV - Sosialistisk Venstreparti",2,-1
"2019","ko","kommune","Dønna","Nordland","RØDT","Rødt",3,3
"2019","ko","kommune","Dønna","Nordland","SP","Senterpartiet",3,3
"2019","ko","kommune","Dønna","Nordland","H","Høyre",4,2
"2019","ko","kommune","Dønna","Nordland","BLANKE","Blanke",0,0
"2019","ko","kommune","Dønna","Nordland","Andre","Andre",0,0
"2019","ko","kommune","Dønna","Nordland","Andre2","Andre2",0,-6
"2019","ko","kommune","Nesna","Nordland","A","Arbeiderpartiet",7,0
"2019","ko","kommune","Nesna","Nordland","SV","SV - Sosialistisk Venstreparti",2,-1
"2019","ko","kommune","Nesna","Nordland","SP","Senterpartiet",4,1
"2019","ko","kommune","Nesna","Nordland","MDG","Miljøpartiet De Grønne",1,0
"2019","ko","kommune","Nesna","Nordland","BLANKE","Blanke",0,0
"2019","ko","kommune","Nesna","Nordland","BOF","Borgerlig fellesliste",3,3
"2019","ko","kommune","Nesna","Nordland","Andre","Andre",3,3
"2019","ko","kommune","Nesna","Nordland","Andre2","Andre2",0,-3
"2019","ko","kommune","Hemnes","Nordland","A","Arbeiderpartiet",6,-2
"2019","ko","kommune","Hemnes","Nordland","SV","SV - Sosialistisk Venstreparti",2,0
"2019","ko","kommune","Hemnes","Nordland","RØDT","Rødt",1,1
"2019","ko","kommune","Hemnes","Nordland","SP","Senterpartiet",6,2
"2019","ko","kommune","Hemnes","Nordland","V","Venstre",0,0
"2019","ko","kommune","Hemnes","Nordland","H","Høyre",4,-2
"2019","ko","kommune","Hemnes","Nordland","FRP","Fremskrittspartiet",1,-1
"2019","ko","kommune","Hemnes","Nordland","BLANKE","Blanke",0,0
"2019","ko","kommune","Hemnes","Nordland","HLI","Hemnes lista",0,0
"2019","ko","kommune","Hemnes","Nordland","HSF","Hemnes samfunnsdemokratiske folkeparti",0,0
"2019","ko","kommune","Hemnes","Nordland","SDH","Sosialdemokratene Hemnes",3,3
"2019","ko","kommune","Hemnes","Nordland","Andre","Andre",3,3
"2019","ko","kommune","Hemnes","Nordland","Andre2","Andre2",0,-1
"2019","ko","kommune","Rana","Nordland","A","Arbeiderpartiet",11,-6
"2019","ko","kommune","Rana","Nordland","SV","SV - Sosialistisk Venstreparti",2,-1
"2019","ko","kommune","Rana","Nordland","RØDT","Rødt",3,2
"2019","ko","kommune","Rana","Nordland","SP","Senterpartiet",11,7
"2019","ko","kommune","Rana","Nordland","KRF","Kristelig Folkeparti",0,-1
"2019","ko","kommune","Rana","Nordland","MDG","Miljøpartiet De Grønne",1,1
"2019","ko","kommune","Rana","Nordland","V","Venstre",1,0
"2019","ko","kommune","Rana","Nordland","H","Høyre",5,-2
"2019","ko","kommune","Rana","Nordland","FRP","Fremskrittspartiet",3,0
"2019","ko","kommune","Rana","Nordland","BLANKE","Blanke",0,0
"2019","ko","kommune","Rana","Nordland","Andre","Andre",0,0
"2019","ko","kommune","Rana","Nordland","Andre2","Andre2",0,0
"2019","ko","kommune","Lurøy","Nordland","A","Arbeiderpartiet",6,0
"2019","ko","kommune","Lurøy","Nordland","SP","Senterpartiet",6,0
"2019","ko","kommune","Lurøy","Nordland","KRF","Kristelig Folkeparti",0,-1
"2019","ko","kommune","Lurøy","Nordland","V","Venstre",0,0
"2019","ko","kommune","Lurøy","Nordland","H","Høyre",4,2
"2019","ko","kommune","Lurøy","Nordland","FRP","Fremskrittspartiet",2,1
"2019","ko","kommune","Lurøy","Nordland","KYST","Kystpartiet",1,-1
"2019","ko","kommune","Lurøy","Nordland","BLANKE","Blanke",0,0
"2019","ko","kommune","Lurøy","Nordland","Andre","Andre",1,-1
"2019","ko","kommune","Lurøy","Nordland","Andre2","Andre2",0,-1
"2019","ko","kommune","Træna","Nordland","A","Arbeiderpartiet",8,3
"2019","ko","kommune","Træna","Nordland","HELSE","Helsepartiet",0,0
"2019","ko","kommune","Træna","Nordland","BLANKE","Blanke",0,0
"2019","ko","kommune","Træna","Nordland","SPKRF","Fellesliste for Senterpartiet og Kristelig Folkeparti",3,-3
"2019","ko","kommune","Træna","Nordland","Andre","Andre",3,-3
"2019","ko","kommune","Træna","Nordland","Andre2","Andre2",0,0
"2019","ko","kommune","Rødøy","Nordland","SP","Senterpartiet",3,-3
"2019","ko","kommune","Rødøy","Nordland","FRP","Fremskrittspartiet",1,0
"2019","ko","kommune","Rødøy","Nordland","APKRF","Arbeiderpartiet og Kristelig Folkeparti",9,2
"2019","ko","kommune","Rødøy","Nordland","BLANKE","Blanke",0,0
"2019","ko","kommune","Rødøy","Nordland","RFL","Rødøy fellesliste",4,1
"2019","ko","kommune","Rødøy","Nordland","Andre","Andre",13,3
"2019","ko","kommune","Rødøy","Nordland","Andre2","Andre2",0,0
"2019","ko","kommune","Meløy","Nordland","A","Arbeiderpartiet",8,1
"2019","ko","kommune","Meløy","Nordland","SV","SV - Sosialistisk Venstreparti",1,0
"2019","ko","kommune","Meløy","Nordland","SP","Senterpartiet",6,2
"2019","ko","kommune","Meløy","Nordland","KRF","Kristelig Folkeparti",1,-1
"2019","ko","kommune","Meløy","Nordland","MDG","Miljøpartiet De Grønne",0,0
"2019","ko","kommune","Meløy","Nordland","V","Venstre",2,1
"2019","ko","kommune","Meløy","Nordland","H","Høyre",3,-2
"2019","ko","kommune","Meløy","Nordland","FRP","Fremskrittspartiet",2,-1
"2019","ko","kommune","Meløy","Nordland","BLANKE","Blanke",0,0
"2019","ko","kommune","Meløy","Nordland","Andre","Andre",0,0
"2019","ko","kommune","Meløy","Nordland","Andre2","Andre2",0,0
"2019","ko","kommune","Gildeskål","Nordland","A","Arbeiderpartiet",4,-3
"2019","ko","kommune","Gildeskål","Nordland","SV","SV - Sosialistisk Venstreparti",1,0
"2019","ko","kommune","Gildeskål","Nordland","SP","Senterpartiet",3,0
"2019","ko","kommune","Gildeskål","Nordland","H","Høyre",3,0
"2019","ko","kommune","Gildeskål","Nordland","FRP","Fremskrittspartiet",2,0
"2019","ko","kommune","Gildeskål","Nordland","BLANKE","Blanke",0,0
"2019","ko","kommune","Gildeskål","Nordland","GL","Gildeskållista",4,4
"2019","ko","kommune","Gildeskål","Nordland","Andre","Andre",4,4
"2019","ko","kommune","Gildeskål","Nordland","Andre2","Andre2",0,-1
"2019","ko","kommune","Beiarn","Nordland","A","Arbeiderpartiet",3,-3
"2019","ko","kommune","Beiarn","Nordland","SP","Senterpartiet",9,4
"2019","ko","kommune","Beiarn","Nordland","BEBL","Beiarn Bygdeliste",3,-1
"2019","ko","kommune","Beiarn","Nordland","BLANKE","Blanke",0,0
"2019","ko","kommune","Beiarn","Nordland","Andre","Andre",3,-1
"2019","ko","kommune","Beiarn","Nordland","Andre2","Andre2",0,0
"2019","ko","kommune","Saltdal","Nordland","A","Arbeiderpartiet",4,-1
"2019","ko","kommune","Saltdal","Nordland","RØDT","Rødt",2,2
"2019","ko","kommune","Saltdal","Nordland","SP","Senterpartiet",7,4
"2019","ko","kommune","Saltdal","Nordland","KRF","Kristelig Folkeparti",0,-1
"2019","ko","kommune","Saltdal","Nordland","H","Høyre",2,-2
"2019","ko","kommune","Saltdal","Nordland","FRP","Fremskrittspartiet",4,0
"2019","ko","kommune","Saltdal","Nordland","BLANKE","Blanke",0,0
"2019","ko","kommune","Saltdal","Nordland","SALT","Saltdalslista",2,-2
"2019","ko","kommune","Saltdal","Nordland","Andre","Andre",2,-2
"2019","ko","kommune","Saltdal","Nordland","Andre2","Andre2",0,0
"2019","ko","kommune","Fauske","Nordland","A","Arbeiderpartiet",5,0
"2019","ko","kommune","Fauske","Nordland","SV","SV - Sosialistisk Venstreparti",2,1
"2019","ko","kommune","Fauske","Nordland","RØDT","Rødt",2,0
"2019","ko","kommune","Fauske","Nordland","SP","Senterpartiet",5,5
"2019","ko","kommune","Fauske","Nordland","KRF","Kristelig Folkeparti",1,0
"2019","ko","kommune","Fauske","Nordland","MDG","Miljøpartiet De Grønne",0,0
"2019","ko","kommune","Fauske","Nordland","V","Venstre",0,-1
"2019","ko","kommune","Fauske","Nordland","H","Høyre",5,2
"2019","ko","kommune","Fauske","Nordland","FRP","Fremskrittspartiet",3,0
"2019","ko","kommune","Fauske","Nordland","BLANKE","Blanke",0,0
"2019","ko","kommune","Fauske","Nordland","FLFA","Felleslista",4,-7
"2019","ko","kommune","Fauske","Nordland","Andre","Andre",4,-7
"2019","ko","kommune","Fauske","Nordland","Andre2","Andre2",0,0
"2019","ko","kommune","Sørfold","Nordland","A","Arbeiderpartiet",6,-4
"2019","ko","kommune","Sørfold","Nordland","SV","SV - Sosialistisk Venstreparti",1,-1
"2019","ko","kommune","Sørfold","Nordland","RØDT","Rødt",1,1
"2019","ko","kommune","Sørfold","Nordland","SP","Senterpartiet",7,1
"2019","ko","kommune","Sørfold","Nordland","H","Høyre",2,-1
"2019","ko","kommune","Sørfold","Nordland","BLANKE","Blanke",0,0
"2019","ko","kommune","Sørfold","Nordland","Andre","Andre",0,0
"2019","ko","kommune","Sørfold","Nordland","Andre2","Andre2",0,0
"2019","ko","kommune","Steigen","Nordland","A","Arbeiderpartiet",3,-1
"2019","ko","kommune","Steigen","Nordland","SV","SV - Sosialistisk Venstreparti",3,2
"2019","ko","kommune","Steigen","Nordland","RØDT","Rødt",1,-1
"2019","ko","kommune","Steigen","Nordland","SP","Senterpartiet",7,2
"2019","ko","kommune","Steigen","Nordland","V","Venstre",1,0
"2019","ko","kommune","Steigen","Nordland","H","Høyre",1,-1
"2019","ko","kommune","Steigen","Nordland","FRP","Fremskrittspartiet",1,0
"2019","ko","kommune","Steigen","Nordland","BLANKE","Blanke",0,0
"2019","ko","kommune","Steigen","Nordland","Andre","Andre",0,0
"2019","ko","kommune","Steigen","Nordland","Andre2","Andre2",0,-1
"2019","ko","kommune","Lødingen","Nordland","A","Arbeiderpartiet",5,-3
"2019","ko","kommune","Lødingen","Nordland","SV","SV - Sosialistisk Venstreparti",2,0
"2019","ko","kommune","Lødingen","Nordland","SP","Senterpartiet",3,3
"2019","ko","kommune","Lødingen","Nordland","V","Venstre",1,-1
"2019","ko","kommune","Lødingen","Nordland","H","Høyre",3,0
"2019","ko","kommune","Lødingen","Nordland","FRP","Fremskrittspartiet",3,1
"2019","ko","kommune","Lødingen","Nordland","BLANKE","Blanke",0,0
"2019","ko","kommune","Lødingen","Nordland","Andre","Andre",0,0
"2019","ko","kommune","Lødingen","Nordland","Andre2","Andre2",0,0
"2019","ko","kommune","Evenes","Nordland","A","Arbeiderpartiet",5,1
"2019","ko","kommune","Evenes","Nordland","SV","SV - Sosialistisk Venstreparti",0,-1
"2019","ko","kommune","Evenes","Nordland","SP","Senterpartiet",3,0
"2019","ko","kommune","Evenes","Nordland","H","Høyre",4,-3
"2019","ko","kommune","Evenes","Nordland","FRP","Fremskrittspartiet",0,-1
"2019","ko","kommune","Evenes","Nordland","BLANKE","Blanke",0,0
"2019","ko","kommune","Evenes","Nordland","ETL","Evenes Tverrpolitiske Liste",5,5
"2019","ko","kommune","Evenes","Nordland","Andre","Andre",5,5
"2019","ko","kommune","Evenes","Nordland","Andre2","Andre2",0,-1
"2019","ko","kommune","Røst","Nordland","BLANKE","Blanke",0,0
"2019","ko","kommune","Røst","Nordland","RS","Røst Samarbeidsliste",6,6
"2019","ko","kommune","Røst","Nordland","SELI","Sentrumslista",4,4
"2019","ko","kommune","Røst","Nordland","SRSF","Liste for Rødt, Senterpartiet og partiuavhengige fiskere",1,1
"2019","ko","kommune","Røst","Nordland","Andre","Andre",11,11
"2019","ko","kommune","Røst","Nordland","Andre2","Andre2",0,-11
"2019","ko","kommune","Værøy","Nordland","A","Arbeiderpartiet",3,1
"2019","ko","kommune","Værøy","Nordland","SP","Senterpartiet",1,1
"2019","ko","kommune","Værøy","Nordland","KRF","Kristelig Folkeparti",3,0
"2019","ko","kommune","Værøy","Nordland","BLANKE","Blanke",0,0
"2019","ko","kommune","Værøy","Nordland","FV","Felleslista for Værøy",2,-3
"2019","ko","kommune","Værøy","Nordland","VRL","Værøylista",4,1
"2019","ko","kommune","Værøy","Nordland","Andre","Andre",6,-2
"2019","ko","kommune","Værøy","Nordland","Andre2","Andre2",0,0
"2019","ko","kommune","Flakstad","Nordland","A","Arbeiderpartiet",3,1
"2019","ko","kommune","Flakstad","Nordland","SV","SV - Sosialistisk Venstreparti",1,1
"2019","ko","kommune","Flakstad","Nordland","SP","Senterpartiet",5,0
"2019","ko","kommune","Flakstad","Nordland","BLANKE","Blanke",0,0
"2019","ko","kommune","Flakstad","Nordland","FDL","Flakstad distriktsliste",1,-2
"2019","ko","kommune","Flakstad","Nordland","LL","Lofotlista (ja til kommunesammenslåing)",1,1
"2019","ko","kommune","Flakstad","Nordland","Andre","Andre",2,-1
"2019","ko","kommune","Flakstad","Nordland","Andre2","Andre2",0,-1
"2019","ko","kommune","Vestvågøy","Nordland","A","Arbeiderpartiet",8,-3
"2019","ko","kommune","Vestvågøy","Nordland","SV","SV - Sosialistisk Venstreparti",2,0
"2019","ko","kommune","Vestvågøy","Nordland","RØDT","Rødt",1,1
"2019","ko","kommune","Vestvågøy","Nordland","SP","Senterpartiet",10,5
"2019","ko","kommune","Vestvågøy","Nordland","KRF","Kristelig Folkeparti",2,0
"2019","ko","kommune","Vestvågøy","Nordland","MDG","Miljøpartiet De Grønne",1,0
"2019","ko","kommune","Vestvågøy","Nordland","V","Venstre",0,-1
"2019","ko","kommune","Vestvågøy","Nordland","H","Høyre",4,-4
"2019","ko","kommune","Vestvågøy","Nordland","FRP","Fremskrittspartiet",5,2
"2019","ko","kommune","Vestvågøy","Nordland","KRISTNE","Partiet De Kristne",0,0
"2019","ko","kommune","Vestvågøy","Nordland","BLANKE","Blanke",0,0
"2019","ko","kommune","Vestvågøy","Nordland","Andre","Andre",0,0
"2019","ko","kommune","Vestvågøy","Nordland","Andre2","Andre2",0,0
"2019","ko","kommune","Vågan","Nordland","A","Arbeiderpartiet",7,-1
"2019","ko","kommune","Vågan","Nordland","SV","SV - Sosialistisk Venstreparti",3,2
"2019","ko","kommune","Vågan","Nordland","RØDT","Rødt",2,-1
"2019","ko","kommune","Vågan","Nordland","SP","Senterpartiet",4,1
"2019","ko","kommune","Vågan","Nordland","MDG","Miljøpartiet De Grønne",1,1
"2019","ko","kommune","Vågan","Nordland","V","Venstre",2,-1
"2019","ko","kommune","Vågan","Nordland","H","Høyre",9,0
"2019","ko","kommune","Vågan","Nordland","FRP","Fremskrittspartiet",1,-1
"2019","ko","kommune","Vågan","Nordland","BLANKE","Blanke",0,0
"2019","ko","kommune","Vågan","Nordland","Andre","Andre",0,0
"2019","ko","kommune","Vågan","Nordland","Andre2","Andre2",0,0
"2019","ko","kommune","Hadsel","Nordland","A","Arbeiderpartiet",4,-7
"2019","ko","kommune","Hadsel","Nordland","SV","SV - Sosialistisk Venstreparti",1,0
"2019","ko","kommune","Hadsel","Nordland","RØDT","Rødt",2,1
"2019","ko","kommune","Hadsel","Nordland","SP","Senterpartiet",6,3
"2019","ko","kommune","Hadsel","Nordland","MDG","Miljøpartiet De Grønne",1,1
"2019","ko","kommune","Hadsel","Nordland","V","Venstre",3,2
"2019","ko","kommune","Hadsel","Nordland","H","Høyre",3,1
"2019","ko","kommune","Hadsel","Nordland","FRP","Fremskrittspartiet",1,-4
"2019","ko","kommune","Hadsel","Nordland","BLANKE","Blanke",0,0
"2019","ko","kommune","Hadsel","Nordland","MOS","Melbu og omegn samarbeidsliste",4,3
"2019","ko","kommune","Hadsel","Nordland","Andre","Andre",4,3
"2019","ko","kommune","Hadsel","Nordland","Andre2","Andre2",0,0
"2019","ko","kommune","Bø","Nordland","A","Arbeiderpartiet",2,2
"2019","ko","kommune","Bø","Nordland","SV","SV - Sosialistisk Venstreparti",1,0
"2019","ko","kommune","Bø","Nordland","SP","Senterpartiet",4,2
"2019","ko","kommune","Bø","Nordland","V","Venstre",0,-3
"2019","ko","kommune","Bø","Nordland","H","Høyre",11,11
"2019","ko","kommune","Bø","Nordland","FRP","Fremskrittspartiet",1,0
"2019","ko","kommune","Bø","Nordland","BLANKE","Blanke",0,0
"2019","ko","kommune","Bø","Nordland","Andre","Andre",0,0
"2019","ko","kommune","Bø","Nordland","Andre2","Andre2",0,-12
"2019","ko","kommune","Øksnes","Nordland","A","Arbeiderpartiet",5,-1
"2019","ko","kommune","Øksnes","Nordland","SV","SV - Sosialistisk Venstreparti",2,0
"2019","ko","kommune","Øksnes","Nordland","RØDT","Rødt",0,0
"2019","ko","kommune","Øksnes","Nordland","SP","Senterpartiet",8,4
"2019","ko","kommune","Øksnes","Nordland","KRF","Kristelig Folkeparti",0,-1
"2019","ko","kommune","Øksnes","Nordland","V","Venstre",2,2
"2019","ko","kommune","Øksnes","Nordland","H","Høyre",2,0
"2019","ko","kommune","Øksnes","Nordland","FRP","Fremskrittspartiet",2,0
"2019","ko","kommune","Øksnes","Nordland","BLANKE","Blanke",0,0
"2019","ko","kommune","Øksnes","Nordland","Andre","Andre",0,0
"2019","ko","kommune","Øksnes","Nordland","Andre2","Andre2",0,-4
"2019","ko","kommune","Sortland","Nordland","A","Arbeiderpartiet",5,-3
"2019","ko","kommune","Sortland","Nordland","SV","SV - Sosialistisk Venstreparti",2,1
"2019","ko","kommune","Sortland","Nordland","RØDT","Rødt",3,0
"2019","ko","kommune","Sortland","Nordland","SP","Senterpartiet",7,5
"2019","ko","kommune","Sortland","Nordland","KRF","Kristelig Folkeparti",0,0
"2019","ko","kommune","Sortland","Nordland","MDG","Miljøpartiet De Grønne",1,1
"2019","ko","kommune","Sortland","Nordland","V","Venstre",0,0
"2019","ko","kommune","Sortland","Nordland","H","Høyre",7,-4
"2019","ko","kommune","Sortland","Nordland","FRP","Fremskrittspartiet",2,0
"2019","ko","kommune","Sortland","Nordland","PP","Pensjonistpartiet",0,0
"2019","ko","kommune","Sortland","Nordland","BLANKE","Blanke",0,0
"2019","ko","kommune","Sortland","Nordland","Andre","Andre",0,0
"2019","ko","kommune","Sortland","Nordland","Andre2","Andre2",0,0
"2019","ko","kommune","Andøy","Nordland","A","Arbeiderpartiet",3,-2
"2019","ko","kommune","Andøy","Nordland","SV","SV - Sosialistisk Venstreparti",2,2
"2019","ko","kommune","Andøy","Nordland","RØDT","Rødt",0,0
"2019","ko","kommune","Andøy","Nordland","SP","Senterpartiet",14,12
"2019","ko","kommune","Andøy","Nordland","KRF","Kristelig Folkeparti",0,-1
"2019","ko","kommune","Andøy","Nordland","MDG","Miljøpartiet De Grønne",2,1
"2019","ko","kommune","Andøy","Nordland","H","Høyre",1,-8
"2019","ko","kommune","Andøy","Nordland","FRP","Fremskrittspartiet",1,-1
"2019","ko","kommune","Andøy","Nordland","BLANKE","Blanke",0,0
"2019","ko","kommune","Andøy","Nordland","Andre","Andre",0,0
"2019","ko","kommune","Andøy","Nordland","Andre2","Andre2",0,-3
"2019","ko","kommune","Moskenes","Nordland","SV","SV - Sosialistisk Venstreparti",3,2
"2019","ko","kommune","Moskenes","Nordland","BLANKE","Blanke",0,0
"2019","ko","kommune","Moskenes","Nordland","MKBYGD","Bygdelista i Moskenes",8,5
"2019","ko","kommune","Moskenes","Nordland","MOSKFL","Moskenes Fellesliste",6,4
"2019","ko","kommune","Moskenes","Nordland","Andre","Andre",14,9
"2019","ko","kommune","Moskenes","Nordland","Andre2","Andre2",0,-5
"2019","ko","kommune","Hamarøy","Nordland","A","Arbeiderpartiet",4,NA
"2019","ko","kommune","Hamarøy","Nordland","SV","SV - Sosialistisk Venstreparti",1,NA
"2019","ko","kommune","Hamarøy","Nordland","SP","Senterpartiet",6,NA
"2019","ko","kommune","Hamarøy","Nordland","V","Venstre",1,NA
"2019","ko","kommune","Hamarøy","Nordland","H","Høyre",4,NA
"2019","ko","kommune","Hamarøy","Nordland","FRP","Fremskrittspartiet",1,NA
"2019","ko","kommune","Hamarøy","Nordland","BLANKE","Blanke",0,NA
"2019","ko","kommune","Hamarøy","Nordland","Andre","Andre",0,NA
"2019","ko","kommune","Hamarøy","Nordland","Andre2","Andre2",0,NA
"2019","ko","kommune","Halden","Viken","A","Arbeiderpartiet",7,7
"2019","ko","kommune","Halden","Viken","SV","SV - Sosialistisk Venstreparti",2,2
"2019","ko","kommune","Halden","Viken","RØDT","Rødt",3,3
"2019","ko","kommune","Halden","Viken","SP","Senterpartiet",5,5
"2019","ko","kommune","Halden","Viken","KRF","Kristelig Folkeparti",1,1
"2019","ko","kommune","Halden","Viken","MDG","Miljøpartiet De Grønne",3,3
"2019","ko","kommune","Halden","Viken","V","Venstre",1,1
"2019","ko","kommune","Halden","Viken","H","Høyre",11,11
"2019","ko","kommune","Halden","Viken","FRP","Fremskrittspartiet",3,3
"2019","ko","kommune","Halden","Viken","KRISTNE","Partiet De Kristne",0,0
"2019","ko","kommune","Halden","Viken","PP","Pensjonistpartiet",3,3
"2019","ko","kommune","Halden","Viken","BLANKE","Blanke",0,0
"2019","ko","kommune","Halden","Viken","Andre","Andre",3,3
"2019","ko","kommune","Halden","Viken","Andre2","Andre2",0,0
"2019","ko","kommune","Moss","Viken","A","Arbeiderpartiet",14,14
"2019","ko","kommune","Moss","Viken","SV","SV - Sosialistisk Venstreparti",3,3
"2019","ko","kommune","Moss","Viken","RØDT","Rødt",4,4
"2019","ko","kommune","Moss","Viken","SP","Senterpartiet",4,4
"2019","ko","kommune","Moss","Viken","KRF","Kristelig Folkeparti",1,1
"2019","ko","kommune","Moss","Viken","MDG","Miljøpartiet De Grønne",3,3
"2019","ko","kommune","Moss","Viken","V","Venstre",2,2
"2019","ko","kommune","Moss","Viken","H","Høyre",9,9
"2019","ko","kommune","Moss","Viken","FRP","Fremskrittspartiet",4,4
"2019","ko","kommune","Moss","Viken","KRISTNE","Partiet De Kristne",0,0
"2019","ko","kommune","Moss","Viken","BLANKE","Blanke",0,0
"2019","ko","kommune","Moss","Viken","NYKURS","Ny Kurs",5,5
"2019","ko","kommune","Moss","Viken","Andre","Andre",5,5
"2019","ko","kommune","Moss","Viken","Andre2","Andre2",0,0
"2019","ko","kommune","Sarpsborg","Viken","A","Arbeiderpartiet",15,15
"2019","ko","kommune","Sarpsborg","Viken","SV","SV - Sosialistisk Venstreparti",1,1
"2019","ko","kommune","Sarpsborg","Viken","RØDT","Rødt",2,2
"2019","ko","kommune","Sarpsborg","Viken","SP","Senterpartiet",5,5
"2019","ko","kommune","Sarpsborg","Viken","KRF","Kristelig Folkeparti",2,2
"2019","ko","kommune","Sarpsborg","Viken","MDG","Miljøpartiet De Grønne",2,2
"2019","ko","kommune","Sarpsborg","Viken","V","Venstre",0,0
"2019","ko","kommune","Sarpsborg","Viken","H","Høyre",4,4
"2019","ko","kommune","Sarpsborg","Viken","FRP","Fremskrittspartiet",4,4
"2019","ko","kommune","Sarpsborg","Viken","KRISTNE","Partiet De Kristne",0,0
"2019","ko","kommune","Sarpsborg","Viken","PP","Pensjonistpartiet",1,1
"2019","ko","kommune","Sarpsborg","Viken","BLANKE","Blanke",0,0
"2019","ko","kommune","Sarpsborg","Viken","DRP","Det Rette Parti",4,4
"2019","ko","kommune","Sarpsborg","Viken","SAFOSA","Sammen For Sarpsborg",3,3
"2019","ko","kommune","Sarpsborg","Viken","Andre","Andre",8,8
"2019","ko","kommune","Sarpsborg","Viken","Andre2","Andre2",0,0
"2019","ko","kommune","Fredrikstad","Viken","A","Arbeiderpartiet",19,19
"2019","ko","kommune","Fredrikstad","Viken","SV","SV - Sosialistisk Venstreparti",2,2
"2019","ko","kommune","Fredrikstad","Viken","RØDT","Rødt",3,3
"2019","ko","kommune","Fredrikstad","Viken","SP","Senterpartiet",3,3
"2019","ko","kommune","Fredrikstad","Viken","KRF","Kristelig Folkeparti",2,2
"2019","ko","kommune","Fredrikstad","Viken","MDG","Miljøpartiet De Grønne",4,4
"2019","ko","kommune","Fredrikstad","Viken","V","Venstre",1,1
"2019","ko","kommune","Fredrikstad","Viken","H","Høyre",8,8
"2019","ko","kommune","Fredrikstad","Viken","FRP","Fremskrittspartiet",7,7
"2019","ko","kommune","Fredrikstad","Viken","LIBS","Liberalistene",0,0
"2019","ko","kommune","Fredrikstad","Viken","PP","Pensjonistpartiet",2,2
"2019","ko","kommune","Fredrikstad","Viken","BLANKE","Blanke",0,0
"2019","ko","kommune","Fredrikstad","Viken","BYMILJØ","Bymiljølista",2,2
"2019","ko","kommune","Fredrikstad","Viken","Andre","Andre",4,4
"2019","ko","kommune","Fredrikstad","Viken","Andre2","Andre2",0,0
"2019","ko","kommune","Drammen","Viken","A","Arbeiderpartiet",15,15
"2019","ko","kommune","Drammen","Viken","SV","SV - Sosialistisk Venstreparti",3,3
"2019","ko","kommune","Drammen","Viken","RØDT","Rødt",1,1
"2019","ko","kommune","Drammen","Viken","SP","Senterpartiet",5,5
"2019","ko","kommune","Drammen","Viken","KRF","Kristelig Folkeparti",1,1
"2019","ko","kommune","Drammen","Viken","MDG","Miljøpartiet De Grønne",5,5
"2019","ko","kommune","Drammen","Viken","V","Venstre",1,1
"2019","ko","kommune","Drammen","Viken","H","Høyre",15,15
"2019","ko","kommune","Drammen","Viken","FRP","Fremskrittspartiet",6,6
"2019","ko","kommune","Drammen","Viken","ALLI","Alliansen",0,0
"2019","ko","kommune","Drammen","Viken","HELSE","Helsepartiet",0,0
"2019","ko","kommune","Drammen","Viken","KRISTNE","Partiet De Kristne",0,0
"2019","ko","kommune","Drammen","Viken","LIBS","Liberalistene",0,0
"2019","ko","kommune","Drammen","Viken","BLANKE","Blanke",0,0
"2019","ko","kommune","Drammen","Viken","FOST","Folkestyre ",0,0
"2019","ko","kommune","Drammen","Viken","NTBR","Nei til bomring ",5,5
"2019","ko","kommune","Drammen","Viken","Andre","Andre",5,5
"2019","ko","kommune","Drammen","Viken","Andre2","Andre2",0,0
"2019","ko","kommune","Kongsberg","Viken","A","Arbeiderpartiet",7,7
"2019","ko","kommune","Kongsberg","Viken","SV","SV - Sosialistisk Venstreparti",2,2
"2019","ko","kommune","Kongsberg","Viken","RØDT","Rødt",0,0
"2019","ko","kommune","Kongsberg","Viken","SP","Senterpartiet",9,9
"2019","ko","kommune","Kongsberg","Viken","MDG","Miljøpartiet De Grønne",3,3
"2019","ko","kommune","Kongsberg","Viken","V","Venstre",1,1
"2019","ko","kommune","Kongsberg","Viken","H","Høyre",6,6
"2019","ko","kommune","Kongsberg","Viken","FRP","Fremskrittspartiet",2,2
"2019","ko","kommune","Kongsberg","Viken","KRISTNE","Partiet De Kristne",0,0
"2019","ko","kommune","Kongsberg","Viken","BLANKE","Blanke",0,0
"2019","ko","kommune","Kongsberg","Viken","KGBL","Kongsberglista",5,5
"2019","ko","kommune","Kongsberg","Viken","Andre","Andre",5,5
"2019","ko","kommune","Kongsberg","Viken","Andre2","Andre2",0,0
"2019","ko","kommune","Ringerike","Viken","A","Arbeiderpartiet",12,12
"2019","ko","kommune","Ringerike","Viken","SV","SV - Sosialistisk Venstreparti",2,2
"2019","ko","kommune","Ringerike","Viken","RØDT","Rødt",2,2
"2019","ko","kommune","Ringerike","Viken","SP","Senterpartiet",11,11
"2019","ko","kommune","Ringerike","Viken","KRF","Kristelig Folkeparti",1,1
"2019","ko","kommune","Ringerike","Viken","MDG","Miljøpartiet De Grønne",2,2
"2019","ko","kommune","Ringerike","Viken","V","Venstre",1,1
"2019","ko","kommune","Ringerike","Viken","H","Høyre",8,8
"2019","ko","kommune","Ringerike","Viken","FRP","Fremskrittspartiet",4,4
"2019","ko","kommune","Ringerike","Viken","LIBS","Liberalistene",0,0
"2019","ko","kommune","Ringerike","Viken","BLANKE","Blanke",0,0
"2019","ko","kommune","Ringerike","Viken","Andre","Andre",0,0
"2019","ko","kommune","Ringerike","Viken","Andre2","Andre2",0,0
"2019","ko","kommune","Hvaler","Viken","A","Arbeiderpartiet",7,7
"2019","ko","kommune","Hvaler","Viken","SV","SV - Sosialistisk Venstreparti",2,2
"2019","ko","kommune","Hvaler","Viken","SP","Senterpartiet",3,3
"2019","ko","kommune","Hvaler","Viken","MDG","Miljøpartiet De Grønne",1,1
"2019","ko","kommune","Hvaler","Viken","H","Høyre",2,2
"2019","ko","kommune","Hvaler","Viken","FRP","Fremskrittspartiet",4,4
"2019","ko","kommune","Hvaler","Viken","HELSE","Helsepartiet",0,0
"2019","ko","kommune","Hvaler","Viken","BLANKE","Blanke",0,0
"2019","ko","kommune","Hvaler","Viken","STYR","Hvaler Styrbord",2,2
"2019","ko","kommune","Hvaler","Viken","Andre","Andre",2,2
"2019","ko","kommune","Hvaler","Viken","Andre2","Andre2",0,0
"2019","ko","kommune","Aremark","Viken","A","Arbeiderpartiet",4,4
"2019","ko","kommune","Aremark","Viken","SP","Senterpartiet",8,8
"2019","ko","kommune","Aremark","Viken","KRF","Kristelig Folkeparti",2,2
"2019","ko","kommune","Aremark","Viken","H","Høyre",3,3
"2019","ko","kommune","Aremark","Viken","BLANKE","Blanke",0,0
"2019","ko","kommune","Aremark","Viken","Andre","Andre",0,0
"2019","ko","kommune","Aremark","Viken","Andre2","Andre2",0,0
"2019","ko","kommune","Marker","Viken","A","Arbeiderpartiet",7,7
"2019","ko","kommune","Marker","Viken","SP","Senterpartiet",9,9
"2019","ko","kommune","Marker","Viken","V","Venstre",2,2
"2019","ko","kommune","Marker","Viken","H","Høyre",3,3
"2019","ko","kommune","Marker","Viken","BLANKE","Blanke",0,0
"2019","ko","kommune","Marker","Viken","Andre","Andre",0,0
"2019","ko","kommune","Marker","Viken","Andre2","Andre2",0,0
"2019","ko","kommune","Indre Østfold","Viken","A","Arbeiderpartiet",9,9
"2019","ko","kommune","Indre Østfold","Viken","SV","SV - Sosialistisk Venstreparti",2,2
"2019","ko","kommune","Indre Østfold","Viken","RØDT","Rødt",1,1
"2019","ko","kommune","Indre Østfold","Viken","SP","Senterpartiet",14,14
"2019","ko","kommune","Indre Østfold","Viken","KRF","Kristelig Folkeparti",2,2
"2019","ko","kommune","Indre Østfold","Viken","MDG","Miljøpartiet De Grønne",2,2
"2019","ko","kommune","Indre Østfold","Viken","V","Venstre",1,1
"2019","ko","kommune","Indre Østfold","Viken","H","Høyre",11,11
"2019","ko","kommune","Indre Østfold","Viken","FRP","Fremskrittspartiet",3,3
"2019","ko","kommune","Indre Østfold","Viken","KRISTNE","Partiet De Kristne",0,0
"2019","ko","kommune","Indre Østfold","Viken","BLANKE","Blanke",0,0
"2019","ko","kommune","Indre Østfold","Viken","Andre","Andre",0,0
"2019","ko","kommune","Indre Østfold","Viken","Andre2","Andre2",0,0
"2019","ko","kommune","Skiptvet","Viken","A","Arbeiderpartiet",8,8
"2019","ko","kommune","Skiptvet","Viken","SP","Senterpartiet",9,9
"2019","ko","kommune","Skiptvet","Viken","KRF","Kristelig Folkeparti",1,1
"2019","ko","kommune","Skiptvet","Viken","H","Høyre",2,2
"2019","ko","kommune","Skiptvet","Viken","FRP","Fremskrittspartiet",1,1
"2019","ko","kommune","Skiptvet","Viken","BLANKE","Blanke",0,0
"2019","ko","kommune","Skiptvet","Viken","Andre","Andre",0,0
"2019","ko","kommune","Skiptvet","Viken","Andre2","Andre2",0,0
"2019","ko","kommune","Rakkestad","Viken","A","Arbeiderpartiet",6,6
"2019","ko","kommune","Rakkestad","Viken","SP","Senterpartiet",11,11
"2019","ko","kommune","Rakkestad","Viken","KRF","Kristelig Folkeparti",2,2
"2019","ko","kommune","Rakkestad","Viken","MDG","Miljøpartiet De Grønne",1,1
"2019","ko","kommune","Rakkestad","Viken","H","Høyre",3,3
"2019","ko","kommune","Rakkestad","Viken","FRP","Fremskrittspartiet",2,2
"2019","ko","kommune","Rakkestad","Viken","BLANKE","Blanke",0,0
"2019","ko","kommune","Rakkestad","Viken","Andre","Andre",0,0
"2019","ko","kommune","Rakkestad","Viken","Andre2","Andre2",0,0
"2019","ko","kommune","Råde","Viken","A","Arbeiderpartiet",4,4
"2019","ko","kommune","Råde","Viken","RØDT","Rødt",0,0
"2019","ko","kommune","Råde","Viken","SP","Senterpartiet",6,6
"2019","ko","kommune","Råde","Viken","KRF","Kristelig Folkeparti",2,2
"2019","ko","kommune","Råde","Viken","MDG","Miljøpartiet De Grønne",2,2
"2019","ko","kommune","Råde","Viken","V","Venstre",0,0
"2019","ko","kommune","Råde","Viken","H","Høyre",11,11
"2019","ko","kommune","Råde","Viken","FRP","Fremskrittspartiet",2,2
"2019","ko","kommune","Råde","Viken","BLANKE","Blanke",0,0
"2019","ko","kommune","Råde","Viken","Andre","Andre",0,0
"2019","ko","kommune","Råde","Viken","Andre2","Andre2",0,0
"2019","ko","kommune","Våler","Viken","A","Arbeiderpartiet",2,2
"2019","ko","kommune","Våler","Viken","SV","SV - Sosialistisk Venstreparti",1,1
"2019","ko","kommune","Våler","Viken","RØDT","Rødt",1,1
"2019","ko","kommune","Våler","Viken","SP","Senterpartiet",8,8
"2019","ko","kommune","Våler","Viken","KRF","Kristelig Folkeparti",1,1
"2019","ko","kommune","Våler","Viken","H","Høyre",6,6
"2019","ko","kommune","Våler","Viken","FRP","Fremskrittspartiet",2,2
"2019","ko","kommune","Våler","Viken","BLANKE","Blanke",0,0
"2019","ko","kommune","Våler","Viken","Andre","Andre",0,0
"2019","ko","kommune","Våler","Viken","Andre2","Andre2",0,0
"2019","ko","kommune","Vestby","Viken","A","Arbeiderpartiet",11,11
"2019","ko","kommune","Vestby","Viken","SV","SV - Sosialistisk Venstreparti",2,2
"2019","ko","kommune","Vestby","Viken","RØDT","Rødt",1,1
"2019","ko","kommune","Vestby","Viken","SP","Senterpartiet",3,3
"2019","ko","kommune","Vestby","Viken","KRF","Kristelig Folkeparti",0,0
"2019","ko","kommune","Vestby","Viken","MDG","Miljøpartiet De Grønne",4,4
"2019","ko","kommune","Vestby","Viken","V","Venstre",1,1
"2019","ko","kommune","Vestby","Viken","H","Høyre",7,7
"2019","ko","kommune","Vestby","Viken","FRP","Fremskrittspartiet",3,3
"2019","ko","kommune","Vestby","Viken","KRISTNE","Partiet De Kristne",0,0
"2019","ko","kommune","Vestby","Viken","BLANKE","Blanke",0,0
"2019","ko","kommune","Vestby","Viken","BYGDL","Bygdelista",3,3
"2019","ko","kommune","Vestby","Viken","Andre","Andre",3,3
"2019","ko","kommune","Vestby","Viken","Andre2","Andre2",0,0
"2019","ko","kommune","Nordre Follo","Viken","A","Arbeiderpartiet",11,11
"2019","ko","kommune","Nordre Follo","Viken","SV","SV - Sosialistisk Venstreparti",3,3
"2019","ko","kommune","Nordre Follo","Viken","RØDT","Rødt",1,1
"2019","ko","kommune","Nordre Follo","Viken","SP","Senterpartiet",3,3
"2019","ko","kommune","Nordre Follo","Viken","KRF","Kristelig Folkeparti",1,1
"2019","ko","kommune","Nordre Follo","Viken","MDG","Miljøpartiet De Grønne",5,5
"2019","ko","kommune","Nordre Follo","Viken","V","Venstre",3,3
"2019","ko","kommune","Nordre Follo","Viken","H","Høyre",14,14
"2019","ko","kommune","Nordre Follo","Viken","FRP","Fremskrittspartiet",4,4
"2019","ko","kommune","Nordre Follo","Viken","LIBS","Liberalistene",0,0
"2019","ko","kommune","Nordre Follo","Viken","PP","Pensjonistpartiet",2,2
"2019","ko","kommune","Nordre Follo","Viken","BLANKE","Blanke",0,0
"2019","ko","kommune","Nordre Follo","Viken","Andre","Andre",2,2
"2019","ko","kommune","Nordre Follo","Viken","Andre2","Andre2",0,0
"2019","ko","kommune","Ås","Viken","A","Arbeiderpartiet",9,9
"2019","ko","kommune","Ås","Viken","SV","SV - Sosialistisk Venstreparti",3,3
"2019","ko","kommune","Ås","Viken","RØDT","Rødt",1,1
"2019","ko","kommune","Ås","Viken","SP","Senterpartiet",4,4
"2019","ko","kommune","Ås","Viken","KRF","Kristelig Folkeparti",1,1
"2019","ko","kommune","Ås","Viken","MDG","Miljøpartiet De Grønne",4,4
"2019","ko","kommune","Ås","Viken","V","Venstre",2,2
"2019","ko","kommune","Ås","Viken","H","Høyre",6,6
"2019","ko","kommune","Ås","Viken","FRP","Fremskrittspartiet",3,3
"2019","ko","kommune","Ås","Viken","BLANKE","Blanke",0,0
"2019","ko","kommune","Ås","Viken","Andre","Andre",0,0
"2019","ko","kommune","Ås","Viken","Andre2","Andre2",0,0
"2019","ko","kommune","Frogn","Viken","A","Arbeiderpartiet",5,5
"2019","ko","kommune","Frogn","Viken","SV","SV - Sosialistisk Venstreparti",2,2
"2019","ko","kommune","Frogn","Viken","RØDT","Rødt",1,1
"2019","ko","kommune","Frogn","Viken","SP","Senterpartiet",2,2
"2019","ko","kommune","Frogn","Viken","KRF","Kristelig Folkeparti",1,1
"2019","ko","kommune","Frogn","Viken","MDG","Miljøpartiet De Grønne",3,3
"2019","ko","kommune","Frogn","Viken","V","Venstre",3,3
"2019","ko","kommune","Frogn","Viken","H","Høyre",11,11
"2019","ko","kommune","Frogn","Viken","FRP","Fremskrittspartiet",2,2
"2019","ko","kommune","Frogn","Viken","PP","Pensjonistpartiet",1,1
"2019","ko","kommune","Frogn","Viken","BLANKE","Blanke",0,0
"2019","ko","kommune","Frogn","Viken","Andre","Andre",1,1
"2019","ko","kommune","Frogn","Viken","Andre2","Andre2",0,0
"2019","ko","kommune","Nesodden","Viken","A","Arbeiderpartiet",6,6
"2019","ko","kommune","Nesodden","Viken","SV","SV - Sosialistisk Venstreparti",4,4
"2019","ko","kommune","Nesodden","Viken","RØDT","Rødt",4,4
"2019","ko","kommune","Nesodden","Viken","SP","Senterpartiet",2,2
"2019","ko","kommune","Nesodden","Viken","KRF","Kristelig Folkeparti",1,1
"2019","ko","kommune","Nesodden","Viken","MDG","Miljøpartiet De Grønne",4,4
"2019","ko","kommune","Nesodden","Viken","V","Venstre",2,2
"2019","ko","kommune","Nesodden","Viken","H","Høyre",6,6
"2019","ko","kommune","Nesodden","Viken","FRP","Fremskrittspartiet",2,2
"2019","ko","kommune","Nesodden","Viken","BLANKE","Blanke",0,0
"2019","ko","kommune","Nesodden","Viken","Andre","Andre",0,0
"2019","ko","kommune","Nesodden","Viken","Andre2","Andre2",0,0
"2019","ko","kommune","Bærum","Viken","A","Arbeiderpartiet",8,8
"2019","ko","kommune","Bærum","Viken","SV","SV - Sosialistisk Venstreparti",2,2
"2019","ko","kommune","Bærum","Viken","RØDT","Rødt",1,1
"2019","ko","kommune","Bærum","Viken","SP","Senterpartiet",2,2
"2019","ko","kommune","Bærum","Viken","KRF","Kristelig Folkeparti",1,1
"2019","ko","kommune","Bærum","Viken","MDG","Miljøpartiet De Grønne",5,5
"2019","ko","kommune","Bærum","Viken","V","Venstre",5,5
"2019","ko","kommune","Bærum","Viken","H","Høyre",22,22
"2019","ko","kommune","Bærum","Viken","FRP","Fremskrittspartiet",4,4
"2019","ko","kommune","Bærum","Viken","KRISTNE","Partiet De Kristne",0,0
"2019","ko","kommune","Bærum","Viken","LIBS","Liberalistene",0,0
"2019","ko","kommune","Bærum","Viken","PP","Pensjonistpartiet",1,1
"2019","ko","kommune","Bærum","Viken","BLANKE","Blanke",0,0
"2019","ko","kommune","Bærum","Viken","Andre","Andre",1,1
"2019","ko","kommune","Bærum","Viken","Andre2","Andre2",0,0
"2019","ko","kommune","Asker","Viken","A","Arbeiderpartiet",9,9
"2019","ko","kommune","Asker","Viken","SV","SV - Sosialistisk Venstreparti",3,3
"2019","ko","kommune","Asker","Viken","RØDT","Rødt",1,1
"2019","ko","kommune","Asker","Viken","SP","Senterpartiet",3,3
"2019","ko","kommune","Asker","Viken","KRF","Kristelig Folkeparti",1,1
"2019","ko","kommune","Asker","Viken","MDG","Miljøpartiet De Grønne",6,6
"2019","ko","kommune","Asker","Viken","V","Venstre",3,3
"2019","ko","kommune","Asker","Viken","H","Høyre",24,24
"2019","ko","kommune","Asker","Viken","FRP","Fremskrittspartiet",4,4
"2019","ko","kommune","Asker","Viken","LIBS","Liberalistene",0,0
"2019","ko","kommune","Asker","Viken","PP","Pensjonistpartiet",1,1
"2019","ko","kommune","Asker","Viken","BLANKE","Blanke",0,0
"2019","ko","kommune","Asker","Viken","Andre","Andre",1,1
"2019","ko","kommune","Asker","Viken","Andre2","Andre2",0,0
"2019","ko","kommune","Aurskog -Høland","Viken","A","Arbeiderpartiet",14,14
"2019","ko","kommune","Aurskog -Høland","Viken","SV","SV - Sosialistisk Venstreparti",1,1
"2019","ko","kommune","Aurskog -Høland","Viken","RØDT","Rødt",1,1
"2019","ko","kommune","Aurskog -Høland","Viken","SP","Senterpartiet",9,9
"2019","ko","kommune","Aurskog -Høland","Viken","KRF","Kristelig Folkeparti",2,2
"2019","ko","kommune","Aurskog -Høland","Viken","MDG","Miljøpartiet De Grønne",1,1
"2019","ko","kommune","Aurskog -Høland","Viken","V","Venstre",0,0
"2019","ko","kommune","Aurskog -Høland","Viken","H","Høyre",3,3
"2019","ko","kommune","Aurskog -Høland","Viken","FRP","Fremskrittspartiet",4,4
"2019","ko","kommune","Aurskog -Høland","Viken","BLANKE","Blanke",0,0
"2019","ko","kommune","Aurskog -Høland","Viken","Andre","Andre",0,0
"2019","ko","kommune","Aurskog -Høland","Viken","Andre2","Andre2",0,0
"2019","ko","kommune","Rælingen","Viken","A","Arbeiderpartiet",16,16
"2019","ko","kommune","Rælingen","Viken","SV","SV - Sosialistisk Venstreparti",2,2
"2019","ko","kommune","Rælingen","Viken","RØDT","Rødt",1,1
"2019","ko","kommune","Rælingen","Viken","SP","Senterpartiet",2,2
"2019","ko","kommune","Rælingen","Viken","KRF","Kristelig Folkeparti",1,1
"2019","ko","kommune","Rælingen","Viken","MDG","Miljøpartiet De Grønne",2,2
"2019","ko","kommune","Rælingen","Viken","V","Venstre",1,1
"2019","ko","kommune","Rælingen","Viken","H","Høyre",7,7
"2019","ko","kommune","Rælingen","Viken","FRP","Fremskrittspartiet",3,3
"2019","ko","kommune","Rælingen","Viken","HELSE","Helsepartiet",0,0
"2019","ko","kommune","Rælingen","Viken","BLANKE","Blanke",0,0
"2019","ko","kommune","Rælingen","Viken","Andre","Andre",0,0
"2019","ko","kommune","Rælingen","Viken","Andre2","Andre2",0,0
"2019","ko","kommune","Enebakk","Viken","A","Arbeiderpartiet",8,8
"2019","ko","kommune","Enebakk","Viken","SV","SV - Sosialistisk Venstreparti",1,1
"2019","ko","kommune","Enebakk","Viken","RØDT","Rødt",0,0
"2019","ko","kommune","Enebakk","Viken","SP","Senterpartiet",6,6
"2019","ko","kommune","Enebakk","Viken","KRF","Kristelig Folkeparti",1,1
"2019","ko","kommune","Enebakk","Viken","MDG","Miljøpartiet De Grønne",1,1
"2019","ko","kommune","Enebakk","Viken","V","Venstre",0,0
"2019","ko","kommune","Enebakk","Viken","H","Høyre",6,6
"2019","ko","kommune","Enebakk","Viken","FRP","Fremskrittspartiet",4,4
"2019","ko","kommune","Enebakk","Viken","BLANKE","Blanke",0,0
"2019","ko","kommune","Enebakk","Viken","Andre","Andre",0,0
"2019","ko","kommune","Enebakk","Viken","Andre2","Andre2",0,0
"2019","ko","kommune","Lørenskog","Viken","A","Arbeiderpartiet",16,16
"2019","ko","kommune","Lørenskog","Viken","SV","SV - Sosialistisk Venstreparti",3,3
"2019","ko","kommune","Lørenskog","Viken","RØDT","Rødt",2,2
"2019","ko","kommune","Lørenskog","Viken","SP","Senterpartiet",3,3
"2019","ko","kommune","Lørenskog","Viken","KRF","Kristelig Folkeparti",1,1
"2019","ko","kommune","Lørenskog","Viken","MDG","Miljøpartiet De Grønne",3,3
"2019","ko","kommune","Lørenskog","Viken","V","Venstre",2,2
"2019","ko","kommune","Lørenskog","Viken","H","Høyre",12,12
"2019","ko","kommune","Lørenskog","Viken","FRP","Fremskrittspartiet",5,5
"2019","ko","kommune","Lørenskog","Viken","BLANKE","Blanke",0,0
"2019","ko","kommune","Lørenskog","Viken","Andre","Andre",0,0
"2019","ko","kommune","Lørenskog","Viken","Andre2","Andre2",0,0
"2019","ko","kommune","Lillestrøm","Viken","A","Arbeiderpartiet",16,16
"2019","ko","kommune","Lillestrøm","Viken","SV","SV - Sosialistisk Venstreparti",3,3
"2019","ko","kommune","Lillestrøm","Viken","RØDT","Rødt",1,1
"2019","ko","kommune","Lillestrøm","Viken","SP","Senterpartiet",7,7
"2019","ko","kommune","Lillestrøm","Viken","KRF","Kristelig Folkeparti",1,1
"2019","ko","kommune","Lillestrøm","Viken","MDG","Miljøpartiet De Grønne",4,4
"2019","ko","kommune","Lillestrøm","Viken","V","Venstre",2,2
"2019","ko","kommune","Lillestrøm","Viken","H","Høyre",11,11
"2019","ko","kommune","Lillestrøm","Viken","FRP","Fremskrittspartiet",6,6
"2019","ko","kommune","Lillestrøm","Viken","DEMN","Demokratene",0,0
"2019","ko","kommune","Lillestrøm","Viken","HELSE","Helsepartiet",0,0
"2019","ko","kommune","Lillestrøm","Viken","LIBS","Liberalistene",0,0
"2019","ko","kommune","Lillestrøm","Viken","PP","Pensjonistpartiet",1,1
"2019","ko","kommune","Lillestrøm","Viken","BLANKE","Blanke",0,0
"2019","ko","kommune","Lillestrøm","Viken","FRBBL","Folkets Røst by og bygdeliste",3,3
"2019","ko","kommune","Lillestrøm","Viken","Andre","Andre",4,4
"2019","ko","kommune","Lillestrøm","Viken","Andre2","Andre2",0,0
"2019","ko","kommune","Nittedal","Viken","A","Arbeiderpartiet",7,7
"2019","ko","kommune","Nittedal","Viken","SV","SV - Sosialistisk Venstreparti",2,2
"2019","ko","kommune","Nittedal","Viken","RØDT","Rødt",1,1
"2019","ko","kommune","Nittedal","Viken","SP","Senterpartiet",3,3
"2019","ko","kommune","Nittedal","Viken","KRF","Kristelig Folkeparti",1,1
"2019","ko","kommune","Nittedal","Viken","MDG","Miljøpartiet De Grønne",2,2
"2019","ko","kommune","Nittedal","Viken","V","Venstre",2,2
"2019","ko","kommune","Nittedal","Viken","H","Høyre",8,8
"2019","ko","kommune","Nittedal","Viken","FRP","Fremskrittspartiet",3,3
"2019","ko","kommune","Nittedal","Viken","DEMN","Demokratene",0,0
"2019","ko","kommune","Nittedal","Viken","BLANKE","Blanke",0,0
"2019","ko","kommune","Nittedal","Viken","Andre","Andre",0,0
"2019","ko","kommune","Nittedal","Viken","Andre2","Andre2",0,0
"2019","ko","kommune","Gjerdrum","Viken","A","Arbeiderpartiet",6,6
"2019","ko","kommune","Gjerdrum","Viken","SV","SV - Sosialistisk Venstreparti",1,1
"2019","ko","kommune","Gjerdrum","Viken","SP","Senterpartiet",6,6
"2019","ko","kommune","Gjerdrum","Viken","KRF","Kristelig Folkeparti",1,1
"2019","ko","kommune","Gjerdrum","Viken","MDG","Miljøpartiet De Grønne",2,2
"2019","ko","kommune","Gjerdrum","Viken","V","Venstre",1,1
"2019","ko","kommune","Gjerdrum","Viken","H","Høyre",6,6
"2019","ko","kommune","Gjerdrum","Viken","FRP","Fremskrittspartiet",2,2
"2019","ko","kommune","Gjerdrum","Viken","BLANKE","Blanke",0,0
"2019","ko","kommune","Gjerdrum","Viken","Andre","Andre",0,0
"2019","ko","kommune","Gjerdrum","Viken","Andre2","Andre2",0,0
"2019","ko","kommune","Ullensaker","Viken","A","Arbeiderpartiet",12,12
"2019","ko","kommune","Ullensaker","Viken","SV","SV - Sosialistisk Venstreparti",2,2
"2019","ko","kommune","Ullensaker","Viken","RØDT","Rødt",1,1
"2019","ko","kommune","Ullensaker","Viken","SP","Senterpartiet",6,6
"2019","ko","kommune","Ullensaker","Viken","KRF","Kristelig Folkeparti",1,1
"2019","ko","kommune","Ullensaker","Viken","MDG","Miljøpartiet De Grønne",2,2
"2019","ko","kommune","Ullensaker","Viken","V","Venstre",1,1
"2019","ko","kommune","Ullensaker","Viken","H","Høyre",7,7
"2019","ko","kommune","Ullensaker","Viken","FRP","Fremskrittspartiet",13,13
"2019","ko","kommune","Ullensaker","Viken","LIBS","Liberalistene",0,0
"2019","ko","kommune","Ullensaker","Viken","BLANKE","Blanke",0,0
"2019","ko","kommune","Ullensaker","Viken","Andre","Andre",0,0
"2019","ko","kommune","Ullensaker","Viken","Andre2","Andre2",0,0
"2019","ko","kommune","Nes, Akershus","Viken","A","Arbeiderpartiet",12,12
"2019","ko","kommune","Nes, Akershus","Viken","SP","Senterpartiet",8,8
"2019","ko","kommune","Nes, Akershus","Viken","KRF","Kristelig Folkeparti",1,1
"2019","ko","kommune","Nes, Akershus","Viken","MDG","Miljøpartiet De Grønne",2,2
"2019","ko","kommune","Nes, Akershus","Viken","V","Venstre",1,1
"2019","ko","kommune","Nes, Akershus","Viken","H","Høyre",4,4
"2019","ko","kommune","Nes, Akershus","Viken","FRP","Fremskrittspartiet",4,4
"2019","ko","kommune","Nes, Akershus","Viken","LIBS","Liberalistene",0,0
"2019","ko","kommune","Nes, Akershus","Viken","BLANKE","Blanke",0,0
"2019","ko","kommune","Nes, Akershus","Viken","SVRT","Fellesliste SV - Sosialistisk Venstreparti og Rødt",2,2
"2019","ko","kommune","Nes, Akershus","Viken","TPSL","Tverrpolitisk seniorliste",1,1
"2019","ko","kommune","Nes, Akershus","Viken","Andre","Andre",3,3
"2019","ko","kommune","Nes, Akershus","Viken","Andre2","Andre2",0,0
"2019","ko","kommune","Eidsvoll","Viken","A","Arbeiderpartiet",8,8
"2019","ko","kommune","Eidsvoll","Viken","SV","SV - Sosialistisk Venstreparti",2,2
"2019","ko","kommune","Eidsvoll","Viken","RØDT","Rødt",1,1
"2019","ko","kommune","Eidsvoll","Viken","SP","Senterpartiet",9,9
"2019","ko","kommune","Eidsvoll","Viken","KRF","Kristelig Folkeparti",1,1
"2019","ko","kommune","Eidsvoll","Viken","MDG","Miljøpartiet De Grønne",2,2
"2019","ko","kommune","Eidsvoll","Viken","V","Venstre",0,0
"2019","ko","kommune","Eidsvoll","Viken","H","Høyre",6,6
"2019","ko","kommune","Eidsvoll","Viken","FRP","Fremskrittspartiet",4,4
"2019","ko","kommune","Eidsvoll","Viken","LIBS","Liberalistene",0,0
"2019","ko","kommune","Eidsvoll","Viken","PP","Pensjonistpartiet",2,2
"2019","ko","kommune","Eidsvoll","Viken","BLANKE","Blanke",0,0
"2019","ko","kommune","Eidsvoll","Viken","Andre","Andre",2,2
"2019","ko","kommune","Eidsvoll","Viken","Andre2","Andre2",0,0
"2019","ko","kommune","Nannestad","Viken","A","Arbeiderpartiet",9,9
"2019","ko","kommune","Nannestad","Viken","SV","SV - Sosialistisk Venstreparti",1,1
"2019","ko","kommune","Nannestad","Viken","RØDT","Rødt",0,0
"2019","ko","kommune","Nannestad","Viken","SP","Senterpartiet",5,5
"2019","ko","kommune","Nannestad","Viken","KRF","Kristelig Folkeparti",1,1
"2019","ko","kommune","Nannestad","Viken","MDG","Miljøpartiet De Grønne",1,1
"2019","ko","kommune","Nannestad","Viken","V","Venstre",1,1
"2019","ko","kommune","Nannestad","Viken","H","Høyre",5,5
"2019","ko","kommune","Nannestad","Viken","FRP","Fremskrittspartiet",4,4
"2019","ko","kommune","Nannestad","Viken","BLANKE","Blanke",0,0
"2019","ko","kommune","Nannestad","Viken","NAB","Nannestad bygdeliste",4,4
"2019","ko","kommune","Nannestad","Viken","Andre","Andre",4,4
"2019","ko","kommune","Nannestad","Viken","Andre2","Andre2",0,0
"2019","ko","kommune","Hurdal","Viken","A","Arbeiderpartiet",3,3
"2019","ko","kommune","Hurdal","Viken","SP","Senterpartiet",4,4
"2019","ko","kommune","Hurdal","Viken","KRF","Kristelig Folkeparti",1,1
"2019","ko","kommune","Hurdal","Viken","MDG","Miljøpartiet De Grønne",1,1
"2019","ko","kommune","Hurdal","Viken","V","Venstre",1,1
"2019","ko","kommune","Hurdal","Viken","H","Høyre",2,2
"2019","ko","kommune","Hurdal","Viken","FRP","Fremskrittspartiet",2,2
"2019","ko","kommune","Hurdal","Viken","BLANKE","Blanke",0,0
"2019","ko","kommune","Hurdal","Viken","FSVRØ","SV - Sosialistisk Venstreparti og Rødt",1,1
"2019","ko","kommune","Hurdal","Viken","GIH","Glad i Hurdal",2,2
"2019","ko","kommune","Hurdal","Viken","Andre","Andre",3,3
"2019","ko","kommune","Hurdal","Viken","Andre2","Andre2",0,0
"2019","ko","kommune","Hole","Viken","A","Arbeiderpartiet",5,5
"2019","ko","kommune","Hole","Viken","SV","SV - Sosialistisk Venstreparti",2,2
"2019","ko","kommune","Hole","Viken","SP","Senterpartiet",4,4
"2019","ko","kommune","Hole","Viken","KRF","Kristelig Folkeparti",1,1
"2019","ko","kommune","Hole","Viken","MDG","Miljøpartiet De Grønne",1,1
"2019","ko","kommune","Hole","Viken","H","Høyre",9,9
"2019","ko","kommune","Hole","Viken","FRP","Fremskrittspartiet",1,1
"2019","ko","kommune","Hole","Viken","BLANKE","Blanke",0,0
"2019","ko","kommune","Hole","Viken","Andre","Andre",0,0
"2019","ko","kommune","Hole","Viken","Andre2","Andre2",0,0
"2019","ko","kommune","Flå","Viken","SP","Senterpartiet",2,2
"2019","ko","kommune","Flå","Viken","AKSAM","Ap og KrF samarbeidet",5,5
"2019","ko","kommune","Flå","Viken","BLANKE","Blanke",0,0
"2019","ko","kommune","Flå","Viken","BLFLÅ","Bygdelista for Flå",6,6
"2019","ko","kommune","Flå","Viken","Andre","Andre",11,11
"2019","ko","kommune","Flå","Viken","Andre2","Andre2",0,0
"2019","ko","kommune","Nes, Buskerud","Viken","A","Arbeiderpartiet",3,3
"2019","ko","kommune","Nes, Buskerud","Viken","SP","Senterpartiet",4,4
"2019","ko","kommune","Nes, Buskerud","Viken","H","Høyre",4,4
"2019","ko","kommune","Nes, Buskerud","Viken","BLANKE","Blanke",0,0
"2019","ko","kommune","Nes, Buskerud","Viken","NBL","Nes bygdeliste",10,10
"2019","ko","kommune","Nes, Buskerud","Viken","Andre","Andre",10,10
"2019","ko","kommune","Nes, Buskerud","Viken","Andre2","Andre2",0,0
"2019","ko","kommune","Gol","Viken","A","Arbeiderpartiet",9,9
"2019","ko","kommune","Gol","Viken","SV","SV - Sosialistisk Venstreparti",1,1
"2019","ko","kommune","Gol","Viken","SP","Senterpartiet",5,5
"2019","ko","kommune","Gol","Viken","KRF","Kristelig Folkeparti",0,0
"2019","ko","kommune","Gol","Viken","V","Venstre",1,1
"2019","ko","kommune","Gol","Viken","H","Høyre",4,4
"2019","ko","kommune","Gol","Viken","FRP","Fremskrittspartiet",1,1
"2019","ko","kommune","Gol","Viken","BLANKE","Blanke",0,0
"2019","ko","kommune","Gol","Viken","Andre","Andre",0,0
"2019","ko","kommune","Gol","Viken","Andre2","Andre2",0,0
"2019","ko","kommune","Hemsedal","Viken","A","Arbeiderpartiet",2,2
"2019","ko","kommune","Hemsedal","Viken","SV","SV - Sosialistisk Venstreparti",1,1
"2019","ko","kommune","Hemsedal","Viken","SP","Senterpartiet",6,6
"2019","ko","kommune","Hemsedal","Viken","KRF","Kristelig Folkeparti",1,1
"2019","ko","kommune","Hemsedal","Viken","V","Venstre",1,1
"2019","ko","kommune","Hemsedal","Viken","H","Høyre",5,5
"2019","ko","kommune","Hemsedal","Viken","FRP","Fremskrittspartiet",0,0
"2019","ko","kommune","Hemsedal","Viken","BLANKE","Blanke",0,0
"2019","ko","kommune","Hemsedal","Viken","HBL","Hemsedal Bygdeliste",1,1
"2019","ko","kommune","Hemsedal","Viken","Andre","Andre",1,1
"2019","ko","kommune","Hemsedal","Viken","Andre2","Andre2",0,0
"2019","ko","kommune","Ål","Viken","A","Arbeiderpartiet",9,9
"2019","ko","kommune","Ål","Viken","SV","SV - Sosialistisk Venstreparti",2,2
"2019","ko","kommune","Ål","Viken","SP","Senterpartiet",8,8
"2019","ko","kommune","Ål","Viken","V","Venstre",1,1
"2019","ko","kommune","Ål","Viken","H","Høyre",4,4
"2019","ko","kommune","Ål","Viken","FRP","Fremskrittspartiet",1,1
"2019","ko","kommune","Ål","Viken","BLANKE","Blanke",0,0
"2019","ko","kommune","Ål","Viken","Andre","Andre",0,0
"2019","ko","kommune","Ål","Viken","Andre2","Andre2",0,0
"2019","ko","kommune","Hol","Viken","A","Arbeiderpartiet",6,6
"2019","ko","kommune","Hol","Viken","SP","Senterpartiet",8,8
"2019","ko","kommune","Hol","Viken","V","Venstre",1,1
"2019","ko","kommune","Hol","Viken","H","Høyre",6,6
"2019","ko","kommune","Hol","Viken","BLANKE","Blanke",0,0
"2019","ko","kommune","Hol","Viken","Andre","Andre",0,0
"2019","ko","kommune","Hol","Viken","Andre2","Andre2",0,0
"2019","ko","kommune","Sigdal","Viken","A","Arbeiderpartiet",3,3
"2019","ko","kommune","Sigdal","Viken","SP","Senterpartiet",11,11
"2019","ko","kommune","Sigdal","Viken","H","Høyre",2,2
"2019","ko","kommune","Sigdal","Viken","FRP","Fremskrittspartiet",1,1
"2019","ko","kommune","Sigdal","Viken","BLANKE","Blanke",0,0
"2019","ko","kommune","Sigdal","Viken","BYGDS","Bygdelista",4,4
"2019","ko","kommune","Sigdal","Viken","Andre","Andre",4,4
"2019","ko","kommune","Sigdal","Viken","Andre2","Andre2",0,0
"2019","ko","kommune","Krødsherad","Viken","A","Arbeiderpartiet",6,6
"2019","ko","kommune","Krødsherad","Viken","H","Høyre",4,4
"2019","ko","kommune","Krødsherad","Viken","BLANKE","Blanke",0,0
"2019","ko","kommune","Krødsherad","Viken","NB","Nye Bygdelista",7,7
"2019","ko","kommune","Krødsherad","Viken","Andre","Andre",7,7
"2019","ko","kommune","Krødsherad","Viken","Andre2","Andre2",0,0
"2019","ko","kommune","Modum","Viken","A","Arbeiderpartiet",14,14
"2019","ko","kommune","Modum","Viken","SV","SV - Sosialistisk Venstreparti",1,1
"2019","ko","kommune","Modum","Viken","RØDT","Rødt",0,0
"2019","ko","kommune","Modum","Viken","SP","Senterpartiet",8,8
"2019","ko","kommune","Modum","Viken","KRF","Kristelig Folkeparti",1,1
"2019","ko","kommune","Modum","Viken","MDG","Miljøpartiet De Grønne",1,1
"2019","ko","kommune","Modum","Viken","V","Venstre",1,1
"2019","ko","kommune","Modum","Viken","H","Høyre",4,4
"2019","ko","kommune","Modum","Viken","FRP","Fremskrittspartiet",5,5
"2019","ko","kommune","Modum","Viken","HELSE","Helsepartiet",0,0
"2019","ko","kommune","Modum","Viken","BLANKE","Blanke",0,0
"2019","ko","kommune","Modum","Viken","Andre","Andre",0,0
"2019","ko","kommune","Modum","Viken","Andre2","Andre2",0,0
"2019","ko","kommune","Øvre Eiker","Viken","A","Arbeiderpartiet",8,8
"2019","ko","kommune","Øvre Eiker","Viken","SV","SV - Sosialistisk Venstreparti",2,2
"2019","ko","kommune","Øvre Eiker","Viken","RØDT","Rødt",0,0
"2019","ko","kommune","Øvre Eiker","Viken","SP","Senterpartiet",11,11
"2019","ko","kommune","Øvre Eiker","Viken","KRF","Kristelig Folkeparti",1,1
"2019","ko","kommune","Øvre Eiker","Viken","MDG","Miljøpartiet De Grønne",1,1
"2019","ko","kommune","Øvre Eiker","Viken","V","Venstre",1,1
"2019","ko","kommune","Øvre Eiker","Viken","H","Høyre",9,9
"2019","ko","kommune","Øvre Eiker","Viken","FRP","Fremskrittspartiet",4,4
"2019","ko","kommune","Øvre Eiker","Viken","BLANKE","Blanke",0,0
"2019","ko","kommune","Øvre Eiker","Viken","Andre","Andre",0,0
"2019","ko","kommune","Øvre Eiker","Viken","Andre2","Andre2",0,0
"2019","ko","kommune","Lier","Viken","A","Arbeiderpartiet",11,11
"2019","ko","kommune","Lier","Viken","SV","SV - Sosialistisk Venstreparti",2,2
"2019","ko","kommune","Lier","Viken","SP","Senterpartiet",4,4
"2019","ko","kommune","Lier","Viken","KRF","Kristelig Folkeparti",1,1
"2019","ko","kommune","Lier","Viken","MDG","Miljøpartiet De Grønne",3,3
"2019","ko","kommune","Lier","Viken","V","Venstre",1,1
"2019","ko","kommune","Lier","Viken","H","Høyre",15,15
"2019","ko","kommune","Lier","Viken","FRP","Fremskrittspartiet",4,4
"2019","ko","kommune","Lier","Viken","BLANKE","Blanke",0,0
"2019","ko","kommune","Lier","Viken","Andre","Andre",0,0
"2019","ko","kommune","Lier","Viken","Andre2","Andre2",0,0
"2019","ko","kommune","Flesberg","Viken","A","Arbeiderpartiet",4,4
"2019","ko","kommune","Flesberg","Viken","SP","Senterpartiet",10,10
"2019","ko","kommune","Flesberg","Viken","V","Venstre",1,1
"2019","ko","kommune","Flesberg","Viken","H","Høyre",3,3
"2019","ko","kommune","Flesberg","Viken","FRP","Fremskrittspartiet",3,3
"2019","ko","kommune","Flesberg","Viken","BLANKE","Blanke",0,0
"2019","ko","kommune","Flesberg","Viken","Andre","Andre",0,0
"2019","ko","kommune","Flesberg","Viken","Andre2","Andre2",0,0
"2019","ko","kommune","Rollag","Viken","A","Arbeiderpartiet",7,7
"2019","ko","kommune","Rollag","Viken","SP","Senterpartiet",10,10
"2019","ko","kommune","Rollag","Viken","BLANKE","Blanke",0,0
"2019","ko","kommune","Rollag","Viken","Andre","Andre",0,0
"2019","ko","kommune","Rollag","Viken","Andre2","Andre2",0,0
"2019","ko","kommune","Nore og Uvdal","Viken","A","Arbeiderpartiet",9,9
"2019","ko","kommune","Nore og Uvdal","Viken","SV","SV - Sosialistisk Venstreparti",1,1
"2019","ko","kommune","Nore og Uvdal","Viken","SP","Senterpartiet",8,8
"2019","ko","kommune","Nore og Uvdal","Viken","H","Høyre",4,4
"2019","ko","kommune","Nore og Uvdal","Viken","FRP","Fremskrittspartiet",1,1
"2019","ko","kommune","Nore og Uvdal","Viken","BLANKE","Blanke",0,0
"2019","ko","kommune","Nore og Uvdal","Viken","Andre","Andre",0,0
"2019","ko","kommune","Nore og Uvdal","Viken","Andre2","Andre2",0,0
"2019","ko","kommune","Jevnaker","Viken","A","Arbeiderpartiet",9,9
"2019","ko","kommune","Jevnaker","Viken","SV","SV - Sosialistisk Venstreparti",2,2
"2019","ko","kommune","Jevnaker","Viken","SP","Senterpartiet",3,3
"2019","ko","kommune","Jevnaker","Viken","MDG","Miljøpartiet De Grønne",1,1
"2019","ko","kommune","Jevnaker","Viken","H","Høyre",2,2
"2019","ko","kommune","Jevnaker","Viken","FRP","Fremskrittspartiet",2,2
"2019","ko","kommune","Jevnaker","Viken","BLANKE","Blanke",0,0
"2019","ko","kommune","Jevnaker","Viken","Andre","Andre",0,0
"2019","ko","kommune","Jevnaker","Viken","Andre2","Andre2",0,0
"2019","ko","kommune","Lunner","Viken","A","Arbeiderpartiet",10,10
"2019","ko","kommune","Lunner","Viken","SV","SV - Sosialistisk Venstreparti",1,1
"2019","ko","kommune","Lunner","Viken","RØDT","Rødt",1,1
"2019","ko","kommune","Lunner","Viken","SP","Senterpartiet",6,6
"2019","ko","kommune","Lunner","Viken","MDG","Miljøpartiet De Grønne",1,1
"2019","ko","kommune","Lunner","Viken","V","Venstre",0,0
"2019","ko","kommune","Lunner","Viken","H","Høyre",4,4
"2019","ko","kommune","Lunner","Viken","FRP","Fremskrittspartiet",2,2
"2019","ko","kommune","Lunner","Viken","BLANKE","Blanke",0,0
"2019","ko","kommune","Lunner","Viken","Andre","Andre",0,0
"2019","ko","kommune","Lunner","Viken","Andre2","Andre2",0,0
"2019","ko","kommune","Kongsvinger","Innlandet","A","Arbeiderpartiet",10,10
"2019","ko","kommune","Kongsvinger","Innlandet","SV","SV - Sosialistisk Venstreparti",2,2
"2019","ko","kommune","Kongsvinger","Innlandet","RØDT","Rødt",1,1
"2019","ko","kommune","Kongsvinger","Innlandet","SP","Senterpartiet",8,8
"2019","ko","kommune","Kongsvinger","Innlandet","KRF","Kristelig Folkeparti",1,1
"2019","ko","kommune","Kongsvinger","Innlandet","MDG","Miljøpartiet De Grønne",1,1
"2019","ko","kommune","Kongsvinger","Innlandet","V","Venstre",1,1
"2019","ko","kommune","Kongsvinger","Innlandet","H","Høyre",4,4
"2019","ko","kommune","Kongsvinger","Innlandet","FRP","Fremskrittspartiet",2,2
"2019","ko","kommune","Kongsvinger","Innlandet","LIBS","Liberalistene",0,0
"2019","ko","kommune","Kongsvinger","Innlandet","PP","Pensjonistpartiet",3,3
"2019","ko","kommune","Kongsvinger","Innlandet","BLANKE","Blanke",0,0
"2019","ko","kommune","Kongsvinger","Innlandet","Andre","Andre",3,3
"2019","ko","kommune","Kongsvinger","Innlandet","Andre2","Andre2",0,0
"2019","ko","kommune","Hamar","Innlandet","A","Arbeiderpartiet",9,9
"2019","ko","kommune","Hamar","Innlandet","SV","SV - Sosialistisk Venstreparti",2,2
"2019","ko","kommune","Hamar","Innlandet","RØDT","Rødt",1,1
"2019","ko","kommune","Hamar","Innlandet","SP","Senterpartiet",3,3
"2019","ko","kommune","Hamar","Innlandet","KRF","Kristelig Folkeparti",1,1
"2019","ko","kommune","Hamar","Innlandet","MDG","Miljøpartiet De Grønne",2,2
"2019","ko","kommune","Hamar","Innlandet","V","Venstre",1,1
"2019","ko","kommune","Hamar","Innlandet","H","Høyre",4,4
"2019","ko","kommune","Hamar","Innlandet","FRP","Fremskrittspartiet",1,1
"2019","ko","kommune","Hamar","Innlandet","PP","Pensjonistpartiet",1,1
"2019","ko","kommune","Hamar","Innlandet","BBL","By- og bygdelista",14,14
"2019","ko","kommune","Hamar","Innlandet","BLANKE","Blanke",0,0
"2019","ko","kommune","Hamar","Innlandet","Andre","Andre",15,15
"2019","ko","kommune","Hamar","Innlandet","Andre2","Andre2",0,0
"2019","ko","kommune","Lillehammer","Innlandet","A","Arbeiderpartiet",13,13
"2019","ko","kommune","Lillehammer","Innlandet","SV","SV - Sosialistisk Venstreparti",4,4
"2019","ko","kommune","Lillehammer","Innlandet","RØDT","Rødt",3,3
"2019","ko","kommune","Lillehammer","Innlandet","SP","Senterpartiet",8,8
"2019","ko","kommune","Lillehammer","Innlandet","KRF","Kristelig Folkeparti",1,1
"2019","ko","kommune","Lillehammer","Innlandet","MDG","Miljøpartiet De Grønne",4,4
"2019","ko","kommune","Lillehammer","Innlandet","V","Venstre",2,2
"2019","ko","kommune","Lillehammer","Innlandet","H","Høyre",9,9
"2019","ko","kommune","Lillehammer","Innlandet","FRP","Fremskrittspartiet",2,2
"2019","ko","kommune","Lillehammer","Innlandet","PP","Pensjonistpartiet",1,1
"2019","ko","kommune","Lillehammer","Innlandet","BLANKE","Blanke",0,0
"2019","ko","kommune","Lillehammer","Innlandet","Andre","Andre",1,1
"2019","ko","kommune","Lillehammer","Innlandet","Andre2","Andre2",0,0
"2019","ko","kommune","Gjøvik","Innlandet","A","Arbeiderpartiet",14,14
"2019","ko","kommune","Gjøvik","Innlandet","SV","SV - Sosialistisk Venstreparti",2,2
"2019","ko","kommune","Gjøvik","Innlandet","RØDT","Rødt",2,2
"2019","ko","kommune","Gjøvik","Innlandet","SP","Senterpartiet",9,9
"2019","ko","kommune","Gjøvik","Innlandet","KRF","Kristelig Folkeparti",1,1
"2019","ko","kommune","Gjøvik","Innlandet","MDG","Miljøpartiet De Grønne",2,2
"2019","ko","kommune","Gjøvik","Innlandet","V","Venstre",1,1
"2019","ko","kommune","Gjøvik","Innlandet","H","Høyre",8,8
"2019","ko","kommune","Gjøvik","Innlandet","FRP","Fremskrittspartiet",2,2
"2019","ko","kommune","Gjøvik","Innlandet","KRISTNE","Partiet De Kristne",0,0
"2019","ko","kommune","Gjøvik","Innlandet","LIBS","Liberalistene",0,0
"2019","ko","kommune","Gjøvik","Innlandet","BLANKE","Blanke",0,0
"2019","ko","kommune","Gjøvik","Innlandet","Andre","Andre",0,0
"2019","ko","kommune","Gjøvik","Innlandet","Andre2","Andre2",0,0
"2019","ko","kommune","Ringsaker","Innlandet","A","Arbeiderpartiet",18,18
"2019","ko","kommune","Ringsaker","Innlandet","SV","SV - Sosialistisk Venstreparti",1,1
"2019","ko","kommune","Ringsaker","Innlandet","RØDT","Rødt",1,1
"2019","ko","kommune","Ringsaker","Innlandet","SP","Senterpartiet",10,10
"2019","ko","kommune","Ringsaker","Innlandet","KRF","Kristelig Folkeparti",0,0
"2019","ko","kommune","Ringsaker","Innlandet","MDG","Miljøpartiet De Grønne",1,1
"2019","ko","kommune","Ringsaker","Innlandet","V","Venstre",0,0
"2019","ko","kommune","Ringsaker","Innlandet","H","Høyre",3,3
"2019","ko","kommune","Ringsaker","Innlandet","FRP","Fremskrittspartiet",2,2
"2019","ko","kommune","Ringsaker","Innlandet","PP","Pensjonistpartiet",2,2
"2019","ko","kommune","Ringsaker","Innlandet","BLANKE","Blanke",0,0
"2019","ko","kommune","Ringsaker","Innlandet","RSL","Ringsaklista",1,1
"2019","ko","kommune","Ringsaker","Innlandet","Andre","Andre",3,3
"2019","ko","kommune","Ringsaker","Innlandet","Andre2","Andre2",0,0
"2019","ko","kommune","Løten","Innlandet","A","Arbeiderpartiet",7,7
"2019","ko","kommune","Løten","Innlandet","SV","SV - Sosialistisk Venstreparti",1,1
"2019","ko","kommune","Løten","Innlandet","SP","Senterpartiet",14,14
"2019","ko","kommune","Løten","Innlandet","MDG","Miljøpartiet De Grønne",1,1
"2019","ko","kommune","Løten","Innlandet","V","Venstre",0,0
"2019","ko","kommune","Løten","Innlandet","H","Høyre",1,1
"2019","ko","kommune","Løten","Innlandet","FRP","Fremskrittspartiet",1,1
"2019","ko","kommune","Løten","Innlandet","BLANKE","Blanke",0,0
"2019","ko","kommune","Løten","Innlandet","Andre","Andre",0,0
"2019","ko","kommune","Løten","Innlandet","Andre2","Andre2",0,0
"2019","ko","kommune","Stange","Innlandet","A","Arbeiderpartiet",13,13
"2019","ko","kommune","Stange","Innlandet","SV","SV - Sosialistisk Venstreparti",2,2
"2019","ko","kommune","Stange","Innlandet","RØDT","Rødt",1,1
"2019","ko","kommune","Stange","Innlandet","SP","Senterpartiet",9,9
"2019","ko","kommune","Stange","Innlandet","KRF","Kristelig Folkeparti",1,1
"2019","ko","kommune","Stange","Innlandet","MDG","Miljøpartiet De Grønne",1,1
"2019","ko","kommune","Stange","Innlandet","V","Venstre",0,0
"2019","ko","kommune","Stange","Innlandet","H","Høyre",2,2
"2019","ko","kommune","Stange","Innlandet","FRP","Fremskrittspartiet",2,2
"2019","ko","kommune","Stange","Innlandet","KRISTNE","Partiet De Kristne",0,0
"2019","ko","kommune","Stange","Innlandet","PP","Pensjonistpartiet",0,0
"2019","ko","kommune","Stange","Innlandet","BLANKE","Blanke",0,0
"2019","ko","kommune","Stange","Innlandet","BLSTA","Bygdelista i Stange",1,1
"2019","ko","kommune","Stange","Innlandet","NLO","Nærmiljølista Ottestad",3,3
"2019","ko","kommune","Stange","Innlandet","Andre","Andre",4,4
"2019","ko","kommune","Stange","Innlandet","Andre2","Andre2",0,0
"2019","ko","kommune","Nord-Odal","Innlandet","A","Arbeiderpartiet",10,10
"2019","ko","kommune","Nord-Odal","Innlandet","SV","SV - Sosialistisk Venstreparti",2,2
"2019","ko","kommune","Nord-Odal","Innlandet","SP","Senterpartiet",9,9
"2019","ko","kommune","Nord-Odal","Innlandet","H","Høyre",2,2
"2019","ko","kommune","Nord-Odal","Innlandet","FRP","Fremskrittspartiet",2,2
"2019","ko","kommune","Nord-Odal","Innlandet","BLANKE","Blanke",0,0
"2019","ko","kommune","Nord-Odal","Innlandet","Andre","Andre",0,0
"2019","ko","kommune","Nord-Odal","Innlandet","Andre2","Andre2",0,0
"2019","ko","kommune","Sør-Odal","Innlandet","A","Arbeiderpartiet",10,10
"2019","ko","kommune","Sør-Odal","Innlandet","SV","SV - Sosialistisk Venstreparti",1,1
"2019","ko","kommune","Sør-Odal","Innlandet","RØDT","Rødt",1,1
"2019","ko","kommune","Sør-Odal","Innlandet","SP","Senterpartiet",5,5
"2019","ko","kommune","Sør-Odal","Innlandet","MDG","Miljøpartiet De Grønne",0,0
"2019","ko","kommune","Sør-Odal","Innlandet","V","Venstre",0,0
"2019","ko","kommune","Sør-Odal","Innlandet","H","Høyre",4,4
"2019","ko","kommune","Sør-Odal","Innlandet","FRP","Fremskrittspartiet",2,2
"2019","ko","kommune","Sør-Odal","Innlandet","LIBS","Liberalistene",0,0
"2019","ko","kommune","Sør-Odal","Innlandet","PP","Pensjonistpartiet",1,1
"2019","ko","kommune","Sør-Odal","Innlandet","BLANKE","Blanke",0,0
"2019","ko","kommune","Sør-Odal","Innlandet","SOBY","Sør-Odal Bygdeliste",3,3
"2019","ko","kommune","Sør-Odal","Innlandet","Andre","Andre",4,4
"2019","ko","kommune","Sør-Odal","Innlandet","Andre2","Andre2",0,0
"2019","ko","kommune","Eidskog","Innlandet","A","Arbeiderpartiet",9,9
"2019","ko","kommune","Eidskog","Innlandet","SV","SV - Sosialistisk Venstreparti",1,1
"2019","ko","kommune","Eidskog","Innlandet","SP","Senterpartiet",9,9
"2019","ko","kommune","Eidskog","Innlandet","MDG","Miljøpartiet De Grønne",0,0
"2019","ko","kommune","Eidskog","Innlandet","V","Venstre",1,1
"2019","ko","kommune","Eidskog","Innlandet","H","Høyre",3,3
"2019","ko","kommune","Eidskog","Innlandet","FRP","Fremskrittspartiet",2,2
"2019","ko","kommune","Eidskog","Innlandet","PP","Pensjonistpartiet",0,0
"2019","ko","kommune","Eidskog","Innlandet","BLANKE","Blanke",0,0
"2019","ko","kommune","Eidskog","Innlandet","Andre","Andre",0,0
"2019","ko","kommune","Eidskog","Innlandet","Andre2","Andre2",0,0
"2019","ko","kommune","Grue","Innlandet","A","Arbeiderpartiet",8,8
"2019","ko","kommune","Grue","Innlandet","SP","Senterpartiet",6,6
"2019","ko","kommune","Grue","Innlandet","H","Høyre",3,3
"2019","ko","kommune","Grue","Innlandet","FRP","Fremskrittspartiet",1,1
"2019","ko","kommune","Grue","Innlandet","BLANKE","Blanke",0,0
"2019","ko","kommune","Grue","Innlandet","GRB","Grue Bygdeliste",1,1
"2019","ko","kommune","Grue","Innlandet","Andre","Andre",1,1
"2019","ko","kommune","Grue","Innlandet","Andre2","Andre2",0,0
"2019","ko","kommune","Åsnes","Innlandet","A","Arbeiderpartiet",8,8
"2019","ko","kommune","Åsnes","Innlandet","SP","Senterpartiet",9,9
"2019","ko","kommune","Åsnes","Innlandet","V","Venstre",2,2
"2019","ko","kommune","Åsnes","Innlandet","H","Høyre",1,1
"2019","ko","kommune","Åsnes","Innlandet","FRP","Fremskrittspartiet",2,2
"2019","ko","kommune","Åsnes","Innlandet","PP","Pensjonistpartiet",1,1
"2019","ko","kommune","Åsnes","Innlandet","BLANKE","Blanke",0,0
"2019","ko","kommune","Åsnes","Innlandet","Andre","Andre",1,1
"2019","ko","kommune","Åsnes","Innlandet","Andre2","Andre2",0,0
"2019","ko","kommune","Våler","Innlandet","A","Arbeiderpartiet",4,4
"2019","ko","kommune","Våler","Innlandet","SV","SV - Sosialistisk Venstreparti",1,1
"2019","ko","kommune","Våler","Innlandet","SP","Senterpartiet",5,5
"2019","ko","kommune","Våler","Innlandet","V","Venstre",0,0
"2019","ko","kommune","Våler","Innlandet","H","Høyre",1,1
"2019","ko","kommune","Våler","Innlandet","FRP","Fremskrittspartiet",1,1
"2019","ko","kommune","Våler","Innlandet","PP","Pensjonistpartiet",1,1
"2019","ko","kommune","Våler","Innlandet","BLANKE","Blanke",0,0
"2019","ko","kommune","Våler","Innlandet","BVS","Bygdelista Våler i Solør",3,3
"2019","ko","kommune","Våler","Innlandet","FOLI","Folkelista",3,3
"2019","ko","kommune","Våler","Innlandet","Andre","Andre",7,7
"2019","ko","kommune","Våler","Innlandet","Andre2","Andre2",0,0
"2019","ko","kommune","Elverum","Innlandet","A","Arbeiderpartiet",13,13
"2019","ko","kommune","Elverum","Innlandet","SV","SV - Sosialistisk Venstreparti",4,4
"2019","ko","kommune","Elverum","Innlandet","SP","Senterpartiet",8,8
"2019","ko","kommune","Elverum","Innlandet","KRF","Kristelig Folkeparti",0,0
"2019","ko","kommune","Elverum","Innlandet","MDG","Miljøpartiet De Grønne",2,2
"2019","ko","kommune","Elverum","Innlandet","V","Venstre",0,0
"2019","ko","kommune","Elverum","Innlandet","H","Høyre",4,4
"2019","ko","kommune","Elverum","Innlandet","FRP","Fremskrittspartiet",3,3
"2019","ko","kommune","Elverum","Innlandet","PP","Pensjonistpartiet",1,1
"2019","ko","kommune","Elverum","Innlandet","BLANKE","Blanke",0,0
"2019","ko","kommune","Elverum","Innlandet","Andre","Andre",1,1
"2019","ko","kommune","Elverum","Innlandet","Andre2","Andre2",0,0
"2019","ko","kommune","Trysil","Innlandet","A","Arbeiderpartiet",8,8
"2019","ko","kommune","Trysil","Innlandet","SV","SV - Sosialistisk Venstreparti",1,1
"2019","ko","kommune","Trysil","Innlandet","SP","Senterpartiet",10,10
"2019","ko","kommune","Trysil","Innlandet","KRF","Kristelig Folkeparti",0,0
"2019","ko","kommune","Trysil","Innlandet","MDG","Miljøpartiet De Grønne",0,0
"2019","ko","kommune","Trysil","Innlandet","V","Venstre",0,0
"2019","ko","kommune","Trysil","Innlandet","H","Høyre",3,3
"2019","ko","kommune","Trysil","Innlandet","FRP","Fremskrittspartiet",1,1
"2019","ko","kommune","Trysil","Innlandet","BLANKE","Blanke",0,0
"2019","ko","kommune","Trysil","Innlandet","Andre","Andre",0,0
"2019","ko","kommune","Trysil","Innlandet","Andre2","Andre2",0,0
"2019","ko","kommune","Åmot","Innlandet","A","Arbeiderpartiet",6,6
"2019","ko","kommune","Åmot","Innlandet","SV","SV - Sosialistisk Venstreparti",2,2
"2019","ko","kommune","Åmot","Innlandet","SP","Senterpartiet",8,8
"2019","ko","kommune","Åmot","Innlandet","V","Venstre",0,0
"2019","ko","kommune","Åmot","Innlandet","H","Høyre",2,2
"2019","ko","kommune","Åmot","Innlandet","FRP","Fremskrittspartiet",1,1
"2019","ko","kommune","Åmot","Innlandet","BLANKE","Blanke",0,0
"2019","ko","kommune","Åmot","Innlandet","Andre","Andre",0,0
"2019","ko","kommune","Åmot","Innlandet","Andre2","Andre2",0,0
"2019","ko","kommune","Stor-Elvdal","Innlandet","A","Arbeiderpartiet",6,6
"2019","ko","kommune","Stor-Elvdal","Innlandet","SV","SV - Sosialistisk Venstreparti",2,2
"2019","ko","kommune","Stor-Elvdal","Innlandet","SP","Senterpartiet",5,5
"2019","ko","kommune","Stor-Elvdal","Innlandet","V","Venstre",1,1
"2019","ko","kommune","Stor-Elvdal","Innlandet","H","Høyre",2,2
"2019","ko","kommune","Stor-Elvdal","Innlandet","FRP","Fremskrittspartiet",1,1
"2019","ko","kommune","Stor-Elvdal","Innlandet","BLANKE","Blanke",0,0
"2019","ko","kommune","Stor-Elvdal","Innlandet","Andre","Andre",0,0
"2019","ko","kommune","Stor-Elvdal","Innlandet","Andre2","Andre2",0,0
"2019","ko","kommune","Rendalen","Innlandet","A","Arbeiderpartiet",9,9
"2019","ko","kommune","Rendalen","Innlandet","SV","SV - Sosialistisk Venstreparti",1,1
"2019","ko","kommune","Rendalen","Innlandet","SP","Senterpartiet",6,6
"2019","ko","kommune","Rendalen","Innlandet","H","Høyre",1,1
"2019","ko","kommune","Rendalen","Innlandet","BLANKE","Blanke",0,0
"2019","ko","kommune","Rendalen","Innlandet","Andre","Andre",0,0
"2019","ko","kommune","Rendalen","Innlandet","Andre2","Andre2",0,0
"2019","ko","kommune","Engerdal","Innlandet","A","Arbeiderpartiet",7,7
"2019","ko","kommune","Engerdal","Innlandet","H","Høyre",1,1
"2019","ko","kommune","Engerdal","Innlandet","BLANKE","Blanke",0,0
"2019","ko","kommune","Engerdal","Innlandet","SP_U","Samlingslista, Sp og uavhengige",7,7
"2019","ko","kommune","Engerdal","Innlandet","Andre","Andre",7,7
"2019","ko","kommune","Engerdal","Innlandet","Andre2","Andre2",0,0
"2019","ko","kommune","Tolga","Innlandet","A","Arbeiderpartiet",3,3
"2019","ko","kommune","Tolga","Innlandet","SV","SV - Sosialistisk Venstreparti",5,5
"2019","ko","kommune","Tolga","Innlandet","SP","Senterpartiet",6,6
"2019","ko","kommune","Tolga","Innlandet","V","Venstre",1,1
"2019","ko","kommune","Tolga","Innlandet","BLANKE","Blanke",0,0
"2019","ko","kommune","Tolga","Innlandet","Andre","Andre",0,0
"2019","ko","kommune","Tolga","Innlandet","Andre2","Andre2",0,0
"2019","ko","kommune","Tynset","Innlandet","A","Arbeiderpartiet",6,6
"2019","ko","kommune","Tynset","Innlandet","SV","SV - Sosialistisk Venstreparti",2,2
"2019","ko","kommune","Tynset","Innlandet","SP","Senterpartiet",14,14
"2019","ko","kommune","Tynset","Innlandet","KRF","Kristelig Folkeparti",0,0
"2019","ko","kommune","Tynset","Innlandet","MDG","Miljøpartiet De Grønne",1,1
"2019","ko","kommune","Tynset","Innlandet","V","Venstre",1,1
"2019","ko","kommune","Tynset","Innlandet","H","Høyre",2,2
"2019","ko","kommune","Tynset","Innlandet","FRP","Fremskrittspartiet",0,0
"2019","ko","kommune","Tynset","Innlandet","PP","Pensjonistpartiet",1,1
"2019","ko","kommune","Tynset","Innlandet","BLANKE","Blanke",0,0
"2019","ko","kommune","Tynset","Innlandet","Andre","Andre",1,1
"2019","ko","kommune","Tynset","Innlandet","Andre2","Andre2",0,0
"2019","ko","kommune","Alvdal","Innlandet","A","Arbeiderpartiet",4,4
"2019","ko","kommune","Alvdal","Innlandet","SP","Senterpartiet",7,7
"2019","ko","kommune","Alvdal","Innlandet","KRF","Kristelig Folkeparti",1,1
"2019","ko","kommune","Alvdal","Innlandet","MDG","Miljøpartiet De Grønne",1,1
"2019","ko","kommune","Alvdal","Innlandet","V","Venstre",0,0
"2019","ko","kommune","Alvdal","Innlandet","H","Høyre",4,4
"2019","ko","kommune","Alvdal","Innlandet","BLANKE","Blanke",0,0
"2019","ko","kommune","Alvdal","Innlandet","Andre","Andre",0,0
"2019","ko","kommune","Alvdal","Innlandet","Andre2","Andre2",0,0
"2019","ko","kommune","Folldal","Innlandet","A","Arbeiderpartiet",7,7
"2019","ko","kommune","Folldal","Innlandet","RØDT","Rødt",2,2
"2019","ko","kommune","Folldal","Innlandet","SP","Senterpartiet",6,6
"2019","ko","kommune","Folldal","Innlandet","BLANKE","Blanke",0,0
"2019","ko","kommune","Folldal","Innlandet","SL","Samlingslista",2,2
"2019","ko","kommune","Folldal","Innlandet","Andre","Andre",2,2
"2019","ko","kommune","Folldal","Innlandet","Andre2","Andre2",0,0
"2019","ko","kommune","Os","Innlandet","A","Arbeiderpartiet",4,4
"2019","ko","kommune","Os","Innlandet","SV","SV - Sosialistisk Venstreparti",2,2
"2019","ko","kommune","Os","Innlandet","SP","Senterpartiet",8,8
"2019","ko","kommune","Os","Innlandet","KRF","Kristelig Folkeparti",1,1
"2019","ko","kommune","Os","Innlandet","BLANKE","Blanke",0,0
"2019","ko","kommune","Os","Innlandet","Andre","Andre",0,0
"2019","ko","kommune","Os","Innlandet","Andre2","Andre2",0,0
"2019","ko","kommune","Dovre","Innlandet","A","Arbeiderpartiet",5,5
"2019","ko","kommune","Dovre","Innlandet","SP","Senterpartiet",5,5
"2019","ko","kommune","Dovre","Innlandet","H","Høyre",2,2
"2019","ko","kommune","Dovre","Innlandet","BLANKE","Blanke",0,0
"2019","ko","kommune","Dovre","Innlandet","DOV","Dovrelista",5,5
"2019","ko","kommune","Dovre","Innlandet","Andre","Andre",5,5
"2019","ko","kommune","Dovre","Innlandet","Andre2","Andre2",0,0
"2019","ko","kommune","Lesja","Innlandet","A","Arbeiderpartiet",7,7
"2019","ko","kommune","Lesja","Innlandet","SP","Senterpartiet",8,8
"2019","ko","kommune","Lesja","Innlandet","H","Høyre",2,2
"2019","ko","kommune","Lesja","Innlandet","BLANKE","Blanke",0,0
"2019","ko","kommune","Lesja","Innlandet","Andre","Andre",0,0
"2019","ko","kommune","Lesja","Innlandet","Andre2","Andre2",0,0
"2019","ko","kommune","Skjåk","Innlandet","A","Arbeiderpartiet",4,4
"2019","ko","kommune","Skjåk","Innlandet","SP","Senterpartiet",11,11
"2019","ko","kommune","Skjåk","Innlandet","BLANKE","Blanke",0,0
"2019","ko","kommune","Skjåk","Innlandet","BS","Bygdalista i Skjåk",2,2
"2019","ko","kommune","Skjåk","Innlandet","Andre","Andre",2,2
"2019","ko","kommune","Skjåk","Innlandet","Andre2","Andre2",0,0
"2019","ko","kommune","Lom","Innlandet","A","Arbeiderpartiet",4,4
"2019","ko","kommune","Lom","Innlandet","SP","Senterpartiet",7,7
"2019","ko","kommune","Lom","Innlandet","BLANKE","Blanke",0,0
"2019","ko","kommune","Lom","Innlandet","BLLOM","Bygdalista",2,2
"2019","ko","kommune","Lom","Innlandet","LOMSL","Lomslista",4,4
"2019","ko","kommune","Lom","Innlandet","Andre","Andre",6,6
"2019","ko","kommune","Lom","Innlandet","Andre2","Andre2",0,0
"2019","ko","kommune","Vågå","Innlandet","A","Arbeiderpartiet",5,5
"2019","ko","kommune","Vågå","Innlandet","SV","SV - Sosialistisk Venstreparti",2,2
"2019","ko","kommune","Vågå","Innlandet","SP","Senterpartiet",6,6
"2019","ko","kommune","Vågå","Innlandet","BLANKE","Blanke",0,0
"2019","ko","kommune","Vågå","Innlandet","BLTS","Bygdalista i Vågå",4,4
"2019","ko","kommune","Vågå","Innlandet","Andre","Andre",4,4
"2019","ko","kommune","Vågå","Innlandet","Andre2","Andre2",0,0
"2019","ko","kommune","Nord-Fron","Innlandet","A","Arbeiderpartiet",15,15
"2019","ko","kommune","Nord-Fron","Innlandet","SP","Senterpartiet",7,7
"2019","ko","kommune","Nord-Fron","Innlandet","KRF","Kristelig Folkeparti",0,0
"2019","ko","kommune","Nord-Fron","Innlandet","H","Høyre",2,2
"2019","ko","kommune","Nord-Fron","Innlandet","FRP","Fremskrittspartiet",1,1
"2019","ko","kommune","Nord-Fron","Innlandet","BLANKE","Blanke",0,0
"2019","ko","kommune","Nord-Fron","Innlandet","Andre","Andre",0,0
"2019","ko","kommune","Nord-Fron","Innlandet","Andre2","Andre2",0,0
"2019","ko","kommune","Sel","Innlandet","A","Arbeiderpartiet",7,7
"2019","ko","kommune","Sel","Innlandet","SV","SV - Sosialistisk Venstreparti",1,1
"2019","ko","kommune","Sel","Innlandet","SP","Senterpartiet",15,15
"2019","ko","kommune","Sel","Innlandet","MDG","Miljøpartiet De Grønne",1,1
"2019","ko","kommune","Sel","Innlandet","H","Høyre",1,1
"2019","ko","kommune","Sel","Innlandet","FRP","Fremskrittspartiet",0,0
"2019","ko","kommune","Sel","Innlandet","BLANKE","Blanke",0,0
"2019","ko","kommune","Sel","Innlandet","Andre","Andre",0,0
"2019","ko","kommune","Sel","Innlandet","Andre2","Andre2",0,0
"2019","ko","kommune","Sør-Fron","Innlandet","A","Arbeiderpartiet",6,6
"2019","ko","kommune","Sør-Fron","Innlandet","RØDT","Rødt",0,0
"2019","ko","kommune","Sør-Fron","Innlandet","SP","Senterpartiet",10,10
"2019","ko","kommune","Sør-Fron","Innlandet","H","Høyre",1,1
"2019","ko","kommune","Sør-Fron","Innlandet","BLANKE","Blanke",0,0
"2019","ko","kommune","Sør-Fron","Innlandet","SFBY","Sør-Fron Bygdaliste",2,2
"2019","ko","kommune","Sør-Fron","Innlandet","Andre","Andre",2,2
"2019","ko","kommune","Sør-Fron","Innlandet","Andre2","Andre2",0,0
"2019","ko","kommune","Ringebu","Innlandet","A","Arbeiderpartiet",11,11
"2019","ko","kommune","Ringebu","Innlandet","SP","Senterpartiet",6,6
"2019","ko","kommune","Ringebu","Innlandet","MDG","Miljøpartiet De Grønne",1,1
"2019","ko","kommune","Ringebu","Innlandet","BLANKE","Blanke",0,0
"2019","ko","kommune","Ringebu","Innlandet","FH_V","Fellesliste Høyre - Venstre",1,1
"2019","ko","kommune","Ringebu","Innlandet","TVLRING","Tverrpolitisk liste",2,2
"2019","ko","kommune","Ringebu","Innlandet","Andre","Andre",3,3
"2019","ko","kommune","Ringebu","Innlandet","Andre2","Andre2",0,0
"2019","ko","kommune","Øyer","Innlandet","A","Arbeiderpartiet",7,7
"2019","ko","kommune","Øyer","Innlandet","SV","SV - Sosialistisk Venstreparti",2,2
"2019","ko","kommune","Øyer","Innlandet","SP","Senterpartiet",10,10
"2019","ko","kommune","Øyer","Innlandet","KRF","Kristelig Folkeparti",0,0
"2019","ko","kommune","Øyer","Innlandet","H","Høyre",2,2
"2019","ko","kommune","Øyer","Innlandet","BLANKE","Blanke",0,0
"2019","ko","kommune","Øyer","Innlandet","Andre","Andre",0,0
"2019","ko","kommune","Øyer","Innlandet","Andre2","Andre2",0,0
"2019","ko","kommune","Gausdal","Innlandet","A","Arbeiderpartiet",9,9
"2019","ko","kommune","Gausdal","Innlandet","SP","Senterpartiet",10,10
"2019","ko","kommune","Gausdal","Innlandet","MDG","Miljøpartiet De Grønne",1,1
"2019","ko","kommune","Gausdal","Innlandet","BLANKE","Blanke",0,0
"2019","ko","kommune","Gausdal","Innlandet","BYG","Bygdalista i Gausdal",2,2
"2019","ko","kommune","Gausdal","Innlandet","FRP_H_V","Tverrpolitisk liste for Fremskrittspartiet, Høyre og Venstre",1,1
"2019","ko","kommune","Gausdal","Innlandet","Andre","Andre",3,3
"2019","ko","kommune","Gausdal","Innlandet","Andre2","Andre2",0,0
"2019","ko","kommune","Østre Toten","Innlandet","A","Arbeiderpartiet",11,11
"2019","ko","kommune","Østre Toten","Innlandet","SV","SV - Sosialistisk Venstreparti",1,1
"2019","ko","kommune","Østre Toten","Innlandet","RØDT","Rødt",1,1
"2019","ko","kommune","Østre Toten","Innlandet","SP","Senterpartiet",9,9
"2019","ko","kommune","Østre Toten","Innlandet","KRF","Kristelig Folkeparti",0,0
"2019","ko","kommune","Østre Toten","Innlandet","MDG","Miljøpartiet De Grønne",1,1
"2019","ko","kommune","Østre Toten","Innlandet","V","Venstre",1,1
"2019","ko","kommune","Østre Toten","Innlandet","H","Høyre",3,3
"2019","ko","kommune","Østre Toten","Innlandet","FRP","Fremskrittspartiet",2,2
"2019","ko","kommune","Østre Toten","Innlandet","PP","Pensjonistpartiet",0,0
"2019","ko","kommune","Østre Toten","Innlandet","BLANKE","Blanke",0,0
"2019","ko","kommune","Østre Toten","Innlandet","Andre","Andre",0,0
"2019","ko","kommune","Østre Toten","Innlandet","Andre2","Andre2",0,0
"2019","ko","kommune","Vestre Toten","Innlandet","A","Arbeiderpartiet",13,13
"2019","ko","kommune","Vestre Toten","Innlandet","SV","SV - Sosialistisk Venstreparti",1,1
"2019","ko","kommune","Vestre Toten","Innlandet","RØDT","Rødt",1,1
"2019","ko","kommune","Vestre Toten","Innlandet","SP","Senterpartiet",7,7
"2019","ko","kommune","Vestre Toten","Innlandet","KRF","Kristelig Folkeparti",0,0
"2019","ko","kommune","Vestre Toten","Innlandet","MDG","Miljøpartiet De Grønne",1,1
"2019","ko","kommune","Vestre Toten","Innlandet","V","Venstre",0,0
"2019","ko","kommune","Vestre Toten","Innlandet","H","Høyre",5,5
"2019","ko","kommune","Vestre Toten","Innlandet","FRP","Fremskrittspartiet",3,3
"2019","ko","kommune","Vestre Toten","Innlandet","BLANKE","Blanke",0,0
"2019","ko","kommune","Vestre Toten","Innlandet","Andre","Andre",0,0
"2019","ko","kommune","Vestre Toten","Innlandet","Andre2","Andre2",0,0
"2019","ko","kommune","Gran","Innlandet","A","Arbeiderpartiet",8,8
"2019","ko","kommune","Gran","Innlandet","SP","Senterpartiet",6,6
"2019","ko","kommune","Gran","Innlandet","MDG","Miljøpartiet De Grønne",0,0
"2019","ko","kommune","Gran","Innlandet","V","Venstre",0,0
"2019","ko","kommune","Gran","Innlandet","H","Høyre",3,3
"2019","ko","kommune","Gran","Innlandet","FRP","Fremskrittspartiet",1,1
"2019","ko","kommune","Gran","Innlandet","BLANKE","Blanke",0,0
"2019","ko","kommune","Gran","Innlandet","GBL","Gran Bygdeliste",8,8
"2019","ko","kommune","Gran","Innlandet","SVRØ","Fellesliste for SV - Sosialistisk Venstreparti og Rødt",1,1
"2019","ko","kommune","Gran","Innlandet","Andre","Andre",9,9
"2019","ko","kommune","Gran","Innlandet","Andre2","Andre2",0,0
"2019","ko","kommune","Søndre Land","Innlandet","A","Arbeiderpartiet",9,9
"2019","ko","kommune","Søndre Land","Innlandet","SV","SV - Sosialistisk Venstreparti",1,1
"2019","ko","kommune","Søndre Land","Innlandet","RØDT","Rødt",1,1
"2019","ko","kommune","Søndre Land","Innlandet","SP","Senterpartiet",4,4
"2019","ko","kommune","Søndre Land","Innlandet","KRF","Kristelig Folkeparti",0,0
"2019","ko","kommune","Søndre Land","Innlandet","MDG","Miljøpartiet De Grønne",0,0
"2019","ko","kommune","Søndre Land","Innlandet","V","Venstre",1,1
"2019","ko","kommune","Søndre Land","Innlandet","H","Høyre",4,4
"2019","ko","kommune","Søndre Land","Innlandet","BLANKE","Blanke",0,0
"2019","ko","kommune","Søndre Land","Innlandet","SLB","Søndre Land Bygdeliste",5,5
"2019","ko","kommune","Søndre Land","Innlandet","Andre","Andre",5,5
"2019","ko","kommune","Søndre Land","Innlandet","Andre2","Andre2",0,0
"2019","ko","kommune","Nordre Land","Innlandet","A","Arbeiderpartiet",11,11
"2019","ko","kommune","Nordre Land","Innlandet","SV","SV - Sosialistisk Venstreparti",2,2
"2019","ko","kommune","Nordre Land","Innlandet","SP","Senterpartiet",11,11
"2019","ko","kommune","Nordre Land","Innlandet","KRF","Kristelig Folkeparti",0,0
"2019","ko","kommune","Nordre Land","Innlandet","MDG","Miljøpartiet De Grønne",0,0
"2019","ko","kommune","Nordre Land","Innlandet","H","Høyre",2,2
"2019","ko","kommune","Nordre Land","Innlandet","BLANKE","Blanke",0,0
"2019","ko","kommune","Nordre Land","Innlandet","BNL","Bygdelista for Nordre Land",1,1
"2019","ko","kommune","Nordre Land","Innlandet","Andre","Andre",1,1
"2019","ko","kommune","Nordre Land","Innlandet","Andre2","Andre2",0,0
"2019","ko","kommune","Sør-Aurdal","Innlandet","A","Arbeiderpartiet",6,6
"2019","ko","kommune","Sør-Aurdal","Innlandet","SP","Senterpartiet",9,9
"2019","ko","kommune","Sør-Aurdal","Innlandet","H","Høyre",2,2
"2019","ko","kommune","Sør-Aurdal","Innlandet","FRP","Fremskrittspartiet",1,1
"2019","ko","kommune","Sør-Aurdal","Innlandet","BLANKE","Blanke",0,0
"2019","ko","kommune","Sør-Aurdal","Innlandet","TPK","Tverrpolitisk Kommuneliste",1,1
"2019","ko","kommune","Sør-Aurdal","Innlandet","Andre","Andre",1,1
"2019","ko","kommune","Sør-Aurdal","Innlandet","Andre2","Andre2",0,0
"2019","ko","kommune","Etnedal","Innlandet","A","Arbeiderpartiet",5,5
"2019","ko","kommune","Etnedal","Innlandet","SP","Senterpartiet",7,7
"2019","ko","kommune","Etnedal","Innlandet","FRP","Fremskrittspartiet",1,1
"2019","ko","kommune","Etnedal","Innlandet","BLANKE","Blanke",0,0
"2019","ko","kommune","Etnedal","Innlandet","FO","Folkelista for Etnedal",0,0
"2019","ko","kommune","Etnedal","Innlandet","HKV","Høyre, Kristelig Folkeparti og Venstre",2,2
"2019","ko","kommune","Etnedal","Innlandet","Andre","Andre",2,2
"2019","ko","kommune","Etnedal","Innlandet","Andre2","Andre2",0,0
"2019","ko","kommune","Nord-Aurdal","Innlandet","A","Arbeiderpartiet",6,6
"2019","ko","kommune","Nord-Aurdal","Innlandet","SV","SV - Sosialistisk Venstreparti",1,1
"2019","ko","kommune","Nord-Aurdal","Innlandet","SP","Senterpartiet",8,8
"2019","ko","kommune","Nord-Aurdal","Innlandet","KRF","Kristelig Folkeparti",0,0
"2019","ko","kommune","Nord-Aurdal","Innlandet","V","Venstre",2,2
"2019","ko","kommune","Nord-Aurdal","Innlandet","H","Høyre",2,2
"2019","ko","kommune","Nord-Aurdal","Innlandet","FRP","Fremskrittspartiet",2,2
"2019","ko","kommune","Nord-Aurdal","Innlandet","BLANKE","Blanke",0,0
"2019","ko","kommune","Nord-Aurdal","Innlandet","Andre","Andre",0,0
"2019","ko","kommune","Nord-Aurdal","Innlandet","Andre2","Andre2",0,0
"2019","ko","kommune","Vestre Slidre","Innlandet","A","Arbeiderpartiet",3,3
"2019","ko","kommune","Vestre Slidre","Innlandet","SP","Senterpartiet",9,9
"2019","ko","kommune","Vestre Slidre","Innlandet","MDG","Miljøpartiet De Grønne",1,1
"2019","ko","kommune","Vestre Slidre","Innlandet","BLANKE","Blanke",0,0
"2019","ko","kommune","Vestre Slidre","Innlandet","BLVS","Bygdeliste",4,4
"2019","ko","kommune","Vestre Slidre","Innlandet","Andre","Andre",4,4
"2019","ko","kommune","Vestre Slidre","Innlandet","Andre2","Andre2",0,0
"2019","ko","kommune","Øystre Slidre","Innlandet","A","Arbeiderpartiet",5,5
"2019","ko","kommune","Øystre Slidre","Innlandet","SV","SV - Sosialistisk Venstreparti",1,1
"2019","ko","kommune","Øystre Slidre","Innlandet","SP","Senterpartiet",11,11
"2019","ko","kommune","Øystre Slidre","Innlandet","V","Venstre",1,1
"2019","ko","kommune","Øystre Slidre","Innlandet","H","Høyre",3,3
"2019","ko","kommune","Øystre Slidre","Innlandet","BLANKE","Blanke",0,0
"2019","ko","kommune","Øystre Slidre","Innlandet","Andre","Andre",0,0
"2019","ko","kommune","Øystre Slidre","Innlandet","Andre2","Andre2",0,0
"2019","ko","kommune","Vang","Innlandet","A","Arbeiderpartiet",9,9
"2019","ko","kommune","Vang","Innlandet","SP","Senterpartiet",4,4
"2019","ko","kommune","Vang","Innlandet","MDG","Miljøpartiet De Grønne",1,1
"2019","ko","kommune","Vang","Innlandet","BLANKE","Blanke",0,0
"2019","ko","kommune","Vang","Innlandet","BLV","Bygdelista i Vang",3,3
"2019","ko","kommune","Vang","Innlandet","Andre","Andre",3,3
"2019","ko","kommune","Vang","Innlandet","Andre2","Andre2",0,0
"2019","ko","kommune","Horten","Vestfold og Telemark","A","Arbeiderpartiet",18,18
"2019","ko","kommune","Horten","Vestfold og Telemark","SV","SV - Sosialistisk Venstreparti",1,1
"2019","ko","kommune","Horten","Vestfold og Telemark","RØDT","Rødt",3,3
"2019","ko","kommune","Horten","Vestfold og Telemark","SP","Senterpartiet",2,2
"2019","ko","kommune","Horten","Vestfold og Telemark","KRF","Kristelig Folkeparti",1,1
"2019","ko","kommune","Horten","Vestfold og Telemark","MDG","Miljøpartiet De Grønne",3,3
"2019","ko","kommune","Horten","Vestfold og Telemark","V","Venstre",1,1
"2019","ko","kommune","Horten","Vestfold og Telemark","H","Høyre",9,9
"2019","ko","kommune","Horten","Vestfold og Telemark","FRP","Fremskrittspartiet",3,3
"2019","ko","kommune","Horten","Vestfold og Telemark","BLANKE","Blanke",0,0
"2019","ko","kommune","Horten","Vestfold og Telemark","Andre","Andre",0,0
"2019","ko","kommune","Horten","Vestfold og Telemark","Andre2","Andre2",0,0
"2019","ko","kommune","Holmestrand","Vestfold og Telemark","A","Arbeiderpartiet",11,11
"2019","ko","kommune","Holmestrand","Vestfold og Telemark","SV","SV - Sosialistisk Venstreparti",1,1
"2019","ko","kommune","Holmestrand","Vestfold og Telemark","RØDT","Rødt",1,1
"2019","ko","kommune","Holmestrand","Vestfold og Telemark","SP","Senterpartiet",4,4
"2019","ko","kommune","Holmestrand","Vestfold og Telemark","KRF","Kristelig Folkeparti",1,1
"2019","ko","kommune","Holmestrand","Vestfold og Telemark","MDG","Miljøpartiet De Grønne",2,2
"2019","ko","kommune","Holmestrand","Vestfold og Telemark","V","Venstre",0,0
"2019","ko","kommune","Holmestrand","Vestfold og Telemark","H","Høyre",11,11
"2019","ko","kommune","Holmestrand","Vestfold og Telemark","FRP","Fremskrittspartiet",4,4
"2019","ko","kommune","Holmestrand","Vestfold og Telemark","KRISTNE","Partiet De Kristne",0,0
"2019","ko","kommune","Holmestrand","Vestfold og Telemark","BLANKE","Blanke",0,0
"2019","ko","kommune","Holmestrand","Vestfold og Telemark","Andre","Andre",0,0
"2019","ko","kommune","Holmestrand","Vestfold og Telemark","Andre2","Andre2",0,0
"2019","ko","kommune","Tønsberg","Vestfold og Telemark","A","Arbeiderpartiet",13,13
"2019","ko","kommune","Tønsberg","Vestfold og Telemark","SV","SV - Sosialistisk Venstreparti",3,3
"2019","ko","kommune","Tønsberg","Vestfold og Telemark","RØDT","Rødt",1,1
"2019","ko","kommune","Tønsberg","Vestfold og Telemark","SP","Senterpartiet",6,6
"2019","ko","kommune","Tønsberg","Vestfold og Telemark","KRF","Kristelig Folkeparti",2,2
"2019","ko","kommune","Tønsberg","Vestfold og Telemark","MDG","Miljøpartiet De Grønne",4,4
"2019","ko","kommune","Tønsberg","Vestfold og Telemark","V","Venstre",2,2
"2019","ko","kommune","Tønsberg","Vestfold og Telemark","H","Høyre",13,13
"2019","ko","kommune","Tønsberg","Vestfold og Telemark","FRP","Fremskrittspartiet",5,5
"2019","ko","kommune","Tønsberg","Vestfold og Telemark","KRISTNE","Partiet De Kristne",0,0
"2019","ko","kommune","Tønsberg","Vestfold og Telemark","LIBS","Liberalistene",0,0
"2019","ko","kommune","Tønsberg","Vestfold og Telemark","BLANKE","Blanke",0,0
"2019","ko","kommune","Tønsberg","Vestfold og Telemark","Andre","Andre",0,0
"2019","ko","kommune","Tønsberg","Vestfold og Telemark","Andre2","Andre2",0,0
"2019","ko","kommune","Sandefjord","Vestfold og Telemark","A","Arbeiderpartiet",12,12
"2019","ko","kommune","Sandefjord","Vestfold og Telemark","SV","SV - Sosialistisk Venstreparti",2,2
"2019","ko","kommune","Sandefjord","Vestfold og Telemark","RØDT","Rødt",1,1
"2019","ko","kommune","Sandefjord","Vestfold og Telemark","SP","Senterpartiet",5,5
"2019","ko","kommune","Sandefjord","Vestfold og Telemark","KRF","Kristelig Folkeparti",1,1
"2019","ko","kommune","Sandefjord","Vestfold og Telemark","MDG","Miljøpartiet De Grønne",2,2
"2019","ko","kommune","Sandefjord","Vestfold og Telemark","V","Venstre",3,3
"2019","ko","kommune","Sandefjord","Vestfold og Telemark","H","Høyre",15,15
"2019","ko","kommune","Sandefjord","Vestfold og Telemark","FRP","Fremskrittspartiet",4,4
"2019","ko","kommune","Sandefjord","Vestfold og Telemark","DEMN","Demokratene",0,0
"2019","ko","kommune","Sandefjord","Vestfold og Telemark","KRISTNE","Partiet De Kristne",0,0
"2019","ko","kommune","Sandefjord","Vestfold og Telemark","LIBS","Liberalistene",0,0
"2019","ko","kommune","Sandefjord","Vestfold og Telemark","BLANKE","Blanke",0,0
"2019","ko","kommune","Sandefjord","Vestfold og Telemark","Andre","Andre",0,0
"2019","ko","kommune","Sandefjord","Vestfold og Telemark","Andre2","Andre2",0,0
"2019","ko","kommune","Larvik","Vestfold og Telemark","A","Arbeiderpartiet",9,9
"2019","ko","kommune","Larvik","Vestfold og Telemark","SV","SV - Sosialistisk Venstreparti",2,2
"2019","ko","kommune","Larvik","Vestfold og Telemark","RØDT","Rødt",2,2
"2019","ko","kommune","Larvik","Vestfold og Telemark","SP","Senterpartiet",5,5
"2019","ko","kommune","Larvik","Vestfold og Telemark","KRF","Kristelig Folkeparti",2,2
"2019","ko","kommune","Larvik","Vestfold og Telemark","MDG","Miljøpartiet De Grønne",2,2
"2019","ko","kommune","Larvik","Vestfold og Telemark","V","Venstre",1,1
"2019","ko","kommune","Larvik","Vestfold og Telemark","H","Høyre",8,8
"2019","ko","kommune","Larvik","Vestfold og Telemark","FRP","Fremskrittspartiet",6,6
"2019","ko","kommune","Larvik","Vestfold og Telemark","KRISTNE","Partiet De Kristne",0,0
"2019","ko","kommune","Larvik","Vestfold og Telemark","LIBS","Liberalistene",0,0
"2019","ko","kommune","Larvik","Vestfold og Telemark","BL","BedreLarvik",4,4
"2019","ko","kommune","Larvik","Vestfold og Telemark","BLANKE","Blanke",0,0
"2019","ko","kommune","Larvik","Vestfold og Telemark","Andre","Andre",4,4
"2019","ko","kommune","Larvik","Vestfold og Telemark","Andre2","Andre2",0,0
"2019","ko","kommune","Porsgrunn","Vestfold og Telemark","A","Arbeiderpartiet",18,18
"2019","ko","kommune","Porsgrunn","Vestfold og Telemark","SV","SV - Sosialistisk Venstreparti",3,3
"2019","ko","kommune","Porsgrunn","Vestfold og Telemark","RØDT","Rødt",3,3
"2019","ko","kommune","Porsgrunn","Vestfold og Telemark","SP","Senterpartiet",5,5
"2019","ko","kommune","Porsgrunn","Vestfold og Telemark","KRF","Kristelig Folkeparti",3,3
"2019","ko","kommune","Porsgrunn","Vestfold og Telemark","MDG","Miljøpartiet De Grønne",3,3
"2019","ko","kommune","Porsgrunn","Vestfold og Telemark","V","Venstre",2,2
"2019","ko","kommune","Porsgrunn","Vestfold og Telemark","H","Høyre",7,7
"2019","ko","kommune","Porsgrunn","Vestfold og Telemark","FRP","Fremskrittspartiet",4,4
"2019","ko","kommune","Porsgrunn","Vestfold og Telemark","FNB","Folkeaksjonen Nei til mer bompenger",1,1
"2019","ko","kommune","Porsgrunn","Vestfold og Telemark","KRISTNE","Partiet De Kristne",0,0
"2019","ko","kommune","Porsgrunn","Vestfold og Telemark","LIBS","Liberalistene",0,0
"2019","ko","kommune","Porsgrunn","Vestfold og Telemark","BLANKE","Blanke",0,0
"2019","ko","kommune","Porsgrunn","Vestfold og Telemark","Andre","Andre",1,1
"2019","ko","kommune","Porsgrunn","Vestfold og Telemark","Andre2","Andre2",0,0
"2019","ko","kommune","Skien","Vestfold og Telemark","A","Arbeiderpartiet",18,18
"2019","ko","kommune","Skien","Vestfold og Telemark","SV","SV - Sosialistisk Venstreparti",3,3
"2019","ko","kommune","Skien","Vestfold og Telemark","RØDT","Rødt",3,3
"2019","ko","kommune","Skien","Vestfold og Telemark","SP","Senterpartiet",6,6
"2019","ko","kommune","Skien","Vestfold og Telemark","KRF","Kristelig Folkeparti",3,3
"2019","ko","kommune","Skien","Vestfold og Telemark","MDG","Miljøpartiet De Grønne",3,3
"2019","ko","kommune","Skien","Vestfold og Telemark","V","Venstre",1,1
"2019","ko","kommune","Skien","Vestfold og Telemark","H","Høyre",10,10
"2019","ko","kommune","Skien","Vestfold og Telemark","FRP","Fremskrittspartiet",5,5
"2019","ko","kommune","Skien","Vestfold og Telemark","FNB","Folkeaksjonen Nei til mer bompenger",1,1
"2019","ko","kommune","Skien","Vestfold og Telemark","KRISTNE","Partiet De Kristne",0,0
"2019","ko","kommune","Skien","Vestfold og Telemark","LIBS","Liberalistene",0,0
"2019","ko","kommune","Skien","Vestfold og Telemark","BLANKE","Blanke",0,0
"2019","ko","kommune","Skien","Vestfold og Telemark","BYPA","Bypartiet",2,2
"2019","ko","kommune","Skien","Vestfold og Telemark","Andre","Andre",3,3
"2019","ko","kommune","Skien","Vestfold og Telemark","Andre2","Andre2",0,0
"2019","ko","kommune","Notodden","Vestfold og Telemark","A","Arbeiderpartiet",14,14
"2019","ko","kommune","Notodden","Vestfold og Telemark","SV","SV - Sosialistisk Venstreparti",3,3
"2019","ko","kommune","Notodden","Vestfold og Telemark","RØDT","Rødt",3,3
"2019","ko","kommune","Notodden","Vestfold og Telemark","SP","Senterpartiet",6,6
"2019","ko","kommune","Notodden","Vestfold og Telemark","KRF","Kristelig Folkeparti",3,3
"2019","ko","kommune","Notodden","Vestfold og Telemark","MDG","Miljøpartiet De Grønne",1,1
"2019","ko","kommune","Notodden","Vestfold og Telemark","V","Venstre",1,1
"2019","ko","kommune","Notodden","Vestfold og Telemark","H","Høyre",7,7
"2019","ko","kommune","Notodden","Vestfold og Telemark","FRP","Fremskrittspartiet",2,2
"2019","ko","kommune","Notodden","Vestfold og Telemark","KRISTNE","Partiet De Kristne",1,1
"2019","ko","kommune","Notodden","Vestfold og Telemark","BLANKE","Blanke",0,0
"2019","ko","kommune","Notodden","Vestfold og Telemark","Andre","Andre",1,1
"2019","ko","kommune","Notodden","Vestfold og Telemark","Andre2","Andre2",0,0
"2019","ko","kommune","Færder","Vestfold og Telemark","A","Arbeiderpartiet",9,9
"2019","ko","kommune","Færder","Vestfold og Telemark","SP","Senterpartiet",5,5
"2019","ko","kommune","Færder","Vestfold og Telemark","KRF","Kristelig Folkeparti",1,1
"2019","ko","kommune","Færder","Vestfold og Telemark","MDG","Miljøpartiet De Grønne",4,4
"2019","ko","kommune","Færder","Vestfold og Telemark","V","Venstre",2,2
"2019","ko","kommune","Færder","Vestfold og Telemark","H","Høyre",10,10
"2019","ko","kommune","Færder","Vestfold og Telemark","FRP","Fremskrittspartiet",4,4
"2019","ko","kommune","Færder","Vestfold og Telemark","KRISTNE","Partiet De Kristne",0,0
"2019","ko","kommune","Færder","Vestfold og Telemark","BLANKE","Blanke",0,0
"2019","ko","kommune","Færder","Vestfold og Telemark","RV_SV","Felleslista for Sosialistisk Venstreparti og Rødt",4,4
"2019","ko","kommune","Færder","Vestfold og Telemark","Andre","Andre",4,4
"2019","ko","kommune","Færder","Vestfold og Telemark","Andre2","Andre2",0,0
"2019","ko","kommune","Siljan","Vestfold og Telemark","A","Arbeiderpartiet",6,6
"2019","ko","kommune","Siljan","Vestfold og Telemark","SV","SV - Sosialistisk Venstreparti",1,1
"2019","ko","kommune","Siljan","Vestfold og Telemark","SP","Senterpartiet",7,7
"2019","ko","kommune","Siljan","Vestfold og Telemark","KRF","Kristelig Folkeparti",1,1
"2019","ko","kommune","Siljan","Vestfold og Telemark","H","Høyre",2,2
"2019","ko","kommune","Siljan","Vestfold og Telemark","BLANKE","Blanke",0,0
"2019","ko","kommune","Siljan","Vestfold og Telemark","Andre","Andre",0,0
"2019","ko","kommune","Siljan","Vestfold og Telemark","Andre2","Andre2",0,0
"2019","ko","kommune","Bamble","Vestfold og Telemark","A","Arbeiderpartiet",12,12
"2019","ko","kommune","Bamble","Vestfold og Telemark","SV","SV - Sosialistisk Venstreparti",1,1
"2019","ko","kommune","Bamble","Vestfold og Telemark","RØDT","Rødt",2,2
"2019","ko","kommune","Bamble","Vestfold og Telemark","SP","Senterpartiet",5,5
"2019","ko","kommune","Bamble","Vestfold og Telemark","KRF","Kristelig Folkeparti",1,1
"2019","ko","kommune","Bamble","Vestfold og Telemark","MDG","Miljøpartiet De Grønne",1,1
"2019","ko","kommune","Bamble","Vestfold og Telemark","V","Venstre",0,0
"2019","ko","kommune","Bamble","Vestfold og Telemark","H","Høyre",4,4
"2019","ko","kommune","Bamble","Vestfold og Telemark","FRP","Fremskrittspartiet",6,6
"2019","ko","kommune","Bamble","Vestfold og Telemark","BLANKE","Blanke",0,0
"2019","ko","kommune","Bamble","Vestfold og Telemark","SFB","Sammen for Bamble",1,1
"2019","ko","kommune","Bamble","Vestfold og Telemark","Andre","Andre",1,1
"2019","ko","kommune","Bamble","Vestfold og Telemark","Andre2","Andre2",0,0
"2019","ko","kommune","Kragerø","Vestfold og Telemark","A","Arbeiderpartiet",8,8
"2019","ko","kommune","Kragerø","Vestfold og Telemark","SV","SV - Sosialistisk Venstreparti",1,1
"2019","ko","kommune","Kragerø","Vestfold og Telemark","RØDT","Rødt",4,4
"2019","ko","kommune","Kragerø","Vestfold og Telemark","SP","Senterpartiet",7,7
"2019","ko","kommune","Kragerø","Vestfold og Telemark","KRF","Kristelig Folkeparti",2,2
"2019","ko","kommune","Kragerø","Vestfold og Telemark","MDG","Miljøpartiet De Grønne",3,3
"2019","ko","kommune","Kragerø","Vestfold og Telemark","V","Venstre",1,1
"2019","ko","kommune","Kragerø","Vestfold og Telemark","H","Høyre",5,5
"2019","ko","kommune","Kragerø","Vestfold og Telemark","FRP","Fremskrittspartiet",4,4
"2019","ko","kommune","Kragerø","Vestfold og Telemark","BLANKE","Blanke",0,0
"2019","ko","kommune","Kragerø","Vestfold og Telemark","Andre","Andre",0,0
"2019","ko","kommune","Kragerø","Vestfold og Telemark","Andre2","Andre2",0,0
"2019","ko","kommune","Drangedal","Vestfold og Telemark","A","Arbeiderpartiet",6,6
"2019","ko","kommune","Drangedal","Vestfold og Telemark","SV","SV - Sosialistisk Venstreparti",1,1
"2019","ko","kommune","Drangedal","Vestfold og Telemark","SP","Senterpartiet",10,10
"2019","ko","kommune","Drangedal","Vestfold og Telemark","KRF","Kristelig Folkeparti",1,1
"2019","ko","kommune","Drangedal","Vestfold og Telemark","V","Venstre",0,0
"2019","ko","kommune","Drangedal","Vestfold og Telemark","H","Høyre",1,1
"2019","ko","kommune","Drangedal","Vestfold og Telemark","FRP","Fremskrittspartiet",2,2
"2019","ko","kommune","Drangedal","Vestfold og Telemark","BLANKE","Blanke",0,0
"2019","ko","kommune","Drangedal","Vestfold og Telemark","Andre","Andre",0,0
"2019","ko","kommune","Drangedal","Vestfold og Telemark","Andre2","Andre2",0,0
"2019","ko","kommune","Nome","Vestfold og Telemark","A","Arbeiderpartiet",8,8
"2019","ko","kommune","Nome","Vestfold og Telemark","SV","SV - Sosialistisk Venstreparti",1,1
"2019","ko","kommune","Nome","Vestfold og Telemark","SP","Senterpartiet",7,7
"2019","ko","kommune","Nome","Vestfold og Telemark","KRF","Kristelig Folkeparti",0,0
"2019","ko","kommune","Nome","Vestfold og Telemark","MDG","Miljøpartiet De Grønne",1,1
"2019","ko","kommune","Nome","Vestfold og Telemark","H","Høyre",2,2
"2019","ko","kommune","Nome","Vestfold og Telemark","FRP","Fremskrittspartiet",2,2
"2019","ko","kommune","Nome","Vestfold og Telemark","KRISTNE","Partiet De Kristne",0,0
"2019","ko","kommune","Nome","Vestfold og Telemark","BLANKE","Blanke",0,0
"2019","ko","kommune","Nome","Vestfold og Telemark","Andre","Andre",0,0
"2019","ko","kommune","Nome","Vestfold og Telemark","Andre2","Andre2",0,0
"2019","ko","kommune","Midt-Telemark","Vestfold og Telemark","A","Arbeiderpartiet",6,6
"2019","ko","kommune","Midt-Telemark","Vestfold og Telemark","SV","SV - Sosialistisk Venstreparti",1,1
"2019","ko","kommune","Midt-Telemark","Vestfold og Telemark","RØDT","Rødt",1,1
"2019","ko","kommune","Midt-Telemark","Vestfold og Telemark","SP","Senterpartiet",9,9
"2019","ko","kommune","Midt-Telemark","Vestfold og Telemark","KRF","Kristelig Folkeparti",1,1
"2019","ko","kommune","Midt-Telemark","Vestfold og Telemark","MDG","Miljøpartiet De Grønne",3,3
"2019","ko","kommune","Midt-Telemark","Vestfold og Telemark","V","Venstre",2,2
"2019","ko","kommune","Midt-Telemark","Vestfold og Telemark","H","Høyre",3,3
"2019","ko","kommune","Midt-Telemark","Vestfold og Telemark","FRP","Fremskrittspartiet",3,3
"2019","ko","kommune","Midt-Telemark","Vestfold og Telemark","BLANKE","Blanke",0,0
"2019","ko","kommune","Midt-Telemark","Vestfold og Telemark","Andre","Andre",0,0
"2019","ko","kommune","Midt-Telemark","Vestfold og Telemark","Andre2","Andre2",0,0
"2019","ko","kommune","Tinn","Vestfold og Telemark","A","Arbeiderpartiet",6,6
"2019","ko","kommune","Tinn","Vestfold og Telemark","SV","SV - Sosialistisk Venstreparti",5,5
"2019","ko","kommune","Tinn","Vestfold og Telemark","SP","Senterpartiet",7,7
"2019","ko","kommune","Tinn","Vestfold og Telemark","V","Venstre",0,0
"2019","ko","kommune","Tinn","Vestfold og Telemark","H","Høyre",6,6
"2019","ko","kommune","Tinn","Vestfold og Telemark","FRP","Fremskrittspartiet",1,1
"2019","ko","kommune","Tinn","Vestfold og Telemark","BLANKE","Blanke",0,0
"2019","ko","kommune","Tinn","Vestfold og Telemark","Andre","Andre",0,0
"2019","ko","kommune","Tinn","Vestfold og Telemark","Andre2","Andre2",0,0
"2019","ko","kommune","Hjartdal","Vestfold og Telemark","A","Arbeiderpartiet",8,8
"2019","ko","kommune","Hjartdal","Vestfold og Telemark","SP","Senterpartiet",7,7
"2019","ko","kommune","Hjartdal","Vestfold og Telemark","KRF","Kristelig Folkeparti",2,2
"2019","ko","kommune","Hjartdal","Vestfold og Telemark","BLANKE","Blanke",0,0
"2019","ko","kommune","Hjartdal","Vestfold og Telemark","Andre","Andre",0,0
"2019","ko","kommune","Hjartdal","Vestfold og Telemark","Andre2","Andre2",0,0
"2019","ko","kommune","Seljord","Vestfold og Telemark","A","Arbeiderpartiet",3,3
"2019","ko","kommune","Seljord","Vestfold og Telemark","SP","Senterpartiet",7,7
"2019","ko","kommune","Seljord","Vestfold og Telemark","MDG","Miljøpartiet De Grønne",2,2
"2019","ko","kommune","Seljord","Vestfold og Telemark","V","Venstre",0,0
"2019","ko","kommune","Seljord","Vestfold og Telemark","H","Høyre",3,3
"2019","ko","kommune","Seljord","Vestfold og Telemark","FRP","Fremskrittspartiet",2,2
"2019","ko","kommune","Seljord","Vestfold og Telemark","BLANKE","Blanke",0,0
"2019","ko","kommune","Seljord","Vestfold og Telemark","Andre","Andre",0,0
"2019","ko","kommune","Seljord","Vestfold og Telemark","Andre2","Andre2",0,0
"2019","ko","kommune","Kviteseid","Vestfold og Telemark","A","Arbeiderpartiet",6,6
"2019","ko","kommune","Kviteseid","Vestfold og Telemark","SP","Senterpartiet",6,6
"2019","ko","kommune","Kviteseid","Vestfold og Telemark","KRF","Kristelig Folkeparti",2,2
"2019","ko","kommune","Kviteseid","Vestfold og Telemark","MDG","Miljøpartiet De Grønne",1,1
"2019","ko","kommune","Kviteseid","Vestfold og Telemark","V","Venstre",0,0
"2019","ko","kommune","Kviteseid","Vestfold og Telemark","H","Høyre",2,2
"2019","ko","kommune","Kviteseid","Vestfold og Telemark","BLANKE","Blanke",0,0
"2019","ko","kommune","Kviteseid","Vestfold og Telemark","Andre","Andre",0,0
"2019","ko","kommune","Kviteseid","Vestfold og Telemark","Andre2","Andre2",0,0
"2019","ko","kommune","Nissedal","Vestfold og Telemark","A","Arbeiderpartiet",7,7
"2019","ko","kommune","Nissedal","Vestfold og Telemark","SP","Senterpartiet",6,6
"2019","ko","kommune","Nissedal","Vestfold og Telemark","KRF","Kristelig Folkeparti",2,2
"2019","ko","kommune","Nissedal","Vestfold og Telemark","H","Høyre",2,2
"2019","ko","kommune","Nissedal","Vestfold og Telemark","FRP","Fremskrittspartiet",0,0
"2019","ko","kommune","Nissedal","Vestfold og Telemark","BLANKE","Blanke",0,0
"2019","ko","kommune","Nissedal","Vestfold og Telemark","Andre","Andre",0,0
"2019","ko","kommune","Nissedal","Vestfold og Telemark","Andre2","Andre2",0,0
"2019","ko","kommune","Fyresdal","Vestfold og Telemark","A","Arbeiderpartiet",9,9
"2019","ko","kommune","Fyresdal","Vestfold og Telemark","SP","Senterpartiet",6,6
"2019","ko","kommune","Fyresdal","Vestfold og Telemark","H","Høyre",2,2
"2019","ko","kommune","Fyresdal","Vestfold og Telemark","BLANKE","Blanke",0,0
"2019","ko","kommune","Fyresdal","Vestfold og Telemark","Andre","Andre",0,0
"2019","ko","kommune","Fyresdal","Vestfold og Telemark","Andre2","Andre2",0,0
"2019","ko","kommune","Tokke","Vestfold og Telemark","A","Arbeiderpartiet",8,8
"2019","ko","kommune","Tokke","Vestfold og Telemark","SV","SV - Sosialistisk Venstreparti",1,1
"2019","ko","kommune","Tokke","Vestfold og Telemark","SP","Senterpartiet",9,9
"2019","ko","kommune","Tokke","Vestfold og Telemark","KRF","Kristelig Folkeparti",1,1
"2019","ko","kommune","Tokke","Vestfold og Telemark","MDG","Miljøpartiet De Grønne",2,2
"2019","ko","kommune","Tokke","Vestfold og Telemark","BLANKE","Blanke",0,0
"2019","ko","kommune","Tokke","Vestfold og Telemark","Andre","Andre",0,0
"2019","ko","kommune","Tokke","Vestfold og Telemark","Andre2","Andre2",0,0
"2019","ko","kommune","Vinje","Vestfold og Telemark","A","Arbeiderpartiet",4,4
"2019","ko","kommune","Vinje","Vestfold og Telemark","SV","SV - Sosialistisk Venstreparti",3,3
"2019","ko","kommune","Vinje","Vestfold og Telemark","SP","Senterpartiet",14,14
"2019","ko","kommune","Vinje","Vestfold og Telemark","KRF","Kristelig Folkeparti",1,1
"2019","ko","kommune","Vinje","Vestfold og Telemark","V","Venstre",0,0
"2019","ko","kommune","Vinje","Vestfold og Telemark","H","Høyre",2,2
"2019","ko","kommune","Vinje","Vestfold og Telemark","FRP","Fremskrittspartiet",1,1
"2019","ko","kommune","Vinje","Vestfold og Telemark","BLANKE","Blanke",0,0
"2019","ko","kommune","Vinje","Vestfold og Telemark","Andre","Andre",0,0
"2019","ko","kommune","Vinje","Vestfold og Telemark","Andre2","Andre2",0,0
"2019","ko","kommune","Risør","Agder","A","Arbeiderpartiet",9,9
"2019","ko","kommune","Risør","Agder","SV","SV - Sosialistisk Venstreparti",0,0
"2019","ko","kommune","Risør","Agder","RØDT","Rødt",3,3
"2019","ko","kommune","Risør","Agder","SP","Senterpartiet",2,2
"2019","ko","kommune","Risør","Agder","KRF","Kristelig Folkeparti",1,1
"2019","ko","kommune","Risør","Agder","V","Venstre",3,3
"2019","ko","kommune","Risør","Agder","H","Høyre",9,9
"2019","ko","kommune","Risør","Agder","FRP","Fremskrittspartiet",2,2
"2019","ko","kommune","Risør","Agder","BLANKE","Blanke",0,0
"2019","ko","kommune","Risør","Agder","Andre","Andre",0,0
"2019","ko","kommune","Risør","Agder","Andre2","Andre2",0,0
"2019","ko","kommune","Grimstad","Agder","A","Arbeiderpartiet",7,7
"2019","ko","kommune","Grimstad","Agder","SV","SV - Sosialistisk Venstreparti",2,2
"2019","ko","kommune","Grimstad","Agder","RØDT","Rødt",1,1
"2019","ko","kommune","Grimstad","Agder","SP","Senterpartiet",3,3
"2019","ko","kommune","Grimstad","Agder","KRF","Kristelig Folkeparti",6,6
"2019","ko","kommune","Grimstad","Agder","MDG","Miljøpartiet De Grønne",2,2
"2019","ko","kommune","Grimstad","Agder","V","Venstre",3,3
"2019","ko","kommune","Grimstad","Agder","H","Høyre",7,7
"2019","ko","kommune","Grimstad","Agder","FRP","Fremskrittspartiet",4,4
"2019","ko","kommune","Grimstad","Agder","KRISTNE","Partiet De Kristne",0,0
"2019","ko","kommune","Grimstad","Agder","LIBS","Liberalistene",0,0
"2019","ko","kommune","Grimstad","Agder","BLANKE","Blanke",0,0
"2019","ko","kommune","Grimstad","Agder","Andre","Andre",0,0
"2019","ko","kommune","Grimstad","Agder","Andre2","Andre2",0,0
"2019","ko","kommune","Arendal","Agder","A","Arbeiderpartiet",11,11
"2019","ko","kommune","Arendal","Agder","SV","SV - Sosialistisk Venstreparti",3,3
"2019","ko","kommune","Arendal","Agder","RØDT","Rødt",1,1
"2019","ko","kommune","Arendal","Agder","SP","Senterpartiet",3,3
"2019","ko","kommune","Arendal","Agder","KRF","Kristelig Folkeparti",2,2
"2019","ko","kommune","Arendal","Agder","MDG","Miljøpartiet De Grønne",1,1
"2019","ko","kommune","Arendal","Agder","V","Venstre",1,1
"2019","ko","kommune","Arendal","Agder","H","Høyre",8,8
"2019","ko","kommune","Arendal","Agder","FRP","Fremskrittspartiet",5,5
"2019","ko","kommune","Arendal","Agder","HELSE","Helsepartiet",1,1
"2019","ko","kommune","Arendal","Agder","KRISTNE","Partiet De Kristne",0,0
"2019","ko","kommune","Arendal","Agder","LIBS","Liberalistene",0,0
"2019","ko","kommune","Arendal","Agder","PP","Pensjonistpartiet",1,1
"2019","ko","kommune","Arendal","Agder","BLANKE","Blanke",0,0
"2019","ko","kommune","Arendal","Agder","HOVE","Hovelista",2,2
"2019","ko","kommune","Arendal","Agder","Andre","Andre",4,4
"2019","ko","kommune","Arendal","Agder","Andre2","Andre2",0,0
"2019","ko","kommune","Kristiansand","Agder","A","Arbeiderpartiet",13,13
"2019","ko","kommune","Kristiansand","Agder","SV","SV - Sosialistisk Venstreparti",4,4
"2019","ko","kommune","Kristiansand","Agder","RØDT","Rødt",2,2
"2019","ko","kommune","Kristiansand","Agder","SP","Senterpartiet",3,3
"2019","ko","kommune","Kristiansand","Agder","KRF","Kristelig Folkeparti",8,8
"2019","ko","kommune","Kristiansand","Agder","MDG","Miljøpartiet De Grønne",6,6
"2019","ko","kommune","Kristiansand","Agder","V","Venstre",2,2
"2019","ko","kommune","Kristiansand","Agder","H","Høyre",13,13
"2019","ko","kommune","Kristiansand","Agder","FRP","Fremskrittspartiet",4,4
"2019","ko","kommune","Kristiansand","Agder","DEMN","Demokratene",10,10
"2019","ko","kommune","Kristiansand","Agder","HELSE","Helsepartiet",0,0
"2019","ko","kommune","Kristiansand","Agder","KRISTNE","Partiet De Kristne",1,1
"2019","ko","kommune","Kristiansand","Agder","LIBS","Liberalistene",0,0
"2019","ko","kommune","Kristiansand","Agder","PP","Pensjonistpartiet",1,1
"2019","ko","kommune","Kristiansand","Agder","BLANKE","Blanke",0,0
"2019","ko","kommune","Kristiansand","Agder","TFFHK","Tverrpolitisk Folkeliste For Hele Kristiansand",4,4
"2019","ko","kommune","Kristiansand","Agder","Andre","Andre",16,16
"2019","ko","kommune","Kristiansand","Agder","Andre2","Andre2",0,0
"2019","ko","kommune","Lindesnes","Agder","A","Arbeiderpartiet",8,8
"2019","ko","kommune","Lindesnes","Agder","SV","SV - Sosialistisk Venstreparti",1,1
"2019","ko","kommune","Lindesnes","Agder","RØDT","Rødt",0,0
"2019","ko","kommune","Lindesnes","Agder","SP","Senterpartiet",5,5
"2019","ko","kommune","Lindesnes","Agder","KRF","Kristelig Folkeparti",4,4
"2019","ko","kommune","Lindesnes","Agder","MDG","Miljøpartiet De Grønne",2,2
"2019","ko","kommune","Lindesnes","Agder","V","Venstre",2,2
"2019","ko","kommune","Lindesnes","Agder","H","Høyre",6,6
"2019","ko","kommune","Lindesnes","Agder","FRP","Fremskrittspartiet",11,11
"2019","ko","kommune","Lindesnes","Agder","KRISTNE","Partiet De Kristne",0,0
"2019","ko","kommune","Lindesnes","Agder","LIBS","Liberalistene",0,0
"2019","ko","kommune","Lindesnes","Agder","PP","Pensjonistpartiet",0,0
"2019","ko","kommune","Lindesnes","Agder","BLANKE","Blanke",0,0
"2019","ko","kommune","Lindesnes","Agder","Andre","Andre",0,0
"2019","ko","kommune","Lindesnes","Agder","Andre2","Andre2",0,0
"2019","ko","kommune","Farsund","Agder","A","Arbeiderpartiet",8,8
"2019","ko","kommune","Farsund","Agder","SV","SV - Sosialistisk Venstreparti",1,1
"2019","ko","kommune","Farsund","Agder","RØDT","Rødt",1,1
"2019","ko","kommune","Farsund","Agder","SP","Senterpartiet",3,3
"2019","ko","kommune","Farsund","Agder","KRF","Kristelig Folkeparti",5,5
"2019","ko","kommune","Farsund","Agder","V","Venstre",1,1
"2019","ko","kommune","Farsund","Agder","H","Høyre",4,4
"2019","ko","kommune","Farsund","Agder","FRP","Fremskrittspartiet",6,6
"2019","ko","kommune","Farsund","Agder","PP","Pensjonistpartiet",0,0
"2019","ko","kommune","Farsund","Agder","BLANKE","Blanke",0,0
"2019","ko","kommune","Farsund","Agder","Andre","Andre",0,0
"2019","ko","kommune","Farsund","Agder","Andre2","Andre2",0,0
"2019","ko","kommune","Flekkefjord","Agder","A","Arbeiderpartiet",4,4
"2019","ko","kommune","Flekkefjord","Agder","SV","SV - Sosialistisk Venstreparti",2,2
"2019","ko","kommune","Flekkefjord","Agder","RØDT","Rødt",1,1
"2019","ko","kommune","Flekkefjord","Agder","SP","Senterpartiet",7,7
"2019","ko","kommune","Flekkefjord","Agder","KRF","Kristelig Folkeparti",5,5
"2019","ko","kommune","Flekkefjord","Agder","V","Venstre",2,2
"2019","ko","kommune","Flekkefjord","Agder","H","Høyre",8,8
"2019","ko","kommune","Flekkefjord","Agder","FRP","Fremskrittspartiet",6,6
"2019","ko","kommune","Flekkefjord","Agder","DEMN","Demokratene",0,0
"2019","ko","kommune","Flekkefjord","Agder","LIBS","Liberalistene",0,0
"2019","ko","kommune","Flekkefjord","Agder","BLANKE","Blanke",0,0
"2019","ko","kommune","Flekkefjord","Agder","Andre","Andre",0,0
"2019","ko","kommune","Flekkefjord","Agder","Andre2","Andre2",0,0
"2019","ko","kommune","Gjerstad","Agder","A","Arbeiderpartiet",6,6
"2019","ko","kommune","Gjerstad","Agder","SP","Senterpartiet",6,6
"2019","ko","kommune","Gjerstad","Agder","KRF","Kristelig Folkeparti",1,1
"2019","ko","kommune","Gjerstad","Agder","H","Høyre",2,2
"2019","ko","kommune","Gjerstad","Agder","FRP","Fremskrittspartiet",2,2
"2019","ko","kommune","Gjerstad","Agder","BLANKE","Blanke",0,0
"2019","ko","kommune","Gjerstad","Agder","Andre","Andre",0,0
"2019","ko","kommune","Gjerstad","Agder","Andre2","Andre2",0,0
"2019","ko","kommune","Vegårshei","Agder","A","Arbeiderpartiet",4,4
"2019","ko","kommune","Vegårshei","Agder","SP","Senterpartiet",4,4
"2019","ko","kommune","Vegårshei","Agder","KRF","Kristelig Folkeparti",7,7
"2019","ko","kommune","Vegårshei","Agder","H","Høyre",2,2
"2019","ko","kommune","Vegårshei","Agder","BLANKE","Blanke",0,0
"2019","ko","kommune","Vegårshei","Agder","Andre","Andre",0,0
"2019","ko","kommune","Vegårshei","Agder","Andre2","Andre2",0,0
"2019","ko","kommune","Tvedestrand","Agder","A","Arbeiderpartiet",5,5
"2019","ko","kommune","Tvedestrand","Agder","RØDT","Rødt",0,0
"2019","ko","kommune","Tvedestrand","Agder","SP","Senterpartiet",5,5
"2019","ko","kommune","Tvedestrand","Agder","KRF","Kristelig Folkeparti",1,1
"2019","ko","kommune","Tvedestrand","Agder","MDG","Miljøpartiet De Grønne",0,0
"2019","ko","kommune","Tvedestrand","Agder","V","Venstre",2,2
"2019","ko","kommune","Tvedestrand","Agder","H","Høyre",5,5
"2019","ko","kommune","Tvedestrand","Agder","FRP","Fremskrittspartiet",1,1
"2019","ko","kommune","Tvedestrand","Agder","BLANKE","Blanke",0,0
"2019","ko","kommune","Tvedestrand","Agder","XTRA","Xtra-lista",4,4
"2019","ko","kommune","Tvedestrand","Agder","Andre","Andre",4,4
"2019","ko","kommune","Tvedestrand","Agder","Andre2","Andre2",0,0
"2019","ko","kommune","Froland","Agder","A","Arbeiderpartiet",4,4
"2019","ko","kommune","Froland","Agder","SP","Senterpartiet",4,4
"2019","ko","kommune","Froland","Agder","KRF","Kristelig Folkeparti",6,6
"2019","ko","kommune","Froland","Agder","V","Venstre",0,0
"2019","ko","kommune","Froland","Agder","H","Høyre",1,1
"2019","ko","kommune","Froland","Agder","FRP","Fremskrittspartiet",3,3
"2019","ko","kommune","Froland","Agder","KRISTNE","Partiet De Kristne",1,1
"2019","ko","kommune","Froland","Agder","BLANKE","Blanke",0,0
"2019","ko","kommune","Froland","Agder","Andre","Andre",1,1
"2019","ko","kommune","Froland","Agder","Andre2","Andre2",0,0
"2019","ko","kommune","Lillesand","Agder","A","Arbeiderpartiet",6,6
"2019","ko","kommune","Lillesand","Agder","SV","SV - Sosialistisk Venstreparti",2,2
"2019","ko","kommune","Lillesand","Agder","RØDT","Rødt",0,0
"2019","ko","kommune","Lillesand","Agder","SP","Senterpartiet",2,2
"2019","ko","kommune","Lillesand","Agder","KRF","Kristelig Folkeparti",2,2
"2019","ko","kommune","Lillesand","Agder","MDG","Miljøpartiet De Grønne",1,1
"2019","ko","kommune","Lillesand","Agder","V","Venstre",2,2
"2019","ko","kommune","Lillesand","Agder","H","Høyre",8,8
"2019","ko","kommune","Lillesand","Agder","FRP","Fremskrittspartiet",2,2
"2019","ko","kommune","Lillesand","Agder","PP","Pensjonistpartiet",2,2
"2019","ko","kommune","Lillesand","Agder","BLANKE","Blanke",0,0
"2019","ko","kommune","Lillesand","Agder","Andre","Andre",2,2
"2019","ko","kommune","Lillesand","Agder","Andre2","Andre2",0,0
"2019","ko","kommune","Birkenes","Agder","A","Arbeiderpartiet",4,4
"2019","ko","kommune","Birkenes","Agder","SP","Senterpartiet",7,7
"2019","ko","kommune","Birkenes","Agder","KRF","Kristelig Folkeparti",2,2
"2019","ko","kommune","Birkenes","Agder","V","Venstre",0,0
"2019","ko","kommune","Birkenes","Agder","H","Høyre",5,5
"2019","ko","kommune","Birkenes","Agder","FRP","Fremskrittspartiet",2,2
"2019","ko","kommune","Birkenes","Agder","BLANKE","Blanke",0,0
"2019","ko","kommune","Birkenes","Agder","SVMDG","SV - Sosialistisk Venstreparti og Miljøpartiet De Grønne",1,1
"2019","ko","kommune","Birkenes","Agder","Andre","Andre",1,1
"2019","ko","kommune","Birkenes","Agder","Andre2","Andre2",0,0
"2019","ko","kommune","Åmli","Agder","A","Arbeiderpartiet",5,5
"2019","ko","kommune","Åmli","Agder","SP","Senterpartiet",8,8
"2019","ko","kommune","Åmli","Agder","KRF","Kristelig Folkeparti",2,2
"2019","ko","kommune","Åmli","Agder","H","Høyre",2,2
"2019","ko","kommune","Åmli","Agder","BLANKE","Blanke",0,0
"2019","ko","kommune","Åmli","Agder","Andre","Andre",0,0
"2019","ko","kommune","Åmli","Agder","Andre2","Andre2",0,0
"2019","ko","kommune","Iveland","Agder","A","Arbeiderpartiet",2,2
"2019","ko","kommune","Iveland","Agder","SP","Senterpartiet",6,6
"2019","ko","kommune","Iveland","Agder","KRF","Kristelig Folkeparti",4,4
"2019","ko","kommune","Iveland","Agder","H","Høyre",4,4
"2019","ko","kommune","Iveland","Agder","FRP","Fremskrittspartiet",1,1
"2019","ko","kommune","Iveland","Agder","BLANKE","Blanke",0,0
"2019","ko","kommune","Iveland","Agder","Andre","Andre",0,0
"2019","ko","kommune","Iveland","Agder","Andre2","Andre2",0,0
"2019","ko","kommune","Evje og Hornnes","Agder","A","Arbeiderpartiet",8,8
"2019","ko","kommune","Evje og Hornnes","Agder","SV","SV - Sosialistisk Venstreparti",0,0
"2019","ko","kommune","Evje og Hornnes","Agder","RØDT","Rødt",0,0
"2019","ko","kommune","Evje og Hornnes","Agder","SP","Senterpartiet",3,3
"2019","ko","kommune","Evje og Hornnes","Agder","KRF","Kristelig Folkeparti",5,5
"2019","ko","kommune","Evje og Hornnes","Agder","V","Venstre",2,2
"2019","ko","kommune","Evje og Hornnes","Agder","H","Høyre",2,2
"2019","ko","kommune","Evje og Hornnes","Agder","FRP","Fremskrittspartiet",1,1
"2019","ko","kommune","Evje og Hornnes","Agder","BLANKE","Blanke",0,0
"2019","ko","kommune","Evje og Hornnes","Agder","Andre","Andre",0,0
"2019","ko","kommune","Evje og Hornnes","Agder","Andre2","Andre2",0,0
"2019","ko","kommune","Bygland","Agder","A","Arbeiderpartiet",4,4
"2019","ko","kommune","Bygland","Agder","SP","Senterpartiet",4,4
"2019","ko","kommune","Bygland","Agder","H","Høyre",4,4
"2019","ko","kommune","Bygland","Agder","BLANKE","Blanke",0,0
"2019","ko","kommune","Bygland","Agder","SLI","Setesdalslista",3,3
"2019","ko","kommune","Bygland","Agder","Andre","Andre",3,3
"2019","ko","kommune","Bygland","Agder","Andre2","Andre2",0,0
"2019","ko","kommune","Valle","Agder","A","Arbeiderpartiet",6,6
"2019","ko","kommune","Valle","Agder","SP","Senterpartiet",6,6
"2019","ko","kommune","Valle","Agder","V","Venstre",1,1
"2019","ko","kommune","Valle","Agder","H","Høyre",2,2
"2019","ko","kommune","Valle","Agder","BLANKE","Blanke",0,0
"2019","ko","kommune","Valle","Agder","Andre","Andre",0,0
"2019","ko","kommune","Valle","Agder","Andre2","Andre2",0,0
"2019","ko","kommune","Bykle","Agder","A","Arbeiderpartiet",4,4
"2019","ko","kommune","Bykle","Agder","SP","Senterpartiet",3,3
"2019","ko","kommune","Bykle","Agder","KRF","Kristelig Folkeparti",1,1
"2019","ko","kommune","Bykle","Agder","V","Venstre",2,2
"2019","ko","kommune","Bykle","Agder","H","Høyre",3,3
"2019","ko","kommune","Bykle","Agder","BLANKE","Blanke",0,0
"2019","ko","kommune","Bykle","Agder","Andre","Andre",0,0
"2019","ko","kommune","Bykle","Agder","Andre2","Andre2",0,0
"2019","ko","kommune","Vennesla","Agder","A","Arbeiderpartiet",5,5
"2019","ko","kommune","Vennesla","Agder","SV","SV - Sosialistisk Venstreparti",1,1
"2019","ko","kommune","Vennesla","Agder","RØDT","Rødt",0,0
"2019","ko","kommune","Vennesla","Agder","SP","Senterpartiet",6,6
"2019","ko","kommune","Vennesla","Agder","KRF","Kristelig Folkeparti",8,8
"2019","ko","kommune","Vennesla","Agder","V","Venstre",0,0
"2019","ko","kommune","Vennesla","Agder","H","Høyre",3,3
"2019","ko","kommune","Vennesla","Agder","FRP","Fremskrittspartiet",3,3
"2019","ko","kommune","Vennesla","Agder","DEMN","Demokratene",0,0
"2019","ko","kommune","Vennesla","Agder","KRISTNE","Partiet De Kristne",1,1
"2019","ko","kommune","Vennesla","Agder","BLANKE","Blanke",0,0
"2019","ko","kommune","Vennesla","Agder","Andre","Andre",1,1
"2019","ko","kommune","Vennesla","Agder","Andre2","Andre2",0,0
"2019","ko","kommune","Åseral","Agder","A","Arbeiderpartiet",6,6
"2019","ko","kommune","Åseral","Agder","SP","Senterpartiet",5,5
"2019","ko","kommune","Åseral","Agder","KRF","Kristelig Folkeparti",3,3
"2019","ko","kommune","Åseral","Agder","H","Høyre",3,3
"2019","ko","kommune","Åseral","Agder","BLANKE","Blanke",0,0
"2019","ko","kommune","Åseral","Agder","Andre","Andre",0,0
"2019","ko","kommune","Åseral","Agder","Andre2","Andre2",0,0
"2019","ko","kommune","Lyngdal","Agder","A","Arbeiderpartiet",5,5
"2019","ko","kommune","Lyngdal","Agder","RØDT","Rødt",1,1
"2019","ko","kommune","Lyngdal","Agder","SP","Senterpartiet",6,6
"2019","ko","kommune","Lyngdal","Agder","KRF","Kristelig Folkeparti",8,8
"2019","ko","kommune","Lyngdal","Agder","V","Venstre",1,1
"2019","ko","kommune","Lyngdal","Agder","H","Høyre",10,10
"2019","ko","kommune","Lyngdal","Agder","FRP","Fremskrittspartiet",4,4
"2019","ko","kommune","Lyngdal","Agder","BLANKE","Blanke",0,0
"2019","ko","kommune","Lyngdal","Agder","Andre","Andre",0,0
"2019","ko","kommune","Lyngdal","Agder","Andre2","Andre2",0,0
"2019","ko","kommune","Hægebostad","Agder","A","Arbeiderpartiet",1,1
"2019","ko","kommune","Hægebostad","Agder","SP","Senterpartiet",6,6
"2019","ko","kommune","Hægebostad","Agder","KRF","Kristelig Folkeparti",2,2
"2019","ko","kommune","Hægebostad","Agder","H","Høyre",3,3
"2019","ko","kommune","Hægebostad","Agder","FRP","Fremskrittspartiet",3,3
"2019","ko","kommune","Hægebostad","Agder","BLANKE","Blanke",0,0
"2019","ko","kommune","Hægebostad","Agder","TPLH","Tverrpolitisk liste",2,2
"2019","ko","kommune","Hægebostad","Agder","Andre","Andre",2,2
"2019","ko","kommune","Hægebostad","Agder","Andre2","Andre2",0,0
"2019","ko","kommune","Kvinesdal","Agder","A","Arbeiderpartiet",6,6
"2019","ko","kommune","Kvinesdal","Agder","SP","Senterpartiet",6,6
"2019","ko","kommune","Kvinesdal","Agder","KRF","Kristelig Folkeparti",7,7
"2019","ko","kommune","Kvinesdal","Agder","V","Venstre",0,0
"2019","ko","kommune","Kvinesdal","Agder","H","Høyre",4,4
"2019","ko","kommune","Kvinesdal","Agder","FRP","Fremskrittspartiet",4,4
"2019","ko","kommune","Kvinesdal","Agder","BLANKE","Blanke",0,0
"2019","ko","kommune","Kvinesdal","Agder","Andre","Andre",0,0
"2019","ko","kommune","Kvinesdal","Agder","Andre2","Andre2",0,0
"2019","ko","kommune","Sirdal","Agder","A","Arbeiderpartiet",8,8
"2019","ko","kommune","Sirdal","Agder","SP","Senterpartiet",4,4
"2019","ko","kommune","Sirdal","Agder","KRF","Kristelig Folkeparti",2,2
"2019","ko","kommune","Sirdal","Agder","V","Venstre",1,1
"2019","ko","kommune","Sirdal","Agder","H","Høyre",3,3
"2019","ko","kommune","Sirdal","Agder","BLANKE","Blanke",0,0
"2019","ko","kommune","Sirdal","Agder","FRPSIR","Fremskrittspartiet og Sirdalslisten",1,1
"2019","ko","kommune","Sirdal","Agder","Andre","Andre",1,1
"2019","ko","kommune","Sirdal","Agder","Andre2","Andre2",0,0
"2019","ko","kommune","Bergen","Vestland","A","Arbeiderpartiet",13,13
"2019","ko","kommune","Bergen","Vestland","SV","SV - Sosialistisk Venstreparti",6,6
"2019","ko","kommune","Bergen","Vestland","RØDT","Rødt",3,3
"2019","ko","kommune","Bergen","Vestland","SP","Senterpartiet",4,4
"2019","ko","kommune","Bergen","Vestland","KRF","Kristelig Folkeparti",2,2
"2019","ko","kommune","Bergen","Vestland","MDG","Miljøpartiet De Grønne",7,7
"2019","ko","kommune","Bergen","Vestland","V","Venstre",3,3
"2019","ko","kommune","Bergen","Vestland","H","Høyre",14,14
"2019","ko","kommune","Bergen","Vestland","FRP","Fremskrittspartiet",3,3
"2019","ko","kommune","Bergen","Vestland","DEMN","Demokratene",0,0
"2019","ko","kommune","Bergen","Vestland","FNB","Folkeaksjonen Nei til mer bompenger",11,11
"2019","ko","kommune","Bergen","Vestland","KRISTNE","Partiet De Kristne",0,0
"2019","ko","kommune","Bergen","Vestland","LIBS","Liberalistene",0,0
"2019","ko","kommune","Bergen","Vestland","NKP","Norges Kommunistiske Parti",0,0
"2019","ko","kommune","Bergen","Vestland","PIR","Piratpartiet",0,0
"2019","ko","kommune","Bergen","Vestland","PP","Pensjonistpartiet",1,1
"2019","ko","kommune","Bergen","Vestland","BLANKE","Blanke",0,0
"2019","ko","kommune","Bergen","Vestland","Andre","Andre",12,12
"2019","ko","kommune","Bergen","Vestland","Andre2","Andre2",0,0
"2019","ko","kommune","Kinn","Vestland","A","Arbeiderpartiet",10,10
"2019","ko","kommune","Kinn","Vestland","SV","SV - Sosialistisk Venstreparti",2,2
"2019","ko","kommune","Kinn","Vestland","RØDT","Rødt",4,4
"2019","ko","kommune","Kinn","Vestland","SP","Senterpartiet",8,8
"2019","ko","kommune","Kinn","Vestland","KRF","Kristelig Folkeparti",1,1
"2019","ko","kommune","Kinn","Vestland","MDG","Miljøpartiet De Grønne",2,2
"2019","ko","kommune","Kinn","Vestland","V","Venstre",4,4
"2019","ko","kommune","Kinn","Vestland","H","Høyre",6,6
"2019","ko","kommune","Kinn","Vestland","FRP","Fremskrittspartiet",2,2
"2019","ko","kommune","Kinn","Vestland","KRISTNE","Partiet De Kristne",0,0
"2019","ko","kommune","Kinn","Vestland","BLANKE","Blanke",0,0
"2019","ko","kommune","Kinn","Vestland","Andre","Andre",0,0
"2019","ko","kommune","Kinn","Vestland","Andre2","Andre2",0,0
"2019","ko","kommune","Etne","Vestland","A","Arbeiderpartiet",2,2
"2019","ko","kommune","Etne","Vestland","RØDT","Rødt",0,0
"2019","ko","kommune","Etne","Vestland","SP","Senterpartiet",7,7
"2019","ko","kommune","Etne","Vestland","KRF","Kristelig Folkeparti",2,2
"2019","ko","kommune","Etne","Vestland","V","Venstre",1,1
"2019","ko","kommune","Etne","Vestland","H","Høyre",1,1
"2019","ko","kommune","Etne","Vestland","FRP","Fremskrittspartiet",4,4
"2019","ko","kommune","Etne","Vestland","BLANKE","Blanke",0,0
"2019","ko","kommune","Etne","Vestland","Andre","Andre",0,0
"2019","ko","kommune","Etne","Vestland","Andre2","Andre2",0,0
"2019","ko","kommune","Sveio","Vestland","A","Arbeiderpartiet",7,7
"2019","ko","kommune","Sveio","Vestland","SV","SV - Sosialistisk Venstreparti",1,1
"2019","ko","kommune","Sveio","Vestland","SP","Senterpartiet",5,5
"2019","ko","kommune","Sveio","Vestland","KRF","Kristelig Folkeparti",2,2
"2019","ko","kommune","Sveio","Vestland","MDG","Miljøpartiet De Grønne",1,1
"2019","ko","kommune","Sveio","Vestland","V","Venstre",0,0
"2019","ko","kommune","Sveio","Vestland","H","Høyre",5,5
"2019","ko","kommune","Sveio","Vestland","FRP","Fremskrittspartiet",4,4
"2019","ko","kommune","Sveio","Vestland","BLANKE","Blanke",0,0
"2019","ko","kommune","Sveio","Vestland","Andre","Andre",0,0
"2019","ko","kommune","Sveio","Vestland","Andre2","Andre2",0,0
"2019","ko","kommune","Bømlo","Vestland","A","Arbeiderpartiet",5,5
"2019","ko","kommune","Bømlo","Vestland","SV","SV - Sosialistisk Venstreparti",1,1
"2019","ko","kommune","Bømlo","Vestland","RØDT","Rødt",0,0
"2019","ko","kommune","Bømlo","Vestland","SP","Senterpartiet",3,3
"2019","ko","kommune","Bømlo","Vestland","KRF","Kristelig Folkeparti",5,5
"2019","ko","kommune","Bømlo","Vestland","MDG","Miljøpartiet De Grønne",1,1
"2019","ko","kommune","Bømlo","Vestland","V","Venstre",1,1
"2019","ko","kommune","Bømlo","Vestland","H","Høyre",7,7
"2019","ko","kommune","Bømlo","Vestland","FRP","Fremskrittspartiet",3,3
"2019","ko","kommune","Bømlo","Vestland","KRISTNE","Partiet De Kristne",1,1
"2019","ko","kommune","Bømlo","Vestland","LIBS","Liberalistene",0,0
"2019","ko","kommune","Bømlo","Vestland","BLANKE","Blanke",0,0
"2019","ko","kommune","Bømlo","Vestland","Andre","Andre",1,1
"2019","ko","kommune","Bømlo","Vestland","Andre2","Andre2",0,0
"2019","ko","kommune","Stord","Vestland","A","Arbeiderpartiet",11,11
"2019","ko","kommune","Stord","Vestland","SV","SV - Sosialistisk Venstreparti",2,2
"2019","ko","kommune","Stord","Vestland","RØDT","Rødt",1,1
"2019","ko","kommune","Stord","Vestland","SP","Senterpartiet",5,5
"2019","ko","kommune","Stord","Vestland","KRF","Kristelig Folkeparti",2,2
"2019","ko","kommune","Stord","Vestland","MDG","Miljøpartiet De Grønne",1,1
"2019","ko","kommune","Stord","Vestland","V","Venstre",1,1
"2019","ko","kommune","Stord","Vestland","H","Høyre",6,6
"2019","ko","kommune","Stord","Vestland","FRP","Fremskrittspartiet",6,6
"2019","ko","kommune","Stord","Vestland","BLANKE","Blanke",0,0
"2019","ko","kommune","Stord","Vestland","Andre","Andre",0,0
"2019","ko","kommune","Stord","Vestland","Andre2","Andre2",0,0
"2019","ko","kommune","Fitjar","Vestland","A","Arbeiderpartiet",3,3
"2019","ko","kommune","Fitjar","Vestland","SP","Senterpartiet",3,3
"2019","ko","kommune","Fitjar","Vestland","KRF","Kristelig Folkeparti",6,6
"2019","ko","kommune","Fitjar","Vestland","H","Høyre",3,3
"2019","ko","kommune","Fitjar","Vestland","FRP","Fremskrittspartiet",2,2
"2019","ko","kommune","Fitjar","Vestland","BLANKE","Blanke",0,0
"2019","ko","kommune","Fitjar","Vestland","Andre","Andre",0,0
"2019","ko","kommune","Fitjar","Vestland","Andre2","Andre2",0,0
"2019","ko","kommune","Tysnes","Vestland","A","Arbeiderpartiet",4,4
"2019","ko","kommune","Tysnes","Vestland","SP","Senterpartiet",6,6
"2019","ko","kommune","Tysnes","Vestland","KRF","Kristelig Folkeparti",1,1
"2019","ko","kommune","Tysnes","Vestland","H","Høyre",8,8
"2019","ko","kommune","Tysnes","Vestland","FRP","Fremskrittspartiet",2,2
"2019","ko","kommune","Tysnes","Vestland","BLANKE","Blanke",0,0
"2019","ko","kommune","Tysnes","Vestland","Andre","Andre",0,0
"2019","ko","kommune","Tysnes","Vestland","Andre2","Andre2",0,0
"2019","ko","kommune","Kvinnherad","Vestland","A","Arbeiderpartiet",7,7
"2019","ko","kommune","Kvinnherad","Vestland","SP","Senterpartiet",8,8
"2019","ko","kommune","Kvinnherad","Vestland","KRF","Kristelig Folkeparti",2,2
"2019","ko","kommune","Kvinnherad","Vestland","MDG","Miljøpartiet De Grønne",2,2
"2019","ko","kommune","Kvinnherad","Vestland","V","Venstre",1,1
"2019","ko","kommune","Kvinnherad","Vestland","H","Høyre",9,9
"2019","ko","kommune","Kvinnherad","Vestland","FRP","Fremskrittspartiet",3,3
"2019","ko","kommune","Kvinnherad","Vestland","KRISTNE","Partiet De Kristne",0,0
"2019","ko","kommune","Kvinnherad","Vestland","BLANKE","Blanke",0,0
"2019","ko","kommune","Kvinnherad","Vestland","SVRA","Sosialistisk Fellesliste av SV og Raudt",3,3
"2019","ko","kommune","Kvinnherad","Vestland","Andre","Andre",3,3
"2019","ko","kommune","Kvinnherad","Vestland","Andre2","Andre2",0,0
"2019","ko","kommune","Ullensvang","Vestland","A","Arbeiderpartiet",14,14
"2019","ko","kommune","Ullensvang","Vestland","SV","SV - Sosialistisk Venstreparti",1,1
"2019","ko","kommune","Ullensvang","Vestland","RØDT","Rødt",2,2
"2019","ko","kommune","Ullensvang","Vestland","SP","Senterpartiet",9,9
"2019","ko","kommune","Ullensvang","Vestland","KRF","Kristelig Folkeparti",1,1
"2019","ko","kommune","Ullensvang","Vestland","MDG","Miljøpartiet De Grønne",0,0
"2019","ko","kommune","Ullensvang","Vestland","V","Venstre",1,1
"2019","ko","kommune","Ullensvang","Vestland","H","Høyre",4,4
"2019","ko","kommune","Ullensvang","Vestland","FRP","Fremskrittspartiet",1,1
"2019","ko","kommune","Ullensvang","Vestland","BLANKE","Blanke",0,0
"2019","ko","kommune","Ullensvang","Vestland","Andre","Andre",0,0
"2019","ko","kommune","Ullensvang","Vestland","Andre2","Andre2",0,0
"2019","ko","kommune","Eidfjord","Vestland","A","Arbeiderpartiet",6,6
"2019","ko","kommune","Eidfjord","Vestland","SV","SV - Sosialistisk Venstreparti",2,2
"2019","ko","kommune","Eidfjord","Vestland","SP","Senterpartiet",7,7
"2019","ko","kommune","Eidfjord","Vestland","H","Høyre",2,2
"2019","ko","kommune","Eidfjord","Vestland","BLANKE","Blanke",0,0
"2019","ko","kommune","Eidfjord","Vestland","Andre","Andre",0,0
"2019","ko","kommune","Eidfjord","Vestland","Andre2","Andre2",0,0
"2019","ko","kommune","Ulvik","Vestland","A","Arbeiderpartiet",5,5
"2019","ko","kommune","Ulvik","Vestland","SV","SV - Sosialistisk Venstreparti",2,2
"2019","ko","kommune","Ulvik","Vestland","SP","Senterpartiet",5,5
"2019","ko","kommune","Ulvik","Vestland","V","Venstre",3,3
"2019","ko","kommune","Ulvik","Vestland","H","Høyre",2,2
"2019","ko","kommune","Ulvik","Vestland","BLANKE","Blanke",0,0
"2019","ko","kommune","Ulvik","Vestland","Andre","Andre",0,0
"2019","ko","kommune","Ulvik","Vestland","Andre2","Andre2",0,0
"2019","ko","kommune","Voss","Vestland","A","Arbeiderpartiet",13,13
"2019","ko","kommune","Voss","Vestland","SV","SV - Sosialistisk Venstreparti",3,3
"2019","ko","kommune","Voss","Vestland","RØDT","Rødt",1,1
"2019","ko","kommune","Voss","Vestland","SP","Senterpartiet",14,14
"2019","ko","kommune","Voss","Vestland","KRF","Kristelig Folkeparti",2,2
"2019","ko","kommune","Voss","Vestland","MDG","Miljøpartiet De Grønne",2,2
"2019","ko","kommune","Voss","Vestland","V","Venstre",1,1
"2019","ko","kommune","Voss","Vestland","H","Høyre",5,5
"2019","ko","kommune","Voss","Vestland","FRP","Fremskrittspartiet",2,2
"2019","ko","kommune","Voss","Vestland","BLANKE","Blanke",0,0
"2019","ko","kommune","Voss","Vestland","Andre","Andre",0,0
"2019","ko","kommune","Voss","Vestland","Andre2","Andre2",0,0
"2019","ko","kommune","Kvam","Vestland","A","Arbeiderpartiet",6,6
"2019","ko","kommune","Kvam","Vestland","SV","SV - Sosialistisk Venstreparti",1,1
"2019","ko","kommune","Kvam","Vestland","RØDT","Rødt",1,1
"2019","ko","kommune","Kvam","Vestland","SP","Senterpartiet",8,8
"2019","ko","kommune","Kvam","Vestland","KRF","Kristelig Folkeparti",3,3
"2019","ko","kommune","Kvam","Vestland","MDG","Miljøpartiet De Grønne",2,2
"2019","ko","kommune","Kvam","Vestland","V","Venstre",0,0
"2019","ko","kommune","Kvam","Vestland","H","Høyre",2,2
"2019","ko","kommune","Kvam","Vestland","FRP","Fremskrittspartiet",4,4
"2019","ko","kommune","Kvam","Vestland","BLANKE","Blanke",0,0
"2019","ko","kommune","Kvam","Vestland","Andre","Andre",0,0
"2019","ko","kommune","Kvam","Vestland","Andre2","Andre2",0,0
"2019","ko","kommune","Samnanger","Vestland","A","Arbeiderpartiet",4,4
"2019","ko","kommune","Samnanger","Vestland","SP","Senterpartiet",2,2
"2019","ko","kommune","Samnanger","Vestland","KRF","Kristelig Folkeparti",1,1
"2019","ko","kommune","Samnanger","Vestland","MDG","Miljøpartiet De Grønne",2,2
"2019","ko","kommune","Samnanger","Vestland","H","Høyre",1,1
"2019","ko","kommune","Samnanger","Vestland","FRP","Fremskrittspartiet",3,3
"2019","ko","kommune","Samnanger","Vestland","BLANKE","Blanke",0,0
"2019","ko","kommune","Samnanger","Vestland","BYGS","Bygdalista",8,8
"2019","ko","kommune","Samnanger","Vestland","Andre","Andre",8,8
"2019","ko","kommune","Samnanger","Vestland","Andre2","Andre2",0,0
"2019","ko","kommune","Bjørnafjorden","Vestland","A","Arbeiderpartiet",8,8
"2019","ko","kommune","Bjørnafjorden","Vestland","SV","SV - Sosialistisk Venstreparti",1,1
"2019","ko","kommune","Bjørnafjorden","Vestland","RØDT","Rødt",0,0
"2019","ko","kommune","Bjørnafjorden","Vestland","SP","Senterpartiet",5,5
"2019","ko","kommune","Bjørnafjorden","Vestland","KRF","Kristelig Folkeparti",1,1
"2019","ko","kommune","Bjørnafjorden","Vestland","MDG","Miljøpartiet De Grønne",3,3
"2019","ko","kommune","Bjørnafjorden","Vestland","V","Venstre",0,0
"2019","ko","kommune","Bjørnafjorden","Vestland","H","Høyre",5,5
"2019","ko","kommune","Bjørnafjorden","Vestland","FRP","Fremskrittspartiet",12,12
"2019","ko","kommune","Bjørnafjorden","Vestland","BLANKE","Blanke",0,0
"2019","ko","kommune","Bjørnafjorden","Vestland","Andre","Andre",0,0
"2019","ko","kommune","Bjørnafjorden","Vestland","Andre2","Andre2",0,0
"2019","ko","kommune","Austevoll","Vestland","A","Arbeiderpartiet",4,4
"2019","ko","kommune","Austevoll","Vestland","SV","SV - Sosialistisk Venstreparti",0,0
"2019","ko","kommune","Austevoll","Vestland","SP","Senterpartiet",2,2
"2019","ko","kommune","Austevoll","Vestland","KRF","Kristelig Folkeparti",1,1
"2019","ko","kommune","Austevoll","Vestland","MDG","Miljøpartiet De Grønne",1,1
"2019","ko","kommune","Austevoll","Vestland","V","Venstre",0,0
"2019","ko","kommune","Austevoll","Vestland","H","Høyre",8,8
"2019","ko","kommune","Austevoll","Vestland","FRP","Fremskrittspartiet",5,5
"2019","ko","kommune","Austevoll","Vestland","BLANKE","Blanke",0,0
"2019","ko","kommune","Austevoll","Vestland","Andre","Andre",0,0
"2019","ko","kommune","Austevoll","Vestland","Andre2","Andre2",0,0
"2019","ko","kommune","Øygarden","Vestland","A","Arbeiderpartiet",8,8
"2019","ko","kommune","Øygarden","Vestland","SV","SV - Sosialistisk Venstreparti",2,2
"2019","ko","kommune","Øygarden","Vestland","RØDT","Rødt",1,1
"2019","ko","kommune","Øygarden","Vestland","SP","Senterpartiet",4,4
"2019","ko","kommune","Øygarden","Vestland","KRF","Kristelig Folkeparti",4,4
"2019","ko","kommune","Øygarden","Vestland","MDG","Miljøpartiet De Grønne",2,2
"2019","ko","kommune","Øygarden","Vestland","V","Venstre",1,1
"2019","ko","kommune","Øygarden","Vestland","H","Høyre",10,10
"2019","ko","kommune","Øygarden","Vestland","FRP","Fremskrittspartiet",4,4
"2019","ko","kommune","Øygarden","Vestland","FNB","Folkeaksjonen Nei til mer bompenger",4,4
"2019","ko","kommune","Øygarden","Vestland","KRISTNE","Partiet De Kristne",0,0
"2019","ko","kommune","Øygarden","Vestland","BLANKE","Blanke",0,0
"2019","ko","kommune","Øygarden","Vestland","SOT","Sotralista",5,5
"2019","ko","kommune","Øygarden","Vestland","Andre","Andre",9,9
"2019","ko","kommune","Øygarden","Vestland","Andre2","Andre2",0,0
"2019","ko","kommune","Askøy","Vestland","A","Arbeiderpartiet",5,5
"2019","ko","kommune","Askøy","Vestland","SV","SV - Sosialistisk Venstreparti",2,2
"2019","ko","kommune","Askøy","Vestland","RØDT","Rødt",1,1
"2019","ko","kommune","Askøy","Vestland","SP","Senterpartiet",2,2
"2019","ko","kommune","Askøy","Vestland","KRF","Kristelig Folkeparti",1,1
"2019","ko","kommune","Askøy","Vestland","MDG","Miljøpartiet De Grønne",1,1
"2019","ko","kommune","Askøy","Vestland","V","Venstre",1,1
"2019","ko","kommune","Askøy","Vestland","H","Høyre",8,8
"2019","ko","kommune","Askøy","Vestland","FRP","Fremskrittspartiet",4,4
"2019","ko","kommune","Askøy","Vestland","FNB","Folkeaksjonen Nei til mer bompenger",3,3
"2019","ko","kommune","Askøy","Vestland","PP","Pensjonistpartiet",2,2
"2019","ko","kommune","Askøy","Vestland","ASKØY","Askøylisten",5,5
"2019","ko","kommune","Askøy","Vestland","BLANKE","Blanke",0,0
"2019","ko","kommune","Askøy","Vestland","Andre","Andre",10,10
"2019","ko","kommune","Askøy","Vestland","Andre2","Andre2",0,0
"2019","ko","kommune","Vaksdal","Vestland","A","Arbeiderpartiet",6,6
"2019","ko","kommune","Vaksdal","Vestland","SV","SV - Sosialistisk Venstreparti",4,4
"2019","ko","kommune","Vaksdal","Vestland","RØDT","Rødt",0,0
"2019","ko","kommune","Vaksdal","Vestland","SP","Senterpartiet",4,4
"2019","ko","kommune","Vaksdal","Vestland","KRF","Kristelig Folkeparti",1,1
"2019","ko","kommune","Vaksdal","Vestland","MDG","Miljøpartiet De Grønne",0,0
"2019","ko","kommune","Vaksdal","Vestland","H","Høyre",4,4
"2019","ko","kommune","Vaksdal","Vestland","FRP","Fremskrittspartiet",2,2
"2019","ko","kommune","Vaksdal","Vestland","BLANKE","Blanke",0,0
"2019","ko","kommune","Vaksdal","Vestland","Andre","Andre",0,0
"2019","ko","kommune","Vaksdal","Vestland","Andre2","Andre2",0,0
"2019","ko","kommune","Modalen","Vestland","BLANKE","Blanke",0,0
"2019","ko","kommune","Modalen","Vestland","SLMO","Samlingslista",7,7
"2019","ko","kommune","Modalen","Vestland","SOLR","Solrenningslista",6,6
"2019","ko","kommune","Modalen","Vestland","Andre","Andre",13,13
"2019","ko","kommune","Modalen","Vestland","Andre2","Andre2",0,0
"2019","ko","kommune","Osterøy","Vestland","A","Arbeiderpartiet",4,4
"2019","ko","kommune","Osterøy","Vestland","SV","SV - Sosialistisk Venstreparti",2,2
"2019","ko","kommune","Osterøy","Vestland","SP","Senterpartiet",5,5
"2019","ko","kommune","Osterøy","Vestland","KRF","Kristelig Folkeparti",3,3
"2019","ko","kommune","Osterøy","Vestland","MDG","Miljøpartiet De Grønne",1,1
"2019","ko","kommune","Osterøy","Vestland","V","Venstre",1,1
"2019","ko","kommune","Osterøy","Vestland","H","Høyre",4,4
"2019","ko","kommune","Osterøy","Vestland","FRP","Fremskrittspartiet",7,7
"2019","ko","kommune","Osterøy","Vestland","BLANKE","Blanke",0,0
"2019","ko","kommune","Osterøy","Vestland","Andre","Andre",0,0
"2019","ko","kommune","Osterøy","Vestland","Andre2","Andre2",0,0
"2019","ko","kommune","Alver","Vestland","A","Arbeiderpartiet",7,7
"2019","ko","kommune","Alver","Vestland","SV","SV - Sosialistisk Venstreparti",2,2
"2019","ko","kommune","Alver","Vestland","RØDT","Rødt",1,1
"2019","ko","kommune","Alver","Vestland","SP","Senterpartiet",8,8
"2019","ko","kommune","Alver","Vestland","KRF","Kristelig Folkeparti",7,7
"2019","ko","kommune","Alver","Vestland","MDG","Miljøpartiet De Grønne",2,2
"2019","ko","kommune","Alver","Vestland","V","Venstre",1,1
"2019","ko","kommune","Alver","Vestland","H","Høyre",6,6
"2019","ko","kommune","Alver","Vestland","FRP","Fremskrittspartiet",3,3
"2019","ko","kommune","Alver","Vestland","FNB","Folkeaksjonen Nei til mer bompenger",10,10
"2019","ko","kommune","Alver","Vestland","KRISTNE","Partiet De Kristne",0,0
"2019","ko","kommune","Alver","Vestland","BLANKE","Blanke",0,0
"2019","ko","kommune","Alver","Vestland","Andre","Andre",10,10
"2019","ko","kommune","Alver","Vestland","Andre2","Andre2",0,0
"2019","ko","kommune","Austrheim","Vestland","A","Arbeiderpartiet",6,6
"2019","ko","kommune","Austrheim","Vestland","SV","SV - Sosialistisk Venstreparti",0,0
"2019","ko","kommune","Austrheim","Vestland","SP","Senterpartiet",3,3
"2019","ko","kommune","Austrheim","Vestland","KRF","Kristelig Folkeparti",3,3
"2019","ko","kommune","Austrheim","Vestland","H","Høyre",4,4
"2019","ko","kommune","Austrheim","Vestland","BIA","Bygdelista i Austrheim",1,1
"2019","ko","kommune","Austrheim","Vestland","BLANKE","Blanke",0,0
"2019","ko","kommune","Austrheim","Vestland","Andre","Andre",1,1
"2019","ko","kommune","Austrheim","Vestland","Andre2","Andre2",0,0
"2019","ko","kommune","Fedje","Vestland","A","Arbeiderpartiet",6,6
"2019","ko","kommune","Fedje","Vestland","H","Høyre",6,6
"2019","ko","kommune","Fedje","Vestland","FRP","Fremskrittspartiet",3,3
"2019","ko","kommune","Fedje","Vestland","BLANKE","Blanke",0,0
"2019","ko","kommune","Fedje","Vestland","Andre","Andre",0,0
"2019","ko","kommune","Fedje","Vestland","Andre2","Andre2",0,0
"2019","ko","kommune","Masfjorden","Vestland","A","Arbeiderpartiet",4,4
"2019","ko","kommune","Masfjorden","Vestland","SP","Senterpartiet",4,4
"2019","ko","kommune","Masfjorden","Vestland","KRF","Kristelig Folkeparti",1,1
"2019","ko","kommune","Masfjorden","Vestland","V","Venstre",0,0
"2019","ko","kommune","Masfjorden","Vestland","H","Høyre",7,7
"2019","ko","kommune","Masfjorden","Vestland","FRP","Fremskrittspartiet",1,1
"2019","ko","kommune","Masfjorden","Vestland","BLANKE","Blanke",0,0
"2019","ko","kommune","Masfjorden","Vestland","Andre","Andre",0,0
"2019","ko","kommune","Masfjorden","Vestland","Andre2","Andre2",0,0
"2019","ko","kommune","Gulen","Vestland","A","Arbeiderpartiet",4,4
"2019","ko","kommune","Gulen","Vestland","SP","Senterpartiet",9,9
"2019","ko","kommune","Gulen","Vestland","KRF","Kristelig Folkeparti",1,1
"2019","ko","kommune","Gulen","Vestland","V","Venstre",1,1
"2019","ko","kommune","Gulen","Vestland","H","Høyre",6,6
"2019","ko","kommune","Gulen","Vestland","BLANKE","Blanke",0,0
"2019","ko","kommune","Gulen","Vestland","Andre","Andre",0,0
"2019","ko","kommune","Gulen","Vestland","Andre2","Andre2",0,0
"2019","ko","kommune","Solund","Vestland","A","Arbeiderpartiet",2,2
"2019","ko","kommune","Solund","Vestland","SV","SV - Sosialistisk Venstreparti",1,1
"2019","ko","kommune","Solund","Vestland","SP","Senterpartiet",8,8
"2019","ko","kommune","Solund","Vestland","H","Høyre",4,4
"2019","ko","kommune","Solund","Vestland","BLANKE","Blanke",0,0
"2019","ko","kommune","Solund","Vestland","Andre","Andre",0,0
"2019","ko","kommune","Solund","Vestland","Andre2","Andre2",0,0
"2019","ko","kommune","Hyllestad","Vestland","A","Arbeiderpartiet",6,6
"2019","ko","kommune","Hyllestad","Vestland","SP","Senterpartiet",7,7
"2019","ko","kommune","Hyllestad","Vestland","KRF","Kristelig Folkeparti",1,1
"2019","ko","kommune","Hyllestad","Vestland","H","Høyre",3,3
"2019","ko","kommune","Hyllestad","Vestland","BLANKE","Blanke",0,0
"2019","ko","kommune","Hyllestad","Vestland","Andre","Andre",0,0
"2019","ko","kommune","Hyllestad","Vestland","Andre2","Andre2",0,0
"2019","ko","kommune","Høyanger","Vestland","A","Arbeiderpartiet",9,9
"2019","ko","kommune","Høyanger","Vestland","SV","SV - Sosialistisk Venstreparti",1,1
"2019","ko","kommune","Høyanger","Vestland","RØDT","Rødt",3,3
"2019","ko","kommune","Høyanger","Vestland","SP","Senterpartiet",6,6
"2019","ko","kommune","Høyanger","Vestland","H","Høyre",2,2
"2019","ko","kommune","Høyanger","Vestland","BLANKE","Blanke",0,0
"2019","ko","kommune","Høyanger","Vestland","Andre","Andre",0,0
"2019","ko","kommune","Høyanger","Vestland","Andre2","Andre2",0,0
"2019","ko","kommune","Vik","Vestland","A","Arbeiderpartiet",8,8
"2019","ko","kommune","Vik","Vestland","SV","SV - Sosialistisk Venstreparti",1,1
"2019","ko","kommune","Vik","Vestland","SP","Senterpartiet",7,7
"2019","ko","kommune","Vik","Vestland","H","Høyre",1,1
"2019","ko","kommune","Vik","Vestland","BLANKE","Blanke",0,0
"2019","ko","kommune","Vik","Vestland","Andre","Andre",0,0
"2019","ko","kommune","Vik","Vestland","Andre2","Andre2",0,0
"2019","ko","kommune","Sogndal","Vestland","A","Arbeiderpartiet",6,6
"2019","ko","kommune","Sogndal","Vestland","SV","SV - Sosialistisk Venstreparti",4,4
"2019","ko","kommune","Sogndal","Vestland","SP","Senterpartiet",16,16
"2019","ko","kommune","Sogndal","Vestland","KRF","Kristelig Folkeparti",2,2
"2019","ko","kommune","Sogndal","Vestland","MDG","Miljøpartiet De Grønne",1,1
"2019","ko","kommune","Sogndal","Vestland","V","Venstre",2,2
"2019","ko","kommune","Sogndal","Vestland","H","Høyre",5,5
"2019","ko","kommune","Sogndal","Vestland","FRP","Fremskrittspartiet",1,1
"2019","ko","kommune","Sogndal","Vestland","BLANKE","Blanke",0,0
"2019","ko","kommune","Sogndal","Vestland","Andre","Andre",0,0
"2019","ko","kommune","Sogndal","Vestland","Andre2","Andre2",0,0
"2019","ko","kommune","Aurland","Vestland","A","Arbeiderpartiet",4,4
"2019","ko","kommune","Aurland","Vestland","SV","SV - Sosialistisk Venstreparti",0,0
"2019","ko","kommune","Aurland","Vestland","SP","Senterpartiet",8,8
"2019","ko","kommune","Aurland","Vestland","MDG","Miljøpartiet De Grønne",2,2
"2019","ko","kommune","Aurland","Vestland","V","Venstre",0,0
"2019","ko","kommune","Aurland","Vestland","H","Høyre",3,3
"2019","ko","kommune","Aurland","Vestland","BLANKE","Blanke",0,0
"2019","ko","kommune","Aurland","Vestland","Andre","Andre",0,0
"2019","ko","kommune","Aurland","Vestland","Andre2","Andre2",0,0
"2019","ko","kommune","Lærdal","Vestland","A","Arbeiderpartiet",8,8
"2019","ko","kommune","Lærdal","Vestland","SV","SV - Sosialistisk Venstreparti",2,2
"2019","ko","kommune","Lærdal","Vestland","SP","Senterpartiet",5,5
"2019","ko","kommune","Lærdal","Vestland","H","Høyre",2,2
"2019","ko","kommune","Lærdal","Vestland","BLANKE","Blanke",0,0
"2019","ko","kommune","Lærdal","Vestland","Andre","Andre",0,0
"2019","ko","kommune","Lærdal","Vestland","Andre2","Andre2",0,0
"2019","ko","kommune","Årdal","Vestland","A","Arbeiderpartiet",11,11
"2019","ko","kommune","Årdal","Vestland","RØDT","Rødt",1,1
"2019","ko","kommune","Årdal","Vestland","SP","Senterpartiet",8,8
"2019","ko","kommune","Årdal","Vestland","H","Høyre",1,1
"2019","ko","kommune","Årdal","Vestland","BLANKE","Blanke",0,0
"2019","ko","kommune","Årdal","Vestland","Andre","Andre",0,0
"2019","ko","kommune","Årdal","Vestland","Andre2","Andre2",0,0
"2019","ko","kommune","Luster","Vestland","A","Arbeiderpartiet",6,6
"2019","ko","kommune","Luster","Vestland","SP","Senterpartiet",13,13
"2019","ko","kommune","Luster","Vestland","KRF","Kristelig Folkeparti",1,1
"2019","ko","kommune","Luster","Vestland","V","Venstre",1,1
"2019","ko","kommune","Luster","Vestland","H","Høyre",3,3
"2019","ko","kommune","Luster","Vestland","FRP","Fremskrittspartiet",1,1
"2019","ko","kommune","Luster","Vestland","BLANKE","Blanke",0,0
"2019","ko","kommune","Luster","Vestland","Andre","Andre",0,0
"2019","ko","kommune","Luster","Vestland","Andre2","Andre2",0,0
"2019","ko","kommune","Askvoll","Vestland","A","Arbeiderpartiet",2,2
"2019","ko","kommune","Askvoll","Vestland","SV","SV - Sosialistisk Venstreparti",2,2
"2019","ko","kommune","Askvoll","Vestland","SP","Senterpartiet",6,6
"2019","ko","kommune","Askvoll","Vestland","V","Venstre",4,4
"2019","ko","kommune","Askvoll","Vestland","H","Høyre",7,7
"2019","ko","kommune","Askvoll","Vestland","BLANKE","Blanke",0,0
"2019","ko","kommune","Askvoll","Vestland","Andre","Andre",0,0
"2019","ko","kommune","Askvoll","Vestland","Andre2","Andre2",0,0
"2019","ko","kommune","Fjaler","Vestland","A","Arbeiderpartiet",4,4
"2019","ko","kommune","Fjaler","Vestland","SV","SV - Sosialistisk Venstreparti",2,2
"2019","ko","kommune","Fjaler","Vestland","SP","Senterpartiet",7,7
"2019","ko","kommune","Fjaler","Vestland","KRF","Kristelig Folkeparti",0,0
"2019","ko","kommune","Fjaler","Vestland","MDG","Miljøpartiet De Grønne",2,2
"2019","ko","kommune","Fjaler","Vestland","V","Venstre",5,5
"2019","ko","kommune","Fjaler","Vestland","H","Høyre",2,2
"2019","ko","kommune","Fjaler","Vestland","FRP","Fremskrittspartiet",1,1
"2019","ko","kommune","Fjaler","Vestland","BLANKE","Blanke",0,0
"2019","ko","kommune","Fjaler","Vestland","Andre","Andre",0,0
"2019","ko","kommune","Fjaler","Vestland","Andre2","Andre2",0,0
"2019","ko","kommune","Sunnfjord","Vestland","A","Arbeiderpartiet",11,11
"2019","ko","kommune","Sunnfjord","Vestland","SV","SV - Sosialistisk Venstreparti",4,4
"2019","ko","kommune","Sunnfjord","Vestland","RØDT","Rødt",1,1
"2019","ko","kommune","Sunnfjord","Vestland","SP","Senterpartiet",12,12
"2019","ko","kommune","Sunnfjord","Vestland","KRF","Kristelig Folkeparti",2,2
"2019","ko","kommune","Sunnfjord","Vestland","MDG","Miljøpartiet De Grønne",2,2
"2019","ko","kommune","Sunnfjord","Vestland","V","Venstre",2,2
"2019","ko","kommune","Sunnfjord","Vestland","H","Høyre",10,10
"2019","ko","kommune","Sunnfjord","Vestland","FRP","Fremskrittspartiet",1,1
"2019","ko","kommune","Sunnfjord","Vestland","KRISTNE","Partiet De Kristne",0,0
"2019","ko","kommune","Sunnfjord","Vestland","BLANKE","Blanke",0,0
"2019","ko","kommune","Sunnfjord","Vestland","Andre","Andre",0,0
"2019","ko","kommune","Sunnfjord","Vestland","Andre2","Andre2",0,0
"2019","ko","kommune","Bremanger","Vestland","A","Arbeiderpartiet",7,7
"2019","ko","kommune","Bremanger","Vestland","SV","SV - Sosialistisk Venstreparti",1,1
"2019","ko","kommune","Bremanger","Vestland","SP","Senterpartiet",6,6
"2019","ko","kommune","Bremanger","Vestland","KRF","Kristelig Folkeparti",0,0
"2019","ko","kommune","Bremanger","Vestland","V","Venstre",5,5
"2019","ko","kommune","Bremanger","Vestland","H","Høyre",4,4
"2019","ko","kommune","Bremanger","Vestland","BLANKE","Blanke",0,0
"2019","ko","kommune","Bremanger","Vestland","Andre","Andre",0,0
"2019","ko","kommune","Bremanger","Vestland","Andre2","Andre2",0,0
"2019","ko","kommune","Stad","Vestland","A","Arbeiderpartiet",4,4
"2019","ko","kommune","Stad","Vestland","SV","SV - Sosialistisk Venstreparti",2,2
"2019","ko","kommune","Stad","Vestland","SP","Senterpartiet",9,9
"2019","ko","kommune","Stad","Vestland","KRF","Kristelig Folkeparti",2,2
"2019","ko","kommune","Stad","Vestland","V","Venstre",11,11
"2019","ko","kommune","Stad","Vestland","H","Høyre",2,2
"2019","ko","kommune","Stad","Vestland","FRP","Fremskrittspartiet",3,3
"2019","ko","kommune","Stad","Vestland","BLANKE","Blanke",0,0
"2019","ko","kommune","Stad","Vestland","Andre","Andre",0,0
"2019","ko","kommune","Stad","Vestland","Andre2","Andre2",0,0
"2019","ko","kommune","Gloppen","Vestland","A","Arbeiderpartiet",3,3
"2019","ko","kommune","Gloppen","Vestland","SV","SV - Sosialistisk Venstreparti",1,1
"2019","ko","kommune","Gloppen","Vestland","SP","Senterpartiet",13,13
"2019","ko","kommune","Gloppen","Vestland","KRF","Kristelig Folkeparti",4,4
"2019","ko","kommune","Gloppen","Vestland","MDG","Miljøpartiet De Grønne",2,2
"2019","ko","kommune","Gloppen","Vestland","V","Venstre",1,1
"2019","ko","kommune","Gloppen","Vestland","H","Høyre",2,2
"2019","ko","kommune","Gloppen","Vestland","BLANKE","Blanke",0,0
"2019","ko","kommune","Gloppen","Vestland","SAMDEM","Samfunnsdemokratane",1,1
"2019","ko","kommune","Gloppen","Vestland","Andre","Andre",1,1
"2019","ko","kommune","Gloppen","Vestland","Andre2","Andre2",0,0
"2019","ko","kommune","Stryn","Vestland","A","Arbeiderpartiet",4,4
"2019","ko","kommune","Stryn","Vestland","SV","SV - Sosialistisk Venstreparti",0,0
"2019","ko","kommune","Stryn","Vestland","RØDT","Rødt",0,0
"2019","ko","kommune","Stryn","Vestland","SP","Senterpartiet",9,9
"2019","ko","kommune","Stryn","Vestland","KRF","Kristelig Folkeparti",1,1
"2019","ko","kommune","Stryn","Vestland","V","Venstre",2,2
"2019","ko","kommune","Stryn","Vestland","H","Høyre",8,8
"2019","ko","kommune","Stryn","Vestland","FRP","Fremskrittspartiet",1,1
"2019","ko","kommune","Stryn","Vestland","KRISTNE","Partiet De Kristne",0,0
"2019","ko","kommune","Stryn","Vestland","BLANKE","Blanke",0,0
"2019","ko","kommune","Stryn","Vestland","Andre","Andre",0,0
"2019","ko","kommune","Stryn","Vestland","Andre2","Andre2",0,0
"2019","ko","kommune","Trondheim","Trøndelag","A","Arbeiderpartiet",17,17
"2019","ko","kommune","Trondheim","Trøndelag","SV","SV - Sosialistisk Venstreparti",8,8
"2019","ko","kommune","Trondheim","Trøndelag","RØDT","Rødt",5,5
"2019","ko","kommune","Trondheim","Trøndelag","SP","Senterpartiet",5,5
"2019","ko","kommune","Trondheim","Trøndelag","KRF","Kristelig Folkeparti",1,1
"2019","ko","kommune","Trondheim","Trøndelag","MDG","Miljøpartiet De Grønne",7,7
"2019","ko","kommune","Trondheim","Trøndelag","V","Venstre",3,3
"2019","ko","kommune","Trondheim","Trøndelag","H","Høyre",14,14
"2019","ko","kommune","Trondheim","Trøndelag","FRP","Fremskrittspartiet",4,4
"2019","ko","kommune","Trondheim","Trøndelag","DEMN","Demokratene",0,0
"2019","ko","kommune","Trondheim","Trøndelag","HELSE","Helsepartiet",0,0
"2019","ko","kommune","Trondheim","Trøndelag","KRISTNE","Partiet De Kristne",0,0
"2019","ko","kommune","Trondheim","Trøndelag","LIBS","Liberalistene",0,0
"2019","ko","kommune","Trondheim","Trøndelag","NKP","Norges Kommunistiske Parti",0,0
"2019","ko","kommune","Trondheim","Trøndelag","PP","Pensjonistpartiet",3,3
"2019","ko","kommune","Trondheim","Trøndelag","BLANKE","Blanke",0,0
"2019","ko","kommune","Trondheim","Trøndelag","Andre","Andre",3,3
"2019","ko","kommune","Trondheim","Trøndelag","Andre2","Andre2",0,0
"2019","ko","kommune","Steinkjer","Trøndelag","A","Arbeiderpartiet",13,13
"2019","ko","kommune","Steinkjer","Trøndelag","SV","SV - Sosialistisk Venstreparti",2,2
"2019","ko","kommune","Steinkjer","Trøndelag","RØDT","Rødt",3,3
"2019","ko","kommune","Steinkjer","Trøndelag","SP","Senterpartiet",22,22
"2019","ko","kommune","Steinkjer","Trøndelag","KRF","Kristelig Folkeparti",0,0
"2019","ko","kommune","Steinkjer","Trøndelag","MDG","Miljøpartiet De Grønne",1,1
"2019","ko","kommune","Steinkjer","Trøndelag","V","Venstre",1,1
"2019","ko","kommune","Steinkjer","Trøndelag","H","Høyre",3,3
"2019","ko","kommune","Steinkjer","Trøndelag","FRP","Fremskrittspartiet",2,2
"2019","ko","kommune","Steinkjer","Trøndelag","DEMN","Demokratene",0,0
"2019","ko","kommune","Steinkjer","Trøndelag","BLANKE","Blanke",0,0
"2019","ko","kommune","Steinkjer","Trøndelag","Andre","Andre",0,0
"2019","ko","kommune","Steinkjer","Trøndelag","Andre2","Andre2",0,0
"2019","ko","kommune","Namsos","Trøndelag","A","Arbeiderpartiet",18,18
"2019","ko","kommune","Namsos","Trøndelag","SV","SV - Sosialistisk Venstreparti",3,3
"2019","ko","kommune","Namsos","Trøndelag","RØDT","Rødt",1,1
"2019","ko","kommune","Namsos","Trøndelag","SP","Senterpartiet",10,10
"2019","ko","kommune","Namsos","Trøndelag","KRF","Kristelig Folkeparti",1,1
"2019","ko","kommune","Namsos","Trøndelag","MDG","Miljøpartiet De Grønne",1,1
"2019","ko","kommune","Namsos","Trøndelag","V","Venstre",1,1
"2019","ko","kommune","Namsos","Trøndelag","H","Høyre",4,4
"2019","ko","kommune","Namsos","Trøndelag","FRP","Fremskrittspartiet",2,2
"2019","ko","kommune","Namsos","Trøndelag","BLANKE","Blanke",0,0
"2019","ko","kommune","Namsos","Trøndelag","Andre","Andre",0,0
"2019","ko","kommune","Namsos","Trøndelag","Andre2","Andre2",0,0
"2019","ko","kommune","Frøya","Trøndelag","A","Arbeiderpartiet",7,7
"2019","ko","kommune","Frøya","Trøndelag","SV","SV - Sosialistisk Venstreparti",1,1
"2019","ko","kommune","Frøya","Trøndelag","RØDT","Rødt",2,2
"2019","ko","kommune","Frøya","Trøndelag","SP","Senterpartiet",5,5
"2019","ko","kommune","Frøya","Trøndelag","KRF","Kristelig Folkeparti",0,0
"2019","ko","kommune","Frøya","Trøndelag","MDG","Miljøpartiet De Grønne",0,0
"2019","ko","kommune","Frøya","Trøndelag","V","Venstre",2,2
"2019","ko","kommune","Frøya","Trøndelag","H","Høyre",3,3
"2019","ko","kommune","Frøya","Trøndelag","FRP","Fremskrittspartiet",2,2
"2019","ko","kommune","Frøya","Trøndelag","PP","Pensjonistpartiet",1,1
"2019","ko","kommune","Frøya","Trøndelag","BLANKE","Blanke",0,0
"2019","ko","kommune","Frøya","Trøndelag","Andre","Andre",1,1
"2019","ko","kommune","Frøya","Trøndelag","Andre2","Andre2",0,0
"2019","ko","kommune","Osen","Trøndelag","A","Arbeiderpartiet",8,8
"2019","ko","kommune","Osen","Trøndelag","SP","Senterpartiet",3,3
"2019","ko","kommune","Osen","Trøndelag","BLANKE","Blanke",0,0
"2019","ko","kommune","Osen","Trøndelag","BYS","Seter kretsliste",1,1
"2019","ko","kommune","Osen","Trøndelag","KRFVO","Venstre/ Kristelig Folkeparti",3,3
"2019","ko","kommune","Osen","Trøndelag","Andre","Andre",4,4
"2019","ko","kommune","Osen","Trøndelag","Andre2","Andre2",0,0
"2019","ko","kommune","Oppdal","Trøndelag","A","Arbeiderpartiet",4,4
"2019","ko","kommune","Oppdal","Trøndelag","SV","SV - Sosialistisk Venstreparti",1,1
"2019","ko","kommune","Oppdal","Trøndelag","SP","Senterpartiet",10,10
"2019","ko","kommune","Oppdal","Trøndelag","KRF","Kristelig Folkeparti",2,2
"2019","ko","kommune","Oppdal","Trøndelag","MDG","Miljøpartiet De Grønne",2,2
"2019","ko","kommune","Oppdal","Trøndelag","V","Venstre",3,3
"2019","ko","kommune","Oppdal","Trøndelag","H","Høyre",3,3
"2019","ko","kommune","Oppdal","Trøndelag","BLANKE","Blanke",0,0
"2019","ko","kommune","Oppdal","Trøndelag","Andre","Andre",0,0
"2019","ko","kommune","Oppdal","Trøndelag","Andre2","Andre2",0,0
"2019","ko","kommune","Rennebu","Trøndelag","A","Arbeiderpartiet",9,9
"2019","ko","kommune","Rennebu","Trøndelag","SP","Senterpartiet",7,7
"2019","ko","kommune","Rennebu","Trøndelag","KRF","Kristelig Folkeparti",3,3
"2019","ko","kommune","Rennebu","Trøndelag","V","Venstre",1,1
"2019","ko","kommune","Rennebu","Trøndelag","H","Høyre",1,1
"2019","ko","kommune","Rennebu","Trøndelag","BLANKE","Blanke",0,0
"2019","ko","kommune","Rennebu","Trøndelag","Andre","Andre",0,0
"2019","ko","kommune","Rennebu","Trøndelag","Andre2","Andre2",0,0
"2019","ko","kommune","Røros","Trøndelag","A","Arbeiderpartiet",11,11
"2019","ko","kommune","Røros","Trøndelag","SV","SV - Sosialistisk Venstreparti",4,4
"2019","ko","kommune","Røros","Trøndelag","SP","Senterpartiet",6,6
"2019","ko","kommune","Røros","Trøndelag","MDG","Miljøpartiet De Grønne",0,0
"2019","ko","kommune","Røros","Trøndelag","V","Venstre",1,1
"2019","ko","kommune","Røros","Trøndelag","H","Høyre",4,4
"2019","ko","kommune","Røros","Trøndelag","BLANKE","Blanke",0,0
"2019","ko","kommune","Røros","Trøndelag","RØL","Røroslista",1,1
"2019","ko","kommune","Røros","Trøndelag","Andre","Andre",1,1
"2019","ko","kommune","Røros","Trøndelag","Andre2","Andre2",0,0
"2019","ko","kommune","Holtålen","Trøndelag","A","Arbeiderpartiet",7,7
"2019","ko","kommune","Holtålen","Trøndelag","SP","Senterpartiet",4,4
"2019","ko","kommune","Holtålen","Trøndelag","PP","Pensjonistpartiet",1,1
"2019","ko","kommune","Holtålen","Trøndelag","BLANKE","Blanke",0,0
"2019","ko","kommune","Holtålen","Trøndelag","FH","Framtida Holtålen",3,3
"2019","ko","kommune","Holtålen","Trøndelag","Andre","Andre",4,4
"2019","ko","kommune","Holtålen","Trøndelag","Andre2","Andre2",0,0
"2019","ko","kommune","Midtre Gauldal","Trøndelag","A","Arbeiderpartiet",7,7
"2019","ko","kommune","Midtre Gauldal","Trøndelag","SV","SV - Sosialistisk Venstreparti",0,0
"2019","ko","kommune","Midtre Gauldal","Trøndelag","SP","Senterpartiet",10,10
"2019","ko","kommune","Midtre Gauldal","Trøndelag","KRF","Kristelig Folkeparti",1,1
"2019","ko","kommune","Midtre Gauldal","Trøndelag","V","Venstre",0,0
"2019","ko","kommune","Midtre Gauldal","Trøndelag","H","Høyre",2,2
"2019","ko","kommune","Midtre Gauldal","Trøndelag","FRP","Fremskrittspartiet",1,1
"2019","ko","kommune","Midtre Gauldal","Trøndelag","BLANKE","Blanke",0,0
"2019","ko","kommune","Midtre Gauldal","Trøndelag","BMG","Bygdelista for Midtre Gauldal",4,4
"2019","ko","kommune","Midtre Gauldal","Trøndelag","Andre","Andre",4,4
"2019","ko","kommune","Midtre Gauldal","Trøndelag","Andre2","Andre2",0,0
"2019","ko","kommune","Melhus","Trøndelag","A","Arbeiderpartiet",10,10
"2019","ko","kommune","Melhus","Trøndelag","SV","SV - Sosialistisk Venstreparti",1,1
"2019","ko","kommune","Melhus","Trøndelag","RØDT","Rødt",1,1
"2019","ko","kommune","Melhus","Trøndelag","SP","Senterpartiet",11,11
"2019","ko","kommune","Melhus","Trøndelag","KRF","Kristelig Folkeparti",2,2
"2019","ko","kommune","Melhus","Trøndelag","MDG","Miljøpartiet De Grønne",1,1
"2019","ko","kommune","Melhus","Trøndelag","V","Venstre",0,0
"2019","ko","kommune","Melhus","Trøndelag","H","Høyre",4,4
"2019","ko","kommune","Melhus","Trøndelag","FRP","Fremskrittspartiet",2,2
"2019","ko","kommune","Melhus","Trøndelag","PP","Pensjonistpartiet",1,1
"2019","ko","kommune","Melhus","Trøndelag","BLANKE","Blanke",0,0
"2019","ko","kommune","Melhus","Trøndelag","MELHUS","Melhuslista, Tverrpolitisk liste for hele Melhus kommune",4,4
"2019","ko","kommune","Melhus","Trøndelag","Andre","Andre",5,5
"2019","ko","kommune","Melhus","Trøndelag","Andre2","Andre2",0,0
"2019","ko","kommune","Skaun","Trøndelag","A","Arbeiderpartiet",6,6
"2019","ko","kommune","Skaun","Trøndelag","SV","SV - Sosialistisk Venstreparti",1,1
"2019","ko","kommune","Skaun","Trøndelag","RØDT","Rødt",0,0
"2019","ko","kommune","Skaun","Trøndelag","SP","Senterpartiet",8,8
"2019","ko","kommune","Skaun","Trøndelag","KRF","Kristelig Folkeparti",1,1
"2019","ko","kommune","Skaun","Trøndelag","MDG","Miljøpartiet De Grønne",1,1
"2019","ko","kommune","Skaun","Trøndelag","H","Høyre",3,3
"2019","ko","kommune","Skaun","Trøndelag","FRP","Fremskrittspartiet",1,1
"2019","ko","kommune","Skaun","Trøndelag","BLANKE","Blanke",0,0
"2019","ko","kommune","Skaun","Trøndelag","BLBU","Buviklista",2,2
"2019","ko","kommune","Skaun","Trøndelag","Andre","Andre",2,2
"2019","ko","kommune","Skaun","Trøndelag","Andre2","Andre2",0,0
"2019","ko","kommune","Malvik","Trøndelag","A","Arbeiderpartiet",11,11
"2019","ko","kommune","Malvik","Trøndelag","SV","SV - Sosialistisk Venstreparti",2,2
"2019","ko","kommune","Malvik","Trøndelag","RØDT","Rødt",1,1
"2019","ko","kommune","Malvik","Trøndelag","SP","Senterpartiet",6,6
"2019","ko","kommune","Malvik","Trøndelag","MDG","Miljøpartiet De Grønne",2,2
"2019","ko","kommune","Malvik","Trøndelag","V","Venstre",1,1
"2019","ko","kommune","Malvik","Trøndelag","H","Høyre",5,5
"2019","ko","kommune","Malvik","Trøndelag","FRP","Fremskrittspartiet",2,2
"2019","ko","kommune","Malvik","Trøndelag","DEMN","Demokratene",0,0
"2019","ko","kommune","Malvik","Trøndelag","PP","Pensjonistpartiet",1,1
"2019","ko","kommune","Malvik","Trøndelag","BLANKE","Blanke",0,0
"2019","ko","kommune","Malvik","Trøndelag","Andre","Andre",1,1
"2019","ko","kommune","Malvik","Trøndelag","Andre2","Andre2",0,0
"2019","ko","kommune","Selbu","Trøndelag","A","Arbeiderpartiet",13,13
"2019","ko","kommune","Selbu","Trøndelag","SV","SV - Sosialistisk Venstreparti",2,2
"2019","ko","kommune","Selbu","Trøndelag","SP","Senterpartiet",7,7
"2019","ko","kommune","Selbu","Trøndelag","V","Venstre",0,0
"2019","ko","kommune","Selbu","Trøndelag","BLANKE","Blanke",0,0
"2019","ko","kommune","Selbu","Trøndelag","SE_H_KRF","Høyre og Kristelig Folkeparti",3,3
"2019","ko","kommune","Selbu","Trøndelag","Andre","Andre",3,3
"2019","ko","kommune","Selbu","Trøndelag","Andre2","Andre2",0,0
"2019","ko","kommune","Tydal","Trøndelag","A","Arbeiderpartiet",5,5
"2019","ko","kommune","Tydal","Trøndelag","SP","Senterpartiet",12,12
"2019","ko","kommune","Tydal","Trøndelag","BLANKE","Blanke",0,0
"2019","ko","kommune","Tydal","Trøndelag","Andre","Andre",0,0
"2019","ko","kommune","Tydal","Trøndelag","Andre2","Andre2",0,0
"2019","ko","kommune","Meråker","Trøndelag","A","Arbeiderpartiet",5,5
"2019","ko","kommune","Meråker","Trøndelag","SV","SV - Sosialistisk Venstreparti",2,2
"2019","ko","kommune","Meråker","Trøndelag","SP","Senterpartiet",7,7
"2019","ko","kommune","Meråker","Trøndelag","V","Venstre",1,1
"2019","ko","kommune","Meråker","Trøndelag","H","Høyre",0,0
"2019","ko","kommune","Meråker","Trøndelag","FRP","Fremskrittspartiet",1,1
"2019","ko","kommune","Meråker","Trøndelag","BLANKE","Blanke",0,0
"2019","ko","kommune","Meråker","Trøndelag","METPBL","Meråker Tverrpolitiske Bygdeliste",5,5
"2019","ko","kommune","Meråker","Trøndelag","Andre","Andre",5,5
"2019","ko","kommune","Meråker","Trøndelag","Andre2","Andre2",0,0
"2019","ko","kommune","Stjørdal","Trøndelag","A","Arbeiderpartiet",11,11
"2019","ko","kommune","Stjørdal","Trøndelag","SV","SV - Sosialistisk Venstreparti",2,2
"2019","ko","kommune","Stjørdal","Trøndelag","RØDT","Rødt",2,2
"2019","ko","kommune","Stjørdal","Trøndelag","SP","Senterpartiet",16,16
"2019","ko","kommune","Stjørdal","Trøndelag","KRF","Kristelig Folkeparti",1,1
"2019","ko","kommune","Stjørdal","Trøndelag","MDG","Miljøpartiet De Grønne",2,2
"2019","ko","kommune","Stjørdal","Trøndelag","V","Venstre",1,1
"2019","ko","kommune","Stjørdal","Trøndelag","H","Høyre",4,4
"2019","ko","kommune","Stjørdal","Trøndelag","FRP","Fremskrittspartiet",2,2
"2019","ko","kommune","Stjørdal","Trøndelag","DEMN","Demokratene",0,0
"2019","ko","kommune","Stjørdal","Trøndelag","BLANKE","Blanke",0,0
"2019","ko","kommune","Stjørdal","Trøndelag","Andre","Andre",0,0
"2019","ko","kommune","Stjørdal","Trøndelag","Andre2","Andre2",0,0
"2019","ko","kommune","Frosta","Trøndelag","A","Arbeiderpartiet",5,5
"2019","ko","kommune","Frosta","Trøndelag","SV","SV - Sosialistisk Venstreparti",0,0
"2019","ko","kommune","Frosta","Trøndelag","SP","Senterpartiet",5,5
"2019","ko","kommune","Frosta","Trøndelag","KRF","Kristelig Folkeparti",0,0
"2019","ko","kommune","Frosta","Trøndelag","V","Venstre",1,1
"2019","ko","kommune","Frosta","Trøndelag","H","Høyre",6,6
"2019","ko","kommune","Frosta","Trøndelag","FRP","Fremskrittspartiet",0,0
"2019","ko","kommune","Frosta","Trøndelag","BLANKE","Blanke",0,0
"2019","ko","kommune","Frosta","Trøndelag","Andre","Andre",0,0
"2019","ko","kommune","Frosta","Trøndelag","Andre2","Andre2",0,0
"2019","ko","kommune","Levanger","Trøndelag","A","Arbeiderpartiet",11,11
"2019","ko","kommune","Levanger","Trøndelag","SV","SV - Sosialistisk Venstreparti",3,3
"2019","ko","kommune","Levanger","Trøndelag","RØDT","Rødt",1,1
"2019","ko","kommune","Levanger","Trøndelag","SP","Senterpartiet",11,11
"2019","ko","kommune","Levanger","Trøndelag","KRF","Kristelig Folkeparti",2,2
"2019","ko","kommune","Levanger","Trøndelag","MDG","Miljøpartiet De Grønne",1,1
"2019","ko","kommune","Levanger","Trøndelag","V","Venstre",1,1
"2019","ko","kommune","Levanger","Trøndelag","H","Høyre",3,3
"2019","ko","kommune","Levanger","Trøndelag","FRP","Fremskrittspartiet",2,2
"2019","ko","kommune","Levanger","Trøndelag","BLANKE","Blanke",0,0
"2019","ko","kommune","Levanger","Trøndelag","Andre","Andre",0,0
"2019","ko","kommune","Levanger","Trøndelag","Andre2","Andre2",0,0
"2019","ko","kommune","Verdal","Trøndelag","A","Arbeiderpartiet",10,10
"2019","ko","kommune","Verdal","Trøndelag","SV","SV - Sosialistisk Venstreparti",1,1
"2019","ko","kommune","Verdal","Trøndelag","RØDT","Rødt",1,1
"2019","ko","kommune","Verdal","Trøndelag","SP","Senterpartiet",18,18
"2019","ko","kommune","Verdal","Trøndelag","KRF","Kristelig Folkeparti",0,0
"2019","ko","kommune","Verdal","Trøndelag","MDG","Miljøpartiet De Grønne",1,1
"2019","ko","kommune","Verdal","Trøndelag","H","Høyre",3,3
"2019","ko","kommune","Verdal","Trøndelag","FRP","Fremskrittspartiet",1,1
"2019","ko","kommune","Verdal","Trøndelag","BLANKE","Blanke",0,0
"2019","ko","kommune","Verdal","Trøndelag","Andre","Andre",0,0
"2019","ko","kommune","Verdal","Trøndelag","Andre2","Andre2",0,0
"2019","ko","kommune","Snåase - Snåsa","Trøndelag","A","Arbeiderpartiet",6,6
"2019","ko","kommune","Snåase - Snåsa","Trøndelag","SV","SV - Sosialistisk Venstreparti",2,2
"2019","ko","kommune","Snåase - Snåsa","Trøndelag","SP","Senterpartiet",8,8
"2019","ko","kommune","Snåase - Snåsa","Trøndelag","V","Venstre",0,0
"2019","ko","kommune","Snåase - Snåsa","Trøndelag","H","Høyre",1,1
"2019","ko","kommune","Snåase - Snåsa","Trøndelag","BLANKE","Blanke",0,0
"2019","ko","kommune","Snåase - Snåsa","Trøndelag","Andre","Andre",0,0
"2019","ko","kommune","Snåase - Snåsa","Trøndelag","Andre2","Andre2",0,0
"2019","ko","kommune","Lierne","Trøndelag","A","Arbeiderpartiet",9,9
"2019","ko","kommune","Lierne","Trøndelag","SP","Senterpartiet",5,5
"2019","ko","kommune","Lierne","Trøndelag","V","Venstre",1,1
"2019","ko","kommune","Lierne","Trøndelag","BLANKE","Blanke",0,0
"2019","ko","kommune","Lierne","Trøndelag","Andre","Andre",0,0
"2019","ko","kommune","Lierne","Trøndelag","Andre2","Andre2",0,0
"2019","ko","kommune","Raarvihke - Røyrvik","Trøndelag","A","Arbeiderpartiet",4,4
"2019","ko","kommune","Raarvihke - Røyrvik","Trøndelag","BLANKE","Blanke",0,0
"2019","ko","kommune","Raarvihke - Røyrvik","Trøndelag","SBLRØ","Samarbeidslista i Røyrvik",7,7
"2019","ko","kommune","Raarvihke - Røyrvik","Trøndelag","Andre","Andre",7,7
"2019","ko","kommune","Raarvihke - Røyrvik","Trøndelag","Andre2","Andre2",0,0
"2019","ko","kommune","Namsskogan","Trøndelag","A","Arbeiderpartiet",7,7
"2019","ko","kommune","Namsskogan","Trøndelag","SV","SV - Sosialistisk Venstreparti",1,1
"2019","ko","kommune","Namsskogan","Trøndelag","SP","Senterpartiet",3,3
"2019","ko","kommune","Namsskogan","Trøndelag","BLANKE","Blanke",0,0
"2019","ko","kommune","Namsskogan","Trøndelag","OPTI","Optimum",2,2
"2019","ko","kommune","Namsskogan","Trøndelag","Andre","Andre",2,2
"2019","ko","kommune","Namsskogan","Trøndelag","Andre2","Andre2",0,0
"2019","ko","kommune","Grong","Trøndelag","A","Arbeiderpartiet",5,5
"2019","ko","kommune","Grong","Trøndelag","SV","SV - Sosialistisk Venstreparti",1,1
"2019","ko","kommune","Grong","Trøndelag","SP","Senterpartiet",9,9
"2019","ko","kommune","Grong","Trøndelag","MDG","Miljøpartiet De Grønne",1,1
"2019","ko","kommune","Grong","Trøndelag","H","Høyre",1,1
"2019","ko","kommune","Grong","Trøndelag","BLANKE","Blanke",0,0
"2019","ko","kommune","Grong","Trøndelag","Andre","Andre",0,0
"2019","ko","kommune","Grong","Trøndelag","Andre2","Andre2",0,0
"2019","ko","kommune","Høylandet","Trøndelag","A","Arbeiderpartiet",6,6
"2019","ko","kommune","Høylandet","Trøndelag","SP","Senterpartiet",9,9
"2019","ko","kommune","Høylandet","Trøndelag","BLANKE","Blanke",0,0
"2019","ko","kommune","Høylandet","Trøndelag","Andre","Andre",0,0
"2019","ko","kommune","Høylandet","Trøndelag","Andre2","Andre2",0,0
"2019","ko","kommune","Overhalla","Trøndelag","A","Arbeiderpartiet",5,5
"2019","ko","kommune","Overhalla","Trøndelag","SV","SV - Sosialistisk Venstreparti",1,1
"2019","ko","kommune","Overhalla","Trøndelag","SP","Senterpartiet",13,13
"2019","ko","kommune","Overhalla","Trøndelag","H","Høyre",1,1
"2019","ko","kommune","Overhalla","Trøndelag","FRP","Fremskrittspartiet",1,1
"2019","ko","kommune","Overhalla","Trøndelag","BLANKE","Blanke",0,0
"2019","ko","kommune","Overhalla","Trøndelag","Andre","Andre",0,0
"2019","ko","kommune","Overhalla","Trøndelag","Andre2","Andre2",0,0
"2019","ko","kommune","Flatanger","Trøndelag","A","Arbeiderpartiet",2,2
"2019","ko","kommune","Flatanger","Trøndelag","SV","SV - Sosialistisk Venstreparti",3,3
"2019","ko","kommune","Flatanger","Trøndelag","SP","Senterpartiet",5,5
"2019","ko","kommune","Flatanger","Trøndelag","H","Høyre",2,2
"2019","ko","kommune","Flatanger","Trøndelag","FRP","Fremskrittspartiet",3,3
"2019","ko","kommune","Flatanger","Trøndelag","BLANKE","Blanke",0,0
"2019","ko","kommune","Flatanger","Trøndelag","Andre","Andre",0,0
"2019","ko","kommune","Flatanger","Trøndelag","Andre2","Andre2",0,0
"2019","ko","kommune","Leka","Trøndelag","A","Arbeiderpartiet",6,6
"2019","ko","kommune","Leka","Trøndelag","SV","SV - Sosialistisk Venstreparti",1,1
"2019","ko","kommune","Leka","Trøndelag","SP","Senterpartiet",7,7
"2019","ko","kommune","Leka","Trøndelag","V","Venstre",1,1
"2019","ko","kommune","Leka","Trøndelag","BLANKE","Blanke",0,0
"2019","ko","kommune","Leka","Trøndelag","Andre","Andre",0,0
"2019","ko","kommune","Leka","Trøndelag","Andre2","Andre2",0,0
"2019","ko","kommune","Inderøy","Trøndelag","A","Arbeiderpartiet",7,7
"2019","ko","kommune","Inderøy","Trøndelag","SV","SV - Sosialistisk Venstreparti",2,2
"2019","ko","kommune","Inderøy","Trøndelag","SP","Senterpartiet",11,11
"2019","ko","kommune","Inderøy","Trøndelag","KRF","Kristelig Folkeparti",1,1
"2019","ko","kommune","Inderøy","Trøndelag","MDG","Miljøpartiet De Grønne",1,1
"2019","ko","kommune","Inderøy","Trøndelag","V","Venstre",0,0
"2019","ko","kommune","Inderøy","Trøndelag","H","Høyre",3,3
"2019","ko","kommune","Inderøy","Trøndelag","BLANKE","Blanke",0,0
"2019","ko","kommune","Inderøy","Trøndelag","Andre","Andre",0,0
"2019","ko","kommune","Inderøy","Trøndelag","Andre2","Andre2",0,0
"2019","ko","kommune","Indre Fosen","Trøndelag","A","Arbeiderpartiet",6,6
"2019","ko","kommune","Indre Fosen","Trøndelag","SV","SV - Sosialistisk Venstreparti",2,2
"2019","ko","kommune","Indre Fosen","Trøndelag","SP","Senterpartiet",10,10
"2019","ko","kommune","Indre Fosen","Trøndelag","KRF","Kristelig Folkeparti",1,1
"2019","ko","kommune","Indre Fosen","Trøndelag","MDG","Miljøpartiet De Grønne",1,1
"2019","ko","kommune","Indre Fosen","Trøndelag","V","Venstre",0,0
"2019","ko","kommune","Indre Fosen","Trøndelag","H","Høyre",5,5
"2019","ko","kommune","Indre Fosen","Trøndelag","FRP","Fremskrittspartiet",2,2
"2019","ko","kommune","Indre Fosen","Trøndelag","PP","Pensjonistpartiet",4,4
"2019","ko","kommune","Indre Fosen","Trøndelag","BLANKE","Blanke",0,0
"2019","ko","kommune","Indre Fosen","Trøndelag","KLIF","Kommunelista",6,6
"2019","ko","kommune","Indre Fosen","Trøndelag","Andre","Andre",10,10
"2019","ko","kommune","Indre Fosen","Trøndelag","Andre2","Andre2",0,0
"2019","ko","kommune","Heim","Trøndelag","A","Arbeiderpartiet",10,NA
"2019","ko","kommune","Heim","Trøndelag","SP","Senterpartiet",10,NA
"2019","ko","kommune","Heim","Trøndelag","KRF","Kristelig Folkeparti",1,NA
"2019","ko","kommune","Heim","Trøndelag","V","Venstre",0,NA
"2019","ko","kommune","Heim","Trøndelag","H","Høyre",3,NA
"2019","ko","kommune","Heim","Trøndelag","FRP","Fremskrittspartiet",1,NA
"2019","ko","kommune","Heim","Trøndelag","BLANKE","Blanke",0,NA
"2019","ko","kommune","Heim","Trøndelag","HA","Halsalista",3,NA
"2019","ko","kommune","Heim","Trøndelag","HE","Heimlista",3,NA
"2019","ko","kommune","Heim","Trøndelag","Andre","Andre",6,NA
"2019","ko","kommune","Heim","Trøndelag","Andre2","Andre2",0,NA
"2019","ko","kommune","Hitra","Trøndelag","A","Arbeiderpartiet",9,NA
"2019","ko","kommune","Hitra","Trøndelag","SV","SV - Sosialistisk Venstreparti",1,NA
"2019","ko","kommune","Hitra","Trøndelag","RØDT","Rødt",2,NA
"2019","ko","kommune","Hitra","Trøndelag","SP","Senterpartiet",3,NA
"2019","ko","kommune","Hitra","Trøndelag","KRF","Kristelig Folkeparti",0,NA
"2019","ko","kommune","Hitra","Trøndelag","MDG","Miljøpartiet De Grønne",0,NA
"2019","ko","kommune","Hitra","Trøndelag","V","Venstre",1,NA
"2019","ko","kommune","Hitra","Trøndelag","H","Høyre",3,NA
"2019","ko","kommune","Hitra","Trøndelag","FRP","Fremskrittspartiet",2,NA
"2019","ko","kommune","Hitra","Trøndelag","PP","Pensjonistpartiet",4,NA
"2019","ko","kommune","Hitra","Trøndelag","BLANKE","Blanke",0,NA
"2019","ko","kommune","Hitra","Trøndelag","Andre","Andre",4,NA
"2019","ko","kommune","Hitra","Trøndelag","Andre2","Andre2",0,NA
"2019","ko","kommune","Ørland","Trøndelag","A","Arbeiderpartiet",12,12
"2019","ko","kommune","Ørland","Trøndelag","SV","SV - Sosialistisk Venstreparti",2,2
"2019","ko","kommune","Ørland","Trøndelag","SP","Senterpartiet",12,12
"2019","ko","kommune","Ørland","Trøndelag","KRF","Kristelig Folkeparti",0,0
"2019","ko","kommune","Ørland","Trøndelag","MDG","Miljøpartiet De Grønne",1,1
"2019","ko","kommune","Ørland","Trøndelag","V","Venstre",0,0
"2019","ko","kommune","Ørland","Trøndelag","H","Høyre",6,6
"2019","ko","kommune","Ørland","Trøndelag","FRP","Fremskrittspartiet",2,2
"2019","ko","kommune","Ørland","Trøndelag","BLANKE","Blanke",0,0
"2019","ko","kommune","Ørland","Trøndelag","Andre","Andre",0,0
"2019","ko","kommune","Ørland","Trøndelag","Andre2","Andre2",0,0
"2019","ko","kommune","Åfjord","Trøndelag","A","Arbeiderpartiet",10,10
"2019","ko","kommune","Åfjord","Trøndelag","SP","Senterpartiet",9,9
"2019","ko","kommune","Åfjord","Trøndelag","KRF","Kristelig Folkeparti",1,1
"2019","ko","kommune","Åfjord","Trøndelag","V","Venstre",1,1
"2019","ko","kommune","Åfjord","Trøndelag","H","Høyre",4,4
"2019","ko","kommune","Åfjord","Trøndelag","FRP","Fremskrittspartiet",2,2
"2019","ko","kommune","Åfjord","Trøndelag","BLANKE","Blanke",0,0
"2019","ko","kommune","Åfjord","Trøndelag","Andre","Andre",0,0
"2019","ko","kommune","Åfjord","Trøndelag","Andre2","Andre2",0,0
"2019","ko","kommune","Orkland","Trøndelag","A","Arbeiderpartiet",17,NA
"2019","ko","kommune","Orkland","Trøndelag","SV","SV - Sosialistisk Venstreparti",2,NA
"2019","ko","kommune","Orkland","Trøndelag","RØDT","Rødt",1,NA
"2019","ko","kommune","Orkland","Trøndelag","SP","Senterpartiet",16,NA
"2019","ko","kommune","Orkland","Trøndelag","KRF","Kristelig Folkeparti",1,NA
"2019","ko","kommune","Orkland","Trøndelag","MDG","Miljøpartiet De Grønne",1,NA
"2019","ko","kommune","Orkland","Trøndelag","V","Venstre",1,NA
"2019","ko","kommune","Orkland","Trøndelag","H","Høyre",4,NA
"2019","ko","kommune","Orkland","Trøndelag","FRP","Fremskrittspartiet",2,NA
"2019","ko","kommune","Orkland","Trøndelag","DEMN","Demokratene",0,NA
"2019","ko","kommune","Orkland","Trøndelag","PP","Pensjonistpartiet",3,NA
"2019","ko","kommune","Orkland","Trøndelag","BLANKE","Blanke",0,NA
"2019","ko","kommune","Orkland","Trøndelag","SBLO","Småbylista Orkland",3,NA
"2019","ko","kommune","Orkland","Trøndelag","Andre","Andre",6,NA
"2019","ko","kommune","Orkland","Trøndelag","Andre2","Andre2",0,NA
"2019","ko","kommune","Nærøysund","Trøndelag","A","Arbeiderpartiet",14,14
"2019","ko","kommune","Nærøysund","Trøndelag","SV","SV - Sosialistisk Venstreparti",1,1
"2019","ko","kommune","Nærøysund","Trøndelag","SP","Senterpartiet",9,9
"2019","ko","kommune","Nærøysund","Trøndelag","KRF","Kristelig Folkeparti",1,1
"2019","ko","kommune","Nærøysund","Trøndelag","MDG","Miljøpartiet De Grønne",1,1
"2019","ko","kommune","Nærøysund","Trøndelag","V","Venstre",2,2
"2019","ko","kommune","Nærøysund","Trøndelag","H","Høyre",5,5
"2019","ko","kommune","Nærøysund","Trøndelag","FRP","Fremskrittspartiet",4,4
"2019","ko","kommune","Nærøysund","Trøndelag","BLANKE","Blanke",0,0
"2019","ko","kommune","Nærøysund","Trøndelag","Andre","Andre",0,0
"2019","ko","kommune","Nærøysund","Trøndelag","Andre2","Andre2",0,0
"2019","ko","kommune","Rindal","Trøndelag","A","Arbeiderpartiet",8,8
"2019","ko","kommune","Rindal","Trøndelag","SP","Senterpartiet",7,7
"2019","ko","kommune","Rindal","Trøndelag","H","Høyre",2,2
"2019","ko","kommune","Rindal","Trøndelag","BLANKE","Blanke",0,0
"2019","ko","kommune","Rindal","Trøndelag","Andre","Andre",0,0
"2019","ko","kommune","Rindal","Trøndelag","Andre2","Andre2",0,0
"2019","ko","kommune","Tromsø","Troms og Finnmark","A","Arbeiderpartiet",8,8
"2019","ko","kommune","Tromsø","Troms og Finnmark","SV","SV - Sosialistisk Venstreparti",7,7
"2019","ko","kommune","Tromsø","Troms og Finnmark","RØDT","Rødt",2,2
"2019","ko","kommune","Tromsø","Troms og Finnmark","SP","Senterpartiet",5,5
"2019","ko","kommune","Tromsø","Troms og Finnmark","KRF","Kristelig Folkeparti",1,1
"2019","ko","kommune","Tromsø","Troms og Finnmark","MDG","Miljøpartiet De Grønne",3,3
"2019","ko","kommune","Tromsø","Troms og Finnmark","V","Venstre",1,1
"2019","ko","kommune","Tromsø","Troms og Finnmark","H","Høyre",7,7
"2019","ko","kommune","Tromsø","Troms og Finnmark","FRP","Fremskrittspartiet",4,4
"2019","ko","kommune","Tromsø","Troms og Finnmark","KRISTNE","Partiet De Kristne",0,0
"2019","ko","kommune","Tromsø","Troms og Finnmark","KYST","Kystpartiet",0,0
"2019","ko","kommune","Tromsø","Troms og Finnmark","LIBS","Liberalistene",0,0
"2019","ko","kommune","Tromsø","Troms og Finnmark","BLANKE","Blanke",0,0
"2019","ko","kommune","Tromsø","Troms og Finnmark","BYLAD","By- og Landlista ",1,1
"2019","ko","kommune","Tromsø","Troms og Finnmark","NTB","Nei til bompenger i Tromsø",4,4
"2019","ko","kommune","Tromsø","Troms og Finnmark","Andre","Andre",5,5
"2019","ko","kommune","Tromsø","Troms og Finnmark","Andre2","Andre2",0,0
"2019","ko","kommune","Harstad","Troms og Finnmark","A","Arbeiderpartiet",11,11
"2019","ko","kommune","Harstad","Troms og Finnmark","SV","SV - Sosialistisk Venstreparti",2,2
"2019","ko","kommune","Harstad","Troms og Finnmark","RØDT","Rødt",1,1
"2019","ko","kommune","Harstad","Troms og Finnmark","SP","Senterpartiet",6,6
"2019","ko","kommune","Harstad","Troms og Finnmark","KRF","Kristelig Folkeparti",1,1
"2019","ko","kommune","Harstad","Troms og Finnmark","MDG","Miljøpartiet De Grønne",2,2
"2019","ko","kommune","Harstad","Troms og Finnmark","V","Venstre",1,1
"2019","ko","kommune","Harstad","Troms og Finnmark","H","Høyre",6,6
"2019","ko","kommune","Harstad","Troms og Finnmark","FRP","Fremskrittspartiet",5,5
"2019","ko","kommune","Harstad","Troms og Finnmark","LIBS","Liberalistene",0,0
"2019","ko","kommune","Harstad","Troms og Finnmark","BLANKE","Blanke",0,0
"2019","ko","kommune","Harstad","Troms og Finnmark","Andre","Andre",0,0
"2019","ko","kommune","Harstad","Troms og Finnmark","Andre2","Andre2",0,0
"2019","ko","kommune","Alta","Troms og Finnmark","A","Arbeiderpartiet",9,9
"2019","ko","kommune","Alta","Troms og Finnmark","SV","SV - Sosialistisk Venstreparti",4,4
"2019","ko","kommune","Alta","Troms og Finnmark","RØDT","Rødt",2,2
"2019","ko","kommune","Alta","Troms og Finnmark","SP","Senterpartiet",5,5
"2019","ko","kommune","Alta","Troms og Finnmark","KRF","Kristelig Folkeparti",1,1
"2019","ko","kommune","Alta","Troms og Finnmark","MDG","Miljøpartiet De Grønne",1,1
"2019","ko","kommune","Alta","Troms og Finnmark","V","Venstre",3,3
"2019","ko","kommune","Alta","Troms og Finnmark","H","Høyre",3,3
"2019","ko","kommune","Alta","Troms og Finnmark","FRP","Fremskrittspartiet",7,7
"2019","ko","kommune","Alta","Troms og Finnmark","KRISTNE","Partiet De Kristne",0,0
"2019","ko","kommune","Alta","Troms og Finnmark","LIBS","Liberalistene",0,0
"2019","ko","kommune","Alta","Troms og Finnmark","BLANKE","Blanke",0,0
"2019","ko","kommune","Alta","Troms og Finnmark","Andre","Andre",0,0
"2019","ko","kommune","Alta","Troms og Finnmark","Andre2","Andre2",0,0
"2019","ko","kommune","Vardø","Troms og Finnmark","A","Arbeiderpartiet",8,8
"2019","ko","kommune","Vardø","Troms og Finnmark","SV","SV - Sosialistisk Venstreparti",1,1
"2019","ko","kommune","Vardø","Troms og Finnmark","SP","Senterpartiet",4,4
"2019","ko","kommune","Vardø","Troms og Finnmark","MDG","Miljøpartiet De Grønne",5,5
"2019","ko","kommune","Vardø","Troms og Finnmark","V","Venstre",0,0
"2019","ko","kommune","Vardø","Troms og Finnmark","H","Høyre",1,1
"2019","ko","kommune","Vardø","Troms og Finnmark","BLANKE","Blanke",0,0
"2019","ko","kommune","Vardø","Troms og Finnmark","Andre","Andre",0,0
"2019","ko","kommune","Vardø","Troms og Finnmark","Andre2","Andre2",0,0
"2019","ko","kommune","Vadsø","Troms og Finnmark","A","Arbeiderpartiet",7,7
"2019","ko","kommune","Vadsø","Troms og Finnmark","SV","SV - Sosialistisk Venstreparti",3,3
"2019","ko","kommune","Vadsø","Troms og Finnmark","RØDT","Rødt",1,1
"2019","ko","kommune","Vadsø","Troms og Finnmark","SP","Senterpartiet",4,4
"2019","ko","kommune","Vadsø","Troms og Finnmark","KRF","Kristelig Folkeparti",0,0
"2019","ko","kommune","Vadsø","Troms og Finnmark","MDG","Miljøpartiet De Grønne",1,1
"2019","ko","kommune","Vadsø","Troms og Finnmark","H","Høyre",5,5
"2019","ko","kommune","Vadsø","Troms og Finnmark","BLANKE","Blanke",0,0
"2019","ko","kommune","Vadsø","Troms og Finnmark","Andre","Andre",0,0
"2019","ko","kommune","Vadsø","Troms og Finnmark","Andre2","Andre2",0,0
"2019","ko","kommune","Hammerfest","Troms og Finnmark","A","Arbeiderpartiet",18,18
"2019","ko","kommune","Hammerfest","Troms og Finnmark","SV","SV - Sosialistisk Venstreparti",4,4
"2019","ko","kommune","Hammerfest","Troms og Finnmark","RØDT","Rødt",2,2
"2019","ko","kommune","Hammerfest","Troms og Finnmark","SP","Senterpartiet",3,3
"2019","ko","kommune","Hammerfest","Troms og Finnmark","KRF","Kristelig Folkeparti",3,3
"2019","ko","kommune","Hammerfest","Troms og Finnmark","MDG","Miljøpartiet De Grønne",1,1
"2019","ko","kommune","Hammerfest","Troms og Finnmark","H","Høyre",2,2
"2019","ko","kommune","Hammerfest","Troms og Finnmark","FRP","Fremskrittspartiet",2,2
"2019","ko","kommune","Hammerfest","Troms og Finnmark","BLANKE","Blanke",0,0
"2019","ko","kommune","Hammerfest","Troms og Finnmark","Andre","Andre",0,0
"2019","ko","kommune","Hammerfest","Troms og Finnmark","Andre2","Andre2",0,0
"2019","ko","kommune","Kvæfjord","Troms og Finnmark","A","Arbeiderpartiet",8,8
"2019","ko","kommune","Kvæfjord","Troms og Finnmark","SV","SV - Sosialistisk Venstreparti",2,2
"2019","ko","kommune","Kvæfjord","Troms og Finnmark","SP","Senterpartiet",7,7
"2019","ko","kommune","Kvæfjord","Troms og Finnmark","V","Venstre",1,1
"2019","ko","kommune","Kvæfjord","Troms og Finnmark","BLANKE","Blanke",0,0
"2019","ko","kommune","Kvæfjord","Troms og Finnmark","FHF","Fellesliste for Høyre og Fremskrittspartiet",5,5
"2019","ko","kommune","Kvæfjord","Troms og Finnmark","Andre","Andre",5,5
"2019","ko","kommune","Kvæfjord","Troms og Finnmark","Andre2","Andre2",0,0
"2019","ko","kommune","Tjeldsund","Troms og Finnmark","A","Arbeiderpartiet",8,8
"2019","ko","kommune","Tjeldsund","Troms og Finnmark","SV","SV - Sosialistisk Venstreparti",1,1
"2019","ko","kommune","Tjeldsund","Troms og Finnmark","RØDT","Rødt",0,0
"2019","ko","kommune","Tjeldsund","Troms og Finnmark","SP","Senterpartiet",3,3
"2019","ko","kommune","Tjeldsund","Troms og Finnmark","H","Høyre",6,6
"2019","ko","kommune","Tjeldsund","Troms og Finnmark","FRP","Fremskrittspartiet",2,2
"2019","ko","kommune","Tjeldsund","Troms og Finnmark","BLANKE","Blanke",0,0
"2019","ko","kommune","Tjeldsund","Troms og Finnmark","HTL","Hinnøysiden Tverrpolitiske liste",1,1
"2019","ko","kommune","Tjeldsund","Troms og Finnmark","Andre","Andre",1,1
"2019","ko","kommune","Tjeldsund","Troms og Finnmark","Andre2","Andre2",0,0
"2019","ko","kommune","Ibestad","Troms og Finnmark","A","Arbeiderpartiet",6,6
"2019","ko","kommune","Ibestad","Troms og Finnmark","SP","Senterpartiet",4,4
"2019","ko","kommune","Ibestad","Troms og Finnmark","H","Høyre",9,9
"2019","ko","kommune","Ibestad","Troms og Finnmark","BLANKE","Blanke",0,0
"2019","ko","kommune","Ibestad","Troms og Finnmark","Andre","Andre",0,0
"2019","ko","kommune","Ibestad","Troms og Finnmark","Andre2","Andre2",0,0
"2019","ko","kommune","Gratangen","Troms og Finnmark","A","Arbeiderpartiet",3,3
"2019","ko","kommune","Gratangen","Troms og Finnmark","SP","Senterpartiet",7,7
"2019","ko","kommune","Gratangen","Troms og Finnmark","BLANKE","Blanke",0,0
"2019","ko","kommune","Gratangen","Troms og Finnmark","GFL","Gratangen Fellespolitiske Liste",3,3
"2019","ko","kommune","Gratangen","Troms og Finnmark","TVG","Tverrpolitisk Liste for Gratangen",2,2
"2019","ko","kommune","Gratangen","Troms og Finnmark","Andre","Andre",5,5
"2019","ko","kommune","Gratangen","Troms og Finnmark","Andre2","Andre2",0,0
"2019","ko","kommune","Loabák - Lavangen","Troms og Finnmark","A","Arbeiderpartiet",7,7
"2019","ko","kommune","Loabák - Lavangen","Troms og Finnmark","SP","Senterpartiet",5,5
"2019","ko","kommune","Loabák - Lavangen","Troms og Finnmark","H","Høyre",3,3
"2019","ko","kommune","Loabák - Lavangen","Troms og Finnmark","BLANKE","Blanke",0,0
"2019","ko","kommune","Loabák - Lavangen","Troms og Finnmark","Andre","Andre",0,0
"2019","ko","kommune","Loabák - Lavangen","Troms og Finnmark","Andre2","Andre2",0,0
"2019","ko","kommune","Bardu","Troms og Finnmark","A","Arbeiderpartiet",4,4
"2019","ko","kommune","Bardu","Troms og Finnmark","SP","Senterpartiet",12,12
"2019","ko","kommune","Bardu","Troms og Finnmark","V","Venstre",1,1
"2019","ko","kommune","Bardu","Troms og Finnmark","H","Høyre",2,2
"2019","ko","kommune","Bardu","Troms og Finnmark","FRP","Fremskrittspartiet",0,0
"2019","ko","kommune","Bardu","Troms og Finnmark","BLANKE","Blanke",0,0
"2019","ko","kommune","Bardu","Troms og Finnmark","Andre","Andre",0,0
"2019","ko","kommune","Bardu","Troms og Finnmark","Andre2","Andre2",0,0
"2019","ko","kommune","Salangen","Troms og Finnmark","A","Arbeiderpartiet",5,5
"2019","ko","kommune","Salangen","Troms og Finnmark","SV","SV - Sosialistisk Venstreparti",2,2
"2019","ko","kommune","Salangen","Troms og Finnmark","SP","Senterpartiet",9,9
"2019","ko","kommune","Salangen","Troms og Finnmark","KRF","Kristelig Folkeparti",0,0
"2019","ko","kommune","Salangen","Troms og Finnmark","H","Høyre",3,3
"2019","ko","kommune","Salangen","Troms og Finnmark","BLANKE","Blanke",0,0
"2019","ko","kommune","Salangen","Troms og Finnmark","Andre","Andre",0,0
"2019","ko","kommune","Salangen","Troms og Finnmark","Andre2","Andre2",0,0
"2019","ko","kommune","Målselv","Troms og Finnmark","A","Arbeiderpartiet",7,7
"2019","ko","kommune","Målselv","Troms og Finnmark","SV","SV - Sosialistisk Venstreparti",1,1
"2019","ko","kommune","Målselv","Troms og Finnmark","RØDT","Rødt",1,1
"2019","ko","kommune","Målselv","Troms og Finnmark","SP","Senterpartiet",10,10
"2019","ko","kommune","Målselv","Troms og Finnmark","V","Venstre",1,1
"2019","ko","kommune","Målselv","Troms og Finnmark","H","Høyre",2,2
"2019","ko","kommune","Målselv","Troms og Finnmark","FRP","Fremskrittspartiet",1,1
"2019","ko","kommune","Målselv","Troms og Finnmark","BLANKE","Blanke",0,0
"2019","ko","kommune","Målselv","Troms og Finnmark","Andre","Andre",0,0
"2019","ko","kommune","Målselv","Troms og Finnmark","Andre2","Andre2",0,0
"2019","ko","kommune","Sørreisa","Troms og Finnmark","A","Arbeiderpartiet",10,10
"2019","ko","kommune","Sørreisa","Troms og Finnmark","SV","SV - Sosialistisk Venstreparti",1,1
"2019","ko","kommune","Sørreisa","Troms og Finnmark","SP","Senterpartiet",4,4
"2019","ko","kommune","Sørreisa","Troms og Finnmark","KRF","Kristelig Folkeparti",0,0
"2019","ko","kommune","Sørreisa","Troms og Finnmark","H","Høyre",1,1
"2019","ko","kommune","Sørreisa","Troms og Finnmark","FRP","Fremskrittspartiet",0,0
"2019","ko","kommune","Sørreisa","Troms og Finnmark","BLANKE","Blanke",0,0
"2019","ko","kommune","Sørreisa","Troms og Finnmark","SAMLIST","Samlingslista",3,3
"2019","ko","kommune","Sørreisa","Troms og Finnmark","Andre","Andre",3,3
"2019","ko","kommune","Sørreisa","Troms og Finnmark","Andre2","Andre2",0,0
"2019","ko","kommune","Dyrøy","Troms og Finnmark","A","Arbeiderpartiet",6,6
"2019","ko","kommune","Dyrøy","Troms og Finnmark","SV","SV - Sosialistisk Venstreparti",1,1
"2019","ko","kommune","Dyrøy","Troms og Finnmark","SP","Senterpartiet",5,5
"2019","ko","kommune","Dyrøy","Troms og Finnmark","H","Høyre",1,1
"2019","ko","kommune","Dyrøy","Troms og Finnmark","FRP","Fremskrittspartiet",2,2
"2019","ko","kommune","Dyrøy","Troms og Finnmark","BLANKE","Blanke",0,0
"2019","ko","kommune","Dyrøy","Troms og Finnmark","Andre","Andre",0,0
"2019","ko","kommune","Dyrøy","Troms og Finnmark","Andre2","Andre2",0,0
"2019","ko","kommune","Senja","Troms og Finnmark","A","Arbeiderpartiet",13,13
"2019","ko","kommune","Senja","Troms og Finnmark","SV","SV - Sosialistisk Venstreparti",2,2
"2019","ko","kommune","Senja","Troms og Finnmark","SP","Senterpartiet",11,11
"2019","ko","kommune","Senja","Troms og Finnmark","KRF","Kristelig Folkeparti",1,1
"2019","ko","kommune","Senja","Troms og Finnmark","MDG","Miljøpartiet De Grønne",1,1
"2019","ko","kommune","Senja","Troms og Finnmark","V","Venstre",0,0
"2019","ko","kommune","Senja","Troms og Finnmark","H","Høyre",8,8
"2019","ko","kommune","Senja","Troms og Finnmark","FRP","Fremskrittspartiet",3,3
"2019","ko","kommune","Senja","Troms og Finnmark","BLANKE","Blanke",0,0
"2019","ko","kommune","Senja","Troms og Finnmark","SENJA","Senjalista",6,6
"2019","ko","kommune","Senja","Troms og Finnmark","Andre","Andre",6,6
"2019","ko","kommune","Senja","Troms og Finnmark","Andre2","Andre2",0,0
"2019","ko","kommune","Balsfjord","Troms og Finnmark","A","Arbeiderpartiet",6,6
"2019","ko","kommune","Balsfjord","Troms og Finnmark","SV","SV - Sosialistisk Venstreparti",0,0
"2019","ko","kommune","Balsfjord","Troms og Finnmark","RØDT","Rødt",1,1
"2019","ko","kommune","Balsfjord","Troms og Finnmark","SP","Senterpartiet",6,6
"2019","ko","kommune","Balsfjord","Troms og Finnmark","KRF","Kristelig Folkeparti",0,0
"2019","ko","kommune","Balsfjord","Troms og Finnmark","MDG","Miljøpartiet De Grønne",0,0
"2019","ko","kommune","Balsfjord","Troms og Finnmark","H","Høyre",4,4
"2019","ko","kommune","Balsfjord","Troms og Finnmark","FRP","Fremskrittspartiet",2,2
"2019","ko","kommune","Balsfjord","Troms og Finnmark","KRISTNE","Partiet De Kristne",0,0
"2019","ko","kommune","Balsfjord","Troms og Finnmark","BLANKE","Blanke",0,0
"2019","ko","kommune","Balsfjord","Troms og Finnmark","Andre","Andre",0,0
"2019","ko","kommune","Balsfjord","Troms og Finnmark","Andre2","Andre2",0,0
"2019","ko","kommune","Karlsøy","Troms og Finnmark","A","Arbeiderpartiet",3,3
"2019","ko","kommune","Karlsøy","Troms og Finnmark","SV","SV - Sosialistisk Venstreparti",2,2
"2019","ko","kommune","Karlsøy","Troms og Finnmark","SP","Senterpartiet",5,5
"2019","ko","kommune","Karlsøy","Troms og Finnmark","H","Høyre",0,0
"2019","ko","kommune","Karlsøy","Troms og Finnmark","FRP","Fremskrittspartiet",2,2
"2019","ko","kommune","Karlsøy","Troms og Finnmark","BLANKE","Blanke",0,0
"2019","ko","kommune","Karlsøy","Troms og Finnmark","KF","Karlsøy Fellesliste",5,5
"2019","ko","kommune","Karlsøy","Troms og Finnmark","Andre","Andre",5,5
"2019","ko","kommune","Karlsøy","Troms og Finnmark","Andre2","Andre2",0,0
"2019","ko","kommune","Lyngen","Troms og Finnmark","A","Arbeiderpartiet",3,3
"2019","ko","kommune","Lyngen","Troms og Finnmark","SP","Senterpartiet",2,2
"2019","ko","kommune","Lyngen","Troms og Finnmark","KRF","Kristelig Folkeparti",3,3
"2019","ko","kommune","Lyngen","Troms og Finnmark","MDG","Miljøpartiet De Grønne",1,1
"2019","ko","kommune","Lyngen","Troms og Finnmark","H","Høyre",3,3
"2019","ko","kommune","Lyngen","Troms og Finnmark","FRP","Fremskrittspartiet",1,1
"2019","ko","kommune","Lyngen","Troms og Finnmark","BLANKE","Blanke",0,0
"2019","ko","kommune","Lyngen","Troms og Finnmark","LTP","Lyngen Tverrpolitiske liste",5,5
"2019","ko","kommune","Lyngen","Troms og Finnmark","PUS","Samhold Lyngen",1,1
"2019","ko","kommune","Lyngen","Troms og Finnmark","Andre","Andre",6,6
"2019","ko","kommune","Lyngen","Troms og Finnmark","Andre2","Andre2",0,0
"2019","ko","kommune","Storfjord - Omasvuotna - Omasvuono","Troms og Finnmark","A","Arbeiderpartiet",2,2
"2019","ko","kommune","Storfjord - Omasvuotna - Omasvuono","Troms og Finnmark","SP","Senterpartiet",1,1
"2019","ko","kommune","Storfjord - Omasvuotna - Omasvuono","Troms og Finnmark","MDG","Miljøpartiet De Grønne",1,1
"2019","ko","kommune","Storfjord - Omasvuotna - Omasvuono","Troms og Finnmark","H","Høyre",6,6
"2019","ko","kommune","Storfjord - Omasvuotna - Omasvuono","Troms og Finnmark","FRP","Fremskrittspartiet",0,0
"2019","ko","kommune","Storfjord - Omasvuotna - Omasvuono","Troms og Finnmark","BLANKE","Blanke",0,0
"2019","ko","kommune","Storfjord - Omasvuotna - Omasvuono","Troms og Finnmark","TVPL","Tverrpolitisk liste",7,7
"2019","ko","kommune","Storfjord - Omasvuotna - Omasvuono","Troms og Finnmark","Andre","Andre",7,7
"2019","ko","kommune","Storfjord - Omasvuotna - Omasvuono","Troms og Finnmark","Andre2","Andre2",0,0
"2019","ko","kommune","Gáivuotna - Kåfjord - Kaivuono","Troms og Finnmark","A","Arbeiderpartiet",8,8
"2019","ko","kommune","Gáivuotna - Kåfjord - Kaivuono","Troms og Finnmark","SP","Senterpartiet",4,4
"2019","ko","kommune","Gáivuotna - Kåfjord - Kaivuono","Troms og Finnmark","KRF","Kristelig Folkeparti",2,2
"2019","ko","kommune","Gáivuotna - Kåfjord - Kaivuono","Troms og Finnmark","MDG","Miljøpartiet De Grønne",1,1
"2019","ko","kommune","Gáivuotna - Kåfjord - Kaivuono","Troms og Finnmark","H","Høyre",1,1
"2019","ko","kommune","Gáivuotna - Kåfjord - Kaivuono","Troms og Finnmark","FRP","Fremskrittspartiet",1,1
"2019","ko","kommune","Gáivuotna - Kåfjord - Kaivuono","Troms og Finnmark","BLANKE","Blanke",0,0
"2019","ko","kommune","Gáivuotna - Kåfjord - Kaivuono","Troms og Finnmark","Andre","Andre",0,0
"2019","ko","kommune","Gáivuotna - Kåfjord - Kaivuono","Troms og Finnmark","Andre2","Andre2",0,0
"2019","ko","kommune","Skjervøy","Troms og Finnmark","A","Arbeiderpartiet",2,2
"2019","ko","kommune","Skjervøy","Troms og Finnmark","SP","Senterpartiet",5,5
"2019","ko","kommune","Skjervøy","Troms og Finnmark","KRF","Kristelig Folkeparti",6,6
"2019","ko","kommune","Skjervøy","Troms og Finnmark","H","Høyre",1,1
"2019","ko","kommune","Skjervøy","Troms og Finnmark","FRP","Fremskrittspartiet",3,3
"2019","ko","kommune","Skjervøy","Troms og Finnmark","BLANKE","Blanke",0,0
"2019","ko","kommune","Skjervøy","Troms og Finnmark","FSVR","Felleslista SV - Sosialistisk Venstreparti og RØDT",2,2
"2019","ko","kommune","Skjervøy","Troms og Finnmark","Andre","Andre",2,2
"2019","ko","kommune","Skjervøy","Troms og Finnmark","Andre2","Andre2",0,0
"2019","ko","kommune","Nordreisa","Troms og Finnmark","A","Arbeiderpartiet",5,5
"2019","ko","kommune","Nordreisa","Troms og Finnmark","SV","SV - Sosialistisk Venstreparti",2,2
"2019","ko","kommune","Nordreisa","Troms og Finnmark","SP","Senterpartiet",5,5
"2019","ko","kommune","Nordreisa","Troms og Finnmark","KRF","Kristelig Folkeparti",2,2
"2019","ko","kommune","Nordreisa","Troms og Finnmark","H","Høyre",4,4
"2019","ko","kommune","Nordreisa","Troms og Finnmark","FRP","Fremskrittspartiet",3,3
"2019","ko","kommune","Nordreisa","Troms og Finnmark","BLANKE","Blanke",0,0
"2019","ko","kommune","Nordreisa","Troms og Finnmark","Andre","Andre",0,0
"2019","ko","kommune","Nordreisa","Troms og Finnmark","Andre2","Andre2",0,0
"2019","ko","kommune","Kvænangen","Troms og Finnmark","A","Arbeiderpartiet",6,6
"2019","ko","kommune","Kvænangen","Troms og Finnmark","SV","SV - Sosialistisk Venstreparti",2,2
"2019","ko","kommune","Kvænangen","Troms og Finnmark","SP","Senterpartiet",3,3
"2019","ko","kommune","Kvænangen","Troms og Finnmark","BLANKE","Blanke",0,0
"2019","ko","kommune","Kvænangen","Troms og Finnmark","HFRP","Høyre og Fremskrittspartiet",2,2
"2019","ko","kommune","Kvænangen","Troms og Finnmark","KVB","Kvænangen Bygdeliste",2,2
"2019","ko","kommune","Kvænangen","Troms og Finnmark","Andre","Andre",4,4
"2019","ko","kommune","Kvænangen","Troms og Finnmark","Andre2","Andre2",0,0
"2019","ko","kommune","Guovdageaidnu - Kautokeino","Troms og Finnmark","A","Arbeiderpartiet",2,2
"2019","ko","kommune","Guovdageaidnu - Kautokeino","Troms og Finnmark","SV","SV - Sosialistisk Venstreparti",0,0
"2019","ko","kommune","Guovdageaidnu - Kautokeino","Troms og Finnmark","SP","Senterpartiet",3,3
"2019","ko","kommune","Guovdageaidnu - Kautokeino","Troms og Finnmark","V","Venstre",2,2
"2019","ko","kommune","Guovdageaidnu - Kautokeino","Troms og Finnmark","H","Høyre",1,1
"2019","ko","kommune","Guovdageaidnu - Kautokeino","Troms og Finnmark","BLANKE","Blanke",0,0
"2019","ko","kommune","Guovdageaidnu - Kautokeino","Troms og Finnmark","GDL","Kautokeino Fastboendes liste",5,5
"2019","ko","kommune","Guovdageaidnu - Kautokeino","Troms og Finnmark","JL","Kautokeino Flyttsameliste",4,4
"2019","ko","kommune","Guovdageaidnu - Kautokeino","Troms og Finnmark","SAL","Sámeálbmot Listu",2,2
"2019","ko","kommune","Guovdageaidnu - Kautokeino","Troms og Finnmark","Andre","Andre",11,11
"2019","ko","kommune","Guovdageaidnu - Kautokeino","Troms og Finnmark","Andre2","Andre2",0,0
"2019","ko","kommune","Loppa","Troms og Finnmark","A","Arbeiderpartiet",5,5
"2019","ko","kommune","Loppa","Troms og Finnmark","SV","SV - Sosialistisk Venstreparti",2,2
"2019","ko","kommune","Loppa","Troms og Finnmark","SP","Senterpartiet",5,5
"2019","ko","kommune","Loppa","Troms og Finnmark","H","Høyre",3,3
"2019","ko","kommune","Loppa","Troms og Finnmark","BLANKE","Blanke",0,0
"2019","ko","kommune","Loppa","Troms og Finnmark","Andre","Andre",0,0
"2019","ko","kommune","Loppa","Troms og Finnmark","Andre2","Andre2",0,0
"2019","ko","kommune","Hasvik","Troms og Finnmark","A","Arbeiderpartiet",9,9
"2019","ko","kommune","Hasvik","Troms og Finnmark","SP","Senterpartiet",3,3
"2019","ko","kommune","Hasvik","Troms og Finnmark","H","Høyre",3,3
"2019","ko","kommune","Hasvik","Troms og Finnmark","BLANKE","Blanke",0,0
"2019","ko","kommune","Hasvik","Troms og Finnmark","Andre","Andre",0,0
"2019","ko","kommune","Hasvik","Troms og Finnmark","Andre2","Andre2",0,0
"2019","ko","kommune","Måsøy","Troms og Finnmark","A","Arbeiderpartiet",6,6
"2019","ko","kommune","Måsøy","Troms og Finnmark","RØDT","Rødt",1,1
"2019","ko","kommune","Måsøy","Troms og Finnmark","SP","Senterpartiet",5,5
"2019","ko","kommune","Måsøy","Troms og Finnmark","H","Høyre",3,3
"2019","ko","kommune","Måsøy","Troms og Finnmark","BLANKE","Blanke",0,0
"2019","ko","kommune","Måsøy","Troms og Finnmark","Andre","Andre",0,0
"2019","ko","kommune","Måsøy","Troms og Finnmark","Andre2","Andre2",0,0
"2019","ko","kommune","Nordkapp","Troms og Finnmark","A","Arbeiderpartiet",3,3
"2019","ko","kommune","Nordkapp","Troms og Finnmark","SV","SV - Sosialistisk Venstreparti",7,7
"2019","ko","kommune","Nordkapp","Troms og Finnmark","SP","Senterpartiet",6,6
"2019","ko","kommune","Nordkapp","Troms og Finnmark","MDG","Miljøpartiet De Grønne",0,0
"2019","ko","kommune","Nordkapp","Troms og Finnmark","H","Høyre",3,3
"2019","ko","kommune","Nordkapp","Troms og Finnmark","BLANKE","Blanke",0,0
"2019","ko","kommune","Nordkapp","Troms og Finnmark","Andre","Andre",0,0
"2019","ko","kommune","Nordkapp","Troms og Finnmark","Andre2","Andre2",0,0
"2019","ko","kommune","Porsanger - Porsáŋgu - Porsanki","Troms og Finnmark","A","Arbeiderpartiet",5,5
"2019","ko","kommune","Porsanger - Porsáŋgu - Porsanki","Troms og Finnmark","SV","SV - Sosialistisk Venstreparti",2,2
"2019","ko","kommune","Porsanger - Porsáŋgu - Porsanki","Troms og Finnmark","RØDT","Rødt",0,0
"2019","ko","kommune","Porsanger - Porsáŋgu - Porsanki","Troms og Finnmark","SP","Senterpartiet",3,3
"2019","ko","kommune","Porsanger - Porsáŋgu - Porsanki","Troms og Finnmark","V","Venstre",0,0
"2019","ko","kommune","Porsanger - Porsáŋgu - Porsanki","Troms og Finnmark","H","Høyre",5,5
"2019","ko","kommune","Porsanger - Porsáŋgu - Porsanki","Troms og Finnmark","FRP","Fremskrittspartiet",1,1
"2019","ko","kommune","Porsanger - Porsáŋgu - Porsanki","Troms og Finnmark","BLANKE","Blanke",0,0
"2019","ko","kommune","Porsanger - Porsáŋgu - Porsanki","Troms og Finnmark","TLP","Tverrpolitisk liste i Porsanger TLP",3,3
"2019","ko","kommune","Porsanger - Porsáŋgu - Porsanki","Troms og Finnmark","Andre","Andre",3,3
"2019","ko","kommune","Porsanger - Porsáŋgu - Porsanki","Troms og Finnmark","Andre2","Andre2",0,0
"2019","ko","kommune","Kárášjohka - Karasjok","Troms og Finnmark","A","Arbeiderpartiet",7,7
"2019","ko","kommune","Kárášjohka - Karasjok","Troms og Finnmark","SP","Senterpartiet",6,6
"2019","ko","kommune","Kárášjohka - Karasjok","Troms og Finnmark","H","Høyre",1,1
"2019","ko","kommune","Kárášjohka - Karasjok","Troms og Finnmark","ARJA","Árja",0,0
"2019","ko","kommune","Kárášjohka - Karasjok","Troms og Finnmark","SAME","Samefolkets Parti",2,2
"2019","ko","kommune","Kárášjohka - Karasjok","Troms og Finnmark","BLANKE","Blanke",0,0
"2019","ko","kommune","Kárášjohka - Karasjok","Troms og Finnmark","KARLIS","Karasjok lista",2,2
"2019","ko","kommune","Kárášjohka - Karasjok","Troms og Finnmark","KJS","Johttiidsámiid listu",1,1
"2019","ko","kommune","Kárášjohka - Karasjok","Troms og Finnmark","Andre","Andre",5,5
"2019","ko","kommune","Kárášjohka - Karasjok","Troms og Finnmark","Andre2","Andre2",0,0
"2019","ko","kommune","Lebesby","Troms og Finnmark","A","Arbeiderpartiet",8,8
"2019","ko","kommune","Lebesby","Troms og Finnmark","SV","SV - Sosialistisk Venstreparti",2,2
"2019","ko","kommune","Lebesby","Troms og Finnmark","SP","Senterpartiet",4,4
"2019","ko","kommune","Lebesby","Troms og Finnmark","H","Høyre",1,1
"2019","ko","kommune","Lebesby","Troms og Finnmark","BLANKE","Blanke",0,0
"2019","ko","kommune","Lebesby","Troms og Finnmark","TVERRPOL","Lebesby Tverrpolitiske liste",2,2
"2019","ko","kommune","Lebesby","Troms og Finnmark","Andre","Andre",2,2
"2019","ko","kommune","Lebesby","Troms og Finnmark","Andre2","Andre2",0,0
"2019","ko","kommune","Gamvik","Troms og Finnmark","A","Arbeiderpartiet",6,6
"2019","ko","kommune","Gamvik","Troms og Finnmark","SV","SV - Sosialistisk Venstreparti",4,4
"2019","ko","kommune","Gamvik","Troms og Finnmark","SP","Senterpartiet",2,2
"2019","ko","kommune","Gamvik","Troms og Finnmark","FRP","Fremskrittspartiet",1,1
"2019","ko","kommune","Gamvik","Troms og Finnmark","BLANKE","Blanke",0,0
"2019","ko","kommune","Gamvik","Troms og Finnmark","SENTLI","Sentrumslista",0,0
"2019","ko","kommune","Gamvik","Troms og Finnmark","Andre","Andre",0,0
"2019","ko","kommune","Gamvik","Troms og Finnmark","Andre2","Andre2",0,0
"2019","ko","kommune","Berlevåg","Troms og Finnmark","A","Arbeiderpartiet",6,6
"2019","ko","kommune","Berlevåg","Troms og Finnmark","SV","SV - Sosialistisk Venstreparti",3,3
"2019","ko","kommune","Berlevåg","Troms og Finnmark","SP","Senterpartiet",1,1
"2019","ko","kommune","Berlevåg","Troms og Finnmark","H","Høyre",3,3
"2019","ko","kommune","Berlevåg","Troms og Finnmark","BLANKE","Blanke",0,0
"2019","ko","kommune","Berlevåg","Troms og Finnmark","Andre","Andre",0,0
"2019","ko","kommune","Berlevåg","Troms og Finnmark","Andre2","Andre2",0,0
"2019","ko","kommune","Deatnu - Tana","Troms og Finnmark","A","Arbeiderpartiet",8,8
"2019","ko","kommune","Deatnu - Tana","Troms og Finnmark","SV","SV - Sosialistisk Venstreparti",1,1
"2019","ko","kommune","Deatnu - Tana","Troms og Finnmark","SP","Senterpartiet",4,4
"2019","ko","kommune","Deatnu - Tana","Troms og Finnmark","V","Venstre",2,2
"2019","ko","kommune","Deatnu - Tana","Troms og Finnmark","H","Høyre",1,1
"2019","ko","kommune","Deatnu - Tana","Troms og Finnmark","FRP","Fremskrittspartiet",1,1
"2019","ko","kommune","Deatnu - Tana","Troms og Finnmark","BLANKE","Blanke",0,0
"2019","ko","kommune","Deatnu - Tana","Troms og Finnmark","DSL","Deanu Sámelistu - Samelista i Tana",2,2
"2019","ko","kommune","Deatnu - Tana","Troms og Finnmark","Andre","Andre",2,2
"2019","ko","kommune","Deatnu - Tana","Troms og Finnmark","Andre2","Andre2",0,0
"2019","ko","kommune","Unjárga - Nesseby","Troms og Finnmark","A","Arbeiderpartiet",7,7
"2019","ko","kommune","Unjárga - Nesseby","Troms og Finnmark","SV","SV - Sosialistisk Venstreparti",1,1
"2019","ko","kommune","Unjárga - Nesseby","Troms og Finnmark","SP","Senterpartiet",3,3
"2019","ko","kommune","Unjárga - Nesseby","Troms og Finnmark","H","Høyre",1,1
"2019","ko","kommune","Unjárga - Nesseby","Troms og Finnmark","SAME","Samefolkets Parti",2,2
"2019","ko","kommune","Unjárga - Nesseby","Troms og Finnmark","BLANKE","Blanke",0,0
"2019","ko","kommune","Unjárga - Nesseby","Troms og Finnmark","TLNE","Tverrpolitisk liste",1,1
"2019","ko","kommune","Unjárga - Nesseby","Troms og Finnmark","Andre","Andre",3,3
"2019","ko","kommune","Unjárga - Nesseby","Troms og Finnmark","Andre2","Andre2",0,0
"2019","ko","kommune","Båtsfjord","Troms og Finnmark","A","Arbeiderpartiet",5,5
"2019","ko","kommune","Båtsfjord","Troms og Finnmark","SP","Senterpartiet",7,7
"2019","ko","kommune","Båtsfjord","Troms og Finnmark","H","Høyre",3,3
"2019","ko","kommune","Båtsfjord","Troms og Finnmark","BLANKE","Blanke",0,0
"2019","ko","kommune","Båtsfjord","Troms og Finnmark","Andre","Andre",0,0
"2019","ko","kommune","Båtsfjord","Troms og Finnmark","Andre2","Andre2",0,0
"2019","ko","kommune","Sør-Varanger","Troms og Finnmark","A","Arbeiderpartiet",11,11
"2019","ko","kommune","Sør-Varanger","Troms og Finnmark","SV","SV - Sosialistisk Venstreparti",3,3
"2019","ko","kommune","Sør-Varanger","Troms og Finnmark","RØDT","Rødt",1,1
"2019","ko","kommune","Sør-Varanger","Troms og Finnmark","SP","Senterpartiet",6,6
"2019","ko","kommune","Sør-Varanger","Troms og Finnmark","MDG","Miljøpartiet De Grønne",1,1
"2019","ko","kommune","Sør-Varanger","Troms og Finnmark","V","Venstre",0,0
"2019","ko","kommune","Sør-Varanger","Troms og Finnmark","H","Høyre",4,4
"2019","ko","kommune","Sør-Varanger","Troms og Finnmark","FRP","Fremskrittspartiet",1,1
"2019","ko","kommune","Sør-Varanger","Troms og Finnmark","BLANKE","Blanke",0,0
"2019","ko","kommune","Sør-Varanger","Troms og Finnmark","Andre","Andre",0,0
"2019","ko","kommune","Sør-Varanger","Troms og Finnmark","Andre2","Andre2",0,0
