"aar","valgtype","sted_type","sted_navn","overordnet_navn","parti_kode","parti_navn","mandater_antall","mandater_endring"
"2015","ko","kommune","Halden","Østfold","A","Arbeiderpartiet",12,-4
"2015","ko","kommune","Halden","Østfold","SV","Sosialistisk Venstreparti",1,-1
"2015","ko","kommune","Halden","Østfold","RØDT","Rødt",1,1
"2015","ko","kommune","Halden","Østfold","SP","Senterpartiet",2,0
"2015","ko","kommune","Halden","Østfold","KRF","Kristelig Folkeparti",2,0
"2015","ko","kommune","Halden","Østfold","MDG","Miljøpartiet De Grønne",2,1
"2015","ko","kommune","Halden","Østfold","V","Venstre",1,-2
"2015","ko","kommune","Halden","Østfold","H","Høyre",15,-3
"2015","ko","kommune","Halden","Østfold","FRP","Fremskrittspartiet",3,-1
"2015","ko","kommune","Halden","Østfold","PP","Pensjonistpartiet",0,-1
"2015","ko","kommune","Halden","Østfold","BLANKE","Blanke",0,0
"2015","ko","kommune","Halden","Østfold","Andre","Andre",0,-1
"2015","ko","kommune","Halden","Østfold","Andre2","Andre2",0,0
"2015","ko","kommune","Moss","Østfold","A","Arbeiderpartiet",16,2
"2015","ko","kommune","Moss","Østfold","SV","Sosialistisk Venstreparti",1,0
"2015","ko","kommune","Moss","Østfold","RØDT","Rødt",2,1
"2015","ko","kommune","Moss","Østfold","KRF","Kristelig Folkeparti",1,0
"2015","ko","kommune","Moss","Østfold","MDG","Miljøpartiet De Grønne",2,2
"2015","ko","kommune","Moss","Østfold","V","Venstre",2,0
"2015","ko","kommune","Moss","Østfold","H","Høyre",11,-4
"2015","ko","kommune","Moss","Østfold","FRP","Fremskrittspartiet",4,-1
"2015","ko","kommune","Moss","Østfold","BLANKE","Blanke",0,0
"2015","ko","kommune","Moss","Østfold","Andre","Andre",0,0
"2015","ko","kommune","Moss","Østfold","Andre2","Andre2",0,0
"2015","ko","kommune","Sarpsborg","Østfold","A","Arbeiderpartiet",22,1
"2015","ko","kommune","Sarpsborg","Østfold","SV","Sosialistisk Venstreparti",1,0
"2015","ko","kommune","Sarpsborg","Østfold","RØDT","Rødt",0,0
"2015","ko","kommune","Sarpsborg","Østfold","SP","Senterpartiet",2,1
"2015","ko","kommune","Sarpsborg","Østfold","KRF","Kristelig Folkeparti",2,-1
"2015","ko","kommune","Sarpsborg","Østfold","MDG","Miljøpartiet De Grønne",1,1
"2015","ko","kommune","Sarpsborg","Østfold","V","Venstre",1,0
"2015","ko","kommune","Sarpsborg","Østfold","H","Høyre",7,-2
"2015","ko","kommune","Sarpsborg","Østfold","FRP","Fremskrittspartiet",6,0
"2015","ko","kommune","Sarpsborg","Østfold","PP","Pensjonistpartiet",1,0
"2015","ko","kommune","Sarpsborg","Østfold","BLANKE","Blanke",0,0
"2015","ko","kommune","Sarpsborg","Østfold","KRISTNE","Partiet De Kristne",0,0
"2015","ko","kommune","Sarpsborg","Østfold","Andre","Andre",1,0
"2015","ko","kommune","Sarpsborg","Østfold","Andre2","Andre2",0,0
"2015","ko","kommune","Fredrikstad","Østfold","A","Arbeiderpartiet",26,0
"2015","ko","kommune","Fredrikstad","Østfold","SV","Sosialistisk Venstreparti",1,-1
"2015","ko","kommune","Fredrikstad","Østfold","RØDT","Rødt",0,0
"2015","ko","kommune","Fredrikstad","Østfold","SP","Senterpartiet",2,1
"2015","ko","kommune","Fredrikstad","Østfold","KRF","Kristelig Folkeparti",2,0
"2015","ko","kommune","Fredrikstad","Østfold","MDG","Miljøpartiet De Grønne",2,2
"2015","ko","kommune","Fredrikstad","Østfold","V","Venstre",2,0
"2015","ko","kommune","Fredrikstad","Østfold","H","Høyre",9,-2
"2015","ko","kommune","Fredrikstad","Østfold","FRP","Fremskrittspartiet",7,0
"2015","ko","kommune","Fredrikstad","Østfold","KYST","Kystpartiet",0,0
"2015","ko","kommune","Fredrikstad","Østfold","PP","Pensjonistpartiet",1,0
"2015","ko","kommune","Fredrikstad","Østfold","BLANKE","Blanke",0,0
"2015","ko","kommune","Fredrikstad","Østfold","BYMILJØ","Bymiljølista",1,0
"2015","ko","kommune","Fredrikstad","Østfold","KRISTNE","Partiet De Kristne",0,0
"2015","ko","kommune","Fredrikstad","Østfold","Andre","Andre",2,0
"2015","ko","kommune","Fredrikstad","Østfold","Andre2","Andre2",0,0
"2015","ko","kommune","Hvaler","Østfold","A","Arbeiderpartiet",7,1
"2015","ko","kommune","Hvaler","Østfold","SV","Sosialistisk Venstreparti",1,0
"2015","ko","kommune","Hvaler","Østfold","SP","Senterpartiet",1,0
"2015","ko","kommune","Hvaler","Østfold","MDG","Miljøpartiet De Grønne",1,1
"2015","ko","kommune","Hvaler","Østfold","V","Venstre",0,-1
"2015","ko","kommune","Hvaler","Østfold","H","Høyre",5,0
"2015","ko","kommune","Hvaler","Østfold","FRP","Fremskrittspartiet",6,-1
"2015","ko","kommune","Hvaler","Østfold","BLANKE","Blanke",0,0
"2015","ko","kommune","Hvaler","Østfold","Andre","Andre",0,0
"2015","ko","kommune","Hvaler","Østfold","Andre2","Andre2",0,0
"2015","ko","kommune","Aremark","Østfold","A","Arbeiderpartiet",4,0
"2015","ko","kommune","Aremark","Østfold","SP","Senterpartiet",5,-1
"2015","ko","kommune","Aremark","Østfold","KRF","Kristelig Folkeparti",2,-1
"2015","ko","kommune","Aremark","Østfold","V","Venstre",1,-1
"2015","ko","kommune","Aremark","Østfold","H","Høyre",5,3
"2015","ko","kommune","Aremark","Østfold","BLANKE","Blanke",0,0
"2015","ko","kommune","Aremark","Østfold","Andre","Andre",0,0
"2015","ko","kommune","Aremark","Østfold","Andre2","Andre2",0,0
"2015","ko","kommune","Marker","Østfold","A","Arbeiderpartiet",11,-1
"2015","ko","kommune","Marker","Østfold","SP","Senterpartiet",6,0
"2015","ko","kommune","Marker","Østfold","KRF","Kristelig Folkeparti",3,0
"2015","ko","kommune","Marker","Østfold","V","Venstre",1,1
"2015","ko","kommune","Marker","Østfold","H","Høyre",3,0
"2015","ko","kommune","Marker","Østfold","FRP","Fremskrittspartiet",1,0
"2015","ko","kommune","Marker","Østfold","BLANKE","Blanke",0,0
"2015","ko","kommune","Marker","Østfold","Andre","Andre",0,0
"2015","ko","kommune","Marker","Østfold","Andre2","Andre2",0,0
"2015","ko","kommune","Rømskog","Østfold","A","Arbeiderpartiet",3,-1
"2015","ko","kommune","Rømskog","Østfold","SP","Senterpartiet",5,1
"2015","ko","kommune","Rømskog","Østfold","KRF","Kristelig Folkeparti",5,1
"2015","ko","kommune","Rømskog","Østfold","BLANKE","Blanke",0,0
"2015","ko","kommune","Rømskog","Østfold","Andre","Andre",0,0
"2015","ko","kommune","Rømskog","Østfold","Andre2","Andre2",0,-1
"2015","ko","kommune","Trøgstad","Østfold","A","Arbeiderpartiet",5,-1
"2015","ko","kommune","Trøgstad","Østfold","SP","Senterpartiet",9,1
"2015","ko","kommune","Trøgstad","Østfold","KRF","Kristelig Folkeparti",1,0
"2015","ko","kommune","Trøgstad","Østfold","V","Venstre",0,0
"2015","ko","kommune","Trøgstad","Østfold","H","Høyre",4,1
"2015","ko","kommune","Trøgstad","Østfold","FRP","Fremskrittspartiet",2,-1
"2015","ko","kommune","Trøgstad","Østfold","BLANKE","Blanke",0,0
"2015","ko","kommune","Trøgstad","Østfold","Andre","Andre",0,0
"2015","ko","kommune","Trøgstad","Østfold","Andre2","Andre2",0,0
"2015","ko","kommune","Spydeberg","Østfold","A","Arbeiderpartiet",4,-1
"2015","ko","kommune","Spydeberg","Østfold","SV","Sosialistisk Venstreparti",1,1
"2015","ko","kommune","Spydeberg","Østfold","SP","Senterpartiet",4,0
"2015","ko","kommune","Spydeberg","Østfold","KRF","Kristelig Folkeparti",3,0
"2015","ko","kommune","Spydeberg","Østfold","MDG","Miljøpartiet De Grønne",1,1
"2015","ko","kommune","Spydeberg","Østfold","V","Venstre",0,-1
"2015","ko","kommune","Spydeberg","Østfold","H","Høyre",6,1
"2015","ko","kommune","Spydeberg","Østfold","FRP","Fremskrittspartiet",2,-1
"2015","ko","kommune","Spydeberg","Østfold","BLANKE","Blanke",0,0
"2015","ko","kommune","Spydeberg","Østfold","Andre","Andre",0,0
"2015","ko","kommune","Spydeberg","Østfold","Andre2","Andre2",0,0
"2015","ko","kommune","Askim","Østfold","A","Arbeiderpartiet",13,0
"2015","ko","kommune","Askim","Østfold","SV","Sosialistisk Venstreparti",1,0
"2015","ko","kommune","Askim","Østfold","SP","Senterpartiet",2,1
"2015","ko","kommune","Askim","Østfold","KRF","Kristelig Folkeparti",2,0
"2015","ko","kommune","Askim","Østfold","MDG","Miljøpartiet De Grønne",1,1
"2015","ko","kommune","Askim","Østfold","V","Venstre",1,0
"2015","ko","kommune","Askim","Østfold","H","Høyre",12,1
"2015","ko","kommune","Askim","Østfold","FRP","Fremskrittspartiet",3,-1
"2015","ko","kommune","Askim","Østfold","BLANKE","Blanke",0,0
"2015","ko","kommune","Askim","Østfold","Andre","Andre",0,0
"2015","ko","kommune","Askim","Østfold","Andre2","Andre2",0,-2
"2015","ko","kommune","Eidsberg","Østfold","A","Arbeiderpartiet",8,1
"2015","ko","kommune","Eidsberg","Østfold","SV","Sosialistisk Venstreparti",1,0
"2015","ko","kommune","Eidsberg","Østfold","SP","Senterpartiet",5,0
"2015","ko","kommune","Eidsberg","Østfold","KRF","Kristelig Folkeparti",2,0
"2015","ko","kommune","Eidsberg","Østfold","V","Venstre",2,0
"2015","ko","kommune","Eidsberg","Østfold","H","Høyre",15,0
"2015","ko","kommune","Eidsberg","Østfold","FRP","Fremskrittspartiet",2,-1
"2015","ko","kommune","Eidsberg","Østfold","BLANKE","Blanke",0,0
"2015","ko","kommune","Eidsberg","Østfold","Andre","Andre",0,0
"2015","ko","kommune","Eidsberg","Østfold","Andre2","Andre2",0,0
"2015","ko","kommune","Skiptvet","Østfold","A","Arbeiderpartiet",10,1
"2015","ko","kommune","Skiptvet","Østfold","SP","Senterpartiet",5,1
"2015","ko","kommune","Skiptvet","Østfold","KRF","Kristelig Folkeparti",2,0
"2015","ko","kommune","Skiptvet","Østfold","H","Høyre",3,-1
"2015","ko","kommune","Skiptvet","Østfold","FRP","Fremskrittspartiet",1,-1
"2015","ko","kommune","Skiptvet","Østfold","BLANKE","Blanke",0,0
"2015","ko","kommune","Skiptvet","Østfold","Andre","Andre",0,0
"2015","ko","kommune","Skiptvet","Østfold","Andre2","Andre2",0,0
"2015","ko","kommune","Rakkestad","Østfold","A","Arbeiderpartiet",8,2
"2015","ko","kommune","Rakkestad","Østfold","SP","Senterpartiet",7,0
"2015","ko","kommune","Rakkestad","Østfold","KRF","Kristelig Folkeparti",5,1
"2015","ko","kommune","Rakkestad","Østfold","MDG","Miljøpartiet De Grønne",0,0
"2015","ko","kommune","Rakkestad","Østfold","V","Venstre",1,-3
"2015","ko","kommune","Rakkestad","Østfold","H","Høyre",2,0
"2015","ko","kommune","Rakkestad","Østfold","FRP","Fremskrittspartiet",2,0
"2015","ko","kommune","Rakkestad","Østfold","BLANKE","Blanke",0,0
"2015","ko","kommune","Rakkestad","Østfold","Andre","Andre",0,0
"2015","ko","kommune","Rakkestad","Østfold","Andre2","Andre2",0,0
"2015","ko","kommune","Råde","Østfold","A","Arbeiderpartiet",6,-1
"2015","ko","kommune","Råde","Østfold","SP","Senterpartiet",3,0
"2015","ko","kommune","Råde","Østfold","KRF","Kristelig Folkeparti",2,0
"2015","ko","kommune","Råde","Østfold","MDG","Miljøpartiet De Grønne",1,1
"2015","ko","kommune","Råde","Østfold","V","Venstre",1,-2
"2015","ko","kommune","Råde","Østfold","H","Høyre",9,3
"2015","ko","kommune","Råde","Østfold","FRP","Fremskrittspartiet",5,-1
"2015","ko","kommune","Råde","Østfold","BLANKE","Blanke",0,0
"2015","ko","kommune","Råde","Østfold","Andre","Andre",0,0
"2015","ko","kommune","Råde","Østfold","Andre2","Andre2",0,0
"2015","ko","kommune","Rygge","Østfold","A","Arbeiderpartiet",10,2
"2015","ko","kommune","Rygge","Østfold","SV","Sosialistisk Venstreparti",1,0
"2015","ko","kommune","Rygge","Østfold","RØDT","Rødt",0,0
"2015","ko","kommune","Rygge","Østfold","SP","Senterpartiet",2,1
"2015","ko","kommune","Rygge","Østfold","KRF","Kristelig Folkeparti",1,0
"2015","ko","kommune","Rygge","Østfold","MDG","Miljøpartiet De Grønne",1,1
"2015","ko","kommune","Rygge","Østfold","V","Venstre",1,-2
"2015","ko","kommune","Rygge","Østfold","H","Høyre",7,-1
"2015","ko","kommune","Rygge","Østfold","FRP","Fremskrittspartiet",4,0
"2015","ko","kommune","Rygge","Østfold","PP","Pensjonistpartiet",0,-1
"2015","ko","kommune","Rygge","Østfold","BLANKE","Blanke",0,0
"2015","ko","kommune","Rygge","Østfold","Andre","Andre",0,-1
"2015","ko","kommune","Rygge","Østfold","Andre2","Andre2",0,0
"2015","ko","kommune","Våler","Østfold","A","Arbeiderpartiet",3,-1
"2015","ko","kommune","Våler","Østfold","SV","Sosialistisk Venstreparti",0,0
"2015","ko","kommune","Våler","Østfold","SP","Senterpartiet",10,4
"2015","ko","kommune","Våler","Østfold","KRF","Kristelig Folkeparti",1,-1
"2015","ko","kommune","Våler","Østfold","MDG","Miljøpartiet De Grønne",0,0
"2015","ko","kommune","Våler","Østfold","V","Venstre",0,0
"2015","ko","kommune","Våler","Østfold","H","Høyre",4,-1
"2015","ko","kommune","Våler","Østfold","FRP","Fremskrittspartiet",3,-1
"2015","ko","kommune","Våler","Østfold","BLANKE","Blanke",0,0
"2015","ko","kommune","Våler","Østfold","Andre","Andre",0,0
"2015","ko","kommune","Våler","Østfold","Andre2","Andre2",0,0
"2015","ko","kommune","Hobøl","Østfold","A","Arbeiderpartiet",6,0
"2015","ko","kommune","Hobøl","Østfold","SP","Senterpartiet",2,0
"2015","ko","kommune","Hobøl","Østfold","KRF","Kristelig Folkeparti",1,0
"2015","ko","kommune","Hobøl","Østfold","MDG","Miljøpartiet De Grønne",1,1
"2015","ko","kommune","Hobøl","Østfold","V","Venstre",1,-2
"2015","ko","kommune","Hobøl","Østfold","H","Høyre",6,2
"2015","ko","kommune","Hobøl","Østfold","FRP","Fremskrittspartiet",4,-1
"2015","ko","kommune","Hobøl","Østfold","BLANKE","Blanke",0,0
"2015","ko","kommune","Hobøl","Østfold","Andre","Andre",0,0
"2015","ko","kommune","Hobøl","Østfold","Andre2","Andre2",0,0
"2015","ko","kommune","Vestby","Akershus","A","Arbeiderpartiet",12,1
"2015","ko","kommune","Vestby","Akershus","SV","Sosialistisk Venstreparti",2,0
"2015","ko","kommune","Vestby","Akershus","SP","Senterpartiet",2,0
"2015","ko","kommune","Vestby","Akershus","KRF","Kristelig Folkeparti",1,0
"2015","ko","kommune","Vestby","Akershus","MDG","Miljøpartiet De Grønne",2,2
"2015","ko","kommune","Vestby","Akershus","V","Venstre",1,-1
"2015","ko","kommune","Vestby","Akershus","H","Høyre",7,-7
"2015","ko","kommune","Vestby","Akershus","FRP","Fremskrittspartiet",4,1
"2015","ko","kommune","Vestby","Akershus","BLANKE","Blanke",0,0
"2015","ko","kommune","Vestby","Akershus","BYGDL","Bygdelista",4,4
"2015","ko","kommune","Vestby","Akershus","KRISTNE","Partiet De Kristne",0,0
"2015","ko","kommune","Vestby","Akershus","Andre","Andre",4,4
"2015","ko","kommune","Vestby","Akershus","Andre2","Andre2",0,0
"2015","ko","kommune","Ski","Akershus","A","Arbeiderpartiet",13,0
"2015","ko","kommune","Ski","Akershus","SV","Sosialistisk Venstreparti",2,0
"2015","ko","kommune","Ski","Akershus","RØDT","Rødt",1,1
"2015","ko","kommune","Ski","Akershus","SP","Senterpartiet",2,1
"2015","ko","kommune","Ski","Akershus","KRF","Kristelig Folkeparti",1,0
"2015","ko","kommune","Ski","Akershus","MDG","Miljøpartiet De Grønne",2,2
"2015","ko","kommune","Ski","Akershus","V","Venstre",2,-1
"2015","ko","kommune","Ski","Akershus","H","Høyre",14,-1
"2015","ko","kommune","Ski","Akershus","FRP","Fremskrittspartiet",3,-2
"2015","ko","kommune","Ski","Akershus","PP","Pensjonistpartiet",1,0
"2015","ko","kommune","Ski","Akershus","BLANKE","Blanke",0,0
"2015","ko","kommune","Ski","Akershus","Andre","Andre",1,0
"2015","ko","kommune","Ski","Akershus","Andre2","Andre2",0,0
"2015","ko","kommune","Ås","Akershus","A","Arbeiderpartiet",10,0
"2015","ko","kommune","Ås","Akershus","SV","Sosialistisk Venstreparti",2,-1
"2015","ko","kommune","Ås","Akershus","RØDT","Rødt",1,1
"2015","ko","kommune","Ås","Akershus","SP","Senterpartiet",4,1
"2015","ko","kommune","Ås","Akershus","KRF","Kristelig Folkeparti",1,0
"2015","ko","kommune","Ås","Akershus","MDG","Miljøpartiet De Grønne",3,2
"2015","ko","kommune","Ås","Akershus","V","Venstre",2,-1
"2015","ko","kommune","Ås","Akershus","H","Høyre",7,-1
"2015","ko","kommune","Ås","Akershus","FRP","Fremskrittspartiet",3,-1
"2015","ko","kommune","Ås","Akershus","BLANKE","Blanke",0,0
"2015","ko","kommune","Ås","Akershus","Andre","Andre",0,0
"2015","ko","kommune","Ås","Akershus","Andre2","Andre2",0,0
"2015","ko","kommune","Frogn","Akershus","A","Arbeiderpartiet",7,0
"2015","ko","kommune","Frogn","Akershus","SV","Sosialistisk Venstreparti",1,-1
"2015","ko","kommune","Frogn","Akershus","SP","Senterpartiet",1,0
"2015","ko","kommune","Frogn","Akershus","KRF","Kristelig Folkeparti",1,-1
"2015","ko","kommune","Frogn","Akershus","MDG","Miljøpartiet De Grønne",2,2
"2015","ko","kommune","Frogn","Akershus","V","Venstre",3,-2
"2015","ko","kommune","Frogn","Akershus","H","Høyre",12,2
"2015","ko","kommune","Frogn","Akershus","FRP","Fremskrittspartiet",3,0
"2015","ko","kommune","Frogn","Akershus","PP","Pensjonistpartiet",1,0
"2015","ko","kommune","Frogn","Akershus","BLANKE","Blanke",0,0
"2015","ko","kommune","Frogn","Akershus","Andre","Andre",1,0
"2015","ko","kommune","Frogn","Akershus","Andre2","Andre2",0,0
"2015","ko","kommune","Nesodden","Akershus","A","Arbeiderpartiet",9,0
"2015","ko","kommune","Nesodden","Akershus","SV","Sosialistisk Venstreparti",4,-1
"2015","ko","kommune","Nesodden","Akershus","RØDT","Rødt",2,0
"2015","ko","kommune","Nesodden","Akershus","SP","Senterpartiet",0,0
"2015","ko","kommune","Nesodden","Akershus","KRF","Kristelig Folkeparti",1,0
"2015","ko","kommune","Nesodden","Akershus","MDG","Miljøpartiet De Grønne",4,2
"2015","ko","kommune","Nesodden","Akershus","V","Venstre",2,0
"2015","ko","kommune","Nesodden","Akershus","H","Høyre",7,-1
"2015","ko","kommune","Nesodden","Akershus","FRP","Fremskrittspartiet",2,0
"2015","ko","kommune","Nesodden","Akershus","DEMN","Demokratene i Norge",0,0
"2015","ko","kommune","Nesodden","Akershus","BLANKE","Blanke",0,0
"2015","ko","kommune","Nesodden","Akershus","Andre","Andre",0,0
"2015","ko","kommune","Nesodden","Akershus","Andre2","Andre2",0,0
"2015","ko","kommune","Oppegård","Akershus","A","Arbeiderpartiet",8,0
"2015","ko","kommune","Oppegård","Akershus","SV","Sosialistisk Venstreparti",1,-1
"2015","ko","kommune","Oppegård","Akershus","RØDT","Rødt",0,0
"2015","ko","kommune","Oppegård","Akershus","KRF","Kristelig Folkeparti",2,1
"2015","ko","kommune","Oppegård","Akershus","MDG","Miljøpartiet De Grønne",3,3
"2015","ko","kommune","Oppegård","Akershus","V","Venstre",2,0
"2015","ko","kommune","Oppegård","Akershus","H","Høyre",13,-3
"2015","ko","kommune","Oppegård","Akershus","FRP","Fremskrittspartiet",2,0
"2015","ko","kommune","Oppegård","Akershus","BLANKE","Blanke",0,0
"2015","ko","kommune","Oppegård","Akershus","Andre","Andre",0,0
"2015","ko","kommune","Oppegård","Akershus","Andre2","Andre2",0,0
"2015","ko","kommune","Bærum","Akershus","A","Arbeiderpartiet",10,-1
"2015","ko","kommune","Bærum","Akershus","SV","Sosialistisk Venstreparti",2,0
"2015","ko","kommune","Bærum","Akershus","RØDT","Rødt",1,1
"2015","ko","kommune","Bærum","Akershus","SP","Senterpartiet",0,0
"2015","ko","kommune","Bærum","Akershus","KRF","Kristelig Folkeparti",1,0
"2015","ko","kommune","Bærum","Akershus","MDG","Miljøpartiet De Grønne",3,3
"2015","ko","kommune","Bærum","Akershus","V","Venstre",5,0
"2015","ko","kommune","Bærum","Akershus","H","Høyre",24,-3
"2015","ko","kommune","Bærum","Akershus","FRP","Fremskrittspartiet",4,0
"2015","ko","kommune","Bærum","Akershus","PP","Pensjonistpartiet",1,0
"2015","ko","kommune","Bærum","Akershus","BLANKE","Blanke",0,0
"2015","ko","kommune","Bærum","Akershus","KRISTNE","Partiet De Kristne",0,0
"2015","ko","kommune","Bærum","Akershus","Andre","Andre",1,0
"2015","ko","kommune","Bærum","Akershus","Andre2","Andre2",0,0
"2015","ko","kommune","Asker","Akershus","A","Arbeiderpartiet",9,-1
"2015","ko","kommune","Asker","Akershus","SV","Sosialistisk Venstreparti",1,0
"2015","ko","kommune","Asker","Akershus","RØDT","Rødt",0,0
"2015","ko","kommune","Asker","Akershus","SP","Senterpartiet",1,1
"2015","ko","kommune","Asker","Akershus","KRF","Kristelig Folkeparti",1,0
"2015","ko","kommune","Asker","Akershus","MDG","Miljøpartiet De Grønne",3,3
"2015","ko","kommune","Asker","Akershus","V","Venstre",4,1
"2015","ko","kommune","Asker","Akershus","H","Høyre",23,-2
"2015","ko","kommune","Asker","Akershus","FRP","Fremskrittspartiet",4,0
"2015","ko","kommune","Asker","Akershus","PP","Pensjonistpartiet",1,0
"2015","ko","kommune","Asker","Akershus","BLANKE","Blanke",0,0
"2015","ko","kommune","Asker","Akershus","Andre","Andre",1,0
"2015","ko","kommune","Asker","Akershus","Andre2","Andre2",0,-2
"2015","ko","kommune","Aurskog-Høland","Akershus","A","Arbeiderpartiet",15,2
"2015","ko","kommune","Aurskog-Høland","Akershus","SV","Sosialistisk Venstreparti",1,0
"2015","ko","kommune","Aurskog-Høland","Akershus","SP","Senterpartiet",4,-1
"2015","ko","kommune","Aurskog-Høland","Akershus","KRF","Kristelig Folkeparti",2,-1
"2015","ko","kommune","Aurskog-Høland","Akershus","MDG","Miljøpartiet De Grønne",1,1
"2015","ko","kommune","Aurskog-Høland","Akershus","V","Venstre",0,0
"2015","ko","kommune","Aurskog-Høland","Akershus","H","Høyre",4,-2
"2015","ko","kommune","Aurskog-Høland","Akershus","FRP","Fremskrittspartiet",8,1
"2015","ko","kommune","Aurskog-Høland","Akershus","BLANKE","Blanke",0,0
"2015","ko","kommune","Aurskog-Høland","Akershus","KRISTNE","Partiet De Kristne",0,0
"2015","ko","kommune","Aurskog-Høland","Akershus","Andre","Andre",0,0
"2015","ko","kommune","Aurskog-Høland","Akershus","Andre2","Andre2",0,0
"2015","ko","kommune","Sørum","Akershus","A","Arbeiderpartiet",11,-2
"2015","ko","kommune","Sørum","Akershus","SV","Sosialistisk Venstreparti",1,0
"2015","ko","kommune","Sørum","Akershus","SP","Senterpartiet",3,1
"2015","ko","kommune","Sørum","Akershus","KRF","Kristelig Folkeparti",2,1
"2015","ko","kommune","Sørum","Akershus","MDG","Miljøpartiet De Grønne",1,1
"2015","ko","kommune","Sørum","Akershus","V","Venstre",1,0
"2015","ko","kommune","Sørum","Akershus","H","Høyre",8,-1
"2015","ko","kommune","Sørum","Akershus","FRP","Fremskrittspartiet",4,0
"2015","ko","kommune","Sørum","Akershus","BLANKE","Blanke",0,0
"2015","ko","kommune","Sørum","Akershus","Andre","Andre",0,0
"2015","ko","kommune","Sørum","Akershus","Andre2","Andre2",0,0
"2015","ko","kommune","Fet","Akershus","A","Arbeiderpartiet",11,0
"2015","ko","kommune","Fet","Akershus","SV","Sosialistisk Venstreparti",1,0
"2015","ko","kommune","Fet","Akershus","SP","Senterpartiet",2,0
"2015","ko","kommune","Fet","Akershus","KRF","Kristelig Folkeparti",1,1
"2015","ko","kommune","Fet","Akershus","MDG","Miljøpartiet De Grønne",1,1
"2015","ko","kommune","Fet","Akershus","V","Venstre",1,-1
"2015","ko","kommune","Fet","Akershus","H","Høyre",6,-1
"2015","ko","kommune","Fet","Akershus","FRP","Fremskrittspartiet",4,0
"2015","ko","kommune","Fet","Akershus","BLANKE","Blanke",0,0
"2015","ko","kommune","Fet","Akershus","KRISTNE","Partiet De Kristne",0,0
"2015","ko","kommune","Fet","Akershus","Andre","Andre",0,0
"2015","ko","kommune","Fet","Akershus","Andre2","Andre2",0,0
"2015","ko","kommune","Rælingen","Akershus","A","Arbeiderpartiet",21,1
"2015","ko","kommune","Rælingen","Akershus","SV","Sosialistisk Venstreparti",1,0
"2015","ko","kommune","Rælingen","Akershus","RØDT","Rødt",0,0
"2015","ko","kommune","Rælingen","Akershus","MDG","Miljøpartiet De Grønne",1,1
"2015","ko","kommune","Rælingen","Akershus","V","Venstre",1,0
"2015","ko","kommune","Rælingen","Akershus","H","Høyre",6,-2
"2015","ko","kommune","Rælingen","Akershus","FRP","Fremskrittspartiet",3,-1
"2015","ko","kommune","Rælingen","Akershus","BLANKE","Blanke",0,0
"2015","ko","kommune","Rælingen","Akershus","KRFSP","Kristelig Folkeparti / Senterpartiet",2,2
"2015","ko","kommune","Rælingen","Akershus","Andre","Andre",2,2
"2015","ko","kommune","Rælingen","Akershus","Andre2","Andre2",0,-1
"2015","ko","kommune","Enebakk","Akershus","A","Arbeiderpartiet",8,1
"2015","ko","kommune","Enebakk","Akershus","SV","Sosialistisk Venstreparti",1,0
"2015","ko","kommune","Enebakk","Akershus","SP","Senterpartiet",4,1
"2015","ko","kommune","Enebakk","Akershus","KRF","Kristelig Folkeparti",1,0
"2015","ko","kommune","Enebakk","Akershus","MDG","Miljøpartiet De Grønne",1,1
"2015","ko","kommune","Enebakk","Akershus","V","Venstre",1,0
"2015","ko","kommune","Enebakk","Akershus","H","Høyre",6,-2
"2015","ko","kommune","Enebakk","Akershus","FRP","Fremskrittspartiet",5,-1
"2015","ko","kommune","Enebakk","Akershus","BLANKE","Blanke",0,0
"2015","ko","kommune","Enebakk","Akershus","Andre","Andre",0,0
"2015","ko","kommune","Enebakk","Akershus","Andre2","Andre2",0,0
"2015","ko","kommune","Lørenskog","Akershus","A","Arbeiderpartiet",21,0
"2015","ko","kommune","Lørenskog","Akershus","SV","Sosialistisk Venstreparti",1,-1
"2015","ko","kommune","Lørenskog","Akershus","RØDT","Rødt",0,0
"2015","ko","kommune","Lørenskog","Akershus","SP","Senterpartiet",0,0
"2015","ko","kommune","Lørenskog","Akershus","KRF","Kristelig Folkeparti",1,-1
"2015","ko","kommune","Lørenskog","Akershus","MDG","Miljøpartiet De Grønne",2,2
"2015","ko","kommune","Lørenskog","Akershus","V","Venstre",2,0
"2015","ko","kommune","Lørenskog","Akershus","H","Høyre",14,0
"2015","ko","kommune","Lørenskog","Akershus","FRP","Fremskrittspartiet",5,0
"2015","ko","kommune","Lørenskog","Akershus","BLANKE","Blanke",0,0
"2015","ko","kommune","Lørenskog","Akershus","LVH","Lørenskog i våre hjerter",1,0
"2015","ko","kommune","Lørenskog","Akershus","Andre","Andre",1,0
"2015","ko","kommune","Lørenskog","Akershus","Andre2","Andre2",0,0
"2015","ko","kommune","Skedsmo","Akershus","A","Arbeiderpartiet",18,-1
"2015","ko","kommune","Skedsmo","Akershus","SV","Sosialistisk Venstreparti",2,0
"2015","ko","kommune","Skedsmo","Akershus","RØDT","Rødt",0,0
"2015","ko","kommune","Skedsmo","Akershus","SP","Senterpartiet",1,0
"2015","ko","kommune","Skedsmo","Akershus","KRF","Kristelig Folkeparti",1,0
"2015","ko","kommune","Skedsmo","Akershus","MDG","Miljøpartiet De Grønne",2,2
"2015","ko","kommune","Skedsmo","Akershus","V","Venstre",2,0
"2015","ko","kommune","Skedsmo","Akershus","H","Høyre",12,-2
"2015","ko","kommune","Skedsmo","Akershus","FRP","Fremskrittspartiet",6,1
"2015","ko","kommune","Skedsmo","Akershus","PP","Pensjonistpartiet",1,0
"2015","ko","kommune","Skedsmo","Akershus","BLANKE","Blanke",0,0
"2015","ko","kommune","Skedsmo","Akershus","FRBB","Folkets Røst By- og Bygdeliste",2,0
"2015","ko","kommune","Skedsmo","Akershus","Andre","Andre",3,0
"2015","ko","kommune","Skedsmo","Akershus","Andre2","Andre2",0,0
"2015","ko","kommune","Nittedal","Akershus","A","Arbeiderpartiet",10,0
"2015","ko","kommune","Nittedal","Akershus","SV","Sosialistisk Venstreparti",1,0
"2015","ko","kommune","Nittedal","Akershus","RØDT","Rødt",0,0
"2015","ko","kommune","Nittedal","Akershus","SP","Senterpartiet",1,0
"2015","ko","kommune","Nittedal","Akershus","KRF","Kristelig Folkeparti",1,0
"2015","ko","kommune","Nittedal","Akershus","MDG","Miljøpartiet De Grønne",1,1
"2015","ko","kommune","Nittedal","Akershus","V","Venstre",3,0
"2015","ko","kommune","Nittedal","Akershus","H","Høyre",8,-1
"2015","ko","kommune","Nittedal","Akershus","FRP","Fremskrittspartiet",4,0
"2015","ko","kommune","Nittedal","Akershus","BLANKE","Blanke",0,0
"2015","ko","kommune","Nittedal","Akershus","Andre","Andre",0,0
"2015","ko","kommune","Nittedal","Akershus","Andre2","Andre2",0,0
"2015","ko","kommune","Gjerdrum","Akershus","A","Arbeiderpartiet",8,-1
"2015","ko","kommune","Gjerdrum","Akershus","SP","Senterpartiet",4,2
"2015","ko","kommune","Gjerdrum","Akershus","KRF","Kristelig Folkeparti",1,0
"2015","ko","kommune","Gjerdrum","Akershus","MDG","Miljøpartiet De Grønne",1,1
"2015","ko","kommune","Gjerdrum","Akershus","V","Venstre",2,-1
"2015","ko","kommune","Gjerdrum","Akershus","H","Høyre",7,0
"2015","ko","kommune","Gjerdrum","Akershus","FRP","Fremskrittspartiet",2,0
"2015","ko","kommune","Gjerdrum","Akershus","BLANKE","Blanke",0,0
"2015","ko","kommune","Gjerdrum","Akershus","Andre","Andre",0,0
"2015","ko","kommune","Gjerdrum","Akershus","Andre2","Andre2",0,-1
"2015","ko","kommune","Ullensaker","Akershus","A","Arbeiderpartiet",15,0
"2015","ko","kommune","Ullensaker","Akershus","SP","Senterpartiet",2,0
"2015","ko","kommune","Ullensaker","Akershus","KRF","Kristelig Folkeparti",1,0
"2015","ko","kommune","Ullensaker","Akershus","MDG","Miljøpartiet De Grønne",1,1
"2015","ko","kommune","Ullensaker","Akershus","V","Venstre",2,1
"2015","ko","kommune","Ullensaker","Akershus","H","Høyre",8,0
"2015","ko","kommune","Ullensaker","Akershus","FRP","Fremskrittspartiet",14,-3
"2015","ko","kommune","Ullensaker","Akershus","AU","Alternativ Ullensakerliste",1,1
"2015","ko","kommune","Ullensaker","Akershus","BLANKE","Blanke",0,0
"2015","ko","kommune","Ullensaker","Akershus","SV_R","Sosialistisk Venstreparti og Rødt",1,1
"2015","ko","kommune","Ullensaker","Akershus","Andre","Andre",2,2
"2015","ko","kommune","Ullensaker","Akershus","Andre2","Andre2",0,-1
"2015","ko","kommune","Nes","Akershus","A","Arbeiderpartiet",15,2
"2015","ko","kommune","Nes","Akershus","SV","Sosialistisk Venstreparti",1,0
"2015","ko","kommune","Nes","Akershus","SP","Senterpartiet",4,0
"2015","ko","kommune","Nes","Akershus","KRF","Kristelig Folkeparti",1,0
"2015","ko","kommune","Nes","Akershus","MDG","Miljøpartiet De Grønne",1,1
"2015","ko","kommune","Nes","Akershus","V","Venstre",2,0
"2015","ko","kommune","Nes","Akershus","H","Høyre",5,-2
"2015","ko","kommune","Nes","Akershus","FRP","Fremskrittspartiet",6,-1
"2015","ko","kommune","Nes","Akershus","BLANKE","Blanke",0,0
"2015","ko","kommune","Nes","Akershus","Andre","Andre",0,0
"2015","ko","kommune","Nes","Akershus","Andre2","Andre2",0,0
"2015","ko","kommune","Eidsvoll","Akershus","A","Arbeiderpartiet",11,-2
"2015","ko","kommune","Eidsvoll","Akershus","SV","Sosialistisk Venstreparti",2,0
"2015","ko","kommune","Eidsvoll","Akershus","SP","Senterpartiet",5,2
"2015","ko","kommune","Eidsvoll","Akershus","KRF","Kristelig Folkeparti",1,0
"2015","ko","kommune","Eidsvoll","Akershus","MDG","Miljøpartiet De Grønne",1,1
"2015","ko","kommune","Eidsvoll","Akershus","V","Venstre",1,0
"2015","ko","kommune","Eidsvoll","Akershus","H","Høyre",8,-1
"2015","ko","kommune","Eidsvoll","Akershus","FRP","Fremskrittspartiet",5,0
"2015","ko","kommune","Eidsvoll","Akershus","PP","Pensjonistpartiet",1,1
"2015","ko","kommune","Eidsvoll","Akershus","BLANKE","Blanke",0,0
"2015","ko","kommune","Eidsvoll","Akershus","Andre","Andre",1,1
"2015","ko","kommune","Eidsvoll","Akershus","Andre2","Andre2",0,-1
"2015","ko","kommune","Nannestad","Akershus","A","Arbeiderpartiet",9,-2
"2015","ko","kommune","Nannestad","Akershus","SV","Sosialistisk Venstreparti",1,0
"2015","ko","kommune","Nannestad","Akershus","SP","Senterpartiet",2,0
"2015","ko","kommune","Nannestad","Akershus","KRF","Kristelig Folkeparti",1,0
"2015","ko","kommune","Nannestad","Akershus","MDG","Miljøpartiet De Grønne",1,1
"2015","ko","kommune","Nannestad","Akershus","V","Venstre",3,0
"2015","ko","kommune","Nannestad","Akershus","H","Høyre",6,-1
"2015","ko","kommune","Nannestad","Akershus","FRP","Fremskrittspartiet",5,-1
"2015","ko","kommune","Nannestad","Akershus","BLANKE","Blanke",0,0
"2015","ko","kommune","Nannestad","Akershus","NANB","Nannestad bygdeliste",3,3
"2015","ko","kommune","Nannestad","Akershus","Andre","Andre",3,3
"2015","ko","kommune","Nannestad","Akershus","Andre2","Andre2",0,0
"2015","ko","kommune","Hurdal","Akershus","A","Arbeiderpartiet",4,0
"2015","ko","kommune","Hurdal","Akershus","SV","Sosialistisk Venstreparti",0,0
"2015","ko","kommune","Hurdal","Akershus","SP","Senterpartiet",2,1
"2015","ko","kommune","Hurdal","Akershus","KRF","Kristelig Folkeparti",1,0
"2015","ko","kommune","Hurdal","Akershus","MDG","Miljøpartiet De Grønne",1,1
"2015","ko","kommune","Hurdal","Akershus","V","Venstre",5,-1
"2015","ko","kommune","Hurdal","Akershus","H","Høyre",1,-1
"2015","ko","kommune","Hurdal","Akershus","FRP","Fremskrittspartiet",1,-2
"2015","ko","kommune","Hurdal","Akershus","BLANKE","Blanke",0,0
"2015","ko","kommune","Hurdal","Akershus","GIH","Glad i Hurdal",2,2
"2015","ko","kommune","Hurdal","Akershus","Andre","Andre",2,2
"2015","ko","kommune","Hurdal","Akershus","Andre2","Andre2",0,0
"2015","ko","kommune","Oslo","Oslo","A","Arbeiderpartiet",20,0
"2015","ko","kommune","Oslo","Oslo","SV","Sosialistisk Venstreparti",3,-1
"2015","ko","kommune","Oslo","Oslo","RØDT","Rødt",3,1
"2015","ko","kommune","Oslo","Oslo","SP","Senterpartiet",0,0
"2015","ko","kommune","Oslo","Oslo","KRF","Kristelig Folkeparti",1,0
"2015","ko","kommune","Oslo","Oslo","MDG","Miljøpartiet De Grønne",5,4
"2015","ko","kommune","Oslo","Oslo","V","Venstre",4,-1
"2015","ko","kommune","Oslo","Oslo","H","Høyre",19,-3
"2015","ko","kommune","Oslo","Oslo","FRP","Fremskrittspartiet",4,0
"2015","ko","kommune","Oslo","Oslo","DEMN","Demokratene i Norge",0,0
"2015","ko","kommune","Oslo","Oslo","KYST","Kystpartiet",0,0
"2015","ko","kommune","Oslo","Oslo","NKP","Norges Kommunistiske Parti",0,0
"2015","ko","kommune","Oslo","Oslo","PIR","Piratpartiet",0,0
"2015","ko","kommune","Oslo","Oslo","PP","Pensjonistpartiet",0,0
"2015","ko","kommune","Oslo","Oslo","BLANKE","Blanke",0,0
"2015","ko","kommune","Oslo","Oslo","FI","Feministisk Initiativ",0,0
"2015","ko","kommune","Oslo","Oslo","KRISTNE","Partiet De Kristne",0,0
"2015","ko","kommune","Oslo","Oslo","LIBO","Liberalistene Oslo",0,0
"2015","ko","kommune","Oslo","Oslo","Andre","Andre",0,0
"2015","ko","kommune","Oslo","Oslo","Andre2","Andre2",0,0
"2015","ko","kommune","Kongsvinger","Hedmark","A","Arbeiderpartiet",16,5
"2015","ko","kommune","Kongsvinger","Hedmark","SV","Sosialistisk Venstreparti",1,0
"2015","ko","kommune","Kongsvinger","Hedmark","SP","Senterpartiet",2,0
"2015","ko","kommune","Kongsvinger","Hedmark","KRF","Kristelig Folkeparti",1,0
"2015","ko","kommune","Kongsvinger","Hedmark","MDG","Miljøpartiet De Grønne",1,1
"2015","ko","kommune","Kongsvinger","Hedmark","V","Venstre",1,-1
"2015","ko","kommune","Kongsvinger","Hedmark","H","Høyre",6,0
"2015","ko","kommune","Kongsvinger","Hedmark","FRP","Fremskrittspartiet",3,-2
"2015","ko","kommune","Kongsvinger","Hedmark","PP","Pensjonistpartiet",2,-3
"2015","ko","kommune","Kongsvinger","Hedmark","BLANKE","Blanke",0,0
"2015","ko","kommune","Kongsvinger","Hedmark","Andre","Andre",2,-3
"2015","ko","kommune","Kongsvinger","Hedmark","Andre2","Andre2",0,0
"2015","ko","kommune","Hamar","Hedmark","A","Arbeiderpartiet",14,-1
"2015","ko","kommune","Hamar","Hedmark","SV","Sosialistisk Venstreparti",1,0
"2015","ko","kommune","Hamar","Hedmark","RØDT","Rødt",0,0
"2015","ko","kommune","Hamar","Hedmark","SP","Senterpartiet",1,0
"2015","ko","kommune","Hamar","Hedmark","KRF","Kristelig Folkeparti",1,-1
"2015","ko","kommune","Hamar","Hedmark","MDG","Miljøpartiet De Grønne",2,2
"2015","ko","kommune","Hamar","Hedmark","V","Venstre",2,0
"2015","ko","kommune","Hamar","Hedmark","H","Høyre",5,-2
"2015","ko","kommune","Hamar","Hedmark","FRP","Fremskrittspartiet",1,-1
"2015","ko","kommune","Hamar","Hedmark","PP","Pensjonistpartiet",1,-1
"2015","ko","kommune","Hamar","Hedmark","BBL","By- og bygdelista",11,4
"2015","ko","kommune","Hamar","Hedmark","BLANKE","Blanke",0,0
"2015","ko","kommune","Hamar","Hedmark","Andre","Andre",12,3
"2015","ko","kommune","Hamar","Hedmark","Andre2","Andre2",0,0
"2015","ko","kommune","Ringsaker","Hedmark","A","Arbeiderpartiet",21,0
"2015","ko","kommune","Ringsaker","Hedmark","SV","Sosialistisk Venstreparti",1,0
"2015","ko","kommune","Ringsaker","Hedmark","SP","Senterpartiet",5,2
"2015","ko","kommune","Ringsaker","Hedmark","KRF","Kristelig Folkeparti",1,0
"2015","ko","kommune","Ringsaker","Hedmark","MDG","Miljøpartiet De Grønne",1,1
"2015","ko","kommune","Ringsaker","Hedmark","V","Venstre",1,-1
"2015","ko","kommune","Ringsaker","Hedmark","H","Høyre",4,-2
"2015","ko","kommune","Ringsaker","Hedmark","FRP","Fremskrittspartiet",2,0
"2015","ko","kommune","Ringsaker","Hedmark","PP","Pensjonistpartiet",2,1
"2015","ko","kommune","Ringsaker","Hedmark","BLANKE","Blanke",0,0
"2015","ko","kommune","Ringsaker","Hedmark","RSL","Ringsaklista",3,-1
"2015","ko","kommune","Ringsaker","Hedmark","Andre","Andre",5,0
"2015","ko","kommune","Ringsaker","Hedmark","Andre2","Andre2",0,0
"2015","ko","kommune","Løten","Hedmark","A","Arbeiderpartiet",11,-2
"2015","ko","kommune","Løten","Hedmark","SV","Sosialistisk Venstreparti",1,0
"2015","ko","kommune","Løten","Hedmark","SP","Senterpartiet",8,4
"2015","ko","kommune","Løten","Hedmark","MDG","Miljøpartiet De Grønne",1,1
"2015","ko","kommune","Løten","Hedmark","V","Venstre",1,0
"2015","ko","kommune","Løten","Hedmark","H","Høyre",2,-1
"2015","ko","kommune","Løten","Hedmark","FRP","Fremskrittspartiet",1,-1
"2015","ko","kommune","Løten","Hedmark","BLANKE","Blanke",0,0
"2015","ko","kommune","Løten","Hedmark","Andre","Andre",0,0
"2015","ko","kommune","Løten","Hedmark","Andre2","Andre2",0,-1
"2015","ko","kommune","Stange","Hedmark","A","Arbeiderpartiet",16,-2
"2015","ko","kommune","Stange","Hedmark","SV","Sosialistisk Venstreparti",1,0
"2015","ko","kommune","Stange","Hedmark","SP","Senterpartiet",5,2
"2015","ko","kommune","Stange","Hedmark","KRF","Kristelig Folkeparti",2,0
"2015","ko","kommune","Stange","Hedmark","MDG","Miljøpartiet De Grønne",2,2
"2015","ko","kommune","Stange","Hedmark","V","Venstre",1,-1
"2015","ko","kommune","Stange","Hedmark","H","Høyre",3,-1
"2015","ko","kommune","Stange","Hedmark","FRP","Fremskrittspartiet",2,-1
"2015","ko","kommune","Stange","Hedmark","PP","Pensjonistpartiet",1,0
"2015","ko","kommune","Stange","Hedmark","BLANKE","Blanke",0,0
"2015","ko","kommune","Stange","Hedmark","BLSTA","Bygdelista i Stange",2,1
"2015","ko","kommune","Stange","Hedmark","Andre","Andre",3,1
"2015","ko","kommune","Stange","Hedmark","Andre2","Andre2",0,0
"2015","ko","kommune","Nord-Odal","Hedmark","A","Arbeiderpartiet",15,1
"2015","ko","kommune","Nord-Odal","Hedmark","SV","Sosialistisk Venstreparti",2,1
"2015","ko","kommune","Nord-Odal","Hedmark","SP","Senterpartiet",4,2
"2015","ko","kommune","Nord-Odal","Hedmark","V","Venstre",0,-1
"2015","ko","kommune","Nord-Odal","Hedmark","H","Høyre",4,1
"2015","ko","kommune","Nord-Odal","Hedmark","BLANKE","Blanke",0,0
"2015","ko","kommune","Nord-Odal","Hedmark","Andre","Andre",0,0
"2015","ko","kommune","Nord-Odal","Hedmark","Andre2","Andre2",0,-4
"2015","ko","kommune","Sør-Odal","Hedmark","A","Arbeiderpartiet",11,1
"2015","ko","kommune","Sør-Odal","Hedmark","SV","Sosialistisk Venstreparti",1,-1
"2015","ko","kommune","Sør-Odal","Hedmark","SP","Senterpartiet",2,-2
"2015","ko","kommune","Sør-Odal","Hedmark","MDG","Miljøpartiet De Grønne",1,1
"2015","ko","kommune","Sør-Odal","Hedmark","V","Venstre",0,0
"2015","ko","kommune","Sør-Odal","Hedmark","H","Høyre",6,-1
"2015","ko","kommune","Sør-Odal","Hedmark","PP","Pensjonistpartiet",1,-1
"2015","ko","kommune","Sør-Odal","Hedmark","BLANKE","Blanke",0,0
"2015","ko","kommune","Sør-Odal","Hedmark","SOBY","Sør-Odal Bygdeliste",5,5
"2015","ko","kommune","Sør-Odal","Hedmark","Andre","Andre",6,4
"2015","ko","kommune","Sør-Odal","Hedmark","Andre2","Andre2",0,-2
"2015","ko","kommune","Eidskog","Hedmark","A","Arbeiderpartiet",12,2
"2015","ko","kommune","Eidskog","Hedmark","SV","Sosialistisk Venstreparti",0,-1
"2015","ko","kommune","Eidskog","Hedmark","SP","Senterpartiet",7,-2
"2015","ko","kommune","Eidskog","Hedmark","V","Venstre",1,0
"2015","ko","kommune","Eidskog","Hedmark","H","Høyre",3,-2
"2015","ko","kommune","Eidskog","Hedmark","FRP","Fremskrittspartiet",2,-1
"2015","ko","kommune","Eidskog","Hedmark","BLANKE","Blanke",0,0
"2015","ko","kommune","Eidskog","Hedmark","Andre","Andre",0,0
"2015","ko","kommune","Eidskog","Hedmark","Andre2","Andre2",0,0
"2015","ko","kommune","Grue","Hedmark","A","Arbeiderpartiet",8,-1
"2015","ko","kommune","Grue","Hedmark","SP","Senterpartiet",3,0
"2015","ko","kommune","Grue","Hedmark","BLANKE","Blanke",0,0
"2015","ko","kommune","Grue","Hedmark","GRUEFL","Fellesliste mellom H KRF og V",8,1
"2015","ko","kommune","Grue","Hedmark","Andre","Andre",8,1
"2015","ko","kommune","Grue","Hedmark","Andre2","Andre2",0,0
"2015","ko","kommune","Åsnes","Hedmark","A","Arbeiderpartiet",9,0
"2015","ko","kommune","Åsnes","Hedmark","SV","Sosialistisk Venstreparti",1,1
"2015","ko","kommune","Åsnes","Hedmark","SP","Senterpartiet",4,1
"2015","ko","kommune","Åsnes","Hedmark","V","Venstre",3,0
"2015","ko","kommune","Åsnes","Hedmark","H","Høyre",2,-1
"2015","ko","kommune","Åsnes","Hedmark","FRP","Fremskrittspartiet",2,-1
"2015","ko","kommune","Åsnes","Hedmark","PP","Pensjonistpartiet",1,0
"2015","ko","kommune","Åsnes","Hedmark","BLANKE","Blanke",0,0
"2015","ko","kommune","Åsnes","Hedmark","RADS","Radikale Sosialister",1,0
"2015","ko","kommune","Åsnes","Hedmark","Andre","Andre",2,0
"2015","ko","kommune","Åsnes","Hedmark","Andre2","Andre2",0,0
"2015","ko","kommune","Våler","Hedmark","A","Arbeiderpartiet",6,-4
"2015","ko","kommune","Våler","Hedmark","SV","Sosialistisk Venstreparti",1,0
"2015","ko","kommune","Våler","Hedmark","SP","Senterpartiet",2,0
"2015","ko","kommune","Våler","Hedmark","V","Venstre",4,2
"2015","ko","kommune","Våler","Hedmark","H","Høyre",3,1
"2015","ko","kommune","Våler","Hedmark","PP","Pensjonistpartiet",1,0
"2015","ko","kommune","Våler","Hedmark","BLANKE","Blanke",0,0
"2015","ko","kommune","Våler","Hedmark","BVF","Bygdelista Vålers framtid",2,2
"2015","ko","kommune","Våler","Hedmark","Andre","Andre",3,2
"2015","ko","kommune","Våler","Hedmark","Andre2","Andre2",0,-1
"2015","ko","kommune","Elverum","Hedmark","A","Arbeiderpartiet",14,0
"2015","ko","kommune","Elverum","Hedmark","SV","Sosialistisk Venstreparti",2,1
"2015","ko","kommune","Elverum","Hedmark","SP","Senterpartiet",4,2
"2015","ko","kommune","Elverum","Hedmark","MDG","Miljøpartiet De Grønne",1,1
"2015","ko","kommune","Elverum","Hedmark","V","Venstre",1,0
"2015","ko","kommune","Elverum","Hedmark","H","Høyre",10,-3
"2015","ko","kommune","Elverum","Hedmark","FRP","Fremskrittspartiet",2,-1
"2015","ko","kommune","Elverum","Hedmark","BLANKE","Blanke",0,0
"2015","ko","kommune","Elverum","Hedmark","TE","Team Elverum - Politikk for by og bygd",1,0
"2015","ko","kommune","Elverum","Hedmark","Andre","Andre",1,0
"2015","ko","kommune","Elverum","Hedmark","Andre2","Andre2",0,0
"2015","ko","kommune","Trysil","Hedmark","A","Arbeiderpartiet",11,2
"2015","ko","kommune","Trysil","Hedmark","SV","Sosialistisk Venstreparti",1,-1
"2015","ko","kommune","Trysil","Hedmark","SP","Senterpartiet",6,2
"2015","ko","kommune","Trysil","Hedmark","KRF","Kristelig Folkeparti",0,-1
"2015","ko","kommune","Trysil","Hedmark","MDG","Miljøpartiet De Grønne",0,0
"2015","ko","kommune","Trysil","Hedmark","V","Venstre",0,-1
"2015","ko","kommune","Trysil","Hedmark","H","Høyre",6,0
"2015","ko","kommune","Trysil","Hedmark","FRP","Fremskrittspartiet",1,-1
"2015","ko","kommune","Trysil","Hedmark","BLANKE","Blanke",0,0
"2015","ko","kommune","Trysil","Hedmark","Andre","Andre",0,0
"2015","ko","kommune","Trysil","Hedmark","Andre2","Andre2",0,0
"2015","ko","kommune","Åmot","Hedmark","A","Arbeiderpartiet",5,-2
"2015","ko","kommune","Åmot","Hedmark","SV","Sosialistisk Venstreparti",2,1
"2015","ko","kommune","Åmot","Hedmark","SP","Senterpartiet",9,1
"2015","ko","kommune","Åmot","Hedmark","MDG","Miljøpartiet De Grønne",0,0
"2015","ko","kommune","Åmot","Hedmark","V","Venstre",0,-1
"2015","ko","kommune","Åmot","Hedmark","H","Høyre",2,-1
"2015","ko","kommune","Åmot","Hedmark","FRP","Fremskrittspartiet",1,-1
"2015","ko","kommune","Åmot","Hedmark","BLANKE","Blanke",0,0
"2015","ko","kommune","Åmot","Hedmark","Andre","Andre",0,0
"2015","ko","kommune","Åmot","Hedmark","Andre2","Andre2",0,-1
"2015","ko","kommune","Stor-Elvdal","Hedmark","A","Arbeiderpartiet",9,0
"2015","ko","kommune","Stor-Elvdal","Hedmark","SV","Sosialistisk Venstreparti",1,0
"2015","ko","kommune","Stor-Elvdal","Hedmark","V","Venstre",3,2
"2015","ko","kommune","Stor-Elvdal","Hedmark","BHSF","Bygdelista, Høyre, Senterpartiet, Fremskrittspartiet",4,4
"2015","ko","kommune","Stor-Elvdal","Hedmark","BLANKE","Blanke",0,0
"2015","ko","kommune","Stor-Elvdal","Hedmark","Andre","Andre",4,4
"2015","ko","kommune","Stor-Elvdal","Hedmark","Andre2","Andre2",0,-10
"2015","ko","kommune","Rendalen","Hedmark","A","Arbeiderpartiet",8,0
"2015","ko","kommune","Rendalen","Hedmark","SV","Sosialistisk Venstreparti",1,-1
"2015","ko","kommune","Rendalen","Hedmark","SP","Senterpartiet",7,1
"2015","ko","kommune","Rendalen","Hedmark","H","Høyre",1,0
"2015","ko","kommune","Rendalen","Hedmark","BLANKE","Blanke",0,0
"2015","ko","kommune","Rendalen","Hedmark","Andre","Andre",0,0
"2015","ko","kommune","Rendalen","Hedmark","Andre2","Andre2",0,0
"2015","ko","kommune","Engerdal","Hedmark","A","Arbeiderpartiet",6,-1
"2015","ko","kommune","Engerdal","Hedmark","H","Høyre",1,-1
"2015","ko","kommune","Engerdal","Hedmark","BLANKE","Blanke",0,0
"2015","ko","kommune","Engerdal","Hedmark","SP_V","Samlingslista - SP og V",8,2
"2015","ko","kommune","Engerdal","Hedmark","Andre","Andre",8,2
"2015","ko","kommune","Engerdal","Hedmark","Andre2","Andre2",0,0
"2015","ko","kommune","Tolga","Hedmark","A","Arbeiderpartiet",3,0
"2015","ko","kommune","Tolga","Hedmark","SV","Sosialistisk Venstreparti",4,0
"2015","ko","kommune","Tolga","Hedmark","SP","Senterpartiet",7,1
"2015","ko","kommune","Tolga","Hedmark","V","Venstre",1,-1
"2015","ko","kommune","Tolga","Hedmark","BLANKE","Blanke",0,0
"2015","ko","kommune","Tolga","Hedmark","Andre","Andre",0,0
"2015","ko","kommune","Tolga","Hedmark","Andre2","Andre2",0,0
"2015","ko","kommune","Tynset","Hedmark","A","Arbeiderpartiet",6,0
"2015","ko","kommune","Tynset","Hedmark","SV","Sosialistisk Venstreparti",2,-6
"2015","ko","kommune","Tynset","Hedmark","SP","Senterpartiet",12,6
"2015","ko","kommune","Tynset","Hedmark","KRF","Kristelig Folkeparti",1,0
"2015","ko","kommune","Tynset","Hedmark","MDG","Miljøpartiet De Grønne",1,1
"2015","ko","kommune","Tynset","Hedmark","V","Venstre",1,0
"2015","ko","kommune","Tynset","Hedmark","H","Høyre",2,-1
"2015","ko","kommune","Tynset","Hedmark","FRP","Fremskrittspartiet",0,-1
"2015","ko","kommune","Tynset","Hedmark","PP","Pensjonistpartiet",2,2
"2015","ko","kommune","Tynset","Hedmark","BLANKE","Blanke",0,0
"2015","ko","kommune","Tynset","Hedmark","Andre","Andre",2,2
"2015","ko","kommune","Tynset","Hedmark","Andre2","Andre2",0,-1
"2015","ko","kommune","Alvdal","Hedmark","A","Arbeiderpartiet",7,1
"2015","ko","kommune","Alvdal","Hedmark","SP","Senterpartiet",6,0
"2015","ko","kommune","Alvdal","Hedmark","KRF","Kristelig Folkeparti",1,0
"2015","ko","kommune","Alvdal","Hedmark","V","Venstre",1,-2
"2015","ko","kommune","Alvdal","Hedmark","H","Høyre",2,2
"2015","ko","kommune","Alvdal","Hedmark","BLANKE","Blanke",0,0
"2015","ko","kommune","Alvdal","Hedmark","Andre","Andre",0,0
"2015","ko","kommune","Alvdal","Hedmark","Andre2","Andre2",0,-1
"2015","ko","kommune","Folldal","Hedmark","A","Arbeiderpartiet",5,-3
"2015","ko","kommune","Folldal","Hedmark","SV","Sosialistisk Venstreparti",0,-2
"2015","ko","kommune","Folldal","Hedmark","RØDT","Rødt",1,1
"2015","ko","kommune","Folldal","Hedmark","SP","Senterpartiet",7,0
"2015","ko","kommune","Folldal","Hedmark","BLANKE","Blanke",0,0
"2015","ko","kommune","Folldal","Hedmark","SL","Samlingslista",4,4
"2015","ko","kommune","Folldal","Hedmark","Andre","Andre",4,4
"2015","ko","kommune","Folldal","Hedmark","Andre2","Andre2",0,0
"2015","ko","kommune","Os","Hedmark","A","Arbeiderpartiet",5,-1
"2015","ko","kommune","Os","Hedmark","SV","Sosialistisk Venstreparti",2,0
"2015","ko","kommune","Os","Hedmark","SP","Senterpartiet",9,-4
"2015","ko","kommune","Os","Hedmark","KRF","Kristelig Folkeparti",1,1
"2015","ko","kommune","Os","Hedmark","BLANKE","Blanke",0,0
"2015","ko","kommune","Os","Hedmark","Andre","Andre",0,0
"2015","ko","kommune","Os","Hedmark","Andre2","Andre2",0,0
"2015","ko","kommune","Lillehammer","Oppland","A","Arbeiderpartiet",22,3
"2015","ko","kommune","Lillehammer","Oppland","SV","Sosialistisk Venstreparti",2,0
"2015","ko","kommune","Lillehammer","Oppland","RØDT","Rødt",1,-1
"2015","ko","kommune","Lillehammer","Oppland","SP","Senterpartiet",4,2
"2015","ko","kommune","Lillehammer","Oppland","KRF","Kristelig Folkeparti",2,0
"2015","ko","kommune","Lillehammer","Oppland","MDG","Miljøpartiet De Grønne",3,2
"2015","ko","kommune","Lillehammer","Oppland","V","Venstre",4,-1
"2015","ko","kommune","Lillehammer","Oppland","H","Høyre",7,-4
"2015","ko","kommune","Lillehammer","Oppland","FRP","Fremskrittspartiet",2,-1
"2015","ko","kommune","Lillehammer","Oppland","PP","Pensjonistpartiet",0,0
"2015","ko","kommune","Lillehammer","Oppland","BLANKE","Blanke",0,0
"2015","ko","kommune","Lillehammer","Oppland","Andre","Andre",0,0
"2015","ko","kommune","Lillehammer","Oppland","Andre2","Andre2",0,0
"2015","ko","kommune","Gjøvik","Oppland","A","Arbeiderpartiet",19,-1
"2015","ko","kommune","Gjøvik","Oppland","SV","Sosialistisk Venstreparti",1,0
"2015","ko","kommune","Gjøvik","Oppland","RØDT","Rødt",2,1
"2015","ko","kommune","Gjøvik","Oppland","SP","Senterpartiet",5,2
"2015","ko","kommune","Gjøvik","Oppland","KRF","Kristelig Folkeparti",2,0
"2015","ko","kommune","Gjøvik","Oppland","MDG","Miljøpartiet De Grønne",1,1
"2015","ko","kommune","Gjøvik","Oppland","V","Venstre",2,-1
"2015","ko","kommune","Gjøvik","Oppland","H","Høyre",9,-2
"2015","ko","kommune","Gjøvik","Oppland","FRP","Fremskrittspartiet",2,0
"2015","ko","kommune","Gjøvik","Oppland","PP","Pensjonistpartiet",2,0
"2015","ko","kommune","Gjøvik","Oppland","BLANKE","Blanke",0,0
"2015","ko","kommune","Gjøvik","Oppland","Andre","Andre",2,0
"2015","ko","kommune","Gjøvik","Oppland","Andre2","Andre2",0,0
"2015","ko","kommune","Dovre","Oppland","A","Arbeiderpartiet",4,-2
"2015","ko","kommune","Dovre","Oppland","SP","Senterpartiet",10,2
"2015","ko","kommune","Dovre","Oppland","H","Høyre",1,-1
"2015","ko","kommune","Dovre","Oppland","BLANKE","Blanke",0,0
"2015","ko","kommune","Dovre","Oppland","DOV","Dovrelista",2,2
"2015","ko","kommune","Dovre","Oppland","Andre","Andre",2,2
"2015","ko","kommune","Dovre","Oppland","Andre2","Andre2",0,-1
"2015","ko","kommune","Lesja","Oppland","A","Arbeiderpartiet",7,-2
"2015","ko","kommune","Lesja","Oppland","SP","Senterpartiet",7,-1
"2015","ko","kommune","Lesja","Oppland","V","Venstre",0,-1
"2015","ko","kommune","Lesja","Oppland","H","Høyre",3,0
"2015","ko","kommune","Lesja","Oppland","BLANKE","Blanke",0,0
"2015","ko","kommune","Lesja","Oppland","Andre","Andre",0,0
"2015","ko","kommune","Lesja","Oppland","Andre2","Andre2",0,0
"2015","ko","kommune","Skjåk","Oppland","A","Arbeiderpartiet",9,1
"2015","ko","kommune","Skjåk","Oppland","SP","Senterpartiet",12,2
"2015","ko","kommune","Skjåk","Oppland","BLANKE","Blanke",0,0
"2015","ko","kommune","Skjåk","Oppland","Andre","Andre",0,0
"2015","ko","kommune","Skjåk","Oppland","Andre2","Andre2",0,-3
"2015","ko","kommune","Lom","Oppland","A","Arbeiderpartiet",4,-1
"2015","ko","kommune","Lom","Oppland","SP","Senterpartiet",8,2
"2015","ko","kommune","Lom","Oppland","BLANKE","Blanke",0,0
"2015","ko","kommune","Lom","Oppland","BLLOM","Bygdalista",3,0
"2015","ko","kommune","Lom","Oppland","LOMSL","Lomslista",2,-1
"2015","ko","kommune","Lom","Oppland","Andre","Andre",5,-1
"2015","ko","kommune","Lom","Oppland","Andre2","Andre2",0,0
"2015","ko","kommune","Vågå","Oppland","A","Arbeiderpartiet",7,-6
"2015","ko","kommune","Vågå","Oppland","SV","Sosialistisk Venstreparti",1,0
"2015","ko","kommune","Vågå","Oppland","SP","Senterpartiet",6,3
"2015","ko","kommune","Vågå","Oppland","BLANKE","Blanke",0,0
"2015","ko","kommune","Vågå","Oppland","BLTS","Bygdalista i Vågå",3,-1
"2015","ko","kommune","Vågå","Oppland","Andre","Andre",3,-1
"2015","ko","kommune","Vågå","Oppland","Andre2","Andre2",0,0
"2015","ko","kommune","Nord-Fron","Oppland","A","Arbeiderpartiet",13,3
"2015","ko","kommune","Nord-Fron","Oppland","SV","Sosialistisk Venstreparti",0,0
"2015","ko","kommune","Nord-Fron","Oppland","SP","Senterpartiet",9,2
"2015","ko","kommune","Nord-Fron","Oppland","KRF","Kristelig Folkeparti",0,-1
"2015","ko","kommune","Nord-Fron","Oppland","V","Venstre",0,-3
"2015","ko","kommune","Nord-Fron","Oppland","H","Høyre",2,-1
"2015","ko","kommune","Nord-Fron","Oppland","FRP","Fremskrittspartiet",1,0
"2015","ko","kommune","Nord-Fron","Oppland","BLANKE","Blanke",0,0
"2015","ko","kommune","Nord-Fron","Oppland","Andre","Andre",0,0
"2015","ko","kommune","Nord-Fron","Oppland","Andre2","Andre2",0,0
"2015","ko","kommune","Sel","Oppland","A","Arbeiderpartiet",15,0
"2015","ko","kommune","Sel","Oppland","SV","Sosialistisk Venstreparti",1,0
"2015","ko","kommune","Sel","Oppland","SP","Senterpartiet",5,2
"2015","ko","kommune","Sel","Oppland","MDG","Miljøpartiet De Grønne",1,1
"2015","ko","kommune","Sel","Oppland","H","Høyre",3,-2
"2015","ko","kommune","Sel","Oppland","BLANKE","Blanke",0,0
"2015","ko","kommune","Sel","Oppland","Andre","Andre",0,0
"2015","ko","kommune","Sel","Oppland","Andre2","Andre2",0,-1
"2015","ko","kommune","Sør-Fron","Oppland","A","Arbeiderpartiet",9,0
"2015","ko","kommune","Sør-Fron","Oppland","SP","Senterpartiet",8,3
"2015","ko","kommune","Sør-Fron","Oppland","H","Høyre",0,-1
"2015","ko","kommune","Sør-Fron","Oppland","BLANKE","Blanke",0,0
"2015","ko","kommune","Sør-Fron","Oppland","SFBY","Sør-Fron Bygdaliste",2,-2
"2015","ko","kommune","Sør-Fron","Oppland","Andre","Andre",2,-2
"2015","ko","kommune","Sør-Fron","Oppland","Andre2","Andre2",0,0
"2015","ko","kommune","Ringebu","Oppland","A","Arbeiderpartiet",11,6
"2015","ko","kommune","Ringebu","Oppland","SP","Senterpartiet",6,1
"2015","ko","kommune","Ringebu","Oppland","V","Venstre",2,-1
"2015","ko","kommune","Ringebu","Oppland","H","Høyre",1,0
"2015","ko","kommune","Ringebu","Oppland","FRP","Fremskrittspartiet",0,-1
"2015","ko","kommune","Ringebu","Oppland","BLANKE","Blanke",0,0
"2015","ko","kommune","Ringebu","Oppland","TVLRING","Tverrpolitisk liste",1,-5
"2015","ko","kommune","Ringebu","Oppland","Andre","Andre",1,-5
"2015","ko","kommune","Ringebu","Oppland","Andre2","Andre2",0,0
"2015","ko","kommune","Øyer","Oppland","A","Arbeiderpartiet",11,3
"2015","ko","kommune","Øyer","Oppland","SV","Sosialistisk Venstreparti",1,0
"2015","ko","kommune","Øyer","Oppland","SP","Senterpartiet",8,3
"2015","ko","kommune","Øyer","Oppland","KRF","Kristelig Folkeparti",1,0
"2015","ko","kommune","Øyer","Oppland","V","Venstre",0,-1
"2015","ko","kommune","Øyer","Oppland","H","Høyre",4,-5
"2015","ko","kommune","Øyer","Oppland","BLANKE","Blanke",0,0
"2015","ko","kommune","Øyer","Oppland","Andre","Andre",0,0
"2015","ko","kommune","Øyer","Oppland","Andre2","Andre2",0,0
"2015","ko","kommune","Gausdal","Oppland","A","Arbeiderpartiet",10,1
"2015","ko","kommune","Gausdal","Oppland","SP","Senterpartiet",7,2
"2015","ko","kommune","Gausdal","Oppland","MDG","Miljøpartiet De Grønne",1,1
"2015","ko","kommune","Gausdal","Oppland","V","Venstre",1,-2
"2015","ko","kommune","Gausdal","Oppland","BLANKE","Blanke",0,0
"2015","ko","kommune","Gausdal","Oppland","BYG","Bygdalista i Gausdal",2,-2
"2015","ko","kommune","Gausdal","Oppland","FRP_H","Fellesliste FrP/ Høyre",2,0
"2015","ko","kommune","Gausdal","Oppland","Andre","Andre",4,-2
"2015","ko","kommune","Gausdal","Oppland","Andre2","Andre2",0,0
"2015","ko","kommune","Østre Toten","Oppland","A","Arbeiderpartiet",13,2
"2015","ko","kommune","Østre Toten","Oppland","SV","Sosialistisk Venstreparti",0,0
"2015","ko","kommune","Østre Toten","Oppland","RØDT","Rødt",0,0
"2015","ko","kommune","Østre Toten","Oppland","SP","Senterpartiet",5,-3
"2015","ko","kommune","Østre Toten","Oppland","KRF","Kristelig Folkeparti",1,0
"2015","ko","kommune","Østre Toten","Oppland","MDG","Miljøpartiet De Grønne",1,1
"2015","ko","kommune","Østre Toten","Oppland","V","Venstre",2,0
"2015","ko","kommune","Østre Toten","Oppland","H","Høyre",4,0
"2015","ko","kommune","Østre Toten","Oppland","FRP","Fremskrittspartiet",2,0
"2015","ko","kommune","Østre Toten","Oppland","PP","Pensjonistpartiet",1,0
"2015","ko","kommune","Østre Toten","Oppland","BLANKE","Blanke",0,0
"2015","ko","kommune","Østre Toten","Oppland","Andre","Andre",1,0
"2015","ko","kommune","Østre Toten","Oppland","Andre2","Andre2",0,0
"2015","ko","kommune","Vestre Toten","Oppland","A","Arbeiderpartiet",13,-2
"2015","ko","kommune","Vestre Toten","Oppland","SV","Sosialistisk Venstreparti",1,0
"2015","ko","kommune","Vestre Toten","Oppland","RØDT","Rødt",1,1
"2015","ko","kommune","Vestre Toten","Oppland","SP","Senterpartiet",4,0
"2015","ko","kommune","Vestre Toten","Oppland","KRF","Kristelig Folkeparti",1,0
"2015","ko","kommune","Vestre Toten","Oppland","MDG","Miljøpartiet De Grønne",1,1
"2015","ko","kommune","Vestre Toten","Oppland","V","Venstre",1,0
"2015","ko","kommune","Vestre Toten","Oppland","H","Høyre",6,0
"2015","ko","kommune","Vestre Toten","Oppland","FRP","Fremskrittspartiet",3,0
"2015","ko","kommune","Vestre Toten","Oppland","BLANKE","Blanke",0,0
"2015","ko","kommune","Vestre Toten","Oppland","Andre","Andre",0,0
"2015","ko","kommune","Vestre Toten","Oppland","Andre2","Andre2",0,0
"2015","ko","kommune","Jevnaker","Oppland","A","Arbeiderpartiet",8,-2
"2015","ko","kommune","Jevnaker","Oppland","SV","Sosialistisk Venstreparti",3,1
"2015","ko","kommune","Jevnaker","Oppland","SP","Senterpartiet",2,1
"2015","ko","kommune","Jevnaker","Oppland","MDG","Miljøpartiet De Grønne",1,1
"2015","ko","kommune","Jevnaker","Oppland","H","Høyre",3,-1
"2015","ko","kommune","Jevnaker","Oppland","FRP","Fremskrittspartiet",2,0
"2015","ko","kommune","Jevnaker","Oppland","BLANKE","Blanke",0,0
"2015","ko","kommune","Jevnaker","Oppland","Andre","Andre",0,0
"2015","ko","kommune","Jevnaker","Oppland","Andre2","Andre2",0,0
"2015","ko","kommune","Lunner","Oppland","A","Arbeiderpartiet",10,0
"2015","ko","kommune","Lunner","Oppland","SV","Sosialistisk Venstreparti",1,0
"2015","ko","kommune","Lunner","Oppland","RØDT","Rødt",1,1
"2015","ko","kommune","Lunner","Oppland","SP","Senterpartiet",3,1
"2015","ko","kommune","Lunner","Oppland","KRF","Kristelig Folkeparti",1,1
"2015","ko","kommune","Lunner","Oppland","MDG","Miljøpartiet De Grønne",1,1
"2015","ko","kommune","Lunner","Oppland","V","Venstre",1,0
"2015","ko","kommune","Lunner","Oppland","H","Høyre",5,-4
"2015","ko","kommune","Lunner","Oppland","FRP","Fremskrittspartiet",2,0
"2015","ko","kommune","Lunner","Oppland","BLANKE","Blanke",0,0
"2015","ko","kommune","Lunner","Oppland","Andre","Andre",0,0
"2015","ko","kommune","Lunner","Oppland","Andre2","Andre2",0,0
"2015","ko","kommune","Gran","Oppland","A","Arbeiderpartiet",9,-1
"2015","ko","kommune","Gran","Oppland","SV","Sosialistisk Venstreparti",0,-1
"2015","ko","kommune","Gran","Oppland","RØDT","Rødt",0,0
"2015","ko","kommune","Gran","Oppland","SP","Senterpartiet",3,0
"2015","ko","kommune","Gran","Oppland","MDG","Miljøpartiet De Grønne",1,1
"2015","ko","kommune","Gran","Oppland","V","Venstre",0,-1
"2015","ko","kommune","Gran","Oppland","H","Høyre",3,-2
"2015","ko","kommune","Gran","Oppland","FRP","Fremskrittspartiet",2,0
"2015","ko","kommune","Gran","Oppland","BLANKE","Blanke",0,0
"2015","ko","kommune","Gran","Oppland","GBL","Gran bygdeliste",9,4
"2015","ko","kommune","Gran","Oppland","Andre","Andre",9,4
"2015","ko","kommune","Gran","Oppland","Andre2","Andre2",0,0
"2015","ko","kommune","Søndre Land","Oppland","A","Arbeiderpartiet",10,-2
"2015","ko","kommune","Søndre Land","Oppland","SV","Sosialistisk Venstreparti",1,-1
"2015","ko","kommune","Søndre Land","Oppland","SP","Senterpartiet",3,3
"2015","ko","kommune","Søndre Land","Oppland","KRF","Kristelig Folkeparti",0,0
"2015","ko","kommune","Søndre Land","Oppland","MDG","Miljøpartiet De Grønne",1,1
"2015","ko","kommune","Søndre Land","Oppland","V","Venstre",2,2
"2015","ko","kommune","Søndre Land","Oppland","H","Høyre",3,0
"2015","ko","kommune","Søndre Land","Oppland","FRP","Fremskrittspartiet",1,0
"2015","ko","kommune","Søndre Land","Oppland","BLANKE","Blanke",0,0
"2015","ko","kommune","Søndre Land","Oppland","SLB","Søndre Land Bygdeliste",4,2
"2015","ko","kommune","Søndre Land","Oppland","Andre","Andre",4,2
"2015","ko","kommune","Søndre Land","Oppland","Andre2","Andre2",0,-5
"2015","ko","kommune","Nordre Land","Oppland","A","Arbeiderpartiet",9,-5
"2015","ko","kommune","Nordre Land","Oppland","SV","Sosialistisk Venstreparti",1,0
"2015","ko","kommune","Nordre Land","Oppland","SP","Senterpartiet",12,8
"2015","ko","kommune","Nordre Land","Oppland","KRF","Kristelig Folkeparti",0,-1
"2015","ko","kommune","Nordre Land","Oppland","MDG","Miljøpartiet De Grønne",0,0
"2015","ko","kommune","Nordre Land","Oppland","H","Høyre",3,0
"2015","ko","kommune","Nordre Land","Oppland","BLANKE","Blanke",0,0
"2015","ko","kommune","Nordre Land","Oppland","BNL","Bygdelista for Nordre Land",2,0
"2015","ko","kommune","Nordre Land","Oppland","Andre","Andre",2,0
"2015","ko","kommune","Nordre Land","Oppland","Andre2","Andre2",0,-2
"2015","ko","kommune","Sør-Aurdal","Oppland","A","Arbeiderpartiet",6,-2
"2015","ko","kommune","Sør-Aurdal","Oppland","SP","Senterpartiet",12,4
"2015","ko","kommune","Sør-Aurdal","Oppland","KRF","Kristelig Folkeparti",2,1
"2015","ko","kommune","Sør-Aurdal","Oppland","H","Høyre",2,0
"2015","ko","kommune","Sør-Aurdal","Oppland","FRP","Fremskrittspartiet",1,-2
"2015","ko","kommune","Sør-Aurdal","Oppland","BLANKE","Blanke",0,0
"2015","ko","kommune","Sør-Aurdal","Oppland","TPK","Tverrpolitisk Kommuneliste",2,-1
"2015","ko","kommune","Sør-Aurdal","Oppland","Andre","Andre",2,-1
"2015","ko","kommune","Sør-Aurdal","Oppland","Andre2","Andre2",0,0
"2015","ko","kommune","Etnedal","Oppland","A","Arbeiderpartiet",6,1
"2015","ko","kommune","Etnedal","Oppland","SP","Senterpartiet",5,-1
"2015","ko","kommune","Etnedal","Oppland","KRF","Kristelig Folkeparti",1,1
"2015","ko","kommune","Etnedal","Oppland","V","Venstre",1,0
"2015","ko","kommune","Etnedal","Oppland","H","Høyre",2,-1
"2015","ko","kommune","Etnedal","Oppland","BLANKE","Blanke",0,0
"2015","ko","kommune","Etnedal","Oppland","Andre","Andre",0,0
"2015","ko","kommune","Etnedal","Oppland","Andre2","Andre2",0,0
"2015","ko","kommune","Nord-Aurdal","Oppland","A","Arbeiderpartiet",11,2
"2015","ko","kommune","Nord-Aurdal","Oppland","SV","Sosialistisk Venstreparti",1,0
"2015","ko","kommune","Nord-Aurdal","Oppland","SP","Senterpartiet",4,0
"2015","ko","kommune","Nord-Aurdal","Oppland","KRF","Kristelig Folkeparti",1,1
"2015","ko","kommune","Nord-Aurdal","Oppland","V","Venstre",2,-1
"2015","ko","kommune","Nord-Aurdal","Oppland","H","Høyre",3,-1
"2015","ko","kommune","Nord-Aurdal","Oppland","FRP","Fremskrittspartiet",3,-1
"2015","ko","kommune","Nord-Aurdal","Oppland","BLANKE","Blanke",0,0
"2015","ko","kommune","Nord-Aurdal","Oppland","Andre","Andre",0,0
"2015","ko","kommune","Nord-Aurdal","Oppland","Andre2","Andre2",0,0
"2015","ko","kommune","Vestre Slidre","Oppland","A","Arbeiderpartiet",3,-2
"2015","ko","kommune","Vestre Slidre","Oppland","SP","Senterpartiet",6,0
"2015","ko","kommune","Vestre Slidre","Oppland","MDG","Miljøpartiet De Grønne",1,1
"2015","ko","kommune","Vestre Slidre","Oppland","BLANKE","Blanke",0,0
"2015","ko","kommune","Vestre Slidre","Oppland","BLVS","Bygdeliste",7,-3
"2015","ko","kommune","Vestre Slidre","Oppland","Andre","Andre",7,-3
"2015","ko","kommune","Vestre Slidre","Oppland","Andre2","Andre2",0,0
"2015","ko","kommune","Øystre Slidre","Oppland","A","Arbeiderpartiet",10,1
"2015","ko","kommune","Øystre Slidre","Oppland","SP","Senterpartiet",6,1
"2015","ko","kommune","Øystre Slidre","Oppland","KRF","Kristelig Folkeparti",0,0
"2015","ko","kommune","Øystre Slidre","Oppland","V","Venstre",1,1
"2015","ko","kommune","Øystre Slidre","Oppland","H","Høyre",3,-2
"2015","ko","kommune","Øystre Slidre","Oppland","FRP","Fremskrittspartiet",1,-1
"2015","ko","kommune","Øystre Slidre","Oppland","BLANKE","Blanke",0,0
"2015","ko","kommune","Øystre Slidre","Oppland","Andre","Andre",0,0
"2015","ko","kommune","Øystre Slidre","Oppland","Andre2","Andre2",0,0
"2015","ko","kommune","Vang","Oppland","A","Arbeiderpartiet",7,-2
"2015","ko","kommune","Vang","Oppland","SP","Senterpartiet",7,2
"2015","ko","kommune","Vang","Oppland","MDG","Miljøpartiet De Grønne",1,1
"2015","ko","kommune","Vang","Oppland","BLANKE","Blanke",0,0
"2015","ko","kommune","Vang","Oppland","BLV","Bygdelista i Vang",2,1
"2015","ko","kommune","Vang","Oppland","Andre","Andre",2,1
"2015","ko","kommune","Vang","Oppland","Andre2","Andre2",0,-2
"2015","ko","kommune","Drammen","Buskerud","A","Arbeiderpartiet",15,0
"2015","ko","kommune","Drammen","Buskerud","SV","Sosialistisk Venstreparti",2,1
"2015","ko","kommune","Drammen","Buskerud","RØDT","Rødt",0,0
"2015","ko","kommune","Drammen","Buskerud","SP","Senterpartiet",1,1
"2015","ko","kommune","Drammen","Buskerud","KRF","Kristelig Folkeparti",2,0
"2015","ko","kommune","Drammen","Buskerud","MDG","Miljøpartiet De Grønne",3,3
"2015","ko","kommune","Drammen","Buskerud","V","Venstre",2,0
"2015","ko","kommune","Drammen","Buskerud","H","Høyre",18,-7
"2015","ko","kommune","Drammen","Buskerud","FRP","Fremskrittspartiet",5,1
"2015","ko","kommune","Drammen","Buskerud","BLANKE","Blanke",0,0
"2015","ko","kommune","Drammen","Buskerud","DBL","Drammen byliste",1,1
"2015","ko","kommune","Drammen","Buskerud","KRISTNE","Partiet De Kristne",0,0
"2015","ko","kommune","Drammen","Buskerud","Andre","Andre",1,1
"2015","ko","kommune","Drammen","Buskerud","Andre2","Andre2",0,0
"2015","ko","kommune","Kongsberg","Buskerud","A","Arbeiderpartiet",8,-5
"2015","ko","kommune","Kongsberg","Buskerud","SV","Sosialistisk Venstreparti",1,0
"2015","ko","kommune","Kongsberg","Buskerud","RØDT","Rødt",1,1
"2015","ko","kommune","Kongsberg","Buskerud","SP","Senterpartiet",3,0
"2015","ko","kommune","Kongsberg","Buskerud","KRF","Kristelig Folkeparti",1,-1
"2015","ko","kommune","Kongsberg","Buskerud","MDG","Miljøpartiet De Grønne",2,2
"2015","ko","kommune","Kongsberg","Buskerud","V","Venstre",3,-3
"2015","ko","kommune","Kongsberg","Buskerud","H","Høyre",5,-2
"2015","ko","kommune","Kongsberg","Buskerud","FRP","Fremskrittspartiet",2,-1
"2015","ko","kommune","Kongsberg","Buskerud","PIR","Piratpartiet",0,0
"2015","ko","kommune","Kongsberg","Buskerud","BLANKE","Blanke",0,0
"2015","ko","kommune","Kongsberg","Buskerud","KGBL","Kongsberglista",9,9
"2015","ko","kommune","Kongsberg","Buskerud","Andre","Andre",9,9
"2015","ko","kommune","Kongsberg","Buskerud","Andre2","Andre2",0,0
"2015","ko","kommune","Ringerike","Buskerud","A","Arbeiderpartiet",17,1
"2015","ko","kommune","Ringerike","Buskerud","SV","Sosialistisk Venstreparti",2,2
"2015","ko","kommune","Ringerike","Buskerud","SP","Senterpartiet",4,1
"2015","ko","kommune","Ringerike","Buskerud","KRF","Kristelig Folkeparti",1,0
"2015","ko","kommune","Ringerike","Buskerud","MDG","Miljøpartiet De Grønne",1,1
"2015","ko","kommune","Ringerike","Buskerud","V","Venstre",2,-1
"2015","ko","kommune","Ringerike","Buskerud","H","Høyre",10,-1
"2015","ko","kommune","Ringerike","Buskerud","FRP","Fremskrittspartiet",5,-1
"2015","ko","kommune","Ringerike","Buskerud","BLANKE","Blanke",0,0
"2015","ko","kommune","Ringerike","Buskerud","KRISTNE","Partiet De Kristne",0,0
"2015","ko","kommune","Ringerike","Buskerud","SOL","Solidaritetslista Ringerike",1,1
"2015","ko","kommune","Ringerike","Buskerud","Andre","Andre",1,1
"2015","ko","kommune","Ringerike","Buskerud","Andre2","Andre2",0,-3
"2015","ko","kommune","Hole","Buskerud","A","Arbeiderpartiet",5,1
"2015","ko","kommune","Hole","Buskerud","SV","Sosialistisk Venstreparti",1,0
"2015","ko","kommune","Hole","Buskerud","SP","Senterpartiet",2,0
"2015","ko","kommune","Hole","Buskerud","KRF","Kristelig Folkeparti",1,0
"2015","ko","kommune","Hole","Buskerud","MDG","Miljøpartiet De Grønne",1,1
"2015","ko","kommune","Hole","Buskerud","V","Venstre",1,0
"2015","ko","kommune","Hole","Buskerud","H","Høyre",10,-2
"2015","ko","kommune","Hole","Buskerud","FRP","Fremskrittspartiet",2,0
"2015","ko","kommune","Hole","Buskerud","BLANKE","Blanke",0,0
"2015","ko","kommune","Hole","Buskerud","Andre","Andre",0,0
"2015","ko","kommune","Hole","Buskerud","Andre2","Andre2",0,0
"2015","ko","kommune","Flå","Buskerud","A","Arbeiderpartiet",3,1
"2015","ko","kommune","Flå","Buskerud","V","Venstre",0,0
"2015","ko","kommune","Flå","Buskerud","FRP","Fremskrittspartiet",1,0
"2015","ko","kommune","Flå","Buskerud","BLANKE","Blanke",0,0
"2015","ko","kommune","Flå","Buskerud","BLFLÅ","Bygdelista for Flå",7,-1
"2015","ko","kommune","Flå","Buskerud","FLÅSAM","Samarbeidslista mellom Sp og KrF",2,0
"2015","ko","kommune","Flå","Buskerud","Andre","Andre",9,-1
"2015","ko","kommune","Flå","Buskerud","Andre2","Andre2",0,0
"2015","ko","kommune","Nes","Buskerud","A","Arbeiderpartiet",4,-1
"2015","ko","kommune","Nes","Buskerud","SP","Senterpartiet",4,0
"2015","ko","kommune","Nes","Buskerud","KRF","Kristelig Folkeparti",1,0
"2015","ko","kommune","Nes","Buskerud","H","Høyre",5,-1
"2015","ko","kommune","Nes","Buskerud","FRP","Fremskrittspartiet",0,-1
"2015","ko","kommune","Nes","Buskerud","BLANKE","Blanke",0,0
"2015","ko","kommune","Nes","Buskerud","NBL","Nes bygdeliste",7,3
"2015","ko","kommune","Nes","Buskerud","Andre","Andre",7,3
"2015","ko","kommune","Nes","Buskerud","Andre2","Andre2",0,0
"2015","ko","kommune","Gol","Buskerud","A","Arbeiderpartiet",7,0
"2015","ko","kommune","Gol","Buskerud","SV","Sosialistisk Venstreparti",1,0
"2015","ko","kommune","Gol","Buskerud","SP","Senterpartiet",3,0
"2015","ko","kommune","Gol","Buskerud","KRF","Kristelig Folkeparti",1,0
"2015","ko","kommune","Gol","Buskerud","MDG","Miljøpartiet De Grønne",0,0
"2015","ko","kommune","Gol","Buskerud","V","Venstre",2,-1
"2015","ko","kommune","Gol","Buskerud","H","Høyre",5,1
"2015","ko","kommune","Gol","Buskerud","FRP","Fremskrittspartiet",2,0
"2015","ko","kommune","Gol","Buskerud","BLANKE","Blanke",0,0
"2015","ko","kommune","Gol","Buskerud","Andre","Andre",0,0
"2015","ko","kommune","Gol","Buskerud","Andre2","Andre2",0,0
"2015","ko","kommune","Hemsedal","Buskerud","A","Arbeiderpartiet",3,1
"2015","ko","kommune","Hemsedal","Buskerud","SV","Sosialistisk Venstreparti",1,0
"2015","ko","kommune","Hemsedal","Buskerud","SP","Senterpartiet",4,-1
"2015","ko","kommune","Hemsedal","Buskerud","KRF","Kristelig Folkeparti",2,0
"2015","ko","kommune","Hemsedal","Buskerud","V","Venstre",1,1
"2015","ko","kommune","Hemsedal","Buskerud","H","Høyre",3,-2
"2015","ko","kommune","Hemsedal","Buskerud","FRP","Fremskrittspartiet",0,-2
"2015","ko","kommune","Hemsedal","Buskerud","BLANKE","Blanke",0,0
"2015","ko","kommune","Hemsedal","Buskerud","HBL","Hemsedal Bygdaliste",3,3
"2015","ko","kommune","Hemsedal","Buskerud","Andre","Andre",3,3
"2015","ko","kommune","Hemsedal","Buskerud","Andre2","Andre2",0,0
"2015","ko","kommune","Ål","Buskerud","A","Arbeiderpartiet",8,3
"2015","ko","kommune","Ål","Buskerud","SP","Senterpartiet",5,-1
"2015","ko","kommune","Ål","Buskerud","KRF","Kristelig Folkeparti",2,-1
"2015","ko","kommune","Ål","Buskerud","V","Venstre",5,1
"2015","ko","kommune","Ål","Buskerud","H","Høyre",4,0
"2015","ko","kommune","Ål","Buskerud","FRP","Fremskrittspartiet",1,-1
"2015","ko","kommune","Ål","Buskerud","BLANKE","Blanke",0,0
"2015","ko","kommune","Ål","Buskerud","Andre","Andre",0,0
"2015","ko","kommune","Ål","Buskerud","Andre2","Andre2",0,-1
"2015","ko","kommune","Hol","Buskerud","A","Arbeiderpartiet",9,1
"2015","ko","kommune","Hol","Buskerud","SP","Senterpartiet",3,1
"2015","ko","kommune","Hol","Buskerud","KRF","Kristelig Folkeparti",1,0
"2015","ko","kommune","Hol","Buskerud","V","Venstre",2,1
"2015","ko","kommune","Hol","Buskerud","H","Høyre",5,-3
"2015","ko","kommune","Hol","Buskerud","FRP","Fremskrittspartiet",1,0
"2015","ko","kommune","Hol","Buskerud","BLANKE","Blanke",0,0
"2015","ko","kommune","Hol","Buskerud","Andre","Andre",0,0
"2015","ko","kommune","Hol","Buskerud","Andre2","Andre2",0,0
"2015","ko","kommune","Sigdal","Buskerud","A","Arbeiderpartiet",4,1
"2015","ko","kommune","Sigdal","Buskerud","SP","Senterpartiet",8,-1
"2015","ko","kommune","Sigdal","Buskerud","V","Venstre",5,1
"2015","ko","kommune","Sigdal","Buskerud","H","Høyre",3,-1
"2015","ko","kommune","Sigdal","Buskerud","FRP","Fremskrittspartiet",1,0
"2015","ko","kommune","Sigdal","Buskerud","BLANKE","Blanke",0,0
"2015","ko","kommune","Sigdal","Buskerud","Andre","Andre",0,0
"2015","ko","kommune","Sigdal","Buskerud","Andre2","Andre2",0,0
"2015","ko","kommune","Krødsherad","Buskerud","A","Arbeiderpartiet",9,2
"2015","ko","kommune","Krødsherad","Buskerud","V","Venstre",1,1
"2015","ko","kommune","Krødsherad","Buskerud","H","Høyre",2,-1
"2015","ko","kommune","Krødsherad","Buskerud","BLANKE","Blanke",0,0
"2015","ko","kommune","Krødsherad","Buskerud","TPKR","Tverrpolitisk Bygdeliste",5,-2
"2015","ko","kommune","Krødsherad","Buskerud","Andre","Andre",5,-2
"2015","ko","kommune","Krødsherad","Buskerud","Andre2","Andre2",0,0
"2015","ko","kommune","Modum","Buskerud","A","Arbeiderpartiet",14,0
"2015","ko","kommune","Modum","Buskerud","SV","Sosialistisk Venstreparti",1,0
"2015","ko","kommune","Modum","Buskerud","SP","Senterpartiet",6,0
"2015","ko","kommune","Modum","Buskerud","KRF","Kristelig Folkeparti",1,0
"2015","ko","kommune","Modum","Buskerud","MDG","Miljøpartiet De Grønne",1,1
"2015","ko","kommune","Modum","Buskerud","V","Venstre",0,-1
"2015","ko","kommune","Modum","Buskerud","H","Høyre",5,0
"2015","ko","kommune","Modum","Buskerud","FRP","Fremskrittspartiet",5,0
"2015","ko","kommune","Modum","Buskerud","BLANKE","Blanke",0,0
"2015","ko","kommune","Modum","Buskerud","BLM","Bygdelista",2,0
"2015","ko","kommune","Modum","Buskerud","Andre","Andre",2,0
"2015","ko","kommune","Modum","Buskerud","Andre2","Andre2",0,0
"2015","ko","kommune","Øvre Eiker","Buskerud","A","Arbeiderpartiet",12,1
"2015","ko","kommune","Øvre Eiker","Buskerud","SV","Sosialistisk Venstreparti",1,0
"2015","ko","kommune","Øvre Eiker","Buskerud","RØDT","Rødt",0,0
"2015","ko","kommune","Øvre Eiker","Buskerud","SP","Senterpartiet",4,0
"2015","ko","kommune","Øvre Eiker","Buskerud","KRF","Kristelig Folkeparti",1,0
"2015","ko","kommune","Øvre Eiker","Buskerud","MDG","Miljøpartiet De Grønne",1,1
"2015","ko","kommune","Øvre Eiker","Buskerud","V","Venstre",0,-1
"2015","ko","kommune","Øvre Eiker","Buskerud","H","Høyre",15,0
"2015","ko","kommune","Øvre Eiker","Buskerud","FRP","Fremskrittspartiet",3,-1
"2015","ko","kommune","Øvre Eiker","Buskerud","BLANKE","Blanke",0,0
"2015","ko","kommune","Øvre Eiker","Buskerud","KRISTNE","Partiet De Kristne",0,0
"2015","ko","kommune","Øvre Eiker","Buskerud","Andre","Andre",0,0
"2015","ko","kommune","Øvre Eiker","Buskerud","Andre2","Andre2",0,0
"2015","ko","kommune","Nedre Eiker","Buskerud","A","Arbeiderpartiet",16,1
"2015","ko","kommune","Nedre Eiker","Buskerud","SV","Sosialistisk Venstreparti",1,0
"2015","ko","kommune","Nedre Eiker","Buskerud","RØDT","Rødt",0,0
"2015","ko","kommune","Nedre Eiker","Buskerud","SP","Senterpartiet",1,1
"2015","ko","kommune","Nedre Eiker","Buskerud","KRF","Kristelig Folkeparti",2,1
"2015","ko","kommune","Nedre Eiker","Buskerud","MDG","Miljøpartiet De Grønne",1,1
"2015","ko","kommune","Nedre Eiker","Buskerud","V","Venstre",1,0
"2015","ko","kommune","Nedre Eiker","Buskerud","H","Høyre",14,2
"2015","ko","kommune","Nedre Eiker","Buskerud","FRP","Fremskrittspartiet",5,0
"2015","ko","kommune","Nedre Eiker","Buskerud","BLANKE","Blanke",0,0
"2015","ko","kommune","Nedre Eiker","Buskerud","KRISTNE","Partiet De Kristne",0,0
"2015","ko","kommune","Nedre Eiker","Buskerud","Andre","Andre",0,0
"2015","ko","kommune","Nedre Eiker","Buskerud","Andre2","Andre2",0,0
"2015","ko","kommune","Lier","Buskerud","A","Arbeiderpartiet",15,-1
"2015","ko","kommune","Lier","Buskerud","SV","Sosialistisk Venstreparti",1,-1
"2015","ko","kommune","Lier","Buskerud","SP","Senterpartiet",3,1
"2015","ko","kommune","Lier","Buskerud","KRF","Kristelig Folkeparti",2,0
"2015","ko","kommune","Lier","Buskerud","MDG","Miljøpartiet De Grønne",2,2
"2015","ko","kommune","Lier","Buskerud","V","Venstre",3,1
"2015","ko","kommune","Lier","Buskerud","H","Høyre",18,-2
"2015","ko","kommune","Lier","Buskerud","FRP","Fremskrittspartiet",5,0
"2015","ko","kommune","Lier","Buskerud","BLANKE","Blanke",0,0
"2015","ko","kommune","Lier","Buskerud","Andre","Andre",0,0
"2015","ko","kommune","Lier","Buskerud","Andre2","Andre2",0,0
"2015","ko","kommune","Røyken","Buskerud","A","Arbeiderpartiet",7,-1
"2015","ko","kommune","Røyken","Buskerud","SV","Sosialistisk Venstreparti",1,0
"2015","ko","kommune","Røyken","Buskerud","RØDT","Rødt",0,0
"2015","ko","kommune","Røyken","Buskerud","KRF","Kristelig Folkeparti",1,1
"2015","ko","kommune","Røyken","Buskerud","MDG","Miljøpartiet De Grønne",2,2
"2015","ko","kommune","Røyken","Buskerud","V","Venstre",2,0
"2015","ko","kommune","Røyken","Buskerud","H","Høyre",11,-2
"2015","ko","kommune","Røyken","Buskerud","FRP","Fremskrittspartiet",3,0
"2015","ko","kommune","Røyken","Buskerud","BLANKE","Blanke",0,0
"2015","ko","kommune","Røyken","Buskerud","Andre","Andre",0,0
"2015","ko","kommune","Røyken","Buskerud","Andre2","Andre2",0,0
"2015","ko","kommune","Hurum","Buskerud","A","Arbeiderpartiet",8,-1
"2015","ko","kommune","Hurum","Buskerud","SV","Sosialistisk Venstreparti",1,0
"2015","ko","kommune","Hurum","Buskerud","SP","Senterpartiet",2,1
"2015","ko","kommune","Hurum","Buskerud","KRF","Kristelig Folkeparti",1,0
"2015","ko","kommune","Hurum","Buskerud","MDG","Miljøpartiet De Grønne",2,2
"2015","ko","kommune","Hurum","Buskerud","V","Venstre",3,1
"2015","ko","kommune","Hurum","Buskerud","H","Høyre",9,-3
"2015","ko","kommune","Hurum","Buskerud","FRP","Fremskrittspartiet",3,0
"2015","ko","kommune","Hurum","Buskerud","BLANKE","Blanke",0,0
"2015","ko","kommune","Hurum","Buskerud","Andre","Andre",0,0
"2015","ko","kommune","Hurum","Buskerud","Andre2","Andre2",0,0
"2015","ko","kommune","Flesberg","Buskerud","A","Arbeiderpartiet",3,-1
"2015","ko","kommune","Flesberg","Buskerud","SP","Senterpartiet",8,4
"2015","ko","kommune","Flesberg","Buskerud","V","Venstre",1,0
"2015","ko","kommune","Flesberg","Buskerud","H","Høyre",5,-2
"2015","ko","kommune","Flesberg","Buskerud","FRP","Fremskrittspartiet",4,-1
"2015","ko","kommune","Flesberg","Buskerud","BLANKE","Blanke",0,0
"2015","ko","kommune","Flesberg","Buskerud","Andre","Andre",0,0
"2015","ko","kommune","Flesberg","Buskerud","Andre2","Andre2",0,0
"2015","ko","kommune","Rollag","Buskerud","A","Arbeiderpartiet",7,0
"2015","ko","kommune","Rollag","Buskerud","SP","Senterpartiet",8,3
"2015","ko","kommune","Rollag","Buskerud","H","Høyre",2,-2
"2015","ko","kommune","Rollag","Buskerud","BLANKE","Blanke",0,0
"2015","ko","kommune","Rollag","Buskerud","Andre","Andre",0,0
"2015","ko","kommune","Rollag","Buskerud","Andre2","Andre2",0,-1
"2015","ko","kommune","Nore og Uvdal","Buskerud","A","Arbeiderpartiet",5,-3
"2015","ko","kommune","Nore og Uvdal","Buskerud","SV","Sosialistisk Venstreparti",1,0
"2015","ko","kommune","Nore og Uvdal","Buskerud","SP","Senterpartiet",10,3
"2015","ko","kommune","Nore og Uvdal","Buskerud","H","Høyre",4,0
"2015","ko","kommune","Nore og Uvdal","Buskerud","FRP","Fremskrittspartiet",3,0
"2015","ko","kommune","Nore og Uvdal","Buskerud","BLANKE","Blanke",0,0
"2015","ko","kommune","Nore og Uvdal","Buskerud","Andre","Andre",0,0
"2015","ko","kommune","Nore og Uvdal","Buskerud","Andre2","Andre2",0,0
"2015","ko","kommune","Horten","Vestfold","A","Arbeiderpartiet",15,0
"2015","ko","kommune","Horten","Vestfold","SV","Sosialistisk Venstreparti",2,1
"2015","ko","kommune","Horten","Vestfold","RØDT","Rødt",2,0
"2015","ko","kommune","Horten","Vestfold","SP","Senterpartiet",2,1
"2015","ko","kommune","Horten","Vestfold","KRF","Kristelig Folkeparti",1,0
"2015","ko","kommune","Horten","Vestfold","MDG","Miljøpartiet De Grønne",2,2
"2015","ko","kommune","Horten","Vestfold","V","Venstre",2,0
"2015","ko","kommune","Horten","Vestfold","H","Høyre",11,-5
"2015","ko","kommune","Horten","Vestfold","FRP","Fremskrittspartiet",4,1
"2015","ko","kommune","Horten","Vestfold","BLANKE","Blanke",0,0
"2015","ko","kommune","Horten","Vestfold","Andre","Andre",0,0
"2015","ko","kommune","Horten","Vestfold","Andre2","Andre2",0,0
"2015","ko","kommune","Holmestrand","Vestfold","A","Arbeiderpartiet",8,0
"2015","ko","kommune","Holmestrand","Vestfold","SV","Sosialistisk Venstreparti",1,0
"2015","ko","kommune","Holmestrand","Vestfold","SP","Senterpartiet",1,-1
"2015","ko","kommune","Holmestrand","Vestfold","KRF","Kristelig Folkeparti",1,0
"2015","ko","kommune","Holmestrand","Vestfold","MDG","Miljøpartiet De Grønne",1,1
"2015","ko","kommune","Holmestrand","Vestfold","V","Venstre",1,0
"2015","ko","kommune","Holmestrand","Vestfold","H","Høyre",12,0
"2015","ko","kommune","Holmestrand","Vestfold","FRP","Fremskrittspartiet",2,0
"2015","ko","kommune","Holmestrand","Vestfold","BLANKE","Blanke",0,0
"2015","ko","kommune","Holmestrand","Vestfold","Andre","Andre",0,0
"2015","ko","kommune","Holmestrand","Vestfold","Andre2","Andre2",0,0
"2015","ko","kommune","Tønsberg","Vestfold","A","Arbeiderpartiet",14,1
"2015","ko","kommune","Tønsberg","Vestfold","SV","Sosialistisk Venstreparti",2,0
"2015","ko","kommune","Tønsberg","Vestfold","RØDT","Rødt",0,0
"2015","ko","kommune","Tønsberg","Vestfold","SP","Senterpartiet",1,0
"2015","ko","kommune","Tønsberg","Vestfold","KRF","Kristelig Folkeparti",2,0
"2015","ko","kommune","Tønsberg","Vestfold","MDG","Miljøpartiet De Grønne",2,2
"2015","ko","kommune","Tønsberg","Vestfold","V","Venstre",2,0
"2015","ko","kommune","Tønsberg","Vestfold","H","Høyre",11,-4
"2015","ko","kommune","Tønsberg","Vestfold","FRP","Fremskrittspartiet",5,1
"2015","ko","kommune","Tønsberg","Vestfold","DEMN","Demokratene i Norge",0,0
"2015","ko","kommune","Tønsberg","Vestfold","BLANKE","Blanke",0,0
"2015","ko","kommune","Tønsberg","Vestfold","KRISTNE","Partiet De Kristne",0,0
"2015","ko","kommune","Tønsberg","Vestfold","Andre","Andre",0,0
"2015","ko","kommune","Tønsberg","Vestfold","Andre2","Andre2",0,0
"2015","ko","kommune","Sandefjord","Vestfold","A","Arbeiderpartiet",10,1
"2015","ko","kommune","Sandefjord","Vestfold","SV","Sosialistisk Venstreparti",2,0
"2015","ko","kommune","Sandefjord","Vestfold","SP","Senterpartiet",1,1
"2015","ko","kommune","Sandefjord","Vestfold","KRF","Kristelig Folkeparti",2,0
"2015","ko","kommune","Sandefjord","Vestfold","MDG","Miljøpartiet De Grønne",1,1
"2015","ko","kommune","Sandefjord","Vestfold","V","Venstre",2,0
"2015","ko","kommune","Sandefjord","Vestfold","H","Høyre",17,-1
"2015","ko","kommune","Sandefjord","Vestfold","FRP","Fremskrittspartiet",4,-1
"2015","ko","kommune","Sandefjord","Vestfold","BLANKE","Blanke",0,0
"2015","ko","kommune","Sandefjord","Vestfold","Andre","Andre",0,0
"2015","ko","kommune","Sandefjord","Vestfold","Andre2","Andre2",0,-1
"2015","ko","kommune","Larvik","Vestfold","A","Arbeiderpartiet",13,-1
"2015","ko","kommune","Larvik","Vestfold","SV","Sosialistisk Venstreparti",1,0
"2015","ko","kommune","Larvik","Vestfold","RØDT","Rødt",0,0
"2015","ko","kommune","Larvik","Vestfold","SP","Senterpartiet",2,1
"2015","ko","kommune","Larvik","Vestfold","KRF","Kristelig Folkeparti",2,0
"2015","ko","kommune","Larvik","Vestfold","MDG","Miljøpartiet De Grønne",2,2
"2015","ko","kommune","Larvik","Vestfold","V","Venstre",1,-2
"2015","ko","kommune","Larvik","Vestfold","H","Høyre",8,2
"2015","ko","kommune","Larvik","Vestfold","FRP","Fremskrittspartiet",6,-2
"2015","ko","kommune","Larvik","Vestfold","BLANKE","Blanke",0,0
"2015","ko","kommune","Larvik","Vestfold","Andre","Andre",0,0
"2015","ko","kommune","Larvik","Vestfold","Andre2","Andre2",0,0
"2015","ko","kommune","Svelvik","Vestfold","A","Arbeiderpartiet",7,-4
"2015","ko","kommune","Svelvik","Vestfold","SP","Senterpartiet",3,2
"2015","ko","kommune","Svelvik","Vestfold","KRF","Kristelig Folkeparti",0,-1
"2015","ko","kommune","Svelvik","Vestfold","V","Venstre",1,-1
"2015","ko","kommune","Svelvik","Vestfold","H","Høyre",6,-1
"2015","ko","kommune","Svelvik","Vestfold","FRP","Fremskrittspartiet",3,0
"2015","ko","kommune","Svelvik","Vestfold","BLANKE","Blanke",0,0
"2015","ko","kommune","Svelvik","Vestfold","DU","De Uavhengige",5,5
"2015","ko","kommune","Svelvik","Vestfold","Andre","Andre",5,5
"2015","ko","kommune","Svelvik","Vestfold","Andre2","Andre2",0,0
"2015","ko","kommune","Sande","Vestfold","A","Arbeiderpartiet",8,-5
"2015","ko","kommune","Sande","Vestfold","SV","Sosialistisk Venstreparti",1,1
"2015","ko","kommune","Sande","Vestfold","SP","Senterpartiet",3,1
"2015","ko","kommune","Sande","Vestfold","KRF","Kristelig Folkeparti",0,-1
"2015","ko","kommune","Sande","Vestfold","V","Venstre",2,0
"2015","ko","kommune","Sande","Vestfold","H","Høyre",5,1
"2015","ko","kommune","Sande","Vestfold","FRP","Fremskrittspartiet",5,2
"2015","ko","kommune","Sande","Vestfold","BLANKE","Blanke",0,0
"2015","ko","kommune","Sande","Vestfold","STB","Sande tverrpolitiske bygdeliste",1,1
"2015","ko","kommune","Sande","Vestfold","Andre","Andre",1,1
"2015","ko","kommune","Sande","Vestfold","Andre2","Andre2",0,0
"2015","ko","kommune","Hof","Vestfold","A","Arbeiderpartiet",6,2
"2015","ko","kommune","Hof","Vestfold","SP","Senterpartiet",2,-2
"2015","ko","kommune","Hof","Vestfold","V","Venstre",0,0
"2015","ko","kommune","Hof","Vestfold","H","Høyre",7,-2
"2015","ko","kommune","Hof","Vestfold","BLANKE","Blanke",0,0
"2015","ko","kommune","Hof","Vestfold","F_MDG_R","Fellesliste for Miljøpartiet de Grønne og Rødt",2,2
"2015","ko","kommune","Hof","Vestfold","Andre","Andre",2,2
"2015","ko","kommune","Hof","Vestfold","Andre2","Andre2",0,0
"2015","ko","kommune","Re","Vestfold","A","Arbeiderpartiet",6,2
"2015","ko","kommune","Re","Vestfold","SV","Sosialistisk Venstreparti",1,0
"2015","ko","kommune","Re","Vestfold","SP","Senterpartiet",6,-3
"2015","ko","kommune","Re","Vestfold","KRF","Kristelig Folkeparti",2,2
"2015","ko","kommune","Re","Vestfold","MDG","Miljøpartiet De Grønne",1,1
"2015","ko","kommune","Re","Vestfold","V","Venstre",1,0
"2015","ko","kommune","Re","Vestfold","H","Høyre",4,4
"2015","ko","kommune","Re","Vestfold","FRP","Fremskrittspartiet",4,0
"2015","ko","kommune","Re","Vestfold","BLANKE","Blanke",0,0
"2015","ko","kommune","Re","Vestfold","Andre","Andre",0,0
"2015","ko","kommune","Re","Vestfold","Andre2","Andre2",0,-6
"2015","ko","kommune","Andebu","Vestfold","A","Arbeiderpartiet",8,1
"2015","ko","kommune","Andebu","Vestfold","SP","Senterpartiet",6,2
"2015","ko","kommune","Andebu","Vestfold","KRF","Kristelig Folkeparti",1,-1
"2015","ko","kommune","Andebu","Vestfold","V","Venstre",2,0
"2015","ko","kommune","Andebu","Vestfold","H","Høyre",5,-1
"2015","ko","kommune","Andebu","Vestfold","FRP","Fremskrittspartiet",3,-1
"2015","ko","kommune","Andebu","Vestfold","BLANKE","Blanke",0,0
"2015","ko","kommune","Andebu","Vestfold","Andre","Andre",0,0
"2015","ko","kommune","Andebu","Vestfold","Andre2","Andre2",0,0
"2015","ko","kommune","Stokke","Vestfold","A","Arbeiderpartiet",8,-3
"2015","ko","kommune","Stokke","Vestfold","SV","Sosialistisk Venstreparti",1,0
"2015","ko","kommune","Stokke","Vestfold","SP","Senterpartiet",1,0
"2015","ko","kommune","Stokke","Vestfold","KRF","Kristelig Folkeparti",2,0
"2015","ko","kommune","Stokke","Vestfold","MDG","Miljøpartiet De Grønne",1,1
"2015","ko","kommune","Stokke","Vestfold","V","Venstre",1,0
"2015","ko","kommune","Stokke","Vestfold","H","Høyre",9,-1
"2015","ko","kommune","Stokke","Vestfold","FRP","Fremskrittspartiet",2,-1
"2015","ko","kommune","Stokke","Vestfold","BLANKE","Blanke",0,0
"2015","ko","kommune","Stokke","Vestfold","IBS","Innbyggerlista Stokke",4,4
"2015","ko","kommune","Stokke","Vestfold","KRISTNE","Partiet De Kristne",0,0
"2015","ko","kommune","Stokke","Vestfold","Andre","Andre",4,4
"2015","ko","kommune","Stokke","Vestfold","Andre2","Andre2",0,0
"2015","ko","kommune","Nøtterøy","Vestfold","A","Arbeiderpartiet",11,-1
"2015","ko","kommune","Nøtterøy","Vestfold","SP","Senterpartiet",0,0
"2015","ko","kommune","Nøtterøy","Vestfold","KRF","Kristelig Folkeparti",2,0
"2015","ko","kommune","Nøtterøy","Vestfold","MDG","Miljøpartiet De Grønne",2,2
"2015","ko","kommune","Nøtterøy","Vestfold","V","Venstre",2,0
"2015","ko","kommune","Nøtterøy","Vestfold","H","Høyre",11,-5
"2015","ko","kommune","Nøtterøy","Vestfold","FRP","Fremskrittspartiet",5,0
"2015","ko","kommune","Nøtterøy","Vestfold","BLANKE","Blanke",0,0
"2015","ko","kommune","Nøtterøy","Vestfold","BOM","Nøtterøylisten mot Bomring",0,-1
"2015","ko","kommune","Nøtterøy","Vestfold","RV_SV","Felleslista for Sosialistisk Venstreparti og Rødt",2,-1
"2015","ko","kommune","Nøtterøy","Vestfold","Andre","Andre",2,-2
"2015","ko","kommune","Nøtterøy","Vestfold","Andre2","Andre2",0,0
"2015","ko","kommune","Tjøme","Vestfold","A","Arbeiderpartiet",6,0
"2015","ko","kommune","Tjøme","Vestfold","MDG","Miljøpartiet De Grønne",2,2
"2015","ko","kommune","Tjøme","Vestfold","V","Venstre",2,0
"2015","ko","kommune","Tjøme","Vestfold","H","Høyre",3,-3
"2015","ko","kommune","Tjøme","Vestfold","FRP","Fremskrittspartiet",4,0
"2015","ko","kommune","Tjøme","Vestfold","BLANKE","Blanke",0,0
"2015","ko","kommune","Tjøme","Vestfold","F_R_SV","Felleslisten Rødt/SV",0,0
"2015","ko","kommune","Tjøme","Vestfold","TJL","Tjømelista",2,1
"2015","ko","kommune","Tjøme","Vestfold","Andre","Andre",2,1
"2015","ko","kommune","Tjøme","Vestfold","Andre2","Andre2",0,0
"2015","ko","kommune","Lardal","Vestfold","A","Arbeiderpartiet",3,-2
"2015","ko","kommune","Lardal","Vestfold","SP","Senterpartiet",4,0
"2015","ko","kommune","Lardal","Vestfold","MDG","Miljøpartiet De Grønne",0,0
"2015","ko","kommune","Lardal","Vestfold","V","Venstre",3,2
"2015","ko","kommune","Lardal","Vestfold","H","Høyre",3,-1
"2015","ko","kommune","Lardal","Vestfold","FRP","Fremskrittspartiet",1,-1
"2015","ko","kommune","Lardal","Vestfold","BLANKE","Blanke",0,0
"2015","ko","kommune","Lardal","Vestfold","LTPL","Lardal Tverrpolitiske Liste",3,3
"2015","ko","kommune","Lardal","Vestfold","Andre","Andre",3,3
"2015","ko","kommune","Lardal","Vestfold","Andre2","Andre2",0,-1
"2015","ko","kommune","Porsgrunn","Telemark","A","Arbeiderpartiet",20,4
"2015","ko","kommune","Porsgrunn","Telemark","SV","Sosialistisk Venstreparti",2,0
"2015","ko","kommune","Porsgrunn","Telemark","RØDT","Rødt",2,1
"2015","ko","kommune","Porsgrunn","Telemark","SP","Senterpartiet",1,1
"2015","ko","kommune","Porsgrunn","Telemark","KRF","Kristelig Folkeparti",2,0
"2015","ko","kommune","Porsgrunn","Telemark","MDG","Miljøpartiet De Grønne",2,1
"2015","ko","kommune","Porsgrunn","Telemark","V","Venstre",2,-1
"2015","ko","kommune","Porsgrunn","Telemark","H","Høyre",10,0
"2015","ko","kommune","Porsgrunn","Telemark","FRP","Fremskrittspartiet",5,0
"2015","ko","kommune","Porsgrunn","Telemark","BLANKE","Blanke",0,0
"2015","ko","kommune","Porsgrunn","Telemark","BYN","By og Nærmiljøpartiet",3,-6
"2015","ko","kommune","Porsgrunn","Telemark","KRISTNE","Partiet De Kristne",0,0
"2015","ko","kommune","Porsgrunn","Telemark","Andre","Andre",3,-6
"2015","ko","kommune","Porsgrunn","Telemark","Andre2","Andre2",0,0
"2015","ko","kommune","Skien","Telemark","A","Arbeiderpartiet",19,-2
"2015","ko","kommune","Skien","Telemark","SV","Sosialistisk Venstreparti",2,-1
"2015","ko","kommune","Skien","Telemark","RØDT","Rødt",1,0
"2015","ko","kommune","Skien","Telemark","SP","Senterpartiet",2,1
"2015","ko","kommune","Skien","Telemark","KRF","Kristelig Folkeparti",4,0
"2015","ko","kommune","Skien","Telemark","MDG","Miljøpartiet De Grønne",2,2
"2015","ko","kommune","Skien","Telemark","V","Venstre",2,-1
"2015","ko","kommune","Skien","Telemark","H","Høyre",9,-6
"2015","ko","kommune","Skien","Telemark","FRP","Fremskrittspartiet",6,-1
"2015","ko","kommune","Skien","Telemark","BLANKE","Blanke",0,0
"2015","ko","kommune","Skien","Telemark","BYPA","Bypartiet",8,8
"2015","ko","kommune","Skien","Telemark","KRISTNE","Partiet De Kristne",0,0
"2015","ko","kommune","Skien","Telemark","NABBYG","Nabolaget bygdeliste",0,0
"2015","ko","kommune","Skien","Telemark","Andre","Andre",8,8
"2015","ko","kommune","Skien","Telemark","Andre2","Andre2",0,0
"2015","ko","kommune","Notodden","Telemark","A","Arbeiderpartiet",14,1
"2015","ko","kommune","Notodden","Telemark","SV","Sosialistisk Venstreparti",2,2
"2015","ko","kommune","Notodden","Telemark","RØDT","Rødt",2,2
"2015","ko","kommune","Notodden","Telemark","SP","Senterpartiet",4,2
"2015","ko","kommune","Notodden","Telemark","KRF","Kristelig Folkeparti",3,-2
"2015","ko","kommune","Notodden","Telemark","MDG","Miljøpartiet De Grønne",1,1
"2015","ko","kommune","Notodden","Telemark","V","Venstre",2,-2
"2015","ko","kommune","Notodden","Telemark","H","Høyre",11,3
"2015","ko","kommune","Notodden","Telemark","FRP","Fremskrittspartiet",2,-2
"2015","ko","kommune","Notodden","Telemark","BLANKE","Blanke",0,0
"2015","ko","kommune","Notodden","Telemark","KRISTNE","Partiet De Kristne",0,0
"2015","ko","kommune","Notodden","Telemark","Andre","Andre",0,0
"2015","ko","kommune","Notodden","Telemark","Andre2","Andre2",0,-5
"2015","ko","kommune","Siljan","Telemark","A","Arbeiderpartiet",6,-4
"2015","ko","kommune","Siljan","Telemark","SV","Sosialistisk Venstreparti",1,0
"2015","ko","kommune","Siljan","Telemark","SP","Senterpartiet",7,5
"2015","ko","kommune","Siljan","Telemark","KRF","Kristelig Folkeparti",1,1
"2015","ko","kommune","Siljan","Telemark","H","Høyre",2,2
"2015","ko","kommune","Siljan","Telemark","BLANKE","Blanke",0,0
"2015","ko","kommune","Siljan","Telemark","Andre","Andre",0,0
"2015","ko","kommune","Siljan","Telemark","Andre2","Andre2",0,-4
"2015","ko","kommune","Bamble","Telemark","A","Arbeiderpartiet",13,1
"2015","ko","kommune","Bamble","Telemark","SV","Sosialistisk Venstreparti",0,0
"2015","ko","kommune","Bamble","Telemark","RØDT","Rødt",1,0
"2015","ko","kommune","Bamble","Telemark","SP","Senterpartiet",2,1
"2015","ko","kommune","Bamble","Telemark","KRF","Kristelig Folkeparti",2,0
"2015","ko","kommune","Bamble","Telemark","MDG","Miljøpartiet De Grønne",0,0
"2015","ko","kommune","Bamble","Telemark","V","Venstre",1,0
"2015","ko","kommune","Bamble","Telemark","H","Høyre",4,-1
"2015","ko","kommune","Bamble","Telemark","FRP","Fremskrittspartiet",10,-1
"2015","ko","kommune","Bamble","Telemark","BLANKE","Blanke",0,0
"2015","ko","kommune","Bamble","Telemark","Andre","Andre",0,0
"2015","ko","kommune","Bamble","Telemark","Andre2","Andre2",0,0
"2015","ko","kommune","Kragerø","Telemark","A","Arbeiderpartiet",13,1
"2015","ko","kommune","Kragerø","Telemark","SV","Sosialistisk Venstreparti",1,0
"2015","ko","kommune","Kragerø","Telemark","RØDT","Rødt",6,3
"2015","ko","kommune","Kragerø","Telemark","SP","Senterpartiet",1,0
"2015","ko","kommune","Kragerø","Telemark","KRF","Kristelig Folkeparti",2,0
"2015","ko","kommune","Kragerø","Telemark","MDG","Miljøpartiet De Grønne",1,1
"2015","ko","kommune","Kragerø","Telemark","V","Venstre",2,0
"2015","ko","kommune","Kragerø","Telemark","H","Høyre",4,-6
"2015","ko","kommune","Kragerø","Telemark","FRP","Fremskrittspartiet",5,1
"2015","ko","kommune","Kragerø","Telemark","BLANKE","Blanke",0,0
"2015","ko","kommune","Kragerø","Telemark","Andre","Andre",0,0
"2015","ko","kommune","Kragerø","Telemark","Andre2","Andre2",0,0
"2015","ko","kommune","Drangedal","Telemark","A","Arbeiderpartiet",6,-4
"2015","ko","kommune","Drangedal","Telemark","SV","Sosialistisk Venstreparti",1,0
"2015","ko","kommune","Drangedal","Telemark","SP","Senterpartiet",7,5
"2015","ko","kommune","Drangedal","Telemark","KRF","Kristelig Folkeparti",2,0
"2015","ko","kommune","Drangedal","Telemark","V","Venstre",2,0
"2015","ko","kommune","Drangedal","Telemark","H","Høyre",2,0
"2015","ko","kommune","Drangedal","Telemark","FRP","Fremskrittspartiet",1,-1
"2015","ko","kommune","Drangedal","Telemark","BLANKE","Blanke",0,0
"2015","ko","kommune","Drangedal","Telemark","Andre","Andre",0,0
"2015","ko","kommune","Drangedal","Telemark","Andre2","Andre2",0,0
"2015","ko","kommune","Nome","Telemark","A","Arbeiderpartiet",12,0
"2015","ko","kommune","Nome","Telemark","SV","Sosialistisk Venstreparti",1,0
"2015","ko","kommune","Nome","Telemark","SP","Senterpartiet",7,1
"2015","ko","kommune","Nome","Telemark","KRF","Kristelig Folkeparti",1,-1
"2015","ko","kommune","Nome","Telemark","V","Venstre",1,0
"2015","ko","kommune","Nome","Telemark","H","Høyre",3,-1
"2015","ko","kommune","Nome","Telemark","FRP","Fremskrittspartiet",4,1
"2015","ko","kommune","Nome","Telemark","BLANKE","Blanke",0,0
"2015","ko","kommune","Nome","Telemark","KRISTNE","Partiet De Kristne",0,0
"2015","ko","kommune","Nome","Telemark","Andre","Andre",0,0
"2015","ko","kommune","Nome","Telemark","Andre2","Andre2",0,0
"2015","ko","kommune","Bø","Telemark","A","Arbeiderpartiet",6,1
"2015","ko","kommune","Bø","Telemark","SV","Sosialistisk Venstreparti",1,-1
"2015","ko","kommune","Bø","Telemark","SP","Senterpartiet",3,1
"2015","ko","kommune","Bø","Telemark","KRF","Kristelig Folkeparti",2,0
"2015","ko","kommune","Bø","Telemark","MDG","Miljøpartiet De Grønne",2,2
"2015","ko","kommune","Bø","Telemark","V","Venstre",7,-2
"2015","ko","kommune","Bø","Telemark","H","Høyre",2,-1
"2015","ko","kommune","Bø","Telemark","FRP","Fremskrittspartiet",2,0
"2015","ko","kommune","Bø","Telemark","BLANKE","Blanke",0,0
"2015","ko","kommune","Bø","Telemark","Andre","Andre",0,0
"2015","ko","kommune","Bø","Telemark","Andre2","Andre2",0,0
"2015","ko","kommune","Sauherad","Telemark","A","Arbeiderpartiet",10,2
"2015","ko","kommune","Sauherad","Telemark","SV","Sosialistisk Venstreparti",0,-1
"2015","ko","kommune","Sauherad","Telemark","SP","Senterpartiet",6,1
"2015","ko","kommune","Sauherad","Telemark","KRF","Kristelig Folkeparti",3,-3
"2015","ko","kommune","Sauherad","Telemark","MDG","Miljøpartiet De Grønne",2,2
"2015","ko","kommune","Sauherad","Telemark","V","Venstre",2,0
"2015","ko","kommune","Sauherad","Telemark","H","Høyre",3,-1
"2015","ko","kommune","Sauherad","Telemark","FRP","Fremskrittspartiet",3,0
"2015","ko","kommune","Sauherad","Telemark","BLANKE","Blanke",0,0
"2015","ko","kommune","Sauherad","Telemark","Andre","Andre",0,0
"2015","ko","kommune","Sauherad","Telemark","Andre2","Andre2",0,0
"2015","ko","kommune","Tinn","Telemark","A","Arbeiderpartiet",5,-6
"2015","ko","kommune","Tinn","Telemark","SV","Sosialistisk Venstreparti",2,0
"2015","ko","kommune","Tinn","Telemark","SP","Senterpartiet",11,8
"2015","ko","kommune","Tinn","Telemark","MDG","Miljøpartiet De Grønne",1,1
"2015","ko","kommune","Tinn","Telemark","V","Venstre",0,-2
"2015","ko","kommune","Tinn","Telemark","H","Høyre",6,-2
"2015","ko","kommune","Tinn","Telemark","BLANKE","Blanke",0,0
"2015","ko","kommune","Tinn","Telemark","Andre","Andre",0,0
"2015","ko","kommune","Tinn","Telemark","Andre2","Andre2",0,-3
"2015","ko","kommune","Hjartdal","Telemark","A","Arbeiderpartiet",7,-4
"2015","ko","kommune","Hjartdal","Telemark","SP","Senterpartiet",6,2
"2015","ko","kommune","Hjartdal","Telemark","KRF","Kristelig Folkeparti",2,0
"2015","ko","kommune","Hjartdal","Telemark","H","Høyre",2,2
"2015","ko","kommune","Hjartdal","Telemark","BLANKE","Blanke",0,0
"2015","ko","kommune","Hjartdal","Telemark","Andre","Andre",0,0
"2015","ko","kommune","Hjartdal","Telemark","Andre2","Andre2",0,0
"2015","ko","kommune","Seljord","Telemark","A","Arbeiderpartiet",6,2
"2015","ko","kommune","Seljord","Telemark","SP","Senterpartiet",6,4
"2015","ko","kommune","Seljord","Telemark","KRF","Kristelig Folkeparti",1,-2
"2015","ko","kommune","Seljord","Telemark","MDG","Miljøpartiet De Grønne",1,1
"2015","ko","kommune","Seljord","Telemark","V","Venstre",1,0
"2015","ko","kommune","Seljord","Telemark","H","Høyre",5,-3
"2015","ko","kommune","Seljord","Telemark","FRP","Fremskrittspartiet",1,-1
"2015","ko","kommune","Seljord","Telemark","BLANKE","Blanke",0,0
"2015","ko","kommune","Seljord","Telemark","Andre","Andre",0,0
"2015","ko","kommune","Seljord","Telemark","Andre2","Andre2",0,-1
"2015","ko","kommune","Kviteseid","Telemark","A","Arbeiderpartiet",9,2
"2015","ko","kommune","Kviteseid","Telemark","SP","Senterpartiet",5,-2
"2015","ko","kommune","Kviteseid","Telemark","KRF","Kristelig Folkeparti",3,1
"2015","ko","kommune","Kviteseid","Telemark","MDG","Miljøpartiet De Grønne",1,1
"2015","ko","kommune","Kviteseid","Telemark","V","Venstre",1,-1
"2015","ko","kommune","Kviteseid","Telemark","H","Høyre",2,-1
"2015","ko","kommune","Kviteseid","Telemark","BLANKE","Blanke",0,0
"2015","ko","kommune","Kviteseid","Telemark","Andre","Andre",0,0
"2015","ko","kommune","Kviteseid","Telemark","Andre2","Andre2",0,0
"2015","ko","kommune","Nissedal","Telemark","A","Arbeiderpartiet",7,2
"2015","ko","kommune","Nissedal","Telemark","SP","Senterpartiet",5,0
"2015","ko","kommune","Nissedal","Telemark","KRF","Kristelig Folkeparti",3,0
"2015","ko","kommune","Nissedal","Telemark","H","Høyre",1,-1
"2015","ko","kommune","Nissedal","Telemark","FRP","Fremskrittspartiet",1,-1
"2015","ko","kommune","Nissedal","Telemark","BLANKE","Blanke",0,0
"2015","ko","kommune","Nissedal","Telemark","Andre","Andre",0,0
"2015","ko","kommune","Nissedal","Telemark","Andre2","Andre2",0,0
"2015","ko","kommune","Fyresdal","Telemark","A","Arbeiderpartiet",10,3
"2015","ko","kommune","Fyresdal","Telemark","SP","Senterpartiet",7,4
"2015","ko","kommune","Fyresdal","Telemark","BLANKE","Blanke",0,0
"2015","ko","kommune","Fyresdal","Telemark","Andre","Andre",0,0
"2015","ko","kommune","Fyresdal","Telemark","Andre2","Andre2",0,-3
"2015","ko","kommune","Tokke","Telemark","A","Arbeiderpartiet",9,-1
"2015","ko","kommune","Tokke","Telemark","SP","Senterpartiet",11,5
"2015","ko","kommune","Tokke","Telemark","KRF","Kristelig Folkeparti",1,0
"2015","ko","kommune","Tokke","Telemark","BLANKE","Blanke",0,0
"2015","ko","kommune","Tokke","Telemark","Andre","Andre",0,0
"2015","ko","kommune","Tokke","Telemark","Andre2","Andre2",0,-4
"2015","ko","kommune","Vinje","Telemark","A","Arbeiderpartiet",7,0
"2015","ko","kommune","Vinje","Telemark","SV","Sosialistisk Venstreparti",3,-3
"2015","ko","kommune","Vinje","Telemark","SP","Senterpartiet",10,5
"2015","ko","kommune","Vinje","Telemark","V","Venstre",1,0
"2015","ko","kommune","Vinje","Telemark","H","Høyre",3,0
"2015","ko","kommune","Vinje","Telemark","FRP","Fremskrittspartiet",1,-1
"2015","ko","kommune","Vinje","Telemark","BLANKE","Blanke",0,0
"2015","ko","kommune","Vinje","Telemark","Andre","Andre",0,0
"2015","ko","kommune","Vinje","Telemark","Andre2","Andre2",0,-1
"2015","ko","kommune","Risør","Aust-Agder","A","Arbeiderpartiet",13,2
"2015","ko","kommune","Risør","Aust-Agder","SV","Sosialistisk Venstreparti",0,0
"2015","ko","kommune","Risør","Aust-Agder","SP","Senterpartiet",1,0
"2015","ko","kommune","Risør","Aust-Agder","KRF","Kristelig Folkeparti",2,0
"2015","ko","kommune","Risør","Aust-Agder","MDG","Miljøpartiet De Grønne",1,1
"2015","ko","kommune","Risør","Aust-Agder","V","Venstre",5,1
"2015","ko","kommune","Risør","Aust-Agder","H","Høyre",5,0
"2015","ko","kommune","Risør","Aust-Agder","FRP","Fremskrittspartiet",2,0
"2015","ko","kommune","Risør","Aust-Agder","BLANKE","Blanke",0,0
"2015","ko","kommune","Risør","Aust-Agder","Andre","Andre",0,0
"2015","ko","kommune","Risør","Aust-Agder","Andre2","Andre2",0,-4
"2015","ko","kommune","Grimstad","Aust-Agder","A","Arbeiderpartiet",9,0
"2015","ko","kommune","Grimstad","Aust-Agder","SV","Sosialistisk Venstreparti",1,0
"2015","ko","kommune","Grimstad","Aust-Agder","RØDT","Rødt",0,0
"2015","ko","kommune","Grimstad","Aust-Agder","SP","Senterpartiet",2,0
"2015","ko","kommune","Grimstad","Aust-Agder","KRF","Kristelig Folkeparti",7,2
"2015","ko","kommune","Grimstad","Aust-Agder","MDG","Miljøpartiet De Grønne",1,1
"2015","ko","kommune","Grimstad","Aust-Agder","V","Venstre",3,-4
"2015","ko","kommune","Grimstad","Aust-Agder","H","Høyre",6,1
"2015","ko","kommune","Grimstad","Aust-Agder","FRP","Fremskrittspartiet",6,0
"2015","ko","kommune","Grimstad","Aust-Agder","DEMN","Demokratene i Norge",0,0
"2015","ko","kommune","Grimstad","Aust-Agder","PP","Pensjonistpartiet",0,0
"2015","ko","kommune","Grimstad","Aust-Agder","BLANKE","Blanke",0,0
"2015","ko","kommune","Grimstad","Aust-Agder","KRISTNE","Partiet De Kristne",0,0
"2015","ko","kommune","Grimstad","Aust-Agder","Andre","Andre",0,0
"2015","ko","kommune","Grimstad","Aust-Agder","Andre2","Andre2",0,0
"2015","ko","kommune","Arendal","Aust-Agder","A","Arbeiderpartiet",15,6
"2015","ko","kommune","Arendal","Aust-Agder","SV","Sosialistisk Venstreparti",2,-1
"2015","ko","kommune","Arendal","Aust-Agder","RØDT","Rødt",0,0
"2015","ko","kommune","Arendal","Aust-Agder","SP","Senterpartiet",1,0
"2015","ko","kommune","Arendal","Aust-Agder","KRF","Kristelig Folkeparti",3,0
"2015","ko","kommune","Arendal","Aust-Agder","MDG","Miljøpartiet De Grønne",1,1
"2015","ko","kommune","Arendal","Aust-Agder","V","Venstre",2,-1
"2015","ko","kommune","Arendal","Aust-Agder","H","Høyre",8,-4
"2015","ko","kommune","Arendal","Aust-Agder","FRP","Fremskrittspartiet",6,0
"2015","ko","kommune","Arendal","Aust-Agder","PP","Pensjonistpartiet",1,-1
"2015","ko","kommune","Arendal","Aust-Agder","BLANKE","Blanke",0,0
"2015","ko","kommune","Arendal","Aust-Agder","KRISTNE","Partiet De Kristne",0,0
"2015","ko","kommune","Arendal","Aust-Agder","Andre","Andre",1,-1
"2015","ko","kommune","Arendal","Aust-Agder","Andre2","Andre2",0,0
"2015","ko","kommune","Gjerstad","Aust-Agder","A","Arbeiderpartiet",6,0
"2015","ko","kommune","Gjerstad","Aust-Agder","SP","Senterpartiet",5,0
"2015","ko","kommune","Gjerstad","Aust-Agder","KRF","Kristelig Folkeparti",1,0
"2015","ko","kommune","Gjerstad","Aust-Agder","V","Venstre",0,-1
"2015","ko","kommune","Gjerstad","Aust-Agder","H","Høyre",4,-2
"2015","ko","kommune","Gjerstad","Aust-Agder","FRP","Fremskrittspartiet",1,-1
"2015","ko","kommune","Gjerstad","Aust-Agder","BLANKE","Blanke",0,0
"2015","ko","kommune","Gjerstad","Aust-Agder","Andre","Andre",0,0
"2015","ko","kommune","Gjerstad","Aust-Agder","Andre2","Andre2",0,0
"2015","ko","kommune","Vegårshei","Aust-Agder","A","Arbeiderpartiet",6,0
"2015","ko","kommune","Vegårshei","Aust-Agder","SP","Senterpartiet",5,1
"2015","ko","kommune","Vegårshei","Aust-Agder","KRF","Kristelig Folkeparti",6,1
"2015","ko","kommune","Vegårshei","Aust-Agder","H","Høyre",3,-2
"2015","ko","kommune","Vegårshei","Aust-Agder","FRP","Fremskrittspartiet",1,0
"2015","ko","kommune","Vegårshei","Aust-Agder","BLANKE","Blanke",0,0
"2015","ko","kommune","Vegårshei","Aust-Agder","Andre","Andre",0,0
"2015","ko","kommune","Vegårshei","Aust-Agder","Andre2","Andre2",0,0
"2015","ko","kommune","Tvedestrand","Aust-Agder","A","Arbeiderpartiet",6,0
"2015","ko","kommune","Tvedestrand","Aust-Agder","SP","Senterpartiet",4,1
"2015","ko","kommune","Tvedestrand","Aust-Agder","KRF","Kristelig Folkeparti",1,-1
"2015","ko","kommune","Tvedestrand","Aust-Agder","MDG","Miljøpartiet De Grønne",1,1
"2015","ko","kommune","Tvedestrand","Aust-Agder","V","Venstre",2,1
"2015","ko","kommune","Tvedestrand","Aust-Agder","H","Høyre",3,-1
"2015","ko","kommune","Tvedestrand","Aust-Agder","FRP","Fremskrittspartiet",1,0
"2015","ko","kommune","Tvedestrand","Aust-Agder","BLANKE","Blanke",0,0
"2015","ko","kommune","Tvedestrand","Aust-Agder","TTL","Tvedestrand Tverrpolitiske Liste",7,-1
"2015","ko","kommune","Tvedestrand","Aust-Agder","Andre","Andre",7,-1
"2015","ko","kommune","Tvedestrand","Aust-Agder","Andre2","Andre2",0,0
"2015","ko","kommune","Froland","Aust-Agder","A","Arbeiderpartiet",5,1
"2015","ko","kommune","Froland","Aust-Agder","SV","Sosialistisk Venstreparti",0,0
"2015","ko","kommune","Froland","Aust-Agder","SP","Senterpartiet",4,-2
"2015","ko","kommune","Froland","Aust-Agder","KRF","Kristelig Folkeparti",6,2
"2015","ko","kommune","Froland","Aust-Agder","V","Venstre",0,0
"2015","ko","kommune","Froland","Aust-Agder","H","Høyre",1,-1
"2015","ko","kommune","Froland","Aust-Agder","FRP","Fremskrittspartiet",3,0
"2015","ko","kommune","Froland","Aust-Agder","BLANKE","Blanke",0,0
"2015","ko","kommune","Froland","Aust-Agder","Andre","Andre",0,0
"2015","ko","kommune","Froland","Aust-Agder","Andre2","Andre2",0,0
"2015","ko","kommune","Lillesand","Aust-Agder","A","Arbeiderpartiet",6,1
"2015","ko","kommune","Lillesand","Aust-Agder","SV","Sosialistisk Venstreparti",1,0
"2015","ko","kommune","Lillesand","Aust-Agder","SP","Senterpartiet",1,0
"2015","ko","kommune","Lillesand","Aust-Agder","KRF","Kristelig Folkeparti",2,0
"2015","ko","kommune","Lillesand","Aust-Agder","MDG","Miljøpartiet De Grønne",1,1
"2015","ko","kommune","Lillesand","Aust-Agder","V","Venstre",2,0
"2015","ko","kommune","Lillesand","Aust-Agder","H","Høyre",10,-3
"2015","ko","kommune","Lillesand","Aust-Agder","FRP","Fremskrittspartiet",2,0
"2015","ko","kommune","Lillesand","Aust-Agder","PP","Pensjonistpartiet",2,1
"2015","ko","kommune","Lillesand","Aust-Agder","BLANKE","Blanke",0,0
"2015","ko","kommune","Lillesand","Aust-Agder","Andre","Andre",2,1
"2015","ko","kommune","Lillesand","Aust-Agder","Andre2","Andre2",0,0
"2015","ko","kommune","Birkenes","Aust-Agder","A","Arbeiderpartiet",5,1
"2015","ko","kommune","Birkenes","Aust-Agder","SV","Sosialistisk Venstreparti",0,-1
"2015","ko","kommune","Birkenes","Aust-Agder","SP","Senterpartiet",3,1
"2015","ko","kommune","Birkenes","Aust-Agder","KRF","Kristelig Folkeparti",5,1
"2015","ko","kommune","Birkenes","Aust-Agder","V","Venstre",1,1
"2015","ko","kommune","Birkenes","Aust-Agder","H","Høyre",5,-3
"2015","ko","kommune","Birkenes","Aust-Agder","FRP","Fremskrittspartiet",2,0
"2015","ko","kommune","Birkenes","Aust-Agder","BLANKE","Blanke",0,0
"2015","ko","kommune","Birkenes","Aust-Agder","Andre","Andre",0,0
"2015","ko","kommune","Birkenes","Aust-Agder","Andre2","Andre2",0,0
"2015","ko","kommune","Åmli","Aust-Agder","A","Arbeiderpartiet",7,1
"2015","ko","kommune","Åmli","Aust-Agder","SP","Senterpartiet",6,2
"2015","ko","kommune","Åmli","Aust-Agder","KRF","Kristelig Folkeparti",2,-1
"2015","ko","kommune","Åmli","Aust-Agder","H","Høyre",2,-1
"2015","ko","kommune","Åmli","Aust-Agder","BLANKE","Blanke",0,0
"2015","ko","kommune","Åmli","Aust-Agder","Andre","Andre",0,0
"2015","ko","kommune","Åmli","Aust-Agder","Andre2","Andre2",0,-1
"2015","ko","kommune","Iveland","Aust-Agder","A","Arbeiderpartiet",3,0
"2015","ko","kommune","Iveland","Aust-Agder","SP","Senterpartiet",5,0
"2015","ko","kommune","Iveland","Aust-Agder","KRF","Kristelig Folkeparti",6,3
"2015","ko","kommune","Iveland","Aust-Agder","V","Venstre",1,-1
"2015","ko","kommune","Iveland","Aust-Agder","H","Høyre",1,-1
"2015","ko","kommune","Iveland","Aust-Agder","FRP","Fremskrittspartiet",1,-1
"2015","ko","kommune","Iveland","Aust-Agder","BLANKE","Blanke",0,0
"2015","ko","kommune","Iveland","Aust-Agder","Andre","Andre",0,0
"2015","ko","kommune","Iveland","Aust-Agder","Andre2","Andre2",0,0
"2015","ko","kommune","Evje og Hornnes","Aust-Agder","A","Arbeiderpartiet",6,0
"2015","ko","kommune","Evje og Hornnes","Aust-Agder","SP","Senterpartiet",2,0
"2015","ko","kommune","Evje og Hornnes","Aust-Agder","KRF","Kristelig Folkeparti",9,2
"2015","ko","kommune","Evje og Hornnes","Aust-Agder","V","Venstre",1,1
"2015","ko","kommune","Evje og Hornnes","Aust-Agder","H","Høyre",2,-2
"2015","ko","kommune","Evje og Hornnes","Aust-Agder","FRP","Fremskrittspartiet",1,0
"2015","ko","kommune","Evje og Hornnes","Aust-Agder","BLANKE","Blanke",0,0
"2015","ko","kommune","Evje og Hornnes","Aust-Agder","Andre","Andre",0,0
"2015","ko","kommune","Evje og Hornnes","Aust-Agder","Andre2","Andre2",0,-1
"2015","ko","kommune","Bygland","Aust-Agder","A","Arbeiderpartiet",3,0
"2015","ko","kommune","Bygland","Aust-Agder","SP","Senterpartiet",5,0
"2015","ko","kommune","Bygland","Aust-Agder","BHBV","Bygland Høgre/Bygland Venstre",4,1
"2015","ko","kommune","Bygland","Aust-Agder","BLANKE","Blanke",0,0
"2015","ko","kommune","Bygland","Aust-Agder","BYB","Bygland Bygdeliste",3,-1
"2015","ko","kommune","Bygland","Aust-Agder","Andre","Andre",7,0
"2015","ko","kommune","Bygland","Aust-Agder","Andre2","Andre2",0,0
"2015","ko","kommune","Valle","Aust-Agder","A","Arbeiderpartiet",7,3
"2015","ko","kommune","Valle","Aust-Agder","SP","Senterpartiet",4,-2
"2015","ko","kommune","Valle","Aust-Agder","V","Venstre",2,1
"2015","ko","kommune","Valle","Aust-Agder","H","Høyre",2,-1
"2015","ko","kommune","Valle","Aust-Agder","BLANKE","Blanke",0,0
"2015","ko","kommune","Valle","Aust-Agder","Andre","Andre",0,0
"2015","ko","kommune","Valle","Aust-Agder","Andre2","Andre2",0,-1
"2015","ko","kommune","Bykle","Aust-Agder","A","Arbeiderpartiet",6,1
"2015","ko","kommune","Bykle","Aust-Agder","SP","Senterpartiet",2,0
"2015","ko","kommune","Bykle","Aust-Agder","KRF","Kristelig Folkeparti",1,1
"2015","ko","kommune","Bykle","Aust-Agder","V","Venstre",2,1
"2015","ko","kommune","Bykle","Aust-Agder","H","Høyre",2,-2
"2015","ko","kommune","Bykle","Aust-Agder","BLANKE","Blanke",0,0
"2015","ko","kommune","Bykle","Aust-Agder","Andre","Andre",0,0
"2015","ko","kommune","Bykle","Aust-Agder","Andre2","Andre2",0,-1
"2015","ko","kommune","Kristiansand","Vest-Agder","A","Arbeiderpartiet",15,1
"2015","ko","kommune","Kristiansand","Vest-Agder","SV","Sosialistisk Venstreparti",2,1
"2015","ko","kommune","Kristiansand","Vest-Agder","RØDT","Rødt",1,0
"2015","ko","kommune","Kristiansand","Vest-Agder","SP","Senterpartiet",1,1
"2015","ko","kommune","Kristiansand","Vest-Agder","KRF","Kristelig Folkeparti",8,-1
"2015","ko","kommune","Kristiansand","Vest-Agder","MDG","Miljøpartiet De Grønne",3,2
"2015","ko","kommune","Kristiansand","Vest-Agder","V","Venstre",3,0
"2015","ko","kommune","Kristiansand","Vest-Agder","H","Høyre",13,-1
"2015","ko","kommune","Kristiansand","Vest-Agder","FRP","Fremskrittspartiet",4,-2
"2015","ko","kommune","Kristiansand","Vest-Agder","DEMN","Demokratene i Norge",2,0
"2015","ko","kommune","Kristiansand","Vest-Agder","PIR","Piratpartiet",0,0
"2015","ko","kommune","Kristiansand","Vest-Agder","PP","Pensjonistpartiet",1,-1
"2015","ko","kommune","Kristiansand","Vest-Agder","BLANKE","Blanke",0,0
"2015","ko","kommune","Kristiansand","Vest-Agder","KRISTNE","Partiet De Kristne",0,0
"2015","ko","kommune","Kristiansand","Vest-Agder","Andre","Andre",3,-1
"2015","ko","kommune","Kristiansand","Vest-Agder","Andre2","Andre2",0,0
"2015","ko","kommune","Mandal","Vest-Agder","A","Arbeiderpartiet",11,2
"2015","ko","kommune","Mandal","Vest-Agder","SV","Sosialistisk Venstreparti",1,0
"2015","ko","kommune","Mandal","Vest-Agder","SP","Senterpartiet",1,0
"2015","ko","kommune","Mandal","Vest-Agder","KRF","Kristelig Folkeparti",4,-1
"2015","ko","kommune","Mandal","Vest-Agder","MDG","Miljøpartiet De Grønne",1,0
"2015","ko","kommune","Mandal","Vest-Agder","V","Venstre",2,0
"2015","ko","kommune","Mandal","Vest-Agder","H","Høyre",7,1
"2015","ko","kommune","Mandal","Vest-Agder","FRP","Fremskrittspartiet",8,-2
"2015","ko","kommune","Mandal","Vest-Agder","BLANKE","Blanke",0,0
"2015","ko","kommune","Mandal","Vest-Agder","Andre","Andre",0,0
"2015","ko","kommune","Mandal","Vest-Agder","Andre2","Andre2",0,0
"2015","ko","kommune","Farsund","Vest-Agder","A","Arbeiderpartiet",6,2
"2015","ko","kommune","Farsund","Vest-Agder","SV","Sosialistisk Venstreparti",1,0
"2015","ko","kommune","Farsund","Vest-Agder","RØDT","Rødt",0,0
"2015","ko","kommune","Farsund","Vest-Agder","SP","Senterpartiet",2,1
"2015","ko","kommune","Farsund","Vest-Agder","KRF","Kristelig Folkeparti",5,1
"2015","ko","kommune","Farsund","Vest-Agder","MDG","Miljøpartiet De Grønne",0,0
"2015","ko","kommune","Farsund","Vest-Agder","V","Venstre",2,0
"2015","ko","kommune","Farsund","Vest-Agder","H","Høyre",6,0
"2015","ko","kommune","Farsund","Vest-Agder","FRP","Fremskrittspartiet",6,-4
"2015","ko","kommune","Farsund","Vest-Agder","PP","Pensjonistpartiet",1,0
"2015","ko","kommune","Farsund","Vest-Agder","BLANKE","Blanke",0,0
"2015","ko","kommune","Farsund","Vest-Agder","KRISTNE","Partiet De Kristne",0,0
"2015","ko","kommune","Farsund","Vest-Agder","Andre","Andre",1,0
"2015","ko","kommune","Farsund","Vest-Agder","Andre2","Andre2",0,0
"2015","ko","kommune","Flekkefjord","Vest-Agder","A","Arbeiderpartiet",6,0
"2015","ko","kommune","Flekkefjord","Vest-Agder","SV","Sosialistisk Venstreparti",1,0
"2015","ko","kommune","Flekkefjord","Vest-Agder","SP","Senterpartiet",4,1
"2015","ko","kommune","Flekkefjord","Vest-Agder","KRF","Kristelig Folkeparti",5,-1
"2015","ko","kommune","Flekkefjord","Vest-Agder","MDG","Miljøpartiet De Grønne",1,1
"2015","ko","kommune","Flekkefjord","Vest-Agder","V","Venstre",4,-1
"2015","ko","kommune","Flekkefjord","Vest-Agder","H","Høyre",8,-1
"2015","ko","kommune","Flekkefjord","Vest-Agder","FRP","Fremskrittspartiet",6,1
"2015","ko","kommune","Flekkefjord","Vest-Agder","BLANKE","Blanke",0,0
"2015","ko","kommune","Flekkefjord","Vest-Agder","Andre","Andre",0,0
"2015","ko","kommune","Flekkefjord","Vest-Agder","Andre2","Andre2",0,0
"2015","ko","kommune","Vennesla","Vest-Agder","A","Arbeiderpartiet",7,-1
"2015","ko","kommune","Vennesla","Vest-Agder","SV","Sosialistisk Venstreparti",0,0
"2015","ko","kommune","Vennesla","Vest-Agder","SP","Senterpartiet",4,2
"2015","ko","kommune","Vennesla","Vest-Agder","KRF","Kristelig Folkeparti",8,0
"2015","ko","kommune","Vennesla","Vest-Agder","MDG","Miljøpartiet De Grønne",0,0
"2015","ko","kommune","Vennesla","Vest-Agder","V","Venstre",1,0
"2015","ko","kommune","Vennesla","Vest-Agder","H","Høyre",3,-1
"2015","ko","kommune","Vennesla","Vest-Agder","FRP","Fremskrittspartiet",3,-1
"2015","ko","kommune","Vennesla","Vest-Agder","DEMN","Demokratene i Norge",0,0
"2015","ko","kommune","Vennesla","Vest-Agder","PP","Pensjonistpartiet",0,0
"2015","ko","kommune","Vennesla","Vest-Agder","BLANKE","Blanke",0,0
"2015","ko","kommune","Vennesla","Vest-Agder","KRISTNE","Partiet De Kristne",1,1
"2015","ko","kommune","Vennesla","Vest-Agder","Andre","Andre",1,1
"2015","ko","kommune","Vennesla","Vest-Agder","Andre2","Andre2",0,0
"2015","ko","kommune","Songdalen","Vest-Agder","A","Arbeiderpartiet",6,0
"2015","ko","kommune","Songdalen","Vest-Agder","SP","Senterpartiet",7,1
"2015","ko","kommune","Songdalen","Vest-Agder","KRF","Kristelig Folkeparti",4,0
"2015","ko","kommune","Songdalen","Vest-Agder","MDG","Miljøpartiet De Grønne",1,1
"2015","ko","kommune","Songdalen","Vest-Agder","V","Venstre",1,0
"2015","ko","kommune","Songdalen","Vest-Agder","H","Høyre",3,-1
"2015","ko","kommune","Songdalen","Vest-Agder","FRP","Fremskrittspartiet",3,-1
"2015","ko","kommune","Songdalen","Vest-Agder","DEMN","Demokratene i Norge",0,0
"2015","ko","kommune","Songdalen","Vest-Agder","BLANKE","Blanke",0,0
"2015","ko","kommune","Songdalen","Vest-Agder","KRISTNE","Partiet De Kristne",0,0
"2015","ko","kommune","Songdalen","Vest-Agder","Andre","Andre",0,0
"2015","ko","kommune","Songdalen","Vest-Agder","Andre2","Andre2",0,0
"2015","ko","kommune","Søgne","Vest-Agder","A","Arbeiderpartiet",8,2
"2015","ko","kommune","Søgne","Vest-Agder","SV","Sosialistisk Venstreparti",1,0
"2015","ko","kommune","Søgne","Vest-Agder","RØDT","Rødt",0,0
"2015","ko","kommune","Søgne","Vest-Agder","SP","Senterpartiet",1,0
"2015","ko","kommune","Søgne","Vest-Agder","KRF","Kristelig Folkeparti",3,0
"2015","ko","kommune","Søgne","Vest-Agder","MDG","Miljøpartiet De Grønne",1,1
"2015","ko","kommune","Søgne","Vest-Agder","V","Venstre",2,0
"2015","ko","kommune","Søgne","Vest-Agder","H","Høyre",6,-3
"2015","ko","kommune","Søgne","Vest-Agder","FRP","Fremskrittspartiet",5,0
"2015","ko","kommune","Søgne","Vest-Agder","PP","Pensjonistpartiet",0,0
"2015","ko","kommune","Søgne","Vest-Agder","BLANKE","Blanke",0,0
"2015","ko","kommune","Søgne","Vest-Agder","KRISTNE","Partiet De Kristne",0,0
"2015","ko","kommune","Søgne","Vest-Agder","Andre","Andre",0,0
"2015","ko","kommune","Søgne","Vest-Agder","Andre2","Andre2",0,0
"2015","ko","kommune","Marnardal","Vest-Agder","A","Arbeiderpartiet",9,1
"2015","ko","kommune","Marnardal","Vest-Agder","SP","Senterpartiet",5,1
"2015","ko","kommune","Marnardal","Vest-Agder","KRF","Kristelig Folkeparti",3,0
"2015","ko","kommune","Marnardal","Vest-Agder","V","Venstre",0,-1
"2015","ko","kommune","Marnardal","Vest-Agder","H","Høyre",3,0
"2015","ko","kommune","Marnardal","Vest-Agder","FRP","Fremskrittspartiet",1,-1
"2015","ko","kommune","Marnardal","Vest-Agder","BLANKE","Blanke",0,0
"2015","ko","kommune","Marnardal","Vest-Agder","Andre","Andre",0,0
"2015","ko","kommune","Marnardal","Vest-Agder","Andre2","Andre2",0,0
"2015","ko","kommune","Åseral","Vest-Agder","A","Arbeiderpartiet",3,-1
"2015","ko","kommune","Åseral","Vest-Agder","SP","Senterpartiet",6,-2
"2015","ko","kommune","Åseral","Vest-Agder","KRF","Kristelig Folkeparti",4,4
"2015","ko","kommune","Åseral","Vest-Agder","H","Høyre",4,2
"2015","ko","kommune","Åseral","Vest-Agder","BLANKE","Blanke",0,0
"2015","ko","kommune","Åseral","Vest-Agder","Andre","Andre",0,0
"2015","ko","kommune","Åseral","Vest-Agder","Andre2","Andre2",0,-3
"2015","ko","kommune","Audnedal","Vest-Agder","A","Arbeiderpartiet",3,0
"2015","ko","kommune","Audnedal","Vest-Agder","SP","Senterpartiet",3,2
"2015","ko","kommune","Audnedal","Vest-Agder","KRF","Kristelig Folkeparti",4,-1
"2015","ko","kommune","Audnedal","Vest-Agder","H","Høyre",1,0
"2015","ko","kommune","Audnedal","Vest-Agder","FRP","Fremskrittspartiet",1,1
"2015","ko","kommune","Audnedal","Vest-Agder","BLANKE","Blanke",0,0
"2015","ko","kommune","Audnedal","Vest-Agder","BØA","Bygdelista for Audnedal",5,-2
"2015","ko","kommune","Audnedal","Vest-Agder","Andre","Andre",5,-2
"2015","ko","kommune","Audnedal","Vest-Agder","Andre2","Andre2",0,0
"2015","ko","kommune","Lindesnes","Vest-Agder","A","Arbeiderpartiet",3,1
"2015","ko","kommune","Lindesnes","Vest-Agder","SP","Senterpartiet",1,0
"2015","ko","kommune","Lindesnes","Vest-Agder","KRF","Kristelig Folkeparti",5,0
"2015","ko","kommune","Lindesnes","Vest-Agder","V","Venstre",2,-2
"2015","ko","kommune","Lindesnes","Vest-Agder","H","Høyre",7,2
"2015","ko","kommune","Lindesnes","Vest-Agder","FRP","Fremskrittspartiet",2,0
"2015","ko","kommune","Lindesnes","Vest-Agder","PP","Pensjonistpartiet",1,-1
"2015","ko","kommune","Lindesnes","Vest-Agder","BLANKE","Blanke",0,0
"2015","ko","kommune","Lindesnes","Vest-Agder","Andre","Andre",1,-1
"2015","ko","kommune","Lindesnes","Vest-Agder","Andre2","Andre2",0,0
"2015","ko","kommune","Lyngdal","Vest-Agder","A","Arbeiderpartiet",3,0
"2015","ko","kommune","Lyngdal","Vest-Agder","SV","Sosialistisk Venstreparti",0,-1
"2015","ko","kommune","Lyngdal","Vest-Agder","SP","Senterpartiet",3,0
"2015","ko","kommune","Lyngdal","Vest-Agder","KRF","Kristelig Folkeparti",6,1
"2015","ko","kommune","Lyngdal","Vest-Agder","MDG","Miljøpartiet De Grønne",0,0
"2015","ko","kommune","Lyngdal","Vest-Agder","V","Venstre",2,1
"2015","ko","kommune","Lyngdal","Vest-Agder","H","Høyre",12,-1
"2015","ko","kommune","Lyngdal","Vest-Agder","FRP","Fremskrittspartiet",3,0
"2015","ko","kommune","Lyngdal","Vest-Agder","BLANKE","Blanke",0,0
"2015","ko","kommune","Lyngdal","Vest-Agder","KRISTNE","Partiet De Kristne",0,0
"2015","ko","kommune","Lyngdal","Vest-Agder","Andre","Andre",0,0
"2015","ko","kommune","Lyngdal","Vest-Agder","Andre2","Andre2",0,0
"2015","ko","kommune","Hægebostad","Vest-Agder","A","Arbeiderpartiet",1,-1
"2015","ko","kommune","Hægebostad","Vest-Agder","SP","Senterpartiet",4,2
"2015","ko","kommune","Hægebostad","Vest-Agder","KRF","Kristelig Folkeparti",2,0
"2015","ko","kommune","Hægebostad","Vest-Agder","MDG","Miljøpartiet De Grønne",0,0
"2015","ko","kommune","Hægebostad","Vest-Agder","H","Høyre",3,-3
"2015","ko","kommune","Hægebostad","Vest-Agder","FRP","Fremskrittspartiet",3,0
"2015","ko","kommune","Hægebostad","Vest-Agder","BLANKE","Blanke",0,0
"2015","ko","kommune","Hægebostad","Vest-Agder","TPLH","Tverrpolitisk liste",2,-1
"2015","ko","kommune","Hægebostad","Vest-Agder","Andre","Andre",2,-1
"2015","ko","kommune","Hægebostad","Vest-Agder","Andre2","Andre2",0,-3
"2015","ko","kommune","Kvinesdal","Vest-Agder","A","Arbeiderpartiet",9,-2
"2015","ko","kommune","Kvinesdal","Vest-Agder","SP","Senterpartiet",2,0
"2015","ko","kommune","Kvinesdal","Vest-Agder","KRF","Kristelig Folkeparti",5,0
"2015","ko","kommune","Kvinesdal","Vest-Agder","MDG","Miljøpartiet De Grønne",1,1
"2015","ko","kommune","Kvinesdal","Vest-Agder","V","Venstre",0,0
"2015","ko","kommune","Kvinesdal","Vest-Agder","H","Høyre",5,0
"2015","ko","kommune","Kvinesdal","Vest-Agder","FRP","Fremskrittspartiet",5,1
"2015","ko","kommune","Kvinesdal","Vest-Agder","BLANKE","Blanke",0,0
"2015","ko","kommune","Kvinesdal","Vest-Agder","Andre","Andre",0,0
"2015","ko","kommune","Kvinesdal","Vest-Agder","Andre2","Andre2",0,0
"2015","ko","kommune","Sirdal","Vest-Agder","A","Arbeiderpartiet",6,1
"2015","ko","kommune","Sirdal","Vest-Agder","SP","Senterpartiet",4,1
"2015","ko","kommune","Sirdal","Vest-Agder","KRF","Kristelig Folkeparti",3,0
"2015","ko","kommune","Sirdal","Vest-Agder","V","Venstre",1,0
"2015","ko","kommune","Sirdal","Vest-Agder","H","Høyre",3,1
"2015","ko","kommune","Sirdal","Vest-Agder","BLANKE","Blanke",0,0
"2015","ko","kommune","Sirdal","Vest-Agder","SIRBYG","Sirdal Bygdeliste",2,2
"2015","ko","kommune","Sirdal","Vest-Agder","Andre","Andre",2,2
"2015","ko","kommune","Sirdal","Vest-Agder","Andre2","Andre2",0,-5
"2015","ko","kommune","Eigersund","Rogaland","A","Arbeiderpartiet",10,2
"2015","ko","kommune","Eigersund","Rogaland","SV","Sosialistisk Venstreparti",1,0
"2015","ko","kommune","Eigersund","Rogaland","SP","Senterpartiet",3,1
"2015","ko","kommune","Eigersund","Rogaland","KRF","Kristelig Folkeparti",5,-1
"2015","ko","kommune","Eigersund","Rogaland","V","Venstre",1,-1
"2015","ko","kommune","Eigersund","Rogaland","H","Høyre",6,-2
"2015","ko","kommune","Eigersund","Rogaland","FRP","Fremskrittspartiet",5,1
"2015","ko","kommune","Eigersund","Rogaland","BLANKE","Blanke",0,0
"2015","ko","kommune","Eigersund","Rogaland","Andre","Andre",0,0
"2015","ko","kommune","Eigersund","Rogaland","Andre2","Andre2",0,0
"2015","ko","kommune","Sandnes","Rogaland","A","Arbeiderpartiet",18,7
"2015","ko","kommune","Sandnes","Rogaland","SV","Sosialistisk Venstreparti",1,-1
"2015","ko","kommune","Sandnes","Rogaland","RØDT","Rødt",0,0
"2015","ko","kommune","Sandnes","Rogaland","SP","Senterpartiet",2,-1
"2015","ko","kommune","Sandnes","Rogaland","KRF","Kristelig Folkeparti",5,1
"2015","ko","kommune","Sandnes","Rogaland","MDG","Miljøpartiet De Grønne",1,1
"2015","ko","kommune","Sandnes","Rogaland","V","Venstre",2,0
"2015","ko","kommune","Sandnes","Rogaland","H","Høyre",8,-7
"2015","ko","kommune","Sandnes","Rogaland","FRP","Fremskrittspartiet",12,1
"2015","ko","kommune","Sandnes","Rogaland","PP","Pensjonistpartiet",0,-1
"2015","ko","kommune","Sandnes","Rogaland","BLANKE","Blanke",0,0
"2015","ko","kommune","Sandnes","Rogaland","KRISTNE","Partiet De Kristne",0,0
"2015","ko","kommune","Sandnes","Rogaland","Andre","Andre",0,-1
"2015","ko","kommune","Sandnes","Rogaland","Andre2","Andre2",0,0
"2015","ko","kommune","Stavanger","Rogaland","A","Arbeiderpartiet",18,-1
"2015","ko","kommune","Stavanger","Rogaland","SV","Sosialistisk Venstreparti",3,0
"2015","ko","kommune","Stavanger","Rogaland","RØDT","Rødt",1,0
"2015","ko","kommune","Stavanger","Rogaland","SP","Senterpartiet",1,0
"2015","ko","kommune","Stavanger","Rogaland","KRF","Kristelig Folkeparti",4,0
"2015","ko","kommune","Stavanger","Rogaland","MDG","Miljøpartiet De Grønne",4,3
"2015","ko","kommune","Stavanger","Rogaland","V","Venstre",6,1
"2015","ko","kommune","Stavanger","Rogaland","H","Høyre",19,-4
"2015","ko","kommune","Stavanger","Rogaland","FRP","Fremskrittspartiet",7,-2
"2015","ko","kommune","Stavanger","Rogaland","PP","Pensjonistpartiet",1,0
"2015","ko","kommune","Stavanger","Rogaland","BLANKE","Blanke",0,0
"2015","ko","kommune","Stavanger","Rogaland","FNB","Folkeaksjonen Nei til mer bompenger",3,3
"2015","ko","kommune","Stavanger","Rogaland","KRISTNE","Partiet De Kristne",0,0
"2015","ko","kommune","Stavanger","Rogaland","Andre","Andre",4,3
"2015","ko","kommune","Stavanger","Rogaland","Andre2","Andre2",0,0
"2015","ko","kommune","Haugesund","Rogaland","A","Arbeiderpartiet",19,5
"2015","ko","kommune","Haugesund","Rogaland","SV","Sosialistisk Venstreparti",2,1
"2015","ko","kommune","Haugesund","Rogaland","RØDT","Rødt",0,0
"2015","ko","kommune","Haugesund","Rogaland","SP","Senterpartiet",1,1
"2015","ko","kommune","Haugesund","Rogaland","KRF","Kristelig Folkeparti",3,0
"2015","ko","kommune","Haugesund","Rogaland","MDG","Miljøpartiet De Grønne",2,2
"2015","ko","kommune","Haugesund","Rogaland","V","Venstre",2,-1
"2015","ko","kommune","Haugesund","Rogaland","H","Høyre",11,-8
"2015","ko","kommune","Haugesund","Rogaland","FRP","Fremskrittspartiet",7,1
"2015","ko","kommune","Haugesund","Rogaland","PP","Pensjonistpartiet",2,-1
"2015","ko","kommune","Haugesund","Rogaland","BLANKE","Blanke",0,0
"2015","ko","kommune","Haugesund","Rogaland","KRISTNE","Partiet De Kristne",0,0
"2015","ko","kommune","Haugesund","Rogaland","Andre","Andre",2,-1
"2015","ko","kommune","Haugesund","Rogaland","Andre2","Andre2",0,0
"2015","ko","kommune","Sokndal","Rogaland","A","Arbeiderpartiet",7,1
"2015","ko","kommune","Sokndal","Rogaland","SP","Senterpartiet",1,0
"2015","ko","kommune","Sokndal","Rogaland","KRF","Kristelig Folkeparti",6,2
"2015","ko","kommune","Sokndal","Rogaland","V","Venstre",2,0
"2015","ko","kommune","Sokndal","Rogaland","H","Høyre",3,-1
"2015","ko","kommune","Sokndal","Rogaland","FRP","Fremskrittspartiet",2,-2
"2015","ko","kommune","Sokndal","Rogaland","BLANKE","Blanke",0,0
"2015","ko","kommune","Sokndal","Rogaland","Andre","Andre",0,0
"2015","ko","kommune","Sokndal","Rogaland","Andre2","Andre2",0,0
"2015","ko","kommune","Lund","Rogaland","A","Arbeiderpartiet",7,1
"2015","ko","kommune","Lund","Rogaland","SP","Senterpartiet",2,-1
"2015","ko","kommune","Lund","Rogaland","KRF","Kristelig Folkeparti",3,-2
"2015","ko","kommune","Lund","Rogaland","V","Venstre",2,1
"2015","ko","kommune","Lund","Rogaland","H","Høyre",3,0
"2015","ko","kommune","Lund","Rogaland","FRP","Fremskrittspartiet",4,1
"2015","ko","kommune","Lund","Rogaland","BLANKE","Blanke",0,0
"2015","ko","kommune","Lund","Rogaland","Andre","Andre",0,0
"2015","ko","kommune","Lund","Rogaland","Andre2","Andre2",0,0
"2015","ko","kommune","Bjerkreim","Rogaland","A","Arbeiderpartiet",2,0
"2015","ko","kommune","Bjerkreim","Rogaland","SP","Senterpartiet",5,1
"2015","ko","kommune","Bjerkreim","Rogaland","KRF","Kristelig Folkeparti",4,1
"2015","ko","kommune","Bjerkreim","Rogaland","V","Venstre",1,0
"2015","ko","kommune","Bjerkreim","Rogaland","H","Høyre",4,-2
"2015","ko","kommune","Bjerkreim","Rogaland","FRP","Fremskrittspartiet",1,0
"2015","ko","kommune","Bjerkreim","Rogaland","BLANKE","Blanke",0,0
"2015","ko","kommune","Bjerkreim","Rogaland","Andre","Andre",0,0
"2015","ko","kommune","Bjerkreim","Rogaland","Andre2","Andre2",0,0
"2015","ko","kommune","Hå","Rogaland","A","Arbeiderpartiet",3,0
"2015","ko","kommune","Hå","Rogaland","SV","Sosialistisk Venstreparti",0,0
"2015","ko","kommune","Hå","Rogaland","SP","Senterpartiet",3,0
"2015","ko","kommune","Hå","Rogaland","KRF","Kristelig Folkeparti",7,1
"2015","ko","kommune","Hå","Rogaland","MDG","Miljøpartiet De Grønne",0,0
"2015","ko","kommune","Hå","Rogaland","V","Venstre",0,0
"2015","ko","kommune","Hå","Rogaland","H","Høyre",6,-1
"2015","ko","kommune","Hå","Rogaland","FRP","Fremskrittspartiet",3,0
"2015","ko","kommune","Hå","Rogaland","BLANKE","Blanke",0,0
"2015","ko","kommune","Hå","Rogaland","KRISTNE","Partiet De Kristne",0,0
"2015","ko","kommune","Hå","Rogaland","NÆ","Nærbølista",10,-1
"2015","ko","kommune","Hå","Rogaland","SH","Samlingsliste for søre Hå",1,1
"2015","ko","kommune","Hå","Rogaland","Andre","Andre",11,0
"2015","ko","kommune","Hå","Rogaland","Andre2","Andre2",0,0
"2015","ko","kommune","Klepp","Rogaland","A","Arbeiderpartiet",5,0
"2015","ko","kommune","Klepp","Rogaland","SP","Senterpartiet",4,1
"2015","ko","kommune","Klepp","Rogaland","KRF","Kristelig Folkeparti",5,0
"2015","ko","kommune","Klepp","Rogaland","MDG","Miljøpartiet De Grønne",1,1
"2015","ko","kommune","Klepp","Rogaland","V","Venstre",1,0
"2015","ko","kommune","Klepp","Rogaland","H","Høyre",9,-2
"2015","ko","kommune","Klepp","Rogaland","FRP","Fremskrittspartiet",6,0
"2015","ko","kommune","Klepp","Rogaland","BLANKE","Blanke",0,0
"2015","ko","kommune","Klepp","Rogaland","Andre","Andre",0,0
"2015","ko","kommune","Klepp","Rogaland","Andre2","Andre2",0,0
"2015","ko","kommune","Time","Rogaland","A","Arbeiderpartiet",5,1
"2015","ko","kommune","Time","Rogaland","SV","Sosialistisk Venstreparti",1,0
"2015","ko","kommune","Time","Rogaland","SP","Senterpartiet",4,0
"2015","ko","kommune","Time","Rogaland","KRF","Kristelig Folkeparti",4,0
"2015","ko","kommune","Time","Rogaland","MDG","Miljøpartiet De Grønne",1,1
"2015","ko","kommune","Time","Rogaland","V","Venstre",1,0
"2015","ko","kommune","Time","Rogaland","H","Høyre",8,-2
"2015","ko","kommune","Time","Rogaland","FRP","Fremskrittspartiet",3,0
"2015","ko","kommune","Time","Rogaland","BLANKE","Blanke",0,0
"2015","ko","kommune","Time","Rogaland","Andre","Andre",0,0
"2015","ko","kommune","Time","Rogaland","Andre2","Andre2",0,0
"2015","ko","kommune","Gjesdal","Rogaland","A","Arbeiderpartiet",10,4
"2015","ko","kommune","Gjesdal","Rogaland","SV","Sosialistisk Venstreparti",0,0
"2015","ko","kommune","Gjesdal","Rogaland","SP","Senterpartiet",3,1
"2015","ko","kommune","Gjesdal","Rogaland","KRF","Kristelig Folkeparti",6,-1
"2015","ko","kommune","Gjesdal","Rogaland","MDG","Miljøpartiet De Grønne",0,0
"2015","ko","kommune","Gjesdal","Rogaland","V","Venstre",0,-1
"2015","ko","kommune","Gjesdal","Rogaland","H","Høyre",4,-2
"2015","ko","kommune","Gjesdal","Rogaland","FRP","Fremskrittspartiet",4,-1
"2015","ko","kommune","Gjesdal","Rogaland","BLANKE","Blanke",0,0
"2015","ko","kommune","Gjesdal","Rogaland","Andre","Andre",0,0
"2015","ko","kommune","Gjesdal","Rogaland","Andre2","Andre2",0,0
"2015","ko","kommune","Sola","Rogaland","A","Arbeiderpartiet",7,0
"2015","ko","kommune","Sola","Rogaland","SV","Sosialistisk Venstreparti",0,-1
"2015","ko","kommune","Sola","Rogaland","SP","Senterpartiet",2,1
"2015","ko","kommune","Sola","Rogaland","KRF","Kristelig Folkeparti",4,0
"2015","ko","kommune","Sola","Rogaland","MDG","Miljøpartiet De Grønne",1,1
"2015","ko","kommune","Sola","Rogaland","V","Venstre",2,0
"2015","ko","kommune","Sola","Rogaland","H","Høyre",16,1
"2015","ko","kommune","Sola","Rogaland","FRP","Fremskrittspartiet",7,-1
"2015","ko","kommune","Sola","Rogaland","BLANKE","Blanke",0,0
"2015","ko","kommune","Sola","Rogaland","TAL","Tanangerlisten",2,0
"2015","ko","kommune","Sola","Rogaland","Andre","Andre",2,0
"2015","ko","kommune","Sola","Rogaland","Andre2","Andre2",0,-1
"2015","ko","kommune","Randaberg","Rogaland","A","Arbeiderpartiet",8,1
"2015","ko","kommune","Randaberg","Rogaland","SP","Senterpartiet",3,1
"2015","ko","kommune","Randaberg","Rogaland","KRF","Kristelig Folkeparti",4,0
"2015","ko","kommune","Randaberg","Rogaland","MDG","Miljøpartiet De Grønne",1,1
"2015","ko","kommune","Randaberg","Rogaland","V","Venstre",1,0
"2015","ko","kommune","Randaberg","Rogaland","H","Høyre",7,-1
"2015","ko","kommune","Randaberg","Rogaland","FRP","Fremskrittspartiet",3,0
"2015","ko","kommune","Randaberg","Rogaland","BLANKE","Blanke",0,0
"2015","ko","kommune","Randaberg","Rogaland","Andre","Andre",0,0
"2015","ko","kommune","Randaberg","Rogaland","Andre2","Andre2",0,0
"2015","ko","kommune","Forsand","Rogaland","A","Arbeiderpartiet",2,-1
"2015","ko","kommune","Forsand","Rogaland","SP","Senterpartiet",3,0
"2015","ko","kommune","Forsand","Rogaland","KRF","Kristelig Folkeparti",4,-1
"2015","ko","kommune","Forsand","Rogaland","H","Høyre",3,-2
"2015","ko","kommune","Forsand","Rogaland","BLANKE","Blanke",0,0
"2015","ko","kommune","Forsand","Rogaland","FOBYG","Forsand Bygdalista",2,2
"2015","ko","kommune","Forsand","Rogaland","FOOP","Optimistpartiet i Forsand",0,0
"2015","ko","kommune","Forsand","Rogaland","SAM","Samlingslista",3,3
"2015","ko","kommune","Forsand","Rogaland","Andre","Andre",5,5
"2015","ko","kommune","Forsand","Rogaland","Andre2","Andre2",0,-1
"2015","ko","kommune","Strand","Rogaland","A","Arbeiderpartiet",7,-5
"2015","ko","kommune","Strand","Rogaland","SV","Sosialistisk Venstreparti",1,0
"2015","ko","kommune","Strand","Rogaland","SP","Senterpartiet",2,0
"2015","ko","kommune","Strand","Rogaland","KRF","Kristelig Folkeparti",6,1
"2015","ko","kommune","Strand","Rogaland","MDG","Miljøpartiet De Grønne",1,1
"2015","ko","kommune","Strand","Rogaland","V","Venstre",1,0
"2015","ko","kommune","Strand","Rogaland","H","Høyre",7,2
"2015","ko","kommune","Strand","Rogaland","FRP","Fremskrittspartiet",3,0
"2015","ko","kommune","Strand","Rogaland","BLANKE","Blanke",0,0
"2015","ko","kommune","Strand","Rogaland","BTN","Bygdeliste for Tau og Nordbygda",1,1
"2015","ko","kommune","Strand","Rogaland","KRISTNE","Partiet De Kristne",0,0
"2015","ko","kommune","Strand","Rogaland","Andre","Andre",1,1
"2015","ko","kommune","Strand","Rogaland","Andre2","Andre2",0,0
"2015","ko","kommune","Hjelmeland","Rogaland","A","Arbeiderpartiet",3,1
"2015","ko","kommune","Hjelmeland","Rogaland","SV","Sosialistisk Venstreparti",0,-1
"2015","ko","kommune","Hjelmeland","Rogaland","SP","Senterpartiet",6,1
"2015","ko","kommune","Hjelmeland","Rogaland","KRF","Kristelig Folkeparti",4,0
"2015","ko","kommune","Hjelmeland","Rogaland","V","Venstre",1,0
"2015","ko","kommune","Hjelmeland","Rogaland","H","Høyre",5,0
"2015","ko","kommune","Hjelmeland","Rogaland","BLANKE","Blanke",0,0
"2015","ko","kommune","Hjelmeland","Rogaland","Andre","Andre",0,0
"2015","ko","kommune","Hjelmeland","Rogaland","Andre2","Andre2",0,-1
"2015","ko","kommune","Suldal","Rogaland","A","Arbeiderpartiet",3,-1
"2015","ko","kommune","Suldal","Rogaland","SV","Sosialistisk Venstreparti",2,1
"2015","ko","kommune","Suldal","Rogaland","SP","Senterpartiet",7,1
"2015","ko","kommune","Suldal","Rogaland","KRF","Kristelig Folkeparti",2,-1
"2015","ko","kommune","Suldal","Rogaland","MDG","Miljøpartiet De Grønne",0,0
"2015","ko","kommune","Suldal","Rogaland","V","Venstre",3,1
"2015","ko","kommune","Suldal","Rogaland","H","Høyre",2,0
"2015","ko","kommune","Suldal","Rogaland","BLANKE","Blanke",0,0
"2015","ko","kommune","Suldal","Rogaland","Andre","Andre",0,0
"2015","ko","kommune","Suldal","Rogaland","Andre2","Andre2",0,-1
"2015","ko","kommune","Sauda","Rogaland","A","Arbeiderpartiet",5,-4
"2015","ko","kommune","Sauda","Rogaland","SV","Sosialistisk Venstreparti",1,0
"2015","ko","kommune","Sauda","Rogaland","SP","Senterpartiet",9,7
"2015","ko","kommune","Sauda","Rogaland","KRF","Kristelig Folkeparti",1,0
"2015","ko","kommune","Sauda","Rogaland","V","Venstre",0,-1
"2015","ko","kommune","Sauda","Rogaland","H","Høyre",3,-1
"2015","ko","kommune","Sauda","Rogaland","BLANKE","Blanke",0,0
"2015","ko","kommune","Sauda","Rogaland","Andre","Andre",0,0
"2015","ko","kommune","Sauda","Rogaland","Andre2","Andre2",0,-1
"2015","ko","kommune","Finnøy","Rogaland","A","Arbeiderpartiet",2,-1
"2015","ko","kommune","Finnøy","Rogaland","SV","Sosialistisk Venstreparti",0,-1
"2015","ko","kommune","Finnøy","Rogaland","SP","Senterpartiet",4,0
"2015","ko","kommune","Finnøy","Rogaland","KRF","Kristelig Folkeparti",6,1
"2015","ko","kommune","Finnøy","Rogaland","V","Venstre",5,1
"2015","ko","kommune","Finnøy","Rogaland","H","Høyre",4,1
"2015","ko","kommune","Finnøy","Rogaland","BLANKE","Blanke",0,0
"2015","ko","kommune","Finnøy","Rogaland","Andre","Andre",0,0
"2015","ko","kommune","Finnøy","Rogaland","Andre2","Andre2",0,-1
"2015","ko","kommune","Rennesøy","Rogaland","A","Arbeiderpartiet",3,0
"2015","ko","kommune","Rennesøy","Rogaland","SP","Senterpartiet",5,1
"2015","ko","kommune","Rennesøy","Rogaland","KRF","Kristelig Folkeparti",3,0
"2015","ko","kommune","Rennesøy","Rogaland","H","Høyre",6,-1
"2015","ko","kommune","Rennesøy","Rogaland","FRP","Fremskrittspartiet",4,1
"2015","ko","kommune","Rennesøy","Rogaland","BLANKE","Blanke",0,0
"2015","ko","kommune","Rennesøy","Rogaland","Andre","Andre",0,0
"2015","ko","kommune","Rennesøy","Rogaland","Andre2","Andre2",0,-1
"2015","ko","kommune","Kvitsøy","Rogaland","FRP","Fremskrittspartiet",2,-1
"2015","ko","kommune","Kvitsøy","Rogaland","ATPG","Arbeiderpartiet-tverrpolitisk",3,-4
"2015","ko","kommune","Kvitsøy","Rogaland","BLANKE","Blanke",0,0
"2015","ko","kommune","Kvitsøy","Rogaland","KL","Kvitsøy Listen",4,4
"2015","ko","kommune","Kvitsøy","Rogaland","KRFFLFB","Felleslisten, KRF/Frie Borgerlige",6,1
"2015","ko","kommune","Kvitsøy","Rogaland","Andre","Andre",13,1
"2015","ko","kommune","Kvitsøy","Rogaland","Andre2","Andre2",0,0
"2015","ko","kommune","Bokn","Rogaland","A","Arbeiderpartiet",3,-3
"2015","ko","kommune","Bokn","Rogaland","SP","Senterpartiet",8,3
"2015","ko","kommune","Bokn","Rogaland","KRF","Kristelig Folkeparti",1,0
"2015","ko","kommune","Bokn","Rogaland","H","Høyre",5,0
"2015","ko","kommune","Bokn","Rogaland","BLANKE","Blanke",0,0
"2015","ko","kommune","Bokn","Rogaland","Andre","Andre",0,0
"2015","ko","kommune","Bokn","Rogaland","Andre2","Andre2",0,0
"2015","ko","kommune","Tysvær","Rogaland","A","Arbeiderpartiet",10,3
"2015","ko","kommune","Tysvær","Rogaland","SV","Sosialistisk Venstreparti",0,0
"2015","ko","kommune","Tysvær","Rogaland","SP","Senterpartiet",4,1
"2015","ko","kommune","Tysvær","Rogaland","KRF","Kristelig Folkeparti",4,0
"2015","ko","kommune","Tysvær","Rogaland","MDG","Miljøpartiet De Grønne",0,0
"2015","ko","kommune","Tysvær","Rogaland","V","Venstre",1,-1
"2015","ko","kommune","Tysvær","Rogaland","H","Høyre",6,-3
"2015","ko","kommune","Tysvær","Rogaland","FRP","Fremskrittspartiet",4,0
"2015","ko","kommune","Tysvær","Rogaland","BLANKE","Blanke",0,0
"2015","ko","kommune","Tysvær","Rogaland","KRISTNE","Partiet De Kristne",0,0
"2015","ko","kommune","Tysvær","Rogaland","Andre","Andre",0,0
"2015","ko","kommune","Tysvær","Rogaland","Andre2","Andre2",0,0
"2015","ko","kommune","Karmøy","Rogaland","A","Arbeiderpartiet",15,4
"2015","ko","kommune","Karmøy","Rogaland","SV","Sosialistisk Venstreparti",1,0
"2015","ko","kommune","Karmøy","Rogaland","RØDT","Rødt",0,0
"2015","ko","kommune","Karmøy","Rogaland","SP","Senterpartiet",2,1
"2015","ko","kommune","Karmøy","Rogaland","KRF","Kristelig Folkeparti",7,0
"2015","ko","kommune","Karmøy","Rogaland","MDG","Miljøpartiet De Grønne",1,1
"2015","ko","kommune","Karmøy","Rogaland","V","Venstre",1,0
"2015","ko","kommune","Karmøy","Rogaland","H","Høyre",8,-4
"2015","ko","kommune","Karmøy","Rogaland","FRP","Fremskrittspartiet",9,-2
"2015","ko","kommune","Karmøy","Rogaland","BLANKE","Blanke",0,0
"2015","ko","kommune","Karmøy","Rogaland","KRISTNE","Partiet De Kristne",1,1
"2015","ko","kommune","Karmøy","Rogaland","Andre","Andre",1,1
"2015","ko","kommune","Karmøy","Rogaland","Andre2","Andre2",0,-1
"2015","ko","kommune","Utsira","Rogaland","BLANKE","Blanke",0,0
"2015","ko","kommune","Utsira","Rogaland","BLUT","Utsira Bygdeliste",5,5
"2015","ko","kommune","Utsira","Rogaland","FLUT","Utsira Fellesliste",6,-3
"2015","ko","kommune","Utsira","Rogaland","Andre","Andre",11,2
"2015","ko","kommune","Utsira","Rogaland","Andre2","Andre2",0,-2
"2015","ko","kommune","Vindafjord","Rogaland","A","Arbeiderpartiet",3,-1
"2015","ko","kommune","Vindafjord","Rogaland","SV","Sosialistisk Venstreparti",1,0
"2015","ko","kommune","Vindafjord","Rogaland","SP","Senterpartiet",10,2
"2015","ko","kommune","Vindafjord","Rogaland","KRF","Kristelig Folkeparti",3,0
"2015","ko","kommune","Vindafjord","Rogaland","V","Venstre",2,2
"2015","ko","kommune","Vindafjord","Rogaland","H","Høyre",3,-2
"2015","ko","kommune","Vindafjord","Rogaland","FRP","Fremskrittspartiet",2,-1
"2015","ko","kommune","Vindafjord","Rogaland","BLANKE","Blanke",0,0
"2015","ko","kommune","Vindafjord","Rogaland","KRLB","Bjoa Bygdeliste",1,0
"2015","ko","kommune","Vindafjord","Rogaland","Andre","Andre",1,0
"2015","ko","kommune","Vindafjord","Rogaland","Andre2","Andre2",0,0
"2015","ko","kommune","Bergen","Hordaland","A","Arbeiderpartiet",26,7
"2015","ko","kommune","Bergen","Hordaland","SV","Sosialistisk Venstreparti",5,2
"2015","ko","kommune","Bergen","Hordaland","RØDT","Rødt",2,0
"2015","ko","kommune","Bergen","Hordaland","SP","Senterpartiet",1,0
"2015","ko","kommune","Bergen","Hordaland","KRF","Kristelig Folkeparti",4,0
"2015","ko","kommune","Bergen","Hordaland","MDG","Miljøpartiet De Grønne",4,3
"2015","ko","kommune","Bergen","Hordaland","V","Venstre",4,-1
"2015","ko","kommune","Bergen","Hordaland","H","Høyre",15,-9
"2015","ko","kommune","Bergen","Hordaland","FRP","Fremskrittspartiet",6,-1
"2015","ko","kommune","Bergen","Hordaland","DEMN","Demokratene i Norge",0,0
"2015","ko","kommune","Bergen","Hordaland","KYST","Kystpartiet",0,0
"2015","ko","kommune","Bergen","Hordaland","PP","Pensjonistpartiet",0,0
"2015","ko","kommune","Bergen","Hordaland","BLANKE","Blanke",0,0
"2015","ko","kommune","Bergen","Hordaland","FI","Feministisk Initiativ",0,0
"2015","ko","kommune","Bergen","Hordaland","FOLKEM","Folkemakten",0,0
"2015","ko","kommune","Bergen","Hordaland","KRISTNE","Partiet De Kristne",0,0
"2015","ko","kommune","Bergen","Hordaland","Andre","Andre",0,0
"2015","ko","kommune","Bergen","Hordaland","Andre2","Andre2",0,-1
"2015","ko","kommune","Etne","Hordaland","A","Arbeiderpartiet",5,-1
"2015","ko","kommune","Etne","Hordaland","SP","Senterpartiet",6,0
"2015","ko","kommune","Etne","Hordaland","KRF","Kristelig Folkeparti",2,0
"2015","ko","kommune","Etne","Hordaland","V","Venstre",1,0
"2015","ko","kommune","Etne","Hordaland","H","Høyre",3,0
"2015","ko","kommune","Etne","Hordaland","FRP","Fremskrittspartiet",4,1
"2015","ko","kommune","Etne","Hordaland","BLANKE","Blanke",0,0
"2015","ko","kommune","Etne","Hordaland","Andre","Andre",0,0
"2015","ko","kommune","Etne","Hordaland","Andre2","Andre2",0,0
"2015","ko","kommune","Sveio","Hordaland","A","Arbeiderpartiet",9,4
"2015","ko","kommune","Sveio","Hordaland","SV","Sosialistisk Venstreparti",0,0
"2015","ko","kommune","Sveio","Hordaland","SP","Senterpartiet",3,0
"2015","ko","kommune","Sveio","Hordaland","KRF","Kristelig Folkeparti",3,-1
"2015","ko","kommune","Sveio","Hordaland","MDG","Miljøpartiet De Grønne",1,1
"2015","ko","kommune","Sveio","Hordaland","V","Venstre",1,0
"2015","ko","kommune","Sveio","Hordaland","H","Høyre",4,-2
"2015","ko","kommune","Sveio","Hordaland","FRP","Fremskrittspartiet",4,-1
"2015","ko","kommune","Sveio","Hordaland","BLANKE","Blanke",0,0
"2015","ko","kommune","Sveio","Hordaland","Andre","Andre",0,0
"2015","ko","kommune","Sveio","Hordaland","Andre2","Andre2",0,-1
"2015","ko","kommune","Bømlo","Hordaland","A","Arbeiderpartiet",8,1
"2015","ko","kommune","Bømlo","Hordaland","SV","Sosialistisk Venstreparti",1,1
"2015","ko","kommune","Bømlo","Hordaland","SP","Senterpartiet",2,1
"2015","ko","kommune","Bømlo","Hordaland","KRF","Kristelig Folkeparti",5,1
"2015","ko","kommune","Bømlo","Hordaland","MDG","Miljøpartiet De Grønne",1,1
"2015","ko","kommune","Bømlo","Hordaland","V","Venstre",2,0
"2015","ko","kommune","Bømlo","Hordaland","H","Høyre",5,-2
"2015","ko","kommune","Bømlo","Hordaland","FRP","Fremskrittspartiet",2,-2
"2015","ko","kommune","Bømlo","Hordaland","KYST","Kystpartiet",0,0
"2015","ko","kommune","Bømlo","Hordaland","BLANKE","Blanke",0,0
"2015","ko","kommune","Bømlo","Hordaland","KRISTNE","Partiet De Kristne",1,-1
"2015","ko","kommune","Bømlo","Hordaland","Andre","Andre",1,-1
"2015","ko","kommune","Bømlo","Hordaland","Andre2","Andre2",0,0
"2015","ko","kommune","Stord","Hordaland","A","Arbeiderpartiet",11,1
"2015","ko","kommune","Stord","Hordaland","SV","Sosialistisk Venstreparti",4,2
"2015","ko","kommune","Stord","Hordaland","SP","Senterpartiet",3,0
"2015","ko","kommune","Stord","Hordaland","KRF","Kristelig Folkeparti",3,0
"2015","ko","kommune","Stord","Hordaland","MDG","Miljøpartiet De Grønne",1,1
"2015","ko","kommune","Stord","Hordaland","V","Venstre",1,-1
"2015","ko","kommune","Stord","Hordaland","H","Høyre",6,-3
"2015","ko","kommune","Stord","Hordaland","FRP","Fremskrittspartiet",4,-1
"2015","ko","kommune","Stord","Hordaland","BLANKE","Blanke",0,0
"2015","ko","kommune","Stord","Hordaland","KRISTNE","Partiet De Kristne",0,0
"2015","ko","kommune","Stord","Hordaland","STL","Stordlisto",2,2
"2015","ko","kommune","Stord","Hordaland","Andre","Andre",2,2
"2015","ko","kommune","Stord","Hordaland","Andre2","Andre2",0,-1
"2015","ko","kommune","Fitjar","Hordaland","A","Arbeiderpartiet",3,0
"2015","ko","kommune","Fitjar","Hordaland","SV","Sosialistisk Venstreparti",0,0
"2015","ko","kommune","Fitjar","Hordaland","SP","Senterpartiet",2,0
"2015","ko","kommune","Fitjar","Hordaland","KRF","Kristelig Folkeparti",3,-1
"2015","ko","kommune","Fitjar","Hordaland","H","Høyre",7,0
"2015","ko","kommune","Fitjar","Hordaland","FRP","Fremskrittspartiet",2,1
"2015","ko","kommune","Fitjar","Hordaland","BLANKE","Blanke",0,0
"2015","ko","kommune","Fitjar","Hordaland","FLISTO","Fitjarlista 2011",0,0
"2015","ko","kommune","Fitjar","Hordaland","Andre","Andre",0,0
"2015","ko","kommune","Fitjar","Hordaland","Andre2","Andre2",0,0
"2015","ko","kommune","Tysnes","Hordaland","A","Arbeiderpartiet",7,1
"2015","ko","kommune","Tysnes","Hordaland","SP","Senterpartiet",4,2
"2015","ko","kommune","Tysnes","Hordaland","KRF","Kristelig Folkeparti",2,-1
"2015","ko","kommune","Tysnes","Hordaland","MDG","Miljøpartiet De Grønne",0,0
"2015","ko","kommune","Tysnes","Hordaland","V","Venstre",1,-1
"2015","ko","kommune","Tysnes","Hordaland","H","Høyre",5,1
"2015","ko","kommune","Tysnes","Hordaland","FRP","Fremskrittspartiet",2,-2
"2015","ko","kommune","Tysnes","Hordaland","BLANKE","Blanke",0,0
"2015","ko","kommune","Tysnes","Hordaland","Andre","Andre",0,0
"2015","ko","kommune","Tysnes","Hordaland","Andre2","Andre2",0,0
"2015","ko","kommune","Kvinnherad","Hordaland","A","Arbeiderpartiet",8,-1
"2015","ko","kommune","Kvinnherad","Hordaland","SP","Senterpartiet",6,3
"2015","ko","kommune","Kvinnherad","Hordaland","KRF","Kristelig Folkeparti",2,-1
"2015","ko","kommune","Kvinnherad","Hordaland","MDG","Miljøpartiet De Grønne",1,1
"2015","ko","kommune","Kvinnherad","Hordaland","V","Venstre",1,-1
"2015","ko","kommune","Kvinnherad","Hordaland","H","Høyre",12,1
"2015","ko","kommune","Kvinnherad","Hordaland","FRP","Fremskrittspartiet",3,-2
"2015","ko","kommune","Kvinnherad","Hordaland","BLANKE","Blanke",0,0
"2015","ko","kommune","Kvinnherad","Hordaland","KRISTNE","Partiet De Kristne",0,0
"2015","ko","kommune","Kvinnherad","Hordaland","SVRA","Sosialistisk Fellesliste av SV og Raudt",2,2
"2015","ko","kommune","Kvinnherad","Hordaland","Andre","Andre",2,2
"2015","ko","kommune","Kvinnherad","Hordaland","Andre2","Andre2",0,-2
"2015","ko","kommune","Jondal","Hordaland","A","Arbeiderpartiet",4,0
"2015","ko","kommune","Jondal","Hordaland","SP","Senterpartiet",8,-1
"2015","ko","kommune","Jondal","Hordaland","KRF","Kristelig Folkeparti",2,0
"2015","ko","kommune","Jondal","Hordaland","H","Høyre",3,1
"2015","ko","kommune","Jondal","Hordaland","BLANKE","Blanke",0,0
"2015","ko","kommune","Jondal","Hordaland","Andre","Andre",0,0
"2015","ko","kommune","Jondal","Hordaland","Andre2","Andre2",0,0
"2015","ko","kommune","Odda","Hordaland","A","Arbeiderpartiet",12,3
"2015","ko","kommune","Odda","Hordaland","SV","Sosialistisk Venstreparti",0,0
"2015","ko","kommune","Odda","Hordaland","RØDT","Rødt",2,-1
"2015","ko","kommune","Odda","Hordaland","SP","Senterpartiet",2,0
"2015","ko","kommune","Odda","Hordaland","KRF","Kristelig Folkeparti",1,1
"2015","ko","kommune","Odda","Hordaland","V","Venstre",3,0
"2015","ko","kommune","Odda","Hordaland","H","Høyre",6,2
"2015","ko","kommune","Odda","Hordaland","BLANKE","Blanke",0,0
"2015","ko","kommune","Odda","Hordaland","MOD","Moderatene",1,1
"2015","ko","kommune","Odda","Hordaland","Andre","Andre",1,1
"2015","ko","kommune","Odda","Hordaland","Andre2","Andre2",0,-6
"2015","ko","kommune","Ullensvang","Hordaland","A","Arbeiderpartiet",3,1
"2015","ko","kommune","Ullensvang","Hordaland","SV","Sosialistisk Venstreparti",3,2
"2015","ko","kommune","Ullensvang","Hordaland","SP","Senterpartiet",9,1
"2015","ko","kommune","Ullensvang","Hordaland","KRF","Kristelig Folkeparti",1,0
"2015","ko","kommune","Ullensvang","Hordaland","V","Venstre",2,-3
"2015","ko","kommune","Ullensvang","Hordaland","H","Høyre",3,-1
"2015","ko","kommune","Ullensvang","Hordaland","BLANKE","Blanke",0,0
"2015","ko","kommune","Ullensvang","Hordaland","Andre","Andre",0,0
"2015","ko","kommune","Ullensvang","Hordaland","Andre2","Andre2",0,0
"2015","ko","kommune","Eidfjord","Hordaland","A","Arbeiderpartiet",8,3
"2015","ko","kommune","Eidfjord","Hordaland","SP","Senterpartiet",7,0
"2015","ko","kommune","Eidfjord","Hordaland","V","Venstre",0,-1
"2015","ko","kommune","Eidfjord","Hordaland","H","Høyre",2,-1
"2015","ko","kommune","Eidfjord","Hordaland","BLANKE","Blanke",0,0
"2015","ko","kommune","Eidfjord","Hordaland","Andre","Andre",0,0
"2015","ko","kommune","Eidfjord","Hordaland","Andre2","Andre2",0,-1
"2015","ko","kommune","Ulvik","Hordaland","A","Arbeiderpartiet",5,2
"2015","ko","kommune","Ulvik","Hordaland","SV","Sosialistisk Venstreparti",2,0
"2015","ko","kommune","Ulvik","Hordaland","SP","Senterpartiet",4,1
"2015","ko","kommune","Ulvik","Hordaland","V","Venstre",4,-2
"2015","ko","kommune","Ulvik","Hordaland","H","Høyre",2,-1
"2015","ko","kommune","Ulvik","Hordaland","BLANKE","Blanke",0,0
"2015","ko","kommune","Ulvik","Hordaland","Andre","Andre",0,0
"2015","ko","kommune","Ulvik","Hordaland","Andre2","Andre2",0,0
"2015","ko","kommune","Granvin","Hordaland","A","Arbeiderpartiet",2,2
"2015","ko","kommune","Granvin","Hordaland","SV","Sosialistisk Venstreparti",1,0
"2015","ko","kommune","Granvin","Hordaland","SP","Senterpartiet",5,1
"2015","ko","kommune","Granvin","Hordaland","V","Venstre",3,-2
"2015","ko","kommune","Granvin","Hordaland","H","Høyre",2,-1
"2015","ko","kommune","Granvin","Hordaland","BLANKE","Blanke",0,0
"2015","ko","kommune","Granvin","Hordaland","Andre","Andre",0,0
"2015","ko","kommune","Granvin","Hordaland","Andre2","Andre2",0,0
"2015","ko","kommune","Voss","Hordaland","A","Arbeiderpartiet",16,4
"2015","ko","kommune","Voss","Hordaland","SV","Sosialistisk Venstreparti",2,-1
"2015","ko","kommune","Voss","Hordaland","RØDT","Rødt",1,0
"2015","ko","kommune","Voss","Hordaland","SP","Senterpartiet",9,1
"2015","ko","kommune","Voss","Hordaland","KRF","Kristelig Folkeparti",2,0
"2015","ko","kommune","Voss","Hordaland","MDG","Miljøpartiet De Grønne",2,2
"2015","ko","kommune","Voss","Hordaland","V","Venstre",3,-2
"2015","ko","kommune","Voss","Hordaland","H","Høyre",6,-2
"2015","ko","kommune","Voss","Hordaland","FRP","Fremskrittspartiet",2,-2
"2015","ko","kommune","Voss","Hordaland","BLANKE","Blanke",0,0
"2015","ko","kommune","Voss","Hordaland","Andre","Andre",0,0
"2015","ko","kommune","Voss","Hordaland","Andre2","Andre2",0,0
"2015","ko","kommune","Kvam","Hordaland","A","Arbeiderpartiet",6,2
"2015","ko","kommune","Kvam","Hordaland","SV","Sosialistisk Venstreparti",1,0
"2015","ko","kommune","Kvam","Hordaland","SP","Senterpartiet",9,3
"2015","ko","kommune","Kvam","Hordaland","KRF","Kristelig Folkeparti",3,-1
"2015","ko","kommune","Kvam","Hordaland","MDG","Miljøpartiet De Grønne",1,1
"2015","ko","kommune","Kvam","Hordaland","V","Venstre",1,-1
"2015","ko","kommune","Kvam","Hordaland","H","Høyre",3,-1
"2015","ko","kommune","Kvam","Hordaland","FRP","Fremskrittspartiet",3,0
"2015","ko","kommune","Kvam","Hordaland","BLANKE","Blanke",0,0
"2015","ko","kommune","Kvam","Hordaland","Andre","Andre",0,0
"2015","ko","kommune","Kvam","Hordaland","Andre2","Andre2",0,-3
"2015","ko","kommune","Fusa","Hordaland","A","Arbeiderpartiet",6,3
"2015","ko","kommune","Fusa","Hordaland","SV","Sosialistisk Venstreparti",0,-1
"2015","ko","kommune","Fusa","Hordaland","SP","Senterpartiet",6,0
"2015","ko","kommune","Fusa","Hordaland","KRF","Kristelig Folkeparti",2,-1
"2015","ko","kommune","Fusa","Hordaland","MDG","Miljøpartiet De Grønne",0,0
"2015","ko","kommune","Fusa","Hordaland","V","Venstre",1,0
"2015","ko","kommune","Fusa","Hordaland","H","Høyre",3,0
"2015","ko","kommune","Fusa","Hordaland","FRP","Fremskrittspartiet",3,-1
"2015","ko","kommune","Fusa","Hordaland","BLANKE","Blanke",0,0
"2015","ko","kommune","Fusa","Hordaland","Andre","Andre",0,0
"2015","ko","kommune","Fusa","Hordaland","Andre2","Andre2",0,0
"2015","ko","kommune","Samnanger","Hordaland","A","Arbeiderpartiet",5,-1
"2015","ko","kommune","Samnanger","Hordaland","SP","Senterpartiet",2,0
"2015","ko","kommune","Samnanger","Hordaland","KRF","Kristelig Folkeparti",2,-2
"2015","ko","kommune","Samnanger","Hordaland","MDG","Miljøpartiet De Grønne",1,1
"2015","ko","kommune","Samnanger","Hordaland","H","Høyre",2,0
"2015","ko","kommune","Samnanger","Hordaland","FRP","Fremskrittspartiet",4,0
"2015","ko","kommune","Samnanger","Hordaland","BLANKE","Blanke",0,0
"2015","ko","kommune","Samnanger","Hordaland","BYGS","Bygdalista",5,2
"2015","ko","kommune","Samnanger","Hordaland","Andre","Andre",5,2
"2015","ko","kommune","Samnanger","Hordaland","Andre2","Andre2",0,0
"2015","ko","kommune","Os","Hordaland","A","Arbeiderpartiet",7,0
"2015","ko","kommune","Os","Hordaland","SV","Sosialistisk Venstreparti",0,0
"2015","ko","kommune","Os","Hordaland","SP","Senterpartiet",2,1
"2015","ko","kommune","Os","Hordaland","KRF","Kristelig Folkeparti",2,0
"2015","ko","kommune","Os","Hordaland","MDG","Miljøpartiet De Grønne",2,2
"2015","ko","kommune","Os","Hordaland","V","Venstre",2,0
"2015","ko","kommune","Os","Hordaland","H","Høyre",4,-2
"2015","ko","kommune","Os","Hordaland","FRP","Fremskrittspartiet",14,1
"2015","ko","kommune","Os","Hordaland","BLANKE","Blanke",0,0
"2015","ko","kommune","Os","Hordaland","TSBO","Tverrpolitisk Samlingsliste Bygdeliste for Os",2,-2
"2015","ko","kommune","Os","Hordaland","Andre","Andre",2,-2
"2015","ko","kommune","Os","Hordaland","Andre2","Andre2",0,0
"2015","ko","kommune","Austevoll","Hordaland","A","Arbeiderpartiet",5,3
"2015","ko","kommune","Austevoll","Hordaland","SP","Senterpartiet",1,-1
"2015","ko","kommune","Austevoll","Hordaland","KRF","Kristelig Folkeparti",2,1
"2015","ko","kommune","Austevoll","Hordaland","MDG","Miljøpartiet De Grønne",0,0
"2015","ko","kommune","Austevoll","Hordaland","V","Venstre",0,0
"2015","ko","kommune","Austevoll","Hordaland","H","Høyre",8,2
"2015","ko","kommune","Austevoll","Hordaland","FRP","Fremskrittspartiet",5,-5
"2015","ko","kommune","Austevoll","Hordaland","BLANKE","Blanke",0,0
"2015","ko","kommune","Austevoll","Hordaland","Andre","Andre",0,0
"2015","ko","kommune","Austevoll","Hordaland","Andre2","Andre2",0,0
"2015","ko","kommune","Sund","Hordaland","A","Arbeiderpartiet",6,1
"2015","ko","kommune","Sund","Hordaland","SV","Sosialistisk Venstreparti",1,0
"2015","ko","kommune","Sund","Hordaland","SP","Senterpartiet",2,0
"2015","ko","kommune","Sund","Hordaland","KRF","Kristelig Folkeparti",1,0
"2015","ko","kommune","Sund","Hordaland","MDG","Miljøpartiet De Grønne",0,0
"2015","ko","kommune","Sund","Hordaland","V","Venstre",1,0
"2015","ko","kommune","Sund","Hordaland","H","Høyre",7,-4
"2015","ko","kommune","Sund","Hordaland","FRP","Fremskrittspartiet",3,-1
"2015","ko","kommune","Sund","Hordaland","BLANKE","Blanke",0,0
"2015","ko","kommune","Sund","Hordaland","Andre","Andre",0,0
"2015","ko","kommune","Sund","Hordaland","Andre2","Andre2",0,0
"2015","ko","kommune","Fjell","Hordaland","A","Arbeiderpartiet",10,0
"2015","ko","kommune","Fjell","Hordaland","SV","Sosialistisk Venstreparti",1,0
"2015","ko","kommune","Fjell","Hordaland","RØDT","Rødt",0,0
"2015","ko","kommune","Fjell","Hordaland","SP","Senterpartiet",1,0
"2015","ko","kommune","Fjell","Hordaland","KRF","Kristelig Folkeparti",4,0
"2015","ko","kommune","Fjell","Hordaland","MDG","Miljøpartiet De Grønne",1,1
"2015","ko","kommune","Fjell","Hordaland","V","Venstre",2,0
"2015","ko","kommune","Fjell","Hordaland","H","Høyre",8,-5
"2015","ko","kommune","Fjell","Hordaland","FRP","Fremskrittspartiet",4,-4
"2015","ko","kommune","Fjell","Hordaland","KYST","Kystpartiet",0,0
"2015","ko","kommune","Fjell","Hordaland","BLANKE","Blanke",0,0
"2015","ko","kommune","Fjell","Hordaland","KRISTNE","Partiet De Kristne",0,0
"2015","ko","kommune","Fjell","Hordaland","SOT","Sotralista",4,-2
"2015","ko","kommune","Fjell","Hordaland","Andre","Andre",4,-2
"2015","ko","kommune","Fjell","Hordaland","Andre2","Andre2",0,0
"2015","ko","kommune","Askøy","Hordaland","A","Arbeiderpartiet",11,0
"2015","ko","kommune","Askøy","Hordaland","SV","Sosialistisk Venstreparti",2,1
"2015","ko","kommune","Askøy","Hordaland","RØDT","Rødt",1,1
"2015","ko","kommune","Askøy","Hordaland","SP","Senterpartiet",0,0
"2015","ko","kommune","Askøy","Hordaland","KRF","Kristelig Folkeparti",2,0
"2015","ko","kommune","Askøy","Hordaland","MDG","Miljøpartiet De Grønne",1,1
"2015","ko","kommune","Askøy","Hordaland","V","Venstre",2,0
"2015","ko","kommune","Askøy","Hordaland","H","Høyre",8,-3
"2015","ko","kommune","Askøy","Hordaland","FRP","Fremskrittspartiet",4,-2
"2015","ko","kommune","Askøy","Hordaland","DEMN","Demokratene i Norge",1,-1
"2015","ko","kommune","Askøy","Hordaland","ASKØY","Askøylisten",3,3
"2015","ko","kommune","Askøy","Hordaland","BLANKE","Blanke",0,0
"2015","ko","kommune","Askøy","Hordaland","KRISTNE","Partiet De Kristne",0,0
"2015","ko","kommune","Askøy","Hordaland","Andre","Andre",4,2
"2015","ko","kommune","Askøy","Hordaland","Andre2","Andre2",0,0
"2015","ko","kommune","Vaksdal","Hordaland","A","Arbeiderpartiet",8,-2
"2015","ko","kommune","Vaksdal","Hordaland","SV","Sosialistisk Venstreparti",3,2
"2015","ko","kommune","Vaksdal","Hordaland","SP","Senterpartiet",4,1
"2015","ko","kommune","Vaksdal","Hordaland","KRF","Kristelig Folkeparti",2,0
"2015","ko","kommune","Vaksdal","Hordaland","MDG","Miljøpartiet De Grønne",1,1
"2015","ko","kommune","Vaksdal","Hordaland","H","Høyre",2,-2
"2015","ko","kommune","Vaksdal","Hordaland","FRP","Fremskrittspartiet",1,0
"2015","ko","kommune","Vaksdal","Hordaland","BLANKE","Blanke",0,0
"2015","ko","kommune","Vaksdal","Hordaland","Andre","Andre",0,0
"2015","ko","kommune","Vaksdal","Hordaland","Andre2","Andre2",0,0
"2015","ko","kommune","Modalen","Hordaland","BLANKE","Blanke",0,0
"2015","ko","kommune","Modalen","Hordaland","SLMO","Samlingslista",6,-1
"2015","ko","kommune","Modalen","Hordaland","SOLR","Solrenningslista",7,1
"2015","ko","kommune","Modalen","Hordaland","Andre","Andre",13,0
"2015","ko","kommune","Modalen","Hordaland","Andre2","Andre2",0,0
"2015","ko","kommune","Osterøy","Hordaland","A","Arbeiderpartiet",8,-2
"2015","ko","kommune","Osterøy","Hordaland","SV","Sosialistisk Venstreparti",0,0
"2015","ko","kommune","Osterøy","Hordaland","RØDT","Rødt",0,0
"2015","ko","kommune","Osterøy","Hordaland","SP","Senterpartiet",2,-1
"2015","ko","kommune","Osterøy","Hordaland","KRF","Kristelig Folkeparti",4,2
"2015","ko","kommune","Osterøy","Hordaland","MDG","Miljøpartiet De Grønne",2,2
"2015","ko","kommune","Osterøy","Hordaland","V","Venstre",1,0
"2015","ko","kommune","Osterøy","Hordaland","H","Høyre",4,-2
"2015","ko","kommune","Osterøy","Hordaland","FRP","Fremskrittspartiet",6,1
"2015","ko","kommune","Osterøy","Hordaland","BLANKE","Blanke",0,0
"2015","ko","kommune","Osterøy","Hordaland","Andre","Andre",0,0
"2015","ko","kommune","Osterøy","Hordaland","Andre2","Andre2",0,0
"2015","ko","kommune","Meland","Hordaland","A","Arbeiderpartiet",7,2
"2015","ko","kommune","Meland","Hordaland","SP","Senterpartiet",3,-1
"2015","ko","kommune","Meland","Hordaland","KRF","Kristelig Folkeparti",3,0
"2015","ko","kommune","Meland","Hordaland","MDG","Miljøpartiet De Grønne",2,1
"2015","ko","kommune","Meland","Hordaland","V","Venstre",2,0
"2015","ko","kommune","Meland","Hordaland","H","Høyre",5,-1
"2015","ko","kommune","Meland","Hordaland","FRP","Fremskrittspartiet",4,0
"2015","ko","kommune","Meland","Hordaland","BLANKE","Blanke",0,0
"2015","ko","kommune","Meland","Hordaland","BYFO","Bygdelista Folkeviljen",1,1
"2015","ko","kommune","Meland","Hordaland","Andre","Andre",1,1
"2015","ko","kommune","Meland","Hordaland","Andre2","Andre2",0,-2
"2015","ko","kommune","Øygarden","Hordaland","A","Arbeiderpartiet",6,-1
"2015","ko","kommune","Øygarden","Hordaland","SV","Sosialistisk Venstreparti",1,0
"2015","ko","kommune","Øygarden","Hordaland","KRF","Kristelig Folkeparti",2,1
"2015","ko","kommune","Øygarden","Hordaland","H","Høyre",3,-1
"2015","ko","kommune","Øygarden","Hordaland","FRP","Fremskrittspartiet",2,0
"2015","ko","kommune","Øygarden","Hordaland","BLANKE","Blanke",0,0
"2015","ko","kommune","Øygarden","Hordaland","TVØ","Tverrpolitisk valliste TVØ",9,1
"2015","ko","kommune","Øygarden","Hordaland","Andre","Andre",9,1
"2015","ko","kommune","Øygarden","Hordaland","Andre2","Andre2",0,0
"2015","ko","kommune","Radøy","Hordaland","A","Arbeiderpartiet",5,1
"2015","ko","kommune","Radøy","Hordaland","SP","Senterpartiet",9,0
"2015","ko","kommune","Radøy","Hordaland","KRF","Kristelig Folkeparti",2,0
"2015","ko","kommune","Radøy","Hordaland","MDG","Miljøpartiet De Grønne",0,0
"2015","ko","kommune","Radøy","Hordaland","V","Venstre",2,0
"2015","ko","kommune","Radøy","Hordaland","H","Høyre",5,0
"2015","ko","kommune","Radøy","Hordaland","FRP","Fremskrittspartiet",2,-1
"2015","ko","kommune","Radøy","Hordaland","BLANKE","Blanke",0,0
"2015","ko","kommune","Radøy","Hordaland","Andre","Andre",0,0
"2015","ko","kommune","Radøy","Hordaland","Andre2","Andre2",0,0
"2015","ko","kommune","Lindås","Hordaland","A","Arbeiderpartiet",6,0
"2015","ko","kommune","Lindås","Hordaland","SV","Sosialistisk Venstreparti",1,1
"2015","ko","kommune","Lindås","Hordaland","SP","Senterpartiet",4,1
"2015","ko","kommune","Lindås","Hordaland","KRF","Kristelig Folkeparti",9,1
"2015","ko","kommune","Lindås","Hordaland","MDG","Miljøpartiet De Grønne",1,1
"2015","ko","kommune","Lindås","Hordaland","V","Venstre",1,-1
"2015","ko","kommune","Lindås","Hordaland","H","Høyre",4,-3
"2015","ko","kommune","Lindås","Hordaland","FRP","Fremskrittspartiet",5,0
"2015","ko","kommune","Lindås","Hordaland","BLANKE","Blanke",0,0
"2015","ko","kommune","Lindås","Hordaland","KRISTNE","Partiet De Kristne",0,0
"2015","ko","kommune","Lindås","Hordaland","Andre","Andre",0,0
"2015","ko","kommune","Lindås","Hordaland","Andre2","Andre2",0,0
"2015","ko","kommune","Austrheim","Hordaland","A","Arbeiderpartiet",8,2
"2015","ko","kommune","Austrheim","Hordaland","SP","Senterpartiet",1,0
"2015","ko","kommune","Austrheim","Hordaland","KRF","Kristelig Folkeparti",2,0
"2015","ko","kommune","Austrheim","Hordaland","MDG","Miljøpartiet De Grønne",0,0
"2015","ko","kommune","Austrheim","Hordaland","V","Venstre",2,0
"2015","ko","kommune","Austrheim","Hordaland","H","Høyre",4,-1
"2015","ko","kommune","Austrheim","Hordaland","BLANKE","Blanke",0,0
"2015","ko","kommune","Austrheim","Hordaland","Andre","Andre",0,0
"2015","ko","kommune","Austrheim","Hordaland","Andre2","Andre2",0,-1
"2015","ko","kommune","Fedje","Hordaland","A","Arbeiderpartiet",3,-2
"2015","ko","kommune","Fedje","Hordaland","KRF","Kristelig Folkeparti",4,1
"2015","ko","kommune","Fedje","Hordaland","H","Høyre",5,1
"2015","ko","kommune","Fedje","Hordaland","FRP","Fremskrittspartiet",2,0
"2015","ko","kommune","Fedje","Hordaland","DEMN","Demokratene i Norge",1,0
"2015","ko","kommune","Fedje","Hordaland","BLANKE","Blanke",0,0
"2015","ko","kommune","Fedje","Hordaland","Andre","Andre",1,0
"2015","ko","kommune","Fedje","Hordaland","Andre2","Andre2",0,0
"2015","ko","kommune","Masfjorden","Hordaland","A","Arbeiderpartiet",4,1
"2015","ko","kommune","Masfjorden","Hordaland","SP","Senterpartiet",2,0
"2015","ko","kommune","Masfjorden","Hordaland","KRF","Kristelig Folkeparti",2,0
"2015","ko","kommune","Masfjorden","Hordaland","MDG","Miljøpartiet De Grønne",0,0
"2015","ko","kommune","Masfjorden","Hordaland","V","Venstre",1,-1
"2015","ko","kommune","Masfjorden","Hordaland","H","Høyre",7,1
"2015","ko","kommune","Masfjorden","Hordaland","FRP","Fremskrittspartiet",1,-1
"2015","ko","kommune","Masfjorden","Hordaland","BLANKE","Blanke",0,0
"2015","ko","kommune","Masfjorden","Hordaland","Andre","Andre",0,0
"2015","ko","kommune","Masfjorden","Hordaland","Andre2","Andre2",0,0
"2015","ko","kommune","Flora","Sogn og Fjordane","A","Arbeiderpartiet",11,-1
"2015","ko","kommune","Flora","Sogn og Fjordane","SV","Sosialistisk Venstreparti",1,0
"2015","ko","kommune","Flora","Sogn og Fjordane","SP","Senterpartiet",1,0
"2015","ko","kommune","Flora","Sogn og Fjordane","KRF","Kristelig Folkeparti",1,0
"2015","ko","kommune","Flora","Sogn og Fjordane","MDG","Miljøpartiet De Grønne",1,1
"2015","ko","kommune","Flora","Sogn og Fjordane","V","Venstre",3,-2
"2015","ko","kommune","Flora","Sogn og Fjordane","H","Høyre",7,-6
"2015","ko","kommune","Flora","Sogn og Fjordane","FRP","Fremskrittspartiet",1,-1
"2015","ko","kommune","Flora","Sogn og Fjordane","BLANKE","Blanke",0,0
"2015","ko","kommune","Flora","Sogn og Fjordane","KRISTNE","Partiet De Kristne",0,0
"2015","ko","kommune","Flora","Sogn og Fjordane","SAMFLORA","Samlingslista",5,5
"2015","ko","kommune","Flora","Sogn og Fjordane","Andre","Andre",5,5
"2015","ko","kommune","Flora","Sogn og Fjordane","Andre2","Andre2",0,0
"2015","ko","kommune","Gulen","Sogn og Fjordane","A","Arbeiderpartiet",3,1
"2015","ko","kommune","Gulen","Sogn og Fjordane","SP","Senterpartiet",9,1
"2015","ko","kommune","Gulen","Sogn og Fjordane","KRF","Kristelig Folkeparti",1,-1
"2015","ko","kommune","Gulen","Sogn og Fjordane","V","Venstre",3,0
"2015","ko","kommune","Gulen","Sogn og Fjordane","H","Høyre",5,0
"2015","ko","kommune","Gulen","Sogn og Fjordane","FRP","Fremskrittspartiet",0,-1
"2015","ko","kommune","Gulen","Sogn og Fjordane","BLANKE","Blanke",0,0
"2015","ko","kommune","Gulen","Sogn og Fjordane","Andre","Andre",0,0
"2015","ko","kommune","Gulen","Sogn og Fjordane","Andre2","Andre2",0,0
"2015","ko","kommune","Solund","Sogn og Fjordane","A","Arbeiderpartiet",3,1
"2015","ko","kommune","Solund","Sogn og Fjordane","SV","Sosialistisk Venstreparti",2,2
"2015","ko","kommune","Solund","Sogn og Fjordane","SP","Senterpartiet",5,1
"2015","ko","kommune","Solund","Sogn og Fjordane","H","Høyre",5,0
"2015","ko","kommune","Solund","Sogn og Fjordane","BLANKE","Blanke",0,0
"2015","ko","kommune","Solund","Sogn og Fjordane","Andre","Andre",0,0
"2015","ko","kommune","Solund","Sogn og Fjordane","Andre2","Andre2",0,-4
"2015","ko","kommune","Hyllestad","Sogn og Fjordane","A","Arbeiderpartiet",6,1
"2015","ko","kommune","Hyllestad","Sogn og Fjordane","SP","Senterpartiet",6,1
"2015","ko","kommune","Hyllestad","Sogn og Fjordane","KRF","Kristelig Folkeparti",1,1
"2015","ko","kommune","Hyllestad","Sogn og Fjordane","H","Høyre",4,1
"2015","ko","kommune","Hyllestad","Sogn og Fjordane","BLANKE","Blanke",0,0
"2015","ko","kommune","Hyllestad","Sogn og Fjordane","Andre","Andre",0,0
"2015","ko","kommune","Hyllestad","Sogn og Fjordane","Andre2","Andre2",0,-4
"2015","ko","kommune","Høyanger","Sogn og Fjordane","A","Arbeiderpartiet",11,1
"2015","ko","kommune","Høyanger","Sogn og Fjordane","SV","Sosialistisk Venstreparti",0,0
"2015","ko","kommune","Høyanger","Sogn og Fjordane","RØDT","Rødt",2,0
"2015","ko","kommune","Høyanger","Sogn og Fjordane","SP","Senterpartiet",5,1
"2015","ko","kommune","Høyanger","Sogn og Fjordane","KRF","Kristelig Folkeparti",1,0
"2015","ko","kommune","Høyanger","Sogn og Fjordane","MDG","Miljøpartiet De Grønne",0,0
"2015","ko","kommune","Høyanger","Sogn og Fjordane","V","Venstre",0,0
"2015","ko","kommune","Høyanger","Sogn og Fjordane","H","Høyre",2,-2
"2015","ko","kommune","Høyanger","Sogn og Fjordane","KYST","Kystpartiet",0,0
"2015","ko","kommune","Høyanger","Sogn og Fjordane","BLANKE","Blanke",0,0
"2015","ko","kommune","Høyanger","Sogn og Fjordane","Andre","Andre",0,0
"2015","ko","kommune","Høyanger","Sogn og Fjordane","Andre2","Andre2",0,0
"2015","ko","kommune","Vik","Sogn og Fjordane","A","Arbeiderpartiet",6,0
"2015","ko","kommune","Vik","Sogn og Fjordane","SV","Sosialistisk Venstreparti",0,0
"2015","ko","kommune","Vik","Sogn og Fjordane","SP","Senterpartiet",5,1
"2015","ko","kommune","Vik","Sogn og Fjordane","KRF","Kristelig Folkeparti",1,0
"2015","ko","kommune","Vik","Sogn og Fjordane","V","Venstre",3,-1
"2015","ko","kommune","Vik","Sogn og Fjordane","H","Høyre",2,0
"2015","ko","kommune","Vik","Sogn og Fjordane","BLANKE","Blanke",0,0
"2015","ko","kommune","Vik","Sogn og Fjordane","Andre","Andre",0,0
"2015","ko","kommune","Vik","Sogn og Fjordane","Andre2","Andre2",0,0
"2015","ko","kommune","Balestrand","Sogn og Fjordane","A","Arbeiderpartiet",4,0
"2015","ko","kommune","Balestrand","Sogn og Fjordane","SV","Sosialistisk Venstreparti",1,0
"2015","ko","kommune","Balestrand","Sogn og Fjordane","SP","Senterpartiet",5,2
"2015","ko","kommune","Balestrand","Sogn og Fjordane","KRF","Kristelig Folkeparti",3,1
"2015","ko","kommune","Balestrand","Sogn og Fjordane","V","Venstre",2,0
"2015","ko","kommune","Balestrand","Sogn og Fjordane","H","Høyre",2,-3
"2015","ko","kommune","Balestrand","Sogn og Fjordane","BLANKE","Blanke",0,0
"2015","ko","kommune","Balestrand","Sogn og Fjordane","BYGDBAL","Bygdeliste for Balestrand",0,0
"2015","ko","kommune","Balestrand","Sogn og Fjordane","Andre","Andre",0,0
"2015","ko","kommune","Balestrand","Sogn og Fjordane","Andre2","Andre2",0,0
"2015","ko","kommune","Leikanger","Sogn og Fjordane","A","Arbeiderpartiet",7,0
"2015","ko","kommune","Leikanger","Sogn og Fjordane","SV","Sosialistisk Venstreparti",1,-1
"2015","ko","kommune","Leikanger","Sogn og Fjordane","SP","Senterpartiet",5,2
"2015","ko","kommune","Leikanger","Sogn og Fjordane","V","Venstre",3,0
"2015","ko","kommune","Leikanger","Sogn og Fjordane","H","Høyre",1,-1
"2015","ko","kommune","Leikanger","Sogn og Fjordane","BLANKE","Blanke",0,0
"2015","ko","kommune","Leikanger","Sogn og Fjordane","Andre","Andre",0,0
"2015","ko","kommune","Leikanger","Sogn og Fjordane","Andre2","Andre2",0,0
"2015","ko","kommune","Sogndal","Sogn og Fjordane","A","Arbeiderpartiet",8,-1
"2015","ko","kommune","Sogndal","Sogn og Fjordane","SV","Sosialistisk Venstreparti",2,0
"2015","ko","kommune","Sogndal","Sogn og Fjordane","SP","Senterpartiet",6,2
"2015","ko","kommune","Sogndal","Sogn og Fjordane","KRF","Kristelig Folkeparti",1,-1
"2015","ko","kommune","Sogndal","Sogn og Fjordane","V","Venstre",2,0
"2015","ko","kommune","Sogndal","Sogn og Fjordane","H","Høyre",4,1
"2015","ko","kommune","Sogndal","Sogn og Fjordane","FRP","Fremskrittspartiet",2,-1
"2015","ko","kommune","Sogndal","Sogn og Fjordane","BLANKE","Blanke",0,0
"2015","ko","kommune","Sogndal","Sogn og Fjordane","Andre","Andre",0,0
"2015","ko","kommune","Sogndal","Sogn og Fjordane","Andre2","Andre2",0,0
"2015","ko","kommune","Aurland","Sogn og Fjordane","A","Arbeiderpartiet",4,0
"2015","ko","kommune","Aurland","Sogn og Fjordane","SP","Senterpartiet",4,-1
"2015","ko","kommune","Aurland","Sogn og Fjordane","MDG","Miljøpartiet De Grønne",2,1
"2015","ko","kommune","Aurland","Sogn og Fjordane","V","Venstre",1,-1
"2015","ko","kommune","Aurland","Sogn og Fjordane","H","Høyre",6,1
"2015","ko","kommune","Aurland","Sogn og Fjordane","BLANKE","Blanke",0,0
"2015","ko","kommune","Aurland","Sogn og Fjordane","Andre","Andre",0,0
"2015","ko","kommune","Aurland","Sogn og Fjordane","Andre2","Andre2",0,0
"2015","ko","kommune","Lærdal","Sogn og Fjordane","A","Arbeiderpartiet",5,1
"2015","ko","kommune","Lærdal","Sogn og Fjordane","SV","Sosialistisk Venstreparti",1,-2
"2015","ko","kommune","Lærdal","Sogn og Fjordane","SP","Senterpartiet",8,3
"2015","ko","kommune","Lærdal","Sogn og Fjordane","V","Venstre",1,-1
"2015","ko","kommune","Lærdal","Sogn og Fjordane","H","Høyre",2,-1
"2015","ko","kommune","Lærdal","Sogn og Fjordane","BLANKE","Blanke",0,0
"2015","ko","kommune","Lærdal","Sogn og Fjordane","Andre","Andre",0,0
"2015","ko","kommune","Lærdal","Sogn og Fjordane","Andre2","Andre2",0,0
"2015","ko","kommune","Årdal","Sogn og Fjordane","A","Arbeiderpartiet",10,-6
"2015","ko","kommune","Årdal","Sogn og Fjordane","SP","Senterpartiet",8,5
"2015","ko","kommune","Årdal","Sogn og Fjordane","MDG","Miljøpartiet De Grønne",1,1
"2015","ko","kommune","Årdal","Sogn og Fjordane","V","Venstre",1,1
"2015","ko","kommune","Årdal","Sogn og Fjordane","H","Høyre",1,0
"2015","ko","kommune","Årdal","Sogn og Fjordane","FRP","Fremskrittspartiet",0,-1
"2015","ko","kommune","Årdal","Sogn og Fjordane","BLANKE","Blanke",0,0
"2015","ko","kommune","Årdal","Sogn og Fjordane","Andre","Andre",0,0
"2015","ko","kommune","Årdal","Sogn og Fjordane","Andre2","Andre2",0,0
"2015","ko","kommune","Luster","Sogn og Fjordane","A","Arbeiderpartiet",7,-1
"2015","ko","kommune","Luster","Sogn og Fjordane","SV","Sosialistisk Venstreparti",0,0
"2015","ko","kommune","Luster","Sogn og Fjordane","SP","Senterpartiet",13,6
"2015","ko","kommune","Luster","Sogn og Fjordane","KRF","Kristelig Folkeparti",1,-1
"2015","ko","kommune","Luster","Sogn og Fjordane","V","Venstre",1,-1
"2015","ko","kommune","Luster","Sogn og Fjordane","H","Høyre",2,-1
"2015","ko","kommune","Luster","Sogn og Fjordane","FRP","Fremskrittspartiet",1,-2
"2015","ko","kommune","Luster","Sogn og Fjordane","BLANKE","Blanke",0,0
"2015","ko","kommune","Luster","Sogn og Fjordane","KRISTNE","Partiet De Kristne",0,0
"2015","ko","kommune","Luster","Sogn og Fjordane","Andre","Andre",0,0
"2015","ko","kommune","Luster","Sogn og Fjordane","Andre2","Andre2",0,0
"2015","ko","kommune","Askvoll","Sogn og Fjordane","A","Arbeiderpartiet",3,-1
"2015","ko","kommune","Askvoll","Sogn og Fjordane","SV","Sosialistisk Venstreparti",1,1
"2015","ko","kommune","Askvoll","Sogn og Fjordane","SP","Senterpartiet",4,0
"2015","ko","kommune","Askvoll","Sogn og Fjordane","V","Venstre",5,0
"2015","ko","kommune","Askvoll","Sogn og Fjordane","H","Høyre",8,2
"2015","ko","kommune","Askvoll","Sogn og Fjordane","BLANKE","Blanke",0,0
"2015","ko","kommune","Askvoll","Sogn og Fjordane","Andre","Andre",0,0
"2015","ko","kommune","Askvoll","Sogn og Fjordane","Andre2","Andre2",0,-2
"2015","ko","kommune","Fjaler","Sogn og Fjordane","A","Arbeiderpartiet",7,-4
"2015","ko","kommune","Fjaler","Sogn og Fjordane","SV","Sosialistisk Venstreparti",1,0
"2015","ko","kommune","Fjaler","Sogn og Fjordane","SP","Senterpartiet",8,4
"2015","ko","kommune","Fjaler","Sogn og Fjordane","KRF","Kristelig Folkeparti",1,0
"2015","ko","kommune","Fjaler","Sogn og Fjordane","MDG","Miljøpartiet De Grønne",1,1
"2015","ko","kommune","Fjaler","Sogn og Fjordane","V","Venstre",3,0
"2015","ko","kommune","Fjaler","Sogn og Fjordane","H","Høyre",2,-1
"2015","ko","kommune","Fjaler","Sogn og Fjordane","BLANKE","Blanke",0,0
"2015","ko","kommune","Fjaler","Sogn og Fjordane","KRISTNE","Partiet De Kristne",0,0
"2015","ko","kommune","Fjaler","Sogn og Fjordane","Andre","Andre",0,0
"2015","ko","kommune","Fjaler","Sogn og Fjordane","Andre2","Andre2",0,0
"2015","ko","kommune","Gaular","Sogn og Fjordane","A","Arbeiderpartiet",3,0
"2015","ko","kommune","Gaular","Sogn og Fjordane","SV","Sosialistisk Venstreparti",1,0
"2015","ko","kommune","Gaular","Sogn og Fjordane","SP","Senterpartiet",8,2
"2015","ko","kommune","Gaular","Sogn og Fjordane","KRF","Kristelig Folkeparti",2,-1
"2015","ko","kommune","Gaular","Sogn og Fjordane","V","Venstre",0,-1
"2015","ko","kommune","Gaular","Sogn og Fjordane","H","Høyre",7,0
"2015","ko","kommune","Gaular","Sogn og Fjordane","BLANKE","Blanke",0,0
"2015","ko","kommune","Gaular","Sogn og Fjordane","Andre","Andre",0,0
"2015","ko","kommune","Gaular","Sogn og Fjordane","Andre2","Andre2",0,0
"2015","ko","kommune","Jølster","Sogn og Fjordane","A","Arbeiderpartiet",4,-1
"2015","ko","kommune","Jølster","Sogn og Fjordane","SV","Sosialistisk Venstreparti",2,0
"2015","ko","kommune","Jølster","Sogn og Fjordane","SP","Senterpartiet",12,4
"2015","ko","kommune","Jølster","Sogn og Fjordane","KRF","Kristelig Folkeparti",1,-1
"2015","ko","kommune","Jølster","Sogn og Fjordane","V","Venstre",3,-1
"2015","ko","kommune","Jølster","Sogn og Fjordane","H","Høyre",3,0
"2015","ko","kommune","Jølster","Sogn og Fjordane","BLANKE","Blanke",0,0
"2015","ko","kommune","Jølster","Sogn og Fjordane","Andre","Andre",0,0
"2015","ko","kommune","Jølster","Sogn og Fjordane","Andre2","Andre2",0,-1
"2015","ko","kommune","Førde","Sogn og Fjordane","A","Arbeiderpartiet",9,2
"2015","ko","kommune","Førde","Sogn og Fjordane","SV","Sosialistisk Venstreparti",2,-1
"2015","ko","kommune","Førde","Sogn og Fjordane","SP","Senterpartiet",4,1
"2015","ko","kommune","Førde","Sogn og Fjordane","KRF","Kristelig Folkeparti",2,0
"2015","ko","kommune","Førde","Sogn og Fjordane","MDG","Miljøpartiet De Grønne",1,1
"2015","ko","kommune","Førde","Sogn og Fjordane","V","Venstre",2,0
"2015","ko","kommune","Førde","Sogn og Fjordane","H","Høyre",6,-2
"2015","ko","kommune","Førde","Sogn og Fjordane","FRP","Fremskrittspartiet",1,-1
"2015","ko","kommune","Førde","Sogn og Fjordane","BLANKE","Blanke",0,0
"2015","ko","kommune","Førde","Sogn og Fjordane","KRISTNE","Partiet De Kristne",0,0
"2015","ko","kommune","Førde","Sogn og Fjordane","Andre","Andre",0,0
"2015","ko","kommune","Førde","Sogn og Fjordane","Andre2","Andre2",0,0
"2015","ko","kommune","Naustdal","Sogn og Fjordane","A","Arbeiderpartiet",9,3
"2015","ko","kommune","Naustdal","Sogn og Fjordane","SV","Sosialistisk Venstreparti",4,2
"2015","ko","kommune","Naustdal","Sogn og Fjordane","RØDT","Rødt",0,-1
"2015","ko","kommune","Naustdal","Sogn og Fjordane","SP","Senterpartiet",4,0
"2015","ko","kommune","Naustdal","Sogn og Fjordane","KRF","Kristelig Folkeparti",1,0
"2015","ko","kommune","Naustdal","Sogn og Fjordane","MDG","Miljøpartiet De Grønne",0,0
"2015","ko","kommune","Naustdal","Sogn og Fjordane","V","Venstre",1,-1
"2015","ko","kommune","Naustdal","Sogn og Fjordane","H","Høyre",2,-2
"2015","ko","kommune","Naustdal","Sogn og Fjordane","BLANKE","Blanke",0,0
"2015","ko","kommune","Naustdal","Sogn og Fjordane","Andre","Andre",0,0
"2015","ko","kommune","Naustdal","Sogn og Fjordane","Andre2","Andre2",0,-1
"2015","ko","kommune","Bremanger","Sogn og Fjordane","A","Arbeiderpartiet",8,2
"2015","ko","kommune","Bremanger","Sogn og Fjordane","SV","Sosialistisk Venstreparti",1,0
"2015","ko","kommune","Bremanger","Sogn og Fjordane","SP","Senterpartiet",5,0
"2015","ko","kommune","Bremanger","Sogn og Fjordane","KRF","Kristelig Folkeparti",1,0
"2015","ko","kommune","Bremanger","Sogn og Fjordane","V","Venstre",3,1
"2015","ko","kommune","Bremanger","Sogn og Fjordane","H","Høyre",5,-1
"2015","ko","kommune","Bremanger","Sogn og Fjordane","BLANKE","Blanke",0,0
"2015","ko","kommune","Bremanger","Sogn og Fjordane","Andre","Andre",0,0
"2015","ko","kommune","Bremanger","Sogn og Fjordane","Andre2","Andre2",0,-2
"2015","ko","kommune","Vågsøy","Sogn og Fjordane","A","Arbeiderpartiet",6,3
"2015","ko","kommune","Vågsøy","Sogn og Fjordane","RØDT","Rødt",1,1
"2015","ko","kommune","Vågsøy","Sogn og Fjordane","SP","Senterpartiet",4,0
"2015","ko","kommune","Vågsøy","Sogn og Fjordane","KRF","Kristelig Folkeparti",1,-1
"2015","ko","kommune","Vågsøy","Sogn og Fjordane","V","Venstre",3,-1
"2015","ko","kommune","Vågsøy","Sogn og Fjordane","H","Høyre",8,0
"2015","ko","kommune","Vågsøy","Sogn og Fjordane","FRP","Fremskrittspartiet",2,-2
"2015","ko","kommune","Vågsøy","Sogn og Fjordane","BLANKE","Blanke",0,0
"2015","ko","kommune","Vågsøy","Sogn og Fjordane","KRISTNE","Partiet De Kristne",0,0
"2015","ko","kommune","Vågsøy","Sogn og Fjordane","TLV","Tverrpolitisk liste for Vågsøy",2,2
"2015","ko","kommune","Vågsøy","Sogn og Fjordane","Andre","Andre",2,2
"2015","ko","kommune","Vågsøy","Sogn og Fjordane","Andre2","Andre2",0,-2
"2015","ko","kommune","Selje","Sogn og Fjordane","A","Arbeiderpartiet",1,0
"2015","ko","kommune","Selje","Sogn og Fjordane","SP","Senterpartiet",3,2
"2015","ko","kommune","Selje","Sogn og Fjordane","KRF","Kristelig Folkeparti",2,-1
"2015","ko","kommune","Selje","Sogn og Fjordane","H","Høyre",2,-1
"2015","ko","kommune","Selje","Sogn og Fjordane","FRP","Fremskrittspartiet",4,0
"2015","ko","kommune","Selje","Sogn og Fjordane","BLANKE","Blanke",0,0
"2015","ko","kommune","Selje","Sogn og Fjordane","SELTL","Tverrpolitisk liste",5,0
"2015","ko","kommune","Selje","Sogn og Fjordane","Andre","Andre",5,0
"2015","ko","kommune","Selje","Sogn og Fjordane","Andre2","Andre2",0,0
"2015","ko","kommune","Eid","Sogn og Fjordane","A","Arbeiderpartiet",4,2
"2015","ko","kommune","Eid","Sogn og Fjordane","SV","Sosialistisk Venstreparti",1,0
"2015","ko","kommune","Eid","Sogn og Fjordane","SP","Senterpartiet",9,3
"2015","ko","kommune","Eid","Sogn og Fjordane","KRF","Kristelig Folkeparti",1,0
"2015","ko","kommune","Eid","Sogn og Fjordane","V","Venstre",9,-4
"2015","ko","kommune","Eid","Sogn og Fjordane","H","Høyre",4,0
"2015","ko","kommune","Eid","Sogn og Fjordane","FRP","Fremskrittspartiet",1,-1
"2015","ko","kommune","Eid","Sogn og Fjordane","BLANKE","Blanke",0,0
"2015","ko","kommune","Eid","Sogn og Fjordane","Andre","Andre",0,0
"2015","ko","kommune","Eid","Sogn og Fjordane","Andre2","Andre2",0,0
"2015","ko","kommune","Hornindal","Sogn og Fjordane","A","Arbeiderpartiet",4,2
"2015","ko","kommune","Hornindal","Sogn og Fjordane","SP","Senterpartiet",6,0
"2015","ko","kommune","Hornindal","Sogn og Fjordane","V","Venstre",2,-1
"2015","ko","kommune","Hornindal","Sogn og Fjordane","H","Høyre",5,-1
"2015","ko","kommune","Hornindal","Sogn og Fjordane","BLANKE","Blanke",0,0
"2015","ko","kommune","Hornindal","Sogn og Fjordane","Andre","Andre",0,0
"2015","ko","kommune","Hornindal","Sogn og Fjordane","Andre2","Andre2",0,0
"2015","ko","kommune","Gloppen","Sogn og Fjordane","A","Arbeiderpartiet",2,-1
"2015","ko","kommune","Gloppen","Sogn og Fjordane","SV","Sosialistisk Venstreparti",1,0
"2015","ko","kommune","Gloppen","Sogn og Fjordane","SP","Senterpartiet",11,2
"2015","ko","kommune","Gloppen","Sogn og Fjordane","KRF","Kristelig Folkeparti",7,4
"2015","ko","kommune","Gloppen","Sogn og Fjordane","MDG","Miljøpartiet De Grønne",1,1
"2015","ko","kommune","Gloppen","Sogn og Fjordane","V","Venstre",1,-1
"2015","ko","kommune","Gloppen","Sogn og Fjordane","H","Høyre",2,-3
"2015","ko","kommune","Gloppen","Sogn og Fjordane","BLANKE","Blanke",0,0
"2015","ko","kommune","Gloppen","Sogn og Fjordane","SAMDEM","Samfunnsdemokratane",2,-2
"2015","ko","kommune","Gloppen","Sogn og Fjordane","Andre","Andre",2,-2
"2015","ko","kommune","Gloppen","Sogn og Fjordane","Andre2","Andre2",0,0
"2015","ko","kommune","Stryn","Sogn og Fjordane","A","Arbeiderpartiet",3,-1
"2015","ko","kommune","Stryn","Sogn og Fjordane","SV","Sosialistisk Venstreparti",0,0
"2015","ko","kommune","Stryn","Sogn og Fjordane","SP","Senterpartiet",7,0
"2015","ko","kommune","Stryn","Sogn og Fjordane","KRF","Kristelig Folkeparti",2,0
"2015","ko","kommune","Stryn","Sogn og Fjordane","MDG","Miljøpartiet De Grønne",0,0
"2015","ko","kommune","Stryn","Sogn og Fjordane","V","Venstre",2,0
"2015","ko","kommune","Stryn","Sogn og Fjordane","H","Høyre",10,2
"2015","ko","kommune","Stryn","Sogn og Fjordane","FRP","Fremskrittspartiet",1,-1
"2015","ko","kommune","Stryn","Sogn og Fjordane","BLANKE","Blanke",0,0
"2015","ko","kommune","Stryn","Sogn og Fjordane","Andre","Andre",0,0
"2015","ko","kommune","Stryn","Sogn og Fjordane","Andre2","Andre2",0,0
"2015","ko","kommune","Molde","Møre og Romsdal","A","Arbeiderpartiet",8,-1
"2015","ko","kommune","Molde","Møre og Romsdal","SV","Sosialistisk Venstreparti",3,0
"2015","ko","kommune","Molde","Møre og Romsdal","SP","Senterpartiet",3,0
"2015","ko","kommune","Molde","Møre og Romsdal","KRF","Kristelig Folkeparti",3,-1
"2015","ko","kommune","Molde","Møre og Romsdal","MDG","Miljøpartiet De Grønne",2,2
"2015","ko","kommune","Molde","Møre og Romsdal","V","Venstre",3,-3
"2015","ko","kommune","Molde","Møre og Romsdal","H","Høyre",17,0
"2015","ko","kommune","Molde","Møre og Romsdal","FRP","Fremskrittspartiet",4,-1
"2015","ko","kommune","Molde","Møre og Romsdal","PP","Pensjonistpartiet",0,0
"2015","ko","kommune","Molde","Møre og Romsdal","BLANKE","Blanke",0,0
"2015","ko","kommune","Molde","Møre og Romsdal","BOR","Borgerlisten",4,4
"2015","ko","kommune","Molde","Møre og Romsdal","KRISTNE","Partiet De Kristne",0,0
"2015","ko","kommune","Molde","Møre og Romsdal","Andre","Andre",4,4
"2015","ko","kommune","Molde","Møre og Romsdal","Andre2","Andre2",0,0
"2015","ko","kommune","Ålesund","Møre og Romsdal","A","Arbeiderpartiet",18,6
"2015","ko","kommune","Ålesund","Møre og Romsdal","SV","Sosialistisk Venstreparti",1,0
"2015","ko","kommune","Ålesund","Møre og Romsdal","RØDT","Rødt",0,0
"2015","ko","kommune","Ålesund","Møre og Romsdal","SP","Senterpartiet",1,1
"2015","ko","kommune","Ålesund","Møre og Romsdal","KRF","Kristelig Folkeparti",5,0
"2015","ko","kommune","Ålesund","Møre og Romsdal","MDG","Miljøpartiet De Grønne",1,1
"2015","ko","kommune","Ålesund","Møre og Romsdal","V","Venstre",3,-1
"2015","ko","kommune","Ålesund","Møre og Romsdal","H","Høyre",9,-5
"2015","ko","kommune","Ålesund","Møre og Romsdal","FRP","Fremskrittspartiet",8,-3
"2015","ko","kommune","Ålesund","Møre og Romsdal","BLANKE","Blanke",0,0
"2015","ko","kommune","Ålesund","Møre og Romsdal","KRISTNE","Partiet De Kristne",0,0
"2015","ko","kommune","Ålesund","Møre og Romsdal","ÅTLÅ","Ålesundlista Tverrpolitisk liste for Ålesund",3,3
"2015","ko","kommune","Ålesund","Møre og Romsdal","Andre","Andre",3,3
"2015","ko","kommune","Ålesund","Møre og Romsdal","Andre2","Andre2",0,-2
"2015","ko","kommune","Kristiansund","Møre og Romsdal","A","Arbeiderpartiet",16,-7
"2015","ko","kommune","Kristiansund","Møre og Romsdal","SV","Sosialistisk Venstreparti",1,0
"2015","ko","kommune","Kristiansund","Møre og Romsdal","RØDT","Rødt",2,1
"2015","ko","kommune","Kristiansund","Møre og Romsdal","SP","Senterpartiet",11,10
"2015","ko","kommune","Kristiansund","Møre og Romsdal","KRF","Kristelig Folkeparti",1,0
"2015","ko","kommune","Kristiansund","Møre og Romsdal","MDG","Miljøpartiet De Grønne",2,2
"2015","ko","kommune","Kristiansund","Møre og Romsdal","V","Venstre",2,0
"2015","ko","kommune","Kristiansund","Møre og Romsdal","H","Høyre",3,-5
"2015","ko","kommune","Kristiansund","Møre og Romsdal","FRP","Fremskrittspartiet",7,-1
"2015","ko","kommune","Kristiansund","Møre og Romsdal","BLANKE","Blanke",0,0
"2015","ko","kommune","Kristiansund","Møre og Romsdal","KRISTNE","Partiet De Kristne",0,0
"2015","ko","kommune","Kristiansund","Møre og Romsdal","Andre","Andre",0,0
"2015","ko","kommune","Kristiansund","Møre og Romsdal","Andre2","Andre2",0,0
"2015","ko","kommune","Vanylven","Møre og Romsdal","A","Arbeiderpartiet",5,1
"2015","ko","kommune","Vanylven","Møre og Romsdal","SP","Senterpartiet",3,-1
"2015","ko","kommune","Vanylven","Møre og Romsdal","KRF","Kristelig Folkeparti",3,-1
"2015","ko","kommune","Vanylven","Møre og Romsdal","V","Venstre",4,2
"2015","ko","kommune","Vanylven","Møre og Romsdal","H","Høyre",3,0
"2015","ko","kommune","Vanylven","Møre og Romsdal","FRP","Fremskrittspartiet",3,-1
"2015","ko","kommune","Vanylven","Møre og Romsdal","BLANKE","Blanke",0,0
"2015","ko","kommune","Vanylven","Møre og Romsdal","Andre","Andre",0,0
"2015","ko","kommune","Vanylven","Møre og Romsdal","Andre2","Andre2",0,0
"2015","ko","kommune","Sande","Møre og Romsdal","A","Arbeiderpartiet",5,3
"2015","ko","kommune","Sande","Møre og Romsdal","SP","Senterpartiet",2,0
"2015","ko","kommune","Sande","Møre og Romsdal","V","Venstre",1,-1
"2015","ko","kommune","Sande","Møre og Romsdal","H","Høyre",7,-1
"2015","ko","kommune","Sande","Møre og Romsdal","FRP","Fremskrittspartiet",2,0
"2015","ko","kommune","Sande","Møre og Romsdal","BLANKE","Blanke",0,0
"2015","ko","kommune","Sande","Møre og Romsdal","TVLKS_V","TVERRPOLITISK LISTE VOKSA SANDSØY KVAMSØY",4,0
"2015","ko","kommune","Sande","Møre og Romsdal","Andre","Andre",4,0
"2015","ko","kommune","Sande","Møre og Romsdal","Andre2","Andre2",0,-1
"2015","ko","kommune","Herøy","Møre og Romsdal","A","Arbeiderpartiet",10,4
"2015","ko","kommune","Herøy","Møre og Romsdal","KRF","Kristelig Folkeparti",4,-1
"2015","ko","kommune","Herøy","Møre og Romsdal","V","Venstre",1,0
"2015","ko","kommune","Herøy","Møre og Romsdal","H","Høyre",11,-4
"2015","ko","kommune","Herøy","Møre og Romsdal","FRP","Fremskrittspartiet",3,0
"2015","ko","kommune","Herøy","Møre og Romsdal","BLANKE","Blanke",0,0
"2015","ko","kommune","Herøy","Møre og Romsdal","FLSP","Folkelista/Senterpartiet",4,1
"2015","ko","kommune","Herøy","Møre og Romsdal","KRISTNE","Partiet De Kristne",0,0
"2015","ko","kommune","Herøy","Møre og Romsdal","Andre","Andre",4,1
"2015","ko","kommune","Herøy","Møre og Romsdal","Andre2","Andre2",0,0
"2015","ko","kommune","Ulstein","Møre og Romsdal","A","Arbeiderpartiet",5,-1
"2015","ko","kommune","Ulstein","Møre og Romsdal","SV","Sosialistisk Venstreparti",1,1
"2015","ko","kommune","Ulstein","Møre og Romsdal","SP","Senterpartiet",2,1
"2015","ko","kommune","Ulstein","Møre og Romsdal","KRF","Kristelig Folkeparti",3,0
"2015","ko","kommune","Ulstein","Møre og Romsdal","V","Venstre",3,0
"2015","ko","kommune","Ulstein","Møre og Romsdal","H","Høyre",5,-3
"2015","ko","kommune","Ulstein","Møre og Romsdal","FRP","Fremskrittspartiet",6,2
"2015","ko","kommune","Ulstein","Møre og Romsdal","BLANKE","Blanke",0,0
"2015","ko","kommune","Ulstein","Møre og Romsdal","KRISTNE","Partiet De Kristne",0,0
"2015","ko","kommune","Ulstein","Møre og Romsdal","Andre","Andre",0,0
"2015","ko","kommune","Ulstein","Møre og Romsdal","Andre2","Andre2",0,0
"2015","ko","kommune","Hareid","Møre og Romsdal","A","Arbeiderpartiet",3,1
"2015","ko","kommune","Hareid","Møre og Romsdal","SV","Sosialistisk Venstreparti",0,0
"2015","ko","kommune","Hareid","Møre og Romsdal","KRF","Kristelig Folkeparti",2,0
"2015","ko","kommune","Hareid","Møre og Romsdal","V","Venstre",2,-1
"2015","ko","kommune","Hareid","Møre og Romsdal","H","Høyre",5,0
"2015","ko","kommune","Hareid","Møre og Romsdal","FRP","Fremskrittspartiet",4,0
"2015","ko","kommune","Hareid","Møre og Romsdal","BLANKE","Blanke",0,0
"2015","ko","kommune","Hareid","Møre og Romsdal","FOHAR","Folkelista for Hareid kommune",5,0
"2015","ko","kommune","Hareid","Møre og Romsdal","KRISTNE","Partiet De Kristne",0,0
"2015","ko","kommune","Hareid","Møre og Romsdal","Andre","Andre",5,0
"2015","ko","kommune","Hareid","Møre og Romsdal","Andre2","Andre2",0,0
"2015","ko","kommune","Volda","Møre og Romsdal","A","Arbeiderpartiet",6,2
"2015","ko","kommune","Volda","Møre og Romsdal","SV","Sosialistisk Venstreparti",2,0
"2015","ko","kommune","Volda","Møre og Romsdal","RØDT","Rødt",0,0
"2015","ko","kommune","Volda","Møre og Romsdal","SP","Senterpartiet",3,0
"2015","ko","kommune","Volda","Møre og Romsdal","KRF","Kristelig Folkeparti",6,1
"2015","ko","kommune","Volda","Møre og Romsdal","MDG","Miljøpartiet De Grønne",1,1
"2015","ko","kommune","Volda","Møre og Romsdal","V","Venstre",2,-1
"2015","ko","kommune","Volda","Møre og Romsdal","H","Høyre",3,-1
"2015","ko","kommune","Volda","Møre og Romsdal","FRP","Fremskrittspartiet",4,0
"2015","ko","kommune","Volda","Møre og Romsdal","BLANKE","Blanke",0,0
"2015","ko","kommune","Volda","Møre og Romsdal","KRISTNE","Partiet De Kristne",0,0
"2015","ko","kommune","Volda","Møre og Romsdal","Andre","Andre",0,0
"2015","ko","kommune","Volda","Møre og Romsdal","Andre2","Andre2",0,-2
"2015","ko","kommune","Ørsta","Møre og Romsdal","A","Arbeiderpartiet",5,-2
"2015","ko","kommune","Ørsta","Møre og Romsdal","SV","Sosialistisk Venstreparti",1,0
"2015","ko","kommune","Ørsta","Møre og Romsdal","SP","Senterpartiet",8,3
"2015","ko","kommune","Ørsta","Møre og Romsdal","KRF","Kristelig Folkeparti",4,0
"2015","ko","kommune","Ørsta","Møre og Romsdal","MDG","Miljøpartiet De Grønne",1,1
"2015","ko","kommune","Ørsta","Møre og Romsdal","V","Venstre",2,0
"2015","ko","kommune","Ørsta","Møre og Romsdal","H","Høyre",7,-1
"2015","ko","kommune","Ørsta","Møre og Romsdal","FRP","Fremskrittspartiet",5,-1
"2015","ko","kommune","Ørsta","Møre og Romsdal","BLANKE","Blanke",0,0
"2015","ko","kommune","Ørsta","Møre og Romsdal","Andre","Andre",0,0
"2015","ko","kommune","Ørsta","Møre og Romsdal","Andre2","Andre2",0,0
"2015","ko","kommune","Ørskog","Møre og Romsdal","A","Arbeiderpartiet",4,0
"2015","ko","kommune","Ørskog","Møre og Romsdal","SP","Senterpartiet",2,-2
"2015","ko","kommune","Ørskog","Møre og Romsdal","H","Høyre",3,1
"2015","ko","kommune","Ørskog","Møre og Romsdal","FRP","Fremskrittspartiet",4,-1
"2015","ko","kommune","Ørskog","Møre og Romsdal","BLANKE","Blanke",0,0
"2015","ko","kommune","Ørskog","Møre og Romsdal","ØR_KRF_V","Ørskog KRF - Ørskog Venstre",4,2
"2015","ko","kommune","Ørskog","Møre og Romsdal","Andre","Andre",4,2
"2015","ko","kommune","Ørskog","Møre og Romsdal","Andre2","Andre2",0,0
"2015","ko","kommune","Norddal","Møre og Romsdal","A","Arbeiderpartiet",2,-4
"2015","ko","kommune","Norddal","Møre og Romsdal","SV","Sosialistisk Venstreparti",1,1
"2015","ko","kommune","Norddal","Møre og Romsdal","SP","Senterpartiet",9,6
"2015","ko","kommune","Norddal","Møre og Romsdal","BLANKE","Blanke",0,0
"2015","ko","kommune","Norddal","Møre og Romsdal","TVLN","Tverrpolitisk liste for Norddal",5,1
"2015","ko","kommune","Norddal","Møre og Romsdal","Andre","Andre",5,1
"2015","ko","kommune","Norddal","Møre og Romsdal","Andre2","Andre2",0,-8
"2015","ko","kommune","Stranda","Møre og Romsdal","A","Arbeiderpartiet",3,0
"2015","ko","kommune","Stranda","Møre og Romsdal","SP","Senterpartiet",11,3
"2015","ko","kommune","Stranda","Møre og Romsdal","KRF","Kristelig Folkeparti",2,0
"2015","ko","kommune","Stranda","Møre og Romsdal","V","Venstre",1,0
"2015","ko","kommune","Stranda","Møre og Romsdal","H","Høyre",3,0
"2015","ko","kommune","Stranda","Møre og Romsdal","FRP","Fremskrittspartiet",5,-3
"2015","ko","kommune","Stranda","Møre og Romsdal","BLANKE","Blanke",0,0
"2015","ko","kommune","Stranda","Møre og Romsdal","Andre","Andre",0,0
"2015","ko","kommune","Stranda","Møre og Romsdal","Andre2","Andre2",0,0
"2015","ko","kommune","Stordal","Møre og Romsdal","A","Arbeiderpartiet",6,2
"2015","ko","kommune","Stordal","Møre og Romsdal","SP","Senterpartiet",2,0
"2015","ko","kommune","Stordal","Møre og Romsdal","KRF","Kristelig Folkeparti",1,0
"2015","ko","kommune","Stordal","Møre og Romsdal","H","Høyre",5,-2
"2015","ko","kommune","Stordal","Møre og Romsdal","FRP","Fremskrittspartiet",1,0
"2015","ko","kommune","Stordal","Møre og Romsdal","BLANKE","Blanke",0,0
"2015","ko","kommune","Stordal","Møre og Romsdal","Andre","Andre",0,0
"2015","ko","kommune","Stordal","Møre og Romsdal","Andre2","Andre2",0,0
"2015","ko","kommune","Sykkylven","Møre og Romsdal","A","Arbeiderpartiet",6,0
"2015","ko","kommune","Sykkylven","Møre og Romsdal","SV","Sosialistisk Venstreparti",1,0
"2015","ko","kommune","Sykkylven","Møre og Romsdal","SP","Senterpartiet",4,1
"2015","ko","kommune","Sykkylven","Møre og Romsdal","KRF","Kristelig Folkeparti",2,-1
"2015","ko","kommune","Sykkylven","Møre og Romsdal","V","Venstre",2,0
"2015","ko","kommune","Sykkylven","Møre og Romsdal","H","Høyre",8,1
"2015","ko","kommune","Sykkylven","Møre og Romsdal","FRP","Fremskrittspartiet",6,-1
"2015","ko","kommune","Sykkylven","Møre og Romsdal","BLANKE","Blanke",0,0
"2015","ko","kommune","Sykkylven","Møre og Romsdal","KRISTNE","Partiet De Kristne",0,0
"2015","ko","kommune","Sykkylven","Møre og Romsdal","Andre","Andre",0,0
"2015","ko","kommune","Sykkylven","Møre og Romsdal","Andre2","Andre2",0,0
"2015","ko","kommune","Skodje","Møre og Romsdal","A","Arbeiderpartiet",4,0
"2015","ko","kommune","Skodje","Møre og Romsdal","SP","Senterpartiet",4,0
"2015","ko","kommune","Skodje","Møre og Romsdal","KRF","Kristelig Folkeparti",2,0
"2015","ko","kommune","Skodje","Møre og Romsdal","V","Venstre",2,0
"2015","ko","kommune","Skodje","Møre og Romsdal","H","Høyre",5,1
"2015","ko","kommune","Skodje","Møre og Romsdal","FRP","Fremskrittspartiet",4,-1
"2015","ko","kommune","Skodje","Møre og Romsdal","BLANKE","Blanke",0,0
"2015","ko","kommune","Skodje","Møre og Romsdal","Andre","Andre",0,0
"2015","ko","kommune","Skodje","Møre og Romsdal","Andre2","Andre2",0,0
"2015","ko","kommune","Sula","Møre og Romsdal","A","Arbeiderpartiet",6,1
"2015","ko","kommune","Sula","Møre og Romsdal","SP","Senterpartiet",0,0
"2015","ko","kommune","Sula","Møre og Romsdal","KRF","Kristelig Folkeparti",4,0
"2015","ko","kommune","Sula","Møre og Romsdal","MDG","Miljøpartiet De Grønne",1,1
"2015","ko","kommune","Sula","Møre og Romsdal","V","Venstre",1,-1
"2015","ko","kommune","Sula","Møre og Romsdal","H","Høyre",5,0
"2015","ko","kommune","Sula","Møre og Romsdal","FRP","Fremskrittspartiet",8,-1
"2015","ko","kommune","Sula","Møre og Romsdal","BLANKE","Blanke",0,0
"2015","ko","kommune","Sula","Møre og Romsdal","KRISTNE","Partiet De Kristne",0,0
"2015","ko","kommune","Sula","Møre og Romsdal","UAVH","Sulalista",4,0
"2015","ko","kommune","Sula","Møre og Romsdal","Andre","Andre",4,0
"2015","ko","kommune","Sula","Møre og Romsdal","Andre2","Andre2",0,0
"2015","ko","kommune","Giske","Møre og Romsdal","A","Arbeiderpartiet",4,1
"2015","ko","kommune","Giske","Møre og Romsdal","SP","Senterpartiet",1,0
"2015","ko","kommune","Giske","Møre og Romsdal","KRF","Kristelig Folkeparti",6,-2
"2015","ko","kommune","Giske","Møre og Romsdal","V","Venstre",4,0
"2015","ko","kommune","Giske","Møre og Romsdal","H","Høyre",3,-2
"2015","ko","kommune","Giske","Møre og Romsdal","FRP","Fremskrittspartiet",2,0
"2015","ko","kommune","Giske","Møre og Romsdal","BLANKE","Blanke",0,0
"2015","ko","kommune","Giske","Møre og Romsdal","TPG","Tverrpolitisk liste for Giske",3,3
"2015","ko","kommune","Giske","Møre og Romsdal","Andre","Andre",3,3
"2015","ko","kommune","Giske","Møre og Romsdal","Andre2","Andre2",0,0
"2015","ko","kommune","Haram","Møre og Romsdal","A","Arbeiderpartiet",5,0
"2015","ko","kommune","Haram","Møre og Romsdal","SP","Senterpartiet",6,1
"2015","ko","kommune","Haram","Møre og Romsdal","KRF","Kristelig Folkeparti",3,0
"2015","ko","kommune","Haram","Møre og Romsdal","MDG","Miljøpartiet De Grønne",1,1
"2015","ko","kommune","Haram","Møre og Romsdal","V","Venstre",1,0
"2015","ko","kommune","Haram","Møre og Romsdal","H","Høyre",5,-3
"2015","ko","kommune","Haram","Møre og Romsdal","FRP","Fremskrittspartiet",6,2
"2015","ko","kommune","Haram","Møre og Romsdal","BLANKE","Blanke",0,0
"2015","ko","kommune","Haram","Møre og Romsdal","KRISTNE","Partiet De Kristne",0,0
"2015","ko","kommune","Haram","Møre og Romsdal","Andre","Andre",0,0
"2015","ko","kommune","Haram","Møre og Romsdal","Andre2","Andre2",0,-5
"2015","ko","kommune","Vestnes","Møre og Romsdal","A","Arbeiderpartiet",3,-1
"2015","ko","kommune","Vestnes","Møre og Romsdal","SV","Sosialistisk Venstreparti",1,1
"2015","ko","kommune","Vestnes","Møre og Romsdal","SP","Senterpartiet",10,6
"2015","ko","kommune","Vestnes","Møre og Romsdal","KRF","Kristelig Folkeparti",1,-1
"2015","ko","kommune","Vestnes","Møre og Romsdal","V","Venstre",2,-2
"2015","ko","kommune","Vestnes","Møre og Romsdal","H","Høyre",3,-2
"2015","ko","kommune","Vestnes","Møre og Romsdal","FRP","Fremskrittspartiet",2,-2
"2015","ko","kommune","Vestnes","Møre og Romsdal","PP","Pensjonistpartiet",1,1
"2015","ko","kommune","Vestnes","Møre og Romsdal","BLANKE","Blanke",0,0
"2015","ko","kommune","Vestnes","Møre og Romsdal","Andre","Andre",1,1
"2015","ko","kommune","Vestnes","Møre og Romsdal","Andre2","Andre2",0,0
"2015","ko","kommune","Rauma","Møre og Romsdal","A","Arbeiderpartiet",5,-1
"2015","ko","kommune","Rauma","Møre og Romsdal","SV","Sosialistisk Venstreparti",2,1
"2015","ko","kommune","Rauma","Møre og Romsdal","SP","Senterpartiet",7,1
"2015","ko","kommune","Rauma","Møre og Romsdal","KRF","Kristelig Folkeparti",2,-1
"2015","ko","kommune","Rauma","Møre og Romsdal","V","Venstre",1,-1
"2015","ko","kommune","Rauma","Møre og Romsdal","H","Høyre",8,3
"2015","ko","kommune","Rauma","Møre og Romsdal","FRP","Fremskrittspartiet",2,-2
"2015","ko","kommune","Rauma","Møre og Romsdal","BLANKE","Blanke",0,0
"2015","ko","kommune","Rauma","Møre og Romsdal","Andre","Andre",0,0
"2015","ko","kommune","Rauma","Møre og Romsdal","Andre2","Andre2",0,0
"2015","ko","kommune","Nesset","Møre og Romsdal","A","Arbeiderpartiet",7,0
"2015","ko","kommune","Nesset","Møre og Romsdal","SP","Senterpartiet",4,1
"2015","ko","kommune","Nesset","Møre og Romsdal","KRF","Kristelig Folkeparti",2,0
"2015","ko","kommune","Nesset","Møre og Romsdal","V","Venstre",0,0
"2015","ko","kommune","Nesset","Møre og Romsdal","H","Høyre",6,-1
"2015","ko","kommune","Nesset","Møre og Romsdal","FRP","Fremskrittspartiet",1,0
"2015","ko","kommune","Nesset","Møre og Romsdal","BLANKE","Blanke",0,0
"2015","ko","kommune","Nesset","Møre og Romsdal","IL","Innbyggerlista",1,0
"2015","ko","kommune","Nesset","Møre og Romsdal","Andre","Andre",1,0
"2015","ko","kommune","Nesset","Møre og Romsdal","Andre2","Andre2",0,0
"2015","ko","kommune","Midsund","Møre og Romsdal","A","Arbeiderpartiet",3,3
"2015","ko","kommune","Midsund","Møre og Romsdal","SP","Senterpartiet",4,1
"2015","ko","kommune","Midsund","Møre og Romsdal","KRF","Kristelig Folkeparti",1,-1
"2015","ko","kommune","Midsund","Møre og Romsdal","V","Venstre",3,0
"2015","ko","kommune","Midsund","Møre og Romsdal","H","Høyre",5,1
"2015","ko","kommune","Midsund","Møre og Romsdal","FRP","Fremskrittspartiet",1,-4
"2015","ko","kommune","Midsund","Møre og Romsdal","BLANKE","Blanke",0,0
"2015","ko","kommune","Midsund","Møre og Romsdal","Andre","Andre",0,0
"2015","ko","kommune","Midsund","Møre og Romsdal","Andre2","Andre2",0,0
"2015","ko","kommune","Sandøy","Møre og Romsdal","A","Arbeiderpartiet",10,4
"2015","ko","kommune","Sandøy","Møre og Romsdal","V","Venstre",3,-2
"2015","ko","kommune","Sandøy","Møre og Romsdal","H","Høyre",6,-1
"2015","ko","kommune","Sandøy","Møre og Romsdal","FRP","Fremskrittspartiet",0,-1
"2015","ko","kommune","Sandøy","Møre og Romsdal","BLANKE","Blanke",0,0
"2015","ko","kommune","Sandøy","Møre og Romsdal","Andre","Andre",0,0
"2015","ko","kommune","Sandøy","Møre og Romsdal","Andre2","Andre2",0,0
"2015","ko","kommune","Aukra","Møre og Romsdal","A","Arbeiderpartiet",7,0
"2015","ko","kommune","Aukra","Møre og Romsdal","SV","Sosialistisk Venstreparti",0,-1
"2015","ko","kommune","Aukra","Møre og Romsdal","SP","Senterpartiet",2,1
"2015","ko","kommune","Aukra","Møre og Romsdal","KRF","Kristelig Folkeparti",3,0
"2015","ko","kommune","Aukra","Møre og Romsdal","V","Venstre",2,1
"2015","ko","kommune","Aukra","Møre og Romsdal","H","Høyre",5,2
"2015","ko","kommune","Aukra","Møre og Romsdal","FRP","Fremskrittspartiet",1,-1
"2015","ko","kommune","Aukra","Møre og Romsdal","AUKRA","Aukralista",1,-2
"2015","ko","kommune","Aukra","Møre og Romsdal","BLANKE","Blanke",0,0
"2015","ko","kommune","Aukra","Møre og Romsdal","Andre","Andre",1,-2
"2015","ko","kommune","Aukra","Møre og Romsdal","Andre2","Andre2",0,0
"2015","ko","kommune","Fræna","Møre og Romsdal","A","Arbeiderpartiet",6,0
"2015","ko","kommune","Fræna","Møre og Romsdal","SV","Sosialistisk Venstreparti",1,1
"2015","ko","kommune","Fræna","Møre og Romsdal","SP","Senterpartiet",11,4
"2015","ko","kommune","Fræna","Møre og Romsdal","KRF","Kristelig Folkeparti",3,0
"2015","ko","kommune","Fræna","Møre og Romsdal","V","Venstre",1,-1
"2015","ko","kommune","Fræna","Møre og Romsdal","H","Høyre",6,-2
"2015","ko","kommune","Fræna","Møre og Romsdal","FRP","Fremskrittspartiet",3,-2
"2015","ko","kommune","Fræna","Møre og Romsdal","BLANKE","Blanke",0,0
"2015","ko","kommune","Fræna","Møre og Romsdal","KRISTNE","Partiet De Kristne",0,0
"2015","ko","kommune","Fræna","Møre og Romsdal","Andre","Andre",0,0
"2015","ko","kommune","Fræna","Møre og Romsdal","Andre2","Andre2",0,0
"2015","ko","kommune","Eide","Møre og Romsdal","A","Arbeiderpartiet",7,0
"2015","ko","kommune","Eide","Møre og Romsdal","SP","Senterpartiet",4,2
"2015","ko","kommune","Eide","Møre og Romsdal","KRF","Kristelig Folkeparti",1,0
"2015","ko","kommune","Eide","Møre og Romsdal","V","Venstre",2,0
"2015","ko","kommune","Eide","Møre og Romsdal","H","Høyre",7,0
"2015","ko","kommune","Eide","Møre og Romsdal","BLANKE","Blanke",0,0
"2015","ko","kommune","Eide","Møre og Romsdal","Andre","Andre",0,0
"2015","ko","kommune","Eide","Møre og Romsdal","Andre2","Andre2",0,-2
"2015","ko","kommune","Averøy","Møre og Romsdal","A","Arbeiderpartiet",9,1
"2015","ko","kommune","Averøy","Møre og Romsdal","SV","Sosialistisk Venstreparti",1,0
"2015","ko","kommune","Averøy","Møre og Romsdal","SP","Senterpartiet",3,-1
"2015","ko","kommune","Averøy","Møre og Romsdal","KRF","Kristelig Folkeparti",2,0
"2015","ko","kommune","Averøy","Møre og Romsdal","V","Venstre",6,2
"2015","ko","kommune","Averøy","Møre og Romsdal","H","Høyre",2,-1
"2015","ko","kommune","Averøy","Møre og Romsdal","FRP","Fremskrittspartiet",4,-1
"2015","ko","kommune","Averøy","Møre og Romsdal","BLANKE","Blanke",0,0
"2015","ko","kommune","Averøy","Møre og Romsdal","Andre","Andre",0,0
"2015","ko","kommune","Averøy","Møre og Romsdal","Andre2","Andre2",0,0
"2015","ko","kommune","Gjemnes","Møre og Romsdal","A","Arbeiderpartiet",4,0
"2015","ko","kommune","Gjemnes","Møre og Romsdal","SV","Sosialistisk Venstreparti",1,1
"2015","ko","kommune","Gjemnes","Møre og Romsdal","SP","Senterpartiet",5,2
"2015","ko","kommune","Gjemnes","Møre og Romsdal","KRF","Kristelig Folkeparti",1,-3
"2015","ko","kommune","Gjemnes","Møre og Romsdal","V","Venstre",1,0
"2015","ko","kommune","Gjemnes","Møre og Romsdal","H","Høyre",3,0
"2015","ko","kommune","Gjemnes","Møre og Romsdal","FRP","Fremskrittspartiet",2,0
"2015","ko","kommune","Gjemnes","Møre og Romsdal","BLANKE","Blanke",0,0
"2015","ko","kommune","Gjemnes","Møre og Romsdal","Andre","Andre",0,0
"2015","ko","kommune","Gjemnes","Møre og Romsdal","Andre2","Andre2",0,0
"2015","ko","kommune","Tingvoll","Møre og Romsdal","A","Arbeiderpartiet",7,0
"2015","ko","kommune","Tingvoll","Møre og Romsdal","SP","Senterpartiet",6,-1
"2015","ko","kommune","Tingvoll","Møre og Romsdal","KRF","Kristelig Folkeparti",5,3
"2015","ko","kommune","Tingvoll","Møre og Romsdal","MDG","Miljøpartiet De Grønne",1,1
"2015","ko","kommune","Tingvoll","Møre og Romsdal","V","Venstre",1,-1
"2015","ko","kommune","Tingvoll","Møre og Romsdal","H","Høyre",2,-2
"2015","ko","kommune","Tingvoll","Møre og Romsdal","FRP","Fremskrittspartiet",3,0
"2015","ko","kommune","Tingvoll","Møre og Romsdal","BLANKE","Blanke",0,0
"2015","ko","kommune","Tingvoll","Møre og Romsdal","Andre","Andre",0,0
"2015","ko","kommune","Tingvoll","Møre og Romsdal","Andre2","Andre2",0,0
"2015","ko","kommune","Sunndal","Møre og Romsdal","A","Arbeiderpartiet",15,-1
"2015","ko","kommune","Sunndal","Møre og Romsdal","SV","Sosialistisk Venstreparti",2,1
"2015","ko","kommune","Sunndal","Møre og Romsdal","SP","Senterpartiet",4,2
"2015","ko","kommune","Sunndal","Møre og Romsdal","KRF","Kristelig Folkeparti",1,0
"2015","ko","kommune","Sunndal","Møre og Romsdal","V","Venstre",1,0
"2015","ko","kommune","Sunndal","Møre og Romsdal","H","Høyre",1,-2
"2015","ko","kommune","Sunndal","Møre og Romsdal","FRP","Fremskrittspartiet",3,0
"2015","ko","kommune","Sunndal","Møre og Romsdal","BLANKE","Blanke",0,0
"2015","ko","kommune","Sunndal","Møre og Romsdal","Andre","Andre",0,0
"2015","ko","kommune","Sunndal","Møre og Romsdal","Andre2","Andre2",0,0
"2015","ko","kommune","Surnadal","Møre og Romsdal","A","Arbeiderpartiet",12,-1
"2015","ko","kommune","Surnadal","Møre og Romsdal","SV","Sosialistisk Venstreparti",0,-1
"2015","ko","kommune","Surnadal","Møre og Romsdal","SP","Senterpartiet",9,1
"2015","ko","kommune","Surnadal","Møre og Romsdal","KRF","Kristelig Folkeparti",1,0
"2015","ko","kommune","Surnadal","Møre og Romsdal","MDG","Miljøpartiet De Grønne",1,1
"2015","ko","kommune","Surnadal","Møre og Romsdal","V","Venstre",0,0
"2015","ko","kommune","Surnadal","Møre og Romsdal","H","Høyre",3,1
"2015","ko","kommune","Surnadal","Møre og Romsdal","FRP","Fremskrittspartiet",1,-1
"2015","ko","kommune","Surnadal","Møre og Romsdal","BLANKE","Blanke",0,0
"2015","ko","kommune","Surnadal","Møre og Romsdal","Andre","Andre",0,0
"2015","ko","kommune","Surnadal","Møre og Romsdal","Andre2","Andre2",0,0
"2015","ko","kommune","Rindal","Møre og Romsdal","A","Arbeiderpartiet",7,2
"2015","ko","kommune","Rindal","Møre og Romsdal","SP","Senterpartiet",7,-3
"2015","ko","kommune","Rindal","Møre og Romsdal","KRF","Kristelig Folkeparti",1,0
"2015","ko","kommune","Rindal","Møre og Romsdal","H","Høyre",2,1
"2015","ko","kommune","Rindal","Møre og Romsdal","BLANKE","Blanke",0,0
"2015","ko","kommune","Rindal","Møre og Romsdal","Andre","Andre",0,0
"2015","ko","kommune","Rindal","Møre og Romsdal","Andre2","Andre2",0,0
"2015","ko","kommune","Halsa","Møre og Romsdal","A","Arbeiderpartiet",3,0
"2015","ko","kommune","Halsa","Møre og Romsdal","SP","Senterpartiet",10,4
"2015","ko","kommune","Halsa","Møre og Romsdal","H","Høyre",2,0
"2015","ko","kommune","Halsa","Møre og Romsdal","BLANKE","Blanke",0,0
"2015","ko","kommune","Halsa","Møre og Romsdal","Andre","Andre",0,0
"2015","ko","kommune","Halsa","Møre og Romsdal","Andre2","Andre2",0,-4
"2015","ko","kommune","Smøla","Møre og Romsdal","A","Arbeiderpartiet",12,5
"2015","ko","kommune","Smøla","Møre og Romsdal","SP","Senterpartiet",3,1
"2015","ko","kommune","Smøla","Møre og Romsdal","V","Venstre",2,-2
"2015","ko","kommune","Smøla","Møre og Romsdal","H","Høyre",3,-3
"2015","ko","kommune","Smøla","Møre og Romsdal","FRP","Fremskrittspartiet",1,0
"2015","ko","kommune","Smøla","Møre og Romsdal","BLANKE","Blanke",0,0
"2015","ko","kommune","Smøla","Møre og Romsdal","Andre","Andre",0,0
"2015","ko","kommune","Smøla","Møre og Romsdal","Andre2","Andre2",0,-1
"2015","ko","kommune","Aure","Møre og Romsdal","A","Arbeiderpartiet",6,0
"2015","ko","kommune","Aure","Møre og Romsdal","SP","Senterpartiet",9,3
"2015","ko","kommune","Aure","Møre og Romsdal","KRF","Kristelig Folkeparti",1,0
"2015","ko","kommune","Aure","Møre og Romsdal","V","Venstre",2,-1
"2015","ko","kommune","Aure","Møre og Romsdal","H","Høyre",2,-2
"2015","ko","kommune","Aure","Møre og Romsdal","FRP","Fremskrittspartiet",1,0
"2015","ko","kommune","Aure","Møre og Romsdal","BLANKE","Blanke",0,0
"2015","ko","kommune","Aure","Møre og Romsdal","Andre","Andre",0,0
"2015","ko","kommune","Aure","Møre og Romsdal","Andre2","Andre2",0,0
"2015","ko","kommune","Trondheim","Sør-Trøndelag","A","Arbeiderpartiet",28,1
"2015","ko","kommune","Trondheim","Sør-Trøndelag","SV","Sosialistisk Venstreparti",4,0
"2015","ko","kommune","Trondheim","Sør-Trøndelag","RØDT","Rødt",2,0
"2015","ko","kommune","Trondheim","Sør-Trøndelag","SP","Senterpartiet",2,1
"2015","ko","kommune","Trondheim","Sør-Trøndelag","KRF","Kristelig Folkeparti",2,0
"2015","ko","kommune","Trondheim","Sør-Trøndelag","MDG","Miljøpartiet De Grønne",5,3
"2015","ko","kommune","Trondheim","Sør-Trøndelag","V","Venstre",4,0
"2015","ko","kommune","Trondheim","Sør-Trøndelag","H","Høyre",14,-4
"2015","ko","kommune","Trondheim","Sør-Trøndelag","FRP","Fremskrittspartiet",4,-2
"2015","ko","kommune","Trondheim","Sør-Trøndelag","DEMN","Demokratene i Norge",0,0
"2015","ko","kommune","Trondheim","Sør-Trøndelag","NKP","Norges Kommunistiske Parti",0,0
"2015","ko","kommune","Trondheim","Sør-Trøndelag","PIR","Piratpartiet",0,0
"2015","ko","kommune","Trondheim","Sør-Trøndelag","PP","Pensjonistpartiet",2,1
"2015","ko","kommune","Trondheim","Sør-Trøndelag","BLANKE","Blanke",0,0
"2015","ko","kommune","Trondheim","Sør-Trøndelag","KRISTNE","Partiet De Kristne",0,0
"2015","ko","kommune","Trondheim","Sør-Trøndelag","Andre","Andre",2,1
"2015","ko","kommune","Trondheim","Sør-Trøndelag","Andre2","Andre2",0,0
"2015","ko","kommune","Hemne","Sør-Trøndelag","A","Arbeiderpartiet",10,-2
"2015","ko","kommune","Hemne","Sør-Trøndelag","SP","Senterpartiet",7,3
"2015","ko","kommune","Hemne","Sør-Trøndelag","KRF","Kristelig Folkeparti",1,0
"2015","ko","kommune","Hemne","Sør-Trøndelag","MDG","Miljøpartiet De Grønne",0,0
"2015","ko","kommune","Hemne","Sør-Trøndelag","V","Venstre",0,0
"2015","ko","kommune","Hemne","Sør-Trøndelag","H","Høyre",2,0
"2015","ko","kommune","Hemne","Sør-Trøndelag","FRP","Fremskrittspartiet",1,-1
"2015","ko","kommune","Hemne","Sør-Trøndelag","BLANKE","Blanke",0,0
"2015","ko","kommune","Hemne","Sør-Trøndelag","HEMNELIS","Hemnelista",2,0
"2015","ko","kommune","Hemne","Sør-Trøndelag","Andre","Andre",2,0
"2015","ko","kommune","Hemne","Sør-Trøndelag","Andre2","Andre2",0,0
"2015","ko","kommune","Snillfjord","Sør-Trøndelag","A","Arbeiderpartiet",9,4
"2015","ko","kommune","Snillfjord","Sør-Trøndelag","SP","Senterpartiet",7,2
"2015","ko","kommune","Snillfjord","Sør-Trøndelag","MDG","Miljøpartiet De Grønne",1,1
"2015","ko","kommune","Snillfjord","Sør-Trøndelag","BLANKE","Blanke",0,0
"2015","ko","kommune","Snillfjord","Sør-Trøndelag","Andre","Andre",0,0
"2015","ko","kommune","Snillfjord","Sør-Trøndelag","Andre2","Andre2",0,-7
"2015","ko","kommune","Hitra","Sør-Trøndelag","A","Arbeiderpartiet",9,0
"2015","ko","kommune","Hitra","Sør-Trøndelag","SV","Sosialistisk Venstreparti",1,0
"2015","ko","kommune","Hitra","Sør-Trøndelag","SP","Senterpartiet",2,1
"2015","ko","kommune","Hitra","Sør-Trøndelag","KRF","Kristelig Folkeparti",1,0
"2015","ko","kommune","Hitra","Sør-Trøndelag","MDG","Miljøpartiet De Grønne",1,1
"2015","ko","kommune","Hitra","Sør-Trøndelag","V","Venstre",1,0
"2015","ko","kommune","Hitra","Sør-Trøndelag","H","Høyre",2,-1
"2015","ko","kommune","Hitra","Sør-Trøndelag","FRP","Fremskrittspartiet",2,-1
"2015","ko","kommune","Hitra","Sør-Trøndelag","PP","Pensjonistpartiet",4,0
"2015","ko","kommune","Hitra","Sør-Trøndelag","BLANKE","Blanke",0,0
"2015","ko","kommune","Hitra","Sør-Trøndelag","Andre","Andre",4,0
"2015","ko","kommune","Hitra","Sør-Trøndelag","Andre2","Andre2",0,0
"2015","ko","kommune","Frøya","Sør-Trøndelag","A","Arbeiderpartiet",12,2
"2015","ko","kommune","Frøya","Sør-Trøndelag","SV","Sosialistisk Venstreparti",1,0
"2015","ko","kommune","Frøya","Sør-Trøndelag","SP","Senterpartiet",1,0
"2015","ko","kommune","Frøya","Sør-Trøndelag","KRF","Kristelig Folkeparti",0,0
"2015","ko","kommune","Frøya","Sør-Trøndelag","MDG","Miljøpartiet De Grønne",0,0
"2015","ko","kommune","Frøya","Sør-Trøndelag","V","Venstre",4,0
"2015","ko","kommune","Frøya","Sør-Trøndelag","H","Høyre",2,0
"2015","ko","kommune","Frøya","Sør-Trøndelag","FRP","Fremskrittspartiet",3,-2
"2015","ko","kommune","Frøya","Sør-Trøndelag","BLANKE","Blanke",0,0
"2015","ko","kommune","Frøya","Sør-Trøndelag","Andre","Andre",0,0
"2015","ko","kommune","Frøya","Sør-Trøndelag","Andre2","Andre2",0,0
"2015","ko","kommune","Ørland","Sør-Trøndelag","A","Arbeiderpartiet",5,1
"2015","ko","kommune","Ørland","Sør-Trøndelag","SV","Sosialistisk Venstreparti",1,0
"2015","ko","kommune","Ørland","Sør-Trøndelag","SP","Senterpartiet",7,-1
"2015","ko","kommune","Ørland","Sør-Trøndelag","KRF","Kristelig Folkeparti",0,0
"2015","ko","kommune","Ørland","Sør-Trøndelag","V","Venstre",1,-1
"2015","ko","kommune","Ørland","Sør-Trøndelag","H","Høyre",10,2
"2015","ko","kommune","Ørland","Sør-Trøndelag","FRP","Fremskrittspartiet",1,-1
"2015","ko","kommune","Ørland","Sør-Trøndelag","BLANKE","Blanke",0,0
"2015","ko","kommune","Ørland","Sør-Trøndelag","Andre","Andre",0,0
"2015","ko","kommune","Ørland","Sør-Trøndelag","Andre2","Andre2",0,0
"2015","ko","kommune","Agdenes","Sør-Trøndelag","A","Arbeiderpartiet",3,0
"2015","ko","kommune","Agdenes","Sør-Trøndelag","SP","Senterpartiet",2,0
"2015","ko","kommune","Agdenes","Sør-Trøndelag","KRF","Kristelig Folkeparti",0,-1
"2015","ko","kommune","Agdenes","Sør-Trøndelag","MDG","Miljøpartiet De Grønne",0,0
"2015","ko","kommune","Agdenes","Sør-Trøndelag","H","Høyre",2,0
"2015","ko","kommune","Agdenes","Sør-Trøndelag","BLANKE","Blanke",0,0
"2015","ko","kommune","Agdenes","Sør-Trøndelag","FBU","Felleslista for bygdeutvikling",6,1
"2015","ko","kommune","Agdenes","Sør-Trøndelag","TVPAG","Tverrpolitisk liste",4,0
"2015","ko","kommune","Agdenes","Sør-Trøndelag","Andre","Andre",10,1
"2015","ko","kommune","Agdenes","Sør-Trøndelag","Andre2","Andre2",0,0
"2015","ko","kommune","Rissa","Sør-Trøndelag","A","Arbeiderpartiet",5,0
"2015","ko","kommune","Rissa","Sør-Trøndelag","SV","Sosialistisk Venstreparti",1,0
"2015","ko","kommune","Rissa","Sør-Trøndelag","SP","Senterpartiet",4,0
"2015","ko","kommune","Rissa","Sør-Trøndelag","KRF","Kristelig Folkeparti",1,0
"2015","ko","kommune","Rissa","Sør-Trøndelag","MDG","Miljøpartiet De Grønne",1,1
"2015","ko","kommune","Rissa","Sør-Trøndelag","V","Venstre",1,0
"2015","ko","kommune","Rissa","Sør-Trøndelag","H","Høyre",7,-1
"2015","ko","kommune","Rissa","Sør-Trøndelag","FRP","Fremskrittspartiet",1,-1
"2015","ko","kommune","Rissa","Sør-Trøndelag","DEMN","Demokratene i Norge",0,0
"2015","ko","kommune","Rissa","Sør-Trøndelag","PP","Pensjonistpartiet",2,1
"2015","ko","kommune","Rissa","Sør-Trøndelag","ALT","Alternativet",0,0
"2015","ko","kommune","Rissa","Sør-Trøndelag","BLANKE","Blanke",0,0
"2015","ko","kommune","Rissa","Sør-Trøndelag","Andre","Andre",2,1
"2015","ko","kommune","Rissa","Sør-Trøndelag","Andre2","Andre2",0,0
"2015","ko","kommune","Bjugn","Sør-Trøndelag","A","Arbeiderpartiet",9,-3
"2015","ko","kommune","Bjugn","Sør-Trøndelag","SV","Sosialistisk Venstreparti",1,1
"2015","ko","kommune","Bjugn","Sør-Trøndelag","SP","Senterpartiet",4,0
"2015","ko","kommune","Bjugn","Sør-Trøndelag","KRF","Kristelig Folkeparti",0,-3
"2015","ko","kommune","Bjugn","Sør-Trøndelag","MDG","Miljøpartiet De Grønne",0,0
"2015","ko","kommune","Bjugn","Sør-Trøndelag","V","Venstre",0,-2
"2015","ko","kommune","Bjugn","Sør-Trøndelag","H","Høyre",5,2
"2015","ko","kommune","Bjugn","Sør-Trøndelag","FRP","Fremskrittspartiet",1,-2
"2015","ko","kommune","Bjugn","Sør-Trøndelag","BB","Bygdalista i Bjugn",1,-1
"2015","ko","kommune","Bjugn","Sør-Trøndelag","BLANKE","Blanke",0,0
"2015","ko","kommune","Bjugn","Sør-Trøndelag","Andre","Andre",1,-1
"2015","ko","kommune","Bjugn","Sør-Trøndelag","Andre2","Andre2",0,0
"2015","ko","kommune","Åfjord","Sør-Trøndelag","A","Arbeiderpartiet",8,-1
"2015","ko","kommune","Åfjord","Sør-Trøndelag","SP","Senterpartiet",5,0
"2015","ko","kommune","Åfjord","Sør-Trøndelag","KRF","Kristelig Folkeparti",2,0
"2015","ko","kommune","Åfjord","Sør-Trøndelag","V","Venstre",1,1
"2015","ko","kommune","Åfjord","Sør-Trøndelag","H","Høyre",3,0
"2015","ko","kommune","Åfjord","Sør-Trøndelag","FRP","Fremskrittspartiet",2,0
"2015","ko","kommune","Åfjord","Sør-Trøndelag","BLANKE","Blanke",0,0
"2015","ko","kommune","Åfjord","Sør-Trøndelag","Andre","Andre",0,0
"2015","ko","kommune","Åfjord","Sør-Trøndelag","Andre2","Andre2",0,0
"2015","ko","kommune","Roan","Sør-Trøndelag","A","Arbeiderpartiet",4,2
"2015","ko","kommune","Roan","Sør-Trøndelag","SP","Senterpartiet",5,-3
"2015","ko","kommune","Roan","Sør-Trøndelag","KRF","Kristelig Folkeparti",1,0
"2015","ko","kommune","Roan","Sør-Trøndelag","V","Venstre",2,0
"2015","ko","kommune","Roan","Sør-Trøndelag","H","Høyre",5,1
"2015","ko","kommune","Roan","Sør-Trøndelag","BLANKE","Blanke",0,0
"2015","ko","kommune","Roan","Sør-Trøndelag","Andre","Andre",0,0
"2015","ko","kommune","Roan","Sør-Trøndelag","Andre2","Andre2",0,0
"2015","ko","kommune","Osen","Sør-Trøndelag","A","Arbeiderpartiet",5,1
"2015","ko","kommune","Osen","Sør-Trøndelag","SP","Senterpartiet",3,1
"2015","ko","kommune","Osen","Sør-Trøndelag","H","Høyre",1,1
"2015","ko","kommune","Osen","Sør-Trøndelag","FRP","Fremskrittspartiet",1,0
"2015","ko","kommune","Osen","Sør-Trøndelag","BLANKE","Blanke",0,0
"2015","ko","kommune","Osen","Sør-Trøndelag","BYS","Seter kretsliste",1,-1
"2015","ko","kommune","Osen","Sør-Trøndelag","KRFVO","KRF Venstre",4,-1
"2015","ko","kommune","Osen","Sør-Trøndelag","Andre","Andre",5,-2
"2015","ko","kommune","Osen","Sør-Trøndelag","Andre2","Andre2",0,-1
"2015","ko","kommune","Oppdal","Sør-Trøndelag","A","Arbeiderpartiet",9,-3
"2015","ko","kommune","Oppdal","Sør-Trøndelag","SP","Senterpartiet",6,2
"2015","ko","kommune","Oppdal","Sør-Trøndelag","KRF","Kristelig Folkeparti",1,-1
"2015","ko","kommune","Oppdal","Sør-Trøndelag","V","Venstre",4,2
"2015","ko","kommune","Oppdal","Sør-Trøndelag","H","Høyre",4,1
"2015","ko","kommune","Oppdal","Sør-Trøndelag","FRP","Fremskrittspartiet",1,0
"2015","ko","kommune","Oppdal","Sør-Trøndelag","BLANKE","Blanke",0,0
"2015","ko","kommune","Oppdal","Sør-Trøndelag","Andre","Andre",0,0
"2015","ko","kommune","Oppdal","Sør-Trøndelag","Andre2","Andre2",0,-1
"2015","ko","kommune","Rennebu","Sør-Trøndelag","A","Arbeiderpartiet",8,2
"2015","ko","kommune","Rennebu","Sør-Trøndelag","SP","Senterpartiet",6,0
"2015","ko","kommune","Rennebu","Sør-Trøndelag","KRF","Kristelig Folkeparti",4,-2
"2015","ko","kommune","Rennebu","Sør-Trøndelag","BLANKE","Blanke",0,0
"2015","ko","kommune","Rennebu","Sør-Trøndelag","HV","Fellesliste Høyre og Venstre",3,0
"2015","ko","kommune","Rennebu","Sør-Trøndelag","Andre","Andre",3,0
"2015","ko","kommune","Rennebu","Sør-Trøndelag","Andre2","Andre2",0,0
"2015","ko","kommune","Meldal","Sør-Trøndelag","A","Arbeiderpartiet",10,1
"2015","ko","kommune","Meldal","Sør-Trøndelag","SP","Senterpartiet",5,-2
"2015","ko","kommune","Meldal","Sør-Trøndelag","H","Høyre",1,0
"2015","ko","kommune","Meldal","Sør-Trøndelag","FRP","Fremskrittspartiet",1,0
"2015","ko","kommune","Meldal","Sør-Trøndelag","BERGMANN","Bergmannslista",1,1
"2015","ko","kommune","Meldal","Sør-Trøndelag","BLANKE","Blanke",0,0
"2015","ko","kommune","Meldal","Sør-Trøndelag","KRFVENS","Kristelig folkeparti og Venstre",1,1
"2015","ko","kommune","Meldal","Sør-Trøndelag","Andre","Andre",2,2
"2015","ko","kommune","Meldal","Sør-Trøndelag","Andre2","Andre2",0,-1
"2015","ko","kommune","Orkdal","Sør-Trøndelag","A","Arbeiderpartiet",10,1
"2015","ko","kommune","Orkdal","Sør-Trøndelag","SV","Sosialistisk Venstreparti",1,0
"2015","ko","kommune","Orkdal","Sør-Trøndelag","SP","Senterpartiet",7,2
"2015","ko","kommune","Orkdal","Sør-Trøndelag","KRF","Kristelig Folkeparti",1,-1
"2015","ko","kommune","Orkdal","Sør-Trøndelag","MDG","Miljøpartiet De Grønne",0,0
"2015","ko","kommune","Orkdal","Sør-Trøndelag","V","Venstre",2,-1
"2015","ko","kommune","Orkdal","Sør-Trøndelag","H","Høyre",2,0
"2015","ko","kommune","Orkdal","Sør-Trøndelag","FRP","Fremskrittspartiet",1,-1
"2015","ko","kommune","Orkdal","Sør-Trøndelag","PP","Pensjonistpartiet",2,2
"2015","ko","kommune","Orkdal","Sør-Trøndelag","BLANKE","Blanke",0,0
"2015","ko","kommune","Orkdal","Sør-Trøndelag","OL","Orkdalslista",5,-4
"2015","ko","kommune","Orkdal","Sør-Trøndelag","SB","Småbylista Orkdal",4,2
"2015","ko","kommune","Orkdal","Sør-Trøndelag","Andre","Andre",11,0
"2015","ko","kommune","Orkdal","Sør-Trøndelag","Andre2","Andre2",0,0
"2015","ko","kommune","Røros","Sør-Trøndelag","A","Arbeiderpartiet",11,-3
"2015","ko","kommune","Røros","Sør-Trøndelag","SV","Sosialistisk Venstreparti",4,1
"2015","ko","kommune","Røros","Sør-Trøndelag","SP","Senterpartiet",3,1
"2015","ko","kommune","Røros","Sør-Trøndelag","MDG","Miljøpartiet De Grønne",0,0
"2015","ko","kommune","Røros","Sør-Trøndelag","V","Venstre",2,1
"2015","ko","kommune","Røros","Sør-Trøndelag","H","Høyre",5,1
"2015","ko","kommune","Røros","Sør-Trøndelag","FRP","Fremskrittspartiet",0,-1
"2015","ko","kommune","Røros","Sør-Trøndelag","BLANKE","Blanke",0,0
"2015","ko","kommune","Røros","Sør-Trøndelag","RØL","Røroslista",2,0
"2015","ko","kommune","Røros","Sør-Trøndelag","Andre","Andre",2,0
"2015","ko","kommune","Røros","Sør-Trøndelag","Andre2","Andre2",0,0
"2015","ko","kommune","Holtålen","Sør-Trøndelag","A","Arbeiderpartiet",7,-1
"2015","ko","kommune","Holtålen","Sør-Trøndelag","SV","Sosialistisk Venstreparti",1,0
"2015","ko","kommune","Holtålen","Sør-Trøndelag","H","Høyre",1,-3
"2015","ko","kommune","Holtålen","Sør-Trøndelag","BLANKE","Blanke",0,0
"2015","ko","kommune","Holtålen","Sør-Trøndelag","FLS","Fellesliste av SP og V",6,6
"2015","ko","kommune","Holtålen","Sør-Trøndelag","Andre","Andre",6,6
"2015","ko","kommune","Holtålen","Sør-Trøndelag","Andre2","Andre2",0,-8
"2015","ko","kommune","Midtre Gauldal","Sør-Trøndelag","A","Arbeiderpartiet",13,0
"2015","ko","kommune","Midtre Gauldal","Sør-Trøndelag","SP","Senterpartiet",9,4
"2015","ko","kommune","Midtre Gauldal","Sør-Trøndelag","KRF","Kristelig Folkeparti",2,0
"2015","ko","kommune","Midtre Gauldal","Sør-Trøndelag","V","Venstre",1,0
"2015","ko","kommune","Midtre Gauldal","Sør-Trøndelag","H","Høyre",3,0
"2015","ko","kommune","Midtre Gauldal","Sør-Trøndelag","FRP","Fremskrittspartiet",2,-1
"2015","ko","kommune","Midtre Gauldal","Sør-Trøndelag","BLANKE","Blanke",0,0
"2015","ko","kommune","Midtre Gauldal","Sør-Trøndelag","BMG","Bygdelista for Midtre Gauldal",3,-3
"2015","ko","kommune","Midtre Gauldal","Sør-Trøndelag","SVR","Fellesliste for Sosialistisk Venstreparti og Rødt",0,0
"2015","ko","kommune","Midtre Gauldal","Sør-Trøndelag","Andre","Andre",3,-3
"2015","ko","kommune","Midtre Gauldal","Sør-Trøndelag","Andre2","Andre2",0,0
"2015","ko","kommune","Melhus","Sør-Trøndelag","A","Arbeiderpartiet",14,0
"2015","ko","kommune","Melhus","Sør-Trøndelag","SV","Sosialistisk Venstreparti",1,0
"2015","ko","kommune","Melhus","Sør-Trøndelag","SP","Senterpartiet",7,1
"2015","ko","kommune","Melhus","Sør-Trøndelag","KRF","Kristelig Folkeparti",2,0
"2015","ko","kommune","Melhus","Sør-Trøndelag","MDG","Miljøpartiet De Grønne",1,1
"2015","ko","kommune","Melhus","Sør-Trøndelag","V","Venstre",1,0
"2015","ko","kommune","Melhus","Sør-Trøndelag","H","Høyre",5,-4
"2015","ko","kommune","Melhus","Sør-Trøndelag","FRP","Fremskrittspartiet",2,-2
"2015","ko","kommune","Melhus","Sør-Trøndelag","BLANKE","Blanke",0,0
"2015","ko","kommune","Melhus","Sør-Trøndelag","KRISTNE","Partiet De Kristne",0,0
"2015","ko","kommune","Melhus","Sør-Trøndelag","MELHUS","Melhuslista, Tverrpolitisk liste for hele Melhus kommune",4,4
"2015","ko","kommune","Melhus","Sør-Trøndelag","Andre","Andre",4,4
"2015","ko","kommune","Melhus","Sør-Trøndelag","Andre2","Andre2",0,0
"2015","ko","kommune","Skaun","Sør-Trøndelag","A","Arbeiderpartiet",7,1
"2015","ko","kommune","Skaun","Sør-Trøndelag","SV","Sosialistisk Venstreparti",1,0
"2015","ko","kommune","Skaun","Sør-Trøndelag","RØDT","Rødt",0,0
"2015","ko","kommune","Skaun","Sør-Trøndelag","SP","Senterpartiet",8,2
"2015","ko","kommune","Skaun","Sør-Trøndelag","MDG","Miljøpartiet De Grønne",0,0
"2015","ko","kommune","Skaun","Sør-Trøndelag","H","Høyre",2,-1
"2015","ko","kommune","Skaun","Sør-Trøndelag","FRP","Fremskrittspartiet",2,0
"2015","ko","kommune","Skaun","Sør-Trøndelag","BLANKE","Blanke",0,0
"2015","ko","kommune","Skaun","Sør-Trøndelag","BLBU","Buviklista",2,0
"2015","ko","kommune","Skaun","Sør-Trøndelag","KRF_V","Kristelig folkeparti og Venstre",1,1
"2015","ko","kommune","Skaun","Sør-Trøndelag","Andre","Andre",3,1
"2015","ko","kommune","Skaun","Sør-Trøndelag","Andre2","Andre2",0,-1
"2015","ko","kommune","Klæbu","Sør-Trøndelag","A","Arbeiderpartiet",9,1
"2015","ko","kommune","Klæbu","Sør-Trøndelag","SV","Sosialistisk Venstreparti",2,0
"2015","ko","kommune","Klæbu","Sør-Trøndelag","SP","Senterpartiet",3,0
"2015","ko","kommune","Klæbu","Sør-Trøndelag","MDG","Miljøpartiet De Grønne",1,1
"2015","ko","kommune","Klæbu","Sør-Trøndelag","V","Venstre",3,1
"2015","ko","kommune","Klæbu","Sør-Trøndelag","H","Høyre",3,-2
"2015","ko","kommune","Klæbu","Sør-Trøndelag","FRP","Fremskrittspartiet",2,-1
"2015","ko","kommune","Klæbu","Sør-Trøndelag","BLANKE","Blanke",0,0
"2015","ko","kommune","Klæbu","Sør-Trøndelag","Andre","Andre",0,0
"2015","ko","kommune","Klæbu","Sør-Trøndelag","Andre2","Andre2",0,0
"2015","ko","kommune","Malvik","Sør-Trøndelag","A","Arbeiderpartiet",12,-1
"2015","ko","kommune","Malvik","Sør-Trøndelag","SV","Sosialistisk Venstreparti",1,-1
"2015","ko","kommune","Malvik","Sør-Trøndelag","SP","Senterpartiet",3,1
"2015","ko","kommune","Malvik","Sør-Trøndelag","KRF","Kristelig Folkeparti",1,0
"2015","ko","kommune","Malvik","Sør-Trøndelag","MDG","Miljøpartiet De Grønne",2,2
"2015","ko","kommune","Malvik","Sør-Trøndelag","V","Venstre",2,0
"2015","ko","kommune","Malvik","Sør-Trøndelag","H","Høyre",5,-3
"2015","ko","kommune","Malvik","Sør-Trøndelag","FRP","Fremskrittspartiet",3,0
"2015","ko","kommune","Malvik","Sør-Trøndelag","PP","Pensjonistpartiet",1,1
"2015","ko","kommune","Malvik","Sør-Trøndelag","BLANKE","Blanke",0,0
"2015","ko","kommune","Malvik","Sør-Trøndelag","FOMA","Fokus Malvik",1,1
"2015","ko","kommune","Malvik","Sør-Trøndelag","Andre","Andre",2,2
"2015","ko","kommune","Malvik","Sør-Trøndelag","Andre2","Andre2",0,0
"2015","ko","kommune","Selbu","Sør-Trøndelag","A","Arbeiderpartiet",10,10
"2015","ko","kommune","Selbu","Sør-Trøndelag","SV","Sosialistisk Venstreparti",2,2
"2015","ko","kommune","Selbu","Sør-Trøndelag","MDG","Miljøpartiet De Grønne",1,1
"2015","ko","kommune","Selbu","Sør-Trøndelag","H","Høyre",4,0
"2015","ko","kommune","Selbu","Sør-Trøndelag","BLANKE","Blanke",0,0
"2015","ko","kommune","Selbu","Sør-Trøndelag","SP_V_KRF","Fellesliste SP, KrF og Venstre",8,2
"2015","ko","kommune","Selbu","Sør-Trøndelag","Andre","Andre",8,2
"2015","ko","kommune","Selbu","Sør-Trøndelag","Andre2","Andre2",0,-15
"2015","ko","kommune","Tydal","Sør-Trøndelag","SP","Senterpartiet",12,12
"2015","ko","kommune","Tydal","Sør-Trøndelag","AP_SV_TY","Arbeiderpartiet og Sosialistisk Venstreparti",5,-1
"2015","ko","kommune","Tydal","Sør-Trøndelag","BLANKE","Blanke",0,0
"2015","ko","kommune","Tydal","Sør-Trøndelag","Andre","Andre",5,-1
"2015","ko","kommune","Tydal","Sør-Trøndelag","Andre2","Andre2",0,-11
"2015","ko","kommune","Steinkjer","Nord-Trøndelag","A","Arbeiderpartiet",17,-1
"2015","ko","kommune","Steinkjer","Nord-Trøndelag","SV","Sosialistisk Venstreparti",2,0
"2015","ko","kommune","Steinkjer","Nord-Trøndelag","SP","Senterpartiet",19,3
"2015","ko","kommune","Steinkjer","Nord-Trøndelag","KRF","Kristelig Folkeparti",1,0
"2015","ko","kommune","Steinkjer","Nord-Trøndelag","MDG","Miljøpartiet De Grønne",2,2
"2015","ko","kommune","Steinkjer","Nord-Trøndelag","V","Venstre",1,-1
"2015","ko","kommune","Steinkjer","Nord-Trøndelag","H","Høyre",3,-1
"2015","ko","kommune","Steinkjer","Nord-Trøndelag","FRP","Fremskrittspartiet",2,-2
"2015","ko","kommune","Steinkjer","Nord-Trøndelag","DEMN","Demokratene i Norge",0,0
"2015","ko","kommune","Steinkjer","Nord-Trøndelag","BLANKE","Blanke",0,0
"2015","ko","kommune","Steinkjer","Nord-Trøndelag","Andre","Andre",0,0
"2015","ko","kommune","Steinkjer","Nord-Trøndelag","Andre2","Andre2",0,0
"2015","ko","kommune","Namsos","Nord-Trøndelag","A","Arbeiderpartiet",13,-1
"2015","ko","kommune","Namsos","Nord-Trøndelag","SV","Sosialistisk Venstreparti",3,-4
"2015","ko","kommune","Namsos","Nord-Trøndelag","SP","Senterpartiet",2,0
"2015","ko","kommune","Namsos","Nord-Trøndelag","KRF","Kristelig Folkeparti",1,-1
"2015","ko","kommune","Namsos","Nord-Trøndelag","MDG","Miljøpartiet De Grønne",0,0
"2015","ko","kommune","Namsos","Nord-Trøndelag","V","Venstre",2,-1
"2015","ko","kommune","Namsos","Nord-Trøndelag","H","Høyre",4,-2
"2015","ko","kommune","Namsos","Nord-Trøndelag","FRP","Fremskrittspartiet",2,-1
"2015","ko","kommune","Namsos","Nord-Trøndelag","BLANKE","Blanke",0,0
"2015","ko","kommune","Namsos","Nord-Trøndelag","Andre","Andre",0,0
"2015","ko","kommune","Namsos","Nord-Trøndelag","Andre2","Andre2",0,0
"2015","ko","kommune","Meråker","Nord-Trøndelag","A","Arbeiderpartiet",6,-1
"2015","ko","kommune","Meråker","Nord-Trøndelag","SV","Sosialistisk Venstreparti",1,0
"2015","ko","kommune","Meråker","Nord-Trøndelag","SP","Senterpartiet",4,1
"2015","ko","kommune","Meråker","Nord-Trøndelag","V","Venstre",3,-1
"2015","ko","kommune","Meråker","Nord-Trøndelag","H","Høyre",0,-2
"2015","ko","kommune","Meråker","Nord-Trøndelag","FRP","Fremskrittspartiet",1,0
"2015","ko","kommune","Meråker","Nord-Trøndelag","BLANKE","Blanke",0,0
"2015","ko","kommune","Meråker","Nord-Trøndelag","METPBL","Meråker Tverrpolitiske Bygdeliste",6,3
"2015","ko","kommune","Meråker","Nord-Trøndelag","Andre","Andre",6,3
"2015","ko","kommune","Meråker","Nord-Trøndelag","Andre2","Andre2",0,0
"2015","ko","kommune","Stjørdal","Nord-Trøndelag","A","Arbeiderpartiet",16,-2
"2015","ko","kommune","Stjørdal","Nord-Trøndelag","SV","Sosialistisk Venstreparti",1,-1
"2015","ko","kommune","Stjørdal","Nord-Trøndelag","RØDT","Rødt",1,1
"2015","ko","kommune","Stjørdal","Nord-Trøndelag","SP","Senterpartiet",11,4
"2015","ko","kommune","Stjørdal","Nord-Trøndelag","KRF","Kristelig Folkeparti",1,-1
"2015","ko","kommune","Stjørdal","Nord-Trøndelag","MDG","Miljøpartiet De Grønne",1,1
"2015","ko","kommune","Stjørdal","Nord-Trøndelag","V","Venstre",2,0
"2015","ko","kommune","Stjørdal","Nord-Trøndelag","H","Høyre",6,-1
"2015","ko","kommune","Stjørdal","Nord-Trøndelag","FRP","Fremskrittspartiet",2,-1
"2015","ko","kommune","Stjørdal","Nord-Trøndelag","BLANKE","Blanke",0,0
"2015","ko","kommune","Stjørdal","Nord-Trøndelag","Andre","Andre",0,0
"2015","ko","kommune","Stjørdal","Nord-Trøndelag","Andre2","Andre2",0,0
"2015","ko","kommune","Frosta","Nord-Trøndelag","A","Arbeiderpartiet",3,0
"2015","ko","kommune","Frosta","Nord-Trøndelag","SV","Sosialistisk Venstreparti",1,0
"2015","ko","kommune","Frosta","Nord-Trøndelag","SP","Senterpartiet",6,2
"2015","ko","kommune","Frosta","Nord-Trøndelag","KRF","Kristelig Folkeparti",1,0
"2015","ko","kommune","Frosta","Nord-Trøndelag","V","Venstre",2,0
"2015","ko","kommune","Frosta","Nord-Trøndelag","H","Høyre",4,-2
"2015","ko","kommune","Frosta","Nord-Trøndelag","BLANKE","Blanke",0,0
"2015","ko","kommune","Frosta","Nord-Trøndelag","Andre","Andre",0,0
"2015","ko","kommune","Frosta","Nord-Trøndelag","Andre2","Andre2",0,0
"2015","ko","kommune","Leksvik","Nord-Trøndelag","A","Arbeiderpartiet",10,3
"2015","ko","kommune","Leksvik","Nord-Trøndelag","SV","Sosialistisk Venstreparti",1,0
"2015","ko","kommune","Leksvik","Nord-Trøndelag","SP","Senterpartiet",5,-1
"2015","ko","kommune","Leksvik","Nord-Trøndelag","KRF","Kristelig Folkeparti",1,-1
"2015","ko","kommune","Leksvik","Nord-Trøndelag","V","Venstre",1,0
"2015","ko","kommune","Leksvik","Nord-Trøndelag","H","Høyre",5,0
"2015","ko","kommune","Leksvik","Nord-Trøndelag","FRP","Fremskrittspartiet",2,-1
"2015","ko","kommune","Leksvik","Nord-Trøndelag","PP","Pensjonistpartiet",0,0
"2015","ko","kommune","Leksvik","Nord-Trøndelag","BLANKE","Blanke",0,0
"2015","ko","kommune","Leksvik","Nord-Trøndelag","Andre","Andre",0,0
"2015","ko","kommune","Leksvik","Nord-Trøndelag","Andre2","Andre2",0,0
"2015","ko","kommune","Levanger","Nord-Trøndelag","A","Arbeiderpartiet",17,1
"2015","ko","kommune","Levanger","Nord-Trøndelag","SV","Sosialistisk Venstreparti",2,0
"2015","ko","kommune","Levanger","Nord-Trøndelag","SP","Senterpartiet",6,1
"2015","ko","kommune","Levanger","Nord-Trøndelag","KRF","Kristelig Folkeparti",2,0
"2015","ko","kommune","Levanger","Nord-Trøndelag","MDG","Miljøpartiet De Grønne",1,1
"2015","ko","kommune","Levanger","Nord-Trøndelag","V","Venstre",2,0
"2015","ko","kommune","Levanger","Nord-Trøndelag","H","Høyre",3,-2
"2015","ko","kommune","Levanger","Nord-Trøndelag","FRP","Fremskrittspartiet",2,-1
"2015","ko","kommune","Levanger","Nord-Trøndelag","BLANKE","Blanke",0,0
"2015","ko","kommune","Levanger","Nord-Trøndelag","KRISTNE","Partiet De Kristne",0,0
"2015","ko","kommune","Levanger","Nord-Trøndelag","Andre","Andre",0,0
"2015","ko","kommune","Levanger","Nord-Trøndelag","Andre2","Andre2",0,0
"2015","ko","kommune","Verdal","Nord-Trøndelag","A","Arbeiderpartiet",15,-2
"2015","ko","kommune","Verdal","Nord-Trøndelag","SV","Sosialistisk Venstreparti",1,0
"2015","ko","kommune","Verdal","Nord-Trøndelag","RØDT","Rødt",0,0
"2015","ko","kommune","Verdal","Nord-Trøndelag","SP","Senterpartiet",11,4
"2015","ko","kommune","Verdal","Nord-Trøndelag","KRF","Kristelig Folkeparti",1,0
"2015","ko","kommune","Verdal","Nord-Trøndelag","MDG","Miljøpartiet De Grønne",1,1
"2015","ko","kommune","Verdal","Nord-Trøndelag","V","Venstre",1,-1
"2015","ko","kommune","Verdal","Nord-Trøndelag","H","Høyre",3,-1
"2015","ko","kommune","Verdal","Nord-Trøndelag","FRP","Fremskrittspartiet",2,-1
"2015","ko","kommune","Verdal","Nord-Trøndelag","BLANKE","Blanke",0,0
"2015","ko","kommune","Verdal","Nord-Trøndelag","Andre","Andre",0,0
"2015","ko","kommune","Verdal","Nord-Trøndelag","Andre2","Andre2",0,0
"2015","ko","kommune","Verran","Nord-Trøndelag","A","Arbeiderpartiet",7,0
"2015","ko","kommune","Verran","Nord-Trøndelag","SP","Senterpartiet",7,1
"2015","ko","kommune","Verran","Nord-Trøndelag","V","Venstre",3,-2
"2015","ko","kommune","Verran","Nord-Trøndelag","H","Høyre",1,1
"2015","ko","kommune","Verran","Nord-Trøndelag","FRP","Fremskrittspartiet",1,0
"2015","ko","kommune","Verran","Nord-Trøndelag","BLANKE","Blanke",0,0
"2015","ko","kommune","Verran","Nord-Trøndelag","Andre","Andre",0,0
"2015","ko","kommune","Verran","Nord-Trøndelag","Andre2","Andre2",0,0
"2015","ko","kommune","Namdalseid","Nord-Trøndelag","A","Arbeiderpartiet",4,-2
"2015","ko","kommune","Namdalseid","Nord-Trøndelag","SP","Senterpartiet",12,2
"2015","ko","kommune","Namdalseid","Nord-Trøndelag","KRF","Kristelig Folkeparti",1,0
"2015","ko","kommune","Namdalseid","Nord-Trøndelag","V","Venstre",1,0
"2015","ko","kommune","Namdalseid","Nord-Trøndelag","H","Høyre",1,0
"2015","ko","kommune","Namdalseid","Nord-Trøndelag","BLANKE","Blanke",0,0
"2015","ko","kommune","Namdalseid","Nord-Trøndelag","Andre","Andre",0,0
"2015","ko","kommune","Namdalseid","Nord-Trøndelag","Andre2","Andre2",0,0
"2015","ko","kommune","Snåsa","Nord-Trøndelag","A","Arbeiderpartiet",10,2
"2015","ko","kommune","Snåsa","Nord-Trøndelag","SV","Sosialistisk Venstreparti",2,1
"2015","ko","kommune","Snåsa","Nord-Trøndelag","SP","Senterpartiet",7,-1
"2015","ko","kommune","Snåsa","Nord-Trøndelag","V","Venstre",1,-2
"2015","ko","kommune","Snåsa","Nord-Trøndelag","H","Høyre",1,0
"2015","ko","kommune","Snåsa","Nord-Trøndelag","BLANKE","Blanke",0,0
"2015","ko","kommune","Snåsa","Nord-Trøndelag","Andre","Andre",0,0
"2015","ko","kommune","Snåsa","Nord-Trøndelag","Andre2","Andre2",0,0
"2015","ko","kommune","Lierne","Nord-Trøndelag","A","Arbeiderpartiet",7,-1
"2015","ko","kommune","Lierne","Nord-Trøndelag","SP","Senterpartiet",6,2
"2015","ko","kommune","Lierne","Nord-Trøndelag","KRF","Kristelig Folkeparti",0,-1
"2015","ko","kommune","Lierne","Nord-Trøndelag","V","Venstre",2,2
"2015","ko","kommune","Lierne","Nord-Trøndelag","BLANKE","Blanke",0,0
"2015","ko","kommune","Lierne","Nord-Trøndelag","Andre","Andre",0,0
"2015","ko","kommune","Lierne","Nord-Trøndelag","Andre2","Andre2",0,-2
"2015","ko","kommune","Røyrvik","Nord-Trøndelag","A","Arbeiderpartiet",5,-2
"2015","ko","kommune","Røyrvik","Nord-Trøndelag","BLANKE","Blanke",0,0
"2015","ko","kommune","Røyrvik","Nord-Trøndelag","SBLRØ","Samarbeidslista i Røyrvik",8,2
"2015","ko","kommune","Røyrvik","Nord-Trøndelag","Andre","Andre",8,2
"2015","ko","kommune","Røyrvik","Nord-Trøndelag","Andre2","Andre2",0,0
"2015","ko","kommune","Namsskogan","Nord-Trøndelag","A","Arbeiderpartiet",6,1
"2015","ko","kommune","Namsskogan","Nord-Trøndelag","SV","Sosialistisk Venstreparti",2,-1
"2015","ko","kommune","Namsskogan","Nord-Trøndelag","SP","Senterpartiet",3,2
"2015","ko","kommune","Namsskogan","Nord-Trøndelag","BLANKE","Blanke",0,0
"2015","ko","kommune","Namsskogan","Nord-Trøndelag","OPTI","Optimum",2,-1
"2015","ko","kommune","Namsskogan","Nord-Trøndelag","Andre","Andre",2,-1
"2015","ko","kommune","Namsskogan","Nord-Trøndelag","Andre2","Andre2",0,-1
"2015","ko","kommune","Grong","Nord-Trøndelag","A","Arbeiderpartiet",9,2
"2015","ko","kommune","Grong","Nord-Trøndelag","SV","Sosialistisk Venstreparti",2,1
"2015","ko","kommune","Grong","Nord-Trøndelag","SP","Senterpartiet",5,-2
"2015","ko","kommune","Grong","Nord-Trøndelag","MDG","Miljøpartiet De Grønne",0,0
"2015","ko","kommune","Grong","Nord-Trøndelag","V","Venstre",0,0
"2015","ko","kommune","Grong","Nord-Trøndelag","H","Høyre",1,-1
"2015","ko","kommune","Grong","Nord-Trøndelag","BLANKE","Blanke",0,0
"2015","ko","kommune","Grong","Nord-Trøndelag","Andre","Andre",0,0
"2015","ko","kommune","Grong","Nord-Trøndelag","Andre2","Andre2",0,0
"2015","ko","kommune","Høylandet","Nord-Trøndelag","A","Arbeiderpartiet",5,-1
"2015","ko","kommune","Høylandet","Nord-Trøndelag","SP","Senterpartiet",12,2
"2015","ko","kommune","Høylandet","Nord-Trøndelag","V","Venstre",1,0
"2015","ko","kommune","Høylandet","Nord-Trøndelag","BLANKE","Blanke",0,0
"2015","ko","kommune","Høylandet","Nord-Trøndelag","BYGH","Bygdalista for Høylandet",1,0
"2015","ko","kommune","Høylandet","Nord-Trøndelag","Andre","Andre",1,0
"2015","ko","kommune","Høylandet","Nord-Trøndelag","Andre2","Andre2",0,-1
"2015","ko","kommune","Overhalla","Nord-Trøndelag","A","Arbeiderpartiet",5,-3
"2015","ko","kommune","Overhalla","Nord-Trøndelag","SV","Sosialistisk Venstreparti",0,-1
"2015","ko","kommune","Overhalla","Nord-Trøndelag","SP","Senterpartiet",13,5
"2015","ko","kommune","Overhalla","Nord-Trøndelag","V","Venstre",0,0
"2015","ko","kommune","Overhalla","Nord-Trøndelag","H","Høyre",1,0
"2015","ko","kommune","Overhalla","Nord-Trøndelag","FRP","Fremskrittspartiet",2,-1
"2015","ko","kommune","Overhalla","Nord-Trøndelag","BLANKE","Blanke",0,0
"2015","ko","kommune","Overhalla","Nord-Trøndelag","Andre","Andre",0,0
"2015","ko","kommune","Overhalla","Nord-Trøndelag","Andre2","Andre2",0,0
"2015","ko","kommune","Fosnes","Nord-Trøndelag","A","Arbeiderpartiet",4,-1
"2015","ko","kommune","Fosnes","Nord-Trøndelag","BLANKE","Blanke",0,0
"2015","ko","kommune","Fosnes","Nord-Trøndelag","FLSPKRF","Fellesliste for Senterpartiet og Kristelig Folkeparti",7,-3
"2015","ko","kommune","Fosnes","Nord-Trøndelag","GF","Grønt Forum",2,2
"2015","ko","kommune","Fosnes","Nord-Trøndelag","Andre","Andre",9,-1
"2015","ko","kommune","Fosnes","Nord-Trøndelag","Andre2","Andre2",0,0
"2015","ko","kommune","Flatanger","Nord-Trøndelag","A","Arbeiderpartiet",3,1
"2015","ko","kommune","Flatanger","Nord-Trøndelag","SV","Sosialistisk Venstreparti",2,1
"2015","ko","kommune","Flatanger","Nord-Trøndelag","SP","Senterpartiet",4,1
"2015","ko","kommune","Flatanger","Nord-Trøndelag","KRF","Kristelig Folkeparti",0,0
"2015","ko","kommune","Flatanger","Nord-Trøndelag","V","Venstre",2,-3
"2015","ko","kommune","Flatanger","Nord-Trøndelag","H","Høyre",2,0
"2015","ko","kommune","Flatanger","Nord-Trøndelag","FRP","Fremskrittspartiet",2,0
"2015","ko","kommune","Flatanger","Nord-Trøndelag","BLANKE","Blanke",0,0
"2015","ko","kommune","Flatanger","Nord-Trøndelag","Andre","Andre",0,0
"2015","ko","kommune","Flatanger","Nord-Trøndelag","Andre2","Andre2",0,0
"2015","ko","kommune","Vikna","Nord-Trøndelag","A","Arbeiderpartiet",8,2
"2015","ko","kommune","Vikna","Nord-Trøndelag","SV","Sosialistisk Venstreparti",1,0
"2015","ko","kommune","Vikna","Nord-Trøndelag","SP","Senterpartiet",3,0
"2015","ko","kommune","Vikna","Nord-Trøndelag","KRF","Kristelig Folkeparti",1,-1
"2015","ko","kommune","Vikna","Nord-Trøndelag","V","Venstre",7,4
"2015","ko","kommune","Vikna","Nord-Trøndelag","H","Høyre",1,-3
"2015","ko","kommune","Vikna","Nord-Trøndelag","FRP","Fremskrittspartiet",2,-2
"2015","ko","kommune","Vikna","Nord-Trøndelag","BLANKE","Blanke",0,0
"2015","ko","kommune","Vikna","Nord-Trøndelag","Andre","Andre",0,0
"2015","ko","kommune","Vikna","Nord-Trøndelag","Andre2","Andre2",0,0
"2015","ko","kommune","Nærøy","Nord-Trøndelag","A","Arbeiderpartiet",9,2
"2015","ko","kommune","Nærøy","Nord-Trøndelag","SV","Sosialistisk Venstreparti",1,-1
"2015","ko","kommune","Nærøy","Nord-Trøndelag","SP","Senterpartiet",10,0
"2015","ko","kommune","Nærøy","Nord-Trøndelag","KRF","Kristelig Folkeparti",1,0
"2015","ko","kommune","Nærøy","Nord-Trøndelag","V","Venstre",1,-1
"2015","ko","kommune","Nærøy","Nord-Trøndelag","H","Høyre",3,1
"2015","ko","kommune","Nærøy","Nord-Trøndelag","FRP","Fremskrittspartiet",2,-1
"2015","ko","kommune","Nærøy","Nord-Trøndelag","BLANKE","Blanke",0,0
"2015","ko","kommune","Nærøy","Nord-Trøndelag","Andre","Andre",0,0
"2015","ko","kommune","Nærøy","Nord-Trøndelag","Andre2","Andre2",0,0
"2015","ko","kommune","Leka","Nord-Trøndelag","A","Arbeiderpartiet",3,-1
"2015","ko","kommune","Leka","Nord-Trøndelag","SV","Sosialistisk Venstreparti",1,0
"2015","ko","kommune","Leka","Nord-Trøndelag","SP","Senterpartiet",9,0
"2015","ko","kommune","Leka","Nord-Trøndelag","V","Venstre",2,1
"2015","ko","kommune","Leka","Nord-Trøndelag","BLANKE","Blanke",0,0
"2015","ko","kommune","Leka","Nord-Trøndelag","Andre","Andre",0,0
"2015","ko","kommune","Leka","Nord-Trøndelag","Andre2","Andre2",0,0
"2015","ko","kommune","Inderøy","Nord-Trøndelag","A","Arbeiderpartiet",9,-1
"2015","ko","kommune","Inderøy","Nord-Trøndelag","SV","Sosialistisk Venstreparti",2,0
"2015","ko","kommune","Inderøy","Nord-Trøndelag","SP","Senterpartiet",15,2
"2015","ko","kommune","Inderøy","Nord-Trøndelag","KRF","Kristelig Folkeparti",1,0
"2015","ko","kommune","Inderøy","Nord-Trøndelag","MDG","Miljøpartiet De Grønne",1,1
"2015","ko","kommune","Inderøy","Nord-Trøndelag","V","Venstre",1,0
"2015","ko","kommune","Inderøy","Nord-Trøndelag","H","Høyre",2,-1
"2015","ko","kommune","Inderøy","Nord-Trøndelag","BLANKE","Blanke",0,0
"2015","ko","kommune","Inderøy","Nord-Trøndelag","Andre","Andre",0,0
"2015","ko","kommune","Inderøy","Nord-Trøndelag","Andre2","Andre2",0,-1
"2015","ko","kommune","Bodø","Nordland","A","Arbeiderpartiet",12,-1
"2015","ko","kommune","Bodø","Nordland","SV","Sosialistisk Venstreparti",2,0
"2015","ko","kommune","Bodø","Nordland","RØDT","Rødt",4,1
"2015","ko","kommune","Bodø","Nordland","SP","Senterpartiet",1,0
"2015","ko","kommune","Bodø","Nordland","KRF","Kristelig Folkeparti",1,0
"2015","ko","kommune","Bodø","Nordland","MDG","Miljøpartiet De Grønne",1,1
"2015","ko","kommune","Bodø","Nordland","V","Venstre",1,0
"2015","ko","kommune","Bodø","Nordland","H","Høyre",13,4
"2015","ko","kommune","Bodø","Nordland","FRP","Fremskrittspartiet",4,-5
"2015","ko","kommune","Bodø","Nordland","BLANKE","Blanke",0,0
"2015","ko","kommune","Bodø","Nordland","KRISTNE","Partiet De Kristne",0,0
"2015","ko","kommune","Bodø","Nordland","Andre","Andre",0,0
"2015","ko","kommune","Bodø","Nordland","Andre2","Andre2",0,0
"2015","ko","kommune","Narvik","Nordland","A","Arbeiderpartiet",13,-2
"2015","ko","kommune","Narvik","Nordland","SV","Sosialistisk Venstreparti",6,4
"2015","ko","kommune","Narvik","Nordland","RØDT","Rødt",2,0
"2015","ko","kommune","Narvik","Nordland","KRF","Kristelig Folkeparti",1,0
"2015","ko","kommune","Narvik","Nordland","MDG","Miljøpartiet De Grønne",2,2
"2015","ko","kommune","Narvik","Nordland","V","Venstre",1,-1
"2015","ko","kommune","Narvik","Nordland","H","Høyre",12,2
"2015","ko","kommune","Narvik","Nordland","FRP","Fremskrittspartiet",4,-5
"2015","ko","kommune","Narvik","Nordland","BLANKE","Blanke",0,0
"2015","ko","kommune","Narvik","Nordland","Andre","Andre",0,0
"2015","ko","kommune","Narvik","Nordland","Andre2","Andre2",0,0
"2015","ko","kommune","Bindal","Nordland","A","Arbeiderpartiet",9,3
"2015","ko","kommune","Bindal","Nordland","SV","Sosialistisk Venstreparti",1,1
"2015","ko","kommune","Bindal","Nordland","SP","Senterpartiet",2,2
"2015","ko","kommune","Bindal","Nordland","BLANKE","Blanke",0,0
"2015","ko","kommune","Bindal","Nordland","LHV","Høyre og Venstre",5,-3
"2015","ko","kommune","Bindal","Nordland","Andre","Andre",5,-3
"2015","ko","kommune","Bindal","Nordland","Andre2","Andre2",0,-3
"2015","ko","kommune","Sømna","Nordland","A","Arbeiderpartiet",5,2
"2015","ko","kommune","Sømna","Nordland","SP","Senterpartiet",7,1
"2015","ko","kommune","Sømna","Nordland","FRP","Fremskrittspartiet",1,0
"2015","ko","kommune","Sømna","Nordland","BLANKE","Blanke",0,0
"2015","ko","kommune","Sømna","Nordland","TPLS","Tverrpolitisk liste Sømna",4,-1
"2015","ko","kommune","Sømna","Nordland","Andre","Andre",4,-1
"2015","ko","kommune","Sømna","Nordland","Andre2","Andre2",0,-2
"2015","ko","kommune","Brønnøy","Nordland","A","Arbeiderpartiet",10,0
"2015","ko","kommune","Brønnøy","Nordland","SV","Sosialistisk Venstreparti",1,0
"2015","ko","kommune","Brønnøy","Nordland","SP","Senterpartiet",6,1
"2015","ko","kommune","Brønnøy","Nordland","KRF","Kristelig Folkeparti",0,0
"2015","ko","kommune","Brønnøy","Nordland","V","Venstre",6,5
"2015","ko","kommune","Brønnøy","Nordland","H","Høyre",4,-5
"2015","ko","kommune","Brønnøy","Nordland","BLANKE","Blanke",0,0
"2015","ko","kommune","Brønnøy","Nordland","Andre","Andre",0,0
"2015","ko","kommune","Brønnøy","Nordland","Andre2","Andre2",0,-1
"2015","ko","kommune","Vega","Nordland","A","Arbeiderpartiet",8,0
"2015","ko","kommune","Vega","Nordland","SV","Sosialistisk Venstreparti",1,0
"2015","ko","kommune","Vega","Nordland","SP","Senterpartiet",5,2
"2015","ko","kommune","Vega","Nordland","KYST","Kystpartiet",1,0
"2015","ko","kommune","Vega","Nordland","BLANKE","Blanke",0,0
"2015","ko","kommune","Vega","Nordland","Andre","Andre",1,0
"2015","ko","kommune","Vega","Nordland","Andre2","Andre2",0,-2
"2015","ko","kommune","Vevelstad","Nordland","A","Arbeiderpartiet",3,0
"2015","ko","kommune","Vevelstad","Nordland","BLANKE","Blanke",0,0
"2015","ko","kommune","Vevelstad","Nordland","KOM","Kommunelista",4,2
"2015","ko","kommune","Vevelstad","Nordland","SAMVE","Samarbeidslisten",6,-2
"2015","ko","kommune","Vevelstad","Nordland","Andre","Andre",10,0
"2015","ko","kommune","Vevelstad","Nordland","Andre2","Andre2",0,0
"2015","ko","kommune","Herøy","Nordland","A","Arbeiderpartiet",12,1
"2015","ko","kommune","Herøy","Nordland","SV","Sosialistisk Venstreparti",1,1
"2015","ko","kommune","Herøy","Nordland","SP","Senterpartiet",2,2
"2015","ko","kommune","Herøy","Nordland","FRP","Fremskrittspartiet",2,-1
"2015","ko","kommune","Herøy","Nordland","BLANKE","Blanke",0,0
"2015","ko","kommune","Herøy","Nordland","VH","Fellesliste for Høyre og Venstre",2,2
"2015","ko","kommune","Herøy","Nordland","Andre","Andre",2,2
"2015","ko","kommune","Herøy","Nordland","Andre2","Andre2",0,-5
"2015","ko","kommune","Alstahaug","Nordland","A","Arbeiderpartiet",11,2
"2015","ko","kommune","Alstahaug","Nordland","SV","Sosialistisk Venstreparti",1,1
"2015","ko","kommune","Alstahaug","Nordland","RØDT","Rødt",2,0
"2015","ko","kommune","Alstahaug","Nordland","SP","Senterpartiet",5,2
"2015","ko","kommune","Alstahaug","Nordland","V","Venstre",2,-1
"2015","ko","kommune","Alstahaug","Nordland","H","Høyre",4,-2
"2015","ko","kommune","Alstahaug","Nordland","FRP","Fremskrittspartiet",2,-2
"2015","ko","kommune","Alstahaug","Nordland","BLANKE","Blanke",0,0
"2015","ko","kommune","Alstahaug","Nordland","Andre","Andre",0,0
"2015","ko","kommune","Alstahaug","Nordland","Andre2","Andre2",0,0
"2015","ko","kommune","Leirfjord","Nordland","A","Arbeiderpartiet",9,2
"2015","ko","kommune","Leirfjord","Nordland","SV","Sosialistisk Venstreparti",2,0
"2015","ko","kommune","Leirfjord","Nordland","RØDT","Rødt",0,-1
"2015","ko","kommune","Leirfjord","Nordland","SP","Senterpartiet",5,-1
"2015","ko","kommune","Leirfjord","Nordland","V","Venstre",0,0
"2015","ko","kommune","Leirfjord","Nordland","H","Høyre",1,1
"2015","ko","kommune","Leirfjord","Nordland","FRP","Fremskrittspartiet",2,-1
"2015","ko","kommune","Leirfjord","Nordland","BLANKE","Blanke",0,0
"2015","ko","kommune","Leirfjord","Nordland","Andre","Andre",0,0
"2015","ko","kommune","Leirfjord","Nordland","Andre2","Andre2",0,0
"2015","ko","kommune","Vefsn","Nordland","A","Arbeiderpartiet",10,-5
"2015","ko","kommune","Vefsn","Nordland","SV","Sosialistisk Venstreparti",1,0
"2015","ko","kommune","Vefsn","Nordland","RØDT","Rødt",4,1
"2015","ko","kommune","Vefsn","Nordland","SP","Senterpartiet",2,-1
"2015","ko","kommune","Vefsn","Nordland","KRF","Kristelig Folkeparti",0,-1
"2015","ko","kommune","Vefsn","Nordland","V","Venstre",2,0
"2015","ko","kommune","Vefsn","Nordland","H","Høyre",5,1
"2015","ko","kommune","Vefsn","Nordland","FRP","Fremskrittspartiet",2,-4
"2015","ko","kommune","Vefsn","Nordland","BLANKE","Blanke",0,0
"2015","ko","kommune","Vefsn","Nordland","KRISTNE","Partiet De Kristne",0,0
"2015","ko","kommune","Vefsn","Nordland","VTPPV","Vefsn tverrpolitiske parti",3,3
"2015","ko","kommune","Vefsn","Nordland","Andre","Andre",3,3
"2015","ko","kommune","Vefsn","Nordland","Andre2","Andre2",0,0
"2015","ko","kommune","Grane","Nordland","A","Arbeiderpartiet",9,0
"2015","ko","kommune","Grane","Nordland","SP","Senterpartiet",7,1
"2015","ko","kommune","Grane","Nordland","FRP","Fremskrittspartiet",1,-1
"2015","ko","kommune","Grane","Nordland","BLANKE","Blanke",0,0
"2015","ko","kommune","Grane","Nordland","Andre","Andre",0,0
"2015","ko","kommune","Grane","Nordland","Andre2","Andre2",0,0
"2015","ko","kommune","Hattfjelldal","Nordland","A","Arbeiderpartiet",7,0
"2015","ko","kommune","Hattfjelldal","Nordland","SV","Sosialistisk Venstreparti",1,-1
"2015","ko","kommune","Hattfjelldal","Nordland","SP","Senterpartiet",6,-2
"2015","ko","kommune","Hattfjelldal","Nordland","BLANKE","Blanke",0,0
"2015","ko","kommune","Hattfjelldal","Nordland","HDBL","Hattfjelldal Bygdeliste",3,3
"2015","ko","kommune","Hattfjelldal","Nordland","Andre","Andre",3,3
"2015","ko","kommune","Hattfjelldal","Nordland","Andre2","Andre2",0,0
"2015","ko","kommune","Dønna","Nordland","A","Arbeiderpartiet",6,0
"2015","ko","kommune","Dønna","Nordland","SV","Sosialistisk Venstreparti",3,0
"2015","ko","kommune","Dønna","Nordland","H","Høyre",2,0
"2015","ko","kommune","Dønna","Nordland","FRP","Fremskrittspartiet",1,-1
"2015","ko","kommune","Dønna","Nordland","BLANKE","Blanke",0,0
"2015","ko","kommune","Dønna","Nordland","SP_KP","Fellesliste for Senterpartiet og Kystpartiet",5,5
"2015","ko","kommune","Dønna","Nordland","Andre","Andre",5,5
"2015","ko","kommune","Dønna","Nordland","Andre2","Andre2",0,-4
"2015","ko","kommune","Nesna","Nordland","A","Arbeiderpartiet",7,3
"2015","ko","kommune","Nesna","Nordland","SV","Sosialistisk Venstreparti",3,1
"2015","ko","kommune","Nesna","Nordland","SP","Senterpartiet",3,0
"2015","ko","kommune","Nesna","Nordland","MDG","Miljøpartiet De Grønne",1,1
"2015","ko","kommune","Nesna","Nordland","V","Venstre",0,-1
"2015","ko","kommune","Nesna","Nordland","H","Høyre",3,-2
"2015","ko","kommune","Nesna","Nordland","BLANKE","Blanke",0,0
"2015","ko","kommune","Nesna","Nordland","Andre","Andre",0,0
"2015","ko","kommune","Nesna","Nordland","Andre2","Andre2",0,-2
"2015","ko","kommune","Hemnes","Nordland","A","Arbeiderpartiet",8,0
"2015","ko","kommune","Hemnes","Nordland","SV","Sosialistisk Venstreparti",2,1
"2015","ko","kommune","Hemnes","Nordland","SP","Senterpartiet",4,0
"2015","ko","kommune","Hemnes","Nordland","MDG","Miljøpartiet De Grønne",1,1
"2015","ko","kommune","Hemnes","Nordland","H","Høyre",6,1
"2015","ko","kommune","Hemnes","Nordland","FRP","Fremskrittspartiet",2,-2
"2015","ko","kommune","Hemnes","Nordland","BLANKE","Blanke",0,0
"2015","ko","kommune","Hemnes","Nordland","HEORD","Hemnes samfunnsparti",0,-1
"2015","ko","kommune","Hemnes","Nordland","Andre","Andre",0,-1
"2015","ko","kommune","Hemnes","Nordland","Andre2","Andre2",0,0
"2015","ko","kommune","Rana","Nordland","A","Arbeiderpartiet",17,4
"2015","ko","kommune","Rana","Nordland","SV","Sosialistisk Venstreparti",3,1
"2015","ko","kommune","Rana","Nordland","RØDT","Rødt",1,0
"2015","ko","kommune","Rana","Nordland","SP","Senterpartiet",4,1
"2015","ko","kommune","Rana","Nordland","KRF","Kristelig Folkeparti",1,0
"2015","ko","kommune","Rana","Nordland","V","Venstre",1,0
"2015","ko","kommune","Rana","Nordland","H","Høyre",7,-3
"2015","ko","kommune","Rana","Nordland","FRP","Fremskrittspartiet",3,-1
"2015","ko","kommune","Rana","Nordland","BLANKE","Blanke",0,0
"2015","ko","kommune","Rana","Nordland","Andre","Andre",0,0
"2015","ko","kommune","Rana","Nordland","Andre2","Andre2",0,-2
"2015","ko","kommune","Lurøy","Nordland","A","Arbeiderpartiet",6,-2
"2015","ko","kommune","Lurøy","Nordland","SP","Senterpartiet",6,4
"2015","ko","kommune","Lurøy","Nordland","KRF","Kristelig Folkeparti",1,0
"2015","ko","kommune","Lurøy","Nordland","V","Venstre",0,0
"2015","ko","kommune","Lurøy","Nordland","H","Høyre",2,-1
"2015","ko","kommune","Lurøy","Nordland","FRP","Fremskrittspartiet",1,0
"2015","ko","kommune","Lurøy","Nordland","KYST","Kystpartiet",2,0
"2015","ko","kommune","Lurøy","Nordland","BLANKE","Blanke",0,0
"2015","ko","kommune","Lurøy","Nordland","LTV","Lovund Tverrpolitiske Liste",1,-1
"2015","ko","kommune","Lurøy","Nordland","Andre","Andre",3,-1
"2015","ko","kommune","Lurøy","Nordland","Andre2","Andre2",0,0
"2015","ko","kommune","Træna","Nordland","A","Arbeiderpartiet",5,2
"2015","ko","kommune","Træna","Nordland","BLANKE","Blanke",0,0
"2015","ko","kommune","Træna","Nordland","SPKRF","Fellesliste for Senterpartiet og Kristelig Folkeparti",6,-2
"2015","ko","kommune","Træna","Nordland","Andre","Andre",6,-2
"2015","ko","kommune","Træna","Nordland","Andre2","Andre2",0,0
"2015","ko","kommune","Rødøy","Nordland","SP","Senterpartiet",6,0
"2015","ko","kommune","Rødøy","Nordland","FRP","Fremskrittspartiet",1,-1
"2015","ko","kommune","Rødøy","Nordland","APKRF","Arbeiderpartiet og Kristelig Folkeparti",7,7
"2015","ko","kommune","Rødøy","Nordland","BLANKE","Blanke",0,0
"2015","ko","kommune","Rødøy","Nordland","RFL","Rødøy fellesliste",3,0
"2015","ko","kommune","Rødøy","Nordland","Andre","Andre",10,7
"2015","ko","kommune","Rødøy","Nordland","Andre2","Andre2",0,-6
"2015","ko","kommune","Meløy","Nordland","A","Arbeiderpartiet",7,1
"2015","ko","kommune","Meløy","Nordland","SV","Sosialistisk Venstreparti",1,0
"2015","ko","kommune","Meløy","Nordland","SP","Senterpartiet",4,1
"2015","ko","kommune","Meløy","Nordland","KRF","Kristelig Folkeparti",2,0
"2015","ko","kommune","Meløy","Nordland","V","Venstre",1,0
"2015","ko","kommune","Meløy","Nordland","H","Høyre",5,-3
"2015","ko","kommune","Meløy","Nordland","FRP","Fremskrittspartiet",3,-1
"2015","ko","kommune","Meløy","Nordland","BLANKE","Blanke",0,0
"2015","ko","kommune","Meløy","Nordland","KRISTNE","Partiet De Kristne",0,0
"2015","ko","kommune","Meløy","Nordland","Andre","Andre",0,0
"2015","ko","kommune","Meløy","Nordland","Andre2","Andre2",0,0
"2015","ko","kommune","Gildeskål","Nordland","A","Arbeiderpartiet",7,2
"2015","ko","kommune","Gildeskål","Nordland","SV","Sosialistisk Venstreparti",1,0
"2015","ko","kommune","Gildeskål","Nordland","SP","Senterpartiet",3,1
"2015","ko","kommune","Gildeskål","Nordland","MDG","Miljøpartiet De Grønne",0,0
"2015","ko","kommune","Gildeskål","Nordland","H","Høyre",3,0
"2015","ko","kommune","Gildeskål","Nordland","FRP","Fremskrittspartiet",2,-1
"2015","ko","kommune","Gildeskål","Nordland","BLANKE","Blanke",0,0
"2015","ko","kommune","Gildeskål","Nordland","KRISTNE","Partiet De Kristne",0,0
"2015","ko","kommune","Gildeskål","Nordland","VKRF","Venstre/Kristelig Folkeparti",1,1
"2015","ko","kommune","Gildeskål","Nordland","Andre","Andre",1,1
"2015","ko","kommune","Gildeskål","Nordland","Andre2","Andre2",0,-3
"2015","ko","kommune","Beiarn","Nordland","A","Arbeiderpartiet",6,-1
"2015","ko","kommune","Beiarn","Nordland","SP","Senterpartiet",5,1
"2015","ko","kommune","Beiarn","Nordland","BEBL","Beiarn Bygdeliste",4,0
"2015","ko","kommune","Beiarn","Nordland","BLANKE","Blanke",0,0
"2015","ko","kommune","Beiarn","Nordland","Andre","Andre",4,0
"2015","ko","kommune","Beiarn","Nordland","Andre2","Andre2",0,0
"2015","ko","kommune","Saltdal","Nordland","A","Arbeiderpartiet",5,-5
"2015","ko","kommune","Saltdal","Nordland","SP","Senterpartiet",3,1
"2015","ko","kommune","Saltdal","Nordland","KRF","Kristelig Folkeparti",1,0
"2015","ko","kommune","Saltdal","Nordland","H","Høyre",4,-5
"2015","ko","kommune","Saltdal","Nordland","FRP","Fremskrittspartiet",4,1
"2015","ko","kommune","Saltdal","Nordland","BLANKE","Blanke",0,0
"2015","ko","kommune","Saltdal","Nordland","SALT","Saltdalslista",4,4
"2015","ko","kommune","Saltdal","Nordland","Andre","Andre",4,4
"2015","ko","kommune","Saltdal","Nordland","Andre2","Andre2",0,-2
"2015","ko","kommune","Fauske","Nordland","A","Arbeiderpartiet",5,-6
"2015","ko","kommune","Fauske","Nordland","SV","Sosialistisk Venstreparti",1,0
"2015","ko","kommune","Fauske","Nordland","RØDT","Rødt",2,1
"2015","ko","kommune","Fauske","Nordland","KRF","Kristelig Folkeparti",1,0
"2015","ko","kommune","Fauske","Nordland","V","Venstre",1,0
"2015","ko","kommune","Fauske","Nordland","H","Høyre",3,-3
"2015","ko","kommune","Fauske","Nordland","FRP","Fremskrittspartiet",3,-1
"2015","ko","kommune","Fauske","Nordland","BLANKE","Blanke",0,0
"2015","ko","kommune","Fauske","Nordland","FLFA","Felleslista",11,6
"2015","ko","kommune","Fauske","Nordland","Andre","Andre",11,6
"2015","ko","kommune","Fauske","Nordland","Andre2","Andre2",0,-1
"2015","ko","kommune","Sørfold","Nordland","A","Arbeiderpartiet",10,-2
"2015","ko","kommune","Sørfold","Nordland","SV","Sosialistisk Venstreparti",2,1
"2015","ko","kommune","Sørfold","Nordland","SP","Senterpartiet",6,3
"2015","ko","kommune","Sørfold","Nordland","H","Høyre",3,0
"2015","ko","kommune","Sørfold","Nordland","BLANKE","Blanke",0,0
"2015","ko","kommune","Sørfold","Nordland","Andre","Andre",0,0
"2015","ko","kommune","Sørfold","Nordland","Andre2","Andre2",0,-2
"2015","ko","kommune","Steigen","Nordland","A","Arbeiderpartiet",4,0
"2015","ko","kommune","Steigen","Nordland","SV","Sosialistisk Venstreparti",1,0
"2015","ko","kommune","Steigen","Nordland","RØDT","Rødt",2,1
"2015","ko","kommune","Steigen","Nordland","SP","Senterpartiet",5,2
"2015","ko","kommune","Steigen","Nordland","KRF","Kristelig Folkeparti",0,-1
"2015","ko","kommune","Steigen","Nordland","V","Venstre",1,-2
"2015","ko","kommune","Steigen","Nordland","H","Høyre",2,1
"2015","ko","kommune","Steigen","Nordland","FRP","Fremskrittspartiet",1,0
"2015","ko","kommune","Steigen","Nordland","PP","Pensjonistpartiet",1,-1
"2015","ko","kommune","Steigen","Nordland","BLANKE","Blanke",0,0
"2015","ko","kommune","Steigen","Nordland","Andre","Andre",1,-1
"2015","ko","kommune","Steigen","Nordland","Andre2","Andre2",0,0
"2015","ko","kommune","Hamarøy","Nordland","A","Arbeiderpartiet",4,-2
"2015","ko","kommune","Hamarøy","Nordland","SV","Sosialistisk Venstreparti",1,0
"2015","ko","kommune","Hamarøy","Nordland","SP","Senterpartiet",3,1
"2015","ko","kommune","Hamarøy","Nordland","V","Venstre",4,0
"2015","ko","kommune","Hamarøy","Nordland","H","Høyre",4,0
"2015","ko","kommune","Hamarøy","Nordland","FRP","Fremskrittspartiet",1,1
"2015","ko","kommune","Hamarøy","Nordland","BLANKE","Blanke",0,0
"2015","ko","kommune","Hamarøy","Nordland","Andre","Andre",0,0
"2015","ko","kommune","Hamarøy","Nordland","Andre2","Andre2",0,0
"2015","ko","kommune","Tysfjord","Nordland","A","Arbeiderpartiet",5,-2
"2015","ko","kommune","Tysfjord","Nordland","SV","Sosialistisk Venstreparti",1,0
"2015","ko","kommune","Tysfjord","Nordland","SP","Senterpartiet",2,1
"2015","ko","kommune","Tysfjord","Nordland","BLANKE","Blanke",0,0
"2015","ko","kommune","Tysfjord","Nordland","HKVU","Felleslista for H, KrF, V og Uavhengige",4,-1
"2015","ko","kommune","Tysfjord","Nordland","TPLTY","Tverrpolitisk liste for Tysfjord",3,1
"2015","ko","kommune","Tysfjord","Nordland","TYSBYG","Tysfjord Bygdeliste",2,1
"2015","ko","kommune","Tysfjord","Nordland","Andre","Andre",9,1
"2015","ko","kommune","Tysfjord","Nordland","Andre2","Andre2",0,0
"2015","ko","kommune","Lødingen","Nordland","A","Arbeiderpartiet",8,4
"2015","ko","kommune","Lødingen","Nordland","SV","Sosialistisk Venstreparti",2,1
"2015","ko","kommune","Lødingen","Nordland","V","Venstre",2,0
"2015","ko","kommune","Lødingen","Nordland","H","Høyre",3,-2
"2015","ko","kommune","Lødingen","Nordland","FRP","Fremskrittspartiet",2,-2
"2015","ko","kommune","Lødingen","Nordland","BLANKE","Blanke",0,0
"2015","ko","kommune","Lødingen","Nordland","Andre","Andre",0,0
"2015","ko","kommune","Lødingen","Nordland","Andre2","Andre2",0,-1
"2015","ko","kommune","Tjeldsund","Nordland","A","Arbeiderpartiet",5,1
"2015","ko","kommune","Tjeldsund","Nordland","SP","Senterpartiet",2,2
"2015","ko","kommune","Tjeldsund","Nordland","H","Høyre",5,-2
"2015","ko","kommune","Tjeldsund","Nordland","FRP","Fremskrittspartiet",2,0
"2015","ko","kommune","Tjeldsund","Nordland","BFKH","Bygdelista Fiskefjord-Kongsvik-Hårvik",0,-1
"2015","ko","kommune","Tjeldsund","Nordland","BLANKE","Blanke",0,0
"2015","ko","kommune","Tjeldsund","Nordland","HTL","Hinnøysiden Tverrpolitiske liste",3,0
"2015","ko","kommune","Tjeldsund","Nordland","Andre","Andre",3,-1
"2015","ko","kommune","Tjeldsund","Nordland","Andre2","Andre2",0,0
"2015","ko","kommune","Evenes","Nordland","A","Arbeiderpartiet",4,0
"2015","ko","kommune","Evenes","Nordland","SV","Sosialistisk Venstreparti",1,0
"2015","ko","kommune","Evenes","Nordland","SP","Senterpartiet",3,1
"2015","ko","kommune","Evenes","Nordland","V","Venstre",1,1
"2015","ko","kommune","Evenes","Nordland","H","Høyre",7,-2
"2015","ko","kommune","Evenes","Nordland","FRP","Fremskrittspartiet",1,0
"2015","ko","kommune","Evenes","Nordland","BLANKE","Blanke",0,0
"2015","ko","kommune","Evenes","Nordland","Andre","Andre",0,0
"2015","ko","kommune","Evenes","Nordland","Andre2","Andre2",0,0
"2015","ko","kommune","Ballangen","Nordland","A","Arbeiderpartiet",5,1
"2015","ko","kommune","Ballangen","Nordland","SP","Senterpartiet",7,3
"2015","ko","kommune","Ballangen","Nordland","KRF","Kristelig Folkeparti",1,0
"2015","ko","kommune","Ballangen","Nordland","H","Høyre",2,-4
"2015","ko","kommune","Ballangen","Nordland","FRP","Fremskrittspartiet",2,0
"2015","ko","kommune","Ballangen","Nordland","BLANKE","Blanke",0,0
"2015","ko","kommune","Ballangen","Nordland","Andre","Andre",0,0
"2015","ko","kommune","Ballangen","Nordland","Andre2","Andre2",0,0
"2015","ko","kommune","Røst","Nordland","APRU","Felleslista. Fellesliste mellom Det Norske Arbeiderpartiet, Rødt og partipolitisk uavhengige velgere.",6,0
"2015","ko","kommune","Røst","Nordland","BLANKE","Blanke",0,0
"2015","ko","kommune","Røst","Nordland","SNT","Sentrumslista Ny Tid. Partipolitisk uavhengig liste til fremme av Røstsamfunnets fremtid og velstand.",5,5
"2015","ko","kommune","Røst","Nordland","Andre","Andre",11,5
"2015","ko","kommune","Røst","Nordland","Andre2","Andre2",0,-5
"2015","ko","kommune","Værøy","Nordland","A","Arbeiderpartiet",2,-1
"2015","ko","kommune","Værøy","Nordland","KRF","Kristelig Folkeparti",3,1
"2015","ko","kommune","Værøy","Nordland","BLANKE","Blanke",0,0
"2015","ko","kommune","Værøy","Nordland","FV","Felleslista for Værøy",5,-3
"2015","ko","kommune","Værøy","Nordland","VRL","Værøylista",3,3
"2015","ko","kommune","Værøy","Nordland","Andre","Andre",8,0
"2015","ko","kommune","Værøy","Nordland","Andre2","Andre2",0,0
"2015","ko","kommune","Flakstad","Nordland","A","Arbeiderpartiet",2,0
"2015","ko","kommune","Flakstad","Nordland","SP","Senterpartiet",5,1
"2015","ko","kommune","Flakstad","Nordland","MDG","Miljøpartiet De Grønne",1,0
"2015","ko","kommune","Flakstad","Nordland","BLANKE","Blanke",0,0
"2015","ko","kommune","Flakstad","Nordland","FDL","Flakstad distriktsliste",3,-3
"2015","ko","kommune","Flakstad","Nordland","Andre","Andre",3,-3
"2015","ko","kommune","Flakstad","Nordland","Andre2","Andre2",0,-4
"2015","ko","kommune","Vestvågøy","Nordland","A","Arbeiderpartiet",11,1
"2015","ko","kommune","Vestvågøy","Nordland","SV","Sosialistisk Venstreparti",2,0
"2015","ko","kommune","Vestvågøy","Nordland","RØDT","Rødt",0,0
"2015","ko","kommune","Vestvågøy","Nordland","SP","Senterpartiet",5,1
"2015","ko","kommune","Vestvågøy","Nordland","KRF","Kristelig Folkeparti",2,-1
"2015","ko","kommune","Vestvågøy","Nordland","MDG","Miljøpartiet De Grønne",1,0
"2015","ko","kommune","Vestvågøy","Nordland","V","Venstre",1,0
"2015","ko","kommune","Vestvågøy","Nordland","H","Høyre",8,-2
"2015","ko","kommune","Vestvågøy","Nordland","FRP","Fremskrittspartiet",3,-1
"2015","ko","kommune","Vestvågøy","Nordland","BLANKE","Blanke",0,0
"2015","ko","kommune","Vestvågøy","Nordland","KRISTNE","Partiet De Kristne",0,0
"2015","ko","kommune","Vestvågøy","Nordland","Andre","Andre",0,0
"2015","ko","kommune","Vestvågøy","Nordland","Andre2","Andre2",0,0
"2015","ko","kommune","Vågan","Nordland","A","Arbeiderpartiet",8,-4
"2015","ko","kommune","Vågan","Nordland","SV","Sosialistisk Venstreparti",1,-1
"2015","ko","kommune","Vågan","Nordland","RØDT","Rødt",3,1
"2015","ko","kommune","Vågan","Nordland","SP","Senterpartiet",3,0
"2015","ko","kommune","Vågan","Nordland","V","Venstre",3,1
"2015","ko","kommune","Vågan","Nordland","H","Høyre",9,-2
"2015","ko","kommune","Vågan","Nordland","FRP","Fremskrittspartiet",2,-1
"2015","ko","kommune","Vågan","Nordland","KYST","Kystpartiet",0,0
"2015","ko","kommune","Vågan","Nordland","BLANKE","Blanke",0,0
"2015","ko","kommune","Vågan","Nordland","Andre","Andre",0,0
"2015","ko","kommune","Vågan","Nordland","Andre2","Andre2",0,0
"2015","ko","kommune","Hadsel","Nordland","A","Arbeiderpartiet",11,6
"2015","ko","kommune","Hadsel","Nordland","SV","Sosialistisk Venstreparti",1,0
"2015","ko","kommune","Hadsel","Nordland","RØDT","Rødt",1,1
"2015","ko","kommune","Hadsel","Nordland","SP","Senterpartiet",3,2
"2015","ko","kommune","Hadsel","Nordland","KRF","Kristelig Folkeparti",0,-1
"2015","ko","kommune","Hadsel","Nordland","V","Venstre",1,0
"2015","ko","kommune","Hadsel","Nordland","H","Høyre",2,-1
"2015","ko","kommune","Hadsel","Nordland","FRP","Fremskrittspartiet",5,-4
"2015","ko","kommune","Hadsel","Nordland","BLANKE","Blanke",0,0
"2015","ko","kommune","Hadsel","Nordland","MOS","Melbu og omegn samarbeidsliste",1,0
"2015","ko","kommune","Hadsel","Nordland","Andre","Andre",1,0
"2015","ko","kommune","Hadsel","Nordland","Andre2","Andre2",0,-3
"2015","ko","kommune","Bø","Nordland","SV","Sosialistisk Venstreparti",1,0
"2015","ko","kommune","Bø","Nordland","SP","Senterpartiet",2,0
"2015","ko","kommune","Bø","Nordland","V","Venstre",3,1
"2015","ko","kommune","Bø","Nordland","FRP","Fremskrittspartiet",1,-1
"2015","ko","kommune","Bø","Nordland","BLANKE","Blanke",0,0
"2015","ko","kommune","Bø","Nordland","BØHAP","HØYRE OG ARBEIDERPARTIET",12,0
"2015","ko","kommune","Bø","Nordland","Andre","Andre",12,0
"2015","ko","kommune","Bø","Nordland","Andre2","Andre2",0,0
"2015","ko","kommune","Øksnes","Nordland","A","Arbeiderpartiet",6,-1
"2015","ko","kommune","Øksnes","Nordland","SV","Sosialistisk Venstreparti",2,1
"2015","ko","kommune","Øksnes","Nordland","SP","Senterpartiet",4,3
"2015","ko","kommune","Øksnes","Nordland","KRF","Kristelig Folkeparti",1,-1
"2015","ko","kommune","Øksnes","Nordland","H","Høyre",2,-1
"2015","ko","kommune","Øksnes","Nordland","FRP","Fremskrittspartiet",2,0
"2015","ko","kommune","Øksnes","Nordland","BLANKE","Blanke",0,0
"2015","ko","kommune","Øksnes","Nordland","ØTL","Øksnes tverrpolitiske liste",4,-1
"2015","ko","kommune","Øksnes","Nordland","Andre","Andre",4,-1
"2015","ko","kommune","Øksnes","Nordland","Andre2","Andre2",0,0
"2015","ko","kommune","Sortland","Nordland","A","Arbeiderpartiet",8,-1
"2015","ko","kommune","Sortland","Nordland","SV","Sosialistisk Venstreparti",1,0
"2015","ko","kommune","Sortland","Nordland","RØDT","Rødt",3,1
"2015","ko","kommune","Sortland","Nordland","SP","Senterpartiet",2,1
"2015","ko","kommune","Sortland","Nordland","KRF","Kristelig Folkeparti",0,0
"2015","ko","kommune","Sortland","Nordland","MDG","Miljøpartiet De Grønne",0,0
"2015","ko","kommune","Sortland","Nordland","V","Venstre",0,0
"2015","ko","kommune","Sortland","Nordland","H","Høyre",11,1
"2015","ko","kommune","Sortland","Nordland","FRP","Fremskrittspartiet",2,-2
"2015","ko","kommune","Sortland","Nordland","BLANKE","Blanke",0,0
"2015","ko","kommune","Sortland","Nordland","Andre","Andre",0,0
"2015","ko","kommune","Sortland","Nordland","Andre2","Andre2",0,0
"2015","ko","kommune","Andøy","Nordland","A","Arbeiderpartiet",5,0
"2015","ko","kommune","Andøy","Nordland","SP","Senterpartiet",2,0
"2015","ko","kommune","Andøy","Nordland","KRF","Kristelig Folkeparti",1,0
"2015","ko","kommune","Andøy","Nordland","MDG","Miljøpartiet De Grønne",1,1
"2015","ko","kommune","Andøy","Nordland","V","Venstre",1,0
"2015","ko","kommune","Andøy","Nordland","H","Høyre",9,0
"2015","ko","kommune","Andøy","Nordland","FRP","Fremskrittspartiet",2,0
"2015","ko","kommune","Andøy","Nordland","AND","Andøylista",2,-1
"2015","ko","kommune","Andøy","Nordland","BLANKE","Blanke",0,0
"2015","ko","kommune","Andøy","Nordland","Andre","Andre",2,-1
"2015","ko","kommune","Andøy","Nordland","Andre2","Andre2",0,0
"2015","ko","kommune","Moskenes","Nordland","A","Arbeiderpartiet",3,1
"2015","ko","kommune","Moskenes","Nordland","SV","Sosialistisk Venstreparti",1,-2
"2015","ko","kommune","Moskenes","Nordland","H","Høyre",2,2
"2015","ko","kommune","Moskenes","Nordland","BLANKE","Blanke",0,0
"2015","ko","kommune","Moskenes","Nordland","MKBYGD","Bygdelista i Moskenes",3,-1
"2015","ko","kommune","Moskenes","Nordland","MOSKFL","Moskenes Fellesliste",2,-6
"2015","ko","kommune","Moskenes","Nordland","Andre","Andre",5,-7
"2015","ko","kommune","Moskenes","Nordland","Andre2","Andre2",0,0
"2015","ko","kommune","Tromsø","Troms Romsa","A","Arbeiderpartiet",13,2
"2015","ko","kommune","Tromsø","Troms Romsa","SV","Sosialistisk Venstreparti",4,2
"2015","ko","kommune","Tromsø","Troms Romsa","RØDT","Rødt",6,3
"2015","ko","kommune","Tromsø","Troms Romsa","SP","Senterpartiet",1,0
"2015","ko","kommune","Tromsø","Troms Romsa","KRF","Kristelig Folkeparti",1,0
"2015","ko","kommune","Tromsø","Troms Romsa","MDG","Miljøpartiet De Grønne",2,1
"2015","ko","kommune","Tromsø","Troms Romsa","V","Venstre",2,0
"2015","ko","kommune","Tromsø","Troms Romsa","H","Høyre",9,-7
"2015","ko","kommune","Tromsø","Troms Romsa","FRP","Fremskrittspartiet",5,-1
"2015","ko","kommune","Tromsø","Troms Romsa","KYST","Kystpartiet",0,0
"2015","ko","kommune","Tromsø","Troms Romsa","BLANKE","Blanke",0,0
"2015","ko","kommune","Tromsø","Troms Romsa","BYLAD","By- og land-lista",0,0
"2015","ko","kommune","Tromsø","Troms Romsa","Andre","Andre",0,0
"2015","ko","kommune","Tromsø","Troms Romsa","Andre2","Andre2",0,0
"2015","ko","kommune","Harstad","Troms Romsa","A","Arbeiderpartiet",13,13
"2015","ko","kommune","Harstad","Troms Romsa","SV","Sosialistisk Venstreparti",1,1
"2015","ko","kommune","Harstad","Troms Romsa","RØDT","Rødt",1,1
"2015","ko","kommune","Harstad","Troms Romsa","SP","Senterpartiet",2,2
"2015","ko","kommune","Harstad","Troms Romsa","KRF","Kristelig Folkeparti",1,1
"2015","ko","kommune","Harstad","Troms Romsa","MDG","Miljøpartiet De Grønne",1,1
"2015","ko","kommune","Harstad","Troms Romsa","V","Venstre",4,4
"2015","ko","kommune","Harstad","Troms Romsa","H","Høyre",4,4
"2015","ko","kommune","Harstad","Troms Romsa","FRP","Fremskrittspartiet",8,8
"2015","ko","kommune","Harstad","Troms Romsa","BLANKE","Blanke",0,0
"2015","ko","kommune","Harstad","Troms Romsa","Andre","Andre",0,0
"2015","ko","kommune","Harstad","Troms Romsa","Andre2","Andre2",0,0
"2015","ko","kommune","Kvæfjord","Troms Romsa","A","Arbeiderpartiet",9,1
"2015","ko","kommune","Kvæfjord","Troms Romsa","SV","Sosialistisk Venstreparti",2,0
"2015","ko","kommune","Kvæfjord","Troms Romsa","SP","Senterpartiet",4,1
"2015","ko","kommune","Kvæfjord","Troms Romsa","V","Venstre",3,0
"2015","ko","kommune","Kvæfjord","Troms Romsa","H","Høyre",2,-1
"2015","ko","kommune","Kvæfjord","Troms Romsa","FRP","Fremskrittspartiet",3,-1
"2015","ko","kommune","Kvæfjord","Troms Romsa","BLANKE","Blanke",0,0
"2015","ko","kommune","Kvæfjord","Troms Romsa","Andre","Andre",0,0
"2015","ko","kommune","Kvæfjord","Troms Romsa","Andre2","Andre2",0,0
"2015","ko","kommune","Skånland","Troms Romsa","A","Arbeiderpartiet",6,0
"2015","ko","kommune","Skånland","Troms Romsa","SV","Sosialistisk Venstreparti",1,1
"2015","ko","kommune","Skånland","Troms Romsa","RØDT","Rødt",1,0
"2015","ko","kommune","Skånland","Troms Romsa","MDG","Miljøpartiet De Grønne",0,0
"2015","ko","kommune","Skånland","Troms Romsa","V","Venstre",1,-1
"2015","ko","kommune","Skånland","Troms Romsa","H","Høyre",6,0
"2015","ko","kommune","Skånland","Troms Romsa","BLANKE","Blanke",0,0
"2015","ko","kommune","Skånland","Troms Romsa","Andre","Andre",0,0
"2015","ko","kommune","Skånland","Troms Romsa","Andre2","Andre2",0,0
"2015","ko","kommune","Ibestad","Troms Romsa","A","Arbeiderpartiet",4,1
"2015","ko","kommune","Ibestad","Troms Romsa","SP","Senterpartiet",3,-1
"2015","ko","kommune","Ibestad","Troms Romsa","V","Venstre",1,0
"2015","ko","kommune","Ibestad","Troms Romsa","H","Høyre",6,2
"2015","ko","kommune","Ibestad","Troms Romsa","ANFL","Andørja Fellesliste",5,-2
"2015","ko","kommune","Ibestad","Troms Romsa","BLANKE","Blanke",0,0
"2015","ko","kommune","Ibestad","Troms Romsa","Andre","Andre",5,-2
"2015","ko","kommune","Ibestad","Troms Romsa","Andre2","Andre2",0,0
"2015","ko","kommune","Gratangen","Troms Romsa","A","Arbeiderpartiet",7,2
"2015","ko","kommune","Gratangen","Troms Romsa","SP","Senterpartiet",3,-6
"2015","ko","kommune","Gratangen","Troms Romsa","BLANKE","Blanke",0,0
"2015","ko","kommune","Gratangen","Troms Romsa","GD","Gratangen Demokratiske Liste",3,3
"2015","ko","kommune","Gratangen","Troms Romsa","GFL","Gratangen Fellespolitiske Liste",2,2
"2015","ko","kommune","Gratangen","Troms Romsa","Andre","Andre",5,5
"2015","ko","kommune","Gratangen","Troms Romsa","Andre2","Andre2",0,-1
"2015","ko","kommune","Lavangen","Troms Romsa","A","Arbeiderpartiet",5,-1
"2015","ko","kommune","Lavangen","Troms Romsa","SP","Senterpartiet",6,2
"2015","ko","kommune","Lavangen","Troms Romsa","H","Høyre",3,0
"2015","ko","kommune","Lavangen","Troms Romsa","FRP","Fremskrittspartiet",1,-1
"2015","ko","kommune","Lavangen","Troms Romsa","BLANKE","Blanke",0,0
"2015","ko","kommune","Lavangen","Troms Romsa","Andre","Andre",0,0
"2015","ko","kommune","Lavangen","Troms Romsa","Andre2","Andre2",0,0
"2015","ko","kommune","Bardu","Troms Romsa","A","Arbeiderpartiet",7,-6
"2015","ko","kommune","Bardu","Troms Romsa","SP","Senterpartiet",6,3
"2015","ko","kommune","Bardu","Troms Romsa","V","Venstre",1,0
"2015","ko","kommune","Bardu","Troms Romsa","H","Høyre",4,-3
"2015","ko","kommune","Bardu","Troms Romsa","FRP","Fremskrittspartiet",1,0
"2015","ko","kommune","Bardu","Troms Romsa","BLANKE","Blanke",0,0
"2015","ko","kommune","Bardu","Troms Romsa","Andre","Andre",0,0
"2015","ko","kommune","Bardu","Troms Romsa","Andre2","Andre2",0,0
"2015","ko","kommune","Salangen","Troms Romsa","A","Arbeiderpartiet",8,1
"2015","ko","kommune","Salangen","Troms Romsa","SV","Sosialistisk Venstreparti",1,0
"2015","ko","kommune","Salangen","Troms Romsa","SP","Senterpartiet",7,-2
"2015","ko","kommune","Salangen","Troms Romsa","KRF","Kristelig Folkeparti",1,1
"2015","ko","kommune","Salangen","Troms Romsa","H","Høyre",2,0
"2015","ko","kommune","Salangen","Troms Romsa","BLANKE","Blanke",0,0
"2015","ko","kommune","Salangen","Troms Romsa","Andre","Andre",0,0
"2015","ko","kommune","Salangen","Troms Romsa","Andre2","Andre2",0,0
"2015","ko","kommune","Målselv","Troms Romsa","A","Arbeiderpartiet",11,1
"2015","ko","kommune","Målselv","Troms Romsa","SV","Sosialistisk Venstreparti",1,0
"2015","ko","kommune","Målselv","Troms Romsa","SP","Senterpartiet",4,1
"2015","ko","kommune","Målselv","Troms Romsa","V","Venstre",3,0
"2015","ko","kommune","Målselv","Troms Romsa","H","Høyre",4,-1
"2015","ko","kommune","Målselv","Troms Romsa","FRP","Fremskrittspartiet",2,-1
"2015","ko","kommune","Målselv","Troms Romsa","BLANKE","Blanke",0,0
"2015","ko","kommune","Målselv","Troms Romsa","Andre","Andre",0,0
"2015","ko","kommune","Målselv","Troms Romsa","Andre2","Andre2",0,0
"2015","ko","kommune","Sørreisa","Troms Romsa","A","Arbeiderpartiet",7,2
"2015","ko","kommune","Sørreisa","Troms Romsa","SV","Sosialistisk Venstreparti",0,0
"2015","ko","kommune","Sørreisa","Troms Romsa","SP","Senterpartiet",1,0
"2015","ko","kommune","Sørreisa","Troms Romsa","KRF","Kristelig Folkeparti",0,-1
"2015","ko","kommune","Sørreisa","Troms Romsa","H","Høyre",2,0
"2015","ko","kommune","Sørreisa","Troms Romsa","FRP","Fremskrittspartiet",1,0
"2015","ko","kommune","Sørreisa","Troms Romsa","BLANKE","Blanke",0,0
"2015","ko","kommune","Sørreisa","Troms Romsa","SAMLIST","Samlingslista",4,-1
"2015","ko","kommune","Sørreisa","Troms Romsa","Andre","Andre",4,-1
"2015","ko","kommune","Sørreisa","Troms Romsa","Andre2","Andre2",0,0
"2015","ko","kommune","Dyrøy","Troms Romsa","A","Arbeiderpartiet",5,-1
"2015","ko","kommune","Dyrøy","Troms Romsa","SV","Sosialistisk Venstreparti",1,0
"2015","ko","kommune","Dyrøy","Troms Romsa","SP","Senterpartiet",2,-1
"2015","ko","kommune","Dyrøy","Troms Romsa","H","Høyre",2,0
"2015","ko","kommune","Dyrøy","Troms Romsa","FRP","Fremskrittspartiet",4,4
"2015","ko","kommune","Dyrøy","Troms Romsa","BLANKE","Blanke",0,0
"2015","ko","kommune","Dyrøy","Troms Romsa","FD","Felleslista for Dyrøy",1,-2
"2015","ko","kommune","Dyrøy","Troms Romsa","Andre","Andre",1,-2
"2015","ko","kommune","Dyrøy","Troms Romsa","Andre2","Andre2",0,0
"2015","ko","kommune","Tranøy","Troms Romsa","A","Arbeiderpartiet",6,0
"2015","ko","kommune","Tranøy","Troms Romsa","SV","Sosialistisk Venstreparti",1,0
"2015","ko","kommune","Tranøy","Troms Romsa","SP","Senterpartiet",2,0
"2015","ko","kommune","Tranøy","Troms Romsa","V","Venstre",1,0
"2015","ko","kommune","Tranøy","Troms Romsa","H","Høyre",4,1
"2015","ko","kommune","Tranøy","Troms Romsa","FRP","Fremskrittspartiet",1,0
"2015","ko","kommune","Tranøy","Troms Romsa","NKP","Norges Kommunistiske Parti",0,0
"2015","ko","kommune","Tranøy","Troms Romsa","BLANKE","Blanke",0,0
"2015","ko","kommune","Tranøy","Troms Romsa","TFL","Tranøy Folkeliste",2,-1
"2015","ko","kommune","Tranøy","Troms Romsa","Andre","Andre",2,-1
"2015","ko","kommune","Tranøy","Troms Romsa","Andre2","Andre2",0,0
"2015","ko","kommune","Torsken","Troms Romsa","A","Arbeiderpartiet",9,2
"2015","ko","kommune","Torsken","Troms Romsa","SP","Senterpartiet",6,2
"2015","ko","kommune","Torsken","Troms Romsa","BLANKE","Blanke",0,0
"2015","ko","kommune","Torsken","Troms Romsa","Andre","Andre",0,0
"2015","ko","kommune","Torsken","Troms Romsa","Andre2","Andre2",0,-4
"2015","ko","kommune","Berg","Troms Romsa","A","Arbeiderpartiet",6,0
"2015","ko","kommune","Berg","Troms Romsa","FRP","Fremskrittspartiet",1,0
"2015","ko","kommune","Berg","Troms Romsa","BFE","Berg Fellesliste",2,-1
"2015","ko","kommune","Berg","Troms Romsa","BLANKE","Blanke",0,0
"2015","ko","kommune","Berg","Troms Romsa","BSAM","Berg samlingsliste",6,1
"2015","ko","kommune","Berg","Troms Romsa","Andre","Andre",8,0
"2015","ko","kommune","Berg","Troms Romsa","Andre2","Andre2",0,0
"2015","ko","kommune","Lenvik","Troms Romsa","A","Arbeiderpartiet",8,1
"2015","ko","kommune","Lenvik","Troms Romsa","SV","Sosialistisk Venstreparti",2,1
"2015","ko","kommune","Lenvik","Troms Romsa","SP","Senterpartiet",3,0
"2015","ko","kommune","Lenvik","Troms Romsa","KRF","Kristelig Folkeparti",2,1
"2015","ko","kommune","Lenvik","Troms Romsa","V","Venstre",1,0
"2015","ko","kommune","Lenvik","Troms Romsa","H","Høyre",7,-1
"2015","ko","kommune","Lenvik","Troms Romsa","FRP","Fremskrittspartiet",4,-2
"2015","ko","kommune","Lenvik","Troms Romsa","BLANKE","Blanke",0,0
"2015","ko","kommune","Lenvik","Troms Romsa","LENVIK","Lenviklista",4,0
"2015","ko","kommune","Lenvik","Troms Romsa","Andre","Andre",4,0
"2015","ko","kommune","Lenvik","Troms Romsa","Andre2","Andre2",0,0
"2015","ko","kommune","Balsfjord","Troms Romsa","A","Arbeiderpartiet",10,-2
"2015","ko","kommune","Balsfjord","Troms Romsa","SV","Sosialistisk Venstreparti",0,-1
"2015","ko","kommune","Balsfjord","Troms Romsa","SP","Senterpartiet",3,0
"2015","ko","kommune","Balsfjord","Troms Romsa","KRF","Kristelig Folkeparti",1,0
"2015","ko","kommune","Balsfjord","Troms Romsa","MDG","Miljøpartiet De Grønne",0,0
"2015","ko","kommune","Balsfjord","Troms Romsa","V","Venstre",0,0
"2015","ko","kommune","Balsfjord","Troms Romsa","H","Høyre",3,-3
"2015","ko","kommune","Balsfjord","Troms Romsa","FRP","Fremskrittspartiet",2,-2
"2015","ko","kommune","Balsfjord","Troms Romsa","BLANKE","Blanke",0,0
"2015","ko","kommune","Balsfjord","Troms Romsa","Andre","Andre",0,0
"2015","ko","kommune","Balsfjord","Troms Romsa","Andre2","Andre2",0,0
"2015","ko","kommune","Karlsøy","Troms Romsa","A","Arbeiderpartiet",4,-2
"2015","ko","kommune","Karlsøy","Troms Romsa","SV","Sosialistisk Venstreparti",2,1
"2015","ko","kommune","Karlsøy","Troms Romsa","SP","Senterpartiet",3,1
"2015","ko","kommune","Karlsøy","Troms Romsa","H","Høyre",1,1
"2015","ko","kommune","Karlsøy","Troms Romsa","FRP","Fremskrittspartiet",4,0
"2015","ko","kommune","Karlsøy","Troms Romsa","BLANKE","Blanke",0,0
"2015","ko","kommune","Karlsøy","Troms Romsa","FLRRR","Felleslista for Ringvassøy, Reinøy og Rebbenesøy",3,1
"2015","ko","kommune","Karlsøy","Troms Romsa","Andre","Andre",3,1
"2015","ko","kommune","Karlsøy","Troms Romsa","Andre2","Andre2",0,-2
"2015","ko","kommune","Lyngen","Troms Romsa","A","Arbeiderpartiet",5,-3
"2015","ko","kommune","Lyngen","Troms Romsa","SP","Senterpartiet",1,-1
"2015","ko","kommune","Lyngen","Troms Romsa","KRF","Kristelig Folkeparti",2,0
"2015","ko","kommune","Lyngen","Troms Romsa","MDG","Miljøpartiet De Grønne",1,1
"2015","ko","kommune","Lyngen","Troms Romsa","H","Høyre",3,0
"2015","ko","kommune","Lyngen","Troms Romsa","FRP","Fremskrittspartiet",1,-2
"2015","ko","kommune","Lyngen","Troms Romsa","BLANKE","Blanke",0,0
"2015","ko","kommune","Lyngen","Troms Romsa","KLL","Kretsliste Russelv-Sør Lenangsbotn",0,0
"2015","ko","kommune","Lyngen","Troms Romsa","LTP","Lyngen Tverrpolitiske liste",4,4
"2015","ko","kommune","Lyngen","Troms Romsa","PUS","Samhold Lyngen",2,2
"2015","ko","kommune","Lyngen","Troms Romsa","Andre","Andre",6,6
"2015","ko","kommune","Lyngen","Troms Romsa","Andre2","Andre2",0,-1
"2015","ko","kommune","Storfjord","Troms Romsa","A","Arbeiderpartiet",3,-4
"2015","ko","kommune","Storfjord","Troms Romsa","SP","Senterpartiet",2,-1
"2015","ko","kommune","Storfjord","Troms Romsa","MDG","Miljøpartiet De Grønne",1,1
"2015","ko","kommune","Storfjord","Troms Romsa","H","Høyre",4,1
"2015","ko","kommune","Storfjord","Troms Romsa","FRP","Fremskrittspartiet",1,-1
"2015","ko","kommune","Storfjord","Troms Romsa","BLANKE","Blanke",0,0
"2015","ko","kommune","Storfjord","Troms Romsa","FJORD","Fjordfolket",0,-2
"2015","ko","kommune","Storfjord","Troms Romsa","TVPL","Tverrpolitisk liste",6,6
"2015","ko","kommune","Storfjord","Troms Romsa","Andre","Andre",6,4
"2015","ko","kommune","Storfjord","Troms Romsa","Andre2","Andre2",0,0
"2015","ko","kommune","Gáivuotna Kåfjord","Troms Romsa","A","Arbeiderpartiet",5,-3
"2015","ko","kommune","Gáivuotna Kåfjord","Troms Romsa","SP","Senterpartiet",4,2
"2015","ko","kommune","Gáivuotna Kåfjord","Troms Romsa","KRF","Kristelig Folkeparti",2,-1
"2015","ko","kommune","Gáivuotna Kåfjord","Troms Romsa","MDG","Miljøpartiet De Grønne",1,1
"2015","ko","kommune","Gáivuotna Kåfjord","Troms Romsa","H","Høyre",2,2
"2015","ko","kommune","Gáivuotna Kåfjord","Troms Romsa","FRP","Fremskrittspartiet",1,-1
"2015","ko","kommune","Gáivuotna Kåfjord","Troms Romsa","BLANKE","Blanke",0,0
"2015","ko","kommune","Gáivuotna Kåfjord","Troms Romsa","MSNBL","Manndalen, Skardalen og Nordnes bygdeliste",2,2
"2015","ko","kommune","Gáivuotna Kåfjord","Troms Romsa","Andre","Andre",2,2
"2015","ko","kommune","Gáivuotna Kåfjord","Troms Romsa","Andre2","Andre2",0,-2
"2015","ko","kommune","Skjervøy","Troms Romsa","A","Arbeiderpartiet",4,1
"2015","ko","kommune","Skjervøy","Troms Romsa","SV","Sosialistisk Venstreparti",2,0
"2015","ko","kommune","Skjervøy","Troms Romsa","SP","Senterpartiet",4,2
"2015","ko","kommune","Skjervøy","Troms Romsa","H","Høyre",1,-1
"2015","ko","kommune","Skjervøy","Troms Romsa","FRP","Fremskrittspartiet",3,1
"2015","ko","kommune","Skjervøy","Troms Romsa","BLANKE","Blanke",0,0
"2015","ko","kommune","Skjervøy","Troms Romsa","KRFKP","Felleslista Kristelig folkeparti / Kystpartiet",5,5
"2015","ko","kommune","Skjervøy","Troms Romsa","Andre","Andre",5,5
"2015","ko","kommune","Skjervøy","Troms Romsa","Andre2","Andre2",0,-8
"2015","ko","kommune","Nordreisa","Troms Romsa","A","Arbeiderpartiet",6,-3
"2015","ko","kommune","Nordreisa","Troms Romsa","SV","Sosialistisk Venstreparti",2,1
"2015","ko","kommune","Nordreisa","Troms Romsa","SP","Senterpartiet",2,0
"2015","ko","kommune","Nordreisa","Troms Romsa","KRF","Kristelig Folkeparti",3,1
"2015","ko","kommune","Nordreisa","Troms Romsa","MDG","Miljøpartiet De Grønne",1,1
"2015","ko","kommune","Nordreisa","Troms Romsa","H","Høyre",4,1
"2015","ko","kommune","Nordreisa","Troms Romsa","FRP","Fremskrittspartiet",3,-1
"2015","ko","kommune","Nordreisa","Troms Romsa","BLANKE","Blanke",0,0
"2015","ko","kommune","Nordreisa","Troms Romsa","Andre","Andre",0,0
"2015","ko","kommune","Nordreisa","Troms Romsa","Andre2","Andre2",0,0
"2015","ko","kommune","Kvænangen","Troms Romsa","A","Arbeiderpartiet",6,3
"2015","ko","kommune","Kvænangen","Troms Romsa","SV","Sosialistisk Venstreparti",1,0
"2015","ko","kommune","Kvænangen","Troms Romsa","H","Høyre",2,-3
"2015","ko","kommune","Kvænangen","Troms Romsa","FRP","Fremskrittspartiet",1,0
"2015","ko","kommune","Kvænangen","Troms Romsa","KYST","Kystpartiet",5,0
"2015","ko","kommune","Kvænangen","Troms Romsa","BLANKE","Blanke",0,0
"2015","ko","kommune","Kvænangen","Troms Romsa","Andre","Andre",5,0
"2015","ko","kommune","Kvænangen","Troms Romsa","Andre2","Andre2",0,0
"2015","ko","kommune","Vardø","Finnmark Finnmárku","A","Arbeiderpartiet",10,2
"2015","ko","kommune","Vardø","Finnmark Finnmárku","SV","Sosialistisk Venstreparti",0,-1
"2015","ko","kommune","Vardø","Finnmark Finnmárku","MDG","Miljøpartiet De Grønne",3,3
"2015","ko","kommune","Vardø","Finnmark Finnmárku","V","Venstre",2,0
"2015","ko","kommune","Vardø","Finnmark Finnmárku","H","Høyre",2,0
"2015","ko","kommune","Vardø","Finnmark Finnmárku","FRP","Fremskrittspartiet",1,-3
"2015","ko","kommune","Vardø","Finnmark Finnmárku","KYST","Kystpartiet",1,-1
"2015","ko","kommune","Vardø","Finnmark Finnmárku","BLANKE","Blanke",0,0
"2015","ko","kommune","Vardø","Finnmark Finnmárku","Andre","Andre",1,-1
"2015","ko","kommune","Vardø","Finnmark Finnmárku","Andre2","Andre2",0,0
"2015","ko","kommune","Vadsø","Finnmark Finnmárku","A","Arbeiderpartiet",8,-2
"2015","ko","kommune","Vadsø","Finnmark Finnmárku","SV","Sosialistisk Venstreparti",3,0
"2015","ko","kommune","Vadsø","Finnmark Finnmárku","RØDT","Rødt",0,0
"2015","ko","kommune","Vadsø","Finnmark Finnmárku","KRF","Kristelig Folkeparti",1,-1
"2015","ko","kommune","Vadsø","Finnmark Finnmárku","MDG","Miljøpartiet De Grønne",1,1
"2015","ko","kommune","Vadsø","Finnmark Finnmárku","V","Venstre",0,-2
"2015","ko","kommune","Vadsø","Finnmark Finnmárku","H","Høyre",10,3
"2015","ko","kommune","Vadsø","Finnmark Finnmárku","BLANKE","Blanke",0,0
"2015","ko","kommune","Vadsø","Finnmark Finnmárku","VADSØ","Vadsølista",2,2
"2015","ko","kommune","Vadsø","Finnmark Finnmárku","Andre","Andre",2,2
"2015","ko","kommune","Vadsø","Finnmark Finnmárku","Andre2","Andre2",0,-1
"2015","ko","kommune","Hammerfest","Finnmark Finnmárku","A","Arbeiderpartiet",20,1
"2015","ko","kommune","Hammerfest","Finnmark Finnmárku","SV","Sosialistisk Venstreparti",3,1
"2015","ko","kommune","Hammerfest","Finnmark Finnmárku","KRF","Kristelig Folkeparti",1,1
"2015","ko","kommune","Hammerfest","Finnmark Finnmárku","MDG","Miljøpartiet De Grønne",1,1
"2015","ko","kommune","Hammerfest","Finnmark Finnmárku","H","Høyre",3,-2
"2015","ko","kommune","Hammerfest","Finnmark Finnmárku","FRP","Fremskrittspartiet",1,-1
"2015","ko","kommune","Hammerfest","Finnmark Finnmárku","BLANKE","Blanke",0,0
"2015","ko","kommune","Hammerfest","Finnmark Finnmárku","Andre","Andre",0,0
"2015","ko","kommune","Hammerfest","Finnmark Finnmárku","Andre2","Andre2",0,-1
"2015","ko","kommune","Guovdageaidnu Kautokeino","Finnmark Finnmárku","A","Arbeiderpartiet",5,3
"2015","ko","kommune","Guovdageaidnu Kautokeino","Finnmark Finnmárku","SV","Sosialistisk Venstreparti",0,0
"2015","ko","kommune","Guovdageaidnu Kautokeino","Finnmark Finnmárku","SP","Senterpartiet",0,0
"2015","ko","kommune","Guovdageaidnu Kautokeino","Finnmark Finnmárku","V","Venstre",2,0
"2015","ko","kommune","Guovdageaidnu Kautokeino","Finnmark Finnmárku","H","Høyre",1,-1
"2015","ko","kommune","Guovdageaidnu Kautokeino","Finnmark Finnmárku","FRP","Fremskrittspartiet",0,0
"2015","ko","kommune","Guovdageaidnu Kautokeino","Finnmark Finnmárku","BLANKE","Blanke",0,0
"2015","ko","kommune","Guovdageaidnu Kautokeino","Finnmark Finnmárku","GDL","Kautokeino Fastboendes liste",4,1
"2015","ko","kommune","Guovdageaidnu Kautokeino","Finnmark Finnmárku","JL","Kautokeino Flyttsameliste",5,0
"2015","ko","kommune","Guovdageaidnu Kautokeino","Finnmark Finnmárku","KRISTNE","Partiet De Kristne",0,0
"2015","ko","kommune","Guovdageaidnu Kautokeino","Finnmark Finnmárku","SAL","Sámeálbmot Listu",2,2
"2015","ko","kommune","Guovdageaidnu Kautokeino","Finnmark Finnmárku","Andre","Andre",11,3
"2015","ko","kommune","Guovdageaidnu Kautokeino","Finnmark Finnmárku","Andre2","Andre2",0,-5
"2015","ko","kommune","Alta","Finnmark Finnmárku","A","Arbeiderpartiet",11,1
"2015","ko","kommune","Alta","Finnmark Finnmárku","SV","Sosialistisk Venstreparti",3,0
"2015","ko","kommune","Alta","Finnmark Finnmárku","SP","Senterpartiet",1,1
"2015","ko","kommune","Alta","Finnmark Finnmárku","KRF","Kristelig Folkeparti",2,1
"2015","ko","kommune","Alta","Finnmark Finnmárku","MDG","Miljøpartiet De Grønne",1,1
"2015","ko","kommune","Alta","Finnmark Finnmárku","V","Venstre",4,1
"2015","ko","kommune","Alta","Finnmark Finnmárku","H","Høyre",4,-6
"2015","ko","kommune","Alta","Finnmark Finnmárku","FRP","Fremskrittspartiet",7,3
"2015","ko","kommune","Alta","Finnmark Finnmárku","KYST","Kystpartiet",2,-2
"2015","ko","kommune","Alta","Finnmark Finnmárku","BLANKE","Blanke",0,0
"2015","ko","kommune","Alta","Finnmark Finnmárku","KRISTNE","Partiet De Kristne",0,0
"2015","ko","kommune","Alta","Finnmark Finnmárku","Andre","Andre",2,-2
"2015","ko","kommune","Alta","Finnmark Finnmárku","Andre2","Andre2",0,0
"2015","ko","kommune","Loppa","Finnmark Finnmárku","A","Arbeiderpartiet",6,2
"2015","ko","kommune","Loppa","Finnmark Finnmárku","SV","Sosialistisk Venstreparti",2,1
"2015","ko","kommune","Loppa","Finnmark Finnmárku","SP","Senterpartiet",2,1
"2015","ko","kommune","Loppa","Finnmark Finnmárku","H","Høyre",5,2
"2015","ko","kommune","Loppa","Finnmark Finnmárku","BLANKE","Blanke",0,0
"2015","ko","kommune","Loppa","Finnmark Finnmárku","Andre","Andre",0,0
"2015","ko","kommune","Loppa","Finnmark Finnmárku","Andre2","Andre2",0,-6
"2015","ko","kommune","Hasvik","Finnmark Finnmárku","A","Arbeiderpartiet",10,2
"2015","ko","kommune","Hasvik","Finnmark Finnmárku","SP","Senterpartiet",2,-2
"2015","ko","kommune","Hasvik","Finnmark Finnmárku","H","Høyre",3,0
"2015","ko","kommune","Hasvik","Finnmark Finnmárku","BLANKE","Blanke",0,0
"2015","ko","kommune","Hasvik","Finnmark Finnmárku","Andre","Andre",0,0
"2015","ko","kommune","Hasvik","Finnmark Finnmárku","Andre2","Andre2",0,0
"2015","ko","kommune","Kvalsund","Finnmark Finnmárku","A","Arbeiderpartiet",7,-3
"2015","ko","kommune","Kvalsund","Finnmark Finnmárku","SV","Sosialistisk Venstreparti",4,1
"2015","ko","kommune","Kvalsund","Finnmark Finnmárku","KRF","Kristelig Folkeparti",3,3
"2015","ko","kommune","Kvalsund","Finnmark Finnmárku","H","Høyre",1,-1
"2015","ko","kommune","Kvalsund","Finnmark Finnmárku","BLANKE","Blanke",0,0
"2015","ko","kommune","Kvalsund","Finnmark Finnmárku","Andre","Andre",0,0
"2015","ko","kommune","Kvalsund","Finnmark Finnmárku","Andre2","Andre2",0,0
"2015","ko","kommune","Måsøy","Finnmark Finnmárku","A","Arbeiderpartiet",6,-1
"2015","ko","kommune","Måsøy","Finnmark Finnmárku","SP","Senterpartiet",7,3
"2015","ko","kommune","Måsøy","Finnmark Finnmárku","H","Høyre",2,-4
"2015","ko","kommune","Måsøy","Finnmark Finnmárku","BLANKE","Blanke",0,0
"2015","ko","kommune","Måsøy","Finnmark Finnmárku","Andre","Andre",0,0
"2015","ko","kommune","Måsøy","Finnmark Finnmárku","Andre2","Andre2",0,0
"2015","ko","kommune","Nordkapp","Finnmark Finnmárku","A","Arbeiderpartiet",10,1
"2015","ko","kommune","Nordkapp","Finnmark Finnmárku","SV","Sosialistisk Venstreparti",3,-2
"2015","ko","kommune","Nordkapp","Finnmark Finnmárku","V","Venstre",2,2
"2015","ko","kommune","Nordkapp","Finnmark Finnmárku","H","Høyre",4,0
"2015","ko","kommune","Nordkapp","Finnmark Finnmárku","BLANKE","Blanke",0,0
"2015","ko","kommune","Nordkapp","Finnmark Finnmárku","Andre","Andre",0,0
"2015","ko","kommune","Nordkapp","Finnmark Finnmárku","Andre2","Andre2",0,-1
"2015","ko","kommune","Porsanger Porsángu Porsanki","Finnmark Finnmárku","A","Arbeiderpartiet",6,-1
"2015","ko","kommune","Porsanger Porsángu Porsanki","Finnmark Finnmárku","SV","Sosialistisk Venstreparti",1,0
"2015","ko","kommune","Porsanger Porsángu Porsanki","Finnmark Finnmárku","SP","Senterpartiet",1,0
"2015","ko","kommune","Porsanger Porsángu Porsanki","Finnmark Finnmárku","V","Venstre",0,0
"2015","ko","kommune","Porsanger Porsángu Porsanki","Finnmark Finnmárku","H","Høyre",7,0
"2015","ko","kommune","Porsanger Porsángu Porsanki","Finnmark Finnmárku","FRP","Fremskrittspartiet",1,-2
"2015","ko","kommune","Porsanger Porsángu Porsanki","Finnmark Finnmárku","BLANKE","Blanke",0,0
"2015","ko","kommune","Porsanger Porsángu Porsanki","Finnmark Finnmárku","TLP","Tverrpolitisk liste i Porsanger TLP",3,3
"2015","ko","kommune","Porsanger Porsángu Porsanki","Finnmark Finnmárku","Andre","Andre",3,3
"2015","ko","kommune","Porsanger Porsángu Porsanki","Finnmark Finnmárku","Andre2","Andre2",0,0
"2015","ko","kommune","Kárásjohka Karasjok","Finnmark Finnmárku","A","Arbeiderpartiet",7,3
"2015","ko","kommune","Kárásjohka Karasjok","Finnmark Finnmárku","SP","Senterpartiet",6,1
"2015","ko","kommune","Kárásjohka Karasjok","Finnmark Finnmárku","KRF","Kristelig Folkeparti",1,1
"2015","ko","kommune","Kárásjohka Karasjok","Finnmark Finnmárku","V","Venstre",0,-2
"2015","ko","kommune","Kárásjohka Karasjok","Finnmark Finnmárku","H","Høyre",1,0
"2015","ko","kommune","Kárásjohka Karasjok","Finnmark Finnmárku","BLANKE","Blanke",0,0
"2015","ko","kommune","Kárásjohka Karasjok","Finnmark Finnmárku","DLFL","Daloniid Lista/Fastboendes Liste",0,0
"2015","ko","kommune","Kárásjohka Karasjok","Finnmark Finnmárku","KARLIS","Kárášjot' lista/Karasjok lista",2,-1
"2015","ko","kommune","Kárásjohka Karasjok","Finnmark Finnmárku","KJS","Johttiidsámiid listu",1,0
"2015","ko","kommune","Kárásjohka Karasjok","Finnmark Finnmárku","SAME","Sámeálbmot bellodat/Samefolkets parti",1,-1
"2015","ko","kommune","Kárásjohka Karasjok","Finnmark Finnmárku","Andre","Andre",4,-2
"2015","ko","kommune","Kárásjohka Karasjok","Finnmark Finnmárku","Andre2","Andre2",0,-1
"2015","ko","kommune","Lebesby","Finnmark Finnmárku","A","Arbeiderpartiet",8,-3
"2015","ko","kommune","Lebesby","Finnmark Finnmárku","SV","Sosialistisk Venstreparti",1,1
"2015","ko","kommune","Lebesby","Finnmark Finnmárku","MDG","Miljøpartiet De Grønne",2,2
"2015","ko","kommune","Lebesby","Finnmark Finnmárku","H","Høyre",1,1
"2015","ko","kommune","Lebesby","Finnmark Finnmárku","BLANKE","Blanke",0,0
"2015","ko","kommune","Lebesby","Finnmark Finnmárku","TVERRPOL","Lebesby Tverrpolitiske liste",5,5
"2015","ko","kommune","Lebesby","Finnmark Finnmárku","Andre","Andre",5,5
"2015","ko","kommune","Lebesby","Finnmark Finnmárku","Andre2","Andre2",0,-6
"2015","ko","kommune","Gamvik","Finnmark Finnmárku","A","Arbeiderpartiet",7,2
"2015","ko","kommune","Gamvik","Finnmark Finnmárku","SV","Sosialistisk Venstreparti",4,1
"2015","ko","kommune","Gamvik","Finnmark Finnmárku","H","Høyre",0,-2
"2015","ko","kommune","Gamvik","Finnmark Finnmárku","FRP","Fremskrittspartiet",2,1
"2015","ko","kommune","Gamvik","Finnmark Finnmárku","BLANKE","Blanke",0,0
"2015","ko","kommune","Gamvik","Finnmark Finnmárku","Andre","Andre",0,0
"2015","ko","kommune","Gamvik","Finnmark Finnmárku","Andre2","Andre2",0,-2
"2015","ko","kommune","Berlevåg","Finnmark Finnmárku","A","Arbeiderpartiet",10,5
"2015","ko","kommune","Berlevåg","Finnmark Finnmárku","H","Høyre",3,-4
"2015","ko","kommune","Berlevåg","Finnmark Finnmárku","BLANKE","Blanke",0,0
"2015","ko","kommune","Berlevåg","Finnmark Finnmárku","Andre","Andre",0,0
"2015","ko","kommune","Berlevåg","Finnmark Finnmárku","Andre2","Andre2",0,-1
"2015","ko","kommune","Deatnu Tana","Finnmark Finnmárku","A","Arbeiderpartiet",9,0
"2015","ko","kommune","Deatnu Tana","Finnmark Finnmárku","SV","Sosialistisk Venstreparti",1,0
"2015","ko","kommune","Deatnu Tana","Finnmark Finnmárku","SP","Senterpartiet",2,-1
"2015","ko","kommune","Deatnu Tana","Finnmark Finnmárku","V","Venstre",1,0
"2015","ko","kommune","Deatnu Tana","Finnmark Finnmárku","H","Høyre",1,-4
"2015","ko","kommune","Deatnu Tana","Finnmark Finnmárku","FRP","Fremskrittspartiet",2,1
"2015","ko","kommune","Deatnu Tana","Finnmark Finnmárku","ARJA","Árja",2,2
"2015","ko","kommune","Deatnu Tana","Finnmark Finnmárku","BLANKE","Blanke",0,0
"2015","ko","kommune","Deatnu Tana","Finnmark Finnmárku","SAME","Sámeálbmot bellodat/Samefolkets parti",1,1
"2015","ko","kommune","Deatnu Tana","Finnmark Finnmárku","Andre","Andre",3,3
"2015","ko","kommune","Deatnu Tana","Finnmark Finnmárku","Andre2","Andre2",0,-3
"2015","ko","kommune","Unjárga Nesseby","Finnmark Finnmárku","A","Arbeiderpartiet",7,1
"2015","ko","kommune","Unjárga Nesseby","Finnmark Finnmárku","SV","Sosialistisk Venstreparti",2,0
"2015","ko","kommune","Unjárga Nesseby","Finnmark Finnmárku","BLANKE","Blanke",0,0
"2015","ko","kommune","Unjárga Nesseby","Finnmark Finnmárku","FLHTVP","Fellesliste Høyre og Tverrpolitisk liste",3,3
"2015","ko","kommune","Unjárga Nesseby","Finnmark Finnmárku","SAME","Sámeálbmot bellodat/Samefolkets parti",3,1
"2015","ko","kommune","Unjárga Nesseby","Finnmark Finnmárku","Andre","Andre",6,4
"2015","ko","kommune","Unjárga Nesseby","Finnmark Finnmárku","Andre2","Andre2",0,-5
"2015","ko","kommune","Båtsfjord","Finnmark Finnmárku","A","Arbeiderpartiet",8,0
"2015","ko","kommune","Båtsfjord","Finnmark Finnmárku","H","Høyre",7,1
"2015","ko","kommune","Båtsfjord","Finnmark Finnmárku","BLANKE","Blanke",0,0
"2015","ko","kommune","Båtsfjord","Finnmark Finnmárku","Andre","Andre",0,0
"2015","ko","kommune","Båtsfjord","Finnmark Finnmárku","Andre2","Andre2",0,-1
"2015","ko","kommune","Sør-Varanger","Finnmark Finnmárku","A","Arbeiderpartiet",14,4
"2015","ko","kommune","Sør-Varanger","Finnmark Finnmárku","SV","Sosialistisk Venstreparti",2,0
"2015","ko","kommune","Sør-Varanger","Finnmark Finnmárku","SP","Senterpartiet",5,0
"2015","ko","kommune","Sør-Varanger","Finnmark Finnmárku","KRF","Kristelig Folkeparti",0,0
"2015","ko","kommune","Sør-Varanger","Finnmark Finnmárku","MDG","Miljøpartiet De Grønne",0,0
"2015","ko","kommune","Sør-Varanger","Finnmark Finnmárku","V","Venstre",0,-1
"2015","ko","kommune","Sør-Varanger","Finnmark Finnmárku","H","Høyre",4,-1
"2015","ko","kommune","Sør-Varanger","Finnmark Finnmárku","FRP","Fremskrittspartiet",2,0
"2015","ko","kommune","Sør-Varanger","Finnmark Finnmárku","BLANKE","Blanke",0,0
"2015","ko","kommune","Sør-Varanger","Finnmark Finnmárku","KRISTNE","Partiet De Kristne",0,0
"2015","ko","kommune","Sør-Varanger","Finnmark Finnmárku","Andre","Andre",0,0
"2015","ko","kommune","Sør-Varanger","Finnmark Finnmárku","Andre2","Andre2",0,0
