"aar","valgtype","fylke_navn","kommune_navn","valgkrets_navn","valgkrets_nr","parti_kode","parti_navn","parti_kategori","stemmer_prosent","stemmer_antall","stemmer_fhs"
"2013","st","Østfold","Halden","Halden","0101","A","Arbeiderpartiet",1,36.59529,6118,868
"2013","st","Østfold","Halden","Halden","0101","SV","Sosialistisk Venstreparti",1,2.39263,400,55
"2013","st","Østfold","Halden","Halden","0101","RØDT","Rødt",1,0.79555,133,31
"2013","st","Østfold","Halden","Halden","0101","SP","Senterpartiet",1,3.74447,626,70
"2013","st","Østfold","Halden","Halden","0101","KRF","Kristelig Folkeparti",1,6.26271,1047,172
"2013","st","Østfold","Halden","Halden","0101","V","Venstre",1,4.44431,743,127
"2013","st","Østfold","Halden","Halden","0101","H","Høyre",1,23.37002,3907,708
"2013","st","Østfold","Halden","Halden","0101","FRP","Fremskrittspartiet",1,17.66958,2954,472
"2013","st","Østfold","Halden","Halden","0101","DEMN","Demokratene i Norge",2,0.05982,10,0
"2013","st","Østfold","Halden","Halden","0101","KRISTNE","De Kristne",2,0.85537,143,37
"2013","st","Østfold","Halden","Halden","0101","KSP","Kristent Samlingsparti",2,0.17347,29,5
"2013","st","Østfold","Halden","Halden","0101","KYST","Kystpartiet",2,0.04187,7,1
"2013","st","Østfold","Halden","Halden","0101","MDG","Miljøpartiet De Grønne",2,2.48834,416,72
"2013","st","Østfold","Halden","Halden","0101","PIR","Piratpartiet",2,0.49049,82,10
"2013","st","Østfold","Halden","Halden","0101","PP","Pensjonistpartiet",2,0.6161,103,27
"2013","st","Østfold","Halden","Halden","0101","BLANKE","Blanke",3,0.64003,107,10
"2013","st","Østfold","Halden","Halden","0101","Andre","Andre",0,4.72545,790,152
"2013","st","Østfold","Halden","Halden","0101","Andre2","Andre2",0,0,0,0
"2013","st","Østfold","Moss","Moss","0104","A","Arbeiderpartiet",1,35.52365,6136,1232
"2013","st","Østfold","Moss","Moss","0104","SV","Sosialistisk Venstreparti",1,3.68784,637,155
"2013","st","Østfold","Moss","Moss","0104","RØDT","Rødt",1,1.55155,268,67
"2013","st","Østfold","Moss","Moss","0104","SP","Senterpartiet",1,0.67157,116,20
"2013","st","Østfold","Moss","Moss","0104","KRF","Kristelig Folkeparti",1,3.31153,572,123
"2013","st","Østfold","Moss","Moss","0104","V","Venstre",1,4.49256,776,139
"2013","st","Østfold","Moss","Moss","0104","H","Høyre",1,28.03219,4842,1088
"2013","st","Østfold","Moss","Moss","0104","FRP","Fremskrittspartiet",1,18.76339,3241,730
"2013","st","Østfold","Moss","Moss","0104","DEMN","Demokratene i Norge",2,0.04632,8,3
"2013","st","Østfold","Moss","Moss","0104","KRISTNE","De Kristne",2,0.29526,51,17
"2013","st","Østfold","Moss","Moss","0104","KSP","Kristent Samlingsparti",2,0.04632,8,2
"2013","st","Østfold","Moss","Moss","0104","KYST","Kystpartiet",2,0.02895,5,2
"2013","st","Østfold","Moss","Moss","0104","MDG","Miljøpartiet De Grønne",2,2.81943,487,105
"2013","st","Østfold","Moss","Moss","0104","PIR","Piratpartiet",2,0.39368,68,10
"2013","st","Østfold","Moss","Moss","0104","PP","Pensjonistpartiet",2,0.33578,58,28
"2013","st","Østfold","Moss","Moss","0104","BLANKE","Blanke",3,0.52683,91,18
"2013","st","Østfold","Moss","Moss","0104","Andre","Andre",0,3.96573,685,167
"2013","st","Østfold","Moss","Moss","0104","Andre2","Andre2",0,0,0,0
"2013","st","Østfold","Sarpsborg","Sarpsborg","0105","A","Arbeiderpartiet",1,39.43967,11473,2206
"2013","st","Østfold","Sarpsborg","Sarpsborg","0105","SV","Sosialistisk Venstreparti",1,1.71537,499,110
"2013","st","Østfold","Sarpsborg","Sarpsborg","0105","RØDT","Rødt",1,0.52252,152,41
"2013","st","Østfold","Sarpsborg","Sarpsborg","0105","SP","Senterpartiet",1,2.84634,828,120
"2013","st","Østfold","Sarpsborg","Sarpsborg","0105","KRF","Kristelig Folkeparti",1,5.33173,1551,310
"2013","st","Østfold","Sarpsborg","Sarpsborg","0105","V","Venstre",1,2.84978,829,168
"2013","st","Østfold","Sarpsborg","Sarpsborg","0105","H","Høyre",1,22.88759,6658,1375
"2013","st","Østfold","Sarpsborg","Sarpsborg","0105","FRP","Fremskrittspartiet",1,20.3197,5911,1167
"2013","st","Østfold","Sarpsborg","Sarpsborg","0105","DEMN","Demokratene i Norge",2,0.09282,27,13
"2013","st","Østfold","Sarpsborg","Sarpsborg","0105","KRISTNE","De Kristne",2,1.16535,339,92
"2013","st","Østfold","Sarpsborg","Sarpsborg","0105","KSP","Kristent Samlingsparti",2,0.11344,33,5
"2013","st","Østfold","Sarpsborg","Sarpsborg","0105","KYST","Kystpartiet",2,0.03781,11,2
"2013","st","Østfold","Sarpsborg","Sarpsborg","0105","MDG","Miljøpartiet De Grønne",2,1.39911,407,114
"2013","st","Østfold","Sarpsborg","Sarpsborg","0105","PIR","Piratpartiet",2,0.31626,92,10
"2013","st","Østfold","Sarpsborg","Sarpsborg","0105","PP","Pensjonistpartiet",2,0.96253,280,84
"2013","st","Østfold","Sarpsborg","Sarpsborg","0105","BLANKE","Blanke",3,0.59127,172,26
"2013","st","Østfold","Sarpsborg","Sarpsborg","0105","Andre","Andre",0,4.08732,1189,320
"2013","st","Østfold","Sarpsborg","Sarpsborg","0105","Andre2","Andre2",0,0,0,0
"2013","st","Østfold","Fredrikstad","Fredrikstad","0106","A","Arbeiderpartiet",1,37.57303,16141,6605
"2013","st","Østfold","Fredrikstad","Fredrikstad","0106","SV","Sosialistisk Venstreparti",1,2.48376,1067,447
"2013","st","Østfold","Fredrikstad","Fredrikstad","0106","RØDT","Rødt",1,0.71696,308,138
"2013","st","Østfold","Fredrikstad","Fredrikstad","0106","SP","Senterpartiet",1,1.67602,720,230
"2013","st","Østfold","Fredrikstad","Fredrikstad","0106","KRF","Kristelig Folkeparti",1,5.10254,2192,778
"2013","st","Østfold","Fredrikstad","Fredrikstad","0106","V","Venstre",1,3.66861,1576,670
"2013","st","Østfold","Fredrikstad","Fredrikstad","0106","H","Høyre",1,25.75712,11065,5605
"2013","st","Østfold","Fredrikstad","Fredrikstad","0106","FRP","Fremskrittspartiet",1,18.75044,8055,3669
"2013","st","Østfold","Fredrikstad","Fredrikstad","0106","DEMN","Demokratene i Norge",2,0.04888,21,6
"2013","st","Østfold","Fredrikstad","Fredrikstad","0106","KRISTNE","De Kristne",2,0.58893,253,87
"2013","st","Østfold","Fredrikstad","Fredrikstad","0106","KSP","Kristent Samlingsparti",2,0.06751,29,6
"2013","st","Østfold","Fredrikstad","Fredrikstad","0106","KYST","Kystpartiet",2,0.05354,23,8
"2013","st","Østfold","Fredrikstad","Fredrikstad","0106","MDG","Miljøpartiet De Grønne",2,2.3697,1018,529
"2013","st","Østfold","Fredrikstad","Fredrikstad","0106","PIR","Piratpartiet",2,0.36779,158,90
"2013","st","Østfold","Fredrikstad","Fredrikstad","0106","PP","Pensjonistpartiet",2,0.77516,333,121
"2013","st","Østfold","Fredrikstad","Fredrikstad","0106","BLANKE","Blanke",3,0.55867,240,87
"2013","st","Østfold","Fredrikstad","Fredrikstad","0106","Andre","Andre",0,4.27151,1835,847
"2013","st","Østfold","Fredrikstad","Fredrikstad","0106","Andre2","Andre2",0,0,0,0
"2013","st","Østfold","Hvaler","Hvaler","0111","A","Arbeiderpartiet",1,32.33382,895,193
"2013","st","Østfold","Hvaler","Hvaler","0111","SV","Sosialistisk Venstreparti",1,2.99855,83,18
"2013","st","Østfold","Hvaler","Hvaler","0111","RØDT","Rødt",1,0.83092,23,7
"2013","st","Østfold","Hvaler","Hvaler","0111","SP","Senterpartiet",1,1.66185,46,11
"2013","st","Østfold","Hvaler","Hvaler","0111","KRF","Kristelig Folkeparti",1,3.61272,100,30
"2013","st","Østfold","Hvaler","Hvaler","0111","V","Venstre",1,4.01012,111,34
"2013","st","Østfold","Hvaler","Hvaler","0111","H","Høyre",1,28.57659,791,207
"2013","st","Østfold","Hvaler","Hvaler","0111","FRP","Fremskrittspartiet",1,22.54335,624,178
"2013","st","Østfold","Hvaler","Hvaler","0111","DEMN","Demokratene i Norge",2,0.07225,2,2
"2013","st","Østfold","Hvaler","Hvaler","0111","KRISTNE","De Kristne",2,0.43353,12,6
"2013","st","Østfold","Hvaler","Hvaler","0111","KSP","Kristent Samlingsparti",2,0.25289,7,0
"2013","st","Østfold","Hvaler","Hvaler","0111","KYST","Kystpartiet",2,0.03613,1,0
"2013","st","Østfold","Hvaler","Hvaler","0111","MDG","Miljøpartiet De Grønne",2,2.20376,61,17
"2013","st","Østfold","Hvaler","Hvaler","0111","PIR","Piratpartiet",2,0.21676,6,0
"2013","st","Østfold","Hvaler","Hvaler","0111","PP","Pensjonistpartiet",2,0.21676,6,1
"2013","st","Østfold","Hvaler","Hvaler","0111","BLANKE","Blanke",3,0.18064,5,2
"2013","st","Østfold","Hvaler","Hvaler","0111","Andre","Andre",0,3.43208,95,26
"2013","st","Østfold","Hvaler","Hvaler","0111","Andre2","Andre2",0,0,0,0
"2013","st","Østfold","Aremark","Aremark","0118","A","Arbeiderpartiet",1,28.21351,259,29
"2013","st","Østfold","Aremark","Aremark","0118","SV","Sosialistisk Venstreparti",1,1.85185,17,2
"2013","st","Østfold","Aremark","Aremark","0118","RØDT","Rødt",1,0,0,0
"2013","st","Østfold","Aremark","Aremark","0118","SP","Senterpartiet",1,21.24183,195,22
"2013","st","Østfold","Aremark","Aremark","0118","KRF","Kristelig Folkeparti",1,9.58606,88,12
"2013","st","Østfold","Aremark","Aremark","0118","V","Venstre",1,3.05011,28,10
"2013","st","Østfold","Aremark","Aremark","0118","H","Høyre",1,16.01307,147,20
"2013","st","Østfold","Aremark","Aremark","0118","FRP","Fremskrittspartiet",1,14.81481,136,26
"2013","st","Østfold","Aremark","Aremark","0118","DEMN","Demokratene i Norge",2,0,0,0
"2013","st","Østfold","Aremark","Aremark","0118","KRISTNE","De Kristne",2,1.52505,14,4
"2013","st","Østfold","Aremark","Aremark","0118","KSP","Kristent Samlingsparti",2,0.21786,2,0
"2013","st","Østfold","Aremark","Aremark","0118","KYST","Kystpartiet",2,0.10893,1,0
"2013","st","Østfold","Aremark","Aremark","0118","MDG","Miljøpartiet De Grønne",2,2.50545,23,4
"2013","st","Østfold","Aremark","Aremark","0118","PIR","Piratpartiet",2,0.10893,1,0
"2013","st","Østfold","Aremark","Aremark","0118","PP","Pensjonistpartiet",2,0.76253,7,2
"2013","st","Østfold","Aremark","Aremark","0118","BLANKE","Blanke",3,0.54466,5,2
"2013","st","Østfold","Aremark","Aremark","0118","Andre","Andre",0,5.22876,48,10
"2013","st","Østfold","Aremark","Aremark","0118","Andre2","Andre2",0,0,0,0
"2013","st","Østfold","Marker","Marker","0119","A","Arbeiderpartiet",1,36.66361,800,172
"2013","st","Østfold","Marker","Marker","0119","SV","Sosialistisk Venstreparti",1,0.54995,12,2
"2013","st","Østfold","Marker","Marker","0119","RØDT","Rødt",1,0.41247,9,4
"2013","st","Østfold","Marker","Marker","0119","SP","Senterpartiet",1,14.16132,309,38
"2013","st","Østfold","Marker","Marker","0119","KRF","Kristelig Folkeparti",1,12.55729,274,57
"2013","st","Østfold","Marker","Marker","0119","V","Venstre",1,1.32906,29,7
"2013","st","Østfold","Marker","Marker","0119","H","Høyre",1,17.09441,373,72
"2013","st","Østfold","Marker","Marker","0119","FRP","Fremskrittspartiet",1,14.39047,314,67
"2013","st","Østfold","Marker","Marker","0119","DEMN","Demokratene i Norge",2,0.09166,2,1
"2013","st","Østfold","Marker","Marker","0119","KRISTNE","De Kristne",2,0.7791,17,1
"2013","st","Østfold","Marker","Marker","0119","KSP","Kristent Samlingsparti",2,0.13749,3,0
"2013","st","Østfold","Marker","Marker","0119","KYST","Kystpartiet",2,0,0,0
"2013","st","Østfold","Marker","Marker","0119","MDG","Miljøpartiet De Grønne",2,1.60403,35,8
"2013","st","Østfold","Marker","Marker","0119","PIR","Piratpartiet",2,0.09166,2,0
"2013","st","Østfold","Marker","Marker","0119","PP","Pensjonistpartiet",2,0.13749,3,2
"2013","st","Østfold","Marker","Marker","0119","BLANKE","Blanke",3,0.68744,15,3
"2013","st","Østfold","Marker","Marker","0119","Andre","Andre",0,2.84143,62,12
"2013","st","Østfold","Marker","Marker","0119","Andre2","Andre2",0,0,0,0
"2013","st","Østfold","Rømskog","Rømskog","0121","A","Arbeiderpartiet",1,35.24027,154,33
"2013","st","Østfold","Rømskog","Rømskog","0121","SV","Sosialistisk Venstreparti",1,0.91533,4,1
"2013","st","Østfold","Rømskog","Rømskog","0121","RØDT","Rødt",1,0,0,0
"2013","st","Østfold","Rømskog","Rømskog","0121","SP","Senterpartiet",1,14.87414,65,14
"2013","st","Østfold","Rømskog","Rømskog","0121","KRF","Kristelig Folkeparti",1,23.11213,101,17
"2013","st","Østfold","Rømskog","Rømskog","0121","V","Venstre",1,0.91533,4,2
"2013","st","Østfold","Rømskog","Rømskog","0121","H","Høyre",1,10.29748,45,11
"2013","st","Østfold","Rømskog","Rømskog","0121","FRP","Fremskrittspartiet",1,11.89931,52,5
"2013","st","Østfold","Rømskog","Rømskog","0121","DEMN","Demokratene i Norge",2,0,0,0
"2013","st","Østfold","Rømskog","Rømskog","0121","KRISTNE","De Kristne",2,1.60183,7,2
"2013","st","Østfold","Rømskog","Rømskog","0121","KSP","Kristent Samlingsparti",2,0.22883,1,0
"2013","st","Østfold","Rømskog","Rømskog","0121","KYST","Kystpartiet",2,0,0,0
"2013","st","Østfold","Rømskog","Rømskog","0121","MDG","Miljøpartiet De Grønne",2,0.6865,3,0
"2013","st","Østfold","Rømskog","Rømskog","0121","PIR","Piratpartiet",2,0,0,0
"2013","st","Østfold","Rømskog","Rømskog","0121","PP","Pensjonistpartiet",2,0.22883,1,0
"2013","st","Østfold","Rømskog","Rømskog","0121","BLANKE","Blanke",3,1.14416,5,1
"2013","st","Østfold","Rømskog","Rømskog","0121","Andre","Andre",0,2.746,12,2
"2013","st","Østfold","Rømskog","Rømskog","0121","Andre2","Andre2",0,0,0,0
"2013","st","Østfold","Trøgstad","Trøgstad","0122","A","Arbeiderpartiet",1,24.43999,731,157
"2013","st","Østfold","Trøgstad","Trøgstad","0122","SV","Sosialistisk Venstreparti",1,1.37078,41,14
"2013","st","Østfold","Trøgstad","Trøgstad","0122","RØDT","Rødt",1,0.5015,15,4
"2013","st","Østfold","Trøgstad","Trøgstad","0122","SP","Senterpartiet",1,17.15145,513,91
"2013","st","Østfold","Trøgstad","Trøgstad","0122","KRF","Kristelig Folkeparti",1,5.41625,162,46
"2013","st","Østfold","Trøgstad","Trøgstad","0122","V","Venstre",1,2.90873,87,18
"2013","st","Østfold","Trøgstad","Trøgstad","0122","H","Høyre",1,24.20595,724,146
"2013","st","Østfold","Trøgstad","Trøgstad","0122","FRP","Fremskrittspartiet",1,21.83216,653,142
"2013","st","Østfold","Trøgstad","Trøgstad","0122","DEMN","Demokratene i Norge",2,0.1003,3,3
"2013","st","Østfold","Trøgstad","Trøgstad","0122","KRISTNE","De Kristne",2,0.60181,18,5
"2013","st","Østfold","Trøgstad","Trøgstad","0122","KSP","Kristent Samlingsparti",2,0.03343,1,0
"2013","st","Østfold","Trøgstad","Trøgstad","0122","KYST","Kystpartiet",2,0,0,0
"2013","st","Østfold","Trøgstad","Trøgstad","0122","MDG","Miljøpartiet De Grønne",2,0.93614,28,8
"2013","st","Østfold","Trøgstad","Trøgstad","0122","PIR","Piratpartiet",2,0.3009,9,2
"2013","st","Østfold","Trøgstad","Trøgstad","0122","PP","Pensjonistpartiet",2,0.2006,6,1
"2013","st","Østfold","Trøgstad","Trøgstad","0122","BLANKE","Blanke",3,0.73554,22,6
"2013","st","Østfold","Trøgstad","Trøgstad","0122","Andre","Andre",0,2.17319,65,19
"2013","st","Østfold","Trøgstad","Trøgstad","0122","Andre2","Andre2",0,0,0,0
"2013","st","Østfold","Spydeberg","Spydeberg","0123","A","Arbeiderpartiet",1,26.83079,861,202
"2013","st","Østfold","Spydeberg","Spydeberg","0123","SV","Sosialistisk Venstreparti",1,2.77345,89,20
"2013","st","Østfold","Spydeberg","Spydeberg","0123","RØDT","Rødt",1,0.56092,18,5
"2013","st","Østfold","Spydeberg","Spydeberg","0123","SP","Senterpartiet",1,8.50732,273,39
"2013","st","Østfold","Spydeberg","Spydeberg","0123","KRF","Kristelig Folkeparti",1,7.9464,255,69
"2013","st","Østfold","Spydeberg","Spydeberg","0123","V","Venstre",1,3.86413,124,22
"2013","st","Østfold","Spydeberg","Spydeberg","0123","H","Høyre",1,26.86195,862,191
"2013","st","Østfold","Spydeberg","Spydeberg","0123","FRP","Fremskrittspartiet",1,19.91275,639,130
"2013","st","Østfold","Spydeberg","Spydeberg","0123","DEMN","Demokratene i Norge",2,0.15581,5,0
"2013","st","Østfold","Spydeberg","Spydeberg","0123","KRISTNE","De Kristne",2,0.28046,9,2
"2013","st","Østfold","Spydeberg","Spydeberg","0123","KSP","Kristent Samlingsparti",2,0.03116,1,0
"2013","st","Østfold","Spydeberg","Spydeberg","0123","KYST","Kystpartiet",2,0,0,0
"2013","st","Østfold","Spydeberg","Spydeberg","0123","MDG","Miljøpartiet De Grønne",2,1.71393,55,9
"2013","st","Østfold","Spydeberg","Spydeberg","0123","PIR","Piratpartiet",2,0.21814,7,0
"2013","st","Østfold","Spydeberg","Spydeberg","0123","PP","Pensjonistpartiet",2,0.34279,11,6
"2013","st","Østfold","Spydeberg","Spydeberg","0123","BLANKE","Blanke",3,0.31162,10,3
"2013","st","Østfold","Spydeberg","Spydeberg","0123","Andre","Andre",0,2.74229,88,17
"2013","st","Østfold","Spydeberg","Spydeberg","0123","Andre2","Andre2",0,0,0,0
"2013","st","Østfold","Askim","Askim","0124","A","Arbeiderpartiet",1,32.87654,2687,769
"2013","st","Østfold","Askim","Askim","0124","SV","Sosialistisk Venstreparti",1,2.47155,202,49
"2013","st","Østfold","Askim","Askim","0124","RØDT","Rødt",1,0.66071,54,14
"2013","st","Østfold","Askim","Askim","0124","SP","Senterpartiet",1,3.05885,250,64
"2013","st","Østfold","Askim","Askim","0124","KRF","Kristelig Folkeparti",1,4.88193,399,124
"2013","st","Østfold","Askim","Askim","0124","V","Venstre",1,3.58497,293,75
"2013","st","Østfold","Askim","Askim","0124","H","Høyre",1,27.54191,2251,659
"2013","st","Østfold","Askim","Askim","0124","FRP","Fremskrittspartiet",1,21.6322,1768,565
"2013","st","Østfold","Askim","Askim","0124","DEMN","Demokratene i Norge",2,0.07341,6,2
"2013","st","Østfold","Askim","Askim","0124","KRISTNE","De Kristne",2,0.57506,47,24
"2013","st","Østfold","Askim","Askim","0124","KSP","Kristent Samlingsparti",2,0.06118,5,3
"2013","st","Østfold","Askim","Askim","0124","KYST","Kystpartiet",2,0.06118,5,4
"2013","st","Østfold","Askim","Askim","0124","MDG","Miljøpartiet De Grønne",2,1.68849,138,48
"2013","st","Østfold","Askim","Askim","0124","PIR","Piratpartiet",2,0.34259,28,7
"2013","st","Østfold","Askim","Askim","0124","PP","Pensjonistpartiet",2,0.48942,40,16
"2013","st","Østfold","Askim","Askim","0124","BLANKE","Blanke",3,0.84424,69,11
"2013","st","Østfold","Askim","Askim","0124","Andre","Andre",0,3.29133,269,104
"2013","st","Østfold","Askim","Askim","0124","Andre2","Andre2",0,0,0,0
"2013","st","Østfold","Eidsberg","Eidsberg","0125","A","Arbeiderpartiet",1,28.79731,1712,373
"2013","st","Østfold","Eidsberg","Eidsberg","0125","SV","Sosialistisk Venstreparti",1,1.76619,105,30
"2013","st","Østfold","Eidsberg","Eidsberg","0125","RØDT","Rødt",1,0.53827,32,8
"2013","st","Østfold","Eidsberg","Eidsberg","0125","SP","Senterpartiet",1,9.31876,554,109
"2013","st","Østfold","Eidsberg","Eidsberg","0125","KRF","Kristelig Folkeparti",1,6.50967,387,91
"2013","st","Østfold","Eidsberg","Eidsberg","0125","V","Venstre",1,3.8688,230,62
"2013","st","Østfold","Eidsberg","Eidsberg","0125","H","Høyre",1,26.05551,1549,379
"2013","st","Østfold","Eidsberg","Eidsberg","0125","FRP","Fremskrittspartiet",1,20.20185,1201,251
"2013","st","Østfold","Eidsberg","Eidsberg","0125","DEMN","Demokratene i Norge",2,0.0841,5,0
"2013","st","Østfold","Eidsberg","Eidsberg","0125","KRISTNE","De Kristne",2,0.7233,43,13
"2013","st","Østfold","Eidsberg","Eidsberg","0125","KSP","Kristent Samlingsparti",2,0.18503,11,4
"2013","st","Østfold","Eidsberg","Eidsberg","0125","KYST","Kystpartiet",2,0.10093,6,0
"2013","st","Østfold","Eidsberg","Eidsberg","0125","MDG","Miljøpartiet De Grønne",2,1.29521,77,27
"2013","st","Østfold","Eidsberg","Eidsberg","0125","PIR","Piratpartiet",2,0.23549,14,1
"2013","st","Østfold","Eidsberg","Eidsberg","0125","PP","Pensjonistpartiet",2,0.3196,19,9
"2013","st","Østfold","Eidsberg","Eidsberg","0125","BLANKE","Blanke",3,0.68966,41,12
"2013","st","Østfold","Eidsberg","Eidsberg","0125","Andre","Andre",0,2.94365,175,54
"2013","st","Østfold","Eidsberg","Eidsberg","0125","Andre2","Andre2",0,0,0,0
"2013","st","Østfold","Skiptvet","Skiptvet","0127","A","Arbeiderpartiet",1,29.86042,599,141
"2013","st","Østfold","Skiptvet","Skiptvet","0127","SV","Sosialistisk Venstreparti",1,1.79462,36,7
"2013","st","Østfold","Skiptvet","Skiptvet","0127","RØDT","Rødt",1,0.64806,13,7
"2013","st","Østfold","Skiptvet","Skiptvet","0127","SP","Senterpartiet",1,12.96112,260,46
"2013","st","Østfold","Skiptvet","Skiptvet","0127","KRF","Kristelig Folkeparti",1,8.42473,169,41
"2013","st","Østfold","Skiptvet","Skiptvet","0127","V","Venstre",1,1.74477,35,8
"2013","st","Østfold","Skiptvet","Skiptvet","0127","H","Høyre",1,20.78764,417,112
"2013","st","Østfold","Skiptvet","Skiptvet","0127","FRP","Fremskrittspartiet",1,21.8345,438,94
"2013","st","Østfold","Skiptvet","Skiptvet","0127","DEMN","Demokratene i Norge",2,0.04985,1,1
"2013","st","Østfold","Skiptvet","Skiptvet","0127","KRISTNE","De Kristne",2,0.69791,14,5
"2013","st","Østfold","Skiptvet","Skiptvet","0127","KSP","Kristent Samlingsparti",2,0.14955,3,1
"2013","st","Østfold","Skiptvet","Skiptvet","0127","KYST","Kystpartiet",2,0,0,0
"2013","st","Østfold","Skiptvet","Skiptvet","0127","MDG","Miljøpartiet De Grønne",2,0.84746,17,4
"2013","st","Østfold","Skiptvet","Skiptvet","0127","PIR","Piratpartiet",2,0.1994,4,1
"2013","st","Østfold","Skiptvet","Skiptvet","0127","PP","Pensjonistpartiet",2,0,0,0
"2013","st","Østfold","Skiptvet","Skiptvet","0127","BLANKE","Blanke",3,0.59821,12,1
"2013","st","Østfold","Skiptvet","Skiptvet","0127","Andre","Andre",0,1.94417,39,12
"2013","st","Østfold","Skiptvet","Skiptvet","0127","Andre2","Andre2",0,0,0,0
"2013","st","Østfold","Rakkestad","Rakkestad","0128","A","Arbeiderpartiet",1,28.92076,1230,187
"2013","st","Østfold","Rakkestad","Rakkestad","0128","SV","Sosialistisk Venstreparti",1,1.12862,48,9
"2013","st","Østfold","Rakkestad","Rakkestad","0128","RØDT","Rødt",1,0.49377,21,8
"2013","st","Østfold","Rakkestad","Rakkestad","0128","SP","Senterpartiet",1,16.24735,691,52
"2013","st","Østfold","Rakkestad","Rakkestad","0128","KRF","Kristelig Folkeparti",1,10.20456,434,56
"2013","st","Østfold","Rakkestad","Rakkestad","0128","V","Venstre",1,3.73854,159,19
"2013","st","Østfold","Rakkestad","Rakkestad","0128","H","Høyre",1,19.37456,824,153
"2013","st","Østfold","Rakkestad","Rakkestad","0128","FRP","Fremskrittspartiet",1,16.71761,711,103
"2013","st","Østfold","Rakkestad","Rakkestad","0128","DEMN","Demokratene i Norge",2,0.07054,3,0
"2013","st","Østfold","Rakkestad","Rakkestad","0128","KRISTNE","De Kristne",2,1.50482,64,13
"2013","st","Østfold","Rakkestad","Rakkestad","0128","KSP","Kristent Samlingsparti",2,0.04703,2,1
"2013","st","Østfold","Rakkestad","Rakkestad","0128","KYST","Kystpartiet",2,0,0,0
"2013","st","Østfold","Rakkestad","Rakkestad","0128","MDG","Miljøpartiet De Grønne",2,1.17564,50,16
"2013","st","Østfold","Rakkestad","Rakkestad","0128","PIR","Piratpartiet",2,0.09405,4,0
"2013","st","Østfold","Rakkestad","Rakkestad","0128","PP","Pensjonistpartiet",2,0.28215,12,2
"2013","st","Østfold","Rakkestad","Rakkestad","0128","BLANKE","Blanke",3,0.32918,14,1
"2013","st","Østfold","Rakkestad","Rakkestad","0128","Andre","Andre",0,3.17423,135,32
"2013","st","Østfold","Rakkestad","Rakkestad","0128","Andre2","Andre2",0,0,0,0
"2013","st","Østfold","Råde","Råde","0135","A","Arbeiderpartiet",1,26.29847,1119,185
"2013","st","Østfold","Råde","Råde","0135","SV","Sosialistisk Venstreparti",1,1.48061,63,11
"2013","st","Østfold","Råde","Råde","0135","RØDT","Rødt",1,0.37603,16,5
"2013","st","Østfold","Råde","Råde","0135","SP","Senterpartiet",1,6.698,285,32
"2013","st","Østfold","Råde","Råde","0135","KRF","Kristelig Folkeparti",1,8.93067,380,68
"2013","st","Østfold","Råde","Råde","0135","V","Venstre",1,3.68978,157,26
"2013","st","Østfold","Råde","Råde","0135","H","Høyre",1,27.59107,1174,194
"2013","st","Østfold","Råde","Råde","0135","FRP","Fremskrittspartiet",1,22.16216,943,159
"2013","st","Østfold","Råde","Råde","0135","DEMN","Demokratene i Norge",2,0.0235,1,0
"2013","st","Østfold","Råde","Råde","0135","KRISTNE","De Kristne",2,0.79906,34,10
"2013","st","Østfold","Råde","Råde","0135","KSP","Kristent Samlingsparti",2,0,0,0
"2013","st","Østfold","Råde","Råde","0135","KYST","Kystpartiet",2,0.047,2,0
"2013","st","Østfold","Råde","Råde","0135","MDG","Miljøpartiet De Grønne",2,1.41011,60,13
"2013","st","Østfold","Råde","Råde","0135","PIR","Piratpartiet",2,0.23502,10,0
"2013","st","Østfold","Råde","Råde","0135","PP","Pensjonistpartiet",2,0.25852,11,1
"2013","st","Østfold","Råde","Råde","0135","BLANKE","Blanke",3,0.54054,23,4
"2013","st","Østfold","Råde","Råde","0135","Andre","Andre",0,2.77321,118,24
"2013","st","Østfold","Råde","Råde","0135","Andre2","Andre2",0,0,0,0
"2013","st","Østfold","Rygge","Rygge","0136","A","Arbeiderpartiet",1,30.29065,2595,503
"2013","st","Østfold","Rygge","Rygge","0136","SV","Sosialistisk Venstreparti",1,3.01156,258,68
"2013","st","Østfold","Rygge","Rygge","0136","RØDT","Rødt",1,0.60698,52,18
"2013","st","Østfold","Rygge","Rygge","0136","SP","Senterpartiet",1,2.73141,234,44
"2013","st","Østfold","Rygge","Rygge","0136","KRF","Kristelig Folkeparti",1,4.23719,363,81
"2013","st","Østfold","Rygge","Rygge","0136","V","Venstre",1,3.96872,340,76
"2013","st","Østfold","Rygge","Rygge","0136","H","Høyre",1,31.5513,2703,660
"2013","st","Østfold","Rygge","Rygge","0136","FRP","Fremskrittspartiet",1,20.32217,1741,377
"2013","st","Østfold","Rygge","Rygge","0136","DEMN","Demokratene i Norge",2,0.05836,5,3
"2013","st","Østfold","Rygge","Rygge","0136","KRISTNE","De Kristne",2,0.16342,14,8
"2013","st","Østfold","Rygge","Rygge","0136","KSP","Kristent Samlingsparti",2,0.07004,6,0
"2013","st","Østfold","Rygge","Rygge","0136","KYST","Kystpartiet",2,0.07004,6,2
"2013","st","Østfold","Rygge","Rygge","0136","MDG","Miljøpartiet De Grønne",2,2.07774,178,49
"2013","st","Østfold","Rygge","Rygge","0136","PIR","Piratpartiet",2,0.22178,19,6
"2013","st","Østfold","Rygge","Rygge","0136","PP","Pensjonistpartiet",2,0.61865,53,12
"2013","st","Østfold","Rygge","Rygge","0136","BLANKE","Blanke",3,0.49025,42,4
"2013","st","Østfold","Rygge","Rygge","0136","Andre","Andre",0,3.28003,281,80
"2013","st","Østfold","Rygge","Rygge","0136","Andre2","Andre2",0,0,0,0
"2013","st","Østfold","Våler","Våler","0137","A","Arbeiderpartiet",1,24.5142,656,97
"2013","st","Østfold","Våler","Våler","0137","SV","Sosialistisk Venstreparti",1,1.71898,46,9
"2013","st","Østfold","Våler","Våler","0137","RØDT","Rødt",1,0.74738,20,6
"2013","st","Østfold","Våler","Våler","0137","SP","Senterpartiet",1,9.41704,252,15
"2013","st","Østfold","Våler","Våler","0137","KRF","Kristelig Folkeparti",1,6.39013,171,19
"2013","st","Østfold","Våler","Våler","0137","V","Venstre",1,2.76532,74,10
"2013","st","Østfold","Våler","Våler","0137","H","Høyre",1,26.56951,711,93
"2013","st","Østfold","Våler","Våler","0137","FRP","Fremskrittspartiet",1,24.81315,664,97
"2013","st","Østfold","Våler","Våler","0137","DEMN","Demokratene i Norge",2,0,0,0
"2013","st","Østfold","Våler","Våler","0137","KRISTNE","De Kristne",2,0.89686,24,5
"2013","st","Østfold","Våler","Våler","0137","KSP","Kristent Samlingsparti",2,0.11211,3,1
"2013","st","Østfold","Våler","Våler","0137","KYST","Kystpartiet",2,0.03737,1,0
"2013","st","Østfold","Våler","Våler","0137","MDG","Miljøpartiet De Grønne",2,1.56951,42,9
"2013","st","Østfold","Våler","Våler","0137","PIR","Piratpartiet",2,0.22422,6,0
"2013","st","Østfold","Våler","Våler","0137","PP","Pensjonistpartiet",2,0.22422,6,1
"2013","st","Østfold","Våler","Våler","0137","BLANKE","Blanke",3,0.44843,12,0
"2013","st","Østfold","Våler","Våler","0137","Andre","Andre",0,3.06428,82,16
"2013","st","Østfold","Våler","Våler","0137","Andre2","Andre2",0,0,0,0
"2013","st","Østfold","Hobøl","Hobøl","0138","A","Arbeiderpartiet",1,26.17875,744,121
"2013","st","Østfold","Hobøl","Hobøl","0138","SV","Sosialistisk Venstreparti",1,2.14638,61,6
"2013","st","Østfold","Hobøl","Hobøl","0138","RØDT","Rødt",1,0.5278,15,3
"2013","st","Østfold","Hobøl","Hobøl","0138","SP","Senterpartiet",1,6.61506,188,30
"2013","st","Østfold","Hobøl","Hobøl","0138","KRF","Kristelig Folkeparti",1,6.43913,183,40
"2013","st","Østfold","Hobøl","Hobøl","0138","V","Venstre",1,4.50387,128,19
"2013","st","Østfold","Hobøl","Hobøl","0138","H","Høyre",1,23.22308,660,135
"2013","st","Østfold","Hobøl","Hobøl","0138","FRP","Fremskrittspartiet",1,26.60099,756,101
"2013","st","Østfold","Hobøl","Hobøl","0138","DEMN","Demokratene i Norge",2,0,0,0
"2013","st","Østfold","Hobøl","Hobøl","0138","KRISTNE","De Kristne",2,0.70373,20,4
"2013","st","Østfold","Hobøl","Hobøl","0138","KSP","Kristent Samlingsparti",2,0.03519,1,0
"2013","st","Østfold","Hobøl","Hobøl","0138","KYST","Kystpartiet",2,0,0,0
"2013","st","Østfold","Hobøl","Hobøl","0138","MDG","Miljøpartiet De Grønne",2,2.56861,73,16
"2013","st","Østfold","Hobøl","Hobøl","0138","PIR","Piratpartiet",2,0.21112,6,1
"2013","st","Østfold","Hobøl","Hobøl","0138","PP","Pensjonistpartiet",2,0.24631,7,1
"2013","st","Østfold","Hobøl","Hobøl","0138","BLANKE","Blanke",3,0.35186,10,1
"2013","st","Østfold","Hobøl","Hobøl","0138","Andre","Andre",0,3.76495,107,22
"2013","st","Østfold","Hobøl","Hobøl","0138","Andre2","Andre2",0,0,0,0
"2013","st","Akershus","Vestby","Vestby","0211","A","Arbeiderpartiet",1,28.27284,2516,541
"2013","st","Akershus","Vestby","Vestby","0211","SV","Sosialistisk Venstreparti",1,4.57355,407,81
"2013","st","Akershus","Vestby","Vestby","0211","RØDT","Rødt",1,0.79784,71,19
"2013","st","Akershus","Vestby","Vestby","0211","SP","Senterpartiet",1,3.2925,293,61
"2013","st","Akershus","Vestby","Vestby","0211","KRF","Kristelig Folkeparti",1,3.12395,278,60
"2013","st","Akershus","Vestby","Vestby","0211","V","Venstre",1,4.95561,441,89
"2013","st","Akershus","Vestby","Vestby","0211","H","Høyre",1,31.76761,2827,637
"2013","st","Akershus","Vestby","Vestby","0211","FRP","Fremskrittspartiet",1,18.06945,1608,367
"2013","st","Akershus","Vestby","Vestby","0211","DEMN","Demokratene i Norge",2,0.04495,4,0
"2013","st","Akershus","Vestby","Vestby","0211","DLF","Det Liberale Folkepartiet",2,0.13485,12,4
"2013","st","Akershus","Vestby","Vestby","0211","KRISTNE","De Kristne",2,0.34835,31,14
"2013","st","Akershus","Vestby","Vestby","0211","KSP","Kristent Samlingsparti",2,0,0,0
"2013","st","Akershus","Vestby","Vestby","0211","KYST","Kystpartiet",2,0.12361,11,2
"2013","st","Akershus","Vestby","Vestby","0211","MDG","Miljøpartiet De Grønne",2,3.69704,329,86
"2013","st","Akershus","Vestby","Vestby","0211","PIR","Piratpartiet",2,0.40454,36,11
"2013","st","Akershus","Vestby","Vestby","0211","PP","Pensjonistpartiet",2,0.31464,28,8
"2013","st","Akershus","Vestby","Vestby","0211","SFP","Samfunnspartiet",2,0.07866,7,0
"2013","st","Akershus","Vestby","Vestby","0211","BLANKE","Blanke",3,0.40454,36,6
"2013","st","Akershus","Vestby","Vestby","0211","Andre","Andre",0,5.14665,458,125
"2013","st","Akershus","Vestby","Vestby","0211","Andre2","Andre2",0,0,0,0
"2013","st","Akershus","Ski","Ski","0213","A","Arbeiderpartiet",1,30.14428,5098,1117
"2013","st","Akershus","Ski","Ski","0213","SV","Sosialistisk Venstreparti",1,4.2869,725,146
"2013","st","Akershus","Ski","Ski","0213","RØDT","Rødt",1,0.89286,151,51
"2013","st","Akershus","Ski","Ski","0213","SP","Senterpartiet",1,2.0518,347,62
"2013","st","Akershus","Ski","Ski","0213","KRF","Kristelig Folkeparti",1,3.6956,625,160
"2013","st","Akershus","Ski","Ski","0213","V","Venstre",1,5.76514,975,202
"2013","st","Akershus","Ski","Ski","0213","H","Høyre",1,32.39711,5479,1257
"2013","st","Akershus","Ski","Ski","0213","FRP","Fremskrittspartiet",1,16.38482,2771,644
"2013","st","Akershus","Ski","Ski","0213","DEMN","Demokratene i Norge",2,0.05913,10,5
"2013","st","Akershus","Ski","Ski","0213","DLF","Det Liberale Folkepartiet",2,0.01774,3,1
"2013","st","Akershus","Ski","Ski","0213","KRISTNE","De Kristne",2,0.22469,38,10
"2013","st","Akershus","Ski","Ski","0213","KSP","Kristent Samlingsparti",2,0.0473,8,0
"2013","st","Akershus","Ski","Ski","0213","KYST","Kystpartiet",2,0.02956,5,0
"2013","st","Akershus","Ski","Ski","0213","MDG","Miljøpartiet De Grønne",2,2.87961,487,118
"2013","st","Akershus","Ski","Ski","0213","PIR","Piratpartiet",2,0.3666,62,15
"2013","st","Akershus","Ski","Ski","0213","PP","Pensjonistpartiet",2,0.72138,122,34
"2013","st","Akershus","Ski","Ski","0213","SFP","Samfunnspartiet",2,0.03548,6,2
"2013","st","Akershus","Ski","Ski","0213","BLANKE","Blanke",3,0.3193,54,11
"2013","st","Akershus","Ski","Ski","0213","Andre","Andre",0,4.3815,741,185
"2013","st","Akershus","Ski","Ski","0213","Andre2","Andre2",0,0,0,0
"2013","st","Akershus","Ås","Ås","0214","A","Arbeiderpartiet",1,27.44935,2642,588
"2013","st","Akershus","Ås","Ås","0214","SV","Sosialistisk Venstreparti",1,6.05714,583,154
"2013","st","Akershus","Ås","Ås","0214","RØDT","Rødt",1,1.02857,99,32
"2013","st","Akershus","Ås","Ås","0214","SP","Senterpartiet",1,6.56623,632,155
"2013","st","Akershus","Ås","Ås","0214","KRF","Kristelig Folkeparti",1,3.8026,366,110
"2013","st","Akershus","Ås","Ås","0214","V","Venstre",1,7.01299,675,156
"2013","st","Akershus","Ås","Ås","0214","H","Høyre",1,26.5974,2560,598
"2013","st","Akershus","Ås","Ås","0214","FRP","Fremskrittspartiet",1,15.35584,1478,283
"2013","st","Akershus","Ås","Ås","0214","DEMN","Demokratene i Norge",2,0.04156,4,2
"2013","st","Akershus","Ås","Ås","0214","DLF","Det Liberale Folkepartiet",2,0.06234,6,1
"2013","st","Akershus","Ås","Ås","0214","KRISTNE","De Kristne",2,0.32208,31,12
"2013","st","Akershus","Ås","Ås","0214","KSP","Kristent Samlingsparti",2,0.03117,3,0
"2013","st","Akershus","Ås","Ås","0214","KYST","Kystpartiet",2,0.04156,4,1
"2013","st","Akershus","Ås","Ås","0214","MDG","Miljøpartiet De Grønne",2,4.93506,475,176
"2013","st","Akershus","Ås","Ås","0214","PIR","Piratpartiet",2,0.35325,34,9
"2013","st","Akershus","Ås","Ås","0214","PP","Pensjonistpartiet",2,0.29091,28,10
"2013","st","Akershus","Ås","Ås","0214","SFP","Samfunnspartiet",2,0.05195,5,3
"2013","st","Akershus","Ås","Ås","0214","BLANKE","Blanke",3,0.51948,50,17
"2013","st","Akershus","Ås","Ås","0214","Andre","Andre",0,6.12987,590,214
"2013","st","Akershus","Ås","Ås","0214","Andre2","Andre2",0,0,0,0
"2013","st","Akershus","Frogn","Frogn","0215","A","Arbeiderpartiet",1,24.4342,2332,763
"2013","st","Akershus","Frogn","Frogn","0215","SV","Sosialistisk Venstreparti",1,3.51006,335,101
"2013","st","Akershus","Frogn","Frogn","0215","RØDT","Rødt",1,0.71249,68,23
"2013","st","Akershus","Frogn","Frogn","0215","SP","Senterpartiet",1,2.43085,232,67
"2013","st","Akershus","Frogn","Frogn","0215","KRF","Kristelig Folkeparti",1,2.39941,229,77
"2013","st","Akershus","Frogn","Frogn","0215","V","Venstre",1,6.80008,649,171
"2013","st","Akershus","Frogn","Frogn","0215","H","Høyre",1,37.37427,3567,1226
"2013","st","Akershus","Frogn","Frogn","0215","FRP","Fremskrittspartiet",1,17.11023,1633,557
"2013","st","Akershus","Frogn","Frogn","0215","DEMN","Demokratene i Norge",2,0.05239,5,2
"2013","st","Akershus","Frogn","Frogn","0215","DLF","Det Liberale Folkepartiet",2,0.04191,4,1
"2013","st","Akershus","Frogn","Frogn","0215","KRISTNE","De Kristne",2,0.22003,21,12
"2013","st","Akershus","Frogn","Frogn","0215","KSP","Kristent Samlingsparti",2,0.07334,7,6
"2013","st","Akershus","Frogn","Frogn","0215","KYST","Kystpartiet",2,0.04191,4,2
"2013","st","Akershus","Frogn","Frogn","0215","MDG","Miljøpartiet De Grønne",2,3.43671,328,113
"2013","st","Akershus","Frogn","Frogn","0215","PIR","Piratpartiet",2,0.30386,29,7
"2013","st","Akershus","Frogn","Frogn","0215","PP","Pensjonistpartiet",2,1.0373,99,52
"2013","st","Akershus","Frogn","Frogn","0215","SFP","Samfunnspartiet",2,0.02096,2,0
"2013","st","Akershus","Frogn","Frogn","0215","BLANKE","Blanke",3,0.3772,36,10
"2013","st","Akershus","Frogn","Frogn","0215","Andre","Andre",0,5.22842,499,195
"2013","st","Akershus","Frogn","Frogn","0215","Andre2","Andre2",0,0,0,0
"2013","st","Akershus","Nesodden","Nesodden","0216","A","Arbeiderpartiet",1,26.12399,2760,965
"2013","st","Akershus","Nesodden","Nesodden","0216","SV","Sosialistisk Venstreparti",1,9.31377,984,355
"2013","st","Akershus","Nesodden","Nesodden","0216","RØDT","Rødt",1,2.22433,235,104
"2013","st","Akershus","Nesodden","Nesodden","0216","SP","Senterpartiet",1,1.1169,118,33
"2013","st","Akershus","Nesodden","Nesodden","0216","KRF","Kristelig Folkeparti",1,3.66304,387,142
"2013","st","Akershus","Nesodden","Nesodden","0216","V","Venstre",1,7.60057,803,286
"2013","st","Akershus","Nesodden","Nesodden","0216","H","Høyre",1,26.7487,2826,1071
"2013","st","Akershus","Nesodden","Nesodden","0216","FRP","Fremskrittspartiet",1,11.9735,1265,460
"2013","st","Akershus","Nesodden","Nesodden","0216","DEMN","Demokratene i Norge",2,0.10412,11,5
"2013","st","Akershus","Nesodden","Nesodden","0216","DLF","Det Liberale Folkepartiet",2,0.03786,4,2
"2013","st","Akershus","Nesodden","Nesodden","0216","KRISTNE","De Kristne",2,0.20823,22,7
"2013","st","Akershus","Nesodden","Nesodden","0216","KSP","Kristent Samlingsparti",2,0.0284,3,2
"2013","st","Akershus","Nesodden","Nesodden","0216","KYST","Kystpartiet",2,0.0284,3,1
"2013","st","Akershus","Nesodden","Nesodden","0216","MDG","Miljøpartiet De Grønne",2,10.22243,1080,440
"2013","st","Akershus","Nesodden","Nesodden","0216","PIR","Piratpartiet",2,0.33128,35,12
"2013","st","Akershus","Nesodden","Nesodden","0216","PP","Pensjonistpartiet",2,0.25556,27,12
"2013","st","Akershus","Nesodden","Nesodden","0216","SFP","Samfunnspartiet",2,0.01893,2,1
"2013","st","Akershus","Nesodden","Nesodden","0216","BLANKE","Blanke",3,0.38807,41,10
"2013","st","Akershus","Nesodden","Nesodden","0216","Andre","Andre",0,11.23521,1187,482
"2013","st","Akershus","Nesodden","Nesodden","0216","Andre2","Andre2",0,0,0,0
"2013","st","Akershus","Oppegård","Oppegård","0217","A","Arbeiderpartiet",1,25.33874,4058,948
"2013","st","Akershus","Oppegård","Oppegård","0217","SV","Sosialistisk Venstreparti",1,4.09616,656,166
"2013","st","Akershus","Oppegård","Oppegård","0217","RØDT","Rødt",1,0.58695,94,21
"2013","st","Akershus","Oppegård","Oppegård","0217","SP","Senterpartiet",1,0.83047,133,35
"2013","st","Akershus","Oppegård","Oppegård","0217","KRF","Kristelig Folkeparti",1,3.97752,637,141
"2013","st","Akershus","Oppegård","Oppegård","0217","V","Venstre",1,7.47424,1197,255
"2013","st","Akershus","Oppegård","Oppegård","0217","H","Høyre",1,38.96972,6241,1542
"2013","st","Akershus","Oppegård","Oppegård","0217","FRP","Fremskrittspartiet",1,14.44271,2313,633
"2013","st","Akershus","Oppegård","Oppegård","0217","DEMN","Demokratene i Norge",2,0.00624,1,0
"2013","st","Akershus","Oppegård","Oppegård","0217","DLF","Det Liberale Folkepartiet",2,0.16859,27,6
"2013","st","Akershus","Oppegård","Oppegård","0217","KRISTNE","De Kristne",2,0.18732,30,10
"2013","st","Akershus","Oppegård","Oppegård","0217","KSP","Kristent Samlingsparti",2,0.07493,12,6
"2013","st","Akershus","Oppegård","Oppegård","0217","KYST","Kystpartiet",2,0.06244,10,1
"2013","st","Akershus","Oppegård","Oppegård","0217","MDG","Miljøpartiet De Grønne",2,3.15329,505,116
"2013","st","Akershus","Oppegård","Oppegård","0217","PIR","Piratpartiet",2,0.34343,55,20
"2013","st","Akershus","Oppegård","Oppegård","0217","PP","Pensjonistpartiet",2,0.2685,43,17
"2013","st","Akershus","Oppegård","Oppegård","0217","SFP","Samfunnspartiet",2,0.01873,3,0
"2013","st","Akershus","Oppegård","Oppegård","0217","BLANKE","Blanke",3,0.34343,55,15
"2013","st","Akershus","Oppegård","Oppegård","0217","Andre","Andre",0,4.28348,686,176
"2013","st","Akershus","Oppegård","Oppegård","0217","Andre2","Andre2",0,0,0,0
"2013","st","Akershus","Bærum","Bærum","0219","A","Arbeiderpartiet",1,20.31494,13662,4040
"2013","st","Akershus","Bærum","Bærum","0219","SV","Sosialistisk Venstreparti",1,3.28768,2211,692
"2013","st","Akershus","Bærum","Bærum","0219","RØDT","Rødt",1,0.61709,415,179
"2013","st","Akershus","Bærum","Bærum","0219","SP","Senterpartiet",1,0.75389,507,148
"2013","st","Akershus","Bærum","Bærum","0219","KRF","Kristelig Folkeparti",1,2.61855,1761,516
"2013","st","Akershus","Bærum","Bærum","0219","V","Venstre",1,9.33666,6279,1729
"2013","st","Akershus","Bærum","Bærum","0219","H","Høyre",1,45.88928,30861,10180
"2013","st","Akershus","Bærum","Bærum","0219","FRP","Fremskrittspartiet",1,12.52026,8420,2891
"2013","st","Akershus","Bærum","Bærum","0219","DEMN","Demokratene i Norge",2,0.02379,16,3
"2013","st","Akershus","Bærum","Bærum","0219","DLF","Det Liberale Folkepartiet",2,0.05799,39,22
"2013","st","Akershus","Bærum","Bærum","0219","KRISTNE","De Kristne",2,0.17546,118,40
"2013","st","Akershus","Bærum","Bærum","0219","KSP","Kristent Samlingsparti",2,0.03123,21,6
"2013","st","Akershus","Bærum","Bærum","0219","KYST","Kystpartiet",2,0.02082,14,2
"2013","st","Akershus","Bærum","Bærum","0219","MDG","Miljøpartiet De Grønne",2,3.51222,2362,768
"2013","st","Akershus","Bærum","Bærum","0219","PIR","Piratpartiet",2,0.3197,215,66
"2013","st","Akershus","Bærum","Bærum","0219","PP","Pensjonistpartiet",2,0.50259,338,126
"2013","st","Akershus","Bærum","Bærum","0219","SFP","Samfunnspartiet",2,0.01784,12,4
"2013","st","Akershus","Bærum","Bærum","0219","BLANKE","Blanke",3,0.2855,192,71
"2013","st","Akershus","Bærum","Bærum","0219","Andre","Andre",0,4.66164,3135,1037
"2013","st","Akershus","Bærum","Bærum","0219","Andre2","Andre2",0,0,0,0
"2013","st","Akershus","Asker","Asker","0220","A","Arbeiderpartiet",1,20.98567,6911,2058
"2013","st","Akershus","Asker","Asker","0220","SV","Sosialistisk Venstreparti",1,3.68335,1213,351
"2013","st","Akershus","Asker","Asker","0220","RØDT","Rødt",1,0.59517,196,66
"2013","st","Akershus","Asker","Asker","0220","SP","Senterpartiet",1,0.95044,313,94
"2013","st","Akershus","Asker","Asker","0220","KRF","Kristelig Folkeparti",1,3.05478,1006,270
"2013","st","Akershus","Asker","Asker","0220","V","Venstre",1,8.94874,2947,778
"2013","st","Akershus","Asker","Asker","0220","H","Høyre",1,43.02502,14169,4832
"2013","st","Akershus","Asker","Asker","0220","FRP","Fremskrittspartiet",1,13.81028,4548,1624
"2013","st","Akershus","Asker","Asker","0220","DEMN","Demokratene i Norge",2,0.01215,4,3
"2013","st","Akershus","Asker","Asker","0220","DLF","Det Liberale Folkepartiet",2,0.03644,12,6
"2013","st","Akershus","Asker","Asker","0220","KRISTNE","De Kristne",2,0.16094,53,18
"2013","st","Akershus","Asker","Asker","0220","KSP","Kristent Samlingsparti",2,0.04251,14,5
"2013","st","Akershus","Asker","Asker","0220","KYST","Kystpartiet",2,0.03948,13,4
"2013","st","Akershus","Asker","Asker","0220","MDG","Miljøpartiet De Grønne",2,3.66513,1207,371
"2013","st","Akershus","Asker","Asker","0220","PIR","Piratpartiet",2,0.35224,116,30
"2013","st","Akershus","Asker","Asker","0220","PP","Pensjonistpartiet",2,0.62857,207,105
"2013","st","Akershus","Asker","Asker","0220","SFP","Samfunnspartiet",2,0.00911,3,1
"2013","st","Akershus","Asker","Asker","0220","BLANKE","Blanke",3,0.3158,104,43
"2013","st","Akershus","Asker","Asker","0220","Andre","Andre",0,4.94656,1629,543
"2013","st","Akershus","Asker","Asker","0220","Andre2","Andre2",0,0,0,0
"2013","st","Akershus","Aurskog-Høland","Aurskog-Høland","0221","A","Arbeiderpartiet",1,38.56024,3396,564
"2013","st","Akershus","Aurskog-Høland","Aurskog-Høland","0221","SV","Sosialistisk Venstreparti",1,1.98706,175,37
"2013","st","Akershus","Aurskog-Høland","Aurskog-Høland","0221","RØDT","Rødt",1,0.47689,42,15
"2013","st","Akershus","Aurskog-Høland","Aurskog-Høland","0221","SP","Senterpartiet",1,8.49324,748,97
"2013","st","Akershus","Aurskog-Høland","Aurskog-Høland","0221","KRF","Kristelig Folkeparti",1,5.13228,452,102
"2013","st","Akershus","Aurskog-Høland","Aurskog-Høland","0221","V","Venstre",1,2.33905,206,34
"2013","st","Akershus","Aurskog-Høland","Aurskog-Høland","0221","H","Høyre",1,18.64426,1642,257
"2013","st","Akershus","Aurskog-Høland","Aurskog-Høland","0221","FRP","Fremskrittspartiet",1,21.44885,1889,312
"2013","st","Akershus","Aurskog-Høland","Aurskog-Høland","0221","DEMN","Demokratene i Norge",2,0.01135,1,0
"2013","st","Akershus","Aurskog-Høland","Aurskog-Høland","0221","DLF","Det Liberale Folkepartiet",2,0.04542,4,1
"2013","st","Akershus","Aurskog-Høland","Aurskog-Høland","0221","KRISTNE","De Kristne",2,0.46554,41,12
"2013","st","Akershus","Aurskog-Høland","Aurskog-Høland","0221","KSP","Kristent Samlingsparti",2,0.10219,9,1
"2013","st","Akershus","Aurskog-Høland","Aurskog-Høland","0221","KYST","Kystpartiet",2,0.06813,6,2
"2013","st","Akershus","Aurskog-Høland","Aurskog-Høland","0221","MDG","Miljøpartiet De Grønne",2,1.601,141,35
"2013","st","Akershus","Aurskog-Høland","Aurskog-Høland","0221","PIR","Piratpartiet",2,0.2498,22,10
"2013","st","Akershus","Aurskog-Høland","Aurskog-Høland","0221","PP","Pensjonistpartiet",2,0.29522,26,6
"2013","st","Akershus","Aurskog-Høland","Aurskog-Høland","0221","SFP","Samfunnspartiet",2,0.07948,7,1
"2013","st","Akershus","Aurskog-Høland","Aurskog-Høland","0221","BLANKE","Blanke",3,0.59044,52,17
"2013","st","Akershus","Aurskog-Høland","Aurskog-Høland","0221","Andre","Andre",0,2.91813,257,68
"2013","st","Akershus","Aurskog-Høland","Aurskog-Høland","0221","Andre2","Andre2",0,0,0,0
"2013","st","Akershus","Sørum","Sørum","0226","A","Arbeiderpartiet",1,34.18673,3138,580
"2013","st","Akershus","Sørum","Sørum","0226","SV","Sosialistisk Venstreparti",1,3.1267,287,44
"2013","st","Akershus","Sørum","Sørum","0226","RØDT","Rødt",1,0.46846,43,9
"2013","st","Akershus","Sørum","Sørum","0226","SP","Senterpartiet",1,6.6565,611,79
"2013","st","Akershus","Sørum","Sørum","0226","KRF","Kristelig Folkeparti",1,4.28151,393,63
"2013","st","Akershus","Sørum","Sørum","0226","V","Venstre",1,4.22704,388,57
"2013","st","Akershus","Sørum","Sørum","0226","H","Høyre",1,26.48437,2431,463
"2013","st","Akershus","Sørum","Sørum","0226","FRP","Fremskrittspartiet",1,17.56183,1612,274
"2013","st","Akershus","Sørum","Sørum","0226","DEMN","Demokratene i Norge",2,0.01089,1,0
"2013","st","Akershus","Sørum","Sørum","0226","DLF","Det Liberale Folkepartiet",2,0.05447,5,2
"2013","st","Akershus","Sørum","Sørum","0226","KRISTNE","De Kristne",2,0.31594,29,7
"2013","st","Akershus","Sørum","Sørum","0226","KSP","Kristent Samlingsparti",2,0.10894,10,2
"2013","st","Akershus","Sørum","Sørum","0226","KYST","Kystpartiet",2,0.01089,1,0
"2013","st","Akershus","Sørum","Sørum","0226","MDG","Miljøpartiet De Grønne",2,2.03726,187,39
"2013","st","Akershus","Sørum","Sørum","0226","PIR","Piratpartiet",2,0.20699,19,2
"2013","st","Akershus","Sørum","Sørum","0226","PP","Pensjonistpartiet",2,0.25057,23,8
"2013","st","Akershus","Sørum","Sørum","0226","SFP","Samfunnspartiet",2,0.01089,1,0
"2013","st","Akershus","Sørum","Sørum","0226","BLANKE","Blanke",3,0.55562,51,11
"2013","st","Akershus","Sørum","Sørum","0226","Andre","Andre",0,3.00686,276,60
"2013","st","Akershus","Sørum","Sørum","0226","Andre2","Andre2",0,0,0,0
"2013","st","Akershus","Fet","Fet","0227","A","Arbeiderpartiet",1,34.72638,2202,430
"2013","st","Akershus","Fet","Fet","0227","SV","Sosialistisk Venstreparti",1,2.83867,180,25
"2013","st","Akershus","Fet","Fet","0227","RØDT","Rødt",1,0.61504,39,8
"2013","st","Akershus","Fet","Fet","0227","SP","Senterpartiet",1,4.63649,294,56
"2013","st","Akershus","Fet","Fet","0227","KRF","Kristelig Folkeparti",1,3.01214,191,39
"2013","st","Akershus","Fet","Fet","0227","V","Venstre",1,4.24223,269,53
"2013","st","Akershus","Fet","Fet","0227","H","Høyre",1,26.79388,1699,347
"2013","st","Akershus","Fet","Fet","0227","FRP","Fremskrittspartiet",1,19.58682,1242,253
"2013","st","Akershus","Fet","Fet","0227","DEMN","Demokratene i Norge",2,0,0,0
"2013","st","Akershus","Fet","Fet","0227","DLF","Det Liberale Folkepartiet",2,0.03154,2,0
"2013","st","Akershus","Fet","Fet","0227","KRISTNE","De Kristne",2,0.22079,14,4
"2013","st","Akershus","Fet","Fet","0227","KSP","Kristent Samlingsparti",2,0.01577,1,0
"2013","st","Akershus","Fet","Fet","0227","KYST","Kystpartiet",2,0,0,0
"2013","st","Akershus","Fet","Fet","0227","MDG","Miljøpartiet De Grønne",2,2.66519,169,32
"2013","st","Akershus","Fet","Fet","0227","PIR","Piratpartiet",2,0.33118,21,4
"2013","st","Akershus","Fet","Fet","0227","PP","Pensjonistpartiet",2,0.2681,17,7
"2013","st","Akershus","Fet","Fet","0227","SFP","Samfunnspartiet",2,0.01577,1,0
"2013","st","Akershus","Fet","Fet","0227","BLANKE","Blanke",3,0.28387,18,2
"2013","st","Akershus","Fet","Fet","0227","Andre","Andre",0,3.54834,225,47
"2013","st","Akershus","Fet","Fet","0227","Andre2","Andre2",0,0,0,0
"2013","st","Akershus","Rælingen","Rælingen","0228","A","Arbeiderpartiet",1,38.38106,3485,812
"2013","st","Akershus","Rælingen","Rælingen","0228","SV","Sosialistisk Venstreparti",1,2.8304,257,61
"2013","st","Akershus","Rælingen","Rælingen","0228","RØDT","Rødt",1,0.69383,63,17
"2013","st","Akershus","Rælingen","Rælingen","0228","SP","Senterpartiet",1,1.56388,142,30
"2013","st","Akershus","Rælingen","Rælingen","0228","KRF","Kristelig Folkeparti",1,3.32599,302,78
"2013","st","Akershus","Rælingen","Rælingen","0228","V","Venstre",1,3.96476,360,67
"2013","st","Akershus","Rælingen","Rælingen","0228","H","Høyre",1,26.92731,2445,641
"2013","st","Akershus","Rælingen","Rælingen","0228","FRP","Fremskrittspartiet",1,18.85463,1712,445
"2013","st","Akershus","Rælingen","Rælingen","0228","DEMN","Demokratene i Norge",2,0.03304,3,1
"2013","st","Akershus","Rælingen","Rælingen","0228","DLF","Det Liberale Folkepartiet",2,0.09912,9,3
"2013","st","Akershus","Rælingen","Rælingen","0228","KRISTNE","De Kristne",2,0.42952,39,7
"2013","st","Akershus","Rælingen","Rælingen","0228","KSP","Kristent Samlingsparti",2,0.13216,12,2
"2013","st","Akershus","Rælingen","Rælingen","0228","KYST","Kystpartiet",2,0.08811,8,1
"2013","st","Akershus","Rælingen","Rælingen","0228","MDG","Miljøpartiet De Grønne",2,1.92731,175,53
"2013","st","Akershus","Rælingen","Rælingen","0228","PIR","Piratpartiet",2,0.34141,31,6
"2013","st","Akershus","Rælingen","Rælingen","0228","PP","Pensjonistpartiet",2,0.39648,36,12
"2013","st","Akershus","Rælingen","Rælingen","0228","SFP","Samfunnspartiet",2,0.01101,1,0
"2013","st","Akershus","Rælingen","Rælingen","0228","BLANKE","Blanke",3,0.4185,38,10
"2013","st","Akershus","Rælingen","Rælingen","0228","Andre","Andre",0,3.45815,314,85
"2013","st","Akershus","Rælingen","Rælingen","0228","Andre2","Andre2",0,0,0,0
"2013","st","Akershus","Enebakk","Enebakk","0229","A","Arbeiderpartiet",1,28.10276,1619,317
"2013","st","Akershus","Enebakk","Enebakk","0229","SV","Sosialistisk Venstreparti",1,2.67315,154,21
"2013","st","Akershus","Enebakk","Enebakk","0229","RØDT","Rødt",1,0.69432,40,7
"2013","st","Akershus","Enebakk","Enebakk","0229","SP","Senterpartiet",1,4.91234,283,57
"2013","st","Akershus","Enebakk","Enebakk","0229","KRF","Kristelig Folkeparti",1,4.82555,278,51
"2013","st","Akershus","Enebakk","Enebakk","0229","V","Venstre",1,3.66256,211,27
"2013","st","Akershus","Enebakk","Enebakk","0229","H","Høyre",1,25.42961,1465,227
"2013","st","Akershus","Enebakk","Enebakk","0229","FRP","Fremskrittspartiet",1,26.00243,1498,236
"2013","st","Akershus","Enebakk","Enebakk","0229","DEMN","Demokratene i Norge",2,0.05207,3,1
"2013","st","Akershus","Enebakk","Enebakk","0229","DLF","Det Liberale Folkepartiet",2,0.05207,3,1
"2013","st","Akershus","Enebakk","Enebakk","0229","KRISTNE","De Kristne",2,0.31245,18,3
"2013","st","Akershus","Enebakk","Enebakk","0229","KSP","Kristent Samlingsparti",2,0.03472,2,0
"2013","st","Akershus","Enebakk","Enebakk","0229","KYST","Kystpartiet",2,0.06943,4,1
"2013","st","Akershus","Enebakk","Enebakk","0229","MDG","Miljøpartiet De Grønne",2,2.27391,131,21
"2013","st","Akershus","Enebakk","Enebakk","0229","PIR","Piratpartiet",2,0.36452,21,4
"2013","st","Akershus","Enebakk","Enebakk","0229","PP","Pensjonistpartiet",2,0.50338,29,5
"2013","st","Akershus","Enebakk","Enebakk","0229","SFP","Samfunnspartiet",2,0.03472,2,0
"2013","st","Akershus","Enebakk","Enebakk","0229","BLANKE","Blanke",3,0.55546,32,5
"2013","st","Akershus","Enebakk","Enebakk","0229","Andre","Andre",0,3.69727,213,36
"2013","st","Akershus","Enebakk","Enebakk","0229","Andre2","Andre2",0,0,0,0
"2013","st","Akershus","Lørenskog","Lørenskog","0230","A","Arbeiderpartiet",1,35.30313,6679,1442
"2013","st","Akershus","Lørenskog","Lørenskog","0230","SV","Sosialistisk Venstreparti",1,3.11856,590,115
"2013","st","Akershus","Lørenskog","Lørenskog","0230","RØDT","Rødt",1,0.90914,172,45
"2013","st","Akershus","Lørenskog","Lørenskog","0230","SP","Senterpartiet",1,0.99371,188,41
"2013","st","Akershus","Lørenskog","Lørenskog","0230","KRF","Kristelig Folkeparti",1,3.19784,605,138
"2013","st","Akershus","Lørenskog","Lørenskog","0230","V","Venstre",1,4.76769,902,156
"2013","st","Akershus","Lørenskog","Lørenskog","0230","H","Høyre",1,30.13901,5702,1197
"2013","st","Akershus","Lørenskog","Lørenskog","0230","FRP","Fremskrittspartiet",1,18.29378,3461,814
"2013","st","Akershus","Lørenskog","Lørenskog","0230","DEMN","Demokratene i Norge",2,0.01586,3,1
"2013","st","Akershus","Lørenskog","Lørenskog","0230","DLF","Det Liberale Folkepartiet",2,0.04757,9,2
"2013","st","Akershus","Lørenskog","Lørenskog","0230","KRISTNE","De Kristne",2,0.22728,43,11
"2013","st","Akershus","Lørenskog","Lørenskog","0230","KSP","Kristent Samlingsparti",2,0.037,7,1
"2013","st","Akershus","Lørenskog","Lørenskog","0230","KYST","Kystpartiet",2,0.037,7,3
"2013","st","Akershus","Lørenskog","Lørenskog","0230","MDG","Miljøpartiet De Grønne",2,2.16185,409,114
"2013","st","Akershus","Lørenskog","Lørenskog","0230","PIR","Piratpartiet",2,0.35943,68,14
"2013","st","Akershus","Lørenskog","Lørenskog","0230","PP","Pensjonistpartiet",2,0.38057,72,27
"2013","st","Akershus","Lørenskog","Lørenskog","0230","SFP","Samfunnspartiet",2,0.01057,2,1
"2013","st","Akershus","Lørenskog","Lørenskog","0230","BLANKE","Blanke",3,0.407,77,11
"2013","st","Akershus","Lørenskog","Lørenskog","0230","Andre","Andre",0,3.27713,620,174
"2013","st","Akershus","Lørenskog","Lørenskog","0230","Andre2","Andre2",0,0,0,0
"2013","st","Akershus","Skedsmo","Skedsmo","0231","A","Arbeiderpartiet",1,36.04639,10009,2740
"2013","st","Akershus","Skedsmo","Skedsmo","0231","SV","Sosialistisk Venstreparti",1,3.0864,857,264
"2013","st","Akershus","Skedsmo","Skedsmo","0231","RØDT","Rødt",1,0.81031,225,78
"2013","st","Akershus","Skedsmo","Skedsmo","0231","SP","Senterpartiet",1,1.39014,386,99
"2013","st","Akershus","Skedsmo","Skedsmo","0231","KRF","Kristelig Folkeparti",1,2.85231,792,225
"2013","st","Akershus","Skedsmo","Skedsmo","0231","V","Venstre",1,4.27126,1186,283
"2013","st","Akershus","Skedsmo","Skedsmo","0231","H","Høyre",1,29.92761,8310,2329
"2013","st","Akershus","Skedsmo","Skedsmo","0231","FRP","Fremskrittspartiet",1,18.22307,5060,1501
"2013","st","Akershus","Skedsmo","Skedsmo","0231","DEMN","Demokratene i Norge",2,0.08283,23,3
"2013","st","Akershus","Skedsmo","Skedsmo","0231","DLF","Det Liberale Folkepartiet",2,0.06483,18,9
"2013","st","Akershus","Skedsmo","Skedsmo","0231","KRISTNE","De Kristne",2,0.19087,53,16
"2013","st","Akershus","Skedsmo","Skedsmo","0231","KSP","Kristent Samlingsparti",2,0.11164,31,2
"2013","st","Akershus","Skedsmo","Skedsmo","0231","KYST","Kystpartiet",2,0.09003,25,2
"2013","st","Akershus","Skedsmo","Skedsmo","0231","MDG","Miljøpartiet De Grønne",2,1.95556,543,190
"2013","st","Akershus","Skedsmo","Skedsmo","0231","PIR","Piratpartiet",2,0.40696,113,30
"2013","st","Akershus","Skedsmo","Skedsmo","0231","PP","Pensjonistpartiet",2,0.46458,129,66
"2013","st","Akershus","Skedsmo","Skedsmo","0231","SFP","Samfunnspartiet",2,0.02521,7,2
"2013","st","Akershus","Skedsmo","Skedsmo","0231","BLANKE","Blanke",3,0.33493,93,20
"2013","st","Akershus","Skedsmo","Skedsmo","0231","Andre","Andre",0,3.39252,942,320
"2013","st","Akershus","Skedsmo","Skedsmo","0231","Andre2","Andre2",0,0,0,0
"2013","st","Akershus","Nittedal","Nittedal","0233","A","Arbeiderpartiet",1,31.64757,4005,841
"2013","st","Akershus","Nittedal","Nittedal","0233","SV","Sosialistisk Venstreparti",1,3.83248,485,109
"2013","st","Akershus","Nittedal","Nittedal","0233","RØDT","Rødt",1,0.82181,104,23
"2013","st","Akershus","Nittedal","Nittedal","0233","SP","Senterpartiet",1,2.22837,282,59
"2013","st","Akershus","Nittedal","Nittedal","0233","KRF","Kristelig Folkeparti",1,2.83682,359,109
"2013","st","Akershus","Nittedal","Nittedal","0233","V","Venstre",1,5.4919,695,117
"2013","st","Akershus","Nittedal","Nittedal","0233","H","Høyre",1,30.42276,3850,843
"2013","st","Akershus","Nittedal","Nittedal","0233","FRP","Fremskrittspartiet",1,19.50217,2468,559
"2013","st","Akershus","Nittedal","Nittedal","0233","DEMN","Demokratene i Norge",2,0.03161,4,1
"2013","st","Akershus","Nittedal","Nittedal","0233","DLF","Det Liberale Folkepartiet",2,0.07112,9,3
"2013","st","Akershus","Nittedal","Nittedal","0233","KRISTNE","De Kristne",2,0.16594,21,7
"2013","st","Akershus","Nittedal","Nittedal","0233","KSP","Kristent Samlingsparti",2,0.04741,6,2
"2013","st","Akershus","Nittedal","Nittedal","0233","KYST","Kystpartiet",2,0.0079,1,0
"2013","st","Akershus","Nittedal","Nittedal","0233","MDG","Miljøpartiet De Grønne",2,2.26788,287,62
"2013","st","Akershus","Nittedal","Nittedal","0233","PIR","Piratpartiet",2,0.26867,34,6
"2013","st","Akershus","Nittedal","Nittedal","0233","PP","Pensjonistpartiet",2,0.33188,42,16
"2013","st","Akershus","Nittedal","Nittedal","0233","SFP","Samfunnspartiet",2,0.02371,3,0
"2013","st","Akershus","Nittedal","Nittedal","0233","BLANKE","Blanke",3,0.3872,49,11
"2013","st","Akershus","Nittedal","Nittedal","0233","Andre","Andre",0,3.21612,407,97
"2013","st","Akershus","Nittedal","Nittedal","0233","Andre2","Andre2",0,0,0,0
"2013","st","Akershus","Gjerdrum","Gjerdrum","0234","A","Arbeiderpartiet",1,31.19475,1094,215
"2013","st","Akershus","Gjerdrum","Gjerdrum","0234","SV","Sosialistisk Venstreparti",1,2.50927,88,32
"2013","st","Akershus","Gjerdrum","Gjerdrum","0234","RØDT","Rødt",1,0.57029,20,7
"2013","st","Akershus","Gjerdrum","Gjerdrum","0234","SP","Senterpartiet",1,6.55831,230,30
"2013","st","Akershus","Gjerdrum","Gjerdrum","0234","KRF","Kristelig Folkeparti",1,4.70488,165,37
"2013","st","Akershus","Gjerdrum","Gjerdrum","0234","V","Venstre",1,4.87596,171,35
"2013","st","Akershus","Gjerdrum","Gjerdrum","0234","H","Høyre",1,28.97063,1016,189
"2013","st","Akershus","Gjerdrum","Gjerdrum","0234","FRP","Fremskrittspartiet",1,17.47933,613,122
"2013","st","Akershus","Gjerdrum","Gjerdrum","0234","DEMN","Demokratene i Norge",2,0,0,0
"2013","st","Akershus","Gjerdrum","Gjerdrum","0234","DLF","Det Liberale Folkepartiet",2,0.08554,3,1
"2013","st","Akershus","Gjerdrum","Gjerdrum","0234","KRISTNE","De Kristne",2,0.37069,13,7
"2013","st","Akershus","Gjerdrum","Gjerdrum","0234","KSP","Kristent Samlingsparti",2,0.05703,2,1
"2013","st","Akershus","Gjerdrum","Gjerdrum","0234","KYST","Kystpartiet",2,0,0,0
"2013","st","Akershus","Gjerdrum","Gjerdrum","0234","MDG","Miljøpartiet De Grønne",2,2.08155,73,26
"2013","st","Akershus","Gjerdrum","Gjerdrum","0234","PIR","Piratpartiet",2,0.1996,7,1
"2013","st","Akershus","Gjerdrum","Gjerdrum","0234","PP","Pensjonistpartiet",2,0.34217,12,2
"2013","st","Akershus","Gjerdrum","Gjerdrum","0234","SFP","Samfunnspartiet",2,0,0,0
"2013","st","Akershus","Gjerdrum","Gjerdrum","0234","BLANKE","Blanke",3,0.3992,14,2
"2013","st","Akershus","Gjerdrum","Gjerdrum","0234","Andre","Andre",0,3.13658,110,38
"2013","st","Akershus","Gjerdrum","Gjerdrum","0234","Andre2","Andre2",0,0,0,0
"2013","st","Akershus","Ullensaker","Ullensaker","0235","A","Arbeiderpartiet",1,30.73734,5115,1134
"2013","st","Akershus","Ullensaker","Ullensaker","0235","SV","Sosialistisk Venstreparti",1,1.98305,330,87
"2013","st","Akershus","Ullensaker","Ullensaker","0235","RØDT","Rødt",1,0.61294,102,30
"2013","st","Akershus","Ullensaker","Ullensaker","0235","SP","Senterpartiet",1,3.76179,626,86
"2013","st","Akershus","Ullensaker","Ullensaker","0235","KRF","Kristelig Folkeparti",1,2.45778,409,81
"2013","st","Akershus","Ullensaker","Ullensaker","0235","V","Venstre",1,3.52743,587,119
"2013","st","Akershus","Ullensaker","Ullensaker","0235","H","Høyre",1,28.85043,4801,1068
"2013","st","Akershus","Ullensaker","Ullensaker","0235","FRP","Fremskrittspartiet",1,24.89033,4142,894
"2013","st","Akershus","Ullensaker","Ullensaker","0235","DEMN","Demokratene i Norge",2,0.04206,7,0
"2013","st","Akershus","Ullensaker","Ullensaker","0235","DLF","Det Liberale Folkepartiet",2,0.03005,5,1
"2013","st","Akershus","Ullensaker","Ullensaker","0235","KRISTNE","De Kristne",2,0.28844,48,10
"2013","st","Akershus","Ullensaker","Ullensaker","0235","KSP","Kristent Samlingsparti",2,0.10216,17,10
"2013","st","Akershus","Ullensaker","Ullensaker","0235","KYST","Kystpartiet",2,0.06009,10,2
"2013","st","Akershus","Ullensaker","Ullensaker","0235","MDG","Miljøpartiet De Grønne",2,1.70062,283,86
"2013","st","Akershus","Ullensaker","Ullensaker","0235","PIR","Piratpartiet",2,0.50478,84,13
"2013","st","Akershus","Ullensaker","Ullensaker","0235","PP","Pensjonistpartiet",2,0.42065,70,29
"2013","st","Akershus","Ullensaker","Ullensaker","0235","SFP","Samfunnspartiet",2,0.03005,5,3
"2013","st","Akershus","Ullensaker","Ullensaker","0235","BLANKE","Blanke",3,0.54684,91,19
"2013","st","Akershus","Ullensaker","Ullensaker","0235","Andre","Andre",0,3.1789,529,154
"2013","st","Akershus","Ullensaker","Ullensaker","0235","Andre2","Andre2",0,0,0,0
"2013","st","Akershus","Nes","Nes","0236","A","Arbeiderpartiet",1,35.96838,4004,878
"2013","st","Akershus","Nes","Nes","0236","SV","Sosialistisk Venstreparti",1,2.129,237,45
"2013","st","Akershus","Nes","Nes","0236","RØDT","Rødt",1,0.62882,70,17
"2013","st","Akershus","Nes","Nes","0236","SP","Senterpartiet",1,6.71038,747,125
"2013","st","Akershus","Nes","Nes","0236","KRF","Kristelig Folkeparti",1,3.2968,367,81
"2013","st","Akershus","Nes","Nes","0236","V","Venstre",1,4.02443,448,87
"2013","st","Akershus","Nes","Nes","0236","H","Høyre",1,22.48473,2503,502
"2013","st","Akershus","Nes","Nes","0236","FRP","Fremskrittspartiet",1,21.21811,2362,446
"2013","st","Akershus","Nes","Nes","0236","DEMN","Demokratene i Norge",2,0.04492,5,1
"2013","st","Akershus","Nes","Nes","0236","DLF","Det Liberale Folkepartiet",2,0.06288,7,0
"2013","st","Akershus","Nes","Nes","0236","KRISTNE","De Kristne",2,0.42221,47,16
"2013","st","Akershus","Nes","Nes","0236","KSP","Kristent Samlingsparti",2,0.01797,2,0
"2013","st","Akershus","Nes","Nes","0236","KYST","Kystpartiet",2,0.01797,2,0
"2013","st","Akershus","Nes","Nes","0236","MDG","Miljøpartiet De Grønne",2,2.09307,233,60
"2013","st","Akershus","Nes","Nes","0236","PIR","Piratpartiet",2,0.37729,42,9
"2013","st","Akershus","Nes","Nes","0236","PP","Pensjonistpartiet",2,0.4761,53,17
"2013","st","Akershus","Nes","Nes","0236","SFP","Samfunnspartiet",2,0.02695,3,0
"2013","st","Akershus","Nes","Nes","0236","BLANKE","Blanke",3,0.56594,63,9
"2013","st","Akershus","Nes","Nes","0236","Andre","Andre",0,3.53935,394,103
"2013","st","Akershus","Nes","Nes","0236","Andre2","Andre2",0,0,0,0
"2013","st","Akershus","Eidsvoll","Eidsvoll","0237","A","Arbeiderpartiet",1,34.34161,4178,744
"2013","st","Akershus","Eidsvoll","Eidsvoll","0237","SV","Sosialistisk Venstreparti",1,3.32073,404,95
"2013","st","Akershus","Eidsvoll","Eidsvoll","0237","RØDT","Rødt",1,0.67401,82,25
"2013","st","Akershus","Eidsvoll","Eidsvoll","0237","SP","Senterpartiet",1,4.24133,516,65
"2013","st","Akershus","Eidsvoll","Eidsvoll","0237","KRF","Kristelig Folkeparti",1,3.32895,405,78
"2013","st","Akershus","Eidsvoll","Eidsvoll","0237","V","Venstre",1,3.8961,474,81
"2013","st","Akershus","Eidsvoll","Eidsvoll","0237","H","Høyre",1,23.15469,2817,479
"2013","st","Akershus","Eidsvoll","Eidsvoll","0237","FRP","Fremskrittspartiet",1,23.05606,2805,453
"2013","st","Akershus","Eidsvoll","Eidsvoll","0237","DEMN","Demokratene i Norge",2,0.04932,6,3
"2013","st","Akershus","Eidsvoll","Eidsvoll","0237","DLF","Det Liberale Folkepartiet",2,0.05754,7,2
"2013","st","Akershus","Eidsvoll","Eidsvoll","0237","KRISTNE","De Kristne",2,0.39454,48,7
"2013","st","Akershus","Eidsvoll","Eidsvoll","0237","KSP","Kristent Samlingsparti",2,0.15617,19,2
"2013","st","Akershus","Eidsvoll","Eidsvoll","0237","KYST","Kystpartiet",2,0.13151,16,5
"2013","st","Akershus","Eidsvoll","Eidsvoll","0237","MDG","Miljøpartiet De Grønne",2,1.87408,228,72
"2013","st","Akershus","Eidsvoll","Eidsvoll","0237","PIR","Piratpartiet",2,0.35344,43,8
"2013","st","Akershus","Eidsvoll","Eidsvoll","0237","PP","Pensjonistpartiet",2,0.94526,115,24
"2013","st","Akershus","Eidsvoll","Eidsvoll","0237","SFP","Samfunnspartiet",2,0.02466,3,1
"2013","st","Akershus","Eidsvoll","Eidsvoll","0237","BLANKE","Blanke",3,0.61647,75,9
"2013","st","Akershus","Eidsvoll","Eidsvoll","0237","Andre","Andre",0,3.98652,485,124
"2013","st","Akershus","Eidsvoll","Eidsvoll","0237","Andre2","Andre2",0,0,0,0
"2013","st","Akershus","Nannestad","Nannestad","0238","A","Arbeiderpartiet",1,32.91328,1985,338
"2013","st","Akershus","Nannestad","Nannestad","0238","SV","Sosialistisk Venstreparti",1,1.90681,115,31
"2013","st","Akershus","Nannestad","Nannestad","0238","RØDT","Rødt",1,0.48085,29,9
"2013","st","Akershus","Nannestad","Nannestad","0238","SP","Senterpartiet",1,6.13497,370,81
"2013","st","Akershus","Nannestad","Nannestad","0238","KRF","Kristelig Folkeparti",1,3.97944,240,65
"2013","st","Akershus","Nannestad","Nannestad","0238","V","Venstre",1,3.83021,231,44
"2013","st","Akershus","Nannestad","Nannestad","0238","H","Høyre",1,23.51186,1418,278
"2013","st","Akershus","Nannestad","Nannestad","0238","FRP","Fremskrittspartiet",1,23.76057,1433,295
"2013","st","Akershus","Nannestad","Nannestad","0238","DEMN","Demokratene i Norge",2,0.04974,3,1
"2013","st","Akershus","Nannestad","Nannestad","0238","DLF","Det Liberale Folkepartiet",2,0.09949,6,0
"2013","st","Akershus","Nannestad","Nannestad","0238","KRISTNE","De Kristne",2,0.43111,26,7
"2013","st","Akershus","Nannestad","Nannestad","0238","KSP","Kristent Samlingsparti",2,0.11607,7,2
"2013","st","Akershus","Nannestad","Nannestad","0238","KYST","Kystpartiet",2,0.06632,4,2
"2013","st","Akershus","Nannestad","Nannestad","0238","MDG","Miljøpartiet De Grønne",2,1.89023,114,29
"2013","st","Akershus","Nannestad","Nannestad","0238","PIR","Piratpartiet",2,0.28188,17,1
"2013","st","Akershus","Nannestad","Nannestad","0238","PP","Pensjonistpartiet",2,0.51401,31,6
"2013","st","Akershus","Nannestad","Nannestad","0238","SFP","Samfunnspartiet",2,0.03316,2,0
"2013","st","Akershus","Nannestad","Nannestad","0238","BLANKE","Blanke",3,0.58033,35,7
"2013","st","Akershus","Nannestad","Nannestad","0238","Andre","Andre",0,3.48201,210,48
"2013","st","Akershus","Nannestad","Nannestad","0238","Andre2","Andre2",0,0,0,0
"2013","st","Akershus","Hurdal","Hurdal","0239","A","Arbeiderpartiet",1,31.31579,476,138
"2013","st","Akershus","Hurdal","Hurdal","0239","SV","Sosialistisk Venstreparti",1,2.10526,32,13
"2013","st","Akershus","Hurdal","Hurdal","0239","RØDT","Rødt",1,0.32895,5,2
"2013","st","Akershus","Hurdal","Hurdal","0239","SP","Senterpartiet",1,7.43421,113,18
"2013","st","Akershus","Hurdal","Hurdal","0239","KRF","Kristelig Folkeparti",1,8.55263,130,54
"2013","st","Akershus","Hurdal","Hurdal","0239","V","Venstre",1,8.09211,123,34
"2013","st","Akershus","Hurdal","Hurdal","0239","H","Høyre",1,15.19737,231,68
"2013","st","Akershus","Hurdal","Hurdal","0239","FRP","Fremskrittspartiet",1,21.38158,325,83
"2013","st","Akershus","Hurdal","Hurdal","0239","DEMN","Demokratene i Norge",2,0.06579,1,0
"2013","st","Akershus","Hurdal","Hurdal","0239","DLF","Det Liberale Folkepartiet",2,0.06579,1,0
"2013","st","Akershus","Hurdal","Hurdal","0239","KRISTNE","De Kristne",2,0.52632,8,2
"2013","st","Akershus","Hurdal","Hurdal","0239","KSP","Kristent Samlingsparti",2,0.26316,4,1
"2013","st","Akershus","Hurdal","Hurdal","0239","KYST","Kystpartiet",2,0.06579,1,0
"2013","st","Akershus","Hurdal","Hurdal","0239","MDG","Miljøpartiet De Grønne",2,3.81579,58,13
"2013","st","Akershus","Hurdal","Hurdal","0239","PIR","Piratpartiet",2,0.13158,2,1
"2013","st","Akershus","Hurdal","Hurdal","0239","PP","Pensjonistpartiet",2,0.65789,10,4
"2013","st","Akershus","Hurdal","Hurdal","0239","SFP","Samfunnspartiet",2,0,0,0
"2013","st","Akershus","Hurdal","Hurdal","0239","BLANKE","Blanke",3,0.72368,11,0
"2013","st","Akershus","Hurdal","Hurdal","0239","Andre","Andre",0,5.59211,85,21
"2013","st","Akershus","Hurdal","Hurdal","0239","Andre2","Andre2",0,0,0,0
"2013","st","Oslo","Oslo","Bydel 00","0","A","Arbeiderpartiet",1,28.66954,38656,38636
"2013","st","Oslo","Oslo","Bydel 00","0","SV","Sosialistisk Venstreparti",1,5.69742,7682,7682
"2013","st","Oslo","Oslo","Bydel 00","0","RØDT","Rødt",1,3.11719,4203,4203
"2013","st","Oslo","Oslo","Bydel 00","0","SP","Senterpartiet",1,0.88554,1194,1194
"2013","st","Oslo","Oslo","Bydel 00","0","KRF","Kristelig Folkeparti",1,2.93993,3964,3963
"2013","st","Oslo","Oslo","Bydel 00","0","V","Venstre",1,7.30682,9852,9851
"2013","st","Oslo","Oslo","Bydel 00","0","H","Høyre",1,31.69921,42741,42719
"2013","st","Oslo","Oslo","Bydel 00","0","FRP","Fremskrittspartiet",1,12.49249,16844,16839
"2013","st","Oslo","Oslo","Bydel 00","0","DEMN","Demokratene i Norge",2,0.10754,145,145
"2013","st","Oslo","Oslo","Bydel 00","0","DLF","Det Liberale Folkepartiet",2,0.09567,129,129
"2013","st","Oslo","Oslo","Bydel 00","0","KRISTNE","De Kristne",2,0.22027,297,296
"2013","st","Oslo","Oslo","Bydel 00","0","KSP","Kristent Samlingsparti",2,0.03041,41,41
"2013","st","Oslo","Oslo","Bydel 00","0","KYST","Kystpartiet",2,0.0445,60,60
"2013","st","Oslo","Oslo","Bydel 00","0","MDG","Miljøpartiet De Grønne",2,5.86281,7905,7903
"2013","st","Oslo","Oslo","Bydel 00","0","NKP","Norges Kommunistiske Parti",2,0.04672,63,63
"2013","st","Oslo","Oslo","Bydel 00","0","PIR","Piratpartiet",2,0.34339,463,463
"2013","st","Oslo","Oslo","Bydel 00","0","PP","Pensjonistpartiet",2,0.422,569,569
"2013","st","Oslo","Oslo","Bydel 00","0","SFP","Samfunnspartiet",2,0.01854,25,25
"2013","st","Oslo","Oslo","Bydel 00","0","BLANKE","Blanke",3,0.33597,453,453
"2013","st","Oslo","Oslo","Bydel 00","0","Andre","Andre",0,7.19186,9697,9694
"2013","st","Oslo","Oslo","Bydel 00","0","Andre2","Andre2",0,0,0,0
"2013","st","Oslo","Oslo","Gamle Oslo","1","A","Arbeiderpartiet",1,35.22455,5153,0
"2013","st","Oslo","Oslo","Gamle Oslo","1","SV","Sosialistisk Venstreparti",1,11.72329,1715,0
"2013","st","Oslo","Oslo","Gamle Oslo","1","RØDT","Rødt",1,7.45779,1091,0
"2013","st","Oslo","Oslo","Gamle Oslo","1","SP","Senterpartiet",1,0.89548,131,0
"2013","st","Oslo","Oslo","Gamle Oslo","1","KRF","Kristelig Folkeparti",1,1.78413,261,0
"2013","st","Oslo","Oslo","Gamle Oslo","1","V","Venstre",1,9.51535,1392,0
"2013","st","Oslo","Oslo","Gamle Oslo","1","H","Høyre",1,15.66751,2292,0
"2013","st","Oslo","Oslo","Gamle Oslo","1","FRP","Fremskrittspartiet",1,8.1482,1192,0
"2013","st","Oslo","Oslo","Gamle Oslo","1","DEMN","Demokratene i Norge",2,0.04101,6,0
"2013","st","Oslo","Oslo","Gamle Oslo","1","DLF","Det Liberale Folkepartiet",2,0.11621,17,0
"2013","st","Oslo","Oslo","Gamle Oslo","1","KRISTNE","De Kristne",2,0.12304,18,0
"2013","st","Oslo","Oslo","Gamle Oslo","1","KSP","Kristent Samlingsparti",2,0.00684,1,0
"2013","st","Oslo","Oslo","Gamle Oslo","1","KYST","Kystpartiet",2,0.05469,8,0
"2013","st","Oslo","Oslo","Gamle Oslo","1","MDG","Miljøpartiet De Grønne",2,8.40112,1229,0
"2013","st","Oslo","Oslo","Gamle Oslo","1","NKP","Norges Kommunistiske Parti",2,0.04101,6,0
"2013","st","Oslo","Oslo","Gamle Oslo","1","PIR","Piratpartiet",2,0.60838,89,0
"2013","st","Oslo","Oslo","Gamle Oslo","1","PP","Pensjonistpartiet",2,0.16406,24,0
"2013","st","Oslo","Oslo","Gamle Oslo","1","SFP","Samfunnspartiet",2,0.02734,4,0
"2013","st","Oslo","Oslo","Gamle Oslo","1","BLANKE","Blanke",3,0.45799,67,0
"2013","st","Oslo","Oslo","Gamle Oslo","1","Andre","Andre",0,9.5837,1402,0
"2013","st","Oslo","Oslo","Gamle Oslo","1","Andre2","Andre2",0,0,0,0
"2013","st","Oslo","Oslo","Grorud","10","A","Arbeiderpartiet",1,45.83577,3913,0
"2013","st","Oslo","Oslo","Grorud","10","SV","Sosialistisk Venstreparti",1,4.80262,410,0
"2013","st","Oslo","Oslo","Grorud","10","RØDT","Rødt",1,5.02518,429,0
"2013","st","Oslo","Oslo","Grorud","10","SP","Senterpartiet",1,0.80825,69,0
"2013","st","Oslo","Oslo","Grorud","10","KRF","Kristelig Folkeparti",1,2.12018,181,0
"2013","st","Oslo","Oslo","Grorud","10","V","Venstre",1,4.25208,363,0
"2013","st","Oslo","Oslo","Grorud","10","H","Høyre",1,16.98489,1450,0
"2013","st","Oslo","Oslo","Grorud","10","FRP","Fremskrittspartiet",1,15.79009,1348,0
"2013","st","Oslo","Oslo","Grorud","10","DEMN","Demokratene i Norge",2,0.02343,2,0
"2013","st","Oslo","Oslo","Grorud","10","DLF","Det Liberale Folkepartiet",2,0.07028,6,0
"2013","st","Oslo","Oslo","Grorud","10","KRISTNE","De Kristne",2,0.38655,33,0
"2013","st","Oslo","Oslo","Grorud","10","KSP","Kristent Samlingsparti",2,0.082,7,0
"2013","st","Oslo","Oslo","Grorud","10","KYST","Kystpartiet",2,0.082,7,0
"2013","st","Oslo","Oslo","Grorud","10","MDG","Miljøpartiet De Grønne",2,2.55359,218,0
"2013","st","Oslo","Oslo","Grorud","10","NKP","Norges Kommunistiske Parti",2,0.082,7,0
"2013","st","Oslo","Oslo","Grorud","10","PIR","Piratpartiet",2,0.40998,35,0
"2013","st","Oslo","Oslo","Grorud","10","PP","Pensjonistpartiet",2,0.65597,56,0
"2013","st","Oslo","Oslo","Grorud","10","SFP","Samfunnspartiet",2,0.03514,3,0
"2013","st","Oslo","Oslo","Grorud","10","BLANKE","Blanke",3,0.66768,57,0
"2013","st","Oslo","Oslo","Grorud","10","Andre","Andre",0,4.38093,374,0
"2013","st","Oslo","Oslo","Grorud","10","Andre2","Andre2",0,0,0,0
"2013","st","Oslo","Oslo","Stovner","11","A","Arbeiderpartiet",1,45.26166,4757,0
"2013","st","Oslo","Oslo","Stovner","11","SV","Sosialistisk Venstreparti",1,3.95814,416,0
"2013","st","Oslo","Oslo","Stovner","11","RØDT","Rødt",1,3.13035,329,0
"2013","st","Oslo","Oslo","Stovner","11","SP","Senterpartiet",1,0.5138,54,0
"2013","st","Oslo","Oslo","Stovner","11","KRF","Kristelig Folkeparti",1,2.51189,264,0
"2013","st","Oslo","Oslo","Stovner","11","V","Venstre",1,3.41579,359,0
"2013","st","Oslo","Oslo","Stovner","11","H","Høyre",1,20.35205,2139,0
"2013","st","Oslo","Oslo","Stovner","11","FRP","Fremskrittspartiet",1,17.4215,1831,0
"2013","st","Oslo","Oslo","Stovner","11","DEMN","Demokratene i Norge",2,0.08563,9,0
"2013","st","Oslo","Oslo","Stovner","11","DLF","Det Liberale Folkepartiet",2,0.05709,6,0
"2013","st","Oslo","Oslo","Stovner","11","KRISTNE","De Kristne",2,0.3901,41,0
"2013","st","Oslo","Oslo","Stovner","11","KSP","Kristent Samlingsparti",2,0.04757,5,0
"2013","st","Oslo","Oslo","Stovner","11","KYST","Kystpartiet",2,0.08563,9,0
"2013","st","Oslo","Oslo","Stovner","11","MDG","Miljøpartiet De Grønne",2,1.86489,196,0
"2013","st","Oslo","Oslo","Stovner","11","NKP","Norges Kommunistiske Parti",2,0.05709,6,0
"2013","st","Oslo","Oslo","Stovner","11","PIR","Piratpartiet",2,0.33302,35,0
"2013","st","Oslo","Oslo","Stovner","11","PP","Pensjonistpartiet",2,0.49477,52,0
"2013","st","Oslo","Oslo","Stovner","11","SFP","Samfunnspartiet",2,0.01903,2,0
"2013","st","Oslo","Oslo","Stovner","11","BLANKE","Blanke",3,0.28544,30,0
"2013","st","Oslo","Oslo","Stovner","11","Andre","Andre",0,3.43482,361,0
"2013","st","Oslo","Oslo","Stovner","11","Andre2","Andre2",0,0,0,0
"2013","st","Oslo","Oslo","Alna","12","A","Arbeiderpartiet",1,46.88705,6567,0
"2013","st","Oslo","Oslo","Alna","12","SV","Sosialistisk Venstreparti",1,5.56904,780,0
"2013","st","Oslo","Oslo","Alna","12","RØDT","Rødt",1,2.7274,382,0
"2013","st","Oslo","Oslo","Alna","12","SP","Senterpartiet",1,0.79966,112,0
"2013","st","Oslo","Oslo","Alna","12","KRF","Kristelig Folkeparti",1,2.49179,349,0
"2013","st","Oslo","Oslo","Alna","12","V","Venstre",1,4.36242,611,0
"2013","st","Oslo","Oslo","Alna","12","H","Høyre",1,18.98472,2659,0
"2013","st","Oslo","Oslo","Alna","12","FRP","Fremskrittspartiet",1,13.83693,1938,0
"2013","st","Oslo","Oslo","Alna","12","DEMN","Demokratene i Norge",2,0.1071,15,0
"2013","st","Oslo","Oslo","Alna","12","DLF","Det Liberale Folkepartiet",2,0.05712,8,0
"2013","st","Oslo","Oslo","Alna","12","KRISTNE","De Kristne",2,0.41411,58,0
"2013","st","Oslo","Oslo","Alna","12","KSP","Kristent Samlingsparti",2,0.0357,5,0
"2013","st","Oslo","Oslo","Alna","12","KYST","Kystpartiet",2,0.0357,5,0
"2013","st","Oslo","Oslo","Alna","12","MDG","Miljøpartiet De Grønne",2,2.61317,366,0
"2013","st","Oslo","Oslo","Alna","12","NKP","Norges Kommunistiske Parti",2,0.04998,7,0
"2013","st","Oslo","Oslo","Alna","12","PIR","Piratpartiet",2,0.37841,53,0
"2013","st","Oslo","Oslo","Alna","12","PP","Pensjonistpartiet",2,0.6283,88,0
"2013","st","Oslo","Oslo","Alna","12","SFP","Samfunnspartiet",2,0.02142,3,0
"2013","st","Oslo","Oslo","Alna","12","BLANKE","Blanke",3,0.45695,64,0
"2013","st","Oslo","Oslo","Alna","12","Andre","Andre",0,4.341,608,0
"2013","st","Oslo","Oslo","Alna","12","Andre2","Andre2",0,0,0,0
"2013","st","Oslo","Oslo","Østensjø","13","A","Arbeiderpartiet",1,37.25246,6584,0
"2013","st","Oslo","Oslo","Østensjø","13","SV","Sosialistisk Venstreparti",1,6.33133,1119,0
"2013","st","Oslo","Oslo","Østensjø","13","RØDT","Rødt",1,2.37637,420,0
"2013","st","Oslo","Oslo","Østensjø","13","SP","Senterpartiet",1,0.76949,136,0
"2013","st","Oslo","Oslo","Østensjø","13","KRF","Kristelig Folkeparti",1,2.86862,507,0
"2013","st","Oslo","Oslo","Østensjø","13","V","Venstre",1,6.76134,1195,0
"2013","st","Oslo","Oslo","Østensjø","13","H","Høyre",1,24.56716,4342,0
"2013","st","Oslo","Oslo","Østensjø","13","FRP","Fremskrittspartiet",1,13.87349,2452,0
"2013","st","Oslo","Oslo","Østensjø","13","DEMN","Demokratene i Norge",2,0.01697,3,0
"2013","st","Oslo","Oslo","Østensjø","13","DLF","Det Liberale Folkepartiet",2,0.03961,7,0
"2013","st","Oslo","Oslo","Østensjø","13","KRISTNE","De Kristne",2,0.22632,40,0
"2013","st","Oslo","Oslo","Østensjø","13","KSP","Kristent Samlingsparti",2,0.01132,2,0
"2013","st","Oslo","Oslo","Østensjø","13","KYST","Kystpartiet",2,0.02263,4,0
"2013","st","Oslo","Oslo","Østensjø","13","MDG","Miljøpartiet De Grønne",2,3.92101,693,0
"2013","st","Oslo","Oslo","Østensjø","13","NKP","Norges Kommunistiske Parti",2,0.02263,4,0
"2013","st","Oslo","Oslo","Østensjø","13","PIR","Piratpartiet",2,0.38475,68,0
"2013","st","Oslo","Oslo","Østensjø","13","PP","Pensjonistpartiet",2,0.54317,96,0
"2013","st","Oslo","Oslo","Østensjø","13","SFP","Samfunnspartiet",2,0.01132,2,0
"2013","st","Oslo","Oslo","Østensjø","13","BLANKE","Blanke",3,0.49225,87,0
"2013","st","Oslo","Oslo","Østensjø","13","Andre","Andre",0,5.19973,919,0
"2013","st","Oslo","Oslo","Østensjø","13","Andre2","Andre2",0,0,0,0
"2013","st","Oslo","Oslo","Nordstrand","14","A","Arbeiderpartiet",1,25.54534,5141,0
"2013","st","Oslo","Oslo","Nordstrand","14","SV","Sosialistisk Venstreparti",1,3.96522,798,0
"2013","st","Oslo","Oslo","Nordstrand","14","RØDT","Rødt",1,1.62981,328,0
"2013","st","Oslo","Oslo","Nordstrand","14","SP","Senterpartiet",1,0.67578,136,0
"2013","st","Oslo","Oslo","Nordstrand","14","KRF","Kristelig Folkeparti",1,3.91553,788,0
"2013","st","Oslo","Oslo","Nordstrand","14","V","Venstre",1,7.93043,1596,0
"2013","st","Oslo","Oslo","Nordstrand","14","H","Høyre",1,37.54534,7556,0
"2013","st","Oslo","Oslo","Nordstrand","14","FRP","Fremskrittspartiet",1,13.79379,2776,0
"2013","st","Oslo","Oslo","Nordstrand","14","DEMN","Demokratene i Norge",2,0.04472,9,0
"2013","st","Oslo","Oslo","Nordstrand","14","DLF","Det Liberale Folkepartiet",2,0.02484,5,0
"2013","st","Oslo","Oslo","Nordstrand","14","KRISTNE","De Kristne",2,0.20373,41,0
"2013","st","Oslo","Oslo","Nordstrand","14","KSP","Kristent Samlingsparti",2,0.03478,7,0
"2013","st","Oslo","Oslo","Nordstrand","14","KYST","Kystpartiet",2,0.03478,7,0
"2013","st","Oslo","Oslo","Nordstrand","14","MDG","Miljøpartiet De Grønne",2,4.05963,817,0
"2013","st","Oslo","Oslo","Nordstrand","14","NKP","Norges Kommunistiske Parti",2,0.01491,3,0
"2013","st","Oslo","Oslo","Nordstrand","14","PIR","Piratpartiet",2,0.22857,46,0
"2013","st","Oslo","Oslo","Nordstrand","14","PP","Pensjonistpartiet",2,0.34783,70,0
"2013","st","Oslo","Oslo","Nordstrand","14","SFP","Samfunnspartiet",2,0.00497,1,0
"2013","st","Oslo","Oslo","Nordstrand","14","BLANKE","Blanke",3,0.29317,59,0
"2013","st","Oslo","Oslo","Nordstrand","14","Andre","Andre",0,4.99876,1006,0
"2013","st","Oslo","Oslo","Nordstrand","14","Andre2","Andre2",0,0,0,0
"2013","st","Oslo","Oslo","Søndre Nordstrand","15","A","Arbeiderpartiet",1,44.04364,4481,0
"2013","st","Oslo","Oslo","Søndre Nordstrand","15","SV","Sosialistisk Venstreparti",1,6.75251,687,0
"2013","st","Oslo","Oslo","Søndre Nordstrand","15","RØDT","Rødt",1,2.97818,303,0
"2013","st","Oslo","Oslo","Søndre Nordstrand","15","SP","Senterpartiet",1,0.86495,88,0
"2013","st","Oslo","Oslo","Søndre Nordstrand","15","KRF","Kristelig Folkeparti",1,3.53843,360,0
"2013","st","Oslo","Oslo","Søndre Nordstrand","15","V","Venstre",1,4.96363,505,0
"2013","st","Oslo","Oslo","Søndre Nordstrand","15","H","Høyre",1,19.89385,2024,0
"2013","st","Oslo","Oslo","Søndre Nordstrand","15","FRP","Fremskrittspartiet",1,12.01101,1222,0
"2013","st","Oslo","Oslo","Søndre Nordstrand","15","DEMN","Demokratene i Norge",2,0.07863,8,0
"2013","st","Oslo","Oslo","Søndre Nordstrand","15","DLF","Det Liberale Folkepartiet",2,0.02949,3,0
"2013","st","Oslo","Oslo","Søndre Nordstrand","15","KRISTNE","De Kristne",2,0.50128,51,0
"2013","st","Oslo","Oslo","Søndre Nordstrand","15","KSP","Kristent Samlingsparti",2,0.02949,3,0
"2013","st","Oslo","Oslo","Søndre Nordstrand","15","KYST","Kystpartiet",2,0.0688,7,0
"2013","st","Oslo","Oslo","Søndre Nordstrand","15","MDG","Miljøpartiet De Grønne",2,3.4598,352,0
"2013","st","Oslo","Oslo","Søndre Nordstrand","15","NKP","Norges Kommunistiske Parti",2,0.04914,5,0
"2013","st","Oslo","Oslo","Søndre Nordstrand","15","PIR","Piratpartiet",2,0.4423,45,0
"2013","st","Oslo","Oslo","Søndre Nordstrand","15","PP","Pensjonistpartiet",2,0.21624,22,0
"2013","st","Oslo","Oslo","Søndre Nordstrand","15","SFP","Samfunnspartiet",2,0.07863,8,0
"2013","st","Oslo","Oslo","Søndre Nordstrand","15","BLANKE","Blanke",3,0.46196,47,0
"2013","st","Oslo","Oslo","Søndre Nordstrand","15","Andre","Andre",0,4.9538,504,0
"2013","st","Oslo","Oslo","Søndre Nordstrand","15","Andre2","Andre2",0,0,0,0
"2013","st","Oslo","Oslo","Grünerløkka","2","A","Arbeiderpartiet",1,32.55666,5114,0
"2013","st","Oslo","Oslo","Grünerløkka","2","SV","Sosialistisk Venstreparti",1,11.20448,1760,0
"2013","st","Oslo","Oslo","Grünerløkka","2","RØDT","Rødt",1,5.78049,908,0
"2013","st","Oslo","Oslo","Grünerløkka","2","SP","Senterpartiet",1,1.03132,162,0
"2013","st","Oslo","Oslo","Grünerløkka","2","KRF","Kristelig Folkeparti",1,2.28546,359,0
"2013","st","Oslo","Oslo","Grünerløkka","2","V","Venstre",1,10.66972,1676,0
"2013","st","Oslo","Oslo","Grünerløkka","2","H","Høyre",1,19.03489,2990,0
"2013","st","Oslo","Oslo","Grünerløkka","2","FRP","Fremskrittspartiet",1,7.48026,1175,0
"2013","st","Oslo","Oslo","Grünerløkka","2","DEMN","Demokratene i Norge",2,0.05093,8,0
"2013","st","Oslo","Oslo","Grünerløkka","2","DLF","Det Liberale Folkepartiet",2,0.10186,16,0
"2013","st","Oslo","Oslo","Grünerløkka","2","KRISTNE","De Kristne",2,0.11459,18,0
"2013","st","Oslo","Oslo","Grünerløkka","2","KSP","Kristent Samlingsparti",2,0.00637,1,0
"2013","st","Oslo","Oslo","Grünerløkka","2","KYST","Kystpartiet",2,0.0191,3,0
"2013","st","Oslo","Oslo","Grünerløkka","2","MDG","Miljøpartiet De Grønne",2,8.79806,1382,0
"2013","st","Oslo","Oslo","Grünerløkka","2","NKP","Norges Kommunistiske Parti",2,0.05093,8,0
"2013","st","Oslo","Oslo","Grünerløkka","2","PIR","Piratpartiet",2,0.64298,101,0
"2013","st","Oslo","Oslo","Grünerløkka","2","PP","Pensjonistpartiet",2,0.12096,19,0
"2013","st","Oslo","Oslo","Grünerløkka","2","SFP","Samfunnspartiet",2,0.05093,8,0
"2013","st","Oslo","Oslo","Grünerløkka","2","BLANKE","Blanke",3,0.50929,80,0
"2013","st","Oslo","Oslo","Grünerløkka","2","Andre","Andre",0,9.95671,1564,0
"2013","st","Oslo","Oslo","Grünerløkka","2","Andre2","Andre2",0,0,0,0
"2013","st","Oslo","Oslo","Sagene","3","A","Arbeiderpartiet",1,32.76759,4093,0
"2013","st","Oslo","Oslo","Sagene","3","SV","Sosialistisk Venstreparti",1,10.71171,1338,0
"2013","st","Oslo","Oslo","Sagene","3","RØDT","Rødt",1,4.29109,536,0
"2013","st","Oslo","Oslo","Sagene","3","SP","Senterpartiet",1,1.15283,144,0
"2013","st","Oslo","Oslo","Sagene","3","KRF","Kristelig Folkeparti",1,2.79401,349,0
"2013","st","Oslo","Oslo","Sagene","3","V","Venstre",1,12.12873,1515,0
"2013","st","Oslo","Oslo","Sagene","3","H","Høyre",1,19.9984,2498,0
"2013","st","Oslo","Oslo","Sagene","3","FRP","Fremskrittspartiet",1,7.10912,888,0
"2013","st","Oslo","Oslo","Sagene","3","DEMN","Demokratene i Norge",2,0.07205,9,0
"2013","st","Oslo","Oslo","Sagene","3","DLF","Det Liberale Folkepartiet",2,0.04803,6,0
"2013","st","Oslo","Oslo","Sagene","3","KRISTNE","De Kristne",2,0.09607,12,0
"2013","st","Oslo","Oslo","Sagene","3","KSP","Kristent Samlingsparti",2,0.03202,4,0
"2013","st","Oslo","Oslo","Sagene","3","KYST","Kystpartiet",2,0.02402,3,0
"2013","st","Oslo","Oslo","Sagene","3","MDG","Miljøpartiet De Grønne",2,7.73357,966,0
"2013","st","Oslo","Oslo","Sagene","3","NKP","Norges Kommunistiske Parti",2,0.05604,7,0
"2013","st","Oslo","Oslo","Sagene","3","PIR","Piratpartiet",2,0.6965,87,0
"2013","st","Oslo","Oslo","Sagene","3","PP","Pensjonistpartiet",2,0.26419,33,0
"2013","st","Oslo","Oslo","Sagene","3","SFP","Samfunnspartiet",2,0.02402,3,0
"2013","st","Oslo","Oslo","Sagene","3","BLANKE","Blanke",3,0.4163,52,0
"2013","st","Oslo","Oslo","Sagene","3","Andre","Andre",0,9.04651,1130,0
"2013","st","Oslo","Oslo","Sagene","3","Andre2","Andre2",0,0,0,0
"2013","st","Oslo","Oslo","St. Hanshaugen","4","A","Arbeiderpartiet",1,26.10001,4087,0
"2013","st","Oslo","Oslo","St. Hanshaugen","4","SV","Sosialistisk Venstreparti",1,8.30832,1301,0
"2013","st","Oslo","Oslo","St. Hanshaugen","4","RØDT","Rødt",1,3.95938,620,0
"2013","st","Oslo","Oslo","St. Hanshaugen","4","SP","Senterpartiet",1,0.98985,155,0
"2013","st","Oslo","Oslo","St. Hanshaugen","4","KRF","Kristelig Folkeparti",1,2.70132,423,0
"2013","st","Oslo","Oslo","St. Hanshaugen","4","V","Venstre",1,12.74028,1995,0
"2013","st","Oslo","Oslo","St. Hanshaugen","4","H","Høyre",1,27.94559,4376,0
"2013","st","Oslo","Oslo","St. Hanshaugen","4","FRP","Fremskrittspartiet",1,7.11412,1114,0
"2013","st","Oslo","Oslo","St. Hanshaugen","4","DEMN","Demokratene i Norge",2,0.05109,8,0
"2013","st","Oslo","Oslo","St. Hanshaugen","4","DLF","Det Liberale Folkepartiet",2,0.07663,12,0
"2013","st","Oslo","Oslo","St. Hanshaugen","4","KRISTNE","De Kristne",2,0.14049,22,0
"2013","st","Oslo","Oslo","St. Hanshaugen","4","KSP","Kristent Samlingsparti",2,0.01277,2,0
"2013","st","Oslo","Oslo","St. Hanshaugen","4","KYST","Kystpartiet",2,0.00639,1,0
"2013","st","Oslo","Oslo","St. Hanshaugen","4","MDG","Miljøpartiet De Grønne",2,9.02995,1414,0
"2013","st","Oslo","Oslo","St. Hanshaugen","4","NKP","Norges Kommunistiske Parti",2,0.01277,2,0
"2013","st","Oslo","Oslo","St. Hanshaugen","4","PIR","Piratpartiet",2,0.67054,105,0
"2013","st","Oslo","Oslo","St. Hanshaugen","4","PP","Pensjonistpartiet",2,0.11495,18,0
"2013","st","Oslo","Oslo","St. Hanshaugen","4","SFP","Samfunnspartiet",2,0.02554,4,0
"2013","st","Oslo","Oslo","St. Hanshaugen","4","BLANKE","Blanke",3,0.66415,104,0
"2013","st","Oslo","Oslo","St. Hanshaugen","4","Andre","Andre",0,10.14113,1588,0
"2013","st","Oslo","Oslo","St. Hanshaugen","4","Andre2","Andre2",0,0,0,0
"2013","st","Oslo","Oslo","Frogner","5","A","Arbeiderpartiet",1,19.28521,3583,0
"2013","st","Oslo","Oslo","Frogner","5","SV","Sosialistisk Venstreparti",1,5.06486,941,0
"2013","st","Oslo","Oslo","Frogner","5","RØDT","Rødt",1,2.22294,413,0
"2013","st","Oslo","Oslo","Frogner","5","SP","Senterpartiet",1,0.68895,128,0
"2013","st","Oslo","Oslo","Frogner","5","KRF","Kristelig Folkeparti",1,2.23909,416,0
"2013","st","Oslo","Oslo","Frogner","5","V","Venstre",1,10.64105,1977,0
"2013","st","Oslo","Oslo","Frogner","5","H","Høyre",1,42.4996,7896,0
"2013","st","Oslo","Oslo","Frogner","5","FRP","Fremskrittspartiet",1,10.61952,1973,0
"2013","st","Oslo","Oslo","Frogner","5","DEMN","Demokratene i Norge",2,0.01076,2,0
"2013","st","Oslo","Oslo","Frogner","5","DLF","Det Liberale Folkepartiet",2,0.10765,20,0
"2013","st","Oslo","Oslo","Frogner","5","KRISTNE","De Kristne",2,0.11303,21,0
"2013","st","Oslo","Oslo","Frogner","5","KSP","Kristent Samlingsparti",2,0.01076,2,0
"2013","st","Oslo","Oslo","Frogner","5","KYST","Kystpartiet",2,0.01076,2,0
"2013","st","Oslo","Oslo","Frogner","5","MDG","Miljøpartiet De Grønne",2,5.90452,1097,0
"2013","st","Oslo","Oslo","Frogner","5","NKP","Norges Kommunistiske Parti",2,0.05921,11,0
"2013","st","Oslo","Oslo","Frogner","5","PIR","Piratpartiet",2,0.38753,72,0
"2013","st","Oslo","Oslo","Frogner","5","PP","Pensjonistpartiet",2,0.12918,24,0
"2013","st","Oslo","Oslo","Frogner","5","SFP","Samfunnspartiet",2,0.00538,1,0
"2013","st","Oslo","Oslo","Frogner","5","BLANKE","Blanke",3,0.366,68,0
"2013","st","Oslo","Oslo","Frogner","5","Andre","Andre",0,6.73879,1252,0
"2013","st","Oslo","Oslo","Frogner","5","Andre2","Andre2",0,0,0,0
"2013","st","Oslo","Oslo","Ullern","6","A","Arbeiderpartiet",1,19.09633,2147,0
"2013","st","Oslo","Oslo","Ullern","6","SV","Sosialistisk Venstreparti",1,4.10033,461,0
"2013","st","Oslo","Oslo","Ullern","6","RØDT","Rødt",1,1.21854,137,0
"2013","st","Oslo","Oslo","Ullern","6","SP","Senterpartiet",1,0.72045,81,0
"2013","st","Oslo","Oslo","Ullern","6","KRF","Kristelig Folkeparti",1,2.28587,257,0
"2013","st","Oslo","Oslo","Ullern","6","V","Venstre",1,10.67331,1200,0
"2013","st","Oslo","Oslo","Ullern","6","H","Høyre",1,46.93587,5277,0
"2013","st","Oslo","Oslo","Ullern","6","FRP","Fremskrittspartiet",1,9.90839,1114,0
"2013","st","Oslo","Oslo","Ullern","6","DEMN","Demokratene i Norge",2,0.01779,2,0
"2013","st","Oslo","Oslo","Ullern","6","DLF","Det Liberale Folkepartiet",2,0.08005,9,0
"2013","st","Oslo","Oslo","Ullern","6","KRISTNE","De Kristne",2,0.15121,17,0
"2013","st","Oslo","Oslo","Ullern","6","KSP","Kristent Samlingsparti",2,0.03558,4,0
"2013","st","Oslo","Oslo","Ullern","6","KYST","Kystpartiet",2,0.03558,4,0
"2013","st","Oslo","Oslo","Ullern","6","MDG","Miljøpartiet De Grønne",2,4.39385,494,0
"2013","st","Oslo","Oslo","Ullern","6","NKP","Norges Kommunistiske Parti",2,0.01779,2,0
"2013","st","Oslo","Oslo","Ullern","6","PIR","Piratpartiet",2,0.19568,22,0
"2013","st","Oslo","Oslo","Ullern","6","PP","Pensjonistpartiet",2,0.12452,14,0
"2013","st","Oslo","Oslo","Ullern","6","SFP","Samfunnspartiet",2,0.00889,1,0
"2013","st","Oslo","Oslo","Ullern","6","BLANKE","Blanke",3,0.20457,23,0
"2013","st","Oslo","Oslo","Ullern","6","Andre","Andre",0,5.06093,569,0
"2013","st","Oslo","Oslo","Ullern","6","Andre2","Andre2",0,0,0,0
"2013","st","Oslo","Oslo","Vestre Aker","7","A","Arbeiderpartiet",1,18.17842,2918,0
"2013","st","Oslo","Oslo","Vestre Aker","7","SV","Sosialistisk Venstreparti",1,3.78146,607,0
"2013","st","Oslo","Oslo","Vestre Aker","7","RØDT","Rødt",1,1.14004,183,0
"2013","st","Oslo","Oslo","Vestre Aker","7","SP","Senterpartiet",1,0.73511,118,0
"2013","st","Oslo","Oslo","Vestre Aker","7","KRF","Kristelig Folkeparti",1,2.56043,411,0
"2013","st","Oslo","Oslo","Vestre Aker","7","V","Venstre",1,10.50336,1686,0
"2013","st","Oslo","Oslo","Vestre Aker","7","H","Høyre",1,47.68876,7655,0
"2013","st","Oslo","Oslo","Vestre Aker","7","FRP","Fremskrittspartiet",1,10.13581,1627,0
"2013","st","Oslo","Oslo","Vestre Aker","7","DEMN","Demokratene i Norge",2,0.01869,3,0
"2013","st","Oslo","Oslo","Vestre Aker","7","DLF","Det Liberale Folkepartiet",2,0.04984,8,0
"2013","st","Oslo","Oslo","Vestre Aker","7","KRISTNE","De Kristne",2,0.1246,20,0
"2013","st","Oslo","Oslo","Vestre Aker","7","KSP","Kristent Samlingsparti",2,0.03738,6,0
"2013","st","Oslo","Oslo","Vestre Aker","7","KYST","Kystpartiet",2,0.01246,2,0
"2013","st","Oslo","Oslo","Vestre Aker","7","MDG","Miljøpartiet De Grønne",2,4.62871,743,0
"2013","st","Oslo","Oslo","Vestre Aker","7","NKP","Norges Kommunistiske Parti",2,0.02492,4,0
"2013","st","Oslo","Oslo","Vestre Aker","7","PIR","Piratpartiet",2,0.21804,35,0
"2013","st","Oslo","Oslo","Vestre Aker","7","PP","Pensjonistpartiet",2,0.16197,26,0
"2013","st","Oslo","Oslo","Vestre Aker","7","SFP","Samfunnspartiet",2,0,0,0
"2013","st","Oslo","Oslo","Vestre Aker","7","BLANKE","Blanke",3,0.18689,30,0
"2013","st","Oslo","Oslo","Vestre Aker","7","Andre","Andre",0,5.2766,847,0
"2013","st","Oslo","Oslo","Vestre Aker","7","Andre2","Andre2",0,0,0,0
"2013","st","Oslo","Oslo","Nordre Aker","8","A","Arbeiderpartiet",1,27.42813,5295,0
"2013","st","Oslo","Oslo","Nordre Aker","8","SV","Sosialistisk Venstreparti",1,7.41777,1432,0
"2013","st","Oslo","Oslo","Nordre Aker","8","RØDT","Rødt",1,2.61072,504,0
"2013","st","Oslo","Oslo","Nordre Aker","8","SP","Senterpartiet",1,0.89096,172,0
"2013","st","Oslo","Oslo","Nordre Aker","8","KRF","Kristelig Folkeparti",1,3.5483,685,0
"2013","st","Oslo","Oslo","Nordre Aker","8","V","Venstre",1,10.78477,2082,0
"2013","st","Oslo","Oslo","Nordre Aker","8","H","Høyre",1,30.45843,5880,0
"2013","st","Oslo","Oslo","Nordre Aker","8","FRP","Fremskrittspartiet",1,10.10101,1950,0
"2013","st","Oslo","Oslo","Nordre Aker","8","DEMN","Demokratene i Norge",2,0.0259,5,0
"2013","st","Oslo","Oslo","Nordre Aker","8","DLF","Det Liberale Folkepartiet",2,0.05698,11,0
"2013","st","Oslo","Oslo","Nordre Aker","8","KRISTNE","De Kristne",2,0.1554,30,0
"2013","st","Oslo","Oslo","Nordre Aker","8","KSP","Kristent Samlingsparti",2,0.0259,5,0
"2013","st","Oslo","Oslo","Nordre Aker","8","KYST","Kystpartiet",2,0.02072,4,0
"2013","st","Oslo","Oslo","Nordre Aker","8","MDG","Miljøpartiet De Grønne",2,5.95701,1150,0
"2013","st","Oslo","Oslo","Nordre Aker","8","NKP","Norges Kommunistiske Parti",2,0.02072,4,0
"2013","st","Oslo","Oslo","Nordre Aker","8","PIR","Piratpartiet",2,0.34188,66,0
"2013","st","Oslo","Oslo","Nordre Aker","8","PP","Pensjonistpartiet",2,0.15022,29,0
"2013","st","Oslo","Oslo","Nordre Aker","8","SFP","Samfunnspartiet",2,0.00518,1,0
"2013","st","Oslo","Oslo","Nordre Aker","8","BLANKE","Blanke",3,0.25382,49,0
"2013","st","Oslo","Oslo","Nordre Aker","8","Andre","Andre",0,6.75991,1305,0
"2013","st","Oslo","Oslo","Nordre Aker","8","Andre2","Andre2",0,0,0,0
"2013","st","Oslo","Oslo","Bjerke","9","A","Arbeiderpartiet",1,38.94865,3512,0
"2013","st","Oslo","Oslo","Bjerke","9","SV","Sosialistisk Venstreparti",1,5.29001,477,0
"2013","st","Oslo","Oslo","Bjerke","9","RØDT","Rødt",1,3.84829,347,0
"2013","st","Oslo","Oslo","Bjerke","9","SP","Senterpartiet",1,0.92048,83,0
"2013","st","Oslo","Oslo","Bjerke","9","KRF","Kristelig Folkeparti",1,3.06088,276,0
"2013","st","Oslo","Oslo","Bjerke","9","V","Venstre",1,6.82045,615,0
"2013","st","Oslo","Oslo","Bjerke","9","H","Høyre",1,22.83465,2059,0
"2013","st","Oslo","Oslo","Bjerke","9","FRP","Fremskrittspartiet",1,13.48564,1216,0
"2013","st","Oslo","Oslo","Bjerke","9","DEMN","Demokratene i Norge",2,0.02218,2,0
"2013","st","Oslo","Oslo","Bjerke","9","DLF","Det Liberale Folkepartiet",2,0.04436,4,0
"2013","st","Oslo","Oslo","Bjerke","9","KRISTNE","De Kristne",2,0.16635,15,0
"2013","st","Oslo","Oslo","Bjerke","9","KSP","Kristent Samlingsparti",2,0.02218,2,0
"2013","st","Oslo","Oslo","Bjerke","9","KYST","Kystpartiet",2,0,0,0
"2013","st","Oslo","Oslo","Bjerke","9","MDG","Miljøpartiet De Grønne",2,3.70411,334,0
"2013","st","Oslo","Oslo","Bjerke","9","NKP","Norges Kommunistiske Parti",2,0.04436,4,0
"2013","st","Oslo","Oslo","Bjerke","9","PIR","Piratpartiet",2,0.38816,35,0
"2013","st","Oslo","Oslo","Bjerke","9","PP","Pensjonistpartiet",2,0.35489,32,0
"2013","st","Oslo","Oslo","Bjerke","9","SFP","Samfunnspartiet",2,0.04436,4,0
"2013","st","Oslo","Oslo","Bjerke","9","BLANKE","Blanke",3,0.32161,29,0
"2013","st","Oslo","Oslo","Bjerke","9","Andre","Andre",0,4.79095,432,0
"2013","st","Oslo","Oslo","Bjerke","9","Andre2","Andre2",0,0,0,0
"2013","st","Hedmark","Kongsvinger","Kongsvinger","0402","A","Arbeiderpartiet",1,40.68945,4084,1088
"2013","st","Hedmark","Kongsvinger","Kongsvinger","0402","SV","Sosialistisk Venstreparti",1,3.63654,365,112
"2013","st","Hedmark","Kongsvinger","Kongsvinger","0402","RØDT","Rødt",1,0.63764,64,23
"2013","st","Hedmark","Kongsvinger","Kongsvinger","0402","SP","Senterpartiet",1,3.95537,397,92
"2013","st","Hedmark","Kongsvinger","Kongsvinger","0402","KRF","Kristelig Folkeparti",1,2.24171,225,59
"2013","st","Hedmark","Kongsvinger","Kongsvinger","0402","V","Venstre",1,2.8096,282,78
"2013","st","Hedmark","Kongsvinger","Kongsvinger","0402","H","Høyre",1,20.44436,2052,605
"2013","st","Hedmark","Kongsvinger","Kongsvinger","0402","FRP","Fremskrittspartiet",1,20.57388,2065,491
"2013","st","Hedmark","Kongsvinger","Kongsvinger","0402","DEMN","Demokratene i Norge",2,0.04982,5,2
"2013","st","Hedmark","Kongsvinger","Kongsvinger","0402","KRISTNE","De Kristne",2,0.30886,31,6
"2013","st","Hedmark","Kongsvinger","Kongsvinger","0402","KYST","Kystpartiet",2,0.04982,5,0
"2013","st","Hedmark","Kongsvinger","Kongsvinger","0402","MDG","Miljøpartiet De Grønne",2,1.77344,178,57
"2013","st","Hedmark","Kongsvinger","Kongsvinger","0402","PIR","Piratpartiet",2,0.27897,28,7
"2013","st","Hedmark","Kongsvinger","Kongsvinger","0402","PP","Pensjonistpartiet",2,2.55056,256,109
"2013","st","Hedmark","Kongsvinger","Kongsvinger","0402","BLANKE","Blanke",3,0.51808,52,17
"2013","st","Hedmark","Kongsvinger","Kongsvinger","0402","Andre","Andre",0,5.01146,503,181
"2013","st","Hedmark","Kongsvinger","Kongsvinger","0402","Andre2","Andre2",0,0,0,0
"2013","st","Hedmark","Hamar","Hamar","0403","A","Arbeiderpartiet",1,44.72351,8031,2430
"2013","st","Hedmark","Hamar","Hamar","0403","SV","Sosialistisk Venstreparti",1,5.6691,1018,331
"2013","st","Hedmark","Hamar","Hamar","0403","RØDT","Rødt",1,0.86874,156,61
"2013","st","Hedmark","Hamar","Hamar","0403","SP","Senterpartiet",1,4.58317,823,197
"2013","st","Hedmark","Hamar","Hamar","0403","KRF","Kristelig Folkeparti",1,3.09629,556,180
"2013","st","Hedmark","Hamar","Hamar","0403","V","Venstre",1,4.99527,897,265
"2013","st","Hedmark","Hamar","Hamar","0403","H","Høyre",1,22.03597,3957,1338
"2013","st","Hedmark","Hamar","Hamar","0403","FRP","Fremskrittspartiet",1,9.1385,1641,494
"2013","st","Hedmark","Hamar","Hamar","0403","DEMN","Demokratene i Norge",2,0.10581,19,2
"2013","st","Hedmark","Hamar","Hamar","0403","KRISTNE","De Kristne",2,0.27287,49,13
"2013","st","Hedmark","Hamar","Hamar","0403","KYST","Kystpartiet",2,0.01114,2,0
"2013","st","Hedmark","Hamar","Hamar","0403","MDG","Miljøpartiet De Grønne",2,2.70647,486,180
"2013","st","Hedmark","Hamar","Hamar","0403","PIR","Piratpartiet",2,0.28958,52,15
"2013","st","Hedmark","Hamar","Hamar","0403","PP","Pensjonistpartiet",2,1.50359,270,138
"2013","st","Hedmark","Hamar","Hamar","0403","BLANKE","Blanke",3,0.46222,83,24
"2013","st","Hedmark","Hamar","Hamar","0403","Andre","Andre",0,4.88946,878,348
"2013","st","Hedmark","Hamar","Hamar","0403","Andre2","Andre2",0,0,0,0
"2013","st","Hedmark","Ringsaker","Ringsaker","0412","A","Arbeiderpartiet",1,45.59157,8439,2253
"2013","st","Hedmark","Ringsaker","Ringsaker","0412","SV","Sosialistisk Venstreparti",1,2.85791,529,165
"2013","st","Hedmark","Ringsaker","Ringsaker","0412","RØDT","Rødt",1,0.51864,96,35
"2013","st","Hedmark","Ringsaker","Ringsaker","0412","SP","Senterpartiet",1,10.05402,1861,347
"2013","st","Hedmark","Ringsaker","Ringsaker","0412","KRF","Kristelig Folkeparti",1,2.57158,476,139
"2013","st","Hedmark","Ringsaker","Ringsaker","0412","V","Venstre",1,3.39816,629,187
"2013","st","Hedmark","Ringsaker","Ringsaker","0412","H","Høyre",1,18.55213,3434,917
"2013","st","Hedmark","Ringsaker","Ringsaker","0412","FRP","Fremskrittspartiet",1,11.86926,2197,591
"2013","st","Hedmark","Ringsaker","Ringsaker","0412","DEMN","Demokratene i Norge",2,0.06483,12,6
"2013","st","Hedmark","Ringsaker","Ringsaker","0412","KRISTNE","De Kristne",2,0.28633,53,23
"2013","st","Hedmark","Ringsaker","Ringsaker","0412","KYST","Kystpartiet",2,0.10805,20,11
"2013","st","Hedmark","Ringsaker","Ringsaker","0412","MDG","Miljøpartiet De Grønne",2,2.1718,402,146
"2013","st","Hedmark","Ringsaker","Ringsaker","0412","PIR","Piratpartiet",2,0.30794,57,16
"2013","st","Hedmark","Ringsaker","Ringsaker","0412","PP","Pensjonistpartiet",2,1.64776,305,139
"2013","st","Hedmark","Ringsaker","Ringsaker","0412","BLANKE","Blanke",3,0.6429,119,28
"2013","st","Hedmark","Ringsaker","Ringsaker","0412","Andre","Andre",0,4.58671,849,341
"2013","st","Hedmark","Ringsaker","Ringsaker","0412","Andre2","Andre2",0,0,0,0
"2013","st","Hedmark","Løten","Løten","0415","A","Arbeiderpartiet",1,47.83589,2122,485
"2013","st","Hedmark","Løten","Løten","0415","SV","Sosialistisk Venstreparti",1,3.44905,153,37
"2013","st","Hedmark","Løten","Løten","0415","RØDT","Rødt",1,0.60866,27,12
"2013","st","Hedmark","Løten","Løten","0415","SP","Senterpartiet",1,11.58702,514,86
"2013","st","Hedmark","Løten","Løten","0415","KRF","Kristelig Folkeparti",1,2.63751,117,30
"2013","st","Hedmark","Løten","Løten","0415","V","Venstre",1,2.29937,102,26
"2013","st","Hedmark","Løten","Løten","0415","H","Høyre",1,13.95401,619,144
"2013","st","Hedmark","Løten","Løten","0415","FRP","Fremskrittspartiet",1,14.13436,627,129
"2013","st","Hedmark","Løten","Løten","0415","DEMN","Demokratene i Norge",2,0.04509,2,1
"2013","st","Hedmark","Løten","Løten","0415","KRISTNE","De Kristne",2,0.27051,12,3
"2013","st","Hedmark","Løten","Løten","0415","KYST","Kystpartiet",2,0.09017,4,0
"2013","st","Hedmark","Løten","Løten","0415","MDG","Miljøpartiet De Grønne",2,1.62308,72,22
"2013","st","Hedmark","Løten","Løten","0415","PIR","Piratpartiet",2,0.3156,14,4
"2013","st","Hedmark","Løten","Løten","0415","PP","Pensjonistpartiet",2,1.14968,51,20
"2013","st","Hedmark","Løten","Løten","0415","BLANKE","Blanke",3,0.81154,36,7
"2013","st","Hedmark","Løten","Løten","0415","Andre","Andre",0,3.49414,155,50
"2013","st","Hedmark","Løten","Løten","0415","Andre2","Andre2",0,0,0,0
"2013","st","Hedmark","Stange","Stange","0417","A","Arbeiderpartiet",1,45.5213,5331,1180
"2013","st","Hedmark","Stange","Stange","0417","SV","Sosialistisk Venstreparti",1,3.62053,424,92
"2013","st","Hedmark","Stange","Stange","0417","RØDT","Rødt",1,0.61481,72,27
"2013","st","Hedmark","Stange","Stange","0417","SP","Senterpartiet",1,10.31509,1208,218
"2013","st","Hedmark","Stange","Stange","0417","KRF","Kristelig Folkeparti",1,3.90231,457,102
"2013","st","Hedmark","Stange","Stange","0417","V","Venstre",1,3.95355,463,101
"2013","st","Hedmark","Stange","Stange","0417","H","Høyre",1,15.00299,1757,390
"2013","st","Hedmark","Stange","Stange","0417","FRP","Fremskrittspartiet",1,11.81795,1384,304
"2013","st","Hedmark","Stange","Stange","0417","DEMN","Demokratene i Norge",2,0.01708,2,0
"2013","st","Hedmark","Stange","Stange","0417","KRISTNE","De Kristne",2,0.70874,83,23
"2013","st","Hedmark","Stange","Stange","0417","KYST","Kystpartiet",2,0.03416,4,2
"2013","st","Hedmark","Stange","Stange","0417","MDG","Miljøpartiet De Grønne",2,2.59585,304,88
"2013","st","Hedmark","Stange","Stange","0417","PIR","Piratpartiet",2,0.27325,32,8
"2013","st","Hedmark","Stange","Stange","0417","PP","Pensjonistpartiet",2,1.62241,190,69
"2013","st","Hedmark","Stange","Stange","0417","BLANKE","Blanke",3,0.58919,69,10
"2013","st","Hedmark","Stange","Stange","0417","Andre","Andre",0,5.25147,615,190
"2013","st","Hedmark","Stange","Stange","0417","Andre2","Andre2",0,0,0,0
"2013","st","Hedmark","Nord-Odal","Nord-Odal","0418","A","Arbeiderpartiet",1,49.37759,1547,311
"2013","st","Hedmark","Nord-Odal","Nord-Odal","0418","SV","Sosialistisk Venstreparti",1,3.41526,107,20
"2013","st","Hedmark","Nord-Odal","Nord-Odal","0418","RØDT","Rødt",1,0.7022,22,7
"2013","st","Hedmark","Nord-Odal","Nord-Odal","0418","SP","Senterpartiet",1,8.17108,256,48
"2013","st","Hedmark","Nord-Odal","Nord-Odal","0418","KRF","Kristelig Folkeparti",1,2.10661,66,12
"2013","st","Hedmark","Nord-Odal","Nord-Odal","0418","V","Venstre",1,2.29812,72,16
"2013","st","Hedmark","Nord-Odal","Nord-Odal","0418","H","Høyre",1,13.30993,417,81
"2013","st","Hedmark","Nord-Odal","Nord-Odal","0418","FRP","Fremskrittspartiet",1,17.4593,547,93
"2013","st","Hedmark","Nord-Odal","Nord-Odal","0418","DEMN","Demokratene i Norge",2,0,0,0
"2013","st","Hedmark","Nord-Odal","Nord-Odal","0418","KRISTNE","De Kristne",2,0.47877,15,1
"2013","st","Hedmark","Nord-Odal","Nord-Odal","0418","KYST","Kystpartiet",2,0,0,0
"2013","st","Hedmark","Nord-Odal","Nord-Odal","0418","MDG","Miljøpartiet De Grønne",2,1.62783,51,17
"2013","st","Hedmark","Nord-Odal","Nord-Odal","0418","PIR","Piratpartiet",2,0.22343,7,1
"2013","st","Hedmark","Nord-Odal","Nord-Odal","0418","PP","Pensjonistpartiet",2,0.82988,26,8
"2013","st","Hedmark","Nord-Odal","Nord-Odal","0418","BLANKE","Blanke",3,0.41494,13,2
"2013","st","Hedmark","Nord-Odal","Nord-Odal","0418","Andre","Andre",0,3.15991,99,27
"2013","st","Hedmark","Nord-Odal","Nord-Odal","0418","Andre2","Andre2",0,0,0,0
"2013","st","Hedmark","Sør-Odal","Sør-Odal","0419","A","Arbeiderpartiet",1,41.22673,1882,528
"2013","st","Hedmark","Sør-Odal","Sør-Odal","0419","SV","Sosialistisk Venstreparti",1,4.07448,186,41
"2013","st","Hedmark","Sør-Odal","Sør-Odal","0419","RØDT","Rødt",1,0.56955,26,9
"2013","st","Hedmark","Sør-Odal","Sør-Odal","0419","SP","Senterpartiet",1,7.57941,346,78
"2013","st","Hedmark","Sør-Odal","Sør-Odal","0419","KRF","Kristelig Folkeparti",1,1.48959,68,14
"2013","st","Hedmark","Sør-Odal","Sør-Odal","0419","V","Venstre",1,2.51917,115,33
"2013","st","Hedmark","Sør-Odal","Sør-Odal","0419","H","Høyre",1,19.03614,869,245
"2013","st","Hedmark","Sør-Odal","Sør-Odal","0419","FRP","Fremskrittspartiet",1,19.16758,875,215
"2013","st","Hedmark","Sør-Odal","Sør-Odal","0419","DEMN","Demokratene i Norge",2,0.02191,1,0
"2013","st","Hedmark","Sør-Odal","Sør-Odal","0419","KRISTNE","De Kristne",2,0.26287,12,5
"2013","st","Hedmark","Sør-Odal","Sør-Odal","0419","KYST","Kystpartiet",2,0.02191,1,0
"2013","st","Hedmark","Sør-Odal","Sør-Odal","0419","MDG","Miljøpartiet De Grønne",2,1.38007,63,20
"2013","st","Hedmark","Sør-Odal","Sør-Odal","0419","PIR","Piratpartiet",2,0.21906,10,4
"2013","st","Hedmark","Sør-Odal","Sør-Odal","0419","PP","Pensjonistpartiet",2,2.43154,111,47
"2013","st","Hedmark","Sør-Odal","Sør-Odal","0419","BLANKE","Blanke",3,0.65717,30,3
"2013","st","Hedmark","Sør-Odal","Sør-Odal","0419","Andre","Andre",0,4.33735,198,76
"2013","st","Hedmark","Sør-Odal","Sør-Odal","0419","Andre2","Andre2",0,0,0,0
"2013","st","Hedmark","Eidskog","Eidskog","0420","A","Arbeiderpartiet",1,40.36723,1429,410
"2013","st","Hedmark","Eidskog","Eidskog","0420","SV","Sosialistisk Venstreparti",1,2.9661,105,43
"2013","st","Hedmark","Eidskog","Eidskog","0420","RØDT","Rødt",1,0.59322,21,10
"2013","st","Hedmark","Eidskog","Eidskog","0420","SP","Senterpartiet",1,8.50282,301,82
"2013","st","Hedmark","Eidskog","Eidskog","0420","KRF","Kristelig Folkeparti",1,2.42938,86,27
"2013","st","Hedmark","Eidskog","Eidskog","0420","V","Venstre",1,2.76836,98,34
"2013","st","Hedmark","Eidskog","Eidskog","0420","H","Høyre",1,19.37853,686,217
"2013","st","Hedmark","Eidskog","Eidskog","0420","FRP","Fremskrittspartiet",1,18.61582,659,200
"2013","st","Hedmark","Eidskog","Eidskog","0420","DEMN","Demokratene i Norge",2,0.0565,2,1
"2013","st","Hedmark","Eidskog","Eidskog","0420","KRISTNE","De Kristne",2,0.9322,33,15
"2013","st","Hedmark","Eidskog","Eidskog","0420","KYST","Kystpartiet",2,0,0,0
"2013","st","Hedmark","Eidskog","Eidskog","0420","MDG","Miljøpartiet De Grønne",2,1.18644,42,17
"2013","st","Hedmark","Eidskog","Eidskog","0420","PIR","Piratpartiet",2,0.11299,4,1
"2013","st","Hedmark","Eidskog","Eidskog","0420","PP","Pensjonistpartiet",2,2.0904,74,35
"2013","st","Hedmark","Eidskog","Eidskog","0420","BLANKE","Blanke",3,0.79096,28,8
"2013","st","Hedmark","Eidskog","Eidskog","0420","Andre","Andre",0,4.37853,155,69
"2013","st","Hedmark","Eidskog","Eidskog","0420","Andre2","Andre2",0,0,0,0
"2013","st","Hedmark","Grue","Grue","0423","A","Arbeiderpartiet",1,43.93247,1249,238
"2013","st","Hedmark","Grue","Grue","0423","SV","Sosialistisk Venstreparti",1,3.27119,93,16
"2013","st","Hedmark","Grue","Grue","0423","RØDT","Rødt",1,0.70348,20,4
"2013","st","Hedmark","Grue","Grue","0423","SP","Senterpartiet",1,11.78333,335,52
"2013","st","Hedmark","Grue","Grue","0423","KRF","Kristelig Folkeparti",1,2.07527,59,9
"2013","st","Hedmark","Grue","Grue","0423","V","Venstre",1,2.81393,80,17
"2013","st","Hedmark","Grue","Grue","0423","H","Høyre",1,16.28561,463,102
"2013","st","Hedmark","Grue","Grue","0423","FRP","Fremskrittspartiet",1,15.58213,443,81
"2013","st","Hedmark","Grue","Grue","0423","DEMN","Demokratene i Norge",2,0,0,0
"2013","st","Hedmark","Grue","Grue","0423","KRISTNE","De Kristne",2,0.31657,9,1
"2013","st","Hedmark","Grue","Grue","0423","KYST","Kystpartiet",2,0.28139,8,2
"2013","st","Hedmark","Grue","Grue","0423","MDG","Miljøpartiet De Grønne",2,1.51249,43,16
"2013","st","Hedmark","Grue","Grue","0423","PIR","Piratpartiet",2,0.31657,9,3
"2013","st","Hedmark","Grue","Grue","0423","PP","Pensjonistpartiet",2,1.12557,32,7
"2013","st","Hedmark","Grue","Grue","0423","BLANKE","Blanke",3,0.28139,8,0
"2013","st","Hedmark","Grue","Grue","0423","Andre","Andre",0,3.55259,101,29
"2013","st","Hedmark","Grue","Grue","0423","Andre2","Andre2",0,0,0,0
"2013","st","Hedmark","Åsnes","Åsnes","0425","A","Arbeiderpartiet",1,43.36876,1877,497
"2013","st","Hedmark","Åsnes","Åsnes","0425","SV","Sosialistisk Venstreparti",1,2.37985,103,29
"2013","st","Hedmark","Åsnes","Åsnes","0425","RØDT","Rødt",1,0.94732,41,19
"2013","st","Hedmark","Åsnes","Åsnes","0425","SP","Senterpartiet",1,10.81331,468,133
"2013","st","Hedmark","Åsnes","Åsnes","0425","KRF","Kristelig Folkeparti",1,2.28743,99,42
"2013","st","Hedmark","Åsnes","Åsnes","0425","V","Venstre",1,2.37985,103,29
"2013","st","Hedmark","Åsnes","Åsnes","0425","H","Høyre",1,14.57948,631,176
"2013","st","Hedmark","Åsnes","Åsnes","0425","FRP","Fremskrittspartiet",1,19.08503,826,227
"2013","st","Hedmark","Åsnes","Åsnes","0425","DEMN","Demokratene i Norge",2,0.06932,3,1
"2013","st","Hedmark","Åsnes","Åsnes","0425","KRISTNE","De Kristne",2,0.67006,29,13
"2013","st","Hedmark","Åsnes","Åsnes","0425","KYST","Kystpartiet",2,0.04621,2,1
"2013","st","Hedmark","Åsnes","Åsnes","0425","MDG","Miljøpartiet De Grønne",2,1.50185,65,18
"2013","st","Hedmark","Åsnes","Åsnes","0425","PIR","Piratpartiet",2,0.36969,16,5
"2013","st","Hedmark","Åsnes","Åsnes","0425","PP","Pensjonistpartiet",2,1.50185,65,26
"2013","st","Hedmark","Åsnes","Åsnes","0425","BLANKE","Blanke",3,0.55453,24,5
"2013","st","Hedmark","Åsnes","Åsnes","0425","Andre","Andre",0,4.15896,180,64
"2013","st","Hedmark","Åsnes","Åsnes","0425","Andre2","Andre2",0,0,0,0
"2013","st","Hedmark","Våler","Våler","0426","A","Arbeiderpartiet",1,43.64465,958,300
"2013","st","Hedmark","Våler","Våler","0426","SV","Sosialistisk Venstreparti",1,2.87016,63,21
"2013","st","Hedmark","Våler","Våler","0426","RØDT","Rødt",1,0.22779,5,2
"2013","st","Hedmark","Våler","Våler","0426","SP","Senterpartiet",1,10.15945,223,61
"2013","st","Hedmark","Våler","Våler","0426","KRF","Kristelig Folkeparti",1,1.86788,41,13
"2013","st","Hedmark","Våler","Våler","0426","V","Venstre",1,2.32346,51,20
"2013","st","Hedmark","Våler","Våler","0426","H","Høyre",1,14.85194,326,120
"2013","st","Hedmark","Våler","Våler","0426","FRP","Fremskrittspartiet",1,19.54442,429,132
"2013","st","Hedmark","Våler","Våler","0426","DEMN","Demokratene i Norge",2,0,0,0
"2013","st","Hedmark","Våler","Våler","0426","KRISTNE","De Kristne",2,0.36446,8,5
"2013","st","Hedmark","Våler","Våler","0426","KYST","Kystpartiet",2,0.04556,1,0
"2013","st","Hedmark","Våler","Våler","0426","MDG","Miljøpartiet De Grønne",2,0.8656,19,5
"2013","st","Hedmark","Våler","Våler","0426","PIR","Piratpartiet",2,0.09112,2,1
"2013","st","Hedmark","Våler","Våler","0426","PP","Pensjonistpartiet",2,3.14351,69,29
"2013","st","Hedmark","Våler","Våler","0426","BLANKE","Blanke",3,0.8656,19,4
"2013","st","Hedmark","Våler","Våler","0426","Andre","Andre",0,4.51025,99,40
"2013","st","Hedmark","Våler","Våler","0426","Andre2","Andre2",0,0,0,0
"2013","st","Hedmark","Elverum","Elverum","0427","A","Arbeiderpartiet",1,41.11839,4831,1063
"2013","st","Hedmark","Elverum","Elverum","0427","SV","Sosialistisk Venstreparti",1,3.45561,406,92
"2013","st","Hedmark","Elverum","Elverum","0427","RØDT","Rødt",1,0.78305,92,29
"2013","st","Hedmark","Elverum","Elverum","0427","SP","Senterpartiet",1,6.29841,740,125
"2013","st","Hedmark","Elverum","Elverum","0427","KRF","Kristelig Folkeparti",1,1.91506,225,46
"2013","st","Hedmark","Elverum","Elverum","0427","V","Venstre",1,3.54924,417,99
"2013","st","Hedmark","Elverum","Elverum","0427","H","Høyre",1,24.61486,2892,800
"2013","st","Hedmark","Elverum","Elverum","0427","FRP","Fremskrittspartiet",1,15.36301,1805,415
"2013","st","Hedmark","Elverum","Elverum","0427","DEMN","Demokratene i Norge",2,0.08511,10,1
"2013","st","Hedmark","Elverum","Elverum","0427","KRISTNE","De Kristne",2,0.19576,23,6
"2013","st","Hedmark","Elverum","Elverum","0427","KYST","Kystpartiet",2,0.02553,3,0
"2013","st","Hedmark","Elverum","Elverum","0427","MDG","Miljøpartiet De Grønne",2,1.54907,182,57
"2013","st","Hedmark","Elverum","Elverum","0427","PIR","Piratpartiet",2,0.25534,30,4
"2013","st","Hedmark","Elverum","Elverum","0427","PP","Pensjonistpartiet",2,0.79156,93,28
"2013","st","Hedmark","Elverum","Elverum","0427","BLANKE","Blanke",3,0.63835,75,16
"2013","st","Hedmark","Elverum","Elverum","0427","Andre","Andre",0,2.90237,341,96
"2013","st","Hedmark","Elverum","Elverum","0427","Andre2","Andre2",0,0,0,0
"2013","st","Hedmark","Trysil","Trysil","0428","A","Arbeiderpartiet",1,39.48543,1504,336
"2013","st","Hedmark","Trysil","Trysil","0428","SV","Sosialistisk Venstreparti",1,3.72801,142,41
"2013","st","Hedmark","Trysil","Trysil","0428","RØDT","Rødt",1,0.3413,13,3
"2013","st","Hedmark","Trysil","Trysil","0428","SP","Senterpartiet",1,13.04804,497,75
"2013","st","Hedmark","Trysil","Trysil","0428","KRF","Kristelig Folkeparti",1,3.36046,128,27
"2013","st","Hedmark","Trysil","Trysil","0428","V","Venstre",1,2.96666,113,31
"2013","st","Hedmark","Trysil","Trysil","0428","H","Høyre",1,20.53032,782,259
"2013","st","Hedmark","Trysil","Trysil","0428","FRP","Fremskrittspartiet",1,12.75925,486,132
"2013","st","Hedmark","Trysil","Trysil","0428","DEMN","Demokratene i Norge",2,0.05251,2,2
"2013","st","Hedmark","Trysil","Trysil","0428","KRISTNE","De Kristne",2,0.76135,29,9
"2013","st","Hedmark","Trysil","Trysil","0428","KYST","Kystpartiet",2,0,0,0
"2013","st","Hedmark","Trysil","Trysil","0428","MDG","Miljøpartiet De Grønne",2,1.68023,64,19
"2013","st","Hedmark","Trysil","Trysil","0428","PIR","Piratpartiet",2,0.42006,16,5
"2013","st","Hedmark","Trysil","Trysil","0428","PP","Pensjonistpartiet",2,0.86637,33,12
"2013","st","Hedmark","Trysil","Trysil","0428","BLANKE","Blanke",3,0.99764,38,6
"2013","st","Hedmark","Trysil","Trysil","0428","Andre","Andre",0,3.78052,144,47
"2013","st","Hedmark","Trysil","Trysil","0428","Andre2","Andre2",0,0,0,0
"2013","st","Hedmark","Åmot","Åmot","0429","A","Arbeiderpartiet",1,41.18844,1012,264
"2013","st","Hedmark","Åmot","Åmot","0429","SV","Sosialistisk Venstreparti",1,4.07,100,27
"2013","st","Hedmark","Åmot","Åmot","0429","RØDT","Rødt",1,0.7733,19,11
"2013","st","Hedmark","Åmot","Åmot","0429","SP","Senterpartiet",1,11.11111,273,68
"2013","st","Hedmark","Åmot","Åmot","0429","KRF","Kristelig Folkeparti",1,1.3024,32,15
"2013","st","Hedmark","Åmot","Åmot","0429","V","Venstre",1,1.9129,47,12
"2013","st","Hedmark","Åmot","Åmot","0429","H","Høyre",1,18.35572,451,159
"2013","st","Hedmark","Åmot","Åmot","0429","FRP","Fremskrittspartiet",1,16.76842,412,123
"2013","st","Hedmark","Åmot","Åmot","0429","DEMN","Demokratene i Norge",2,0.0814,2,1
"2013","st","Hedmark","Åmot","Åmot","0429","KRISTNE","De Kristne",2,0.2035,5,3
"2013","st","Hedmark","Åmot","Åmot","0429","KYST","Kystpartiet",2,0.0814,2,0
"2013","st","Hedmark","Åmot","Åmot","0429","MDG","Miljøpartiet De Grønne",2,1.5873,39,12
"2013","st","Hedmark","Åmot","Åmot","0429","PIR","Piratpartiet",2,0.4884,12,7
"2013","st","Hedmark","Åmot","Åmot","0429","PP","Pensjonistpartiet",2,2.0757,51,14
"2013","st","Hedmark","Åmot","Åmot","0429","BLANKE","Blanke",3,0.8547,21,3
"2013","st","Hedmark","Åmot","Åmot","0429","Andre","Andre",0,4.5177,111,37
"2013","st","Hedmark","Åmot","Åmot","0429","Andre2","Andre2",0,0,0,0
"2013","st","Hedmark","Stor-Elvdal","Stor-Elvdal","0430","A","Arbeiderpartiet",1,44.50904,689,216
"2013","st","Hedmark","Stor-Elvdal","Stor-Elvdal","0430","SV","Sosialistisk Venstreparti",1,3.87597,60,20
"2013","st","Hedmark","Stor-Elvdal","Stor-Elvdal","0430","RØDT","Rødt",1,0.77519,12,2
"2013","st","Hedmark","Stor-Elvdal","Stor-Elvdal","0430","SP","Senterpartiet",1,13.24289,205,48
"2013","st","Hedmark","Stor-Elvdal","Stor-Elvdal","0430","KRF","Kristelig Folkeparti",1,0.83979,13,3
"2013","st","Hedmark","Stor-Elvdal","Stor-Elvdal","0430","V","Venstre",1,3.55297,55,17
"2013","st","Hedmark","Stor-Elvdal","Stor-Elvdal","0430","H","Høyre",1,14.47028,224,75
"2013","st","Hedmark","Stor-Elvdal","Stor-Elvdal","0430","FRP","Fremskrittspartiet",1,14.59948,226,68
"2013","st","Hedmark","Stor-Elvdal","Stor-Elvdal","0430","DEMN","Demokratene i Norge",2,0.0646,1,0
"2013","st","Hedmark","Stor-Elvdal","Stor-Elvdal","0430","KRISTNE","De Kristne",2,0.1292,2,0
"2013","st","Hedmark","Stor-Elvdal","Stor-Elvdal","0430","KYST","Kystpartiet",2,0.1292,2,1
"2013","st","Hedmark","Stor-Elvdal","Stor-Elvdal","0430","MDG","Miljøpartiet De Grønne",2,2.32558,36,17
"2013","st","Hedmark","Stor-Elvdal","Stor-Elvdal","0430","PIR","Piratpartiet",2,0.2584,4,1
"2013","st","Hedmark","Stor-Elvdal","Stor-Elvdal","0430","PP","Pensjonistpartiet",2,1.22739,19,3
"2013","st","Hedmark","Stor-Elvdal","Stor-Elvdal","0430","BLANKE","Blanke",3,0.3876,6,2
"2013","st","Hedmark","Stor-Elvdal","Stor-Elvdal","0430","Andre","Andre",0,4.13437,64,22
"2013","st","Hedmark","Stor-Elvdal","Stor-Elvdal","0430","Andre2","Andre2",0,0,0,0
"2013","st","Hedmark","Rendalen","Rendalen","0432","A","Arbeiderpartiet",1,44.98024,569,136
"2013","st","Hedmark","Rendalen","Rendalen","0432","SV","Sosialistisk Venstreparti",1,4.74308,60,22
"2013","st","Hedmark","Rendalen","Rendalen","0432","RØDT","Rødt",1,0.23715,3,1
"2013","st","Hedmark","Rendalen","Rendalen","0432","SP","Senterpartiet",1,25.45455,322,81
"2013","st","Hedmark","Rendalen","Rendalen","0432","KRF","Kristelig Folkeparti",1,1.18577,15,9
"2013","st","Hedmark","Rendalen","Rendalen","0432","V","Venstre",1,1.81818,23,7
"2013","st","Hedmark","Rendalen","Rendalen","0432","H","Høyre",1,10.59289,134,45
"2013","st","Hedmark","Rendalen","Rendalen","0432","FRP","Fremskrittspartiet",1,8.93281,113,35
"2013","st","Hedmark","Rendalen","Rendalen","0432","DEMN","Demokratene i Norge",2,0,0,0
"2013","st","Hedmark","Rendalen","Rendalen","0432","KRISTNE","De Kristne",2,0.1581,2,1
"2013","st","Hedmark","Rendalen","Rendalen","0432","KYST","Kystpartiet",2,0.1581,2,0
"2013","st","Hedmark","Rendalen","Rendalen","0432","MDG","Miljøpartiet De Grønne",2,0.86957,11,3
"2013","st","Hedmark","Rendalen","Rendalen","0432","PIR","Piratpartiet",2,0.31621,4,2
"2013","st","Hedmark","Rendalen","Rendalen","0432","PP","Pensjonistpartiet",2,0.55336,7,4
"2013","st","Hedmark","Rendalen","Rendalen","0432","BLANKE","Blanke",3,0.39526,5,0
"2013","st","Hedmark","Rendalen","Rendalen","0432","Andre","Andre",0,2.05534,26,10
"2013","st","Hedmark","Rendalen","Rendalen","0432","Andre2","Andre2",0,0,0,0
"2013","st","Hedmark","Engerdal","Engerdal","0434","A","Arbeiderpartiet",1,38.85505,319,66
"2013","st","Hedmark","Engerdal","Engerdal","0434","SV","Sosialistisk Venstreparti",1,2.43605,20,7
"2013","st","Hedmark","Engerdal","Engerdal","0434","RØDT","Rødt",1,0.48721,4,2
"2013","st","Hedmark","Engerdal","Engerdal","0434","SP","Senterpartiet",1,25.94397,213,34
"2013","st","Hedmark","Engerdal","Engerdal","0434","KRF","Kristelig Folkeparti",1,1.33983,11,2
"2013","st","Hedmark","Engerdal","Engerdal","0434","V","Venstre",1,2.43605,20,5
"2013","st","Hedmark","Engerdal","Engerdal","0434","H","Høyre",1,16.19976,133,33
"2013","st","Hedmark","Engerdal","Engerdal","0434","FRP","Fremskrittspartiet",1,10.71864,88,15
"2013","st","Hedmark","Engerdal","Engerdal","0434","DEMN","Demokratene i Norge",2,0,0,0
"2013","st","Hedmark","Engerdal","Engerdal","0434","KRISTNE","De Kristne",2,0,0,0
"2013","st","Hedmark","Engerdal","Engerdal","0434","KYST","Kystpartiet",2,0,0,0
"2013","st","Hedmark","Engerdal","Engerdal","0434","MDG","Miljøpartiet De Grønne",2,0.85262,7,3
"2013","st","Hedmark","Engerdal","Engerdal","0434","PIR","Piratpartiet",2,0,0,0
"2013","st","Hedmark","Engerdal","Engerdal","0434","PP","Pensjonistpartiet",2,0.73082,6,0
"2013","st","Hedmark","Engerdal","Engerdal","0434","BLANKE","Blanke",3,0.85262,7,0
"2013","st","Hedmark","Engerdal","Engerdal","0434","Andre","Andre",0,1.58343,13,3
"2013","st","Hedmark","Engerdal","Engerdal","0434","Andre2","Andre2",0,0,0,0
"2013","st","Hedmark","Tolga","Tolga","0436","A","Arbeiderpartiet",1,30.83164,304,60
"2013","st","Hedmark","Tolga","Tolga","0436","SV","Sosialistisk Venstreparti",1,9.02637,89,14
"2013","st","Hedmark","Tolga","Tolga","0436","RØDT","Rødt",1,1.72414,17,3
"2013","st","Hedmark","Tolga","Tolga","0436","SP","Senterpartiet",1,39.35091,388,61
"2013","st","Hedmark","Tolga","Tolga","0436","KRF","Kristelig Folkeparti",1,0.91278,9,2
"2013","st","Hedmark","Tolga","Tolga","0436","V","Venstre",1,3.5497,35,10
"2013","st","Hedmark","Tolga","Tolga","0436","H","Høyre",1,7.80933,77,23
"2013","st","Hedmark","Tolga","Tolga","0436","FRP","Fremskrittspartiet",1,3.5497,35,10
"2013","st","Hedmark","Tolga","Tolga","0436","DEMN","Demokratene i Norge",2,0.10142,1,0
"2013","st","Hedmark","Tolga","Tolga","0436","KRISTNE","De Kristne",2,0.10142,1,0
"2013","st","Hedmark","Tolga","Tolga","0436","KYST","Kystpartiet",2,0,0,0
"2013","st","Hedmark","Tolga","Tolga","0436","MDG","Miljøpartiet De Grønne",2,2.63692,26,5
"2013","st","Hedmark","Tolga","Tolga","0436","PIR","Piratpartiet",2,0,0,0
"2013","st","Hedmark","Tolga","Tolga","0436","PP","Pensjonistpartiet",2,0.40568,4,0
"2013","st","Hedmark","Tolga","Tolga","0436","BLANKE","Blanke",3,0,0,0
"2013","st","Hedmark","Tolga","Tolga","0436","Andre","Andre",0,3.24544,32,5
"2013","st","Hedmark","Tolga","Tolga","0436","Andre2","Andre2",0,0,0,0
"2013","st","Hedmark","Tynset","Tynset","0437","A","Arbeiderpartiet",1,34.07038,1094,576
"2013","st","Hedmark","Tynset","Tynset","0437","SV","Sosialistisk Venstreparti",1,6.69573,215,115
"2013","st","Hedmark","Tynset","Tynset","0437","RØDT","Rødt",1,1.09,35,22
"2013","st","Hedmark","Tynset","Tynset","0437","SP","Senterpartiet",1,27.06322,869,426
"2013","st","Hedmark","Tynset","Tynset","0437","KRF","Kristelig Folkeparti",1,2.70944,87,38
"2013","st","Hedmark","Tynset","Tynset","0437","V","Venstre",1,3.45687,111,54
"2013","st","Hedmark","Tynset","Tynset","0437","H","Høyre",1,13.14232,422,251
"2013","st","Hedmark","Tynset","Tynset","0437","FRP","Fremskrittspartiet",1,7.84802,252,167
"2013","st","Hedmark","Tynset","Tynset","0437","DEMN","Demokratene i Norge",2,0.03114,1,1
"2013","st","Hedmark","Tynset","Tynset","0437","KRISTNE","De Kristne",2,0.31143,10,6
"2013","st","Hedmark","Tynset","Tynset","0437","KYST","Kystpartiet",2,0.03114,1,0
"2013","st","Hedmark","Tynset","Tynset","0437","MDG","Miljøpartiet De Grønne",2,2.24229,72,41
"2013","st","Hedmark","Tynset","Tynset","0437","PIR","Piratpartiet",2,0.28029,9,7
"2013","st","Hedmark","Tynset","Tynset","0437","PP","Pensjonistpartiet",2,1.02772,33,16
"2013","st","Hedmark","Tynset","Tynset","0437","BLANKE","Blanke",3,0.18686,6,3
"2013","st","Hedmark","Tynset","Tynset","0437","Andre","Andre",0,3.92401,126,71
"2013","st","Hedmark","Tynset","Tynset","0437","Andre2","Andre2",0,0,0,0
"2013","st","Hedmark","Alvdal","Alvdal","0438","A","Arbeiderpartiet",1,38.52339,527,121
"2013","st","Hedmark","Alvdal","Alvdal","0438","SV","Sosialistisk Venstreparti",1,2.77778,38,10
"2013","st","Hedmark","Alvdal","Alvdal","0438","RØDT","Rødt",1,0.1462,2,1
"2013","st","Hedmark","Alvdal","Alvdal","0438","SP","Senterpartiet",1,34.35673,470,68
"2013","st","Hedmark","Alvdal","Alvdal","0438","KRF","Kristelig Folkeparti",1,3.58187,49,14
"2013","st","Hedmark","Alvdal","Alvdal","0438","V","Venstre",1,3.94737,54,8
"2013","st","Hedmark","Alvdal","Alvdal","0438","H","Høyre",1,8.33333,114,31
"2013","st","Hedmark","Alvdal","Alvdal","0438","FRP","Fremskrittspartiet",1,5.99415,82,14
"2013","st","Hedmark","Alvdal","Alvdal","0438","DEMN","Demokratene i Norge",2,0,0,0
"2013","st","Hedmark","Alvdal","Alvdal","0438","KRISTNE","De Kristne",2,0.1462,2,0
"2013","st","Hedmark","Alvdal","Alvdal","0438","KYST","Kystpartiet",2,0,0,0
"2013","st","Hedmark","Alvdal","Alvdal","0438","MDG","Miljøpartiet De Grønne",2,1.68129,23,9
"2013","st","Hedmark","Alvdal","Alvdal","0438","PIR","Piratpartiet",2,0,0,0
"2013","st","Hedmark","Alvdal","Alvdal","0438","PP","Pensjonistpartiet",2,0.5117,7,3
"2013","st","Hedmark","Alvdal","Alvdal","0438","BLANKE","Blanke",3,0.65789,9,4
"2013","st","Hedmark","Alvdal","Alvdal","0438","Andre","Andre",0,2.33918,32,12
"2013","st","Hedmark","Alvdal","Alvdal","0438","Andre2","Andre2",0,0,0,0
"2013","st","Hedmark","Folldal","Folldal","0439","A","Arbeiderpartiet",1,40.98361,425,93
"2013","st","Hedmark","Folldal","Folldal","0439","SV","Sosialistisk Venstreparti",1,3.76085,39,9
"2013","st","Hedmark","Folldal","Folldal","0439","RØDT","Rødt",1,1.92864,20,3
"2013","st","Hedmark","Folldal","Folldal","0439","SP","Senterpartiet",1,31.919,331,65
"2013","st","Hedmark","Folldal","Folldal","0439","KRF","Kristelig Folkeparti",1,1.54291,16,7
"2013","st","Hedmark","Folldal","Folldal","0439","V","Venstre",1,2.1215,22,7
"2013","st","Hedmark","Folldal","Folldal","0439","H","Høyre",1,7.2324,75,24
"2013","st","Hedmark","Folldal","Folldal","0439","FRP","Fremskrittspartiet",1,7.13597,74,15
"2013","st","Hedmark","Folldal","Folldal","0439","DEMN","Demokratene i Norge",2,0,0,0
"2013","st","Hedmark","Folldal","Folldal","0439","KRISTNE","De Kristne",2,0.38573,4,1
"2013","st","Hedmark","Folldal","Folldal","0439","KYST","Kystpartiet",2,0,0,0
"2013","st","Hedmark","Folldal","Folldal","0439","MDG","Miljøpartiet De Grønne",2,1.63934,17,3
"2013","st","Hedmark","Folldal","Folldal","0439","PIR","Piratpartiet",2,0.2893,3,0
"2013","st","Hedmark","Folldal","Folldal","0439","PP","Pensjonistpartiet",2,1.06075,11,2
"2013","st","Hedmark","Folldal","Folldal","0439","BLANKE","Blanke",3,1.15718,12,4
"2013","st","Hedmark","Folldal","Folldal","0439","Andre","Andre",0,3.37512,35,6
"2013","st","Hedmark","Folldal","Folldal","0439","Andre2","Andre2",0,0,0,0
"2013","st","Hedmark","Os","Os","0441","A","Arbeiderpartiet",1,38.70173,471,108
"2013","st","Hedmark","Os","Os","0441","SV","Sosialistisk Venstreparti",1,6.4092,78,23
"2013","st","Hedmark","Os","Os","0441","RØDT","Rødt",1,0.49302,6,2
"2013","st","Hedmark","Os","Os","0441","SP","Senterpartiet",1,36.40099,443,65
"2013","st","Hedmark","Os","Os","0441","KRF","Kristelig Folkeparti",1,2.95809,36,8
"2013","st","Hedmark","Os","Os","0441","V","Venstre",1,1.31471,16,3
"2013","st","Hedmark","Os","Os","0441","H","Høyre",1,6.98439,85,25
"2013","st","Hedmark","Os","Os","0441","FRP","Fremskrittspartiet",1,4.10846,50,14
"2013","st","Hedmark","Os","Os","0441","DEMN","Demokratene i Norge",2,0,0,0
"2013","st","Hedmark","Os","Os","0441","KRISTNE","De Kristne",2,0.16434,2,1
"2013","st","Hedmark","Os","Os","0441","KYST","Kystpartiet",2,0,0,0
"2013","st","Hedmark","Os","Os","0441","MDG","Miljøpartiet De Grønne",2,1.80772,22,8
"2013","st","Hedmark","Os","Os","0441","PIR","Piratpartiet",2,0.16434,2,1
"2013","st","Hedmark","Os","Os","0441","PP","Pensjonistpartiet",2,0.49302,6,1
"2013","st","Hedmark","Os","Os","0441","BLANKE","Blanke",3,0.41085,5,1
"2013","st","Hedmark","Os","Os","0441","Andre","Andre",0,2.62942,32,11
"2013","st","Hedmark","Os","Os","0441","Andre2","Andre2",0,0,0,0
"2013","st","Oppland","Lillehammer","Lillehammer","0501","A","Arbeiderpartiet",1,38.42784,6140,1746
"2013","st","Oppland","Lillehammer","Lillehammer","0501","SV","Sosialistisk Venstreparti",1,5.19464,830,271
"2013","st","Oppland","Lillehammer","Lillehammer","0501","RØDT","Rødt",1,1.12029,179,81
"2013","st","Oppland","Lillehammer","Lillehammer","0501","SP","Senterpartiet",1,5.71411,913,200
"2013","st","Oppland","Lillehammer","Lillehammer","0501","KRF","Kristelig Folkeparti",1,3.21066,513,171
"2013","st","Oppland","Lillehammer","Lillehammer","0501","V","Venstre",1,6.55276,1047,298
"2013","st","Oppland","Lillehammer","Lillehammer","0501","H","Høyre",1,23.31331,3725,1213
"2013","st","Oppland","Lillehammer","Lillehammer","0501","FRP","Fremskrittspartiet",1,10.57078,1689,490
"2013","st","Oppland","Lillehammer","Lillehammer","0501","DEMN","Demokratene i Norge",2,0.02503,4,2
"2013","st","Oppland","Lillehammer","Lillehammer","0501","DLF","Det Liberale Folkepartiet",2,0.09388,15,3
"2013","st","Oppland","Lillehammer","Lillehammer","0501","KRISTNE","De Kristne",2,0.2879,46,14
"2013","st","Oppland","Lillehammer","Lillehammer","0501","KYST","Kystpartiet",2,0.05633,9,4
"2013","st","Oppland","Lillehammer","Lillehammer","0501","MDG","Miljøpartiet De Grønne",2,4.2934,686,248
"2013","st","Oppland","Lillehammer","Lillehammer","0501","PIR","Piratpartiet",2,0.38803,62,12
"2013","st","Oppland","Lillehammer","Lillehammer","0501","PP","Pensjonistpartiet",2,0.75103,120,56
"2013","st","Oppland","Lillehammer","Lillehammer","0501","BLANKE","Blanke",3,0.45688,73,16
"2013","st","Oppland","Lillehammer","Lillehammer","0501","Andre","Andre",0,5.89561,942,339
"2013","st","Oppland","Lillehammer","Lillehammer","0501","Andre2","Andre2",0,0,0,0
"2013","st","Oppland","Gjøvik","Gjøvik","0502","A","Arbeiderpartiet",1,42.75547,7209,1505
"2013","st","Oppland","Gjøvik","Gjøvik","0502","SV","Sosialistisk Venstreparti",1,2.62736,443,118
"2013","st","Oppland","Gjøvik","Gjøvik","0502","RØDT","Rødt",1,1.07941,182,61
"2013","st","Oppland","Gjøvik","Gjøvik","0502","SP","Senterpartiet",1,6.31042,1064,146
"2013","st","Oppland","Gjøvik","Gjøvik","0502","KRF","Kristelig Folkeparti",1,4.08635,689,159
"2013","st","Oppland","Gjøvik","Gjøvik","0502","V","Venstre",1,5.05901,853,206
"2013","st","Oppland","Gjøvik","Gjøvik","0502","H","Høyre",1,22.03309,3715,978
"2013","st","Oppland","Gjøvik","Gjøvik","0502","FRP","Fremskrittspartiet",1,11.3635,1916,469
"2013","st","Oppland","Gjøvik","Gjøvik","0502","DEMN","Demokratene i Norge",2,0.06524,11,3
"2013","st","Oppland","Gjøvik","Gjøvik","0502","DLF","Det Liberale Folkepartiet",2,0.05931,10,5
"2013","st","Oppland","Gjøvik","Gjøvik","0502","KRISTNE","De Kristne",2,0.56343,95,32
"2013","st","Oppland","Gjøvik","Gjøvik","0502","KYST","Kystpartiet",2,0.02372,4,0
"2013","st","Oppland","Gjøvik","Gjøvik","0502","MDG","Miljøpartiet De Grønne",2,2.25965,381,114
"2013","st","Oppland","Gjøvik","Gjøvik","0502","PIR","Piratpartiet",2,0.33213,56,17
"2013","st","Oppland","Gjøvik","Gjøvik","0502","PP","Pensjonistpartiet",2,1.38189,233,80
"2013","st","Oppland","Gjøvik","Gjøvik","0502","BLANKE","Blanke",3,0.41516,70,19
"2013","st","Oppland","Gjøvik","Gjøvik","0502","Andre","Andre",0,4.68537,790,251
"2013","st","Oppland","Gjøvik","Gjøvik","0502","Andre2","Andre2",0,0,0,0
"2013","st","Oppland","Dovre","Dovre","0511","A","Arbeiderpartiet",1,42.58778,655,188
"2013","st","Oppland","Dovre","Dovre","0511","SV","Sosialistisk Venstreparti",1,1.88557,29,8
"2013","st","Oppland","Dovre","Dovre","0511","RØDT","Rødt",1,0.26008,4,1
"2013","st","Oppland","Dovre","Dovre","0511","SP","Senterpartiet",1,26.46294,407,85
"2013","st","Oppland","Dovre","Dovre","0511","KRF","Kristelig Folkeparti",1,2.21066,34,11
"2013","st","Oppland","Dovre","Dovre","0511","V","Venstre",1,2.08062,32,5
"2013","st","Oppland","Dovre","Dovre","0511","H","Høyre",1,12.48375,192,58
"2013","st","Oppland","Dovre","Dovre","0511","FRP","Fremskrittspartiet",1,9.42783,145,38
"2013","st","Oppland","Dovre","Dovre","0511","DEMN","Demokratene i Norge",2,0,0,0
"2013","st","Oppland","Dovre","Dovre","0511","DLF","Det Liberale Folkepartiet",2,0.06502,1,1
"2013","st","Oppland","Dovre","Dovre","0511","KRISTNE","De Kristne",2,0.26008,4,2
"2013","st","Oppland","Dovre","Dovre","0511","KYST","Kystpartiet",2,0.13004,2,0
"2013","st","Oppland","Dovre","Dovre","0511","MDG","Miljøpartiet De Grønne",2,1.69051,26,10
"2013","st","Oppland","Dovre","Dovre","0511","PIR","Piratpartiet",2,0.19506,3,1
"2013","st","Oppland","Dovre","Dovre","0511","PP","Pensjonistpartiet",2,0.26008,4,1
"2013","st","Oppland","Dovre","Dovre","0511","BLANKE","Blanke",3,0.26008,4,2
"2013","st","Oppland","Dovre","Dovre","0511","Andre","Andre",0,2.60078,40,15
"2013","st","Oppland","Dovre","Dovre","0511","Andre2","Andre2",0,0,0,0
"2013","st","Oppland","Lesja","Lesja","0512","A","Arbeiderpartiet",1,27.49392,339,110
"2013","st","Oppland","Lesja","Lesja","0512","SV","Sosialistisk Venstreparti",1,1.62206,20,8
"2013","st","Oppland","Lesja","Lesja","0512","RØDT","Rødt",1,0.32441,4,2
"2013","st","Oppland","Lesja","Lesja","0512","SP","Senterpartiet",1,42.82238,528,142
"2013","st","Oppland","Lesja","Lesja","0512","KRF","Kristelig Folkeparti",1,2.6764,33,9
"2013","st","Oppland","Lesja","Lesja","0512","V","Venstre",1,2.35199,29,13
"2013","st","Oppland","Lesja","Lesja","0512","H","Høyre",1,12.00324,148,59
"2013","st","Oppland","Lesja","Lesja","0512","FRP","Fremskrittspartiet",1,8.0292,99,39
"2013","st","Oppland","Lesja","Lesja","0512","DEMN","Demokratene i Norge",2,0,0,0
"2013","st","Oppland","Lesja","Lesja","0512","DLF","Det Liberale Folkepartiet",2,0,0,0
"2013","st","Oppland","Lesja","Lesja","0512","KRISTNE","De Kristne",2,0.56772,7,4
"2013","st","Oppland","Lesja","Lesja","0512","KYST","Kystpartiet",2,0,0,0
"2013","st","Oppland","Lesja","Lesja","0512","MDG","Miljøpartiet De Grønne",2,1.37875,17,8
"2013","st","Oppland","Lesja","Lesja","0512","PIR","Piratpartiet",2,0.24331,3,3
"2013","st","Oppland","Lesja","Lesja","0512","PP","Pensjonistpartiet",2,0.48662,6,1
"2013","st","Oppland","Lesja","Lesja","0512","BLANKE","Blanke",3,0.48662,6,3
"2013","st","Oppland","Lesja","Lesja","0512","Andre","Andre",0,2.6764,33,16
"2013","st","Oppland","Lesja","Lesja","0512","Andre2","Andre2",0,0,0,0
"2013","st","Oppland","Skjåk","Skjåk","0513","A","Arbeiderpartiet",1,36.54902,466,146
"2013","st","Oppland","Skjåk","Skjåk","0513","SV","Sosialistisk Venstreparti",1,2.5098,32,15
"2013","st","Oppland","Skjåk","Skjåk","0513","RØDT","Rødt",1,0.62745,8,5
"2013","st","Oppland","Skjåk","Skjåk","0513","SP","Senterpartiet",1,34.03922,434,98
"2013","st","Oppland","Skjåk","Skjåk","0513","KRF","Kristelig Folkeparti",1,1.33333,17,5
"2013","st","Oppland","Skjåk","Skjåk","0513","V","Venstre",1,1.96078,25,11
"2013","st","Oppland","Skjåk","Skjåk","0513","H","Høyre",1,9.96078,127,55
"2013","st","Oppland","Skjåk","Skjåk","0513","FRP","Fremskrittspartiet",1,9.56863,122,45
"2013","st","Oppland","Skjåk","Skjåk","0513","DEMN","Demokratene i Norge",2,0,0,0
"2013","st","Oppland","Skjåk","Skjåk","0513","DLF","Det Liberale Folkepartiet",2,0,0,0
"2013","st","Oppland","Skjåk","Skjåk","0513","KRISTNE","De Kristne",2,0.39216,5,2
"2013","st","Oppland","Skjåk","Skjåk","0513","KYST","Kystpartiet",2,0.15686,2,1
"2013","st","Oppland","Skjåk","Skjåk","0513","MDG","Miljøpartiet De Grønne",2,1.80392,23,5
"2013","st","Oppland","Skjåk","Skjåk","0513","PIR","Piratpartiet",2,0.31373,4,1
"2013","st","Oppland","Skjåk","Skjåk","0513","PP","Pensjonistpartiet",2,0.78431,10,3
"2013","st","Oppland","Skjåk","Skjåk","0513","BLANKE","Blanke",3,0.86275,11,4
"2013","st","Oppland","Skjåk","Skjåk","0513","Andre","Andre",0,3.45098,44,12
"2013","st","Oppland","Skjåk","Skjåk","0513","Andre2","Andre2",0,0,0,0
"2013","st","Oppland","Lom","Lom","0514","A","Arbeiderpartiet",1,38.19133,511,164
"2013","st","Oppland","Lom","Lom","0514","SV","Sosialistisk Venstreparti",1,2.76532,37,16
"2013","st","Oppland","Lom","Lom","0514","RØDT","Rødt",1,0.37369,5,0
"2013","st","Oppland","Lom","Lom","0514","SP","Senterpartiet",1,31.61435,423,110
"2013","st","Oppland","Lom","Lom","0514","KRF","Kristelig Folkeparti",1,2.69058,36,10
"2013","st","Oppland","Lom","Lom","0514","V","Venstre",1,2.31689,31,7
"2013","st","Oppland","Lom","Lom","0514","H","Høyre",1,11.65919,156,64
"2013","st","Oppland","Lom","Lom","0514","FRP","Fremskrittspartiet",1,7.7728,104,33
"2013","st","Oppland","Lom","Lom","0514","DEMN","Demokratene i Norge",2,0,0,0
"2013","st","Oppland","Lom","Lom","0514","DLF","Det Liberale Folkepartiet",2,0,0,0
"2013","st","Oppland","Lom","Lom","0514","KRISTNE","De Kristne",2,0.37369,5,2
"2013","st","Oppland","Lom","Lom","0514","KYST","Kystpartiet",2,0.07474,1,0
"2013","st","Oppland","Lom","Lom","0514","MDG","Miljøpartiet De Grønne",2,1.64425,22,10
"2013","st","Oppland","Lom","Lom","0514","PIR","Piratpartiet",2,0.07474,1,0
"2013","st","Oppland","Lom","Lom","0514","PP","Pensjonistpartiet",2,0.44843,6,3
"2013","st","Oppland","Lom","Lom","0514","BLANKE","Blanke",3,0.44843,6,4
"2013","st","Oppland","Lom","Lom","0514","Andre","Andre",0,2.61584,35,15
"2013","st","Oppland","Lom","Lom","0514","Andre2","Andre2",0,0,0,0
"2013","st","Oppland","Vågå","Vågå","0515","A","Arbeiderpartiet",1,46.62005,1000,178
"2013","st","Oppland","Vågå","Vågå","0515","SV","Sosialistisk Venstreparti",1,3.91608,84,28
"2013","st","Oppland","Vågå","Vågå","0515","RØDT","Rødt",1,0.74592,16,5
"2013","st","Oppland","Vågå","Vågå","0515","SP","Senterpartiet",1,20.74592,445,71
"2013","st","Oppland","Vågå","Vågå","0515","KRF","Kristelig Folkeparti",1,1.81818,39,8
"2013","st","Oppland","Vågå","Vågå","0515","V","Venstre",1,1.58508,34,11
"2013","st","Oppland","Vågå","Vågå","0515","H","Høyre",1,12.35431,265,70
"2013","st","Oppland","Vågå","Vågå","0515","FRP","Fremskrittspartiet",1,8.34499,179,37
"2013","st","Oppland","Vågå","Vågå","0515","DEMN","Demokratene i Norge",2,0.37296,8,1
"2013","st","Oppland","Vågå","Vågå","0515","DLF","Det Liberale Folkepartiet",2,0.09324,2,0
"2013","st","Oppland","Vågå","Vågå","0515","KRISTNE","De Kristne",2,0.41958,9,2
"2013","st","Oppland","Vågå","Vågå","0515","KYST","Kystpartiet",2,0.04662,1,0
"2013","st","Oppland","Vågå","Vågå","0515","MDG","Miljøpartiet De Grønne",2,2.47086,53,16
"2013","st","Oppland","Vågå","Vågå","0515","PIR","Piratpartiet",2,0.18648,4,3
"2013","st","Oppland","Vågå","Vågå","0515","PP","Pensjonistpartiet",2,0.27972,6,0
"2013","st","Oppland","Vågå","Vågå","0515","BLANKE","Blanke",3,0.74592,16,3
"2013","st","Oppland","Vågå","Vågå","0515","Andre","Andre",0,3.86946,83,22
"2013","st","Oppland","Vågå","Vågå","0515","Andre2","Andre2",0,0,0,0
"2013","st","Oppland","Nord-Fron","Nord-Fron","0516","A","Arbeiderpartiet",1,45.51851,1488,332
"2013","st","Oppland","Nord-Fron","Nord-Fron","0516","SV","Sosialistisk Venstreparti",1,1.8966,62,17
"2013","st","Oppland","Nord-Fron","Nord-Fron","0516","RØDT","Rødt",1,0.33649,11,2
"2013","st","Oppland","Nord-Fron","Nord-Fron","0516","SP","Senterpartiet",1,18.53778,606,100
"2013","st","Oppland","Nord-Fron","Nord-Fron","0516","KRF","Kristelig Folkeparti",1,2.69195,88,21
"2013","st","Oppland","Nord-Fron","Nord-Fron","0516","V","Venstre",1,2.11074,69,24
"2013","st","Oppland","Nord-Fron","Nord-Fron","0516","H","Høyre",1,15.96819,522,154
"2013","st","Oppland","Nord-Fron","Nord-Fron","0516","FRP","Fremskrittspartiet",1,11.10431,363,91
"2013","st","Oppland","Nord-Fron","Nord-Fron","0516","DEMN","Demokratene i Norge",2,0.03059,1,0
"2013","st","Oppland","Nord-Fron","Nord-Fron","0516","DLF","Det Liberale Folkepartiet",2,0.03059,1,0
"2013","st","Oppland","Nord-Fron","Nord-Fron","0516","KRISTNE","De Kristne",2,0.52004,17,7
"2013","st","Oppland","Nord-Fron","Nord-Fron","0516","KYST","Kystpartiet",2,0,0,0
"2013","st","Oppland","Nord-Fron","Nord-Fron","0516","MDG","Miljøpartiet De Grønne",2,0.85653,28,8
"2013","st","Oppland","Nord-Fron","Nord-Fron","0516","PIR","Piratpartiet",2,0.15295,5,1
"2013","st","Oppland","Nord-Fron","Nord-Fron","0516","PP","Pensjonistpartiet",2,0.24472,8,2
"2013","st","Oppland","Nord-Fron","Nord-Fron","0516","BLANKE","Blanke",3,0.36708,12,5
"2013","st","Oppland","Nord-Fron","Nord-Fron","0516","Andre","Andre",0,1.83542,60,18
"2013","st","Oppland","Nord-Fron","Nord-Fron","0516","Andre2","Andre2",0,0,0,0
"2013","st","Oppland","Sel","Sel","0517","A","Arbeiderpartiet",1,50.68368,1668,474
"2013","st","Oppland","Sel","Sel","0517","SV","Sosialistisk Venstreparti",1,3.73747,123,40
"2013","st","Oppland","Sel","Sel","0517","RØDT","Rødt",1,0.60772,20,9
"2013","st","Oppland","Sel","Sel","0517","SP","Senterpartiet",1,12.57976,414,102
"2013","st","Oppland","Sel","Sel","0517","KRF","Kristelig Folkeparti",1,2.33971,77,20
"2013","st","Oppland","Sel","Sel","0517","V","Venstre",1,2.30933,76,23
"2013","st","Oppland","Sel","Sel","0517","H","Høyre",1,13.73443,452,158
"2013","st","Oppland","Sel","Sel","0517","FRP","Fremskrittspartiet",1,10.27043,338,111
"2013","st","Oppland","Sel","Sel","0517","DEMN","Demokratene i Norge",2,0.06077,2,2
"2013","st","Oppland","Sel","Sel","0517","DLF","Det Liberale Folkepartiet",2,0.09116,3,2
"2013","st","Oppland","Sel","Sel","0517","KRISTNE","De Kristne",2,0.60772,20,5
"2013","st","Oppland","Sel","Sel","0517","KYST","Kystpartiet",2,0.09116,3,1
"2013","st","Oppland","Sel","Sel","0517","MDG","Miljøpartiet De Grønne",2,2.33971,77,38
"2013","st","Oppland","Sel","Sel","0517","PIR","Piratpartiet",2,0.27347,9,5
"2013","st","Oppland","Sel","Sel","0517","PP","Pensjonistpartiet",2,0.27347,9,3
"2013","st","Oppland","Sel","Sel","0517","BLANKE","Blanke",3,0.39502,13,4
"2013","st","Oppland","Sel","Sel","0517","Andre","Andre",0,3.73747,123,56
"2013","st","Oppland","Sel","Sel","0517","Andre2","Andre2",0,0,0,0
"2013","st","Oppland","Sør-Fron","Sør-Fron","0519","A","Arbeiderpartiet",1,46.97911,832,213
"2013","st","Oppland","Sør-Fron","Sør-Fron","0519","SV","Sosialistisk Venstreparti",1,1.2987,23,10
"2013","st","Oppland","Sør-Fron","Sør-Fron","0519","RØDT","Rødt",1,0.45172,8,3
"2013","st","Oppland","Sør-Fron","Sør-Fron","0519","SP","Senterpartiet",1,23.15076,410,74
"2013","st","Oppland","Sør-Fron","Sør-Fron","0519","KRF","Kristelig Folkeparti",1,1.63749,29,4
"2013","st","Oppland","Sør-Fron","Sør-Fron","0519","V","Venstre",1,2.20215,39,9
"2013","st","Oppland","Sør-Fron","Sør-Fron","0519","H","Høyre",1,11.74478,208,54
"2013","st","Oppland","Sør-Fron","Sør-Fron","0519","FRP","Fremskrittspartiet",1,10.44608,185,39
"2013","st","Oppland","Sør-Fron","Sør-Fron","0519","DEMN","Demokratene i Norge",2,0.05647,1,0
"2013","st","Oppland","Sør-Fron","Sør-Fron","0519","DLF","Det Liberale Folkepartiet",2,0.05647,1,0
"2013","st","Oppland","Sør-Fron","Sør-Fron","0519","KRISTNE","De Kristne",2,0.45172,8,1
"2013","st","Oppland","Sør-Fron","Sør-Fron","0519","KYST","Kystpartiet",2,0.11293,2,1
"2013","st","Oppland","Sør-Fron","Sør-Fron","0519","MDG","Miljøpartiet De Grønne",2,1.07284,19,6
"2013","st","Oppland","Sør-Fron","Sør-Fron","0519","PIR","Piratpartiet",2,0.11293,2,0
"2013","st","Oppland","Sør-Fron","Sør-Fron","0519","PP","Pensjonistpartiet",2,0.22586,4,0
"2013","st","Oppland","Sør-Fron","Sør-Fron","0519","BLANKE","Blanke",3,0.62112,11,1
"2013","st","Oppland","Sør-Fron","Sør-Fron","0519","Andre","Andre",0,2.08922,37,8
"2013","st","Oppland","Sør-Fron","Sør-Fron","0519","Andre2","Andre2",0,0,0,0
"2013","st","Oppland","Ringebu","Ringebu","0520","A","Arbeiderpartiet",1,40.77943,1015,207
"2013","st","Oppland","Ringebu","Ringebu","0520","SV","Sosialistisk Venstreparti",1,2.41061,60,16
"2013","st","Oppland","Ringebu","Ringebu","0520","RØDT","Rødt",1,0.36159,9,6
"2013","st","Oppland","Ringebu","Ringebu","0520","SP","Senterpartiet",1,24.86943,619,95
"2013","st","Oppland","Ringebu","Ringebu","0520","KRF","Kristelig Folkeparti",1,2.9329,73,16
"2013","st","Oppland","Ringebu","Ringebu","0520","V","Venstre",1,3.21414,80,13
"2013","st","Oppland","Ringebu","Ringebu","0520","H","Høyre",1,12.81639,319,76
"2013","st","Oppland","Ringebu","Ringebu","0520","FRP","Fremskrittspartiet",1,10.12455,252,63
"2013","st","Oppland","Ringebu","Ringebu","0520","DEMN","Demokratene i Norge",2,0,0,0
"2013","st","Oppland","Ringebu","Ringebu","0520","DLF","Det Liberale Folkepartiet",2,0,0,0
"2013","st","Oppland","Ringebu","Ringebu","0520","KRISTNE","De Kristne",2,0.24106,6,1
"2013","st","Oppland","Ringebu","Ringebu","0520","KYST","Kystpartiet",2,0,0,0
"2013","st","Oppland","Ringebu","Ringebu","0520","MDG","Miljøpartiet De Grønne",2,1.28566,32,11
"2013","st","Oppland","Ringebu","Ringebu","0520","PIR","Piratpartiet",2,0.36159,9,2
"2013","st","Oppland","Ringebu","Ringebu","0520","PP","Pensjonistpartiet",2,0.60265,15,5
"2013","st","Oppland","Ringebu","Ringebu","0520","BLANKE","Blanke",3,0.44194,11,3
"2013","st","Oppland","Ringebu","Ringebu","0520","Andre","Andre",0,2.49096,62,19
"2013","st","Oppland","Ringebu","Ringebu","0520","Andre2","Andre2",0,0,0,0
"2013","st","Oppland","Øyer","Øyer","0521","A","Arbeiderpartiet",1,41.97928,1175,246
"2013","st","Oppland","Øyer","Øyer","0521","SV","Sosialistisk Venstreparti",1,2.32226,65,21
"2013","st","Oppland","Øyer","Øyer","0521","RØDT","Rødt",1,0.46445,13,5
"2013","st","Oppland","Øyer","Øyer","0521","SP","Senterpartiet",1,19.32833,541,93
"2013","st","Oppland","Øyer","Øyer","0521","KRF","Kristelig Folkeparti",1,3.71561,104,24
"2013","st","Oppland","Øyer","Øyer","0521","V","Venstre",1,3.35834,94,31
"2013","st","Oppland","Øyer","Øyer","0521","H","Høyre",1,16.50589,462,145
"2013","st","Oppland","Øyer","Øyer","0521","FRP","Fremskrittspartiet",1,9.28903,260,58
"2013","st","Oppland","Øyer","Øyer","0521","DEMN","Demokratene i Norge",2,0,0,0
"2013","st","Oppland","Øyer","Øyer","0521","DLF","Det Liberale Folkepartiet",2,0.10718,3,1
"2013","st","Oppland","Øyer","Øyer","0521","KRISTNE","De Kristne",2,0.32154,9,1
"2013","st","Oppland","Øyer","Øyer","0521","KYST","Kystpartiet",2,0.03573,1,0
"2013","st","Oppland","Øyer","Øyer","0521","MDG","Miljøpartiet De Grønne",2,1.92926,54,22
"2013","st","Oppland","Øyer","Øyer","0521","PIR","Piratpartiet",2,0.393,11,0
"2013","st","Oppland","Øyer","Øyer","0521","PP","Pensjonistpartiet",2,0.25009,7,0
"2013","st","Oppland","Øyer","Øyer","0521","BLANKE","Blanke",3,0.53591,15,3
"2013","st","Oppland","Øyer","Øyer","0521","Andre","Andre",0,3.0368,85,24
"2013","st","Oppland","Øyer","Øyer","0521","Andre2","Andre2",0,0,0,0
"2013","st","Oppland","Gausdal","Gausdal","0522","A","Arbeiderpartiet",1,44.82363,1563,418
"2013","st","Oppland","Gausdal","Gausdal","0522","SV","Sosialistisk Venstreparti",1,1.77803,62,14
"2013","st","Oppland","Gausdal","Gausdal","0522","RØDT","Rødt",1,0.5162,18,6
"2013","st","Oppland","Gausdal","Gausdal","0522","SP","Senterpartiet",1,21.8526,762,157
"2013","st","Oppland","Gausdal","Gausdal","0522","KRF","Kristelig Folkeparti",1,2.29424,80,27
"2013","st","Oppland","Gausdal","Gausdal","0522","V","Venstre",1,3.52739,123,30
"2013","st","Oppland","Gausdal","Gausdal","0522","H","Høyre",1,11.12704,388,107
"2013","st","Oppland","Gausdal","Gausdal","0522","FRP","Fremskrittspartiet",1,10.55348,368,102
"2013","st","Oppland","Gausdal","Gausdal","0522","DEMN","Demokratene i Norge",2,0.02868,1,1
"2013","st","Oppland","Gausdal","Gausdal","0522","DLF","Det Liberale Folkepartiet",2,0.02868,1,1
"2013","st","Oppland","Gausdal","Gausdal","0522","KRISTNE","De Kristne",2,0.28678,10,8
"2013","st","Oppland","Gausdal","Gausdal","0522","KYST","Kystpartiet",2,0.02868,1,0
"2013","st","Oppland","Gausdal","Gausdal","0522","MDG","Miljøpartiet De Grønne",2,2.23688,78,21
"2013","st","Oppland","Gausdal","Gausdal","0522","PIR","Piratpartiet",2,0.40149,14,2
"2013","st","Oppland","Gausdal","Gausdal","0522","PP","Pensjonistpartiet",2,0.5162,18,11
"2013","st","Oppland","Gausdal","Gausdal","0522","BLANKE","Blanke",3,0.54488,19,6
"2013","st","Oppland","Gausdal","Gausdal","0522","Andre","Andre",0,3.52739,123,44
"2013","st","Oppland","Gausdal","Gausdal","0522","Andre2","Andre2",0,0,0,0
"2013","st","Oppland","Østre Toten","Østre Toten","0528","A","Arbeiderpartiet",1,40.95897,3434,667
"2013","st","Oppland","Østre Toten","Østre Toten","0528","SV","Sosialistisk Venstreparti",1,2.0396,171,39
"2013","st","Oppland","Østre Toten","Østre Toten","0528","RØDT","Rødt",1,0.78721,66,19
"2013","st","Oppland","Østre Toten","Østre Toten","0528","SP","Senterpartiet",1,11.45038,960,170
"2013","st","Oppland","Østre Toten","Østre Toten","0528","KRF","Kristelig Folkeparti",1,3.88836,326,84
"2013","st","Oppland","Østre Toten","Østre Toten","0528","V","Venstre",1,4.61594,387,80
"2013","st","Oppland","Østre Toten","Østre Toten","0528","H","Høyre",1,18.20134,1526,360
"2013","st","Oppland","Østre Toten","Østre Toten","0528","FRP","Fremskrittspartiet",1,12.77433,1071,251
"2013","st","Oppland","Østre Toten","Østre Toten","0528","DEMN","Demokratene i Norge",2,0.14313,12,4
"2013","st","Oppland","Østre Toten","Østre Toten","0528","DLF","Det Liberale Folkepartiet",2,0.03578,3,0
"2013","st","Oppland","Østre Toten","Østre Toten","0528","KRISTNE","De Kristne",2,0.62023,52,15
"2013","st","Oppland","Østre Toten","Østre Toten","0528","KYST","Kystpartiet",2,0.27433,23,7
"2013","st","Oppland","Østre Toten","Østre Toten","0528","MDG","Miljøpartiet De Grønne",2,2.13502,179,59
"2013","st","Oppland","Østre Toten","Østre Toten","0528","PIR","Piratpartiet",2,0.2624,22,7
"2013","st","Oppland","Østre Toten","Østre Toten","0528","PP","Pensjonistpartiet",2,1.81298,152,45
"2013","st","Oppland","Østre Toten","Østre Toten","0528","BLANKE","Blanke",3,0.40553,34,6
"2013","st","Oppland","Østre Toten","Østre Toten","0528","Andre","Andre",0,5.28387,443,137
"2013","st","Oppland","Østre Toten","Østre Toten","0528","Andre2","Andre2",0,0,0,0
"2013","st","Oppland","Vestre Toten","Vestre Toten","0529","A","Arbeiderpartiet",1,44.00639,3304,532
"2013","st","Oppland","Vestre Toten","Vestre Toten","0529","SV","Sosialistisk Venstreparti",1,2.34417,176,37
"2013","st","Oppland","Vestre Toten","Vestre Toten","0529","RØDT","Rødt",1,0.94566,71,11
"2013","st","Oppland","Vestre Toten","Vestre Toten","0529","SP","Senterpartiet",1,7.77837,584,55
"2013","st","Oppland","Vestre Toten","Vestre Toten","0529","KRF","Kristelig Folkeparti",1,3.52957,265,54
"2013","st","Oppland","Vestre Toten","Vestre Toten","0529","V","Venstre",1,3.70272,278,46
"2013","st","Oppland","Vestre Toten","Vestre Toten","0529","H","Høyre",1,19.20618,1442,263
"2013","st","Oppland","Vestre Toten","Vestre Toten","0529","FRP","Fremskrittspartiet",1,15.17048,1139,217
"2013","st","Oppland","Vestre Toten","Vestre Toten","0529","DEMN","Demokratene i Norge",2,0.03996,3,2
"2013","st","Oppland","Vestre Toten","Vestre Toten","0529","DLF","Det Liberale Folkepartiet",2,0.05328,4,0
"2013","st","Oppland","Vestre Toten","Vestre Toten","0529","KRISTNE","De Kristne",2,0.35962,27,8
"2013","st","Oppland","Vestre Toten","Vestre Toten","0529","KYST","Kystpartiet",2,0.07991,6,0
"2013","st","Oppland","Vestre Toten","Vestre Toten","0529","MDG","Miljøpartiet De Grønne",2,1.73149,130,42
"2013","st","Oppland","Vestre Toten","Vestre Toten","0529","PIR","Piratpartiet",2,0.29302,22,6
"2013","st","Oppland","Vestre Toten","Vestre Toten","0529","PP","Pensjonistpartiet",2,0.75919,57,14
"2013","st","Oppland","Vestre Toten","Vestre Toten","0529","BLANKE","Blanke",3,0.46617,35,5
"2013","st","Oppland","Vestre Toten","Vestre Toten","0529","Andre","Andre",0,3.31646,249,72
"2013","st","Oppland","Vestre Toten","Vestre Toten","0529","Andre2","Andre2",0,0,0,0
"2013","st","Oppland","Jevnaker","Jevnaker","0532","A","Arbeiderpartiet",1,40.60367,1547,415
"2013","st","Oppland","Jevnaker","Jevnaker","0532","SV","Sosialistisk Venstreparti",1,3.43832,131,27
"2013","st","Oppland","Jevnaker","Jevnaker","0532","RØDT","Rødt",1,0.60367,23,5
"2013","st","Oppland","Jevnaker","Jevnaker","0532","SP","Senterpartiet",1,4.4357,169,35
"2013","st","Oppland","Jevnaker","Jevnaker","0532","KRF","Kristelig Folkeparti",1,1.91601,73,26
"2013","st","Oppland","Jevnaker","Jevnaker","0532","V","Venstre",1,1.99475,76,11
"2013","st","Oppland","Jevnaker","Jevnaker","0532","H","Høyre",1,24.27822,925,212
"2013","st","Oppland","Jevnaker","Jevnaker","0532","FRP","Fremskrittspartiet",1,19.58005,746,171
"2013","st","Oppland","Jevnaker","Jevnaker","0532","DEMN","Demokratene i Norge",2,0.07874,3,0
"2013","st","Oppland","Jevnaker","Jevnaker","0532","DLF","Det Liberale Folkepartiet",2,0,0,0
"2013","st","Oppland","Jevnaker","Jevnaker","0532","KRISTNE","De Kristne",2,0.31496,12,5
"2013","st","Oppland","Jevnaker","Jevnaker","0532","KYST","Kystpartiet",2,0.07874,3,2
"2013","st","Oppland","Jevnaker","Jevnaker","0532","MDG","Miljøpartiet De Grønne",2,2.17848,83,24
"2013","st","Oppland","Jevnaker","Jevnaker","0532","PIR","Piratpartiet",2,0.18373,7,0
"2013","st","Oppland","Jevnaker","Jevnaker","0532","PP","Pensjonistpartiet",2,0.31496,12,3
"2013","st","Oppland","Jevnaker","Jevnaker","0532","BLANKE","Blanke",3,0.36745,14,4
"2013","st","Oppland","Jevnaker","Jevnaker","0532","Andre","Andre",0,3.14961,120,34
"2013","st","Oppland","Jevnaker","Jevnaker","0532","Andre2","Andre2",0,0,0,0
"2013","st","Oppland","Lunner","Lunner","0533","A","Arbeiderpartiet",1,36.23759,1934,401
"2013","st","Oppland","Lunner","Lunner","0533","SV","Sosialistisk Venstreparti",1,3.11036,166,40
"2013","st","Oppland","Lunner","Lunner","0533","RØDT","Rødt",1,0.73075,39,11
"2013","st","Oppland","Lunner","Lunner","0533","SP","Senterpartiet",1,6.16451,329,54
"2013","st","Oppland","Lunner","Lunner","0533","KRF","Kristelig Folkeparti",1,4.00974,214,45
"2013","st","Oppland","Lunner","Lunner","0533","V","Venstre",1,3.67248,196,31
"2013","st","Oppland","Lunner","Lunner","0533","H","Høyre",1,24.15215,1289,250
"2013","st","Oppland","Lunner","Lunner","0533","FRP","Fremskrittspartiet",1,17.68784,944,174
"2013","st","Oppland","Lunner","Lunner","0533","DEMN","Demokratene i Norge",2,0,0,0
"2013","st","Oppland","Lunner","Lunner","0533","DLF","Det Liberale Folkepartiet",2,0.09369,5,2
"2013","st","Oppland","Lunner","Lunner","0533","KRISTNE","De Kristne",2,0.31853,17,3
"2013","st","Oppland","Lunner","Lunner","0533","KYST","Kystpartiet",2,0.01874,1,0
"2013","st","Oppland","Lunner","Lunner","0533","MDG","Miljøpartiet De Grønne",2,3.24152,173,32
"2013","st","Oppland","Lunner","Lunner","0533","PIR","Piratpartiet",2,0.18737,10,5
"2013","st","Oppland","Lunner","Lunner","0533","PP","Pensjonistpartiet",2,0.37474,20,6
"2013","st","Oppland","Lunner","Lunner","0533","BLANKE","Blanke",3,0.56211,30,6
"2013","st","Oppland","Lunner","Lunner","0533","Andre","Andre",0,4.23459,226,48
"2013","st","Oppland","Lunner","Lunner","0533","Andre2","Andre2",0,0,0,0
"2013","st","Oppland","Gran","Gran","0534","A","Arbeiderpartiet",1,36.27586,2893,713
"2013","st","Oppland","Gran","Gran","0534","SV","Sosialistisk Venstreparti",1,2.40752,192,51
"2013","st","Oppland","Gran","Gran","0534","RØDT","Rødt",1,0.72727,58,21
"2013","st","Oppland","Gran","Gran","0534","SP","Senterpartiet",1,10.48276,836,123
"2013","st","Oppland","Gran","Gran","0534","KRF","Kristelig Folkeparti",1,2.60815,208,55
"2013","st","Oppland","Gran","Gran","0534","V","Venstre",1,3.54859,283,69
"2013","st","Oppland","Gran","Gran","0534","H","Høyre",1,21.80564,1739,451
"2013","st","Oppland","Gran","Gran","0534","FRP","Fremskrittspartiet",1,18.15674,1448,368
"2013","st","Oppland","Gran","Gran","0534","DEMN","Demokratene i Norge",2,0.05016,4,0
"2013","st","Oppland","Gran","Gran","0534","DLF","Det Liberale Folkepartiet",2,0.05016,4,1
"2013","st","Oppland","Gran","Gran","0534","KRISTNE","De Kristne",2,0.40125,32,9
"2013","st","Oppland","Gran","Gran","0534","KYST","Kystpartiet",2,0.10031,8,2
"2013","st","Oppland","Gran","Gran","0534","MDG","Miljøpartiet De Grønne",2,2.48276,198,69
"2013","st","Oppland","Gran","Gran","0534","PIR","Piratpartiet",2,0.25078,20,3
"2013","st","Oppland","Gran","Gran","0534","PP","Pensjonistpartiet",2,0.65204,52,16
"2013","st","Oppland","Gran","Gran","0534","BLANKE","Blanke",3,0.48903,39,11
"2013","st","Oppland","Gran","Gran","0534","Andre","Andre",0,3.98746,318,100
"2013","st","Oppland","Gran","Gran","0534","Andre2","Andre2",0,0,0,0
"2013","st","Oppland","Søndre Land","Søndre Land","0536","A","Arbeiderpartiet",1,48.0038,1515,413
"2013","st","Oppland","Søndre Land","Søndre Land","0536","SV","Sosialistisk Venstreparti",1,4.24588,134,43
"2013","st","Oppland","Søndre Land","Søndre Land","0536","RØDT","Rødt",1,0.63371,20,8
"2013","st","Oppland","Søndre Land","Søndre Land","0536","SP","Senterpartiet",1,8.71356,275,56
"2013","st","Oppland","Søndre Land","Søndre Land","0536","KRF","Kristelig Folkeparti",1,2.47148,78,21
"2013","st","Oppland","Søndre Land","Søndre Land","0536","V","Venstre",1,2.4398,77,18
"2013","st","Oppland","Søndre Land","Søndre Land","0536","H","Høyre",1,15.58935,492,113
"2013","st","Oppland","Søndre Land","Søndre Land","0536","FRP","Fremskrittspartiet",1,14.8289,468,126
"2013","st","Oppland","Søndre Land","Søndre Land","0536","DEMN","Demokratene i Norge",2,0.06337,2,0
"2013","st","Oppland","Søndre Land","Søndre Land","0536","DLF","Det Liberale Folkepartiet",2,0.03169,1,0
"2013","st","Oppland","Søndre Land","Søndre Land","0536","KRISTNE","De Kristne",2,0.28517,9,0
"2013","st","Oppland","Søndre Land","Søndre Land","0536","KYST","Kystpartiet",2,0.06337,2,0
"2013","st","Oppland","Søndre Land","Søndre Land","0536","MDG","Miljøpartiet De Grønne",2,2.18631,69,25
"2013","st","Oppland","Søndre Land","Søndre Land","0536","PIR","Piratpartiet",2,0.15843,5,2
"2013","st","Oppland","Søndre Land","Søndre Land","0536","PP","Pensjonistpartiet",2,0.28517,9,1
"2013","st","Oppland","Søndre Land","Søndre Land","0536","BLANKE","Blanke",3,0.41191,13,3
"2013","st","Oppland","Søndre Land","Søndre Land","0536","Andre","Andre",0,3.07351,97,28
"2013","st","Oppland","Søndre Land","Søndre Land","0536","Andre2","Andre2",0,0,0,0
"2013","st","Oppland","Nordre Land","Nordre Land","0538","A","Arbeiderpartiet",1,48.15508,1801,403
"2013","st","Oppland","Nordre Land","Nordre Land","0538","SV","Sosialistisk Venstreparti",1,3.07487,115,36
"2013","st","Oppland","Nordre Land","Nordre Land","0538","RØDT","Rødt",1,0.64171,24,6
"2013","st","Oppland","Nordre Land","Nordre Land","0538","SP","Senterpartiet",1,12.64706,473,76
"2013","st","Oppland","Nordre Land","Nordre Land","0538","KRF","Kristelig Folkeparti",1,3.04813,114,28
"2013","st","Oppland","Nordre Land","Nordre Land","0538","V","Venstre",1,2.54011,95,30
"2013","st","Oppland","Nordre Land","Nordre Land","0538","H","Høyre",1,14.4385,540,122
"2013","st","Oppland","Nordre Land","Nordre Land","0538","FRP","Fremskrittspartiet",1,13.02139,487,123
"2013","st","Oppland","Nordre Land","Nordre Land","0538","DEMN","Demokratene i Norge",2,0.02674,1,1
"2013","st","Oppland","Nordre Land","Nordre Land","0538","DLF","Det Liberale Folkepartiet",2,0.05348,2,0
"2013","st","Oppland","Nordre Land","Nordre Land","0538","KRISTNE","De Kristne",2,0.42781,16,6
"2013","st","Oppland","Nordre Land","Nordre Land","0538","KYST","Kystpartiet",2,0.02674,1,0
"2013","st","Oppland","Nordre Land","Nordre Land","0538","MDG","Miljøpartiet De Grønne",2,1.09626,41,11
"2013","st","Oppland","Nordre Land","Nordre Land","0538","PIR","Piratpartiet",2,0.2139,8,2
"2013","st","Oppland","Nordre Land","Nordre Land","0538","PP","Pensjonistpartiet",2,0.58824,22,7
"2013","st","Oppland","Nordre Land","Nordre Land","0538","BLANKE","Blanke",3,0.50802,19,3
"2013","st","Oppland","Nordre Land","Nordre Land","0538","Andre","Andre",0,2.43316,91,27
"2013","st","Oppland","Nordre Land","Nordre Land","0538","Andre2","Andre2",0,0,0,0
"2013","st","Oppland","Sør-Aurdal","Sør-Aurdal","0540","A","Arbeiderpartiet",1,40.0111,721,113
"2013","st","Oppland","Sør-Aurdal","Sør-Aurdal","0540","SV","Sosialistisk Venstreparti",1,1.44284,26,8
"2013","st","Oppland","Sør-Aurdal","Sør-Aurdal","0540","RØDT","Rødt",1,0.27747,5,2
"2013","st","Oppland","Sør-Aurdal","Sør-Aurdal","0540","SP","Senterpartiet",1,17.98002,324,37
"2013","st","Oppland","Sør-Aurdal","Sør-Aurdal","0540","KRF","Kristelig Folkeparti",1,4.71698,85,16
"2013","st","Oppland","Sør-Aurdal","Sør-Aurdal","0540","V","Venstre",1,2.66371,48,11
"2013","st","Oppland","Sør-Aurdal","Sør-Aurdal","0540","H","Høyre",1,16.64817,300,54
"2013","st","Oppland","Sør-Aurdal","Sør-Aurdal","0540","FRP","Fremskrittspartiet",1,13.42952,242,50
"2013","st","Oppland","Sør-Aurdal","Sør-Aurdal","0540","DEMN","Demokratene i Norge",2,0,0,0
"2013","st","Oppland","Sør-Aurdal","Sør-Aurdal","0540","DLF","Det Liberale Folkepartiet",2,0,0,0
"2013","st","Oppland","Sør-Aurdal","Sør-Aurdal","0540","KRISTNE","De Kristne",2,0.49945,9,2
"2013","st","Oppland","Sør-Aurdal","Sør-Aurdal","0540","KYST","Kystpartiet",2,0,0,0
"2013","st","Oppland","Sør-Aurdal","Sør-Aurdal","0540","MDG","Miljøpartiet De Grønne",2,1.8313,33,12
"2013","st","Oppland","Sør-Aurdal","Sør-Aurdal","0540","PIR","Piratpartiet",2,0.27747,5,0
"2013","st","Oppland","Sør-Aurdal","Sør-Aurdal","0540","PP","Pensjonistpartiet",2,0.22198,4,1
"2013","st","Oppland","Sør-Aurdal","Sør-Aurdal","0540","BLANKE","Blanke",3,0.33296,6,2
"2013","st","Oppland","Sør-Aurdal","Sør-Aurdal","0540","Andre","Andre",0,2.83019,51,15
"2013","st","Oppland","Sør-Aurdal","Sør-Aurdal","0540","Andre2","Andre2",0,0,0,0
"2013","st","Oppland","Etnedal","Etnedal","0541","A","Arbeiderpartiet",1,36.24161,270,111
"2013","st","Oppland","Etnedal","Etnedal","0541","SV","Sosialistisk Venstreparti",1,1.61074,12,5
"2013","st","Oppland","Etnedal","Etnedal","0541","RØDT","Rødt",1,0.67114,5,2
"2013","st","Oppland","Etnedal","Etnedal","0541","SP","Senterpartiet",1,24.83221,185,69
"2013","st","Oppland","Etnedal","Etnedal","0541","KRF","Kristelig Folkeparti",1,4.69799,35,18
"2013","st","Oppland","Etnedal","Etnedal","0541","V","Venstre",1,3.75839,28,6
"2013","st","Oppland","Etnedal","Etnedal","0541","H","Høyre",1,14.63087,109,45
"2013","st","Oppland","Etnedal","Etnedal","0541","FRP","Fremskrittspartiet",1,11.4094,85,30
"2013","st","Oppland","Etnedal","Etnedal","0541","DEMN","Demokratene i Norge",2,0,0,0
"2013","st","Oppland","Etnedal","Etnedal","0541","DLF","Det Liberale Folkepartiet",2,0,0,0
"2013","st","Oppland","Etnedal","Etnedal","0541","KRISTNE","De Kristne",2,0.13423,1,0
"2013","st","Oppland","Etnedal","Etnedal","0541","KYST","Kystpartiet",2,0.13423,1,1
"2013","st","Oppland","Etnedal","Etnedal","0541","MDG","Miljøpartiet De Grønne",2,1.47651,11,5
"2013","st","Oppland","Etnedal","Etnedal","0541","PIR","Piratpartiet",2,0.13423,1,0
"2013","st","Oppland","Etnedal","Etnedal","0541","PP","Pensjonistpartiet",2,0.26846,2,0
"2013","st","Oppland","Etnedal","Etnedal","0541","BLANKE","Blanke",3,0.80537,6,4
"2013","st","Oppland","Etnedal","Etnedal","0541","Andre","Andre",0,2.14765,16,6
"2013","st","Oppland","Etnedal","Etnedal","0541","Andre2","Andre2",0,0,0,0
"2013","st","Oppland","Nord-Aurdal","Nord-Aurdal","0542","A","Arbeiderpartiet",1,37.21898,1341,279
"2013","st","Oppland","Nord-Aurdal","Nord-Aurdal","0542","SV","Sosialistisk Venstreparti",1,2.24813,81,27
"2013","st","Oppland","Nord-Aurdal","Nord-Aurdal","0542","RØDT","Rødt",1,0.41632,15,7
"2013","st","Oppland","Nord-Aurdal","Nord-Aurdal","0542","SP","Senterpartiet",1,13.18346,475,66
"2013","st","Oppland","Nord-Aurdal","Nord-Aurdal","0542","KRF","Kristelig Folkeparti",1,3.08077,111,42
"2013","st","Oppland","Nord-Aurdal","Nord-Aurdal","0542","V","Venstre",1,3.3028,119,27
"2013","st","Oppland","Nord-Aurdal","Nord-Aurdal","0542","H","Høyre",1,21.1768,763,174
"2013","st","Oppland","Nord-Aurdal","Nord-Aurdal","0542","FRP","Fremskrittspartiet",1,16.29198,587,140
"2013","st","Oppland","Nord-Aurdal","Nord-Aurdal","0542","DEMN","Demokratene i Norge",2,0.02775,1,0
"2013","st","Oppland","Nord-Aurdal","Nord-Aurdal","0542","DLF","Det Liberale Folkepartiet",2,0,0,0
"2013","st","Oppland","Nord-Aurdal","Nord-Aurdal","0542","KRISTNE","De Kristne",2,0.74938,27,5
"2013","st","Oppland","Nord-Aurdal","Nord-Aurdal","0542","KYST","Kystpartiet",2,0.05551,2,1
"2013","st","Oppland","Nord-Aurdal","Nord-Aurdal","0542","MDG","Miljøpartiet De Grønne",2,1.69303,61,26
"2013","st","Oppland","Nord-Aurdal","Nord-Aurdal","0542","PIR","Piratpartiet",2,0.27755,10,2
"2013","st","Oppland","Nord-Aurdal","Nord-Aurdal","0542","PP","Pensjonistpartiet",2,0.27755,10,2
"2013","st","Oppland","Nord-Aurdal","Nord-Aurdal","0542","BLANKE","Blanke",3,0.24979,9,4
"2013","st","Oppland","Nord-Aurdal","Nord-Aurdal","0542","Andre","Andre",0,3.08077,111,36
"2013","st","Oppland","Nord-Aurdal","Nord-Aurdal","0542","Andre2","Andre2",0,0,0,0
"2013","st","Oppland","Vestre Slidre","Vestre Slidre","0543","A","Arbeiderpartiet",1,32.0155,413,67
"2013","st","Oppland","Vestre Slidre","Vestre Slidre","0543","SV","Sosialistisk Venstreparti",1,1.86047,24,8
"2013","st","Oppland","Vestre Slidre","Vestre Slidre","0543","RØDT","Rødt",1,0.23256,3,0
"2013","st","Oppland","Vestre Slidre","Vestre Slidre","0543","SP","Senterpartiet",1,25.65891,331,37
"2013","st","Oppland","Vestre Slidre","Vestre Slidre","0543","KRF","Kristelig Folkeparti",1,2.7907,36,6
"2013","st","Oppland","Vestre Slidre","Vestre Slidre","0543","V","Venstre",1,3.79845,49,13
"2013","st","Oppland","Vestre Slidre","Vestre Slidre","0543","H","Høyre",1,16.89922,218,39
"2013","st","Oppland","Vestre Slidre","Vestre Slidre","0543","FRP","Fremskrittspartiet",1,14.03101,181,32
"2013","st","Oppland","Vestre Slidre","Vestre Slidre","0543","DEMN","Demokratene i Norge",2,0,0,0
"2013","st","Oppland","Vestre Slidre","Vestre Slidre","0543","DLF","Det Liberale Folkepartiet",2,0,0,0
"2013","st","Oppland","Vestre Slidre","Vestre Slidre","0543","KRISTNE","De Kristne",2,0.46512,6,3
"2013","st","Oppland","Vestre Slidre","Vestre Slidre","0543","KYST","Kystpartiet",2,0.07752,1,0
"2013","st","Oppland","Vestre Slidre","Vestre Slidre","0543","MDG","Miljøpartiet De Grønne",2,1.62791,21,9
"2013","st","Oppland","Vestre Slidre","Vestre Slidre","0543","PIR","Piratpartiet",2,0.23256,3,1
"2013","st","Oppland","Vestre Slidre","Vestre Slidre","0543","PP","Pensjonistpartiet",2,0.31008,4,2
"2013","st","Oppland","Vestre Slidre","Vestre Slidre","0543","BLANKE","Blanke",3,0.69767,9,0
"2013","st","Oppland","Vestre Slidre","Vestre Slidre","0543","Andre","Andre",0,2.71318,35,15
"2013","st","Oppland","Vestre Slidre","Vestre Slidre","0543","Andre2","Andre2",0,0,0,0
"2013","st","Oppland","Øystre Slidre","Øystre Slidre","0544","A","Arbeiderpartiet",1,32.26572,544,133
"2013","st","Oppland","Øystre Slidre","Øystre Slidre","0544","SV","Sosialistisk Venstreparti",1,2.72835,46,17
"2013","st","Oppland","Øystre Slidre","Øystre Slidre","0544","RØDT","Rødt",1,0.29656,5,3
"2013","st","Oppland","Øystre Slidre","Øystre Slidre","0544","SP","Senterpartiet",1,22.89442,386,69
"2013","st","Oppland","Øystre Slidre","Øystre Slidre","0544","KRF","Kristelig Folkeparti",1,2.31317,39,10
"2013","st","Oppland","Øystre Slidre","Øystre Slidre","0544","V","Venstre",1,3.73665,63,18
"2013","st","Oppland","Øystre Slidre","Øystre Slidre","0544","H","Høyre",1,19.98814,337,79
"2013","st","Oppland","Øystre Slidre","Øystre Slidre","0544","FRP","Fremskrittspartiet",1,11.09134,187,35
"2013","st","Oppland","Øystre Slidre","Øystre Slidre","0544","DEMN","Demokratene i Norge",2,0,0,0
"2013","st","Oppland","Øystre Slidre","Øystre Slidre","0544","DLF","Det Liberale Folkepartiet",2,0.11862,2,1
"2013","st","Oppland","Øystre Slidre","Øystre Slidre","0544","KRISTNE","De Kristne",2,0.4745,8,1
"2013","st","Oppland","Øystre Slidre","Øystre Slidre","0544","KYST","Kystpartiet",2,0,0,0
"2013","st","Oppland","Øystre Slidre","Øystre Slidre","0544","MDG","Miljøpartiet De Grønne",2,3.38078,57,21
"2013","st","Oppland","Øystre Slidre","Øystre Slidre","0544","PIR","Piratpartiet",2,0.05931,1,1
"2013","st","Oppland","Øystre Slidre","Øystre Slidre","0544","PP","Pensjonistpartiet",2,0.65243,11,3
"2013","st","Oppland","Øystre Slidre","Øystre Slidre","0544","BLANKE","Blanke",3,0.17794,3,0
"2013","st","Oppland","Øystre Slidre","Øystre Slidre","0544","Andre","Andre",0,4.68565,79,27
"2013","st","Oppland","Øystre Slidre","Øystre Slidre","0544","Andre2","Andre2",0,0,0,0
"2013","st","Oppland","Vang","Vang","0545","A","Arbeiderpartiet",1,30.25584,272,47
"2013","st","Oppland","Vang","Vang","0545","SV","Sosialistisk Venstreparti",1,2.33593,21,12
"2013","st","Oppland","Vang","Vang","0545","RØDT","Rødt",1,0.66741,6,1
"2013","st","Oppland","Vang","Vang","0545","SP","Senterpartiet",1,29.92214,269,39
"2013","st","Oppland","Vang","Vang","0545","KRF","Kristelig Folkeparti",1,2.44716,22,6
"2013","st","Oppland","Vang","Vang","0545","V","Venstre",1,1.89099,17,3
"2013","st","Oppland","Vang","Vang","0545","H","Høyre",1,19.79978,178,50
"2013","st","Oppland","Vang","Vang","0545","FRP","Fremskrittspartiet",1,8.67631,78,21
"2013","st","Oppland","Vang","Vang","0545","DEMN","Demokratene i Norge",2,0,0,0
"2013","st","Oppland","Vang","Vang","0545","DLF","Det Liberale Folkepartiet",2,0,0,0
"2013","st","Oppland","Vang","Vang","0545","KRISTNE","De Kristne",2,0.3337,3,2
"2013","st","Oppland","Vang","Vang","0545","KYST","Kystpartiet",2,0,0,0
"2013","st","Oppland","Vang","Vang","0545","MDG","Miljøpartiet De Grønne",2,3.44828,31,16
"2013","st","Oppland","Vang","Vang","0545","PIR","Piratpartiet",2,0.11123,1,0
"2013","st","Oppland","Vang","Vang","0545","PP","Pensjonistpartiet",2,0.11123,1,0
"2013","st","Oppland","Vang","Vang","0545","BLANKE","Blanke",3,0.44494,4,2
"2013","st","Oppland","Vang","Vang","0545","Andre","Andre",0,4.00445,36,18
"2013","st","Oppland","Vang","Vang","0545","Andre2","Andre2",0,0,0,0
"2013","st","Buskerud","Drammen","Drammen","0602","A","Arbeiderpartiet",1,32.34669,11420,4361
"2013","st","Buskerud","Drammen","Drammen","0602","SV","Sosialistisk Venstreparti",1,2.8013,989,368
"2013","st","Buskerud","Drammen","Drammen","0602","RØDT","Rødt",1,0.60048,212,85
"2013","st","Buskerud","Drammen","Drammen","0602","SP","Senterpartiet",1,1.39357,492,173
"2013","st","Buskerud","Drammen","Drammen","0602","KRF","Kristelig Folkeparti",1,3.1327,1106,396
"2013","st","Buskerud","Drammen","Drammen","0602","V","Venstre",1,4.60558,1626,489
"2013","st","Buskerud","Drammen","Drammen","0602","H","Høyre",1,33.6213,11870,4920
"2013","st","Buskerud","Drammen","Drammen","0602","FRP","Fremskrittspartiet",1,17.98612,6350,2651
"2013","st","Buskerud","Drammen","Drammen","0602","DEMN","Demokratene i Norge",2,0.07081,25,11
"2013","st","Buskerud","Drammen","Drammen","0602","KRISTNE","De Kristne",2,0.43337,153,55
"2013","st","Buskerud","Drammen","Drammen","0602","KSP","Kristent Samlingsparti",2,0.04249,15,8
"2013","st","Buskerud","Drammen","Drammen","0602","KYST","Kystpartiet",2,0.07081,25,9
"2013","st","Buskerud","Drammen","Drammen","0602","MDG","Miljøpartiet De Grønne",2,2.50389,884,325
"2013","st","Buskerud","Drammen","Drammen","0602","PIR","Piratpartiet",2,0.36539,129,47
"2013","st","Buskerud","Drammen","Drammen","0602","SFP","Samfunnspartiet",2,0.02549,9,2
"2013","st","Buskerud","Drammen","Drammen","0602","BLANKE","Blanke",3,0.43337,153,45
"2013","st","Buskerud","Drammen","Drammen","0602","Andre","Andre",0,3.51225,1240,457
"2013","st","Buskerud","Drammen","Drammen","0602","Andre2","Andre2",0,0,0,0
"2013","st","Buskerud","Kongsberg","Kongsberg","0604","A","Arbeiderpartiet",1,30.03117,4432,1276
"2013","st","Buskerud","Kongsberg","Kongsberg","0604","SV","Sosialistisk Venstreparti",1,3.21182,474,167
"2013","st","Buskerud","Kongsberg","Kongsberg","0604","RØDT","Rødt",1,0.60306,89,36
"2013","st","Buskerud","Kongsberg","Kongsberg","0604","SP","Senterpartiet",1,9.90649,1462,301
"2013","st","Buskerud","Kongsberg","Kongsberg","0604","KRF","Kristelig Folkeparti",1,2.66296,393,113
"2013","st","Buskerud","Kongsberg","Kongsberg","0604","V","Venstre",1,7.11479,1050,280
"2013","st","Buskerud","Kongsberg","Kongsberg","0604","H","Høyre",1,25.90459,3823,1115
"2013","st","Buskerud","Kongsberg","Kongsberg","0604","FRP","Fremskrittspartiet",1,17.03483,2514,717
"2013","st","Buskerud","Kongsberg","Kongsberg","0604","DEMN","Demokratene i Norge",2,0.04743,7,2
"2013","st","Buskerud","Kongsberg","Kongsberg","0604","KRISTNE","De Kristne",2,0.39978,59,27
"2013","st","Buskerud","Kongsberg","Kongsberg","0604","KSP","Kristent Samlingsparti",2,0.04066,6,2
"2013","st","Buskerud","Kongsberg","Kongsberg","0604","KYST","Kystpartiet",2,0.03388,5,4
"2013","st","Buskerud","Kongsberg","Kongsberg","0604","MDG","Miljøpartiet De Grønne",2,2.37837,351,111
"2013","st","Buskerud","Kongsberg","Kongsberg","0604","PIR","Piratpartiet",2,0.61661,91,29
"2013","st","Buskerud","Kongsberg","Kongsberg","0604","SFP","Samfunnspartiet",2,0.01355,2,0
"2013","st","Buskerud","Kongsberg","Kongsberg","0604","BLANKE","Blanke",3,0.54885,81,18
"2013","st","Buskerud","Kongsberg","Kongsberg","0604","Andre","Andre",0,3.53029,521,175
"2013","st","Buskerud","Kongsberg","Kongsberg","0604","Andre2","Andre2",0,0,0,0
"2013","st","Buskerud","Ringerike","Ringerike","0605","A","Arbeiderpartiet",1,36.27439,6134,1556
"2013","st","Buskerud","Ringerike","Ringerike","0605","SV","Sosialistisk Venstreparti",1,2.90952,492,132
"2013","st","Buskerud","Ringerike","Ringerike","0605","RØDT","Rødt",1,0.91662,155,51
"2013","st","Buskerud","Ringerike","Ringerike","0605","SP","Senterpartiet",1,4.27558,723,140
"2013","st","Buskerud","Ringerike","Ringerike","0605","KRF","Kristelig Folkeparti",1,2.70254,457,125
"2013","st","Buskerud","Ringerike","Ringerike","0605","V","Venstre",1,4.06268,687,188
"2013","st","Buskerud","Ringerike","Ringerike","0605","H","Høyre",1,26.33353,4453,1178
"2013","st","Buskerud","Ringerike","Ringerike","0605","FRP","Fremskrittspartiet",1,19.4796,3294,783
"2013","st","Buskerud","Ringerike","Ringerike","0605","DEMN","Demokratene i Norge",2,0.05322,9,7
"2013","st","Buskerud","Ringerike","Ringerike","0605","KRISTNE","De Kristne",2,0.39622,67,26
"2013","st","Buskerud","Ringerike","Ringerike","0605","KSP","Kristent Samlingsparti",2,0.04731,8,2
"2013","st","Buskerud","Ringerike","Ringerike","0605","KYST","Kystpartiet",2,0.09462,16,5
"2013","st","Buskerud","Ringerike","Ringerike","0605","MDG","Miljøpartiet De Grønne",2,2.11118,357,117
"2013","st","Buskerud","Ringerike","Ringerike","0605","PIR","Piratpartiet",2,0.30751,52,13
"2013","st","Buskerud","Ringerike","Ringerike","0605","SFP","Samfunnspartiet",2,0.03548,6,2
"2013","st","Buskerud","Ringerike","Ringerike","0605","BLANKE","Blanke",3,0.72738,123,31
"2013","st","Buskerud","Ringerike","Ringerike","0605","Andre","Andre",0,3.04554,515,172
"2013","st","Buskerud","Ringerike","Ringerike","0605","Andre2","Andre2",0,0,0,0
"2013","st","Buskerud","Hole","Hole","0612","A","Arbeiderpartiet",1,25.92291,955,255
"2013","st","Buskerud","Hole","Hole","0612","SV","Sosialistisk Venstreparti",1,3.31162,122,38
"2013","st","Buskerud","Hole","Hole","0612","RØDT","Rødt",1,0.86862,32,9
"2013","st","Buskerud","Hole","Hole","0612","SP","Senterpartiet",1,5.91748,218,53
"2013","st","Buskerud","Hole","Hole","0612","KRF","Kristelig Folkeparti",1,4.42454,163,39
"2013","st","Buskerud","Hole","Hole","0612","V","Venstre",1,4.12595,152,40
"2013","st","Buskerud","Hole","Hole","0612","H","Høyre",1,35.9392,1324,360
"2013","st","Buskerud","Hole","Hole","0612","FRP","Fremskrittspartiet",1,15.90662,586,139
"2013","st","Buskerud","Hole","Hole","0612","DEMN","Demokratene i Norge",2,0.19001,7,2
"2013","st","Buskerud","Hole","Hole","0612","KRISTNE","De Kristne",2,0.08143,3,2
"2013","st","Buskerud","Hole","Hole","0612","KSP","Kristent Samlingsparti",2,0.2443,9,4
"2013","st","Buskerud","Hole","Hole","0612","KYST","Kystpartiet",2,0.02714,1,0
"2013","st","Buskerud","Hole","Hole","0612","MDG","Miljøpartiet De Grønne",2,2.76873,102,33
"2013","st","Buskerud","Hole","Hole","0612","PIR","Piratpartiet",2,0.21716,8,2
"2013","st","Buskerud","Hole","Hole","0612","SFP","Samfunnspartiet",2,0.05429,2,1
"2013","st","Buskerud","Hole","Hole","0612","BLANKE","Blanke",3,0.62432,23,8
"2013","st","Buskerud","Hole","Hole","0612","Andre","Andre",0,3.58306,132,44
"2013","st","Buskerud","Hole","Hole","0612","Andre2","Andre2",0,0,0,0
"2013","st","Buskerud","Flå","Flå","0615","A","Arbeiderpartiet",1,37.72955,226,73
"2013","st","Buskerud","Flå","Flå","0615","SV","Sosialistisk Venstreparti",1,1.33556,8,3
"2013","st","Buskerud","Flå","Flå","0615","RØDT","Rødt",1,0.66778,4,0
"2013","st","Buskerud","Flå","Flå","0615","SP","Senterpartiet",1,17.19533,103,21
"2013","st","Buskerud","Flå","Flå","0615","KRF","Kristelig Folkeparti",1,2.83806,17,1
"2013","st","Buskerud","Flå","Flå","0615","V","Venstre",1,2.33723,14,6
"2013","st","Buskerud","Flå","Flå","0615","H","Høyre",1,15.85977,95,28
"2013","st","Buskerud","Flå","Flå","0615","FRP","Fremskrittspartiet",1,19.6995,118,22
"2013","st","Buskerud","Flå","Flå","0615","DEMN","Demokratene i Norge",2,0,0,0
"2013","st","Buskerud","Flå","Flå","0615","KRISTNE","De Kristne",2,1.33556,8,3
"2013","st","Buskerud","Flå","Flå","0615","KSP","Kristent Samlingsparti",2,0.16694,1,0
"2013","st","Buskerud","Flå","Flå","0615","KYST","Kystpartiet",2,0,0,0
"2013","st","Buskerud","Flå","Flå","0615","MDG","Miljøpartiet De Grønne",2,0.83472,5,3
"2013","st","Buskerud","Flå","Flå","0615","PIR","Piratpartiet",2,0,0,0
"2013","st","Buskerud","Flå","Flå","0615","SFP","Samfunnspartiet",2,0,0,0
"2013","st","Buskerud","Flå","Flå","0615","BLANKE","Blanke",3,0.50083,3,1
"2013","st","Buskerud","Flå","Flå","0615","Andre","Andre",0,2.33723,14,6
"2013","st","Buskerud","Flå","Flå","0615","Andre2","Andre2",0,0,0,0
"2013","st","Buskerud","Nes","Nes","0616","A","Arbeiderpartiet",1,33.29793,627,156
"2013","st","Buskerud","Nes","Nes","0616","SV","Sosialistisk Venstreparti",1,2.23048,42,5
"2013","st","Buskerud","Nes","Nes","0616","RØDT","Rødt",1,0.37175,7,0
"2013","st","Buskerud","Nes","Nes","0616","SP","Senterpartiet",1,14.81678,279,51
"2013","st","Buskerud","Nes","Nes","0616","KRF","Kristelig Folkeparti",1,4.83271,91,21
"2013","st","Buskerud","Nes","Nes","0616","V","Venstre",1,3.50505,66,24
"2013","st","Buskerud","Nes","Nes","0616","H","Høyre",1,23.68561,446,87
"2013","st","Buskerud","Nes","Nes","0616","FRP","Fremskrittspartiet",1,13.91397,262,52
"2013","st","Buskerud","Nes","Nes","0616","DEMN","Demokratene i Norge",2,0,0,0
"2013","st","Buskerud","Nes","Nes","0616","KRISTNE","De Kristne",2,0.84971,16,7
"2013","st","Buskerud","Nes","Nes","0616","KSP","Kristent Samlingsparti",2,0.21243,4,0
"2013","st","Buskerud","Nes","Nes","0616","KYST","Kystpartiet",2,0.10621,2,0
"2013","st","Buskerud","Nes","Nes","0616","MDG","Miljøpartiet De Grønne",2,1.69942,32,9
"2013","st","Buskerud","Nes","Nes","0616","PIR","Piratpartiet",2,0.47796,9,3
"2013","st","Buskerud","Nes","Nes","0616","SFP","Samfunnspartiet",2,0,0,0
"2013","st","Buskerud","Nes","Nes","0616","BLANKE","Blanke",3,0.21243,4,1
"2013","st","Buskerud","Nes","Nes","0616","Andre","Andre",0,3.34572,63,19
"2013","st","Buskerud","Nes","Nes","0616","Andre2","Andre2",0,0,0,0
"2013","st","Buskerud","Gol","Gol","0617","A","Arbeiderpartiet",1,29.15323,723,275
"2013","st","Buskerud","Gol","Gol","0617","SV","Sosialistisk Venstreparti",1,2.37903,59,16
"2013","st","Buskerud","Gol","Gol","0617","RØDT","Rødt",1,0.20161,5,1
"2013","st","Buskerud","Gol","Gol","0617","SP","Senterpartiet",1,14.6371,363,97
"2013","st","Buskerud","Gol","Gol","0617","KRF","Kristelig Folkeparti",1,3.95161,98,36
"2013","st","Buskerud","Gol","Gol","0617","V","Venstre",1,4.27419,106,44
"2013","st","Buskerud","Gol","Gol","0617","H","Høyre",1,26.25,651,234
"2013","st","Buskerud","Gol","Gol","0617","FRP","Fremskrittspartiet",1,16.45161,408,168
"2013","st","Buskerud","Gol","Gol","0617","DEMN","Demokratene i Norge",2,0,0,0
"2013","st","Buskerud","Gol","Gol","0617","KRISTNE","De Kristne",2,0.48387,12,6
"2013","st","Buskerud","Gol","Gol","0617","KSP","Kristent Samlingsparti",2,0.08065,2,0
"2013","st","Buskerud","Gol","Gol","0617","KYST","Kystpartiet",2,0,0,0
"2013","st","Buskerud","Gol","Gol","0617","MDG","Miljøpartiet De Grønne",2,1.93548,48,23
"2013","st","Buskerud","Gol","Gol","0617","PIR","Piratpartiet",2,0.08065,2,1
"2013","st","Buskerud","Gol","Gol","0617","SFP","Samfunnspartiet",2,0.12097,3,1
"2013","st","Buskerud","Gol","Gol","0617","BLANKE","Blanke",3,0.24194,6,1
"2013","st","Buskerud","Gol","Gol","0617","Andre","Andre",0,2.70161,67,31
"2013","st","Buskerud","Gol","Gol","0617","Andre2","Andre2",0,0,0,0
"2013","st","Buskerud","Hemsedal","Hemsedal","0618","A","Arbeiderpartiet",1,20.46834,236,73
"2013","st","Buskerud","Hemsedal","Hemsedal","0618","SV","Sosialistisk Venstreparti",1,3.46921,40,27
"2013","st","Buskerud","Hemsedal","Hemsedal","0618","RØDT","Rødt",1,0.26019,3,2
"2013","st","Buskerud","Hemsedal","Hemsedal","0618","SP","Senterpartiet",1,18.82047,217,47
"2013","st","Buskerud","Hemsedal","Hemsedal","0618","KRF","Kristelig Folkeparti",1,10.40763,120,34
"2013","st","Buskerud","Hemsedal","Hemsedal","0618","V","Venstre",1,5.37728,62,19
"2013","st","Buskerud","Hemsedal","Hemsedal","0618","H","Høyre",1,27.14657,313,112
"2013","st","Buskerud","Hemsedal","Hemsedal","0618","FRP","Fremskrittspartiet",1,10.84128,125,51
"2013","st","Buskerud","Hemsedal","Hemsedal","0618","DEMN","Demokratene i Norge",2,0,0,0
"2013","st","Buskerud","Hemsedal","Hemsedal","0618","KRISTNE","De Kristne",2,0.52038,6,3
"2013","st","Buskerud","Hemsedal","Hemsedal","0618","KSP","Kristent Samlingsparti",2,0,0,0
"2013","st","Buskerud","Hemsedal","Hemsedal","0618","KYST","Kystpartiet",2,0,0,0
"2013","st","Buskerud","Hemsedal","Hemsedal","0618","MDG","Miljøpartiet De Grønne",2,2.42845,28,15
"2013","st","Buskerud","Hemsedal","Hemsedal","0618","PIR","Piratpartiet",2,0.08673,1,1
"2013","st","Buskerud","Hemsedal","Hemsedal","0618","SFP","Samfunnspartiet",2,0.17346,2,0
"2013","st","Buskerud","Hemsedal","Hemsedal","0618","BLANKE","Blanke",3,0.43365,5,2
"2013","st","Buskerud","Hemsedal","Hemsedal","0618","Andre","Andre",0,3.20902,37,19
"2013","st","Buskerud","Hemsedal","Hemsedal","0618","Andre2","Andre2",0,0,0,0
"2013","st","Buskerud","Ål","Ål","0619","A","Arbeiderpartiet",1,28.58193,778,222
"2013","st","Buskerud","Ål","Ål","0619","SV","Sosialistisk Venstreparti",1,2.86554,78,30
"2013","st","Buskerud","Ål","Ål","0619","RØDT","Rødt",1,0.62454,17,9
"2013","st","Buskerud","Ål","Ål","0619","SP","Senterpartiet",1,19.47098,530,104
"2013","st","Buskerud","Ål","Ål","0619","KRF","Kristelig Folkeparti",1,7.38428,201,60
"2013","st","Buskerud","Ål","Ål","0619","V","Venstre",1,5.62087,153,40
"2013","st","Buskerud","Ål","Ål","0619","H","Høyre",1,18.95665,516,134
"2013","st","Buskerud","Ål","Ål","0619","FRP","Fremskrittspartiet",1,13.18883,359,103
"2013","st","Buskerud","Ål","Ål","0619","DEMN","Demokratene i Norge",2,0,0,0
"2013","st","Buskerud","Ål","Ål","0619","KRISTNE","De Kristne",2,1.10213,30,15
"2013","st","Buskerud","Ål","Ål","0619","KSP","Kristent Samlingsparti",2,0.14695,4,0
"2013","st","Buskerud","Ål","Ål","0619","KYST","Kystpartiet",2,0.07348,2,0
"2013","st","Buskerud","Ål","Ål","0619","MDG","Miljøpartiet De Grønne",2,1.72667,47,18
"2013","st","Buskerud","Ål","Ål","0619","PIR","Piratpartiet",2,0.22043,6,2
"2013","st","Buskerud","Ål","Ål","0619","SFP","Samfunnspartiet",2,0.03674,1,0
"2013","st","Buskerud","Ål","Ål","0619","BLANKE","Blanke",3,0.55107,15,4
"2013","st","Buskerud","Ål","Ål","0619","Andre","Andre",0,3.30639,90,35
"2013","st","Buskerud","Ål","Ål","0619","Andre2","Andre2",0,0,0,0
"2013","st","Buskerud","Hol","Hol","0620","A","Arbeiderpartiet",1,28.99921,736,222
"2013","st","Buskerud","Hol","Hol","0620","SV","Sosialistisk Venstreparti",1,1.65485,42,18
"2013","st","Buskerud","Hol","Hol","0620","RØDT","Rødt",1,0.35461,9,3
"2013","st","Buskerud","Hol","Hol","0620","SP","Senterpartiet",1,11.11111,282,48
"2013","st","Buskerud","Hol","Hol","0620","KRF","Kristelig Folkeparti",1,3.4279,87,11
"2013","st","Buskerud","Hol","Hol","0620","V","Venstre",1,5.16154,131,38
"2013","st","Buskerud","Hol","Hol","0620","H","Høyre",1,31.79669,807,292
"2013","st","Buskerud","Hol","Hol","0620","FRP","Fremskrittspartiet",1,14.3026,363,109
"2013","st","Buskerud","Hol","Hol","0620","DEMN","Demokratene i Norge",2,0,0,0
"2013","st","Buskerud","Hol","Hol","0620","KRISTNE","De Kristne",2,0.78802,20,8
"2013","st","Buskerud","Hol","Hol","0620","KSP","Kristent Samlingsparti",2,0.1182,3,1
"2013","st","Buskerud","Hol","Hol","0620","KYST","Kystpartiet",2,0.1182,3,1
"2013","st","Buskerud","Hol","Hol","0620","MDG","Miljøpartiet De Grønne",2,1.73365,44,17
"2013","st","Buskerud","Hol","Hol","0620","PIR","Piratpartiet",2,0.39401,10,4
"2013","st","Buskerud","Hol","Hol","0620","SFP","Samfunnspartiet",2,0.0394,1,0
"2013","st","Buskerud","Hol","Hol","0620","BLANKE","Blanke",3,0.39401,10,2
"2013","st","Buskerud","Hol","Hol","0620","Andre","Andre",0,3.19149,81,31
"2013","st","Buskerud","Hol","Hol","0620","Andre2","Andre2",0,0,0,0
"2013","st","Buskerud","Sigdal","Sigdal","0621","A","Arbeiderpartiet",1,25.64484,517,74
"2013","st","Buskerud","Sigdal","Sigdal","0621","SV","Sosialistisk Venstreparti",1,1.19048,24,2
"2013","st","Buskerud","Sigdal","Sigdal","0621","RØDT","Rødt",1,0.54563,11,5
"2013","st","Buskerud","Sigdal","Sigdal","0621","SP","Senterpartiet",1,27.03373,545,51
"2013","st","Buskerud","Sigdal","Sigdal","0621","KRF","Kristelig Folkeparti",1,1.28968,26,4
"2013","st","Buskerud","Sigdal","Sigdal","0621","V","Venstre",1,2.87698,58,12
"2013","st","Buskerud","Sigdal","Sigdal","0621","H","Høyre",1,23.26389,469,69
"2013","st","Buskerud","Sigdal","Sigdal","0621","FRP","Fremskrittspartiet",1,16.12103,325,41
"2013","st","Buskerud","Sigdal","Sigdal","0621","DEMN","Demokratene i Norge",2,0.0496,1,0
"2013","st","Buskerud","Sigdal","Sigdal","0621","KRISTNE","De Kristne",2,0.34722,7,0
"2013","st","Buskerud","Sigdal","Sigdal","0621","KSP","Kristent Samlingsparti",2,0.0496,1,0
"2013","st","Buskerud","Sigdal","Sigdal","0621","KYST","Kystpartiet",2,0.0496,1,0
"2013","st","Buskerud","Sigdal","Sigdal","0621","MDG","Miljøpartiet De Grønne",2,1.28968,26,5
"2013","st","Buskerud","Sigdal","Sigdal","0621","PIR","Piratpartiet",2,0.19841,4,1
"2013","st","Buskerud","Sigdal","Sigdal","0621","SFP","Samfunnspartiet",2,0.0496,1,0
"2013","st","Buskerud","Sigdal","Sigdal","0621","BLANKE","Blanke",3,0.59524,12,0
"2013","st","Buskerud","Sigdal","Sigdal","0621","Andre","Andre",0,2.03373,41,6
"2013","st","Buskerud","Sigdal","Sigdal","0621","Andre2","Andre2",0,0,0,0
"2013","st","Buskerud","Krødsherad","Krødsherad","0622","A","Arbeiderpartiet",1,38.57143,486,93
"2013","st","Buskerud","Krødsherad","Krødsherad","0622","SV","Sosialistisk Venstreparti",1,2.22222,28,9
"2013","st","Buskerud","Krødsherad","Krødsherad","0622","RØDT","Rødt",1,0.15873,2,0
"2013","st","Buskerud","Krødsherad","Krødsherad","0622","SP","Senterpartiet",1,12.69841,160,31
"2013","st","Buskerud","Krødsherad","Krødsherad","0622","KRF","Kristelig Folkeparti",1,1.66667,21,2
"2013","st","Buskerud","Krødsherad","Krødsherad","0622","V","Venstre",1,3.49206,44,11
"2013","st","Buskerud","Krødsherad","Krødsherad","0622","H","Høyre",1,22.77778,287,65
"2013","st","Buskerud","Krødsherad","Krødsherad","0622","FRP","Fremskrittspartiet",1,16.34921,206,34
"2013","st","Buskerud","Krødsherad","Krødsherad","0622","DEMN","Demokratene i Norge",2,0,0,0
"2013","st","Buskerud","Krødsherad","Krødsherad","0622","KRISTNE","De Kristne",2,0.15873,2,1
"2013","st","Buskerud","Krødsherad","Krødsherad","0622","KSP","Kristent Samlingsparti",2,0,0,0
"2013","st","Buskerud","Krødsherad","Krødsherad","0622","KYST","Kystpartiet",2,0.07937,1,0
"2013","st","Buskerud","Krødsherad","Krødsherad","0622","MDG","Miljøpartiet De Grønne",2,1.74603,22,9
"2013","st","Buskerud","Krødsherad","Krødsherad","0622","PIR","Piratpartiet",2,0.07937,1,1
"2013","st","Buskerud","Krødsherad","Krødsherad","0622","SFP","Samfunnspartiet",2,0,0,0
"2013","st","Buskerud","Krødsherad","Krødsherad","0622","BLANKE","Blanke",3,0.55556,7,2
"2013","st","Buskerud","Krødsherad","Krødsherad","0622","Andre","Andre",0,2.06349,26,11
"2013","st","Buskerud","Krødsherad","Krødsherad","0622","Andre2","Andre2",0,0,0,0
"2013","st","Buskerud","Modum","Modum","0623","A","Arbeiderpartiet",1,36.61935,2786,711
"2013","st","Buskerud","Modum","Modum","0623","SV","Sosialistisk Venstreparti",1,2.28707,174,45
"2013","st","Buskerud","Modum","Modum","0623","RØDT","Rødt",1,0.42061,32,12
"2013","st","Buskerud","Modum","Modum","0623","SP","Senterpartiet",1,8.70137,662,123
"2013","st","Buskerud","Modum","Modum","0623","KRF","Kristelig Folkeparti",1,3.65405,278,82
"2013","st","Buskerud","Modum","Modum","0623","V","Venstre",1,2.7734,211,54
"2013","st","Buskerud","Modum","Modum","0623","H","Høyre",1,20.30757,1545,338
"2013","st","Buskerud","Modum","Modum","0623","FRP","Fremskrittspartiet",1,22.29232,1696,413
"2013","st","Buskerud","Modum","Modum","0623","DEMN","Demokratene i Norge",2,0.07886,6,1
"2013","st","Buskerud","Modum","Modum","0623","KRISTNE","De Kristne",2,0.56519,43,14
"2013","st","Buskerud","Modum","Modum","0623","KSP","Kristent Samlingsparti",2,0.02629,2,1
"2013","st","Buskerud","Modum","Modum","0623","KYST","Kystpartiet",2,0.05258,4,1
"2013","st","Buskerud","Modum","Modum","0623","MDG","Miljøpartiet De Grønne",2,2.05047,156,41
"2013","st","Buskerud","Modum","Modum","0623","PIR","Piratpartiet",2,0.15773,12,2
"2013","st","Buskerud","Modum","Modum","0623","SFP","Samfunnspartiet",2,0.01314,1,0
"2013","st","Buskerud","Modum","Modum","0623","BLANKE","Blanke",3,0.59148,45,14
"2013","st","Buskerud","Modum","Modum","0623","Andre","Andre",0,2.94427,224,60
"2013","st","Buskerud","Modum","Modum","0623","Andre2","Andre2",0,0,0,0
"2013","st","Buskerud","Øvre Eiker","Øvre Eiker","0624","A","Arbeiderpartiet",1,31.13914,3037,560
"2013","st","Buskerud","Øvre Eiker","Øvre Eiker","0624","SV","Sosialistisk Venstreparti",1,2.44027,238,47
"2013","st","Buskerud","Øvre Eiker","Øvre Eiker","0624","RØDT","Rødt",1,0.4614,45,8
"2013","st","Buskerud","Øvre Eiker","Øvre Eiker","0624","SP","Senterpartiet",1,8.89983,868,118
"2013","st","Buskerud","Øvre Eiker","Øvre Eiker","0624","KRF","Kristelig Folkeparti",1,3.22978,315,59
"2013","st","Buskerud","Øvre Eiker","Øvre Eiker","0624","V","Venstre",1,3.02471,295,47
"2013","st","Buskerud","Øvre Eiker","Øvre Eiker","0624","H","Høyre",1,26.63796,2598,492
"2013","st","Buskerud","Øvre Eiker","Øvre Eiker","0624","FRP","Fremskrittspartiet",1,20.7936,2028,374
"2013","st","Buskerud","Øvre Eiker","Øvre Eiker","0624","DEMN","Demokratene i Norge",2,0.08203,8,1
"2013","st","Buskerud","Øvre Eiker","Øvre Eiker","0624","KRISTNE","De Kristne",2,0.70747,69,22
"2013","st","Buskerud","Øvre Eiker","Øvre Eiker","0624","KSP","Kristent Samlingsparti",2,0.18456,18,0
"2013","st","Buskerud","Øvre Eiker","Øvre Eiker","0624","KYST","Kystpartiet",2,0.11279,11,0
"2013","st","Buskerud","Øvre Eiker","Øvre Eiker","0624","MDG","Miljøpartiet De Grønne",2,1.91736,187,57
"2013","st","Buskerud","Øvre Eiker","Øvre Eiker","0624","PIR","Piratpartiet",2,0.31785,31,5
"2013","st","Buskerud","Øvre Eiker","Øvre Eiker","0624","SFP","Samfunnspartiet",2,0.05127,5,0
"2013","st","Buskerud","Øvre Eiker","Øvre Eiker","0624","BLANKE","Blanke",3,0.62545,61,13
"2013","st","Buskerud","Øvre Eiker","Øvre Eiker","0624","Andre","Andre",0,3.37332,329,85
"2013","st","Buskerud","Øvre Eiker","Øvre Eiker","0624","Andre2","Andre2",0,0,0,0
"2013","st","Buskerud","Nedre Eiker","Nedre Eiker","0625","A","Arbeiderpartiet",1,36.48011,4641,1103
"2013","st","Buskerud","Nedre Eiker","Nedre Eiker","0625","SV","Sosialistisk Venstreparti",1,2.47603,315,74
"2013","st","Buskerud","Nedre Eiker","Nedre Eiker","0625","RØDT","Rødt",1,0.55809,71,14
"2013","st","Buskerud","Nedre Eiker","Nedre Eiker","0625","SP","Senterpartiet",1,2.08301,265,58
"2013","st","Buskerud","Nedre Eiker","Nedre Eiker","0625","KRF","Kristelig Folkeparti",1,3.42713,436,112
"2013","st","Buskerud","Nedre Eiker","Nedre Eiker","0625","V","Venstre",1,3.15988,402,106
"2013","st","Buskerud","Nedre Eiker","Nedre Eiker","0625","H","Høyre",1,27.20484,3461,839
"2013","st","Buskerud","Nedre Eiker","Nedre Eiker","0625","FRP","Fremskrittspartiet",1,21.41173,2724,704
"2013","st","Buskerud","Nedre Eiker","Nedre Eiker","0625","DEMN","Demokratene i Norge",2,0.04716,6,5
"2013","st","Buskerud","Nedre Eiker","Nedre Eiker","0625","KRISTNE","De Kristne",2,0.66027,84,25
"2013","st","Buskerud","Nedre Eiker","Nedre Eiker","0625","KSP","Kristent Samlingsparti",2,0.17293,22,9
"2013","st","Buskerud","Nedre Eiker","Nedre Eiker","0625","KYST","Kystpartiet",2,0.24367,31,17
"2013","st","Buskerud","Nedre Eiker","Nedre Eiker","0625","MDG","Miljøpartiet De Grønne",2,1.61924,206,70
"2013","st","Buskerud","Nedre Eiker","Nedre Eiker","0625","PIR","Piratpartiet",2,0.36944,47,10
"2013","st","Buskerud","Nedre Eiker","Nedre Eiker","0625","SFP","Samfunnspartiet",2,0.08646,11,6
"2013","st","Buskerud","Nedre Eiker","Nedre Eiker","0625","BLANKE","Blanke",3,0.65241,83,20
"2013","st","Buskerud","Nedre Eiker","Nedre Eiker","0625","Andre","Andre",0,3.19918,407,142
"2013","st","Buskerud","Nedre Eiker","Nedre Eiker","0625","Andre2","Andre2",0,0,0,0
"2013","st","Buskerud","Lier","Lier","0626","A","Arbeiderpartiet",1,28.83804,4033,981
"2013","st","Buskerud","Lier","Lier","0626","SV","Sosialistisk Venstreparti",1,2.7744,388,90
"2013","st","Buskerud","Lier","Lier","0626","RØDT","Rødt",1,0.59349,83,16
"2013","st","Buskerud","Lier","Lier","0626","SP","Senterpartiet",1,4.38327,613,124
"2013","st","Buskerud","Lier","Lier","0626","KRF","Kristelig Folkeparti",1,3.17483,444,92
"2013","st","Buskerud","Lier","Lier","0626","V","Venstre",1,5.44154,761,155
"2013","st","Buskerud","Lier","Lier","0626","H","Høyre",1,33.80765,4728,1100
"2013","st","Buskerud","Lier","Lier","0626","FRP","Fremskrittspartiet",1,17.79049,2488,556
"2013","st","Buskerud","Lier","Lier","0626","DEMN","Demokratene i Norge",2,0.0429,6,3
"2013","st","Buskerud","Lier","Lier","0626","KRISTNE","De Kristne",2,0.27172,38,9
"2013","st","Buskerud","Lier","Lier","0626","KSP","Kristent Samlingsparti",2,0.07151,10,2
"2013","st","Buskerud","Lier","Lier","0626","KYST","Kystpartiet",2,0.10011,14,2
"2013","st","Buskerud","Lier","Lier","0626","MDG","Miljøpartiet De Grønne",2,2.32392,325,87
"2013","st","Buskerud","Lier","Lier","0626","PIR","Piratpartiet",2,0.36468,51,10
"2013","st","Buskerud","Lier","Lier","0626","SFP","Samfunnspartiet",2,0.02145,3,0
"2013","st","Buskerud","Lier","Lier","0626","BLANKE","Blanke",3,0.54344,76,14
"2013","st","Buskerud","Lier","Lier","0626","Andre","Andre",0,3.19628,447,113
"2013","st","Buskerud","Lier","Lier","0626","Andre2","Andre2",0,0,0,0
"2013","st","Buskerud","Røyken","Røyken","0627","A","Arbeiderpartiet",1,28.51631,3252,591
"2013","st","Buskerud","Røyken","Røyken","0627","SV","Sosialistisk Venstreparti",1,2.93757,335,56
"2013","st","Buskerud","Røyken","Røyken","0627","RØDT","Rødt",1,0.60505,69,12
"2013","st","Buskerud","Røyken","Røyken","0627","SP","Senterpartiet",1,1.84146,210,33
"2013","st","Buskerud","Røyken","Røyken","0627","KRF","Kristelig Folkeparti",1,2.87618,328,57
"2013","st","Buskerud","Røyken","Røyken","0627","V","Venstre",1,6.19081,706,145
"2013","st","Buskerud","Røyken","Røyken","0627","H","Høyre",1,33.15503,3781,701
"2013","st","Buskerud","Røyken","Røyken","0627","FRP","Fremskrittspartiet",1,20.36128,2322,427
"2013","st","Buskerud","Røyken","Røyken","0627","DEMN","Demokratene i Norge",2,0.02631,3,0
"2013","st","Buskerud","Røyken","Røyken","0627","KRISTNE","De Kristne",2,0.27183,31,5
"2013","st","Buskerud","Røyken","Røyken","0627","KSP","Kristent Samlingsparti",2,0.08769,10,5
"2013","st","Buskerud","Røyken","Røyken","0627","KYST","Kystpartiet",2,0.114,13,3
"2013","st","Buskerud","Røyken","Røyken","0627","MDG","Miljøpartiet De Grønne",2,2.70081,308,73
"2013","st","Buskerud","Røyken","Røyken","0627","PIR","Piratpartiet",2,0.27183,31,6
"2013","st","Buskerud","Røyken","Røyken","0627","SFP","Samfunnspartiet",2,0.04384,5,0
"2013","st","Buskerud","Røyken","Røyken","0627","BLANKE","Blanke",3,0.49106,56,8
"2013","st","Buskerud","Røyken","Røyken","0627","Andre","Andre",0,3.51631,401,92
"2013","st","Buskerud","Røyken","Røyken","0627","Andre2","Andre2",0,0,0,0
"2013","st","Buskerud","Hurum","Hurum","0628","A","Arbeiderpartiet",1,29.62892,1557,373
"2013","st","Buskerud","Hurum","Hurum","0628","SV","Sosialistisk Venstreparti",1,3.1589,166,42
"2013","st","Buskerud","Hurum","Hurum","0628","RØDT","Rødt",1,0.78021,41,9
"2013","st","Buskerud","Hurum","Hurum","0628","SP","Senterpartiet",1,3.93911,207,49
"2013","st","Buskerud","Hurum","Hurum","0628","KRF","Kristelig Folkeparti",1,2.98763,157,37
"2013","st","Buskerud","Hurum","Hurum","0628","V","Venstre",1,5.48049,288,55
"2013","st","Buskerud","Hurum","Hurum","0628","H","Høyre",1,30.18078,1586,382
"2013","st","Buskerud","Hurum","Hurum","0628","FRP","Fremskrittspartiet",1,19.33397,1016,259
"2013","st","Buskerud","Hurum","Hurum","0628","DEMN","Demokratene i Norge",2,0.03806,2,1
"2013","st","Buskerud","Hurum","Hurum","0628","KRISTNE","De Kristne",2,0.87536,46,14
"2013","st","Buskerud","Hurum","Hurum","0628","KSP","Kristent Samlingsparti",2,0.11418,6,2
"2013","st","Buskerud","Hurum","Hurum","0628","KYST","Kystpartiet",2,0.05709,3,0
"2013","st","Buskerud","Hurum","Hurum","0628","MDG","Miljøpartiet De Grønne",2,3.12084,164,35
"2013","st","Buskerud","Hurum","Hurum","0628","PIR","Piratpartiet",2,0.26641,14,1
"2013","st","Buskerud","Hurum","Hurum","0628","SFP","Samfunnspartiet",2,0.03806,2,0
"2013","st","Buskerud","Hurum","Hurum","0628","BLANKE","Blanke",3,0.78021,41,1
"2013","st","Buskerud","Hurum","Hurum","0628","Andre","Andre",0,4.50999,237,53
"2013","st","Buskerud","Hurum","Hurum","0628","Andre2","Andre2",0,0,0,0
"2013","st","Buskerud","Flesberg","Flesberg","0631","A","Arbeiderpartiet",1,22.60184,344,100
"2013","st","Buskerud","Flesberg","Flesberg","0631","SV","Sosialistisk Venstreparti",1,1.90539,29,6
"2013","st","Buskerud","Flesberg","Flesberg","0631","RØDT","Rødt",1,0.65703,10,5
"2013","st","Buskerud","Flesberg","Flesberg","0631","SP","Senterpartiet",1,18.46255,281,62
"2013","st","Buskerud","Flesberg","Flesberg","0631","KRF","Kristelig Folkeparti",1,2.62812,40,12
"2013","st","Buskerud","Flesberg","Flesberg","0631","V","Venstre",1,3.54796,54,19
"2013","st","Buskerud","Flesberg","Flesberg","0631","H","Høyre",1,23.78449,362,80
"2013","st","Buskerud","Flesberg","Flesberg","0631","FRP","Fremskrittspartiet",1,22.99606,350,83
"2013","st","Buskerud","Flesberg","Flesberg","0631","DEMN","Demokratene i Norge",2,0,0,0
"2013","st","Buskerud","Flesberg","Flesberg","0631","KRISTNE","De Kristne",2,0.78844,12,5
"2013","st","Buskerud","Flesberg","Flesberg","0631","KSP","Kristent Samlingsparti",2,0.0657,1,1
"2013","st","Buskerud","Flesberg","Flesberg","0631","KYST","Kystpartiet",2,0.0657,1,0
"2013","st","Buskerud","Flesberg","Flesberg","0631","MDG","Miljøpartiet De Grønne",2,2.03679,31,10
"2013","st","Buskerud","Flesberg","Flesberg","0631","PIR","Piratpartiet",2,0.32852,5,1
"2013","st","Buskerud","Flesberg","Flesberg","0631","SFP","Samfunnspartiet",2,0.13141,2,1
"2013","st","Buskerud","Flesberg","Flesberg","0631","BLANKE","Blanke",3,0.19711,3,1
"2013","st","Buskerud","Flesberg","Flesberg","0631","Andre","Andre",0,3.41656,52,18
"2013","st","Buskerud","Flesberg","Flesberg","0631","Andre2","Andre2",0,0,0,0
"2013","st","Buskerud","Rollag","Rollag","0632","A","Arbeiderpartiet",1,31.45933,263,36
"2013","st","Buskerud","Rollag","Rollag","0632","SV","Sosialistisk Venstreparti",1,1.91388,16,3
"2013","st","Buskerud","Rollag","Rollag","0632","RØDT","Rødt",1,0.23923,2,2
"2013","st","Buskerud","Rollag","Rollag","0632","SP","Senterpartiet",1,29.30622,245,33
"2013","st","Buskerud","Rollag","Rollag","0632","KRF","Kristelig Folkeparti",1,3.58852,30,5
"2013","st","Buskerud","Rollag","Rollag","0632","V","Venstre",1,2.87081,24,3
"2013","st","Buskerud","Rollag","Rollag","0632","H","Høyre",1,18.30144,153,36
"2013","st","Buskerud","Rollag","Rollag","0632","FRP","Fremskrittspartiet",1,9.21053,77,10
"2013","st","Buskerud","Rollag","Rollag","0632","DEMN","Demokratene i Norge",2,0,0,0
"2013","st","Buskerud","Rollag","Rollag","0632","KRISTNE","De Kristne",2,1.79426,15,2
"2013","st","Buskerud","Rollag","Rollag","0632","KSP","Kristent Samlingsparti",2,0,0,0
"2013","st","Buskerud","Rollag","Rollag","0632","KYST","Kystpartiet",2,0.11962,1,0
"2013","st","Buskerud","Rollag","Rollag","0632","MDG","Miljøpartiet De Grønne",2,0.95694,8,4
"2013","st","Buskerud","Rollag","Rollag","0632","PIR","Piratpartiet",2,0.23923,2,1
"2013","st","Buskerud","Rollag","Rollag","0632","SFP","Samfunnspartiet",2,0,0,0
"2013","st","Buskerud","Rollag","Rollag","0632","BLANKE","Blanke",3,0.23923,2,0
"2013","st","Buskerud","Rollag","Rollag","0632","Andre","Andre",0,3.11005,26,7
"2013","st","Buskerud","Rollag","Rollag","0632","Andre2","Andre2",0,0,0,0
"2013","st","Buskerud","Nore og Uvdal","Nore og Uvdal","0633","A","Arbeiderpartiet",1,27.433,389,81
"2013","st","Buskerud","Nore og Uvdal","Nore og Uvdal","0633","SV","Sosialistisk Venstreparti",1,2.46827,35,4
"2013","st","Buskerud","Nore og Uvdal","Nore og Uvdal","0633","RØDT","Rødt",1,0.42313,6,3
"2013","st","Buskerud","Nore og Uvdal","Nore og Uvdal","0633","SP","Senterpartiet",1,27.15092,385,74
"2013","st","Buskerud","Nore og Uvdal","Nore og Uvdal","0633","KRF","Kristelig Folkeparti",1,3.8787,55,16
"2013","st","Buskerud","Nore og Uvdal","Nore og Uvdal","0633","V","Venstre",1,1.622,23,3
"2013","st","Buskerud","Nore og Uvdal","Nore og Uvdal","0633","H","Høyre",1,17.4189,247,51
"2013","st","Buskerud","Nore og Uvdal","Nore og Uvdal","0633","FRP","Fremskrittspartiet",1,17.13681,243,66
"2013","st","Buskerud","Nore og Uvdal","Nore og Uvdal","0633","DEMN","Demokratene i Norge",2,0,0,0
"2013","st","Buskerud","Nore og Uvdal","Nore og Uvdal","0633","KRISTNE","De Kristne",2,1.05783,15,4
"2013","st","Buskerud","Nore og Uvdal","Nore og Uvdal","0633","KSP","Kristent Samlingsparti",2,0.21157,3,0
"2013","st","Buskerud","Nore og Uvdal","Nore og Uvdal","0633","KYST","Kystpartiet",2,0.07052,1,0
"2013","st","Buskerud","Nore og Uvdal","Nore og Uvdal","0633","MDG","Miljøpartiet De Grønne",2,0.98731,14,4
"2013","st","Buskerud","Nore og Uvdal","Nore og Uvdal","0633","PIR","Piratpartiet",2,0.14104,2,0
"2013","st","Buskerud","Nore og Uvdal","Nore og Uvdal","0633","SFP","Samfunnspartiet",2,0,0,0
"2013","st","Buskerud","Nore og Uvdal","Nore og Uvdal","0633","BLANKE","Blanke",3,0.56417,8,0
"2013","st","Buskerud","Nore og Uvdal","Nore og Uvdal","0633","Andre","Andre",0,2.46827,35,8
"2013","st","Buskerud","Nore og Uvdal","Nore og Uvdal","0633","Andre2","Andre2",0,0,0,0
"2013","st","Vestfold","Horten","Horten","0701","A","Arbeiderpartiet",1,33.77845,5135,1773
"2013","st","Vestfold","Horten","Horten","0701","SV","Sosialistisk Venstreparti",1,4.84805,737,218
"2013","st","Vestfold","Horten","Horten","0701","RØDT","Rødt",1,1.05907,161,58
"2013","st","Vestfold","Horten","Horten","0701","SP","Senterpartiet",1,1.60505,244,63
"2013","st","Vestfold","Horten","Horten","0701","KRF","Kristelig Folkeparti",1,3.56532,542,173
"2013","st","Vestfold","Horten","Horten","0701","V","Venstre",1,4.78884,728,211
"2013","st","Vestfold","Horten","Horten","0701","H","Høyre",1,28.91067,4395,1553
"2013","st","Vestfold","Horten","Horten","0701","FRP","Fremskrittspartiet",1,16.98461,2582,885
"2013","st","Vestfold","Horten","Horten","0701","DEMN","Demokratene i Norge",2,0.05262,8,4
"2013","st","Vestfold","Horten","Horten","0701","KRISTNE","De Kristne",2,0.28286,43,17
"2013","st","Vestfold","Horten","Horten","0701","KSP","Kristent Samlingsparti",2,0.13814,21,6
"2013","st","Vestfold","Horten","Horten","0701","KYST","Kystpartiet",2,0.11841,18,2
"2013","st","Vestfold","Horten","Horten","0701","MDG","Miljøpartiet De Grønne",2,3.00618,457,148
"2013","st","Vestfold","Horten","Horten","0701","PIR","Piratpartiet",2,0.51967,79,19
"2013","st","Vestfold","Horten","Horten","0701","PP","Pensjonistpartiet",2,0.34206,52,26
"2013","st","Vestfold","Horten","Horten","0701","BLANKE","Blanke",3,0.61834,94,22
"2013","st","Vestfold","Horten","Horten","0701","Andre","Andre",0,4.45994,678,222
"2013","st","Vestfold","Horten","Horten","0701","Andre2","Andre2",0,0,0,0
"2013","st","Vestfold","Holmestrand","Holmestrand","0702","A","Arbeiderpartiet",1,34.75131,2124,487
"2013","st","Vestfold","Holmestrand","Holmestrand","0702","SV","Sosialistisk Venstreparti",1,4.04123,247,63
"2013","st","Vestfold","Holmestrand","Holmestrand","0702","RØDT","Rødt",1,0.73626,45,9
"2013","st","Vestfold","Holmestrand","Holmestrand","0702","SP","Senterpartiet",1,3.94306,241,38
"2013","st","Vestfold","Holmestrand","Holmestrand","0702","KRF","Kristelig Folkeparti",1,4.67932,286,64
"2013","st","Vestfold","Holmestrand","Holmestrand","0702","V","Venstre",1,3.82853,234,59
"2013","st","Vestfold","Holmestrand","Holmestrand","0702","H","Høyre",1,26.65249,1629,413
"2013","st","Vestfold","Holmestrand","Holmestrand","0702","FRP","Fremskrittspartiet",1,17.58835,1075,247
"2013","st","Vestfold","Holmestrand","Holmestrand","0702","DEMN","Demokratene i Norge",2,0.03272,2,1
"2013","st","Vestfold","Holmestrand","Holmestrand","0702","KRISTNE","De Kristne",2,0.86715,53,25
"2013","st","Vestfold","Holmestrand","Holmestrand","0702","KSP","Kristent Samlingsparti",2,0.06545,4,1
"2013","st","Vestfold","Holmestrand","Holmestrand","0702","KYST","Kystpartiet",2,0.11453,7,2
"2013","st","Vestfold","Holmestrand","Holmestrand","0702","MDG","Miljøpartiet De Grønne",2,2.1106,129,36
"2013","st","Vestfold","Holmestrand","Holmestrand","0702","PIR","Piratpartiet",2,0.32723,20,8
"2013","st","Vestfold","Holmestrand","Holmestrand","0702","PP","Pensjonistpartiet",2,0.26178,16,6
"2013","st","Vestfold","Holmestrand","Holmestrand","0702","BLANKE","Blanke",3,0.45812,28,5
"2013","st","Vestfold","Holmestrand","Holmestrand","0702","Andre","Andre",0,3.77945,231,79
"2013","st","Vestfold","Holmestrand","Holmestrand","0702","Andre2","Andre2",0,0,0,0
"2013","st","Vestfold","Tønsberg","Tønsberg","0704","A","Arbeiderpartiet",1,29.05855,6988,1692
"2013","st","Vestfold","Tønsberg","Tønsberg","0704","SV","Sosialistisk Venstreparti",1,4.81537,1158,294
"2013","st","Vestfold","Tønsberg","Tønsberg","0704","RØDT","Rødt",1,0.67365,162,67
"2013","st","Vestfold","Tønsberg","Tønsberg","0704","SP","Senterpartiet",1,1.8172,437,79
"2013","st","Vestfold","Tønsberg","Tønsberg","0704","KRF","Kristelig Folkeparti",1,5.48071,1318,352
"2013","st","Vestfold","Tønsberg","Tønsberg","0704","V","Venstre",1,5.49734,1322,323
"2013","st","Vestfold","Tønsberg","Tønsberg","0704","H","Høyre",1,31.81138,7650,1911
"2013","st","Vestfold","Tønsberg","Tønsberg","0704","FRP","Fremskrittspartiet",1,16.69578,4015,969
"2013","st","Vestfold","Tønsberg","Tønsberg","0704","DEMN","Demokratene i Norge",2,0.06238,15,6
"2013","st","Vestfold","Tønsberg","Tønsberg","0704","KRISTNE","De Kristne",2,0.40752,98,27
"2013","st","Vestfold","Tønsberg","Tønsberg","0704","KSP","Kristent Samlingsparti",2,0.10396,25,6
"2013","st","Vestfold","Tønsberg","Tønsberg","0704","KYST","Kystpartiet",2,0.10812,26,3
"2013","st","Vestfold","Tønsberg","Tønsberg","0704","MDG","Miljøpartiet De Grønne",2,2.81104,676,199
"2013","st","Vestfold","Tønsberg","Tønsberg","0704","PIR","Piratpartiet",2,0.39088,94,22
"2013","st","Vestfold","Tønsberg","Tønsberg","0704","PP","Pensjonistpartiet",2,0.26613,64,17
"2013","st","Vestfold","Tønsberg","Tønsberg","0704","BLANKE","Blanke",3,0.63207,152,36
"2013","st","Vestfold","Tønsberg","Tønsberg","0704","Andre","Andre",0,4.15003,998,280
"2013","st","Vestfold","Tønsberg","Tønsberg","0704","Andre2","Andre2",0,0,0,0
"2013","st","Vestfold","Sandefjord","Sandefjord","0706","A","Arbeiderpartiet",1,26.67304,6692,1981
"2013","st","Vestfold","Sandefjord","Sandefjord","0706","SV","Sosialistisk Venstreparti",1,3.51548,882,241
"2013","st","Vestfold","Sandefjord","Sandefjord","0706","RØDT","Rødt",1,0.62179,156,69
"2013","st","Vestfold","Sandefjord","Sandefjord","0706","SP","Senterpartiet",1,1.30336,327,54
"2013","st","Vestfold","Sandefjord","Sandefjord","0706","KRF","Kristelig Folkeparti",1,4.30468,1080,320
"2013","st","Vestfold","Sandefjord","Sandefjord","0706","V","Venstre",1,4.68731,1176,284
"2013","st","Vestfold","Sandefjord","Sandefjord","0706","H","Høyre",1,33.39711,8379,2596
"2013","st","Vestfold","Sandefjord","Sandefjord","0706","FRP","Fremskrittspartiet",1,21.00124,5269,1628
"2013","st","Vestfold","Sandefjord","Sandefjord","0706","DEMN","Demokratene i Norge",2,0.05182,13,3
"2013","st","Vestfold","Sandefjord","Sandefjord","0706","KRISTNE","De Kristne",2,0.58193,146,46
"2013","st","Vestfold","Sandefjord","Sandefjord","0706","KSP","Kristent Samlingsparti",2,0.25111,63,39
"2013","st","Vestfold","Sandefjord","Sandefjord","0706","KYST","Kystpartiet",2,0.18733,47,26
"2013","st","Vestfold","Sandefjord","Sandefjord","0706","MDG","Miljøpartiet De Grønne",2,1.97696,496,205
"2013","st","Vestfold","Sandefjord","Sandefjord","0706","PIR","Piratpartiet",2,0.33082,83,20
"2013","st","Vestfold","Sandefjord","Sandefjord","0706","PP","Pensjonistpartiet",2,1.11603,280,99
"2013","st","Vestfold","Sandefjord","Sandefjord","0706","BLANKE","Blanke",3,0.34677,87,21
"2013","st","Vestfold","Sandefjord","Sandefjord","0706","Andre","Andre",0,4.49599,1128,438
"2013","st","Vestfold","Sandefjord","Sandefjord","0706","Andre2","Andre2",0,0,0,0
"2013","st","Vestfold","Larvik","Larvik","0709","A","Arbeiderpartiet",1,30.7044,7724,2848
"2013","st","Vestfold","Larvik","Larvik","0709","SV","Sosialistisk Venstreparti",1,2.88202,725,283
"2013","st","Vestfold","Larvik","Larvik","0709","RØDT","Rødt",1,0.60423,152,84
"2013","st","Vestfold","Larvik","Larvik","0709","SP","Senterpartiet",1,2.44872,616,184
"2013","st","Vestfold","Larvik","Larvik","0709","KRF","Kristelig Folkeparti",1,5.6408,1419,513
"2013","st","Vestfold","Larvik","Larvik","0709","V","Venstre",1,3.72476,937,364
"2013","st","Vestfold","Larvik","Larvik","0709","H","Høyre",1,26.61393,6695,3143
"2013","st","Vestfold","Larvik","Larvik","0709","FRP","Fremskrittspartiet",1,23.70806,5964,2412
"2013","st","Vestfold","Larvik","Larvik","0709","DEMN","Demokratene i Norge",2,0.05565,14,6
"2013","st","Vestfold","Larvik","Larvik","0709","KRISTNE","De Kristne",2,0.58833,148,55
"2013","st","Vestfold","Larvik","Larvik","0709","KSP","Kristent Samlingsparti",2,0.16298,41,12
"2013","st","Vestfold","Larvik","Larvik","0709","KYST","Kystpartiet",2,0.03975,10,3
"2013","st","Vestfold","Larvik","Larvik","0709","MDG","Miljøpartiet De Grønne",2,2.28574,575,281
"2013","st","Vestfold","Larvik","Larvik","0709","PIR","Piratpartiet",2,0.25044,63,33
"2013","st","Vestfold","Larvik","Larvik","0709","PP","Pensjonistpartiet",2,0.29019,73,29
"2013","st","Vestfold","Larvik","Larvik","0709","BLANKE","Blanke",3,0.53665,135,55
"2013","st","Vestfold","Larvik","Larvik","0709","Andre","Andre",0,3.67308,924,419
"2013","st","Vestfold","Larvik","Larvik","0709","Andre2","Andre2",0,0,0,0
"2013","st","Vestfold","Svelvik","Svelvik","0711","A","Arbeiderpartiet",1,32.51366,1190,256
"2013","st","Vestfold","Svelvik","Svelvik","0711","SV","Sosialistisk Venstreparti",1,1.8306,67,19
"2013","st","Vestfold","Svelvik","Svelvik","0711","RØDT","Rødt",1,0.27322,10,3
"2013","st","Vestfold","Svelvik","Svelvik","0711","SP","Senterpartiet",1,2.24044,82,14
"2013","st","Vestfold","Svelvik","Svelvik","0711","KRF","Kristelig Folkeparti",1,2.9235,107,23
"2013","st","Vestfold","Svelvik","Svelvik","0711","V","Venstre",1,3.68852,135,36
"2013","st","Vestfold","Svelvik","Svelvik","0711","H","Høyre",1,28.87978,1057,267
"2013","st","Vestfold","Svelvik","Svelvik","0711","FRP","Fremskrittspartiet",1,24.5082,897,191
"2013","st","Vestfold","Svelvik","Svelvik","0711","DEMN","Demokratene i Norge",2,0.05464,2,1
"2013","st","Vestfold","Svelvik","Svelvik","0711","KRISTNE","De Kristne",2,0.38251,14,3
"2013","st","Vestfold","Svelvik","Svelvik","0711","KSP","Kristent Samlingsparti",2,0.02732,1,1
"2013","st","Vestfold","Svelvik","Svelvik","0711","KYST","Kystpartiet",2,0.19126,7,1
"2013","st","Vestfold","Svelvik","Svelvik","0711","MDG","Miljøpartiet De Grønne",2,1.99454,73,18
"2013","st","Vestfold","Svelvik","Svelvik","0711","PIR","Piratpartiet",2,0.30055,11,2
"2013","st","Vestfold","Svelvik","Svelvik","0711","PP","Pensjonistpartiet",2,0.19126,7,0
"2013","st","Vestfold","Svelvik","Svelvik","0711","BLANKE","Blanke",3,0.4918,18,4
"2013","st","Vestfold","Svelvik","Svelvik","0711","Andre","Andre",0,3.14208,115,26
"2013","st","Vestfold","Svelvik","Svelvik","0711","Andre2","Andre2",0,0,0,0
"2013","st","Vestfold","Sande","Sande","0713","A","Arbeiderpartiet",1,31.32911,1584,380
"2013","st","Vestfold","Sande","Sande","0713","SV","Sosialistisk Venstreparti",1,2.45253,124,37
"2013","st","Vestfold","Sande","Sande","0713","RØDT","Rødt",1,0.33623,17,6
"2013","st","Vestfold","Sande","Sande","0713","SP","Senterpartiet",1,5.81487,294,37
"2013","st","Vestfold","Sande","Sande","0713","KRF","Kristelig Folkeparti",1,3.6788,186,38
"2013","st","Vestfold","Sande","Sande","0713","V","Venstre",1,4.43038,224,48
"2013","st","Vestfold","Sande","Sande","0713","H","Høyre",1,26.46361,1338,276
"2013","st","Vestfold","Sande","Sande","0713","FRP","Fremskrittspartiet",1,23.57595,1192,238
"2013","st","Vestfold","Sande","Sande","0713","DEMN","Demokratene i Norge",2,0.01978,1,0
"2013","st","Vestfold","Sande","Sande","0713","KRISTNE","De Kristne",2,0.19778,10,4
"2013","st","Vestfold","Sande","Sande","0713","KSP","Kristent Samlingsparti",2,0.03956,2,0
"2013","st","Vestfold","Sande","Sande","0713","KYST","Kystpartiet",2,0.07911,4,1
"2013","st","Vestfold","Sande","Sande","0713","MDG","Miljøpartiet De Grønne",2,1.16693,59,17
"2013","st","Vestfold","Sande","Sande","0713","PIR","Piratpartiet",2,0.25712,13,1
"2013","st","Vestfold","Sande","Sande","0713","PP","Pensjonistpartiet",2,0.15823,8,0
"2013","st","Vestfold","Sande","Sande","0713","BLANKE","Blanke",3,0.71203,36,5
"2013","st","Vestfold","Sande","Sande","0713","Andre","Andre",0,1.91851,97,23
"2013","st","Vestfold","Sande","Sande","0713","Andre2","Andre2",0,0,0,0
"2013","st","Vestfold","Hof","Hof","0714","A","Arbeiderpartiet",1,32.49572,569,128
"2013","st","Vestfold","Hof","Hof","0714","SV","Sosialistisk Venstreparti",1,4.05483,71,10
"2013","st","Vestfold","Hof","Hof","0714","RØDT","Rødt",1,0.85665,15,5
"2013","st","Vestfold","Hof","Hof","0714","SP","Senterpartiet",1,11.07938,194,47
"2013","st","Vestfold","Hof","Hof","0714","KRF","Kristelig Folkeparti",1,3.3695,59,10
"2013","st","Vestfold","Hof","Hof","0714","V","Venstre",1,3.82638,67,10
"2013","st","Vestfold","Hof","Hof","0714","H","Høyre",1,23.87207,418,105
"2013","st","Vestfold","Hof","Hof","0714","FRP","Fremskrittspartiet",1,16.61907,291,37
"2013","st","Vestfold","Hof","Hof","0714","DEMN","Demokratene i Norge",2,0,0,0
"2013","st","Vestfold","Hof","Hof","0714","KRISTNE","De Kristne",2,0.22844,4,0
"2013","st","Vestfold","Hof","Hof","0714","KSP","Kristent Samlingsparti",2,0.22844,4,0
"2013","st","Vestfold","Hof","Hof","0714","KYST","Kystpartiet",2,0,0,0
"2013","st","Vestfold","Hof","Hof","0714","MDG","Miljøpartiet De Grønne",2,2.7984,49,13
"2013","st","Vestfold","Hof","Hof","0714","PIR","Piratpartiet",2,0.34266,6,0
"2013","st","Vestfold","Hof","Hof","0714","PP","Pensjonistpartiet",2,0.22844,4,1
"2013","st","Vestfold","Hof","Hof","0714","BLANKE","Blanke",3,0.5711,10,5
"2013","st","Vestfold","Hof","Hof","0714","Andre","Andre",0,3.82638,67,14
"2013","st","Vestfold","Hof","Hof","0714","Andre2","Andre2",0,0,0,0
"2013","st","Vestfold","Re","Re","0716","A","Arbeiderpartiet",1,25.0972,1291,549
"2013","st","Vestfold","Re","Re","0716","SV","Sosialistisk Venstreparti",1,2.91602,150,54
"2013","st","Vestfold","Re","Re","0716","RØDT","Rødt",1,0.44712,23,11
"2013","st","Vestfold","Re","Re","0716","SP","Senterpartiet",1,14.32737,737,236
"2013","st","Vestfold","Re","Re","0716","KRF","Kristelig Folkeparti",1,7.79549,401,155
"2013","st","Vestfold","Re","Re","0716","V","Venstre",1,3.51866,181,75
"2013","st","Vestfold","Re","Re","0716","H","Høyre",1,24.20295,1245,522
"2013","st","Vestfold","Re","Re","0716","FRP","Fremskrittspartiet",1,18.507,952,415
"2013","st","Vestfold","Re","Re","0716","DEMN","Demokratene i Norge",2,0.03888,2,0
"2013","st","Vestfold","Re","Re","0716","KRISTNE","De Kristne",2,0.79705,41,14
"2013","st","Vestfold","Re","Re","0716","KSP","Kristent Samlingsparti",2,0.0972,5,1
"2013","st","Vestfold","Re","Re","0716","KYST","Kystpartiet",2,0.11664,6,4
"2013","st","Vestfold","Re","Re","0716","MDG","Miljøpartiet De Grønne",2,1.57465,81,38
"2013","st","Vestfold","Re","Re","0716","PIR","Piratpartiet",2,0.33048,17,6
"2013","st","Vestfold","Re","Re","0716","PP","Pensjonistpartiet",2,0.23328,12,6
"2013","st","Vestfold","Re","Re","0716","BLANKE","Blanke",3,0.85537,44,19
"2013","st","Vestfold","Re","Re","0716","Andre","Andre",0,3.18818,164,69
"2013","st","Vestfold","Re","Re","0716","Andre2","Andre2",0,0,0,0
"2013","st","Vestfold","Andebu","Andebu","0719","A","Arbeiderpartiet",1,30.33816,942,139
"2013","st","Vestfold","Andebu","Andebu","0719","SV","Sosialistisk Venstreparti",1,2.96296,92,22
"2013","st","Vestfold","Andebu","Andebu","0719","RØDT","Rødt",1,0.5153,16,3
"2013","st","Vestfold","Andebu","Andebu","0719","SP","Senterpartiet",1,8.05153,250,29
"2013","st","Vestfold","Andebu","Andebu","0719","KRF","Kristelig Folkeparti",1,6.05475,188,28
"2013","st","Vestfold","Andebu","Andebu","0719","V","Venstre",1,4.09018,127,29
"2013","st","Vestfold","Andebu","Andebu","0719","H","Høyre",1,25.57166,794,149
"2013","st","Vestfold","Andebu","Andebu","0719","FRP","Fremskrittspartiet",1,19.13043,594,96
"2013","st","Vestfold","Andebu","Andebu","0719","DEMN","Demokratene i Norge",2,0.03221,1,0
"2013","st","Vestfold","Andebu","Andebu","0719","KRISTNE","De Kristne",2,0.38647,12,3
"2013","st","Vestfold","Andebu","Andebu","0719","KSP","Kristent Samlingsparti",2,0.35427,11,2
"2013","st","Vestfold","Andebu","Andebu","0719","KYST","Kystpartiet",2,0.06441,2,0
"2013","st","Vestfold","Andebu","Andebu","0719","MDG","Miljøpartiet De Grønne",2,1.86795,58,18
"2013","st","Vestfold","Andebu","Andebu","0719","PIR","Piratpartiet",2,0.35427,11,1
"2013","st","Vestfold","Andebu","Andebu","0719","PP","Pensjonistpartiet",2,0.22544,7,2
"2013","st","Vestfold","Andebu","Andebu","0719","BLANKE","Blanke",3,0.38647,12,2
"2013","st","Vestfold","Andebu","Andebu","0719","Andre","Andre",0,3.28502,102,26
"2013","st","Vestfold","Andebu","Andebu","0719","Andre2","Andre2",0,0,0,0
"2013","st","Vestfold","Stokke","Stokke","0720","A","Arbeiderpartiet",1,28.79913,1861,509
"2013","st","Vestfold","Stokke","Stokke","0720","SV","Sosialistisk Venstreparti",1,3.89972,252,63
"2013","st","Vestfold","Stokke","Stokke","0720","RØDT","Rødt",1,0.54163,35,9
"2013","st","Vestfold","Stokke","Stokke","0720","SP","Senterpartiet",1,4.54968,294,58
"2013","st","Vestfold","Stokke","Stokke","0720","KRF","Kristelig Folkeparti",1,6.71619,434,120
"2013","st","Vestfold","Stokke","Stokke","0720","V","Venstre",1,4.00805,259,74
"2013","st","Vestfold","Stokke","Stokke","0720","H","Høyre",1,29.27886,1892,524
"2013","st","Vestfold","Stokke","Stokke","0720","FRP","Fremskrittspartiet",1,18.21418,1177,296
"2013","st","Vestfold","Stokke","Stokke","0720","DEMN","Demokratene i Norge",2,0.04643,3,2
"2013","st","Vestfold","Stokke","Stokke","0720","KRISTNE","De Kristne",2,0.85113,55,24
"2013","st","Vestfold","Stokke","Stokke","0720","KSP","Kristent Samlingsparti",2,0.13928,9,5
"2013","st","Vestfold","Stokke","Stokke","0720","KYST","Kystpartiet",2,0.0619,4,1
"2013","st","Vestfold","Stokke","Stokke","0720","MDG","Miljøpartiet De Grønne",2,2.19746,142,43
"2013","st","Vestfold","Stokke","Stokke","0720","PIR","Piratpartiet",2,0.29403,19,5
"2013","st","Vestfold","Stokke","Stokke","0720","PP","Pensjonistpartiet",2,0.40235,26,8
"2013","st","Vestfold","Stokke","Stokke","0720","BLANKE","Blanke",3,0.57258,37,1
"2013","st","Vestfold","Stokke","Stokke","0720","Andre","Andre",0,3.99257,258,88
"2013","st","Vestfold","Stokke","Stokke","0720","Andre2","Andre2",0,0,0,0
"2013","st","Vestfold","Nøtterøy","Nøtterøy","0722","A","Arbeiderpartiet",1,26.86579,3445,892
"2013","st","Vestfold","Nøtterøy","Nøtterøy","0722","SV","Sosialistisk Venstreparti",1,4.60891,591,142
"2013","st","Vestfold","Nøtterøy","Nøtterøy","0722","RØDT","Rødt",1,0.81104,104,39
"2013","st","Vestfold","Nøtterøy","Nøtterøy","0722","SP","Senterpartiet",1,1.08399,139,31
"2013","st","Vestfold","Nøtterøy","Nøtterøy","0722","KRF","Kristelig Folkeparti",1,4.30476,552,141
"2013","st","Vestfold","Nøtterøy","Nøtterøy","0722","V","Venstre",1,5.24838,673,167
"2013","st","Vestfold","Nøtterøy","Nøtterøy","0722","H","Høyre",1,35.70927,4579,1321
"2013","st","Vestfold","Nøtterøy","Nøtterøy","0722","FRP","Fremskrittspartiet",1,16.80574,2155,656
"2013","st","Vestfold","Nøtterøy","Nøtterøy","0722","DEMN","Demokratene i Norge",2,0.0234,3,0
"2013","st","Vestfold","Nøtterøy","Nøtterøy","0722","KRISTNE","De Kristne",2,0.38213,49,11
"2013","st","Vestfold","Nøtterøy","Nøtterøy","0722","KSP","Kristent Samlingsparti",2,0.09358,12,1
"2013","st","Vestfold","Nøtterøy","Nøtterøy","0722","KYST","Kystpartiet",2,0.13257,17,3
"2013","st","Vestfold","Nøtterøy","Nøtterøy","0722","MDG","Miljøpartiet De Grønne",2,3.34555,429,129
"2013","st","Vestfold","Nøtterøy","Nøtterøy","0722","PIR","Piratpartiet",2,0.31974,41,8
"2013","st","Vestfold","Nøtterøy","Nøtterøy","0722","PP","Pensjonistpartiet",2,0.26515,34,17
"2013","st","Vestfold","Nøtterøy","Nøtterøy","0722","BLANKE","Blanke",3,0.24175,31,18
"2013","st","Vestfold","Nøtterøy","Nøtterøy","0722","Andre","Andre",0,4.56211,585,169
"2013","st","Vestfold","Nøtterøy","Nøtterøy","0722","Andre2","Andre2",0,0,0,0
"2013","st","Vestfold","Tjøme","Tjøme","0723","A","Arbeiderpartiet",1,26.08696,780,311
"2013","st","Vestfold","Tjøme","Tjøme","0723","SV","Sosialistisk Venstreparti",1,4.48161,134,44
"2013","st","Vestfold","Tjøme","Tjøme","0723","RØDT","Rødt",1,0.93645,28,9
"2013","st","Vestfold","Tjøme","Tjøme","0723","SP","Senterpartiet",1,1.37124,41,18
"2013","st","Vestfold","Tjøme","Tjøme","0723","KRF","Kristelig Folkeparti",1,3.04348,91,33
"2013","st","Vestfold","Tjøme","Tjøme","0723","V","Venstre",1,4.28094,128,50
"2013","st","Vestfold","Tjøme","Tjøme","0723","H","Høyre",1,33.11037,990,431
"2013","st","Vestfold","Tjøme","Tjøme","0723","FRP","Fremskrittspartiet",1,20.23411,605,261
"2013","st","Vestfold","Tjøme","Tjøme","0723","DEMN","Demokratene i Norge",2,0.03344,1,0
"2013","st","Vestfold","Tjøme","Tjøme","0723","KRISTNE","De Kristne",2,0.16722,5,5
"2013","st","Vestfold","Tjøme","Tjøme","0723","KSP","Kristent Samlingsparti",2,0.10033,3,1
"2013","st","Vestfold","Tjøme","Tjøme","0723","KYST","Kystpartiet",2,0.20067,6,2
"2013","st","Vestfold","Tjøme","Tjøme","0723","MDG","Miljøpartiet De Grønne",2,5.25084,157,68
"2013","st","Vestfold","Tjøme","Tjøme","0723","PIR","Piratpartiet",2,0.43478,13,4
"2013","st","Vestfold","Tjøme","Tjøme","0723","PP","Pensjonistpartiet",2,0.26756,8,5
"2013","st","Vestfold","Tjøme","Tjøme","0723","BLANKE","Blanke",3,0.46823,14,2
"2013","st","Vestfold","Tjøme","Tjøme","0723","Andre","Andre",0,6.45485,193,85
"2013","st","Vestfold","Tjøme","Tjøme","0723","Andre2","Andre2",0,0,0,0
"2013","st","Vestfold","Lardal","Lardal","0728","A","Arbeiderpartiet",1,37.64706,544,118
"2013","st","Vestfold","Lardal","Lardal","0728","SV","Sosialistisk Venstreparti",1,2.49135,36,13
"2013","st","Vestfold","Lardal","Lardal","0728","RØDT","Rødt",1,0.55363,8,1
"2013","st","Vestfold","Lardal","Lardal","0728","SP","Senterpartiet",1,13.01038,188,37
"2013","st","Vestfold","Lardal","Lardal","0728","KRF","Kristelig Folkeparti",1,4.9827,72,16
"2013","st","Vestfold","Lardal","Lardal","0728","V","Venstre",1,2.56055,37,10
"2013","st","Vestfold","Lardal","Lardal","0728","H","Høyre",1,20.48443,296,55
"2013","st","Vestfold","Lardal","Lardal","0728","FRP","Fremskrittspartiet",1,14.46367,209,45
"2013","st","Vestfold","Lardal","Lardal","0728","DEMN","Demokratene i Norge",2,0,0,0
"2013","st","Vestfold","Lardal","Lardal","0728","KRISTNE","De Kristne",2,0.89965,13,7
"2013","st","Vestfold","Lardal","Lardal","0728","KSP","Kristent Samlingsparti",2,0.27682,4,1
"2013","st","Vestfold","Lardal","Lardal","0728","KYST","Kystpartiet",2,0.20761,3,1
"2013","st","Vestfold","Lardal","Lardal","0728","MDG","Miljøpartiet De Grønne",2,1.79931,26,7
"2013","st","Vestfold","Lardal","Lardal","0728","PIR","Piratpartiet",2,0.27682,4,1
"2013","st","Vestfold","Lardal","Lardal","0728","PP","Pensjonistpartiet",2,0.34602,5,0
"2013","st","Vestfold","Lardal","Lardal","0728","BLANKE","Blanke",3,0.62284,9,0
"2013","st","Vestfold","Lardal","Lardal","0728","Andre","Andre",0,3.80623,55,17
"2013","st","Vestfold","Lardal","Lardal","0728","Andre2","Andre2",0,0,0,0
"2013","st","Telemark","Porsgrunn","Porsgrunn","0805","A","Arbeiderpartiet",1,37.34775,7635,1476
"2013","st","Telemark","Porsgrunn","Porsgrunn","0805","SV","Sosialistisk Venstreparti",1,3.58558,733,176
"2013","st","Telemark","Porsgrunn","Porsgrunn","0805","RØDT","Rødt",1,1.07127,219,61
"2013","st","Telemark","Porsgrunn","Porsgrunn","0805","SP","Senterpartiet",1,1.09084,223,42
"2013","st","Telemark","Porsgrunn","Porsgrunn","0805","KRF","Kristelig Folkeparti",1,5.12156,1047,217
"2013","st","Telemark","Porsgrunn","Porsgrunn","0805","V","Venstre",1,3.68341,753,154
"2013","st","Telemark","Porsgrunn","Porsgrunn","0805","H","Høyre",1,24.87404,5085,1130
"2013","st","Telemark","Porsgrunn","Porsgrunn","0805","FRP","Fremskrittspartiet",1,19.67911,4023,805
"2013","st","Telemark","Porsgrunn","Porsgrunn","0805","DEMN","Demokratene i Norge",2,0.04402,9,1
"2013","st","Telemark","Porsgrunn","Porsgrunn","0805","KRISTNE","De Kristne",2,0.78756,161,36
"2013","st","Telemark","Porsgrunn","Porsgrunn","0805","KSP","Kristent Samlingsparti",2,0.05381,11,2
"2013","st","Telemark","Porsgrunn","Porsgrunn","0805","KYST","Kystpartiet",2,0.08805,18,4
"2013","st","Telemark","Porsgrunn","Porsgrunn","0805","MDG","Miljøpartiet De Grønne",2,2.33821,478,146
"2013","st","Telemark","Porsgrunn","Porsgrunn","0805","PIR","Piratpartiet",2,0.2348,48,14
"2013","st","Telemark","Porsgrunn","Porsgrunn","0805","BLANKE","Blanke",3,0.51362,105,20
"2013","st","Telemark","Porsgrunn","Porsgrunn","0805","Andre","Andre",0,3.54645,725,203
"2013","st","Telemark","Porsgrunn","Porsgrunn","0805","Andre2","Andre2",0,0,0,0
"2013","st","Telemark","Skien","Skien","0806","A","Arbeiderpartiet",1,35.76888,10716,2175
"2013","st","Telemark","Skien","Skien","0806","SV","Sosialistisk Venstreparti",1,3.26446,978,271
"2013","st","Telemark","Skien","Skien","0806","RØDT","Rødt",1,0.68427,205,57
"2013","st","Telemark","Skien","Skien","0806","SP","Senterpartiet",1,1.85921,557,85
"2013","st","Telemark","Skien","Skien","0806","KRF","Kristelig Folkeparti",1,7.1965,2156,457
"2013","st","Telemark","Skien","Skien","0806","V","Venstre",1,3.42134,1025,263
"2013","st","Telemark","Skien","Skien","0806","H","Høyre",1,23.49878,7040,1608
"2013","st","Telemark","Skien","Skien","0806","FRP","Fremskrittspartiet",1,20.67158,6193,1310
"2013","st","Telemark","Skien","Skien","0806","DEMN","Demokratene i Norge",2,0.11349,34,8
"2013","st","Telemark","Skien","Skien","0806","KRISTNE","De Kristne",2,1.02473,307,72
"2013","st","Telemark","Skien","Skien","0806","KSP","Kristent Samlingsparti",2,0.17357,52,18
"2013","st","Telemark","Skien","Skien","0806","KYST","Kystpartiet",2,0.06008,18,2
"2013","st","Telemark","Skien","Skien","0806","MDG","Miljøpartiet De Grønne",2,2.01609,604,193
"2013","st","Telemark","Skien","Skien","0806","PIR","Piratpartiet",2,0.247,74,27
"2013","st","Telemark","Skien","Skien","0806","BLANKE","Blanke",3,0.46731,140,30
"2013","st","Telemark","Skien","Skien","0806","Andre","Andre",0,3.63497,1089,320
"2013","st","Telemark","Skien","Skien","0806","Andre2","Andre2",0,0,0,0
"2013","st","Telemark","Notodden","Notodden","0807","A","Arbeiderpartiet",1,41.43623,2937,626
"2013","st","Telemark","Notodden","Notodden","0807","SV","Sosialistisk Venstreparti",1,2.8781,204,63
"2013","st","Telemark","Notodden","Notodden","0807","RØDT","Rødt",1,1.41084,100,35
"2013","st","Telemark","Notodden","Notodden","0807","SP","Senterpartiet",1,4.31716,306,48
"2013","st","Telemark","Notodden","Notodden","0807","KRF","Kristelig Folkeparti",1,7.56208,536,114
"2013","st","Telemark","Notodden","Notodden","0807","V","Venstre",1,3.58352,254,64
"2013","st","Telemark","Notodden","Notodden","0807","H","Høyre",1,18.21388,1291,266
"2013","st","Telemark","Notodden","Notodden","0807","FRP","Fremskrittspartiet",1,16.08352,1140,233
"2013","st","Telemark","Notodden","Notodden","0807","DEMN","Demokratene i Norge",2,0.08465,6,0
"2013","st","Telemark","Notodden","Notodden","0807","KRISTNE","De Kristne",2,1.693,120,34
"2013","st","Telemark","Notodden","Notodden","0807","KSP","Kristent Samlingsparti",2,0.15519,11,4
"2013","st","Telemark","Notodden","Notodden","0807","KYST","Kystpartiet",2,0.02822,2,1
"2013","st","Telemark","Notodden","Notodden","0807","MDG","Miljøpartiet De Grønne",2,2.28555,162,63
"2013","st","Telemark","Notodden","Notodden","0807","PIR","Piratpartiet",2,0.26806,19,1
"2013","st","Telemark","Notodden","Notodden","0807","BLANKE","Blanke",3,0.32449,23,5
"2013","st","Telemark","Notodden","Notodden","0807","Andre","Andre",0,4.51467,320,103
"2013","st","Telemark","Notodden","Notodden","0807","Andre2","Andre2",0,0,0,0
"2013","st","Telemark","Siljan","Siljan","0811","A","Arbeiderpartiet",1,39.32274,569,98
"2013","st","Telemark","Siljan","Siljan","0811","SV","Sosialistisk Venstreparti",1,3.80097,55,19
"2013","st","Telemark","Siljan","Siljan","0811","RØDT","Rødt",1,0.41465,6,1
"2013","st","Telemark","Siljan","Siljan","0811","SP","Senterpartiet",1,6.28887,91,19
"2013","st","Telemark","Siljan","Siljan","0811","KRF","Kristelig Folkeparti",1,6.97996,101,24
"2013","st","Telemark","Siljan","Siljan","0811","V","Venstre",1,2.4188,35,7
"2013","st","Telemark","Siljan","Siljan","0811","H","Høyre",1,18.10643,262,46
"2013","st","Telemark","Siljan","Siljan","0811","FRP","Fremskrittspartiet",1,18.79751,272,53
"2013","st","Telemark","Siljan","Siljan","0811","DEMN","Demokratene i Norge",2,0,0,0
"2013","st","Telemark","Siljan","Siljan","0811","KRISTNE","De Kristne",2,1.79682,26,4
"2013","st","Telemark","Siljan","Siljan","0811","KSP","Kristent Samlingsparti",2,0.27643,4,3
"2013","st","Telemark","Siljan","Siljan","0811","KYST","Kystpartiet",2,0.06911,1,0
"2013","st","Telemark","Siljan","Siljan","0811","MDG","Miljøpartiet De Grønne",2,1.52039,22,9
"2013","st","Telemark","Siljan","Siljan","0811","PIR","Piratpartiet",2,0.20733,3,1
"2013","st","Telemark","Siljan","Siljan","0811","BLANKE","Blanke",3,0.55287,8,2
"2013","st","Telemark","Siljan","Siljan","0811","Andre","Andre",0,3.87008,56,17
"2013","st","Telemark","Siljan","Siljan","0811","Andre2","Andre2",0,0,0,0
"2013","st","Telemark","Bamble","Bamble","0814","A","Arbeiderpartiet",1,34.61585,2879,545
"2013","st","Telemark","Bamble","Bamble","0814","SV","Sosialistisk Venstreparti",1,1.91175,159,38
"2013","st","Telemark","Bamble","Bamble","0814","RØDT","Rødt",1,0.90177,75,25
"2013","st","Telemark","Bamble","Bamble","0814","SP","Senterpartiet",1,2.14019,178,28
"2013","st","Telemark","Bamble","Bamble","0814","KRF","Kristelig Folkeparti",1,6.46868,538,106
"2013","st","Telemark","Bamble","Bamble","0814","V","Venstre",1,2.62114,218,46
"2013","st","Telemark","Bamble","Bamble","0814","H","Høyre",1,23.2656,1935,417
"2013","st","Telemark","Bamble","Bamble","0814","FRP","Fremskrittspartiet",1,25.16532,2093,500
"2013","st","Telemark","Bamble","Bamble","0814","DEMN","Demokratene i Norge",2,0.02405,2,1
"2013","st","Telemark","Bamble","Bamble","0814","KRISTNE","De Kristne",2,1.09414,91,27
"2013","st","Telemark","Bamble","Bamble","0814","KSP","Kristent Samlingsparti",2,0.06012,5,2
"2013","st","Telemark","Bamble","Bamble","0814","KYST","Kystpartiet",2,0.10821,9,0
"2013","st","Telemark","Bamble","Bamble","0814","MDG","Miljøpartiet De Grønne",2,1.31057,109,34
"2013","st","Telemark","Bamble","Bamble","0814","PIR","Piratpartiet",2,0.31261,26,4
"2013","st","Telemark","Bamble","Bamble","0814","BLANKE","Blanke",3,0.48094,40,4
"2013","st","Telemark","Bamble","Bamble","0814","Andre","Andre",0,2.9097,242,68
"2013","st","Telemark","Bamble","Bamble","0814","Andre2","Andre2",0,0,0,0
"2013","st","Telemark","Kragerø","Kragerø","0815","A","Arbeiderpartiet",1,38.42497,2425,627
"2013","st","Telemark","Kragerø","Kragerø","0815","SV","Sosialistisk Venstreparti",1,3.59689,227,83
"2013","st","Telemark","Kragerø","Kragerø","0815","RØDT","Rødt",1,2.0282,128,40
"2013","st","Telemark","Kragerø","Kragerø","0815","SP","Senterpartiet",1,2.04405,129,27
"2013","st","Telemark","Kragerø","Kragerø","0815","KRF","Kristelig Folkeparti",1,7.03534,444,107
"2013","st","Telemark","Kragerø","Kragerø","0815","V","Venstre",1,3.86627,244,83
"2013","st","Telemark","Kragerø","Kragerø","0815","H","Høyre",1,20.75741,1310,408
"2013","st","Telemark","Kragerø","Kragerø","0815","FRP","Fremskrittspartiet",1,17.96863,1134,321
"2013","st","Telemark","Kragerø","Kragerø","0815","DEMN","Demokratene i Norge",2,0.03169,2,1
"2013","st","Telemark","Kragerø","Kragerø","0815","KRISTNE","De Kristne",2,1.02995,65,22
"2013","st","Telemark","Kragerø","Kragerø","0815","KSP","Kristent Samlingsparti",2,0.07923,5,1
"2013","st","Telemark","Kragerø","Kragerø","0815","KYST","Kystpartiet",2,0.12676,8,4
"2013","st","Telemark","Kragerø","Kragerø","0815","MDG","Miljøpartiet De Grønne",2,2.70955,171,83
"2013","st","Telemark","Kragerø","Kragerø","0815","PIR","Piratpartiet",2,0.30106,19,7
"2013","st","Telemark","Kragerø","Kragerø","0815","BLANKE","Blanke",3,0.42782,27,8
"2013","st","Telemark","Kragerø","Kragerø","0815","Andre","Andre",0,4.27824,270,118
"2013","st","Telemark","Kragerø","Kragerø","0815","Andre2","Andre2",0,0,0,0
"2013","st","Telemark","Drangedal","Drangedal","0817","A","Arbeiderpartiet",1,41.72297,988,165
"2013","st","Telemark","Drangedal","Drangedal","0817","SV","Sosialistisk Venstreparti",1,3.125,74,18
"2013","st","Telemark","Drangedal","Drangedal","0817","RØDT","Rødt",1,0.33784,8,6
"2013","st","Telemark","Drangedal","Drangedal","0817","SP","Senterpartiet",1,9.20608,218,26
"2013","st","Telemark","Drangedal","Drangedal","0817","KRF","Kristelig Folkeparti",1,8.40372,199,38
"2013","st","Telemark","Drangedal","Drangedal","0817","V","Venstre",1,3.125,74,19
"2013","st","Telemark","Drangedal","Drangedal","0817","H","Høyre",1,15.45608,366,97
"2013","st","Telemark","Drangedal","Drangedal","0817","FRP","Fremskrittspartiet",1,14.69595,348,79
"2013","st","Telemark","Drangedal","Drangedal","0817","DEMN","Demokratene i Norge",2,0,0,0
"2013","st","Telemark","Drangedal","Drangedal","0817","KRISTNE","De Kristne",2,1.94257,46,11
"2013","st","Telemark","Drangedal","Drangedal","0817","KSP","Kristent Samlingsparti",2,0.12669,3,0
"2013","st","Telemark","Drangedal","Drangedal","0817","KYST","Kystpartiet",2,0,0,0
"2013","st","Telemark","Drangedal","Drangedal","0817","MDG","Miljøpartiet De Grønne",2,1.5625,37,12
"2013","st","Telemark","Drangedal","Drangedal","0817","PIR","Piratpartiet",2,0.29561,7,1
"2013","st","Telemark","Drangedal","Drangedal","0817","BLANKE","Blanke",3,0.67568,16,0
"2013","st","Telemark","Drangedal","Drangedal","0817","Andre","Andre",0,3.92736,93,24
"2013","st","Telemark","Drangedal","Drangedal","0817","Andre2","Andre2",0,0,0,0
"2013","st","Telemark","Nome","Nome","0819","A","Arbeiderpartiet",1,39.56499,1528,263
"2013","st","Telemark","Nome","Nome","0819","SV","Sosialistisk Venstreparti",1,2.79648,108,30
"2013","st","Telemark","Nome","Nome","0819","RØDT","Rødt",1,0.41429,16,4
"2013","st","Telemark","Nome","Nome","0819","SP","Senterpartiet",1,7.97514,308,49
"2013","st","Telemark","Nome","Nome","0819","KRF","Kristelig Folkeparti",1,6.00725,232,41
"2013","st","Telemark","Nome","Nome","0819","V","Venstre",1,3.31434,128,27
"2013","st","Telemark","Nome","Nome","0819","H","Høyre",1,18.72087,723,147
"2013","st","Telemark","Nome","Nome","0819","FRP","Fremskrittspartiet",1,18.02175,696,103
"2013","st","Telemark","Nome","Nome","0819","DEMN","Demokratene i Norge",2,0,0,0
"2013","st","Telemark","Nome","Nome","0819","KRISTNE","De Kristne",2,1.19109,46,12
"2013","st","Telemark","Nome","Nome","0819","KSP","Kristent Samlingsparti",2,0.02589,1,0
"2013","st","Telemark","Nome","Nome","0819","KYST","Kystpartiet",2,0.05179,2,0
"2013","st","Telemark","Nome","Nome","0819","MDG","Miljøpartiet De Grønne",2,1.63128,63,10
"2013","st","Telemark","Nome","Nome","0819","PIR","Piratpartiet",2,0.28483,11,1
"2013","st","Telemark","Nome","Nome","0819","BLANKE","Blanke",3,0.62144,24,3
"2013","st","Telemark","Nome","Nome","0819","Andre","Andre",0,3.18488,123,23
"2013","st","Telemark","Nome","Nome","0819","Andre2","Andre2",0,0,0,0
"2013","st","Telemark","Bø","Bø","0821","A","Arbeiderpartiet",1,33.56823,1048,288
"2013","st","Telemark","Bø","Bø","0821","SV","Sosialistisk Venstreparti",1,4.80461,150,45
"2013","st","Telemark","Bø","Bø","0821","RØDT","Rødt",1,0.8328,26,9
"2013","st","Telemark","Bø","Bø","0821","SP","Senterpartiet",1,8.74439,273,52
"2013","st","Telemark","Bø","Bø","0821","KRF","Kristelig Folkeparti",1,8.29596,259,87
"2013","st","Telemark","Bø","Bø","0821","V","Venstre",1,6.18193,193,57
"2013","st","Telemark","Bø","Bø","0821","H","Høyre",1,18.80205,587,170
"2013","st","Telemark","Bø","Bø","0821","FRP","Fremskrittspartiet",1,13.70916,428,123
"2013","st","Telemark","Bø","Bø","0821","DEMN","Demokratene i Norge",2,0,0,0
"2013","st","Telemark","Bø","Bø","0821","KRISTNE","De Kristne",2,0.8328,26,14
"2013","st","Telemark","Bø","Bø","0821","KSP","Kristent Samlingsparti",2,0.19218,6,3
"2013","st","Telemark","Bø","Bø","0821","KYST","Kystpartiet",2,0.16015,5,1
"2013","st","Telemark","Bø","Bø","0821","MDG","Miljøpartiet De Grønne",2,3.55541,111,48
"2013","st","Telemark","Bø","Bø","0821","PIR","Piratpartiet",2,0.32031,10,3
"2013","st","Telemark","Bø","Bø","0821","BLANKE","Blanke",3,0.44843,14,2
"2013","st","Telemark","Bø","Bø","0821","Andre","Andre",0,5.06086,158,69
"2013","st","Telemark","Bø","Bø","0821","Andre2","Andre2",0,0,0,0
"2013","st","Telemark","Sauherad","Sauherad","0822","A","Arbeiderpartiet",1,33.55236,817,131
"2013","st","Telemark","Sauherad","Sauherad","0822","SV","Sosialistisk Venstreparti",1,2.91581,71,19
"2013","st","Telemark","Sauherad","Sauherad","0822","RØDT","Rødt",1,0.69815,17,6
"2013","st","Telemark","Sauherad","Sauherad","0822","SP","Senterpartiet",1,11.12936,271,44
"2013","st","Telemark","Sauherad","Sauherad","0822","KRF","Kristelig Folkeparti",1,8.62423,210,34
"2013","st","Telemark","Sauherad","Sauherad","0822","V","Venstre",1,5.05133,123,29
"2013","st","Telemark","Sauherad","Sauherad","0822","H","Høyre",1,16.50924,402,58
"2013","st","Telemark","Sauherad","Sauherad","0822","FRP","Fremskrittspartiet",1,16.91992,412,58
"2013","st","Telemark","Sauherad","Sauherad","0822","DEMN","Demokratene i Norge",2,0.04107,1,0
"2013","st","Telemark","Sauherad","Sauherad","0822","KRISTNE","De Kristne",2,0.86242,21,0
"2013","st","Telemark","Sauherad","Sauherad","0822","KSP","Kristent Samlingsparti",2,0.16427,4,0
"2013","st","Telemark","Sauherad","Sauherad","0822","KYST","Kystpartiet",2,0.08214,2,0
"2013","st","Telemark","Sauherad","Sauherad","0822","MDG","Miljøpartiet De Grønne",2,3.16222,77,20
"2013","st","Telemark","Sauherad","Sauherad","0822","PIR","Piratpartiet",2,0.28747,7,2
"2013","st","Telemark","Sauherad","Sauherad","0822","BLANKE","Blanke",3,0.45175,11,2
"2013","st","Telemark","Sauherad","Sauherad","0822","Andre","Andre",0,4.59959,112,22
"2013","st","Telemark","Sauherad","Sauherad","0822","Andre2","Andre2",0,0,0,0
"2013","st","Telemark","Tinn","Tinn","0826","A","Arbeiderpartiet",1,37.83943,1282,421
"2013","st","Telemark","Tinn","Tinn","0826","SV","Sosialistisk Venstreparti",1,3.36482,114,25
"2013","st","Telemark","Tinn","Tinn","0826","RØDT","Rødt",1,0.91499,31,7
"2013","st","Telemark","Tinn","Tinn","0826","SP","Senterpartiet",1,9.47462,321,57
"2013","st","Telemark","Tinn","Tinn","0826","KRF","Kristelig Folkeparti",1,3.12869,106,45
"2013","st","Telemark","Tinn","Tinn","0826","V","Venstre",1,2.89256,98,27
"2013","st","Telemark","Tinn","Tinn","0826","H","Høyre",1,22.75679,771,241
"2013","st","Telemark","Tinn","Tinn","0826","FRP","Fremskrittspartiet",1,16.82409,570,164
"2013","st","Telemark","Tinn","Tinn","0826","DEMN","Demokratene i Norge",2,0.02952,1,0
"2013","st","Telemark","Tinn","Tinn","0826","KRISTNE","De Kristne",2,0.26564,9,2
"2013","st","Telemark","Tinn","Tinn","0826","KSP","Kristent Samlingsparti",2,0.02952,1,1
"2013","st","Telemark","Tinn","Tinn","0826","KYST","Kystpartiet",2,0.02952,1,1
"2013","st","Telemark","Tinn","Tinn","0826","MDG","Miljøpartiet De Grønne",2,2.24321,76,31
"2013","st","Telemark","Tinn","Tinn","0826","PIR","Piratpartiet",2,0.20661,7,3
"2013","st","Telemark","Tinn","Tinn","0826","BLANKE","Blanke",3,0.50177,17,4
"2013","st","Telemark","Tinn","Tinn","0826","Andre","Andre",0,2.80401,95,38
"2013","st","Telemark","Tinn","Tinn","0826","Andre2","Andre2",0,0,0,0
"2013","st","Telemark","Hjartdal","Hjartdal","0827","A","Arbeiderpartiet",1,39.03743,365,78
"2013","st","Telemark","Hjartdal","Hjartdal","0827","SV","Sosialistisk Venstreparti",1,1.60428,15,2
"2013","st","Telemark","Hjartdal","Hjartdal","0827","RØDT","Rødt",1,0.2139,2,2
"2013","st","Telemark","Hjartdal","Hjartdal","0827","SP","Senterpartiet",1,18.82353,176,18
"2013","st","Telemark","Hjartdal","Hjartdal","0827","KRF","Kristelig Folkeparti",1,11.22995,105,20
"2013","st","Telemark","Hjartdal","Hjartdal","0827","V","Venstre",1,1.71123,16,2
"2013","st","Telemark","Hjartdal","Hjartdal","0827","H","Høyre",1,12.08556,113,29
"2013","st","Telemark","Hjartdal","Hjartdal","0827","FRP","Fremskrittspartiet",1,12.40642,116,12
"2013","st","Telemark","Hjartdal","Hjartdal","0827","DEMN","Demokratene i Norge",2,0,0,0
"2013","st","Telemark","Hjartdal","Hjartdal","0827","KRISTNE","De Kristne",2,1.06952,10,5
"2013","st","Telemark","Hjartdal","Hjartdal","0827","KSP","Kristent Samlingsparti",2,0.10695,1,0
"2013","st","Telemark","Hjartdal","Hjartdal","0827","KYST","Kystpartiet",2,0,0,0
"2013","st","Telemark","Hjartdal","Hjartdal","0827","MDG","Miljøpartiet De Grønne",2,1.71123,16,4
"2013","st","Telemark","Hjartdal","Hjartdal","0827","PIR","Piratpartiet",2,0,0,0
"2013","st","Telemark","Hjartdal","Hjartdal","0827","BLANKE","Blanke",3,0.10695,1,0
"2013","st","Telemark","Hjartdal","Hjartdal","0827","Andre","Andre",0,2.8877,27,9
"2013","st","Telemark","Hjartdal","Hjartdal","0827","Andre2","Andre2",0,0,0,0
"2013","st","Telemark","Seljord","Seljord","0828","A","Arbeiderpartiet",1,29.46324,505,90
"2013","st","Telemark","Seljord","Seljord","0828","SV","Sosialistisk Venstreparti",1,2.85881,49,12
"2013","st","Telemark","Seljord","Seljord","0828","RØDT","Rødt",1,0.70012,12,4
"2013","st","Telemark","Seljord","Seljord","0828","SP","Senterpartiet",1,12.01867,206,32
"2013","st","Telemark","Seljord","Seljord","0828","KRF","Kristelig Folkeparti",1,7.23454,124,36
"2013","st","Telemark","Seljord","Seljord","0828","V","Venstre",1,3.15053,54,12
"2013","st","Telemark","Seljord","Seljord","0828","H","Høyre",1,22.81214,391,83
"2013","st","Telemark","Seljord","Seljord","0828","FRP","Fremskrittspartiet",1,15.75263,270,58
"2013","st","Telemark","Seljord","Seljord","0828","DEMN","Demokratene i Norge",2,0,0,0
"2013","st","Telemark","Seljord","Seljord","0828","KRISTNE","De Kristne",2,2.50875,43,8
"2013","st","Telemark","Seljord","Seljord","0828","KSP","Kristent Samlingsparti",2,0.05834,1,0
"2013","st","Telemark","Seljord","Seljord","0828","KYST","Kystpartiet",2,0.05834,1,0
"2013","st","Telemark","Seljord","Seljord","0828","MDG","Miljøpartiet De Grønne",2,3.32555,57,14
"2013","st","Telemark","Seljord","Seljord","0828","PIR","Piratpartiet",2,0.05834,1,1
"2013","st","Telemark","Seljord","Seljord","0828","BLANKE","Blanke",3,0.23337,4,3
"2013","st","Telemark","Seljord","Seljord","0828","Andre","Andre",0,6.00933,103,23
"2013","st","Telemark","Seljord","Seljord","0828","Andre2","Andre2",0,0,0,0
"2013","st","Telemark","Kviteseid","Kviteseid","0829","A","Arbeiderpartiet",1,32.59471,456,103
"2013","st","Telemark","Kviteseid","Kviteseid","0829","SV","Sosialistisk Venstreparti",1,2.93066,41,8
"2013","st","Telemark","Kviteseid","Kviteseid","0829","RØDT","Rødt",1,0.57184,8,2
"2013","st","Telemark","Kviteseid","Kviteseid","0829","SP","Senterpartiet",1,15.15368,212,49
"2013","st","Telemark","Kviteseid","Kviteseid","0829","KRF","Kristelig Folkeparti",1,11.50822,161,50
"2013","st","Telemark","Kviteseid","Kviteseid","0829","V","Venstre",1,2.93066,41,13
"2013","st","Telemark","Kviteseid","Kviteseid","0829","H","Høyre",1,16.29736,228,59
"2013","st","Telemark","Kviteseid","Kviteseid","0829","FRP","Fremskrittspartiet",1,14.79628,207,37
"2013","st","Telemark","Kviteseid","Kviteseid","0829","DEMN","Demokratene i Norge",2,0,0,0
"2013","st","Telemark","Kviteseid","Kviteseid","0829","KRISTNE","De Kristne",2,0.78628,11,4
"2013","st","Telemark","Kviteseid","Kviteseid","0829","KSP","Kristent Samlingsparti",2,0.28592,4,2
"2013","st","Telemark","Kviteseid","Kviteseid","0829","KYST","Kystpartiet",2,0.07148,1,0
"2013","st","Telemark","Kviteseid","Kviteseid","0829","MDG","Miljøpartiet De Grønne",2,1.92995,27,9
"2013","st","Telemark","Kviteseid","Kviteseid","0829","PIR","Piratpartiet",2,0.14296,2,1
"2013","st","Telemark","Kviteseid","Kviteseid","0829","BLANKE","Blanke",3,0.14296,2,0
"2013","st","Telemark","Kviteseid","Kviteseid","0829","Andre","Andre",0,3.21658,45,16
"2013","st","Telemark","Kviteseid","Kviteseid","0829","Andre2","Andre2",0,0,0,0
"2013","st","Telemark","Nissedal","Nissedal","0830","A","Arbeiderpartiet",1,32.55543,279,63
"2013","st","Telemark","Nissedal","Nissedal","0830","SV","Sosialistisk Venstreparti",1,0.93349,8,4
"2013","st","Telemark","Nissedal","Nissedal","0830","RØDT","Rødt",1,0.23337,2,1
"2013","st","Telemark","Nissedal","Nissedal","0830","SP","Senterpartiet",1,11.7853,101,16
"2013","st","Telemark","Nissedal","Nissedal","0830","KRF","Kristelig Folkeparti",1,17.15286,147,42
"2013","st","Telemark","Nissedal","Nissedal","0830","V","Venstre",1,2.10035,18,4
"2013","st","Telemark","Nissedal","Nissedal","0830","H","Høyre",1,14.58576,125,32
"2013","st","Telemark","Nissedal","Nissedal","0830","FRP","Fremskrittspartiet",1,17.15286,147,33
"2013","st","Telemark","Nissedal","Nissedal","0830","DEMN","Demokratene i Norge",2,0,0,0
"2013","st","Telemark","Nissedal","Nissedal","0830","KRISTNE","De Kristne",2,1.63361,14,2
"2013","st","Telemark","Nissedal","Nissedal","0830","KSP","Kristent Samlingsparti",2,0,0,0
"2013","st","Telemark","Nissedal","Nissedal","0830","KYST","Kystpartiet",2,0,0,0
"2013","st","Telemark","Nissedal","Nissedal","0830","MDG","Miljøpartiet De Grønne",2,1.86698,16,6
"2013","st","Telemark","Nissedal","Nissedal","0830","PIR","Piratpartiet",2,0,0,0
"2013","st","Telemark","Nissedal","Nissedal","0830","BLANKE","Blanke",3,0.23337,2,0
"2013","st","Telemark","Nissedal","Nissedal","0830","Andre","Andre",0,3.50058,30,8
"2013","st","Telemark","Nissedal","Nissedal","0830","Andre2","Andre2",0,0,0,0
"2013","st","Telemark","Fyresdal","Fyresdal","0831","A","Arbeiderpartiet",1,39.44056,282,72
"2013","st","Telemark","Fyresdal","Fyresdal","0831","SV","Sosialistisk Venstreparti",1,2.0979,15,4
"2013","st","Telemark","Fyresdal","Fyresdal","0831","RØDT","Rødt",1,0.27972,2,1
"2013","st","Telemark","Fyresdal","Fyresdal","0831","SP","Senterpartiet",1,19.86014,142,33
"2013","st","Telemark","Fyresdal","Fyresdal","0831","KRF","Kristelig Folkeparti",1,3.4965,25,8
"2013","st","Telemark","Fyresdal","Fyresdal","0831","V","Venstre",1,3.21678,23,10
"2013","st","Telemark","Fyresdal","Fyresdal","0831","H","Høyre",1,18.74126,134,38
"2013","st","Telemark","Fyresdal","Fyresdal","0831","FRP","Fremskrittspartiet",1,10.20979,73,18
"2013","st","Telemark","Fyresdal","Fyresdal","0831","DEMN","Demokratene i Norge",2,0,0,0
"2013","st","Telemark","Fyresdal","Fyresdal","0831","KRISTNE","De Kristne",2,0.41958,3,1
"2013","st","Telemark","Fyresdal","Fyresdal","0831","KSP","Kristent Samlingsparti",2,0,0,0
"2013","st","Telemark","Fyresdal","Fyresdal","0831","KYST","Kystpartiet",2,0,0,0
"2013","st","Telemark","Fyresdal","Fyresdal","0831","MDG","Miljøpartiet De Grønne",2,2.0979,15,6
"2013","st","Telemark","Fyresdal","Fyresdal","0831","PIR","Piratpartiet",2,0.13986,1,0
"2013","st","Telemark","Fyresdal","Fyresdal","0831","BLANKE","Blanke",3,0.6993,5,1
"2013","st","Telemark","Fyresdal","Fyresdal","0831","Andre","Andre",0,2.65734,19,7
"2013","st","Telemark","Fyresdal","Fyresdal","0831","Andre2","Andre2",0,0,0,0
"2013","st","Telemark","Tokke","Tokke","0833","A","Arbeiderpartiet",1,41.52174,573,136
"2013","st","Telemark","Tokke","Tokke","0833","SV","Sosialistisk Venstreparti",1,3.33333,46,11
"2013","st","Telemark","Tokke","Tokke","0833","RØDT","Rødt",1,0.57971,8,1
"2013","st","Telemark","Tokke","Tokke","0833","SP","Senterpartiet",1,17.75362,245,41
"2013","st","Telemark","Tokke","Tokke","0833","KRF","Kristelig Folkeparti",1,7.24638,100,25
"2013","st","Telemark","Tokke","Tokke","0833","V","Venstre",1,2.10145,29,6
"2013","st","Telemark","Tokke","Tokke","0833","H","Høyre",1,13.26087,183,43
"2013","st","Telemark","Tokke","Tokke","0833","FRP","Fremskrittspartiet",1,11.5942,160,46
"2013","st","Telemark","Tokke","Tokke","0833","DEMN","Demokratene i Norge",2,0.07246,1,1
"2013","st","Telemark","Tokke","Tokke","0833","KRISTNE","De Kristne",2,0.72464,10,6
"2013","st","Telemark","Tokke","Tokke","0833","KSP","Kristent Samlingsparti",2,0.14493,2,0
"2013","st","Telemark","Tokke","Tokke","0833","KYST","Kystpartiet",2,0,0,0
"2013","st","Telemark","Tokke","Tokke","0833","MDG","Miljøpartiet De Grønne",2,1.44928,20,11
"2013","st","Telemark","Tokke","Tokke","0833","PIR","Piratpartiet",2,0.21739,3,2
"2013","st","Telemark","Tokke","Tokke","0833","BLANKE","Blanke",3,0.65217,9,4
"2013","st","Telemark","Tokke","Tokke","0833","Andre","Andre",0,2.6087,36,20
"2013","st","Telemark","Tokke","Tokke","0833","Andre2","Andre2",0,0,0,0
"2013","st","Telemark","Vinje","Vinje","0834","A","Arbeiderpartiet",1,31.75865,679,184
"2013","st","Telemark","Vinje","Vinje","0834","SV","Sosialistisk Venstreparti",1,6.78204,145,44
"2013","st","Telemark","Vinje","Vinje","0834","RØDT","Rødt",1,0.88868,19,7
"2013","st","Telemark","Vinje","Vinje","0834","SP","Senterpartiet",1,18.84939,403,75
"2013","st","Telemark","Vinje","Vinje","0834","KRF","Kristelig Folkeparti",1,5.61272,120,29
"2013","st","Telemark","Vinje","Vinje","0834","V","Venstre",1,3.13377,67,14
"2013","st","Telemark","Vinje","Vinje","0834","H","Høyre",1,16.55753,354,85
"2013","st","Telemark","Vinje","Vinje","0834","FRP","Fremskrittspartiet",1,13.1899,282,47
"2013","st","Telemark","Vinje","Vinje","0834","DEMN","Demokratene i Norge",2,0,0,0
"2013","st","Telemark","Vinje","Vinje","0834","KRISTNE","De Kristne",2,0.37418,8,6
"2013","st","Telemark","Vinje","Vinje","0834","KSP","Kristent Samlingsparti",2,0.23386,5,1
"2013","st","Telemark","Vinje","Vinje","0834","KYST","Kystpartiet",2,0,0,0
"2013","st","Telemark","Vinje","Vinje","0834","MDG","Miljøpartiet De Grønne",2,2.5725,55,22
"2013","st","Telemark","Vinje","Vinje","0834","PIR","Piratpartiet",2,0.04677,1,0
"2013","st","Telemark","Vinje","Vinje","0834","BLANKE","Blanke",3,0.32741,7,0
"2013","st","Telemark","Vinje","Vinje","0834","Andre","Andre",0,3.22732,69,29
"2013","st","Telemark","Vinje","Vinje","0834","Andre2","Andre2",0,0,0,0
"2013","st","Aust-Agder","Risør","Risør","0901","A","Arbeiderpartiet",1,35.46117,1411,345
"2013","st","Aust-Agder","Risør","Risør","0901","SV","Sosialistisk Venstreparti",1,2.96557,118,31
"2013","st","Aust-Agder","Risør","Risør","0901","RØDT","Rødt",1,1.03041,41,16
"2013","st","Aust-Agder","Risør","Risør","0901","SP","Senterpartiet",1,3.14149,125,19
"2013","st","Aust-Agder","Risør","Risør","0901","KRF","Kristelig Folkeparti",1,6.86102,273,72
"2013","st","Aust-Agder","Risør","Risør","0901","V","Venstre",1,5.62956,224,47
"2013","st","Aust-Agder","Risør","Risør","0901","H","Høyre",1,24.37798,970,266
"2013","st","Aust-Agder","Risør","Risør","0901","FRP","Fremskrittspartiet",1,16.41116,653,137
"2013","st","Aust-Agder","Risør","Risør","0901","DEMN","Demokratene i Norge",2,0,0,0
"2013","st","Aust-Agder","Risør","Risør","0901","KRISTNE","De Kristne",2,0.90475,36,4
"2013","st","Aust-Agder","Risør","Risør","0901","KSP","Kristent Samlingsparti",2,0.27645,11,3
"2013","st","Aust-Agder","Risør","Risør","0901","KYST","Kystpartiet",2,0.05026,2,1
"2013","st","Aust-Agder","Risør","Risør","0901","MDG","Miljøpartiet De Grønne",2,2.3624,94,29
"2013","st","Aust-Agder","Risør","Risør","0901","PIR","Piratpartiet",2,0.25132,10,1
"2013","st","Aust-Agder","Risør","Risør","0901","PP","Pensjonistpartiet",2,0.27645,11,1
"2013","st","Aust-Agder","Risør","Risør","0901","BLANKE","Blanke",3,0.72883,29,8
"2013","st","Aust-Agder","Risør","Risør","0901","Andre","Andre",0,4.12164,164,39
"2013","st","Aust-Agder","Risør","Risør","0901","Andre2","Andre2",0,0,0,0
"2013","st","Aust-Agder","Grimstad","Grimstad","0904","A","Arbeiderpartiet",1,21.86556,2534,822
"2013","st","Aust-Agder","Grimstad","Grimstad","0904","SV","Sosialistisk Venstreparti",1,2.4506,284,120
"2013","st","Aust-Agder","Grimstad","Grimstad","0904","RØDT","Rødt",1,0.45733,53,21
"2013","st","Aust-Agder","Grimstad","Grimstad","0904","SP","Senterpartiet",1,3.24446,376,115
"2013","st","Aust-Agder","Grimstad","Grimstad","0904","KRF","Kristelig Folkeparti",1,14.85029,1721,608
"2013","st","Aust-Agder","Grimstad","Grimstad","0904","V","Venstre",1,5.95392,690,253
"2013","st","Aust-Agder","Grimstad","Grimstad","0904","H","Høyre",1,27.81086,3223,1173
"2013","st","Aust-Agder","Grimstad","Grimstad","0904","FRP","Fremskrittspartiet",1,19.13021,2217,775
"2013","st","Aust-Agder","Grimstad","Grimstad","0904","DEMN","Demokratene i Norge",2,0.07766,9,2
"2013","st","Aust-Agder","Grimstad","Grimstad","0904","KRISTNE","De Kristne",2,1.43239,166,79
"2013","st","Aust-Agder","Grimstad","Grimstad","0904","KSP","Kristent Samlingsparti",2,0.12943,15,8
"2013","st","Aust-Agder","Grimstad","Grimstad","0904","KYST","Kystpartiet",2,0.02589,3,1
"2013","st","Aust-Agder","Grimstad","Grimstad","0904","MDG","Miljøpartiet De Grønne",2,1.91561,222,100
"2013","st","Aust-Agder","Grimstad","Grimstad","0904","PIR","Piratpartiet",2,0.31064,36,17
"2013","st","Aust-Agder","Grimstad","Grimstad","0904","PP","Pensjonistpartiet",2,0.34515,40,20
"2013","st","Aust-Agder","Grimstad","Grimstad","0904","BLANKE","Blanke",3,0.45733,53,18
"2013","st","Aust-Agder","Grimstad","Grimstad","0904","Andre","Andre",0,4.23678,491,227
"2013","st","Aust-Agder","Grimstad","Grimstad","0904","Andre2","Andre2",0,0,0,0
"2013","st","Aust-Agder","Arendal","Arendal","0906","A","Arbeiderpartiet",1,31.28716,7630,2209
"2013","st","Aust-Agder","Arendal","Arendal","0906","SV","Sosialistisk Venstreparti",1,2.9975,731,289
"2013","st","Aust-Agder","Arendal","Arendal","0906","RØDT","Rødt",1,0.61508,150,61
"2013","st","Aust-Agder","Arendal","Arendal","0906","SP","Senterpartiet",1,2.48903,607,148
"2013","st","Aust-Agder","Arendal","Arendal","0906","KRF","Kristelig Folkeparti",1,8.41022,2051,530
"2013","st","Aust-Agder","Arendal","Arendal","0906","V","Venstre",1,4.96166,1210,413
"2013","st","Aust-Agder","Arendal","Arendal","0906","H","Høyre",1,25.44388,6205,2161
"2013","st","Aust-Agder","Arendal","Arendal","0906","FRP","Fremskrittspartiet",1,19.15775,4672,1310
"2013","st","Aust-Agder","Arendal","Arendal","0906","DEMN","Demokratene i Norge",2,0.04921,12,3
"2013","st","Aust-Agder","Arendal","Arendal","0906","KRISTNE","De Kristne",2,1.09075,266,108
"2013","st","Aust-Agder","Arendal","Arendal","0906","KSP","Kristent Samlingsparti",2,0.15992,39,10
"2013","st","Aust-Agder","Arendal","Arendal","0906","KYST","Kystpartiet",2,0.04101,10,4
"2013","st","Aust-Agder","Arendal","Arendal","0906","MDG","Miljøpartiet De Grønne",2,2.11178,515,191
"2013","st","Aust-Agder","Arendal","Arendal","0906","PIR","Piratpartiet",2,0.35265,86,31
"2013","st","Aust-Agder","Arendal","Arendal","0906","PP","Pensjonistpartiet",2,0.83241,203,87
"2013","st","Aust-Agder","Arendal","Arendal","0906","BLANKE","Blanke",3,0.53307,130,20
"2013","st","Aust-Agder","Arendal","Arendal","0906","Andre","Andre",0,4.63772,1131,434
"2013","st","Aust-Agder","Arendal","Arendal","0906","Andre2","Andre2",0,0,0,0
"2013","st","Aust-Agder","Gjerstad","Gjerstad","0911","A","Arbeiderpartiet",1,32.36953,459,120
"2013","st","Aust-Agder","Gjerstad","Gjerstad","0911","SV","Sosialistisk Venstreparti",1,2.04513,29,8
"2013","st","Aust-Agder","Gjerstad","Gjerstad","0911","RØDT","Rødt",1,0.56417,8,2
"2013","st","Aust-Agder","Gjerstad","Gjerstad","0911","SP","Senterpartiet",1,9.52045,135,35
"2013","st","Aust-Agder","Gjerstad","Gjerstad","0911","KRF","Kristelig Folkeparti",1,8.60367,122,32
"2013","st","Aust-Agder","Gjerstad","Gjerstad","0911","V","Venstre",1,3.94922,56,17
"2013","st","Aust-Agder","Gjerstad","Gjerstad","0911","H","Høyre",1,21.01551,298,75
"2013","st","Aust-Agder","Gjerstad","Gjerstad","0911","FRP","Fremskrittspartiet",1,18.33568,260,67
"2013","st","Aust-Agder","Gjerstad","Gjerstad","0911","DEMN","Demokratene i Norge",2,0.07052,1,0
"2013","st","Aust-Agder","Gjerstad","Gjerstad","0911","KRISTNE","De Kristne",2,1.48096,21,4
"2013","st","Aust-Agder","Gjerstad","Gjerstad","0911","KSP","Kristent Samlingsparti",2,0.14104,2,1
"2013","st","Aust-Agder","Gjerstad","Gjerstad","0911","KYST","Kystpartiet",2,0.07052,1,0
"2013","st","Aust-Agder","Gjerstad","Gjerstad","0911","MDG","Miljøpartiet De Grønne",2,1.12835,16,6
"2013","st","Aust-Agder","Gjerstad","Gjerstad","0911","PIR","Piratpartiet",2,0.21157,3,1
"2013","st","Aust-Agder","Gjerstad","Gjerstad","0911","PP","Pensjonistpartiet",2,0.49365,7,1
"2013","st","Aust-Agder","Gjerstad","Gjerstad","0911","BLANKE","Blanke",3,0.42313,6,0
"2013","st","Aust-Agder","Gjerstad","Gjerstad","0911","Andre","Andre",0,3.59661,51,13
"2013","st","Aust-Agder","Gjerstad","Gjerstad","0911","Andre2","Andre2",0,0,0,0
"2013","st","Aust-Agder","Vegårshei","Vegårshei","0912","A","Arbeiderpartiet",1,31.55259,378,102
"2013","st","Aust-Agder","Vegårshei","Vegårshei","0912","SV","Sosialistisk Venstreparti",1,0.58431,7,2
"2013","st","Aust-Agder","Vegårshei","Vegårshei","0912","RØDT","Rødt",1,0.25042,3,1
"2013","st","Aust-Agder","Vegårshei","Vegårshei","0912","SP","Senterpartiet",1,10.43406,125,29
"2013","st","Aust-Agder","Vegårshei","Vegårshei","0912","KRF","Kristelig Folkeparti",1,19.53255,234,58
"2013","st","Aust-Agder","Vegårshei","Vegårshei","0912","V","Venstre",1,2.33723,28,6
"2013","st","Aust-Agder","Vegårshei","Vegårshei","0912","H","Høyre",1,20.03339,240,53
"2013","st","Aust-Agder","Vegårshei","Vegårshei","0912","FRP","Fremskrittspartiet",1,11.93656,143,44
"2013","st","Aust-Agder","Vegårshei","Vegårshei","0912","DEMN","Demokratene i Norge",2,0.16694,2,0
"2013","st","Aust-Agder","Vegårshei","Vegårshei","0912","KRISTNE","De Kristne",2,1.00167,12,2
"2013","st","Aust-Agder","Vegårshei","Vegårshei","0912","KSP","Kristent Samlingsparti",2,0.33389,4,1
"2013","st","Aust-Agder","Vegårshei","Vegårshei","0912","KYST","Kystpartiet",2,0,0,0
"2013","st","Aust-Agder","Vegårshei","Vegårshei","0912","MDG","Miljøpartiet De Grønne",2,1.33556,16,8
"2013","st","Aust-Agder","Vegårshei","Vegårshei","0912","PIR","Piratpartiet",2,0.16694,2,1
"2013","st","Aust-Agder","Vegårshei","Vegårshei","0912","PP","Pensjonistpartiet",2,0.33389,4,0
"2013","st","Aust-Agder","Vegårshei","Vegårshei","0912","BLANKE","Blanke",3,0.41736,5,0
"2013","st","Aust-Agder","Vegårshei","Vegårshei","0912","Andre","Andre",0,3.3389,40,12
"2013","st","Aust-Agder","Vegårshei","Vegårshei","0912","Andre2","Andre2",0,0,0,0
"2013","st","Aust-Agder","Tvedestrand","Tvedestrand","0914","A","Arbeiderpartiet",1,27.99885,971,284
"2013","st","Aust-Agder","Tvedestrand","Tvedestrand","0914","SV","Sosialistisk Venstreparti",1,2.91234,101,27
"2013","st","Aust-Agder","Tvedestrand","Tvedestrand","0914","RØDT","Rødt",1,0.43253,15,7
"2013","st","Aust-Agder","Tvedestrand","Tvedestrand","0914","SP","Senterpartiet",1,5.53633,192,36
"2013","st","Aust-Agder","Tvedestrand","Tvedestrand","0914","KRF","Kristelig Folkeparti",1,9.22722,320,76
"2013","st","Aust-Agder","Tvedestrand","Tvedestrand","0914","V","Venstre",1,4.75779,165,49
"2013","st","Aust-Agder","Tvedestrand","Tvedestrand","0914","H","Høyre",1,27.24913,945,293
"2013","st","Aust-Agder","Tvedestrand","Tvedestrand","0914","FRP","Fremskrittspartiet",1,17.44521,605,160
"2013","st","Aust-Agder","Tvedestrand","Tvedestrand","0914","DEMN","Demokratene i Norge",2,0.11534,4,0
"2013","st","Aust-Agder","Tvedestrand","Tvedestrand","0914","KRISTNE","De Kristne",2,1.03806,36,8
"2013","st","Aust-Agder","Tvedestrand","Tvedestrand","0914","KSP","Kristent Samlingsparti",2,0.28835,10,4
"2013","st","Aust-Agder","Tvedestrand","Tvedestrand","0914","KYST","Kystpartiet",2,0.05767,2,0
"2013","st","Aust-Agder","Tvedestrand","Tvedestrand","0914","MDG","Miljøpartiet De Grønne",2,2.50865,87,29
"2013","st","Aust-Agder","Tvedestrand","Tvedestrand","0914","PIR","Piratpartiet",2,0.11534,4,1
"2013","st","Aust-Agder","Tvedestrand","Tvedestrand","0914","PP","Pensjonistpartiet",2,0.31719,11,4
"2013","st","Aust-Agder","Tvedestrand","Tvedestrand","0914","BLANKE","Blanke",3,0.63437,22,4
"2013","st","Aust-Agder","Tvedestrand","Tvedestrand","0914","Andre","Andre",0,4.4406,154,46
"2013","st","Aust-Agder","Tvedestrand","Tvedestrand","0914","Andre2","Andre2",0,0,0,0
"2013","st","Aust-Agder","Froland","Froland","0919","A","Arbeiderpartiet",1,29.20415,844,231
"2013","st","Aust-Agder","Froland","Froland","0919","SV","Sosialistisk Venstreparti",1,1.55709,45,12
"2013","st","Aust-Agder","Froland","Froland","0919","RØDT","Rødt",1,0.27682,8,1
"2013","st","Aust-Agder","Froland","Froland","0919","SP","Senterpartiet",1,8.13149,235,68
"2013","st","Aust-Agder","Froland","Froland","0919","KRF","Kristelig Folkeparti",1,14.91349,431,121
"2013","st","Aust-Agder","Froland","Froland","0919","V","Venstre",1,1.97232,57,13
"2013","st","Aust-Agder","Froland","Froland","0919","H","Høyre",1,16.57439,479,126
"2013","st","Aust-Agder","Froland","Froland","0919","FRP","Fremskrittspartiet",1,21.97232,635,165
"2013","st","Aust-Agder","Froland","Froland","0919","DEMN","Demokratene i Norge",2,0.0346,1,0
"2013","st","Aust-Agder","Froland","Froland","0919","KRISTNE","De Kristne",2,3.21799,93,37
"2013","st","Aust-Agder","Froland","Froland","0919","KSP","Kristent Samlingsparti",2,0.20761,6,2
"2013","st","Aust-Agder","Froland","Froland","0919","KYST","Kystpartiet",2,0.10381,3,2
"2013","st","Aust-Agder","Froland","Froland","0919","MDG","Miljøpartiet De Grønne",2,1.21107,35,20
"2013","st","Aust-Agder","Froland","Froland","0919","PIR","Piratpartiet",2,0.13841,4,1
"2013","st","Aust-Agder","Froland","Froland","0919","PP","Pensjonistpartiet",2,0.48443,14,6
"2013","st","Aust-Agder","Froland","Froland","0919","BLANKE","Blanke",3,0.48443,14,3
"2013","st","Aust-Agder","Froland","Froland","0919","Andre","Andre",0,5.39792,156,68
"2013","st","Aust-Agder","Froland","Froland","0919","Andre2","Andre2",0,0,0,0
"2013","st","Aust-Agder","Lillesand","Lillesand","0926","A","Arbeiderpartiet",1,21.98899,1278,323
"2013","st","Aust-Agder","Lillesand","Lillesand","0926","SV","Sosialistisk Venstreparti",1,3.30351,192,55
"2013","st","Aust-Agder","Lillesand","Lillesand","0926","RØDT","Rødt",1,0.43014,25,8
"2013","st","Aust-Agder","Lillesand","Lillesand","0926","SP","Senterpartiet",1,1.97866,115,29
"2013","st","Aust-Agder","Lillesand","Lillesand","0926","KRF","Kristelig Folkeparti",1,9.41156,547,147
"2013","st","Aust-Agder","Lillesand","Lillesand","0926","V","Venstre",1,6.2457,363,98
"2013","st","Aust-Agder","Lillesand","Lillesand","0926","H","Høyre",1,38.07639,2213,574
"2013","st","Aust-Agder","Lillesand","Lillesand","0926","FRP","Fremskrittspartiet",1,14.05712,817,232
"2013","st","Aust-Agder","Lillesand","Lillesand","0926","DEMN","Demokratene i Norge",2,0.15485,9,5
"2013","st","Aust-Agder","Lillesand","Lillesand","0926","KRISTNE","De Kristne",2,1.06676,62,8
"2013","st","Aust-Agder","Lillesand","Lillesand","0926","KSP","Kristent Samlingsparti",2,0.10323,6,0
"2013","st","Aust-Agder","Lillesand","Lillesand","0926","KYST","Kystpartiet",2,0.08603,5,1
"2013","st","Aust-Agder","Lillesand","Lillesand","0926","MDG","Miljøpartiet De Grønne",2,2.33999,136,56
"2013","st","Aust-Agder","Lillesand","Lillesand","0926","PIR","Piratpartiet",2,0.20647,12,3
"2013","st","Aust-Agder","Lillesand","Lillesand","0926","PP","Pensjonistpartiet",2,0.55058,32,12
"2013","st","Aust-Agder","Lillesand","Lillesand","0926","BLANKE","Blanke",3,0.13765,8,4
"2013","st","Aust-Agder","Lillesand","Lillesand","0926","Andre","Andre",0,4.50791,262,85
"2013","st","Aust-Agder","Lillesand","Lillesand","0926","Andre2","Andre2",0,0,0,0
"2013","st","Aust-Agder","Birkenes","Birkenes","0928","A","Arbeiderpartiet",1,19.19938,494,136
"2013","st","Aust-Agder","Birkenes","Birkenes","0928","SV","Sosialistisk Venstreparti",1,1.20482,31,8
"2013","st","Aust-Agder","Birkenes","Birkenes","0928","RØDT","Rødt",1,0.31092,8,3
"2013","st","Aust-Agder","Birkenes","Birkenes","0928","SP","Senterpartiet",1,7.85076,202,44
"2013","st","Aust-Agder","Birkenes","Birkenes","0928","KRF","Kristelig Folkeparti",1,18.49981,476,160
"2013","st","Aust-Agder","Birkenes","Birkenes","0928","V","Venstre",1,2.83716,73,24
"2013","st","Aust-Agder","Birkenes","Birkenes","0928","H","Høyre",1,29.10999,749,227
"2013","st","Aust-Agder","Birkenes","Birkenes","0928","FRP","Fremskrittspartiet",1,16.51768,425,123
"2013","st","Aust-Agder","Birkenes","Birkenes","0928","DEMN","Demokratene i Norge",2,0.1166,3,1
"2013","st","Aust-Agder","Birkenes","Birkenes","0928","KRISTNE","De Kristne",2,1.74893,45,23
"2013","st","Aust-Agder","Birkenes","Birkenes","0928","KSP","Kristent Samlingsparti",2,0.19433,5,2
"2013","st","Aust-Agder","Birkenes","Birkenes","0928","KYST","Kystpartiet",2,0.03887,1,1
"2013","st","Aust-Agder","Birkenes","Birkenes","0928","MDG","Miljøpartiet De Grønne",2,1.90439,49,24
"2013","st","Aust-Agder","Birkenes","Birkenes","0928","PIR","Piratpartiet",2,0.23319,6,2
"2013","st","Aust-Agder","Birkenes","Birkenes","0928","PP","Pensjonistpartiet",2,0.23319,6,2
"2013","st","Aust-Agder","Birkenes","Birkenes","0928","BLANKE","Blanke",3,0.69957,18,8
"2013","st","Aust-Agder","Birkenes","Birkenes","0928","Andre","Andre",0,4.46949,115,55
"2013","st","Aust-Agder","Birkenes","Birkenes","0928","Andre2","Andre2",0,0,0,0
"2013","st","Aust-Agder","Åmli","Åmli","0929","A","Arbeiderpartiet",1,37.78214,385,65
"2013","st","Aust-Agder","Åmli","Åmli","0929","SV","Sosialistisk Venstreparti",1,2.74779,28,5
"2013","st","Aust-Agder","Åmli","Åmli","0929","RØDT","Rødt",1,1.17763,12,5
"2013","st","Aust-Agder","Åmli","Åmli","0929","SP","Senterpartiet",1,15.30913,156,22
"2013","st","Aust-Agder","Åmli","Åmli","0929","KRF","Kristelig Folkeparti",1,9.32287,95,16
"2013","st","Aust-Agder","Åmli","Åmli","0929","V","Venstre",1,3.14033,32,7
"2013","st","Aust-Agder","Åmli","Åmli","0929","H","Høyre",1,12.36506,126,32
"2013","st","Aust-Agder","Åmli","Åmli","0929","FRP","Fremskrittspartiet",1,14.22964,145,30
"2013","st","Aust-Agder","Åmli","Åmli","0929","DEMN","Demokratene i Norge",2,0.09814,1,1
"2013","st","Aust-Agder","Åmli","Åmli","0929","KRISTNE","De Kristne",2,2.15898,22,5
"2013","st","Aust-Agder","Åmli","Åmli","0929","KSP","Kristent Samlingsparti",2,0.39254,4,1
"2013","st","Aust-Agder","Åmli","Åmli","0929","KYST","Kystpartiet",2,0.09814,1,0
"2013","st","Aust-Agder","Åmli","Åmli","0929","MDG","Miljøpartiet De Grønne",2,0.49068,5,1
"2013","st","Aust-Agder","Åmli","Åmli","0929","PIR","Piratpartiet",2,0.09814,1,0
"2013","st","Aust-Agder","Åmli","Åmli","0929","PP","Pensjonistpartiet",2,0.58881,6,6
"2013","st","Aust-Agder","Åmli","Åmli","0929","BLANKE","Blanke",3,0.58881,6,2
"2013","st","Aust-Agder","Åmli","Åmli","0929","Andre","Andre",0,3.92542,40,14
"2013","st","Aust-Agder","Åmli","Åmli","0929","Andre2","Andre2",0,0,0,0
"2013","st","Aust-Agder","Iveland","Iveland","0935","A","Arbeiderpartiet",1,19.02246,144,30
"2013","st","Aust-Agder","Iveland","Iveland","0935","SV","Sosialistisk Venstreparti",1,1.1889,9,1
"2013","st","Aust-Agder","Iveland","Iveland","0935","RØDT","Rødt",1,1.1889,9,3
"2013","st","Aust-Agder","Iveland","Iveland","0935","SP","Senterpartiet",1,11.49273,87,15
"2013","st","Aust-Agder","Iveland","Iveland","0935","KRF","Kristelig Folkeparti",1,20.07926,152,26
"2013","st","Aust-Agder","Iveland","Iveland","0935","V","Venstre",1,2.24571,17,2
"2013","st","Aust-Agder","Iveland","Iveland","0935","H","Høyre",1,17.96565,136,20
"2013","st","Aust-Agder","Iveland","Iveland","0935","FRP","Fremskrittspartiet",1,21.13606,160,20
"2013","st","Aust-Agder","Iveland","Iveland","0935","DEMN","Demokratene i Norge",2,0.1321,1,1
"2013","st","Aust-Agder","Iveland","Iveland","0935","KRISTNE","De Kristne",2,3.43461,26,7
"2013","st","Aust-Agder","Iveland","Iveland","0935","KSP","Kristent Samlingsparti",2,0.2642,2,1
"2013","st","Aust-Agder","Iveland","Iveland","0935","KYST","Kystpartiet",2,0,0,0
"2013","st","Aust-Agder","Iveland","Iveland","0935","MDG","Miljøpartiet De Grønne",2,1.1889,9,3
"2013","st","Aust-Agder","Iveland","Iveland","0935","PIR","Piratpartiet",2,0.2642,2,0
"2013","st","Aust-Agder","Iveland","Iveland","0935","PP","Pensjonistpartiet",2,0.3963,3,1
"2013","st","Aust-Agder","Iveland","Iveland","0935","BLANKE","Blanke",3,0.6605,5,2
"2013","st","Aust-Agder","Iveland","Iveland","0935","Andre","Andre",0,5.68032,43,13
"2013","st","Aust-Agder","Iveland","Iveland","0935","Andre2","Andre2",0,0,0,0
"2013","st","Aust-Agder","Evje og Hornnes","Evje og Hornnes","0937","A","Arbeiderpartiet",1,30.16463,568,122
"2013","st","Aust-Agder","Evje og Hornnes","Evje og Hornnes","0937","SV","Sosialistisk Venstreparti",1,1.43388,27,2
"2013","st","Aust-Agder","Evje og Hornnes","Evje og Hornnes","0937","RØDT","Rødt",1,0.15932,3,0
"2013","st","Aust-Agder","Evje og Hornnes","Evje og Hornnes","0937","SP","Senterpartiet",1,7.43494,140,28
"2013","st","Aust-Agder","Evje og Hornnes","Evje og Hornnes","0937","KRF","Kristelig Folkeparti",1,20.02124,377,69
"2013","st","Aust-Agder","Evje og Hornnes","Evje og Hornnes","0937","V","Venstre",1,2.54912,48,13
"2013","st","Aust-Agder","Evje og Hornnes","Evje og Hornnes","0937","H","Høyre",1,17.84387,336,74
"2013","st","Aust-Agder","Evje og Hornnes","Evje og Hornnes","0937","FRP","Fremskrittspartiet",1,15.82581,298,76
"2013","st","Aust-Agder","Evje og Hornnes","Evje og Hornnes","0937","DEMN","Demokratene i Norge",2,0,0,0
"2013","st","Aust-Agder","Evje og Hornnes","Evje og Hornnes","0937","KRISTNE","De Kristne",2,1.43388,27,2
"2013","st","Aust-Agder","Evje og Hornnes","Evje og Hornnes","0937","KSP","Kristent Samlingsparti",2,0.47796,9,2
"2013","st","Aust-Agder","Evje og Hornnes","Evje og Hornnes","0937","KYST","Kystpartiet",2,0.31864,6,0
"2013","st","Aust-Agder","Evje og Hornnes","Evje og Hornnes","0937","MDG","Miljøpartiet De Grønne",2,1.48699,28,9
"2013","st","Aust-Agder","Evje og Hornnes","Evje og Hornnes","0937","PIR","Piratpartiet",2,0.37175,7,1
"2013","st","Aust-Agder","Evje og Hornnes","Evje og Hornnes","0937","PP","Pensjonistpartiet",2,0.47796,9,2
"2013","st","Aust-Agder","Evje og Hornnes","Evje og Hornnes","0937","BLANKE","Blanke",3,0.58417,11,5
"2013","st","Aust-Agder","Evje og Hornnes","Evje og Hornnes","0937","Andre","Andre",0,4.56718,86,16
"2013","st","Aust-Agder","Evje og Hornnes","Evje og Hornnes","0937","Andre2","Andre2",0,0,0,0
"2013","st","Aust-Agder","Bygland","Bygland","0938","A","Arbeiderpartiet",1,28.91892,214,41
"2013","st","Aust-Agder","Bygland","Bygland","0938","SV","Sosialistisk Venstreparti",1,1.75676,13,2
"2013","st","Aust-Agder","Bygland","Bygland","0938","RØDT","Rødt",1,0.54054,4,1
"2013","st","Aust-Agder","Bygland","Bygland","0938","SP","Senterpartiet",1,18.51351,137,27
"2013","st","Aust-Agder","Bygland","Bygland","0938","KRF","Kristelig Folkeparti",1,12.7027,94,22
"2013","st","Aust-Agder","Bygland","Bygland","0938","V","Venstre",1,2.97297,22,8
"2013","st","Aust-Agder","Bygland","Bygland","0938","H","Høyre",1,17.83784,132,26
"2013","st","Aust-Agder","Bygland","Bygland","0938","FRP","Fremskrittspartiet",1,12.2973,91,19
"2013","st","Aust-Agder","Bygland","Bygland","0938","DEMN","Demokratene i Norge",2,0.40541,3,1
"2013","st","Aust-Agder","Bygland","Bygland","0938","KRISTNE","De Kristne",2,1.89189,14,5
"2013","st","Aust-Agder","Bygland","Bygland","0938","KSP","Kristent Samlingsparti",2,0.13514,1,0
"2013","st","Aust-Agder","Bygland","Bygland","0938","KYST","Kystpartiet",2,0,0,0
"2013","st","Aust-Agder","Bygland","Bygland","0938","MDG","Miljøpartiet De Grønne",2,0.94595,7,3
"2013","st","Aust-Agder","Bygland","Bygland","0938","PIR","Piratpartiet",2,0.40541,3,2
"2013","st","Aust-Agder","Bygland","Bygland","0938","PP","Pensjonistpartiet",2,0.67568,5,0
"2013","st","Aust-Agder","Bygland","Bygland","0938","BLANKE","Blanke",3,0.13514,1,0
"2013","st","Aust-Agder","Bygland","Bygland","0938","Andre","Andre",0,4.45946,33,11
"2013","st","Aust-Agder","Bygland","Bygland","0938","Andre2","Andre2",0,0,0,0
"2013","st","Aust-Agder","Valle","Valle","0940","A","Arbeiderpartiet",1,25.21614,175,42
"2013","st","Aust-Agder","Valle","Valle","0940","SV","Sosialistisk Venstreparti",1,2.01729,14,6
"2013","st","Aust-Agder","Valle","Valle","0940","RØDT","Rødt",1,0.43228,3,1
"2013","st","Aust-Agder","Valle","Valle","0940","SP","Senterpartiet",1,18.15562,126,41
"2013","st","Aust-Agder","Valle","Valle","0940","KRF","Kristelig Folkeparti",1,11.81556,82,15
"2013","st","Aust-Agder","Valle","Valle","0940","V","Venstre",1,3.60231,25,10
"2013","st","Aust-Agder","Valle","Valle","0940","H","Høyre",1,19.02017,132,36
"2013","st","Aust-Agder","Valle","Valle","0940","FRP","Fremskrittspartiet",1,13.68876,95,26
"2013","st","Aust-Agder","Valle","Valle","0940","DEMN","Demokratene i Norge",2,0,0,0
"2013","st","Aust-Agder","Valle","Valle","0940","KRISTNE","De Kristne",2,3.7464,26,10
"2013","st","Aust-Agder","Valle","Valle","0940","KSP","Kristent Samlingsparti",2,0.43228,3,0
"2013","st","Aust-Agder","Valle","Valle","0940","KYST","Kystpartiet",2,0.14409,1,1
"2013","st","Aust-Agder","Valle","Valle","0940","MDG","Miljøpartiet De Grønne",2,1.44092,10,3
"2013","st","Aust-Agder","Valle","Valle","0940","PIR","Piratpartiet",2,0,0,0
"2013","st","Aust-Agder","Valle","Valle","0940","PP","Pensjonistpartiet",2,0.28818,2,0
"2013","st","Aust-Agder","Valle","Valle","0940","BLANKE","Blanke",3,0.43228,3,0
"2013","st","Aust-Agder","Valle","Valle","0940","Andre","Andre",0,6.05187,42,14
"2013","st","Aust-Agder","Valle","Valle","0940","Andre2","Andre2",0,0,0,0
"2013","st","Aust-Agder","Bykle","Bykle","0941","A","Arbeiderpartiet",1,27.99189,138,39
"2013","st","Aust-Agder","Bykle","Bykle","0941","SV","Sosialistisk Venstreparti",1,4.66531,23,8
"2013","st","Aust-Agder","Bykle","Bykle","0941","RØDT","Rødt",1,0.60852,3,2
"2013","st","Aust-Agder","Bykle","Bykle","0941","SP","Senterpartiet",1,11.56187,57,16
"2013","st","Aust-Agder","Bykle","Bykle","0941","KRF","Kristelig Folkeparti",1,8.92495,44,18
"2013","st","Aust-Agder","Bykle","Bykle","0941","V","Venstre",1,4.66531,23,7
"2013","st","Aust-Agder","Bykle","Bykle","0941","H","Høyre",1,24.13793,119,36
"2013","st","Aust-Agder","Bykle","Bykle","0941","FRP","Fremskrittspartiet",1,12.57606,62,24
"2013","st","Aust-Agder","Bykle","Bykle","0941","DEMN","Demokratene i Norge",2,0,0,0
"2013","st","Aust-Agder","Bykle","Bykle","0941","KRISTNE","De Kristne",2,2.0284,10,0
"2013","st","Aust-Agder","Bykle","Bykle","0941","KSP","Kristent Samlingsparti",2,0,0,0
"2013","st","Aust-Agder","Bykle","Bykle","0941","KYST","Kystpartiet",2,0,0,0
"2013","st","Aust-Agder","Bykle","Bykle","0941","MDG","Miljøpartiet De Grønne",2,2.63692,13,3
"2013","st","Aust-Agder","Bykle","Bykle","0941","PIR","Piratpartiet",2,0,0,0
"2013","st","Aust-Agder","Bykle","Bykle","0941","PP","Pensjonistpartiet",2,0.20284,1,1
"2013","st","Aust-Agder","Bykle","Bykle","0941","BLANKE","Blanke",3,0.81136,4,1
"2013","st","Aust-Agder","Bykle","Bykle","0941","Andre","Andre",0,4.86815,24,4
"2013","st","Aust-Agder","Bykle","Bykle","0941","Andre2","Andre2",0,0,0,0
"2013","st","Vest-Agder","Kristiansand","Kristiansand","1001","A","Arbeiderpartiet",1,24.90329,11717,3009
"2013","st","Vest-Agder","Kristiansand","Kristiansand","1001","SV","Sosialistisk Venstreparti",1,3.26249,1535,486
"2013","st","Vest-Agder","Kristiansand","Kristiansand","1001","RØDT","Rødt",1,0.57598,271,120
"2013","st","Vest-Agder","Kristiansand","Kristiansand","1001","SP","Senterpartiet",1,0.97556,459,135
"2013","st","Vest-Agder","Kristiansand","Kristiansand","1001","KRF","Kristelig Folkeparti",1,12.71626,5983,1434
"2013","st","Vest-Agder","Kristiansand","Kristiansand","1001","V","Venstre",1,5.34963,2517,658
"2013","st","Vest-Agder","Kristiansand","Kristiansand","1001","H","Høyre",1,29.61955,13936,3862
"2013","st","Vest-Agder","Kristiansand","Kristiansand","1001","FRP","Fremskrittspartiet",1,15.83422,7450,1875
"2013","st","Vest-Agder","Kristiansand","Kristiansand","1001","DEMN","Demokratene i Norge",2,0.84591,398,155
"2013","st","Vest-Agder","Kristiansand","Kristiansand","1001","DLF","Det Liberale Folkepartiet",2,0.04251,20,6
"2013","st","Vest-Agder","Kristiansand","Kristiansand","1001","KRISTNE","De Kristne",2,1.26249,594,170
"2013","st","Vest-Agder","Kristiansand","Kristiansand","1001","KYST","Kystpartiet",2,0.017,8,1
"2013","st","Vest-Agder","Kristiansand","Kristiansand","1001","MDG","Miljøpartiet De Grønne",2,3.02869,1425,492
"2013","st","Vest-Agder","Kristiansand","Kristiansand","1001","NKP","Norges Kommunistiske Parti",2,0.04251,20,2
"2013","st","Vest-Agder","Kristiansand","Kristiansand","1001","PIR","Piratpartiet",2,0.34219,161,50
"2013","st","Vest-Agder","Kristiansand","Kristiansand","1001","PP","Pensjonistpartiet",2,1.18172,556,208
"2013","st","Vest-Agder","Kristiansand","Kristiansand","1001","BLANKE","Blanke",3,0.37194,175,58
"2013","st","Vest-Agder","Kristiansand","Kristiansand","1001","Andre","Andre",0,6.76302,3182,1084
"2013","st","Vest-Agder","Kristiansand","Kristiansand","1001","Andre2","Andre2",0,0,0,0
"2013","st","Vest-Agder","Mandal","Mandal","1002","A","Arbeiderpartiet",1,24.35307,2061,815
"2013","st","Vest-Agder","Mandal","Mandal","1002","SV","Sosialistisk Venstreparti",1,2.78861,236,111
"2013","st","Vest-Agder","Mandal","Mandal","1002","RØDT","Rødt",1,0.37812,32,22
"2013","st","Vest-Agder","Mandal","Mandal","1002","SP","Senterpartiet",1,2.46957,209,70
"2013","st","Vest-Agder","Mandal","Mandal","1002","KRF","Kristelig Folkeparti",1,9.55926,809,336
"2013","st","Vest-Agder","Mandal","Mandal","1002","V","Venstre",1,4.19473,355,123
"2013","st","Vest-Agder","Mandal","Mandal","1002","H","Høyre",1,27.95699,2366,1091
"2013","st","Vest-Agder","Mandal","Mandal","1002","FRP","Fremskrittspartiet",1,22.35614,1892,761
"2013","st","Vest-Agder","Mandal","Mandal","1002","DEMN","Demokratene i Norge",2,0.12998,11,3
"2013","st","Vest-Agder","Mandal","Mandal","1002","DLF","Det Liberale Folkepartiet",2,0.03545,3,2
"2013","st","Vest-Agder","Mandal","Mandal","1002","KRISTNE","De Kristne",2,2.30415,195,65
"2013","st","Vest-Agder","Mandal","Mandal","1002","KYST","Kystpartiet",2,0.0709,6,0
"2013","st","Vest-Agder","Mandal","Mandal","1002","MDG","Miljøpartiet De Grønne",2,2.46957,209,92
"2013","st","Vest-Agder","Mandal","Mandal","1002","NKP","Norges Kommunistiske Parti",2,0,0,0
"2013","st","Vest-Agder","Mandal","Mandal","1002","PIR","Piratpartiet",2,0.18906,16,13
"2013","st","Vest-Agder","Mandal","Mandal","1002","PP","Pensjonistpartiet",2,0.74442,63,14
"2013","st","Vest-Agder","Mandal","Mandal","1002","BLANKE","Blanke",3,0.33085,28,10
"2013","st","Vest-Agder","Mandal","Mandal","1002","Andre","Andre",0,5.94352,503,189
"2013","st","Vest-Agder","Mandal","Mandal","1002","Andre2","Andre2",0,0,0,0
"2013","st","Vest-Agder","Farsund","Farsund","1003","A","Arbeiderpartiet",1,22.39523,1165,386
"2013","st","Vest-Agder","Farsund","Farsund","1003","SV","Sosialistisk Venstreparti",1,2.55671,133,47
"2013","st","Vest-Agder","Farsund","Farsund","1003","RØDT","Rødt",1,0.17301,9,3
"2013","st","Vest-Agder","Farsund","Farsund","1003","SP","Senterpartiet",1,3.90235,203,69
"2013","st","Vest-Agder","Farsund","Farsund","1003","KRF","Kristelig Folkeparti",1,12.55286,653,176
"2013","st","Vest-Agder","Farsund","Farsund","1003","V","Venstre",1,3.55632,185,65
"2013","st","Vest-Agder","Farsund","Farsund","1003","H","Høyre",1,26.47059,1377,460
"2013","st","Vest-Agder","Farsund","Farsund","1003","FRP","Fremskrittspartiet",1,23.54864,1225,418
"2013","st","Vest-Agder","Farsund","Farsund","1003","DEMN","Demokratene i Norge",2,0.11534,6,2
"2013","st","Vest-Agder","Farsund","Farsund","1003","DLF","Det Liberale Folkepartiet",2,0.01922,1,0
"2013","st","Vest-Agder","Farsund","Farsund","1003","KRISTNE","De Kristne",2,2.01845,105,36
"2013","st","Vest-Agder","Farsund","Farsund","1003","KYST","Kystpartiet",2,0.15379,8,2
"2013","st","Vest-Agder","Farsund","Farsund","1003","MDG","Miljøpartiet De Grønne",2,1.34564,70,32
"2013","st","Vest-Agder","Farsund","Farsund","1003","NKP","Norges Kommunistiske Parti",2,0.09612,5,0
"2013","st","Vest-Agder","Farsund","Farsund","1003","PIR","Piratpartiet",2,0.15379,8,4
"2013","st","Vest-Agder","Farsund","Farsund","1003","PP","Pensjonistpartiet",2,0.94195,49,17
"2013","st","Vest-Agder","Farsund","Farsund","1003","BLANKE","Blanke",3,0.48058,25,8
"2013","st","Vest-Agder","Farsund","Farsund","1003","Andre","Andre",0,4.84429,252,93
"2013","st","Vest-Agder","Farsund","Farsund","1003","Andre2","Andre2",0,0,0,0
"2013","st","Vest-Agder","Flekkefjord","Flekkefjord","1004","A","Arbeiderpartiet",1,22.54381,1145,297
"2013","st","Vest-Agder","Flekkefjord","Flekkefjord","1004","SV","Sosialistisk Venstreparti",1,2.32329,118,39
"2013","st","Vest-Agder","Flekkefjord","Flekkefjord","1004","RØDT","Rødt",1,0.59067,30,13
"2013","st","Vest-Agder","Flekkefjord","Flekkefjord","1004","SP","Senterpartiet",1,4.25281,216,43
"2013","st","Vest-Agder","Flekkefjord","Flekkefjord","1004","KRF","Kristelig Folkeparti",1,13.30971,676,221
"2013","st","Vest-Agder","Flekkefjord","Flekkefjord","1004","V","Venstre",1,3.83934,195,60
"2013","st","Vest-Agder","Flekkefjord","Flekkefjord","1004","H","Høyre",1,27.89919,1417,436
"2013","st","Vest-Agder","Flekkefjord","Flekkefjord","1004","FRP","Fremskrittspartiet",1,21.3231,1083,335
"2013","st","Vest-Agder","Flekkefjord","Flekkefjord","1004","DEMN","Demokratene i Norge",2,0.09844,5,3
"2013","st","Vest-Agder","Flekkefjord","Flekkefjord","1004","DLF","Det Liberale Folkepartiet",2,0.13782,7,1
"2013","st","Vest-Agder","Flekkefjord","Flekkefjord","1004","KRISTNE","De Kristne",2,1.69325,86,26
"2013","st","Vest-Agder","Flekkefjord","Flekkefjord","1004","KYST","Kystpartiet",2,0.05907,3,2
"2013","st","Vest-Agder","Flekkefjord","Flekkefjord","1004","MDG","Miljøpartiet De Grønne",2,1.33885,68,34
"2013","st","Vest-Agder","Flekkefjord","Flekkefjord","1004","NKP","Norges Kommunistiske Parti",2,0.01969,1,1
"2013","st","Vest-Agder","Flekkefjord","Flekkefjord","1004","PIR","Piratpartiet",2,0.29533,15,8
"2013","st","Vest-Agder","Flekkefjord","Flekkefjord","1004","PP","Pensjonistpartiet",2,0.27564,14,6
"2013","st","Vest-Agder","Flekkefjord","Flekkefjord","1004","BLANKE","Blanke",3,0.3544,18,5
"2013","st","Vest-Agder","Flekkefjord","Flekkefjord","1004","Andre","Andre",0,3.91809,199,81
"2013","st","Vest-Agder","Flekkefjord","Flekkefjord","1004","Andre2","Andre2",0,0,0,0
"2013","st","Vest-Agder","Vennesla","Vennesla","1014","A","Arbeiderpartiet",1,26.85892,2077,371
"2013","st","Vest-Agder","Vennesla","Vennesla","1014","SV","Sosialistisk Venstreparti",1,1.48713,115,24
"2013","st","Vest-Agder","Vennesla","Vennesla","1014","RØDT","Rødt",1,0.40088,31,12
"2013","st","Vest-Agder","Vennesla","Vennesla","1014","SP","Senterpartiet",1,3.59498,278,43
"2013","st","Vest-Agder","Vennesla","Vennesla","1014","KRF","Kristelig Folkeparti",1,19.51377,1509,212
"2013","st","Vest-Agder","Vennesla","Vennesla","1014","V","Venstre",1,2.05612,159,24
"2013","st","Vest-Agder","Vennesla","Vennesla","1014","H","Høyre",1,19.75947,1528,217
"2013","st","Vest-Agder","Vennesla","Vennesla","1014","FRP","Fremskrittspartiet",1,19.38446,1499,218
"2013","st","Vest-Agder","Vennesla","Vennesla","1014","DEMN","Demokratene i Norge",2,0.47847,37,8
"2013","st","Vest-Agder","Vennesla","Vennesla","1014","DLF","Det Liberale Folkepartiet",2,0.21984,17,4
"2013","st","Vest-Agder","Vennesla","Vennesla","1014","KRISTNE","De Kristne",2,3.9312,304,72
"2013","st","Vest-Agder","Vennesla","Vennesla","1014","KYST","Kystpartiet",2,0.07759,6,0
"2013","st","Vest-Agder","Vennesla","Vennesla","1014","MDG","Miljøpartiet De Grønne",2,1.16384,90,23
"2013","st","Vest-Agder","Vennesla","Vennesla","1014","NKP","Norges Kommunistiske Parti",2,0.10345,8,5
"2013","st","Vest-Agder","Vennesla","Vennesla","1014","PIR","Piratpartiet",2,0.33622,26,7
"2013","st","Vest-Agder","Vennesla","Vennesla","1014","PP","Pensjonistpartiet",2,0.63365,49,22
"2013","st","Vest-Agder","Vennesla","Vennesla","1014","BLANKE","Blanke",3,0.37502,29,5
"2013","st","Vest-Agder","Vennesla","Vennesla","1014","Andre","Andre",0,6.94426,537,141
"2013","st","Vest-Agder","Vennesla","Vennesla","1014","Andre2","Andre2",0,0,0,0
"2013","st","Vest-Agder","Songdalen","Songdalen","1017","A","Arbeiderpartiet",1,24.91704,826,163
"2013","st","Vest-Agder","Songdalen","Songdalen","1017","SV","Sosialistisk Venstreparti",1,1.71946,57,13
"2013","st","Vest-Agder","Songdalen","Songdalen","1017","RØDT","Rødt",1,0.42232,14,2
"2013","st","Vest-Agder","Songdalen","Songdalen","1017","SP","Senterpartiet",1,6.96833,231,28
"2013","st","Vest-Agder","Songdalen","Songdalen","1017","KRF","Kristelig Folkeparti",1,13.60483,451,82
"2013","st","Vest-Agder","Songdalen","Songdalen","1017","V","Venstre",1,3.19759,106,31
"2013","st","Vest-Agder","Songdalen","Songdalen","1017","H","Høyre",1,22.80543,756,134
"2013","st","Vest-Agder","Songdalen","Songdalen","1017","FRP","Fremskrittspartiet",1,20.87481,692,124
"2013","st","Vest-Agder","Songdalen","Songdalen","1017","DEMN","Demokratene i Norge",2,0.69382,23,10
"2013","st","Vest-Agder","Songdalen","Songdalen","1017","DLF","Det Liberale Folkepartiet",2,0.12066,4,1
"2013","st","Vest-Agder","Songdalen","Songdalen","1017","KRISTNE","De Kristne",2,2.23228,74,13
"2013","st","Vest-Agder","Songdalen","Songdalen","1017","KYST","Kystpartiet",2,0.03017,1,1
"2013","st","Vest-Agder","Songdalen","Songdalen","1017","MDG","Miljøpartiet De Grønne",2,1.38763,46,15
"2013","st","Vest-Agder","Songdalen","Songdalen","1017","NKP","Norges Kommunistiske Parti",2,0.03017,1,0
"2013","st","Vest-Agder","Songdalen","Songdalen","1017","PIR","Piratpartiet",2,0.27149,9,2
"2013","st","Vest-Agder","Songdalen","Songdalen","1017","PP","Pensjonistpartiet",2,0.72398,24,9
"2013","st","Vest-Agder","Songdalen","Songdalen","1017","BLANKE","Blanke",3,0.36199,12,2
"2013","st","Vest-Agder","Songdalen","Songdalen","1017","Andre","Andre",0,5.4902,182,51
"2013","st","Vest-Agder","Songdalen","Songdalen","1017","Andre2","Andre2",0,0,0,0
"2013","st","Vest-Agder","Søgne","Søgne","1018","A","Arbeiderpartiet",1,21.29309,1291,512
"2013","st","Vest-Agder","Søgne","Søgne","1018","SV","Sosialistisk Venstreparti",1,2.7874,169,81
"2013","st","Vest-Agder","Søgne","Søgne","1018","RØDT","Rødt",1,0.52779,32,13
"2013","st","Vest-Agder","Søgne","Søgne","1018","SP","Senterpartiet",1,1.99571,121,43
"2013","st","Vest-Agder","Søgne","Søgne","1018","KRF","Kristelig Folkeparti",1,11.66089,707,248
"2013","st","Vest-Agder","Søgne","Søgne","1018","V","Venstre",1,4.7996,291,96
"2013","st","Vest-Agder","Søgne","Søgne","1018","H","Høyre",1,32.26126,1956,714
"2013","st","Vest-Agder","Søgne","Søgne","1018","FRP","Fremskrittspartiet",1,19.52829,1184,440
"2013","st","Vest-Agder","Søgne","Søgne","1018","DEMN","Demokratene i Norge",2,0.29688,18,10
"2013","st","Vest-Agder","Søgne","Søgne","1018","DLF","Det Liberale Folkepartiet",2,0.01649,1,0
"2013","st","Vest-Agder","Søgne","Søgne","1018","KRISTNE","De Kristne",2,1.63286,99,44
"2013","st","Vest-Agder","Søgne","Søgne","1018","KYST","Kystpartiet",2,0.03299,2,1
"2013","st","Vest-Agder","Søgne","Søgne","1018","MDG","Miljøpartiet De Grønne",2,2.06169,125,61
"2013","st","Vest-Agder","Søgne","Søgne","1018","NKP","Norges Kommunistiske Parti",2,0.01649,1,0
"2013","st","Vest-Agder","Søgne","Søgne","1018","PIR","Piratpartiet",2,0.29688,18,7
"2013","st","Vest-Agder","Søgne","Søgne","1018","PP","Pensjonistpartiet",2,0.79169,48,31
"2013","st","Vest-Agder","Søgne","Søgne","1018","BLANKE","Blanke",3,0.11545,7,4
"2013","st","Vest-Agder","Søgne","Søgne","1018","Andre","Andre",0,5.14597,312,154
"2013","st","Vest-Agder","Søgne","Søgne","1018","Andre2","Andre2",0,0,0,0
"2013","st","Vest-Agder","Marnardal","Marnardal","1021","A","Arbeiderpartiet",1,27.36675,344,85
"2013","st","Vest-Agder","Marnardal","Marnardal","1021","SV","Sosialistisk Venstreparti",1,1.82975,23,6
"2013","st","Vest-Agder","Marnardal","Marnardal","1021","RØDT","Rødt",1,0.31822,4,1
"2013","st","Vest-Agder","Marnardal","Marnardal","1021","SP","Senterpartiet",1,14.31981,180,31
"2013","st","Vest-Agder","Marnardal","Marnardal","1021","KRF","Kristelig Folkeparti",1,11.61496,146,22
"2013","st","Vest-Agder","Marnardal","Marnardal","1021","V","Venstre",1,3.10263,39,11
"2013","st","Vest-Agder","Marnardal","Marnardal","1021","H","Høyre",1,19.09308,240,51
"2013","st","Vest-Agder","Marnardal","Marnardal","1021","FRP","Fremskrittspartiet",1,15.43357,194,37
"2013","st","Vest-Agder","Marnardal","Marnardal","1021","DEMN","Demokratene i Norge",2,0.23866,3,0
"2013","st","Vest-Agder","Marnardal","Marnardal","1021","DLF","Det Liberale Folkepartiet",2,0.71599,9,2
"2013","st","Vest-Agder","Marnardal","Marnardal","1021","KRISTNE","De Kristne",2,2.94352,37,9
"2013","st","Vest-Agder","Marnardal","Marnardal","1021","KYST","Kystpartiet",2,0.23866,3,3
"2013","st","Vest-Agder","Marnardal","Marnardal","1021","MDG","Miljøpartiet De Grønne",2,1.98886,25,9
"2013","st","Vest-Agder","Marnardal","Marnardal","1021","NKP","Norges Kommunistiske Parti",2,0.07955,1,0
"2013","st","Vest-Agder","Marnardal","Marnardal","1021","PIR","Piratpartiet",2,0.23866,3,2
"2013","st","Vest-Agder","Marnardal","Marnardal","1021","PP","Pensjonistpartiet",2,0.47733,6,0
"2013","st","Vest-Agder","Marnardal","Marnardal","1021","BLANKE","Blanke",3,0.63644,8,1
"2013","st","Vest-Agder","Marnardal","Marnardal","1021","Andre","Andre",0,6.92124,87,25
"2013","st","Vest-Agder","Marnardal","Marnardal","1021","Andre2","Andre2",0,0,0,0
"2013","st","Vest-Agder","Åseral","Åseral","1026","A","Arbeiderpartiet",1,22.58727,110,16
"2013","st","Vest-Agder","Åseral","Åseral","1026","SV","Sosialistisk Venstreparti",1,1.02669,5,1
"2013","st","Vest-Agder","Åseral","Åseral","1026","RØDT","Rødt",1,0.20534,1,0
"2013","st","Vest-Agder","Åseral","Åseral","1026","SP","Senterpartiet",1,19.91786,97,12
"2013","st","Vest-Agder","Åseral","Åseral","1026","KRF","Kristelig Folkeparti",1,19.09651,93,17
"2013","st","Vest-Agder","Åseral","Åseral","1026","V","Venstre",1,1.84805,9,0
"2013","st","Vest-Agder","Åseral","Åseral","1026","H","Høyre",1,15.81109,77,14
"2013","st","Vest-Agder","Åseral","Åseral","1026","FRP","Fremskrittspartiet",1,14.98973,73,16
"2013","st","Vest-Agder","Åseral","Åseral","1026","DEMN","Demokratene i Norge",2,0.20534,1,0
"2013","st","Vest-Agder","Åseral","Åseral","1026","DLF","Det Liberale Folkepartiet",2,0,0,0
"2013","st","Vest-Agder","Åseral","Åseral","1026","KRISTNE","De Kristne",2,2.87474,14,3
"2013","st","Vest-Agder","Åseral","Åseral","1026","KYST","Kystpartiet",2,0.20534,1,1
"2013","st","Vest-Agder","Åseral","Åseral","1026","MDG","Miljøpartiet De Grønne",2,0.41068,2,1
"2013","st","Vest-Agder","Åseral","Åseral","1026","NKP","Norges Kommunistiske Parti",2,0,0,0
"2013","st","Vest-Agder","Åseral","Åseral","1026","PIR","Piratpartiet",2,0,0,0
"2013","st","Vest-Agder","Åseral","Åseral","1026","PP","Pensjonistpartiet",2,0.82136,4,1
"2013","st","Vest-Agder","Åseral","Åseral","1026","BLANKE","Blanke",3,0.20534,1,1
"2013","st","Vest-Agder","Åseral","Åseral","1026","Andre","Andre",0,4.51745,22,6
"2013","st","Vest-Agder","Åseral","Åseral","1026","Andre2","Andre2",0,0,0,0
"2013","st","Vest-Agder","Audnedal","Audnedal","1027","A","Arbeiderpartiet",1,19.0239,191,25
"2013","st","Vest-Agder","Audnedal","Audnedal","1027","SV","Sosialistisk Venstreparti",1,0.79681,8,1
"2013","st","Vest-Agder","Audnedal","Audnedal","1027","RØDT","Rødt",1,0.0996,1,0
"2013","st","Vest-Agder","Audnedal","Audnedal","1027","SP","Senterpartiet",1,13.04781,131,12
"2013","st","Vest-Agder","Audnedal","Audnedal","1027","KRF","Kristelig Folkeparti",1,28.88446,290,39
"2013","st","Vest-Agder","Audnedal","Audnedal","1027","V","Venstre",1,1.19522,12,1
"2013","st","Vest-Agder","Audnedal","Audnedal","1027","H","Høyre",1,15.93625,160,25
"2013","st","Vest-Agder","Audnedal","Audnedal","1027","FRP","Fremskrittspartiet",1,15.23904,153,19
"2013","st","Vest-Agder","Audnedal","Audnedal","1027","DEMN","Demokratene i Norge",2,0,0,0
"2013","st","Vest-Agder","Audnedal","Audnedal","1027","DLF","Det Liberale Folkepartiet",2,0,0,0
"2013","st","Vest-Agder","Audnedal","Audnedal","1027","KRISTNE","De Kristne",2,4.48207,45,2
"2013","st","Vest-Agder","Audnedal","Audnedal","1027","KYST","Kystpartiet",2,0,0,0
"2013","st","Vest-Agder","Audnedal","Audnedal","1027","MDG","Miljøpartiet De Grønne",2,0.69721,7,1
"2013","st","Vest-Agder","Audnedal","Audnedal","1027","NKP","Norges Kommunistiske Parti",2,0.1992,2,0
"2013","st","Vest-Agder","Audnedal","Audnedal","1027","PIR","Piratpartiet",2,0.0996,1,0
"2013","st","Vest-Agder","Audnedal","Audnedal","1027","PP","Pensjonistpartiet",2,0.2988,3,0
"2013","st","Vest-Agder","Audnedal","Audnedal","1027","BLANKE","Blanke",3,0.0996,1,1
"2013","st","Vest-Agder","Audnedal","Audnedal","1027","Andre","Andre",0,5.77689,58,3
"2013","st","Vest-Agder","Audnedal","Audnedal","1027","Andre2","Andre2",0,0,0,0
"2013","st","Vest-Agder","Lindesnes","Lindesnes","1029","A","Arbeiderpartiet",1,17.69051,455,97
"2013","st","Vest-Agder","Lindesnes","Lindesnes","1029","SV","Sosialistisk Venstreparti",1,1.51633,39,8
"2013","st","Vest-Agder","Lindesnes","Lindesnes","1029","RØDT","Rødt",1,0.3888,10,3
"2013","st","Vest-Agder","Lindesnes","Lindesnes","1029","SP","Senterpartiet",1,5.40435,139,17
"2013","st","Vest-Agder","Lindesnes","Lindesnes","1029","KRF","Kristelig Folkeparti",1,15.66874,403,98
"2013","st","Vest-Agder","Lindesnes","Lindesnes","1029","V","Venstre",1,5.01555,129,20
"2013","st","Vest-Agder","Lindesnes","Lindesnes","1029","H","Høyre",1,26.74961,688,177
"2013","st","Vest-Agder","Lindesnes","Lindesnes","1029","FRP","Fremskrittspartiet",1,20.91757,538,138
"2013","st","Vest-Agder","Lindesnes","Lindesnes","1029","DEMN","Demokratene i Norge",2,0.1944,5,3
"2013","st","Vest-Agder","Lindesnes","Lindesnes","1029","DLF","Det Liberale Folkepartiet",2,0.03888,1,0
"2013","st","Vest-Agder","Lindesnes","Lindesnes","1029","KRISTNE","De Kristne",2,3.61586,93,22
"2013","st","Vest-Agder","Lindesnes","Lindesnes","1029","KYST","Kystpartiet",2,0.03888,1,0
"2013","st","Vest-Agder","Lindesnes","Lindesnes","1029","MDG","Miljøpartiet De Grønne",2,1.24417,32,6
"2013","st","Vest-Agder","Lindesnes","Lindesnes","1029","NKP","Norges Kommunistiske Parti",2,0.03888,1,0
"2013","st","Vest-Agder","Lindesnes","Lindesnes","1029","PIR","Piratpartiet",2,0.1944,5,1
"2013","st","Vest-Agder","Lindesnes","Lindesnes","1029","PP","Pensjonistpartiet",2,1.28305,33,4
"2013","st","Vest-Agder","Lindesnes","Lindesnes","1029","BLANKE","Blanke",3,0.27216,7,0
"2013","st","Vest-Agder","Lindesnes","Lindesnes","1029","Andre","Andre",0,6.64852,171,36
"2013","st","Vest-Agder","Lindesnes","Lindesnes","1029","Andre2","Andre2",0,0,0,0
"2013","st","Vest-Agder","Lyngdal","Lyngdal","1032","A","Arbeiderpartiet",1,16.05461,682,182
"2013","st","Vest-Agder","Lyngdal","Lyngdal","1032","SV","Sosialistisk Venstreparti",1,1.67137,71,25
"2013","st","Vest-Agder","Lyngdal","Lyngdal","1032","RØDT","Rødt",1,0.14124,6,0
"2013","st","Vest-Agder","Lyngdal","Lyngdal","1032","SP","Senterpartiet",1,5.22599,222,26
"2013","st","Vest-Agder","Lyngdal","Lyngdal","1032","KRF","Kristelig Folkeparti",1,22.0339,936,268
"2013","st","Vest-Agder","Lyngdal","Lyngdal","1032","V","Venstre",1,2.44821,104,20
"2013","st","Vest-Agder","Lyngdal","Lyngdal","1032","H","Høyre",1,28.81356,1224,305
"2013","st","Vest-Agder","Lyngdal","Lyngdal","1032","FRP","Fremskrittspartiet",1,18.76177,797,214
"2013","st","Vest-Agder","Lyngdal","Lyngdal","1032","DEMN","Demokratene i Norge",2,0.07062,3,1
"2013","st","Vest-Agder","Lyngdal","Lyngdal","1032","DLF","Det Liberale Folkepartiet",2,0,0,0
"2013","st","Vest-Agder","Lyngdal","Lyngdal","1032","KRISTNE","De Kristne",2,3.27213,139,43
"2013","st","Vest-Agder","Lyngdal","Lyngdal","1032","KYST","Kystpartiet",2,0.04708,2,1
"2013","st","Vest-Agder","Lyngdal","Lyngdal","1032","MDG","Miljøpartiet De Grønne",2,0.68267,29,10
"2013","st","Vest-Agder","Lyngdal","Lyngdal","1032","NKP","Norges Kommunistiske Parti",2,0.02354,1,1
"2013","st","Vest-Agder","Lyngdal","Lyngdal","1032","PIR","Piratpartiet",2,0.2354,10,5
"2013","st","Vest-Agder","Lyngdal","Lyngdal","1032","PP","Pensjonistpartiet",2,0.51789,22,3
"2013","st","Vest-Agder","Lyngdal","Lyngdal","1032","BLANKE","Blanke",3,0.18832,8,1
"2013","st","Vest-Agder","Lyngdal","Lyngdal","1032","Andre","Andre",0,4.84934,206,64
"2013","st","Vest-Agder","Lyngdal","Lyngdal","1032","Andre2","Andre2",0,0,0,0
"2013","st","Vest-Agder","Hægebostad","Hægebostad","1034","A","Arbeiderpartiet",1,15.30612,150,9
"2013","st","Vest-Agder","Hægebostad","Hægebostad","1034","SV","Sosialistisk Venstreparti",1,0.20408,2,1
"2013","st","Vest-Agder","Hægebostad","Hægebostad","1034","RØDT","Rødt",1,0,0,0
"2013","st","Vest-Agder","Hægebostad","Hægebostad","1034","SP","Senterpartiet",1,12.85714,126,16
"2013","st","Vest-Agder","Hægebostad","Hægebostad","1034","KRF","Kristelig Folkeparti",1,24.79592,243,37
"2013","st","Vest-Agder","Hægebostad","Hægebostad","1034","V","Venstre",1,1.12245,11,0
"2013","st","Vest-Agder","Hægebostad","Hægebostad","1034","H","Høyre",1,16.22449,159,24
"2013","st","Vest-Agder","Hægebostad","Hægebostad","1034","FRP","Fremskrittspartiet",1,18.77551,184,32
"2013","st","Vest-Agder","Hægebostad","Hægebostad","1034","DEMN","Demokratene i Norge",2,0,0,0
"2013","st","Vest-Agder","Hægebostad","Hægebostad","1034","DLF","Det Liberale Folkepartiet",2,0,0,0
"2013","st","Vest-Agder","Hægebostad","Hægebostad","1034","KRISTNE","De Kristne",2,9.18367,90,4
"2013","st","Vest-Agder","Hægebostad","Hægebostad","1034","KYST","Kystpartiet",2,0,0,0
"2013","st","Vest-Agder","Hægebostad","Hægebostad","1034","MDG","Miljøpartiet De Grønne",2,1.12245,11,4
"2013","st","Vest-Agder","Hægebostad","Hægebostad","1034","NKP","Norges Kommunistiske Parti",2,0,0,0
"2013","st","Vest-Agder","Hægebostad","Hægebostad","1034","PIR","Piratpartiet",2,0.10204,1,1
"2013","st","Vest-Agder","Hægebostad","Hægebostad","1034","PP","Pensjonistpartiet",2,0.30612,3,0
"2013","st","Vest-Agder","Hægebostad","Hægebostad","1034","BLANKE","Blanke",3,0.20408,2,0
"2013","st","Vest-Agder","Hægebostad","Hægebostad","1034","Andre","Andre",0,10.71429,105,9
"2013","st","Vest-Agder","Hægebostad","Hægebostad","1034","Andre2","Andre2",0,0,0,0
"2013","st","Vest-Agder","Kvinesdal","Kvinesdal","1037","A","Arbeiderpartiet",1,25.96093,824,247
"2013","st","Vest-Agder","Kvinesdal","Kvinesdal","1037","SV","Sosialistisk Venstreparti",1,1.35476,43,20
"2013","st","Vest-Agder","Kvinesdal","Kvinesdal","1037","RØDT","Rødt",1,0.56711,18,8
"2013","st","Vest-Agder","Kvinesdal","Kvinesdal","1037","SP","Senterpartiet",1,6.01764,191,29
"2013","st","Vest-Agder","Kvinesdal","Kvinesdal","1037","KRF","Kristelig Folkeparti",1,14.36673,456,138
"2013","st","Vest-Agder","Kvinesdal","Kvinesdal","1037","V","Venstre",1,1.76434,56,14
"2013","st","Vest-Agder","Kvinesdal","Kvinesdal","1037","H","Høyre",1,22.21172,705,233
"2013","st","Vest-Agder","Kvinesdal","Kvinesdal","1037","FRP","Fremskrittspartiet",1,23.50347,746,259
"2013","st","Vest-Agder","Kvinesdal","Kvinesdal","1037","DEMN","Demokratene i Norge",2,0.15753,5,1
"2013","st","Vest-Agder","Kvinesdal","Kvinesdal","1037","DLF","Det Liberale Folkepartiet",2,0.03151,1,0
"2013","st","Vest-Agder","Kvinesdal","Kvinesdal","1037","KRISTNE","De Kristne",2,2.33144,74,39
"2013","st","Vest-Agder","Kvinesdal","Kvinesdal","1037","KYST","Kystpartiet",2,0.06301,2,0
"2013","st","Vest-Agder","Kvinesdal","Kvinesdal","1037","MDG","Miljøpartiet De Grønne",2,1.16572,37,20
"2013","st","Vest-Agder","Kvinesdal","Kvinesdal","1037","NKP","Norges Kommunistiske Parti",2,0,0,0
"2013","st","Vest-Agder","Kvinesdal","Kvinesdal","1037","PIR","Piratpartiet",2,0.31506,10,3
"2013","st","Vest-Agder","Kvinesdal","Kvinesdal","1037","PP","Pensjonistpartiet",2,0.18904,6,1
"2013","st","Vest-Agder","Kvinesdal","Kvinesdal","1037","BLANKE","Blanke",3,0.69313,22,6
"2013","st","Vest-Agder","Kvinesdal","Kvinesdal","1037","Andre","Andre",0,4.25331,135,64
"2013","st","Vest-Agder","Kvinesdal","Kvinesdal","1037","Andre2","Andre2",0,0,0,0
"2013","st","Vest-Agder","Sirdal","Sirdal","1046","A","Arbeiderpartiet",1,18.65745,189,59
"2013","st","Vest-Agder","Sirdal","Sirdal","1046","SV","Sosialistisk Venstreparti",1,1.38203,14,6
"2013","st","Vest-Agder","Sirdal","Sirdal","1046","RØDT","Rødt",1,0.09872,1,0
"2013","st","Vest-Agder","Sirdal","Sirdal","1046","SP","Senterpartiet",1,15.69595,159,36
"2013","st","Vest-Agder","Sirdal","Sirdal","1046","KRF","Kristelig Folkeparti",1,17.86772,181,58
"2013","st","Vest-Agder","Sirdal","Sirdal","1046","V","Venstre",1,3.65252,37,11
"2013","st","Vest-Agder","Sirdal","Sirdal","1046","H","Høyre",1,22.60612,229,72
"2013","st","Vest-Agder","Sirdal","Sirdal","1046","FRP","Fremskrittspartiet",1,15.10365,153,49
"2013","st","Vest-Agder","Sirdal","Sirdal","1046","DEMN","Demokratene i Norge",2,0.09872,1,1
"2013","st","Vest-Agder","Sirdal","Sirdal","1046","DLF","Det Liberale Folkepartiet",2,0.09872,1,0
"2013","st","Vest-Agder","Sirdal","Sirdal","1046","KRISTNE","De Kristne",2,2.56663,26,10
"2013","st","Vest-Agder","Sirdal","Sirdal","1046","KYST","Kystpartiet",2,0,0,0
"2013","st","Vest-Agder","Sirdal","Sirdal","1046","MDG","Miljøpartiet De Grønne",2,1.97433,20,6
"2013","st","Vest-Agder","Sirdal","Sirdal","1046","NKP","Norges Kommunistiske Parti",2,0,0,0
"2013","st","Vest-Agder","Sirdal","Sirdal","1046","PIR","Piratpartiet",2,0.09872,1,0
"2013","st","Vest-Agder","Sirdal","Sirdal","1046","PP","Pensjonistpartiet",2,0.09872,1,1
"2013","st","Vest-Agder","Sirdal","Sirdal","1046","BLANKE","Blanke",3,0.09872,1,0
"2013","st","Vest-Agder","Sirdal","Sirdal","1046","Andre","Andre",0,4.93583,50,18
"2013","st","Vest-Agder","Sirdal","Sirdal","1046","Andre2","Andre2",0,0,0,0
"2013","st","Rogaland","Eigersund","Eigersund","1101","A","Arbeiderpartiet",1,24.43949,1864,513
"2013","st","Rogaland","Eigersund","Eigersund","1101","SV","Sosialistisk Venstreparti",1,2.33381,178,53
"2013","st","Rogaland","Eigersund","Eigersund","1101","RØDT","Rødt",1,0.36712,28,12
"2013","st","Rogaland","Eigersund","Eigersund","1101","SP","Senterpartiet",1,5.99187,457,103
"2013","st","Rogaland","Eigersund","Eigersund","1101","KRF","Kristelig Folkeparti",1,10.98728,838,206
"2013","st","Rogaland","Eigersund","Eigersund","1101","V","Venstre",1,4.01206,306,78
"2013","st","Rogaland","Eigersund","Eigersund","1101","H","Høyre",1,28.84489,2200,664
"2013","st","Rogaland","Eigersund","Eigersund","1101","FRP","Fremskrittspartiet",1,19.54897,1491,413
"2013","st","Rogaland","Eigersund","Eigersund","1101","DEMN","Demokratene i Norge",2,0.02622,2,2
"2013","st","Rogaland","Eigersund","Eigersund","1101","DLF","Det Liberale Folkepartiet",2,0,0,0
"2013","st","Rogaland","Eigersund","Eigersund","1101","KRISTNE","De Kristne",2,1.16691,89,31
"2013","st","Rogaland","Eigersund","Eigersund","1101","KSP","Kristent Samlingsparti",2,0.118,9,4
"2013","st","Rogaland","Eigersund","Eigersund","1101","KYST","Kystpartiet",2,0.09178,7,5
"2013","st","Rogaland","Eigersund","Eigersund","1101","MDG","Miljøpartiet De Grønne",2,1.5078,115,41
"2013","st","Rogaland","Eigersund","Eigersund","1101","NKP","Norges Kommunistiske Parti",2,0.02622,2,1
"2013","st","Rogaland","Eigersund","Eigersund","1101","PIR","Piratpartiet",2,0.236,18,3
"2013","st","Rogaland","Eigersund","Eigersund","1101","PP","Pensjonistpartiet",2,0.30156,23,8
"2013","st","Rogaland","Eigersund","Eigersund","1101","BLANKE","Blanke",3,0.36712,28,9
"2013","st","Rogaland","Eigersund","Eigersund","1101","Andre","Andre",0,3.4745,265,95
"2013","st","Rogaland","Eigersund","Eigersund","1101","Andre2","Andre2",0,0,0,0
"2013","st","Rogaland","Sandnes","Sandnes","1102","A","Arbeiderpartiet",1,21.93201,7994,3355
"2013","st","Rogaland","Sandnes","Sandnes","1102","SV","Sosialistisk Venstreparti",1,3.04535,1110,466
"2013","st","Rogaland","Sandnes","Sandnes","1102","RØDT","Rødt",1,0.4472,163,65
"2013","st","Rogaland","Sandnes","Sandnes","1102","SP","Senterpartiet",1,3.62424,1321,393
"2013","st","Rogaland","Sandnes","Sandnes","1102","KRF","Kristelig Folkeparti",1,10.47217,3817,1453
"2013","st","Rogaland","Sandnes","Sandnes","1102","V","Venstre",1,4.62838,1687,733
"2013","st","Rogaland","Sandnes","Sandnes","1102","H","Høyre",1,31.07081,11325,5573
"2013","st","Rogaland","Sandnes","Sandnes","1102","FRP","Fremskrittspartiet",1,20.34624,7416,3447
"2013","st","Rogaland","Sandnes","Sandnes","1102","DEMN","Demokratene i Norge",2,0.06585,24,5
"2013","st","Rogaland","Sandnes","Sandnes","1102","DLF","Det Liberale Folkepartiet",2,0.15364,56,25
"2013","st","Rogaland","Sandnes","Sandnes","1102","KRISTNE","De Kristne",2,0.74076,270,87
"2013","st","Rogaland","Sandnes","Sandnes","1102","KSP","Kristent Samlingsparti",2,0.11249,41,9
"2013","st","Rogaland","Sandnes","Sandnes","1102","KYST","Kystpartiet",2,0.09602,35,9
"2013","st","Rogaland","Sandnes","Sandnes","1102","MDG","Miljøpartiet De Grønne",2,2.21954,809,368
"2013","st","Rogaland","Sandnes","Sandnes","1102","NKP","Norges Kommunistiske Parti",2,0.03841,14,5
"2013","st","Rogaland","Sandnes","Sandnes","1102","PIR","Piratpartiet",2,0.53499,195,113
"2013","st","Rogaland","Sandnes","Sandnes","1102","PP","Pensjonistpartiet",2,0.47189,172,67
"2013","st","Rogaland","Sandnes","Sandnes","1102","BLANKE","Blanke",3,0.49384,180,79
"2013","st","Rogaland","Sandnes","Sandnes","1102","Andre","Andre",0,4.43359,1616,688
"2013","st","Rogaland","Sandnes","Sandnes","1102","Andre2","Andre2",0,0,0,0
"2013","st","Rogaland","Stavanger","Uoppgitt krets","0000","A","Arbeiderpartiet",1,23.63888,3074,2850
"2013","st","Rogaland","Stavanger","Uoppgitt krets","0000","SV","Sosialistisk Venstreparti",1,5.25223,683,624
"2013","st","Rogaland","Stavanger","Uoppgitt krets","0000","RØDT","Rødt",1,1.11504,145,135
"2013","st","Rogaland","Stavanger","Uoppgitt krets","0000","SP","Senterpartiet",1,1.25346,163,154
"2013","st","Rogaland","Stavanger","Uoppgitt krets","0000","KRF","Kristelig Folkeparti",1,5.88281,765,732
"2013","st","Rogaland","Stavanger","Uoppgitt krets","0000","V","Venstre",1,6.8825,895,824
"2013","st","Rogaland","Stavanger","Uoppgitt krets","0000","H","Høyre",1,34.65857,4507,4254
"2013","st","Rogaland","Stavanger","Uoppgitt krets","0000","FRP","Fremskrittspartiet",1,15.67979,2039,1901
"2013","st","Rogaland","Stavanger","Uoppgitt krets","0000","DEMN","Demokratene i Norge",2,0.04614,6,5
"2013","st","Rogaland","Stavanger","Uoppgitt krets","0000","DLF","Det Liberale Folkepartiet",2,0.06152,8,8
"2013","st","Rogaland","Stavanger","Uoppgitt krets","0000","KRISTNE","De Kristne",2,0.33067,43,39
"2013","st","Rogaland","Stavanger","Uoppgitt krets","0000","KSP","Kristent Samlingsparti",2,0.06921,9,9
"2013","st","Rogaland","Stavanger","Uoppgitt krets","0000","KYST","Kystpartiet",2,0.06921,9,9
"2013","st","Rogaland","Stavanger","Uoppgitt krets","0000","MDG","Miljøpartiet De Grønne",2,4.1295,537,474
"2013","st","Rogaland","Stavanger","Uoppgitt krets","0000","NKP","Norges Kommunistiske Parti",2,0.03076,4,4
"2013","st","Rogaland","Stavanger","Uoppgitt krets","0000","PIR","Piratpartiet",2,0.39988,52,41
"2013","st","Rogaland","Stavanger","Uoppgitt krets","0000","PP","Pensjonistpartiet",2,0.49985,65,63
"2013","st","Rogaland","Stavanger","Uoppgitt krets","0000","BLANKE","Blanke",3,0.48447,63,54
"2013","st","Rogaland","Stavanger","Uoppgitt krets","0000","Andre","Andre",0,5.63673,733,652
"2013","st","Rogaland","Stavanger","Uoppgitt krets","0000","Andre2","Andre2",0,0,0,0
"2013","st","Rogaland","Stavanger","Buøy/Hundvåg","0001","A","Arbeiderpartiet",1,30.49467,1572,0
"2013","st","Rogaland","Stavanger","Buøy/Hundvåg","0001","SV","Sosialistisk Venstreparti",1,3.33657,172,0
"2013","st","Rogaland","Stavanger","Buøy/Hundvåg","0001","RØDT","Rødt",1,0.34918,18,0
"2013","st","Rogaland","Stavanger","Buøy/Hundvåg","0001","SP","Senterpartiet",1,1.08632,56,0
"2013","st","Rogaland","Stavanger","Buøy/Hundvåg","0001","KRF","Kristelig Folkeparti",1,3.33657,172,0
"2013","st","Rogaland","Stavanger","Buøy/Hundvåg","0001","V","Venstre",1,4.2871,221,0
"2013","st","Rogaland","Stavanger","Buøy/Hundvåg","0001","H","Høyre",1,32.66731,1684,0
"2013","st","Rogaland","Stavanger","Buøy/Hundvåg","0001","FRP","Fremskrittspartiet",1,21.18332,1092,0
"2013","st","Rogaland","Stavanger","Buøy/Hundvåg","0001","DEMN","Demokratene i Norge",2,0.0388,2,0
"2013","st","Rogaland","Stavanger","Buøy/Hundvåg","0001","DLF","Det Liberale Folkepartiet",2,0.0582,3,0
"2013","st","Rogaland","Stavanger","Buøy/Hundvåg","0001","KRISTNE","De Kristne",2,0.27158,14,0
"2013","st","Rogaland","Stavanger","Buøy/Hundvåg","0001","KSP","Kristent Samlingsparti",2,0.0194,1,0
"2013","st","Rogaland","Stavanger","Buøy/Hundvåg","0001","KYST","Kystpartiet",2,0.07759,4,0
"2013","st","Rogaland","Stavanger","Buøy/Hundvåg","0001","MDG","Miljøpartiet De Grønne",2,2.11445,109,0
"2013","st","Rogaland","Stavanger","Buøy/Hundvåg","0001","NKP","Norges Kommunistiske Parti",2,0.0194,1,0
"2013","st","Rogaland","Stavanger","Buøy/Hundvåg","0001","PIR","Piratpartiet",2,0.29098,15,0
"2013","st","Rogaland","Stavanger","Buøy/Hundvåg","0001","PP","Pensjonistpartiet",2,0.36857,19,0
"2013","st","Rogaland","Stavanger","Buøy/Hundvåg","0001","BLANKE","Blanke",3,0,0,0
"2013","st","Rogaland","Stavanger","Buøy/Hundvåg","0001","Andre","Andre",0,3.25897,168,0
"2013","st","Rogaland","Stavanger","Buøy/Hundvåg","0001","Andre2","Andre2",0,0,0,0
"2013","st","Rogaland","Stavanger","Varden","0004","A","Arbeiderpartiet",1,28.31698,779,0
"2013","st","Rogaland","Stavanger","Varden","0004","SV","Sosialistisk Venstreparti",1,9.63286,265,0
"2013","st","Rogaland","Stavanger","Varden","0004","RØDT","Rødt",1,1.59942,44,0
"2013","st","Rogaland","Stavanger","Varden","0004","SP","Senterpartiet",1,2.03562,56,0
"2013","st","Rogaland","Stavanger","Varden","0004","KRF","Kristelig Folkeparti",1,6.28862,173,0
"2013","st","Rogaland","Stavanger","Varden","0004","V","Venstre",1,7.70629,212,0
"2013","st","Rogaland","Stavanger","Varden","0004","H","Høyre",1,25.6634,706,0
"2013","st","Rogaland","Stavanger","Varden","0004","FRP","Fremskrittspartiet",1,13.1952,363,0
"2013","st","Rogaland","Stavanger","Varden","0004","DEMN","Demokratene i Norge",2,0.03635,1,0
"2013","st","Rogaland","Stavanger","Varden","0004","DLF","Det Liberale Folkepartiet",2,0.10905,3,0
"2013","st","Rogaland","Stavanger","Varden","0004","KRISTNE","De Kristne",2,0.2908,8,0
"2013","st","Rogaland","Stavanger","Varden","0004","KSP","Kristent Samlingsparti",2,0.03635,1,0
"2013","st","Rogaland","Stavanger","Varden","0004","KYST","Kystpartiet",2,0,0,0
"2013","st","Rogaland","Stavanger","Varden","0004","MDG","Miljøpartiet De Grønne",2,4.1076,113,0
"2013","st","Rogaland","Stavanger","Varden","0004","NKP","Norges Kommunistiske Parti",2,0.10905,3,0
"2013","st","Rogaland","Stavanger","Varden","0004","PIR","Piratpartiet",2,0.47256,13,0
"2013","st","Rogaland","Stavanger","Varden","0004","PP","Pensjonistpartiet",2,0.39985,11,0
"2013","st","Rogaland","Stavanger","Varden","0004","BLANKE","Blanke",3,0.58161,16,0
"2013","st","Rogaland","Stavanger","Varden","0004","Andre","Andre",0,5.56161,153,0
"2013","st","Rogaland","Stavanger","Varden","0004","Andre2","Andre2",0,0,0,0
"2013","st","Rogaland","Stavanger","Storhaug","0005","A","Arbeiderpartiet",1,25.88556,665,0
"2013","st","Rogaland","Stavanger","Storhaug","0005","SV","Sosialistisk Venstreparti",1,9.77034,251,0
"2013","st","Rogaland","Stavanger","Storhaug","0005","RØDT","Rødt",1,1.47917,38,0
"2013","st","Rogaland","Stavanger","Storhaug","0005","SP","Senterpartiet",1,1.75165,45,0
"2013","st","Rogaland","Stavanger","Storhaug","0005","KRF","Kristelig Folkeparti",1,4.04827,104,0
"2013","st","Rogaland","Stavanger","Storhaug","0005","V","Venstre",1,8.13546,209,0
"2013","st","Rogaland","Stavanger","Storhaug","0005","H","Høyre",1,28.49358,732,0
"2013","st","Rogaland","Stavanger","Storhaug","0005","FRP","Fremskrittspartiet",1,12.61191,324,0
"2013","st","Rogaland","Stavanger","Storhaug","0005","DEMN","Demokratene i Norge",2,0.07785,2,0
"2013","st","Rogaland","Stavanger","Storhaug","0005","DLF","Det Liberale Folkepartiet",2,0.07785,2,0
"2013","st","Rogaland","Stavanger","Storhaug","0005","KRISTNE","De Kristne",2,0.23355,6,0
"2013","st","Rogaland","Stavanger","Storhaug","0005","KSP","Kristent Samlingsparti",2,0.03893,1,0
"2013","st","Rogaland","Stavanger","Storhaug","0005","KYST","Kystpartiet",2,0.03893,1,0
"2013","st","Rogaland","Stavanger","Storhaug","0005","MDG","Miljøpartiet De Grønne",2,6.38381,164,0
"2013","st","Rogaland","Stavanger","Storhaug","0005","NKP","Norges Kommunistiske Parti",2,0.11678,3,0
"2013","st","Rogaland","Stavanger","Storhaug","0005","PIR","Piratpartiet",2,0.50603,13,0
"2013","st","Rogaland","Stavanger","Storhaug","0005","PP","Pensjonistpartiet",2,0.35033,9,0
"2013","st","Rogaland","Stavanger","Storhaug","0005","BLANKE","Blanke",3,0.58388,15,0
"2013","st","Rogaland","Stavanger","Storhaug","0005","Andre","Andre",0,7.82406,201,0
"2013","st","Rogaland","Stavanger","Storhaug","0005","Andre2","Andre2",0,0,0,0
"2013","st","Rogaland","Stavanger","Våland","0006","A","Arbeiderpartiet",1,26.89689,553,0
"2013","st","Rogaland","Stavanger","Våland","0006","SV","Sosialistisk Venstreparti",1,10.8463,223,0
"2013","st","Rogaland","Stavanger","Våland","0006","RØDT","Rødt",1,1.0214,21,0
"2013","st","Rogaland","Stavanger","Våland","0006","SP","Senterpartiet",1,1.41051,29,0
"2013","st","Rogaland","Stavanger","Våland","0006","KRF","Kristelig Folkeparti",1,4.47471,92,0
"2013","st","Rogaland","Stavanger","Våland","0006","V","Venstre",1,8.60895,177,0
"2013","st","Rogaland","Stavanger","Våland","0006","H","Høyre",1,29.62062,609,0
"2013","st","Rogaland","Stavanger","Våland","0006","FRP","Fremskrittspartiet",1,11.23541,231,0
"2013","st","Rogaland","Stavanger","Våland","0006","DEMN","Demokratene i Norge",2,0.04864,1,0
"2013","st","Rogaland","Stavanger","Våland","0006","DLF","Det Liberale Folkepartiet",2,0.09728,2,0
"2013","st","Rogaland","Stavanger","Våland","0006","KRISTNE","De Kristne",2,0.24319,5,0
"2013","st","Rogaland","Stavanger","Våland","0006","KSP","Kristent Samlingsparti",2,0.04864,1,0
"2013","st","Rogaland","Stavanger","Våland","0006","KYST","Kystpartiet",2,0,0,0
"2013","st","Rogaland","Stavanger","Våland","0006","MDG","Miljøpartiet De Grønne",2,5.05837,104,0
"2013","st","Rogaland","Stavanger","Våland","0006","NKP","Norges Kommunistiske Parti",2,0,0,0
"2013","st","Rogaland","Stavanger","Våland","0006","PIR","Piratpartiet",2,0.19455,4,0
"2013","st","Rogaland","Stavanger","Våland","0006","PP","Pensjonistpartiet",2,0.19455,4,0
"2013","st","Rogaland","Stavanger","Våland","0006","BLANKE","Blanke",3,0,0,0
"2013","st","Rogaland","Stavanger","Våland","0006","Andre","Andre",0,5.88521,121,0
"2013","st","Rogaland","Stavanger","Våland","0006","Andre2","Andre2",0,0,0,0
"2013","st","Rogaland","Stavanger","Ullandhaug","0007","A","Arbeiderpartiet",1,29.09605,824,0
"2013","st","Rogaland","Stavanger","Ullandhaug","0007","SV","Sosialistisk Venstreparti",1,7.06215,200,0
"2013","st","Rogaland","Stavanger","Ullandhaug","0007","RØDT","Rødt",1,0.74153,21,0
"2013","st","Rogaland","Stavanger","Ullandhaug","0007","SP","Senterpartiet",1,1.87147,53,0
"2013","st","Rogaland","Stavanger","Ullandhaug","0007","KRF","Kristelig Folkeparti",1,6.85028,194,0
"2013","st","Rogaland","Stavanger","Ullandhaug","0007","V","Venstre",1,6.95621,197,0
"2013","st","Rogaland","Stavanger","Ullandhaug","0007","H","Høyre",1,27.08333,767,0
"2013","st","Rogaland","Stavanger","Ullandhaug","0007","FRP","Fremskrittspartiet",1,14.75989,418,0
"2013","st","Rogaland","Stavanger","Ullandhaug","0007","DEMN","Demokratene i Norge",2,0.03531,1,0
"2013","st","Rogaland","Stavanger","Ullandhaug","0007","DLF","Det Liberale Folkepartiet",2,0.07062,2,0
"2013","st","Rogaland","Stavanger","Ullandhaug","0007","KRISTNE","De Kristne",2,0.38842,11,0
"2013","st","Rogaland","Stavanger","Ullandhaug","0007","KSP","Kristent Samlingsparti",2,0.10593,3,0
"2013","st","Rogaland","Stavanger","Ullandhaug","0007","KYST","Kystpartiet",2,0,0,0
"2013","st","Rogaland","Stavanger","Ullandhaug","0007","MDG","Miljøpartiet De Grønne",2,4.02542,114,0
"2013","st","Rogaland","Stavanger","Ullandhaug","0007","NKP","Norges Kommunistiske Parti",2,0.03531,1,0
"2013","st","Rogaland","Stavanger","Ullandhaug","0007","PIR","Piratpartiet",2,0.45904,13,0
"2013","st","Rogaland","Stavanger","Ullandhaug","0007","PP","Pensjonistpartiet",2,0.45904,13,0
"2013","st","Rogaland","Stavanger","Ullandhaug","0007","BLANKE","Blanke",3,0,0,0
"2013","st","Rogaland","Stavanger","Ullandhaug","0007","Andre","Andre",0,5.5791,158,0
"2013","st","Rogaland","Stavanger","Ullandhaug","0007","Andre2","Andre2",0,0,0,0
"2013","st","Rogaland","Stavanger","Eiganes","0008","A","Arbeiderpartiet",1,23.7958,578,0
"2013","st","Rogaland","Stavanger","Eiganes","0008","SV","Sosialistisk Venstreparti",1,6.4224,156,0
"2013","st","Rogaland","Stavanger","Eiganes","0008","RØDT","Rødt",1,0.65871,16,0
"2013","st","Rogaland","Stavanger","Eiganes","0008","SP","Senterpartiet",1,1.39975,34,0
"2013","st","Rogaland","Stavanger","Eiganes","0008","KRF","Kristelig Folkeparti",1,3.08769,75,0
"2013","st","Rogaland","Stavanger","Eiganes","0008","V","Venstre",1,8.89255,216,0
"2013","st","Rogaland","Stavanger","Eiganes","0008","H","Høyre",1,38.9049,945,0
"2013","st","Rogaland","Stavanger","Eiganes","0008","FRP","Fremskrittspartiet",1,11.52738,280,0
"2013","st","Rogaland","Stavanger","Eiganes","0008","DEMN","Demokratene i Norge",2,0.08234,2,0
"2013","st","Rogaland","Stavanger","Eiganes","0008","DLF","Det Liberale Folkepartiet",2,0.08234,2,0
"2013","st","Rogaland","Stavanger","Eiganes","0008","KRISTNE","De Kristne",2,0.12351,3,0
"2013","st","Rogaland","Stavanger","Eiganes","0008","KSP","Kristent Samlingsparti",2,0,0,0
"2013","st","Rogaland","Stavanger","Eiganes","0008","KYST","Kystpartiet",2,0,0,0
"2013","st","Rogaland","Stavanger","Eiganes","0008","MDG","Miljøpartiet De Grønne",2,4.15809,101,0
"2013","st","Rogaland","Stavanger","Eiganes","0008","NKP","Norges Kommunistiske Parti",2,0,0,0
"2013","st","Rogaland","Stavanger","Eiganes","0008","PIR","Piratpartiet",2,0.5352,13,0
"2013","st","Rogaland","Stavanger","Eiganes","0008","PP","Pensjonistpartiet",2,0.32935,8,0
"2013","st","Rogaland","Stavanger","Eiganes","0008","BLANKE","Blanke",3,0.37052,9,0
"2013","st","Rogaland","Stavanger","Eiganes","0008","Andre","Andre",0,5.31083,129,0
"2013","st","Rogaland","Stavanger","Eiganes","0008","Andre2","Andre2",0,0,0,0
"2013","st","Rogaland","Stavanger","Kampen","0009","A","Arbeiderpartiet",1,26.95811,592,0
"2013","st","Rogaland","Stavanger","Kampen","0009","SV","Sosialistisk Venstreparti",1,6.96721,153,0
"2013","st","Rogaland","Stavanger","Kampen","0009","RØDT","Rødt",1,1.04736,23,0
"2013","st","Rogaland","Stavanger","Kampen","0009","SP","Senterpartiet",1,1.59381,35,0
"2013","st","Rogaland","Stavanger","Kampen","0009","KRF","Kristelig Folkeparti",1,4.91803,108,0
"2013","st","Rogaland","Stavanger","Kampen","0009","V","Venstre",1,7.01275,154,0
"2013","st","Rogaland","Stavanger","Kampen","0009","H","Høyre",1,30.91985,679,0
"2013","st","Rogaland","Stavanger","Kampen","0009","FRP","Fremskrittspartiet",1,15.4827,340,0
"2013","st","Rogaland","Stavanger","Kampen","0009","DEMN","Demokratene i Norge",2,0,0,0
"2013","st","Rogaland","Stavanger","Kampen","0009","DLF","Det Liberale Folkepartiet",2,0.09107,2,0
"2013","st","Rogaland","Stavanger","Kampen","0009","KRISTNE","De Kristne",2,0.59199,13,0
"2013","st","Rogaland","Stavanger","Kampen","0009","KSP","Kristent Samlingsparti",2,0.09107,2,0
"2013","st","Rogaland","Stavanger","Kampen","0009","KYST","Kystpartiet",2,0.04554,1,0
"2013","st","Rogaland","Stavanger","Kampen","0009","MDG","Miljøpartiet De Grønne",2,3.55191,78,0
"2013","st","Rogaland","Stavanger","Kampen","0009","NKP","Norges Kommunistiske Parti",2,0.04554,1,0
"2013","st","Rogaland","Stavanger","Kampen","0009","PIR","Piratpartiet",2,0.31876,7,0
"2013","st","Rogaland","Stavanger","Kampen","0009","PP","Pensjonistpartiet",2,0.3643,8,0
"2013","st","Rogaland","Stavanger","Kampen","0009","BLANKE","Blanke",3,0,0,0
"2013","st","Rogaland","Stavanger","Kampen","0009","Andre","Andre",0,5.10018,112,0
"2013","st","Rogaland","Stavanger","Kampen","0009","Andre2","Andre2",0,0,0,0
"2013","st","Rogaland","Stavanger","Austre Åmøy","0011","A","Arbeiderpartiet",1,21.70543,28,0
"2013","st","Rogaland","Stavanger","Austre Åmøy","0011","SV","Sosialistisk Venstreparti",1,0.77519,1,0
"2013","st","Rogaland","Stavanger","Austre Åmøy","0011","RØDT","Rødt",1,0.77519,1,0
"2013","st","Rogaland","Stavanger","Austre Åmøy","0011","SP","Senterpartiet",1,15.50388,20,0
"2013","st","Rogaland","Stavanger","Austre Åmøy","0011","KRF","Kristelig Folkeparti",1,10.07752,13,0
"2013","st","Rogaland","Stavanger","Austre Åmøy","0011","V","Venstre",1,2.32558,3,0
"2013","st","Rogaland","Stavanger","Austre Åmøy","0011","H","Høyre",1,24.8062,32,0
"2013","st","Rogaland","Stavanger","Austre Åmøy","0011","FRP","Fremskrittspartiet",1,14.72868,19,0
"2013","st","Rogaland","Stavanger","Austre Åmøy","0011","DEMN","Demokratene i Norge",2,0,0,0
"2013","st","Rogaland","Stavanger","Austre Åmøy","0011","DLF","Det Liberale Folkepartiet",2,0,0,0
"2013","st","Rogaland","Stavanger","Austre Åmøy","0011","KRISTNE","De Kristne",2,5.42636,7,0
"2013","st","Rogaland","Stavanger","Austre Åmøy","0011","KSP","Kristent Samlingsparti",2,0,0,0
"2013","st","Rogaland","Stavanger","Austre Åmøy","0011","KYST","Kystpartiet",2,0.77519,1,0
"2013","st","Rogaland","Stavanger","Austre Åmøy","0011","MDG","Miljøpartiet De Grønne",2,2.32558,3,0
"2013","st","Rogaland","Stavanger","Austre Åmøy","0011","NKP","Norges Kommunistiske Parti",2,0,0,0
"2013","st","Rogaland","Stavanger","Austre Åmøy","0011","PIR","Piratpartiet",2,0,0,0
"2013","st","Rogaland","Stavanger","Austre Åmøy","0011","PP","Pensjonistpartiet",2,0.77519,1,0
"2013","st","Rogaland","Stavanger","Austre Åmøy","0011","BLANKE","Blanke",3,0,0,0
"2013","st","Rogaland","Stavanger","Austre Åmøy","0011","Andre","Andre",0,9.30233,12,0
"2013","st","Rogaland","Stavanger","Austre Åmøy","0011","Andre2","Andre2",0,0,0,0
"2013","st","Rogaland","Stavanger","Roaldsøy","0013","A","Arbeiderpartiet",1,22.47191,120,0
"2013","st","Rogaland","Stavanger","Roaldsøy","0013","SV","Sosialistisk Venstreparti",1,2.99625,16,0
"2013","st","Rogaland","Stavanger","Roaldsøy","0013","RØDT","Rødt",1,0.18727,1,0
"2013","st","Rogaland","Stavanger","Roaldsøy","0013","SP","Senterpartiet",1,0.93633,5,0
"2013","st","Rogaland","Stavanger","Roaldsøy","0013","KRF","Kristelig Folkeparti",1,3.55805,19,0
"2013","st","Rogaland","Stavanger","Roaldsøy","0013","V","Venstre",1,3.74532,20,0
"2013","st","Rogaland","Stavanger","Roaldsøy","0013","H","Høyre",1,38.95131,208,0
"2013","st","Rogaland","Stavanger","Roaldsøy","0013","FRP","Fremskrittspartiet",1,23.22097,124,0
"2013","st","Rogaland","Stavanger","Roaldsøy","0013","DEMN","Demokratene i Norge",2,0,0,0
"2013","st","Rogaland","Stavanger","Roaldsøy","0013","DLF","Det Liberale Folkepartiet",2,0.18727,1,0
"2013","st","Rogaland","Stavanger","Roaldsøy","0013","KRISTNE","De Kristne",2,0,0,0
"2013","st","Rogaland","Stavanger","Roaldsøy","0013","KSP","Kristent Samlingsparti",2,0,0,0
"2013","st","Rogaland","Stavanger","Roaldsøy","0013","KYST","Kystpartiet",2,0.18727,1,0
"2013","st","Rogaland","Stavanger","Roaldsøy","0013","MDG","Miljøpartiet De Grønne",2,2.43446,13,0
"2013","st","Rogaland","Stavanger","Roaldsøy","0013","NKP","Norges Kommunistiske Parti",2,0,0,0
"2013","st","Rogaland","Stavanger","Roaldsøy","0013","PIR","Piratpartiet",2,0.74906,4,0
"2013","st","Rogaland","Stavanger","Roaldsøy","0013","PP","Pensjonistpartiet",2,0.37453,2,0
"2013","st","Rogaland","Stavanger","Roaldsøy","0013","BLANKE","Blanke",3,0,0,0
"2013","st","Rogaland","Stavanger","Roaldsøy","0013","Andre","Andre",0,3.93258,21,0
"2013","st","Rogaland","Stavanger","Roaldsøy","0013","Andre2","Andre2",0,0,0,0
"2013","st","Rogaland","Stavanger","Vassøy","0014","A","Arbeiderpartiet",1,25.89532,94,0
"2013","st","Rogaland","Stavanger","Vassøy","0014","SV","Sosialistisk Venstreparti",1,4.13223,15,0
"2013","st","Rogaland","Stavanger","Vassøy","0014","RØDT","Rødt",1,1.92837,7,0
"2013","st","Rogaland","Stavanger","Vassøy","0014","SP","Senterpartiet",1,0.55096,2,0
"2013","st","Rogaland","Stavanger","Vassøy","0014","KRF","Kristelig Folkeparti",1,6.33609,23,0
"2013","st","Rogaland","Stavanger","Vassøy","0014","V","Venstre",1,4.6832,17,0
"2013","st","Rogaland","Stavanger","Vassøy","0014","H","Høyre",1,30.57851,111,0
"2013","st","Rogaland","Stavanger","Vassøy","0014","FRP","Fremskrittspartiet",1,17.63085,64,0
"2013","st","Rogaland","Stavanger","Vassøy","0014","DEMN","Demokratene i Norge",2,0,0,0
"2013","st","Rogaland","Stavanger","Vassøy","0014","DLF","Det Liberale Folkepartiet",2,0.55096,2,0
"2013","st","Rogaland","Stavanger","Vassøy","0014","KRISTNE","De Kristne",2,0.82645,3,0
"2013","st","Rogaland","Stavanger","Vassøy","0014","KSP","Kristent Samlingsparti",2,0.27548,1,0
"2013","st","Rogaland","Stavanger","Vassøy","0014","KYST","Kystpartiet",2,0,0,0
"2013","st","Rogaland","Stavanger","Vassøy","0014","MDG","Miljøpartiet De Grønne",2,4.13223,15,0
"2013","st","Rogaland","Stavanger","Vassøy","0014","NKP","Norges Kommunistiske Parti",2,0,0,0
"2013","st","Rogaland","Stavanger","Vassøy","0014","PIR","Piratpartiet",2,0.55096,2,0
"2013","st","Rogaland","Stavanger","Vassøy","0014","PP","Pensjonistpartiet",2,1.92837,7,0
"2013","st","Rogaland","Stavanger","Vassøy","0014","BLANKE","Blanke",3,0.55096,2,0
"2013","st","Rogaland","Stavanger","Vassøy","0014","Andre","Andre",0,8.26446,30,0
"2013","st","Rogaland","Stavanger","Vassøy","0014","Andre2","Andre2",0,0,0,0
"2013","st","Rogaland","Stavanger","Gausel","0016","A","Arbeiderpartiet",1,26.07143,1095,0
"2013","st","Rogaland","Stavanger","Gausel","0016","SV","Sosialistisk Venstreparti",1,3.42857,144,0
"2013","st","Rogaland","Stavanger","Gausel","0016","RØDT","Rødt",1,0.40476,17,0
"2013","st","Rogaland","Stavanger","Gausel","0016","SP","Senterpartiet",1,1.59524,67,0
"2013","st","Rogaland","Stavanger","Gausel","0016","KRF","Kristelig Folkeparti",1,6,252,0
"2013","st","Rogaland","Stavanger","Gausel","0016","V","Venstre",1,5.85714,246,0
"2013","st","Rogaland","Stavanger","Gausel","0016","H","Høyre",1,36.85714,1548,0
"2013","st","Rogaland","Stavanger","Gausel","0016","FRP","Fremskrittspartiet",1,16.45238,691,0
"2013","st","Rogaland","Stavanger","Gausel","0016","DEMN","Demokratene i Norge",2,0.02381,1,0
"2013","st","Rogaland","Stavanger","Gausel","0016","DLF","Det Liberale Folkepartiet",2,0.14286,6,0
"2013","st","Rogaland","Stavanger","Gausel","0016","KRISTNE","De Kristne",2,0.28571,12,0
"2013","st","Rogaland","Stavanger","Gausel","0016","KSP","Kristent Samlingsparti",2,0.09524,4,0
"2013","st","Rogaland","Stavanger","Gausel","0016","KYST","Kystpartiet",2,0,0,0
"2013","st","Rogaland","Stavanger","Gausel","0016","MDG","Miljøpartiet De Grønne",2,2.14286,90,0
"2013","st","Rogaland","Stavanger","Gausel","0016","NKP","Norges Kommunistiske Parti",2,0.02381,1,0
"2013","st","Rogaland","Stavanger","Gausel","0016","PIR","Piratpartiet",2,0.28571,12,0
"2013","st","Rogaland","Stavanger","Gausel","0016","PP","Pensjonistpartiet",2,0.33333,14,0
"2013","st","Rogaland","Stavanger","Gausel","0016","BLANKE","Blanke",3,0.47619,20,0
"2013","st","Rogaland","Stavanger","Gausel","0016","Andre","Andre",0,3.33333,140,0
"2013","st","Rogaland","Stavanger","Gausel","0016","Andre2","Andre2",0,0,0,0
"2013","st","Rogaland","Stavanger","Hinna","0017","A","Arbeiderpartiet",1,23.22738,665,0
"2013","st","Rogaland","Stavanger","Hinna","0017","SV","Sosialistisk Venstreparti",1,2.93399,84,0
"2013","st","Rogaland","Stavanger","Hinna","0017","RØDT","Rødt",1,0.38421,11,0
"2013","st","Rogaland","Stavanger","Hinna","0017","SP","Senterpartiet",1,1.60671,46,0
"2013","st","Rogaland","Stavanger","Hinna","0017","KRF","Kristelig Folkeparti",1,7.33496,210,0
"2013","st","Rogaland","Stavanger","Hinna","0017","V","Venstre",1,6.56654,188,0
"2013","st","Rogaland","Stavanger","Hinna","0017","H","Høyre",1,38.84038,1112,0
"2013","st","Rogaland","Stavanger","Hinna","0017","FRP","Fremskrittspartiet",1,15.43835,442,0
"2013","st","Rogaland","Stavanger","Hinna","0017","DEMN","Demokratene i Norge",2,0,0,0
"2013","st","Rogaland","Stavanger","Hinna","0017","DLF","Det Liberale Folkepartiet",2,0.03493,1,0
"2013","st","Rogaland","Stavanger","Hinna","0017","KRISTNE","De Kristne",2,0.41914,12,0
"2013","st","Rogaland","Stavanger","Hinna","0017","KSP","Kristent Samlingsparti",2,0.10479,3,0
"2013","st","Rogaland","Stavanger","Hinna","0017","KYST","Kystpartiet",2,0,0,0
"2013","st","Rogaland","Stavanger","Hinna","0017","MDG","Miljøpartiet De Grønne",2,2.23542,64,0
"2013","st","Rogaland","Stavanger","Hinna","0017","NKP","Norges Kommunistiske Parti",2,0,0,0
"2013","st","Rogaland","Stavanger","Hinna","0017","PIR","Piratpartiet",2,0.52393,15,0
"2013","st","Rogaland","Stavanger","Hinna","0017","PP","Pensjonistpartiet",2,0.34928,10,0
"2013","st","Rogaland","Stavanger","Hinna","0017","BLANKE","Blanke",3,0.41914,12,0
"2013","st","Rogaland","Stavanger","Hinna","0017","Andre","Andre",0,3.66748,105,0
"2013","st","Rogaland","Stavanger","Hinna","0017","Andre2","Andre2",0,0,0,0
"2013","st","Rogaland","Stavanger","Vaulen","0018","A","Arbeiderpartiet",1,22.46066,628,0
"2013","st","Rogaland","Stavanger","Vaulen","0018","SV","Sosialistisk Venstreparti",1,3.6123,101,0
"2013","st","Rogaland","Stavanger","Vaulen","0018","RØDT","Rødt",1,0.14306,4,0
"2013","st","Rogaland","Stavanger","Vaulen","0018","SP","Senterpartiet",1,1.43062,40,0
"2013","st","Rogaland","Stavanger","Vaulen","0018","KRF","Kristelig Folkeparti",1,8.11874,227,0
"2013","st","Rogaland","Stavanger","Vaulen","0018","V","Venstre",1,7.11731,199,0
"2013","st","Rogaland","Stavanger","Vaulen","0018","H","Høyre",1,36.83834,1030,0
"2013","st","Rogaland","Stavanger","Vaulen","0018","FRP","Fremskrittspartiet",1,16.23748,454,0
"2013","st","Rogaland","Stavanger","Vaulen","0018","DEMN","Demokratene i Norge",2,0,0,0
"2013","st","Rogaland","Stavanger","Vaulen","0018","DLF","Det Liberale Folkepartiet",2,0.03577,1,0
"2013","st","Rogaland","Stavanger","Vaulen","0018","KRISTNE","De Kristne",2,0.50072,14,0
"2013","st","Rogaland","Stavanger","Vaulen","0018","KSP","Kristent Samlingsparti",2,0.03577,1,0
"2013","st","Rogaland","Stavanger","Vaulen","0018","KYST","Kystpartiet",2,0,0,0
"2013","st","Rogaland","Stavanger","Vaulen","0018","MDG","Miljøpartiet De Grønne",2,2.11016,59,0
"2013","st","Rogaland","Stavanger","Vaulen","0018","NKP","Norges Kommunistiske Parti",2,0,0,0
"2013","st","Rogaland","Stavanger","Vaulen","0018","PIR","Piratpartiet",2,0.53648,15,0
"2013","st","Rogaland","Stavanger","Vaulen","0018","PP","Pensjonistpartiet",2,0.8226,23,0
"2013","st","Rogaland","Stavanger","Vaulen","0018","BLANKE","Blanke",3,0.28612,8,0
"2013","st","Rogaland","Stavanger","Vaulen","0018","Andre","Andre",0,4.04149,113,0
"2013","st","Rogaland","Stavanger","Vaulen","0018","Andre2","Andre2",0,0,0,0
"2013","st","Rogaland","Stavanger","Kvaleberg","0019","A","Arbeiderpartiet",1,29.38547,789,0
"2013","st","Rogaland","Stavanger","Kvaleberg","0019","SV","Sosialistisk Venstreparti",1,5.10242,137,0
"2013","st","Rogaland","Stavanger","Kvaleberg","0019","RØDT","Rødt",1,0.78212,21,0
"2013","st","Rogaland","Stavanger","Kvaleberg","0019","SP","Senterpartiet",1,1.527,41,0
"2013","st","Rogaland","Stavanger","Kvaleberg","0019","KRF","Kristelig Folkeparti",1,9.42272,253,0
"2013","st","Rogaland","Stavanger","Kvaleberg","0019","V","Venstre",1,5.88454,158,0
"2013","st","Rogaland","Stavanger","Kvaleberg","0019","H","Høyre",1,26.92737,723,0
"2013","st","Rogaland","Stavanger","Kvaleberg","0019","FRP","Fremskrittspartiet",1,15.38175,413,0
"2013","st","Rogaland","Stavanger","Kvaleberg","0019","DEMN","Demokratene i Norge",2,0.07449,2,0
"2013","st","Rogaland","Stavanger","Kvaleberg","0019","DLF","Det Liberale Folkepartiet",2,0.18622,5,0
"2013","st","Rogaland","Stavanger","Kvaleberg","0019","KRISTNE","De Kristne",2,1.00559,27,0
"2013","st","Rogaland","Stavanger","Kvaleberg","0019","KSP","Kristent Samlingsparti",2,0.11173,3,0
"2013","st","Rogaland","Stavanger","Kvaleberg","0019","KYST","Kystpartiet",2,0,0,0
"2013","st","Rogaland","Stavanger","Kvaleberg","0019","MDG","Miljøpartiet De Grønne",2,3.42644,92,0
"2013","st","Rogaland","Stavanger","Kvaleberg","0019","NKP","Norges Kommunistiske Parti",2,0.07449,2,0
"2013","st","Rogaland","Stavanger","Kvaleberg","0019","PIR","Piratpartiet",2,0.18622,5,0
"2013","st","Rogaland","Stavanger","Kvaleberg","0019","PP","Pensjonistpartiet",2,0.52142,14,0
"2013","st","Rogaland","Stavanger","Kvaleberg","0019","BLANKE","Blanke",3,0,0,0
"2013","st","Rogaland","Stavanger","Kvaleberg","0019","Andre","Andre",0,5.58659,150,0
"2013","st","Rogaland","Stavanger","Kvaleberg","0019","Andre2","Andre2",0,0,0,0
"2013","st","Rogaland","Stavanger","Tjensvoll","0020","A","Arbeiderpartiet",1,29.39331,843,0
"2013","st","Rogaland","Stavanger","Tjensvoll","0020","SV","Sosialistisk Venstreparti",1,7.53138,216,0
"2013","st","Rogaland","Stavanger","Tjensvoll","0020","RØDT","Rødt",1,0.83682,24,0
"2013","st","Rogaland","Stavanger","Tjensvoll","0020","SP","Senterpartiet",1,1.84798,53,0
"2013","st","Rogaland","Stavanger","Tjensvoll","0020","KRF","Kristelig Folkeparti",1,8.64714,248,0
"2013","st","Rogaland","Stavanger","Tjensvoll","0020","V","Venstre",1,7.04324,202,0
"2013","st","Rogaland","Stavanger","Tjensvoll","0020","H","Høyre",1,25.80195,740,0
"2013","st","Rogaland","Stavanger","Tjensvoll","0020","FRP","Fremskrittspartiet",1,13.98187,401,0
"2013","st","Rogaland","Stavanger","Tjensvoll","0020","DEMN","Demokratene i Norge",2,0.06974,2,0
"2013","st","Rogaland","Stavanger","Tjensvoll","0020","DLF","Det Liberale Folkepartiet",2,0.06974,2,0
"2013","st","Rogaland","Stavanger","Tjensvoll","0020","KRISTNE","De Kristne",2,0.62762,18,0
"2013","st","Rogaland","Stavanger","Tjensvoll","0020","KSP","Kristent Samlingsparti",2,0.1046,3,0
"2013","st","Rogaland","Stavanger","Tjensvoll","0020","KYST","Kystpartiet",2,0.03487,1,0
"2013","st","Rogaland","Stavanger","Tjensvoll","0020","MDG","Miljøpartiet De Grønne",2,3.27755,94,0
"2013","st","Rogaland","Stavanger","Tjensvoll","0020","NKP","Norges Kommunistiske Parti",2,0,0,0
"2013","st","Rogaland","Stavanger","Tjensvoll","0020","PIR","Piratpartiet",2,0.38354,11,0
"2013","st","Rogaland","Stavanger","Tjensvoll","0020","PP","Pensjonistpartiet",2,0.34868,10,0
"2013","st","Rogaland","Stavanger","Tjensvoll","0020","BLANKE","Blanke",3,0,0,0
"2013","st","Rogaland","Stavanger","Tjensvoll","0020","Andre","Andre",0,4.91632,141,0
"2013","st","Rogaland","Stavanger","Tjensvoll","0020","Andre2","Andre2",0,0,0,0
"2013","st","Rogaland","Stavanger","Stokka","0021","A","Arbeiderpartiet",1,22.60442,552,0
"2013","st","Rogaland","Stavanger","Stokka","0021","SV","Sosialistisk Venstreparti",1,4.79115,117,0
"2013","st","Rogaland","Stavanger","Stokka","0021","RØDT","Rødt",1,0.36855,9,0
"2013","st","Rogaland","Stavanger","Stokka","0021","SP","Senterpartiet",1,1.26945,31,0
"2013","st","Rogaland","Stavanger","Stokka","0021","KRF","Kristelig Folkeparti",1,6.10156,149,0
"2013","st","Rogaland","Stavanger","Stokka","0021","V","Venstre",1,8.96806,219,0
"2013","st","Rogaland","Stavanger","Stokka","0021","H","Høyre",1,40.58149,991,0
"2013","st","Rogaland","Stavanger","Stokka","0021","FRP","Fremskrittspartiet",1,11.71171,286,0
"2013","st","Rogaland","Stavanger","Stokka","0021","DEMN","Demokratene i Norge",2,0,0,0
"2013","st","Rogaland","Stavanger","Stokka","0021","DLF","Det Liberale Folkepartiet",2,0.12285,3,0
"2013","st","Rogaland","Stavanger","Stokka","0021","KRISTNE","De Kristne",2,0.4095,10,0
"2013","st","Rogaland","Stavanger","Stokka","0021","KSP","Kristent Samlingsparti",2,0.04095,1,0
"2013","st","Rogaland","Stavanger","Stokka","0021","KYST","Kystpartiet",2,0,0,0
"2013","st","Rogaland","Stavanger","Stokka","0021","MDG","Miljøpartiet De Grønne",2,2.2113,54,0
"2013","st","Rogaland","Stavanger","Stokka","0021","NKP","Norges Kommunistiske Parti",2,0.04095,1,0
"2013","st","Rogaland","Stavanger","Stokka","0021","PIR","Piratpartiet",2,0.4095,10,0
"2013","st","Rogaland","Stavanger","Stokka","0021","PP","Pensjonistpartiet",2,0.36855,9,0
"2013","st","Rogaland","Stavanger","Stokka","0021","BLANKE","Blanke",3,0,0,0
"2013","st","Rogaland","Stavanger","Stokka","0021","Andre","Andre",0,3.6036,88,0
"2013","st","Rogaland","Stavanger","Stokka","0021","Andre2","Andre2",0,0,0,0
"2013","st","Rogaland","Stavanger","Madlamark","0022","A","Arbeiderpartiet",1,25.36864,843,0
"2013","st","Rogaland","Stavanger","Madlamark","0022","SV","Sosialistisk Venstreparti",1,3.76166,125,0
"2013","st","Rogaland","Stavanger","Madlamark","0022","RØDT","Rødt",1,0.54168,18,0
"2013","st","Rogaland","Stavanger","Madlamark","0022","SP","Senterpartiet",1,1.3241,44,0
"2013","st","Rogaland","Stavanger","Madlamark","0022","KRF","Kristelig Folkeparti",1,8.84743,294,0
"2013","st","Rogaland","Stavanger","Madlamark","0022","V","Venstre",1,6.37978,212,0
"2013","st","Rogaland","Stavanger","Madlamark","0022","H","Høyre",1,37.25549,1238,0
"2013","st","Rogaland","Stavanger","Madlamark","0022","FRP","Fremskrittspartiet",1,12.91002,429,0
"2013","st","Rogaland","Stavanger","Madlamark","0022","DEMN","Demokratene i Norge",2,0.03009,1,0
"2013","st","Rogaland","Stavanger","Madlamark","0022","DLF","Det Liberale Folkepartiet",2,0.03009,1,0
"2013","st","Rogaland","Stavanger","Madlamark","0022","KRISTNE","De Kristne",2,0.39121,13,0
"2013","st","Rogaland","Stavanger","Madlamark","0022","KSP","Kristent Samlingsparti",2,0.18056,6,0
"2013","st","Rogaland","Stavanger","Madlamark","0022","KYST","Kystpartiet",2,0,0,0
"2013","st","Rogaland","Stavanger","Madlamark","0022","MDG","Miljøpartiet De Grønne",2,2.37737,79,0
"2013","st","Rogaland","Stavanger","Madlamark","0022","NKP","Norges Kommunistiske Parti",2,0,0,0
"2013","st","Rogaland","Stavanger","Madlamark","0022","PIR","Piratpartiet",2,0.24075,8,0
"2013","st","Rogaland","Stavanger","Madlamark","0022","PP","Pensjonistpartiet",2,0.36112,12,0
"2013","st","Rogaland","Stavanger","Madlamark","0022","BLANKE","Blanke",3,0,0,0
"2013","st","Rogaland","Stavanger","Madlamark","0022","Andre","Andre",0,3.61119,120,0
"2013","st","Rogaland","Stavanger","Madlamark","0022","Andre2","Andre2",0,0,0,0
"2013","st","Rogaland","Stavanger","Hafrsfjord","0023","A","Arbeiderpartiet",1,22.59084,429,0
"2013","st","Rogaland","Stavanger","Hafrsfjord","0023","SV","Sosialistisk Venstreparti",1,3.94945,75,0
"2013","st","Rogaland","Stavanger","Hafrsfjord","0023","RØDT","Rødt",1,0.47393,9,0
"2013","st","Rogaland","Stavanger","Hafrsfjord","0023","SP","Senterpartiet",1,1.63244,31,0
"2013","st","Rogaland","Stavanger","Hafrsfjord","0023","KRF","Kristelig Folkeparti",1,7.74092,147,0
"2013","st","Rogaland","Stavanger","Hafrsfjord","0023","V","Venstre",1,5.42391,103,0
"2013","st","Rogaland","Stavanger","Hafrsfjord","0023","H","Høyre",1,38.96788,740,0
"2013","st","Rogaland","Stavanger","Hafrsfjord","0023","FRP","Fremskrittspartiet",1,15.79779,300,0
"2013","st","Rogaland","Stavanger","Hafrsfjord","0023","DEMN","Demokratene i Norge",2,0,0,0
"2013","st","Rogaland","Stavanger","Hafrsfjord","0023","DLF","Det Liberale Folkepartiet",2,0.05266,1,0
"2013","st","Rogaland","Stavanger","Hafrsfjord","0023","KRISTNE","De Kristne",2,0.57925,11,0
"2013","st","Rogaland","Stavanger","Hafrsfjord","0023","KSP","Kristent Samlingsparti",2,0.10532,2,0
"2013","st","Rogaland","Stavanger","Hafrsfjord","0023","KYST","Kystpartiet",2,0,0,0
"2013","st","Rogaland","Stavanger","Hafrsfjord","0023","MDG","Miljøpartiet De Grønne",2,1.6851,32,0
"2013","st","Rogaland","Stavanger","Hafrsfjord","0023","NKP","Norges Kommunistiske Parti",2,0.05266,1,0
"2013","st","Rogaland","Stavanger","Hafrsfjord","0023","PIR","Piratpartiet",2,0.21064,4,0
"2013","st","Rogaland","Stavanger","Hafrsfjord","0023","PP","Pensjonistpartiet",2,0.73723,14,0
"2013","st","Rogaland","Stavanger","Hafrsfjord","0023","BLANKE","Blanke",3,0,0,0
"2013","st","Rogaland","Stavanger","Hafrsfjord","0023","Andre","Andre",0,3.42285,65,0
"2013","st","Rogaland","Stavanger","Hafrsfjord","0023","Andre2","Andre2",0,0,0,0
"2013","st","Rogaland","Stavanger","Kvernavik","0024","A","Arbeiderpartiet",1,28.25565,588,0
"2013","st","Rogaland","Stavanger","Kvernavik","0024","SV","Sosialistisk Venstreparti",1,3.26766,68,0
"2013","st","Rogaland","Stavanger","Kvernavik","0024","RØDT","Rødt",1,0.6247,13,0
"2013","st","Rogaland","Stavanger","Kvernavik","0024","SP","Senterpartiet",1,1.58578,33,0
"2013","st","Rogaland","Stavanger","Kvernavik","0024","KRF","Kristelig Folkeparti",1,4.9976,104,0
"2013","st","Rogaland","Stavanger","Kvernavik","0024","V","Venstre",1,4.42095,92,0
"2013","st","Rogaland","Stavanger","Kvernavik","0024","H","Høyre",1,28.20759,587,0
"2013","st","Rogaland","Stavanger","Kvernavik","0024","FRP","Fremskrittspartiet",1,25.1802,524,0
"2013","st","Rogaland","Stavanger","Kvernavik","0024","DEMN","Demokratene i Norge",2,0,0,0
"2013","st","Rogaland","Stavanger","Kvernavik","0024","DLF","Det Liberale Folkepartiet",2,0.14416,3,0
"2013","st","Rogaland","Stavanger","Kvernavik","0024","KRISTNE","De Kristne",2,0.86497,18,0
"2013","st","Rogaland","Stavanger","Kvernavik","0024","KSP","Kristent Samlingsparti",2,0.04805,1,0
"2013","st","Rogaland","Stavanger","Kvernavik","0024","KYST","Kystpartiet",2,0.09611,2,0
"2013","st","Rogaland","Stavanger","Kvernavik","0024","MDG","Miljøpartiet De Grønne",2,1.72994,36,0
"2013","st","Rogaland","Stavanger","Kvernavik","0024","NKP","Norges Kommunistiske Parti",2,0,0,0
"2013","st","Rogaland","Stavanger","Kvernavik","0024","PIR","Piratpartiet",2,0.28832,6,0
"2013","st","Rogaland","Stavanger","Kvernavik","0024","PP","Pensjonistpartiet",2,0.28832,6,0
"2013","st","Rogaland","Stavanger","Kvernavik","0024","BLANKE","Blanke",3,0,0,0
"2013","st","Rogaland","Stavanger","Kvernavik","0024","Andre","Andre",0,3.45988,72,0
"2013","st","Rogaland","Stavanger","Kvernavik","0024","Andre2","Andre2",0,0,0,0
"2013","st","Rogaland","Stavanger","Sunde","0025","A","Arbeiderpartiet",1,24.30221,505,0
"2013","st","Rogaland","Stavanger","Sunde","0025","SV","Sosialistisk Venstreparti",1,3.89798,81,0
"2013","st","Rogaland","Stavanger","Sunde","0025","RØDT","Rødt",1,0.38499,8,0
"2013","st","Rogaland","Stavanger","Sunde","0025","SP","Senterpartiet",1,2.93551,61,0
"2013","st","Rogaland","Stavanger","Sunde","0025","KRF","Kristelig Folkeparti",1,7.21848,150,0
"2013","st","Rogaland","Stavanger","Sunde","0025","V","Venstre",1,5.19731,108,0
"2013","st","Rogaland","Stavanger","Sunde","0025","H","Høyre",1,34.93744,726,0
"2013","st","Rogaland","Stavanger","Sunde","0025","FRP","Fremskrittspartiet",1,17.94995,373,0
"2013","st","Rogaland","Stavanger","Sunde","0025","DEMN","Demokratene i Norge",2,0,0,0
"2013","st","Rogaland","Stavanger","Sunde","0025","DLF","Det Liberale Folkepartiet",2,0,0,0
"2013","st","Rogaland","Stavanger","Sunde","0025","KRISTNE","De Kristne",2,0.48123,10,0
"2013","st","Rogaland","Stavanger","Sunde","0025","KSP","Kristent Samlingsparti",2,0.14437,3,0
"2013","st","Rogaland","Stavanger","Sunde","0025","KYST","Kystpartiet",2,0,0,0
"2013","st","Rogaland","Stavanger","Sunde","0025","MDG","Miljøpartiet De Grønne",2,1.82868,38,0
"2013","st","Rogaland","Stavanger","Sunde","0025","NKP","Norges Kommunistiske Parti",2,0,0,0
"2013","st","Rogaland","Stavanger","Sunde","0025","PIR","Piratpartiet",2,0.28874,6,0
"2013","st","Rogaland","Stavanger","Sunde","0025","PP","Pensjonistpartiet",2,0.43311,9,0
"2013","st","Rogaland","Stavanger","Sunde","0025","BLANKE","Blanke",3,0,0,0
"2013","st","Rogaland","Stavanger","Sunde","0025","Andre","Andre",0,3.17613,66,0
"2013","st","Rogaland","Stavanger","Sunde","0025","Andre2","Andre2",0,0,0,0
"2013","st","Rogaland","Stavanger","Indre Tasta","0026","A","Arbeiderpartiet",1,27.75348,698,0
"2013","st","Rogaland","Stavanger","Indre Tasta","0026","SV","Sosialistisk Venstreparti",1,4.69185,118,0
"2013","st","Rogaland","Stavanger","Indre Tasta","0026","RØDT","Rødt",1,0.43738,11,0
"2013","st","Rogaland","Stavanger","Indre Tasta","0026","SP","Senterpartiet",1,1.59046,40,0
"2013","st","Rogaland","Stavanger","Indre Tasta","0026","KRF","Kristelig Folkeparti",1,6.44135,162,0
"2013","st","Rogaland","Stavanger","Indre Tasta","0026","V","Venstre",1,5.36779,135,0
"2013","st","Rogaland","Stavanger","Indre Tasta","0026","H","Høyre",1,33.95626,854,0
"2013","st","Rogaland","Stavanger","Indre Tasta","0026","FRP","Fremskrittspartiet",1,15.02982,378,0
"2013","st","Rogaland","Stavanger","Indre Tasta","0026","DEMN","Demokratene i Norge",2,0,0,0
"2013","st","Rogaland","Stavanger","Indre Tasta","0026","DLF","Det Liberale Folkepartiet",2,0.11928,3,0
"2013","st","Rogaland","Stavanger","Indre Tasta","0026","KRISTNE","De Kristne",2,0.47714,12,0
"2013","st","Rogaland","Stavanger","Indre Tasta","0026","KSP","Kristent Samlingsparti",2,0.03976,1,0
"2013","st","Rogaland","Stavanger","Indre Tasta","0026","KYST","Kystpartiet",2,0,0,0
"2013","st","Rogaland","Stavanger","Indre Tasta","0026","MDG","Miljøpartiet De Grønne",2,3.3002,83,0
"2013","st","Rogaland","Stavanger","Indre Tasta","0026","NKP","Norges Kommunistiske Parti",2,0.03976,1,0
"2013","st","Rogaland","Stavanger","Indre Tasta","0026","PIR","Piratpartiet",2,0.39761,10,0
"2013","st","Rogaland","Stavanger","Indre Tasta","0026","PP","Pensjonistpartiet",2,0.35785,9,0
"2013","st","Rogaland","Stavanger","Indre Tasta","0026","BLANKE","Blanke",3,0,0,0
"2013","st","Rogaland","Stavanger","Indre Tasta","0026","Andre","Andre",0,4.73161,119,0
"2013","st","Rogaland","Stavanger","Indre Tasta","0026","Andre2","Andre2",0,0,0,0
"2013","st","Rogaland","Stavanger","Ytre Tasta","0027","A","Arbeiderpartiet",1,26.19478,1014,0
"2013","st","Rogaland","Stavanger","Ytre Tasta","0027","SV","Sosialistisk Venstreparti",1,3.8233,148,0
"2013","st","Rogaland","Stavanger","Ytre Tasta","0027","RØDT","Rødt",1,0.49083,19,0
"2013","st","Rogaland","Stavanger","Ytre Tasta","0027","SP","Senterpartiet",1,1.73082,67,0
"2013","st","Rogaland","Stavanger","Ytre Tasta","0027","KRF","Kristelig Folkeparti",1,7.18161,278,0
"2013","st","Rogaland","Stavanger","Ytre Tasta","0027","V","Venstre",1,4.98579,193,0
"2013","st","Rogaland","Stavanger","Ytre Tasta","0027","H","Høyre",1,34.07388,1319,0
"2013","st","Rogaland","Stavanger","Ytre Tasta","0027","FRP","Fremskrittspartiet",1,18.21235,705,0
"2013","st","Rogaland","Stavanger","Ytre Tasta","0027","DEMN","Demokratene i Norge",2,0.02583,1,0
"2013","st","Rogaland","Stavanger","Ytre Tasta","0027","DLF","Det Liberale Folkepartiet",2,0.05167,2,0
"2013","st","Rogaland","Stavanger","Ytre Tasta","0027","KRISTNE","De Kristne",2,0.2325,9,0
"2013","st","Rogaland","Stavanger","Ytre Tasta","0027","KSP","Kristent Samlingsparti",2,0.02583,1,0
"2013","st","Rogaland","Stavanger","Ytre Tasta","0027","KYST","Kystpartiet",2,0.02583,1,0
"2013","st","Rogaland","Stavanger","Ytre Tasta","0027","MDG","Miljøpartiet De Grønne",2,2.14415,83,0
"2013","st","Rogaland","Stavanger","Ytre Tasta","0027","NKP","Norges Kommunistiske Parti",2,0.05167,2,0
"2013","st","Rogaland","Stavanger","Ytre Tasta","0027","PIR","Piratpartiet",2,0.3875,15,0
"2013","st","Rogaland","Stavanger","Ytre Tasta","0027","PP","Pensjonistpartiet",2,0.36166,14,0
"2013","st","Rogaland","Stavanger","Ytre Tasta","0027","BLANKE","Blanke",3,0.51666,20,0
"2013","st","Rogaland","Stavanger","Ytre Tasta","0027","Andre","Andre",0,3.30664,128,0
"2013","st","Rogaland","Stavanger","Ytre Tasta","0027","Andre2","Andre2",0,0,0,0
"2013","st","Rogaland","Haugesund","Haugesund","1106","A","Arbeiderpartiet",1,27.83019,5310,1566
"2013","st","Rogaland","Haugesund","Haugesund","1106","SV","Sosialistisk Venstreparti",1,2.96122,565,170
"2013","st","Rogaland","Haugesund","Haugesund","1106","RØDT","Rødt",1,0.45073,86,33
"2013","st","Rogaland","Haugesund","Haugesund","1106","SP","Senterpartiet",1,1.60377,306,78
"2013","st","Rogaland","Haugesund","Haugesund","1106","KRF","Kristelig Folkeparti",1,5.55556,1060,302
"2013","st","Rogaland","Haugesund","Haugesund","1106","V","Venstre",1,4.32914,826,257
"2013","st","Rogaland","Haugesund","Haugesund","1106","H","Høyre",1,33.01363,6299,1944
"2013","st","Rogaland","Haugesund","Haugesund","1106","FRP","Fremskrittspartiet",1,18.16038,3465,1111
"2013","st","Rogaland","Haugesund","Haugesund","1106","DEMN","Demokratene i Norge",2,0.05241,10,5
"2013","st","Rogaland","Haugesund","Haugesund","1106","DLF","Det Liberale Folkepartiet",2,0.2044,39,7
"2013","st","Rogaland","Haugesund","Haugesund","1106","KRISTNE","De Kristne",2,0.81761,156,63
"2013","st","Rogaland","Haugesund","Haugesund","1106","KSP","Kristent Samlingsparti",2,0.32495,62,9
"2013","st","Rogaland","Haugesund","Haugesund","1106","KYST","Kystpartiet",2,0.33543,64,13
"2013","st","Rogaland","Haugesund","Haugesund","1106","MDG","Miljøpartiet De Grønne",2,2.40042,458,136
"2013","st","Rogaland","Haugesund","Haugesund","1106","NKP","Norges Kommunistiske Parti",2,0.03145,6,0
"2013","st","Rogaland","Haugesund","Haugesund","1106","PIR","Piratpartiet",2,0.44549,85,20
"2013","st","Rogaland","Haugesund","Haugesund","1106","PP","Pensjonistpartiet",2,1.48323,283,102
"2013","st","Rogaland","Haugesund","Haugesund","1106","BLANKE","Blanke",3,0.43501,83,16
"2013","st","Rogaland","Haugesund","Haugesund","1106","Andre","Andre",0,6.09539,1163,355
"2013","st","Rogaland","Haugesund","Haugesund","1106","Andre2","Andre2",0,0,0,0
"2013","st","Rogaland","Sokndal","Sokndal","1111","A","Arbeiderpartiet",1,22.69392,433,92
"2013","st","Rogaland","Sokndal","Sokndal","1111","SV","Sosialistisk Venstreparti",1,1.46751,28,9
"2013","st","Rogaland","Sokndal","Sokndal","1111","RØDT","Rødt",1,0.26205,5,1
"2013","st","Rogaland","Sokndal","Sokndal","1111","SP","Senterpartiet",1,6.34172,121,22
"2013","st","Rogaland","Sokndal","Sokndal","1111","KRF","Kristelig Folkeparti",1,16.56184,316,69
"2013","st","Rogaland","Sokndal","Sokndal","1111","V","Venstre",1,2.35849,45,15
"2013","st","Rogaland","Sokndal","Sokndal","1111","H","Høyre",1,21.90776,418,98
"2013","st","Rogaland","Sokndal","Sokndal","1111","FRP","Fremskrittspartiet",1,21.6457,413,64
"2013","st","Rogaland","Sokndal","Sokndal","1111","DEMN","Demokratene i Norge",2,0.05241,1,0
"2013","st","Rogaland","Sokndal","Sokndal","1111","DLF","Det Liberale Folkepartiet",2,0,0,0
"2013","st","Rogaland","Sokndal","Sokndal","1111","KRISTNE","De Kristne",2,4.29769,82,16
"2013","st","Rogaland","Sokndal","Sokndal","1111","KSP","Kristent Samlingsparti",2,0.68134,13,4
"2013","st","Rogaland","Sokndal","Sokndal","1111","KYST","Kystpartiet",2,0.05241,1,1
"2013","st","Rogaland","Sokndal","Sokndal","1111","MDG","Miljøpartiet De Grønne",2,1.10063,21,8
"2013","st","Rogaland","Sokndal","Sokndal","1111","NKP","Norges Kommunistiske Parti",2,0.15723,3,3
"2013","st","Rogaland","Sokndal","Sokndal","1111","PIR","Piratpartiet",2,0.20964,4,2
"2013","st","Rogaland","Sokndal","Sokndal","1111","PP","Pensjonistpartiet",2,0.20964,4,0
"2013","st","Rogaland","Sokndal","Sokndal","1111","BLANKE","Blanke",3,0.26205,5,0
"2013","st","Rogaland","Sokndal","Sokndal","1111","Andre","Andre",0,6.76101,129,34
"2013","st","Rogaland","Sokndal","Sokndal","1111","Andre2","Andre2",0,0,0,0
"2013","st","Rogaland","Lund","Lund","1112","A","Arbeiderpartiet",1,22.26563,399,110
"2013","st","Rogaland","Lund","Lund","1112","SV","Sosialistisk Venstreparti",1,1.17188,21,7
"2013","st","Rogaland","Lund","Lund","1112","RØDT","Rødt",1,0.27902,5,0
"2013","st","Rogaland","Lund","Lund","1112","SP","Senterpartiet",1,10.32366,185,36
"2013","st","Rogaland","Lund","Lund","1112","KRF","Kristelig Folkeparti",1,16.57366,297,79
"2013","st","Rogaland","Lund","Lund","1112","V","Venstre",1,2.56696,46,17
"2013","st","Rogaland","Lund","Lund","1112","H","Høyre",1,19.02902,341,78
"2013","st","Rogaland","Lund","Lund","1112","FRP","Fremskrittspartiet",1,22.15402,397,102
"2013","st","Rogaland","Lund","Lund","1112","DEMN","Demokratene i Norge",2,0.11161,2,0
"2013","st","Rogaland","Lund","Lund","1112","DLF","Det Liberale Folkepartiet",2,0,0,0
"2013","st","Rogaland","Lund","Lund","1112","KRISTNE","De Kristne",2,3.1808,57,16
"2013","st","Rogaland","Lund","Lund","1112","KSP","Kristent Samlingsparti",2,0.22321,4,1
"2013","st","Rogaland","Lund","Lund","1112","KYST","Kystpartiet",2,0.0558,1,0
"2013","st","Rogaland","Lund","Lund","1112","MDG","Miljøpartiet De Grønne",2,1.39509,25,9
"2013","st","Rogaland","Lund","Lund","1112","NKP","Norges Kommunistiske Parti",2,0.0558,1,0
"2013","st","Rogaland","Lund","Lund","1112","PIR","Piratpartiet",2,0.27902,5,0
"2013","st","Rogaland","Lund","Lund","1112","PP","Pensjonistpartiet",2,0.33482,6,4
"2013","st","Rogaland","Lund","Lund","1112","BLANKE","Blanke",3,0.11161,2,1
"2013","st","Rogaland","Lund","Lund","1112","Andre","Andre",0,5.63616,101,30
"2013","st","Rogaland","Lund","Lund","1112","Andre2","Andre2",0,0,0,0
"2013","st","Rogaland","Bjerkreim","Bjerkreim","1114","A","Arbeiderpartiet",1,12.46027,196,36
"2013","st","Rogaland","Bjerkreim","Bjerkreim","1114","SV","Sosialistisk Venstreparti",1,1.01716,16,5
"2013","st","Rogaland","Bjerkreim","Bjerkreim","1114","RØDT","Rødt",1,0.12715,2,1
"2013","st","Rogaland","Bjerkreim","Bjerkreim","1114","SP","Senterpartiet",1,28.7349,452,60
"2013","st","Rogaland","Bjerkreim","Bjerkreim","1114","KRF","Kristelig Folkeparti",1,20.97902,330,64
"2013","st","Rogaland","Bjerkreim","Bjerkreim","1114","V","Venstre",1,1.71647,27,6
"2013","st","Rogaland","Bjerkreim","Bjerkreim","1114","H","Høyre",1,20.21615,318,56
"2013","st","Rogaland","Bjerkreim","Bjerkreim","1114","FRP","Fremskrittspartiet",1,11.57025,182,40
"2013","st","Rogaland","Bjerkreim","Bjerkreim","1114","DEMN","Demokratene i Norge",2,0.06357,1,0
"2013","st","Rogaland","Bjerkreim","Bjerkreim","1114","DLF","Det Liberale Folkepartiet",2,0.06357,1,0
"2013","st","Rogaland","Bjerkreim","Bjerkreim","1114","KRISTNE","De Kristne",2,1.71647,27,10
"2013","st","Rogaland","Bjerkreim","Bjerkreim","1114","KSP","Kristent Samlingsparti",2,0.06357,1,0
"2013","st","Rogaland","Bjerkreim","Bjerkreim","1114","KYST","Kystpartiet",2,0.12715,2,0
"2013","st","Rogaland","Bjerkreim","Bjerkreim","1114","MDG","Miljøpartiet De Grønne",2,0.89002,14,3
"2013","st","Rogaland","Bjerkreim","Bjerkreim","1114","NKP","Norges Kommunistiske Parti",2,0,0,0
"2013","st","Rogaland","Bjerkreim","Bjerkreim","1114","PIR","Piratpartiet",2,0.12715,2,1
"2013","st","Rogaland","Bjerkreim","Bjerkreim","1114","PP","Pensjonistpartiet",2,0.12715,2,1
"2013","st","Rogaland","Bjerkreim","Bjerkreim","1114","BLANKE","Blanke",3,0.06357,1,0
"2013","st","Rogaland","Bjerkreim","Bjerkreim","1114","Andre","Andre",0,3.17864,50,15
"2013","st","Rogaland","Bjerkreim","Bjerkreim","1114","Andre2","Andre2",0,0,0,0
"2013","st","Rogaland","Hå","Hå","1119","A","Arbeiderpartiet",1,14.6873,1348,301
"2013","st","Rogaland","Hå","Hå","1119","SV","Sosialistisk Venstreparti",1,1.83046,168,34
"2013","st","Rogaland","Hå","Hå","1119","RØDT","Rødt",1,0.19612,18,9
"2013","st","Rogaland","Hå","Hå","1119","SP","Senterpartiet",1,14.33864,1316,199
"2013","st","Rogaland","Hå","Hå","1119","KRF","Kristelig Folkeparti",1,19.66659,1805,369
"2013","st","Rogaland","Hå","Hå","1119","V","Venstre",1,1.90673,175,49
"2013","st","Rogaland","Hå","Hå","1119","H","Høyre",1,23.80693,2185,434
"2013","st","Rogaland","Hå","Hå","1119","FRP","Fremskrittspartiet",1,19.31793,1773,344
"2013","st","Rogaland","Hå","Hå","1119","DEMN","Demokratene i Norge",2,0.03269,3,1
"2013","st","Rogaland","Hå","Hå","1119","DLF","Det Liberale Folkepartiet",2,0.10896,10,3
"2013","st","Rogaland","Hå","Hå","1119","KRISTNE","De Kristne",2,2.04838,188,43
"2013","st","Rogaland","Hå","Hå","1119","KSP","Kristent Samlingsparti",2,0.31597,29,3
"2013","st","Rogaland","Hå","Hå","1119","KYST","Kystpartiet",2,0.07627,7,0
"2013","st","Rogaland","Hå","Hå","1119","MDG","Miljøpartiet De Grønne",2,1.15494,106,27
"2013","st","Rogaland","Hå","Hå","1119","NKP","Norges Kommunistiske Parti",2,0,0,0
"2013","st","Rogaland","Hå","Hå","1119","PIR","Piratpartiet",2,0.30508,28,4
"2013","st","Rogaland","Hå","Hå","1119","PP","Pensjonistpartiet",2,0.20702,19,1
"2013","st","Rogaland","Hå","Hå","1119","BLANKE","Blanke",3,0.39224,36,5
"2013","st","Rogaland","Hå","Hå","1119","Andre","Andre",0,4.24929,390,82
"2013","st","Rogaland","Hå","Hå","1119","Andre2","Andre2",0,0,0,0
"2013","st","Rogaland","Klepp","Klepp","1120","A","Arbeiderpartiet",1,16.01599,1522,424
"2013","st","Rogaland","Klepp","Klepp","1120","SV","Sosialistisk Venstreparti",1,1.80995,172,60
"2013","st","Rogaland","Klepp","Klepp","1120","RØDT","Rødt",1,0.28412,27,6
"2013","st","Rogaland","Klepp","Klepp","1120","SP","Senterpartiet",1,9.58645,911,164
"2013","st","Rogaland","Klepp","Klepp","1120","KRF","Kristelig Folkeparti",1,13.45891,1279,328
"2013","st","Rogaland","Klepp","Klepp","1120","V","Venstre",1,3.17794,302,73
"2013","st","Rogaland","Klepp","Klepp","1120","H","Høyre",1,29.76955,2829,679
"2013","st","Rogaland","Klepp","Klepp","1120","FRP","Fremskrittspartiet",1,22.09828,2100,518
"2013","st","Rogaland","Klepp","Klepp","1120","DEMN","Demokratene i Norge",2,0.08418,8,2
"2013","st","Rogaland","Klepp","Klepp","1120","DLF","Det Liberale Folkepartiet",2,0.09471,9,5
"2013","st","Rogaland","Klepp","Klepp","1120","KRISTNE","De Kristne",2,1.02073,97,35
"2013","st","Rogaland","Klepp","Klepp","1120","KSP","Kristent Samlingsparti",2,0.23151,22,11
"2013","st","Rogaland","Klepp","Klepp","1120","KYST","Kystpartiet",2,0.06314,6,0
"2013","st","Rogaland","Klepp","Klepp","1120","MDG","Miljøpartiet De Grønne",2,1.65211,157,42
"2013","st","Rogaland","Klepp","Klepp","1120","NKP","Norges Kommunistiske Parti",2,0.04209,4,1
"2013","st","Rogaland","Klepp","Klepp","1120","PIR","Piratpartiet",2,0.32621,31,7
"2013","st","Rogaland","Klepp","Klepp","1120","PP","Pensjonistpartiet",2,0.28412,27,9
"2013","st","Rogaland","Klepp","Klepp","1120","BLANKE","Blanke",3,0.43144,41,10
"2013","st","Rogaland","Klepp","Klepp","1120","Andre","Andre",0,3.7988,361,112
"2013","st","Rogaland","Klepp","Klepp","1120","Andre2","Andre2",0,0,0,0
"2013","st","Rogaland","Time","Time","1121","A","Arbeiderpartiet",1,20.5678,2043,410
"2013","st","Rogaland","Time","Time","1121","SV","Sosialistisk Venstreparti",1,3.04037,302,72
"2013","st","Rogaland","Time","Time","1121","RØDT","Rødt",1,0.21142,21,8
"2013","st","Rogaland","Time","Time","1121","SP","Senterpartiet",1,10.07752,1001,152
"2013","st","Rogaland","Time","Time","1121","KRF","Kristelig Folkeparti",1,13.90315,1381,325
"2013","st","Rogaland","Time","Time","1121","V","Venstre",1,3.84577,382,69
"2013","st","Rogaland","Time","Time","1121","H","Høyre",1,27.58482,2740,606
"2013","st","Rogaland","Time","Time","1121","FRP","Fremskrittspartiet",1,16.07772,1597,333
"2013","st","Rogaland","Time","Time","1121","DEMN","Demokratene i Norge",2,0.01007,1,1
"2013","st","Rogaland","Time","Time","1121","DLF","Det Liberale Folkepartiet",2,0.08054,8,3
"2013","st","Rogaland","Time","Time","1121","KRISTNE","De Kristne",2,1.33897,133,35
"2013","st","Rogaland","Time","Time","1121","KSP","Kristent Samlingsparti",2,0.15101,15,3
"2013","st","Rogaland","Time","Time","1121","KYST","Kystpartiet",2,0.05034,5,5
"2013","st","Rogaland","Time","Time","1121","MDG","Miljøpartiet De Grønne",2,2.5672,255,87
"2013","st","Rogaland","Time","Time","1121","NKP","Norges Kommunistiske Parti",2,0,0,0
"2013","st","Rogaland","Time","Time","1121","PIR","Piratpartiet",2,0.27182,27,5
"2013","st","Rogaland","Time","Time","1121","PP","Pensjonistpartiet",2,0.22148,22,10
"2013","st","Rogaland","Time","Time","1121","BLANKE","Blanke",3,0.39263,39,12
"2013","st","Rogaland","Time","Time","1121","Andre","Andre",0,4.69143,466,149
"2013","st","Rogaland","Time","Time","1121","Andre2","Andre2",0,0,0,0
"2013","st","Rogaland","Gjesdal","Gjesdal","1122","A","Arbeiderpartiet",1,20.68729,1204,296
"2013","st","Rogaland","Gjesdal","Gjesdal","1122","SV","Sosialistisk Venstreparti",1,2.50859,146,51
"2013","st","Rogaland","Gjesdal","Gjesdal","1122","RØDT","Rødt",1,0.27491,16,6
"2013","st","Rogaland","Gjesdal","Gjesdal","1122","SP","Senterpartiet",1,7.8866,459,91
"2013","st","Rogaland","Gjesdal","Gjesdal","1122","KRF","Kristelig Folkeparti",1,16.64948,969,215
"2013","st","Rogaland","Gjesdal","Gjesdal","1122","V","Venstre",1,3.12715,182,46
"2013","st","Rogaland","Gjesdal","Gjesdal","1122","H","Høyre",1,25.51546,1485,355
"2013","st","Rogaland","Gjesdal","Gjesdal","1122","FRP","Fremskrittspartiet",1,20,1164,280
"2013","st","Rogaland","Gjesdal","Gjesdal","1122","DEMN","Demokratene i Norge",2,0.01718,1,0
"2013","st","Rogaland","Gjesdal","Gjesdal","1122","DLF","Det Liberale Folkepartiet",2,0.12027,7,3
"2013","st","Rogaland","Gjesdal","Gjesdal","1122","KRISTNE","De Kristne",2,0.61856,36,12
"2013","st","Rogaland","Gjesdal","Gjesdal","1122","KSP","Kristent Samlingsparti",2,0.12027,7,1
"2013","st","Rogaland","Gjesdal","Gjesdal","1122","KYST","Kystpartiet",2,0.01718,1,1
"2013","st","Rogaland","Gjesdal","Gjesdal","1122","MDG","Miljøpartiet De Grønne",2,1.66667,97,28
"2013","st","Rogaland","Gjesdal","Gjesdal","1122","NKP","Norges Kommunistiske Parti",2,0.01718,1,0
"2013","st","Rogaland","Gjesdal","Gjesdal","1122","PIR","Piratpartiet",2,0.53265,31,6
"2013","st","Rogaland","Gjesdal","Gjesdal","1122","PP","Pensjonistpartiet",2,0.24055,14,6
"2013","st","Rogaland","Gjesdal","Gjesdal","1122","BLANKE","Blanke",3,0.30928,18,3
"2013","st","Rogaland","Gjesdal","Gjesdal","1122","Andre","Andre",0,3.35052,195,57
"2013","st","Rogaland","Gjesdal","Gjesdal","1122","Andre2","Andre2",0,0,0,0
"2013","st","Rogaland","Sola","Sola","1124","A","Arbeiderpartiet",1,18.0662,2358,520
"2013","st","Rogaland","Sola","Sola","1124","SV","Sosialistisk Venstreparti",1,2.35979,308,70
"2013","st","Rogaland","Sola","Sola","1124","RØDT","Rødt",1,0.28348,37,14
"2013","st","Rogaland","Sola","Sola","1124","SP","Senterpartiet",1,3.44009,449,77
"2013","st","Rogaland","Sola","Sola","1124","KRF","Kristelig Folkeparti",1,9.3319,1218,291
"2013","st","Rogaland","Sola","Sola","1124","V","Venstre",1,4.45143,581,132
"2013","st","Rogaland","Sola","Sola","1124","H","Høyre",1,37.11309,4844,1136
"2013","st","Rogaland","Sola","Sola","1124","FRP","Fremskrittspartiet",1,21.73613,2837,732
"2013","st","Rogaland","Sola","Sola","1124","DEMN","Demokratene i Norge",2,0.06129,8,4
"2013","st","Rogaland","Sola","Sola","1124","DLF","Det Liberale Folkepartiet",2,0.04597,6,0
"2013","st","Rogaland","Sola","Sola","1124","KRISTNE","De Kristne",2,0.52865,69,30
"2013","st","Rogaland","Sola","Sola","1124","KSP","Kristent Samlingsparti",2,0.06129,8,1
"2013","st","Rogaland","Sola","Sola","1124","KYST","Kystpartiet",2,0.04597,6,1
"2013","st","Rogaland","Sola","Sola","1124","MDG","Miljøpartiet De Grønne",2,1.76218,230,64
"2013","st","Rogaland","Sola","Sola","1124","NKP","Norges Kommunistiske Parti",2,0.01532,2,1
"2013","st","Rogaland","Sola","Sola","1124","PIR","Piratpartiet",2,0.3601,47,8
"2013","st","Rogaland","Sola","Sola","1124","PP","Pensjonistpartiet",2,0.33711,44,10
"2013","st","Rogaland","Sola","Sola","1124","BLANKE","Blanke",3,0.33711,44,10
"2013","st","Rogaland","Sola","Sola","1124","Andre","Andre",0,3.2179,420,119
"2013","st","Rogaland","Sola","Sola","1124","Andre2","Andre2",0,0,0,0
"2013","st","Rogaland","Randaberg","Randaberg","1127","A","Arbeiderpartiet",1,21.55971,1233,324
"2013","st","Rogaland","Randaberg","Randaberg","1127","SV","Sosialistisk Venstreparti",1,2.22067,127,31
"2013","st","Rogaland","Randaberg","Randaberg","1127","RØDT","Rødt",1,0.29725,17,5
"2013","st","Rogaland","Randaberg","Randaberg","1127","SP","Senterpartiet",1,4.35391,249,43
"2013","st","Rogaland","Randaberg","Randaberg","1127","KRF","Kristelig Folkeparti",1,13.18412,754,208
"2013","st","Rogaland","Randaberg","Randaberg","1127","V","Venstre",1,4.73859,271,63
"2013","st","Rogaland","Randaberg","Randaberg","1127","H","Høyre",1,32.68054,1869,496
"2013","st","Rogaland","Randaberg","Randaberg","1127","FRP","Fremskrittspartiet",1,17.73037,1014,269
"2013","st","Rogaland","Randaberg","Randaberg","1127","DEMN","Demokratene i Norge",2,0.05246,3,3
"2013","st","Rogaland","Randaberg","Randaberg","1127","DLF","Det Liberale Folkepartiet",2,0.03497,2,2
"2013","st","Rogaland","Randaberg","Randaberg","1127","KRISTNE","De Kristne",2,0.87428,50,20
"2013","st","Rogaland","Randaberg","Randaberg","1127","KSP","Kristent Samlingsparti",2,0.10491,6,2
"2013","st","Rogaland","Randaberg","Randaberg","1127","KYST","Kystpartiet",2,0.05246,3,0
"2013","st","Rogaland","Randaberg","Randaberg","1127","MDG","Miljøpartiet De Grønne",2,1.67862,96,28
"2013","st","Rogaland","Randaberg","Randaberg","1127","NKP","Norges Kommunistiske Parti",2,0,0,0
"2013","st","Rogaland","Randaberg","Randaberg","1127","PIR","Piratpartiet",2,0.26228,15,4
"2013","st","Rogaland","Randaberg","Randaberg","1127","PP","Pensjonistpartiet",2,0.17486,10,4
"2013","st","Rogaland","Randaberg","Randaberg","1127","BLANKE","Blanke",3,0.45462,26,7
"2013","st","Rogaland","Randaberg","Randaberg","1127","Andre","Andre",0,3.23483,185,63
"2013","st","Rogaland","Randaberg","Randaberg","1127","Andre2","Andre2",0,0,0,0
"2013","st","Rogaland","Forsand","Forsand","1129","A","Arbeiderpartiet",1,18.10089,122,32
"2013","st","Rogaland","Forsand","Forsand","1129","SV","Sosialistisk Venstreparti",1,2.37389,16,3
"2013","st","Rogaland","Forsand","Forsand","1129","RØDT","Rødt",1,0.14837,1,0
"2013","st","Rogaland","Forsand","Forsand","1129","SP","Senterpartiet",1,11.42433,77,11
"2013","st","Rogaland","Forsand","Forsand","1129","KRF","Kristelig Folkeparti",1,22.84866,154,32
"2013","st","Rogaland","Forsand","Forsand","1129","V","Venstre",1,2.81899,19,6
"2013","st","Rogaland","Forsand","Forsand","1129","H","Høyre",1,21.36499,144,40
"2013","st","Rogaland","Forsand","Forsand","1129","FRP","Fremskrittspartiet",1,14.98516,101,28
"2013","st","Rogaland","Forsand","Forsand","1129","DEMN","Demokratene i Norge",2,0.4451,3,0
"2013","st","Rogaland","Forsand","Forsand","1129","DLF","Det Liberale Folkepartiet",2,0,0,0
"2013","st","Rogaland","Forsand","Forsand","1129","KRISTNE","De Kristne",2,3.7092,25,9
"2013","st","Rogaland","Forsand","Forsand","1129","KSP","Kristent Samlingsparti",2,0.29674,2,0
"2013","st","Rogaland","Forsand","Forsand","1129","KYST","Kystpartiet",2,0,0,0
"2013","st","Rogaland","Forsand","Forsand","1129","MDG","Miljøpartiet De Grønne",2,1.03858,7,1
"2013","st","Rogaland","Forsand","Forsand","1129","NKP","Norges Kommunistiske Parti",2,0,0,0
"2013","st","Rogaland","Forsand","Forsand","1129","PIR","Piratpartiet",2,0.14837,1,1
"2013","st","Rogaland","Forsand","Forsand","1129","PP","Pensjonistpartiet",2,0.29674,2,2
"2013","st","Rogaland","Forsand","Forsand","1129","BLANKE","Blanke",3,0.14837,1,0
"2013","st","Rogaland","Forsand","Forsand","1129","Andre","Andre",0,5.93472,40,13
"2013","st","Rogaland","Forsand","Forsand","1129","Andre2","Andre2",0,0,0,0
"2013","st","Rogaland","Strand","Strand","1130","A","Arbeiderpartiet",1,20.24089,1294,220
"2013","st","Rogaland","Strand","Strand","1130","SV","Sosialistisk Venstreparti",1,2.65916,170,35
"2013","st","Rogaland","Strand","Strand","1130","RØDT","Rødt",1,0.23463,15,3
"2013","st","Rogaland","Strand","Strand","1130","SP","Senterpartiet",1,4.48929,287,37
"2013","st","Rogaland","Strand","Strand","1130","KRF","Kristelig Folkeparti",1,18.41076,1177,243
"2013","st","Rogaland","Strand","Strand","1130","V","Venstre",1,3.22227,206,36
"2013","st","Rogaland","Strand","Strand","1130","H","Høyre",1,25.91897,1657,366
"2013","st","Rogaland","Strand","Strand","1130","FRP","Fremskrittspartiet",1,20.13139,1287,288
"2013","st","Rogaland","Strand","Strand","1130","DEMN","Demokratene i Norge",2,0.07821,5,1
"2013","st","Rogaland","Strand","Strand","1130","DLF","Det Liberale Folkepartiet",2,0.07821,5,2
"2013","st","Rogaland","Strand","Strand","1130","KRISTNE","De Kristne",2,1.8927,121,35
"2013","st","Rogaland","Strand","Strand","1130","KSP","Kristent Samlingsparti",2,0.20335,13,0
"2013","st","Rogaland","Strand","Strand","1130","KYST","Kystpartiet",2,0.01564,1,0
"2013","st","Rogaland","Strand","Strand","1130","MDG","Miljøpartiet De Grønne",2,2.03347,130,31
"2013","st","Rogaland","Strand","Strand","1130","NKP","Norges Kommunistiske Parti",2,0,0,0
"2013","st","Rogaland","Strand","Strand","1130","PIR","Piratpartiet",2,0.15642,10,4
"2013","st","Rogaland","Strand","Strand","1130","PP","Pensjonistpartiet",2,0.23463,15,4
"2013","st","Rogaland","Strand","Strand","1130","BLANKE","Blanke",3,0.31284,20,4
"2013","st","Rogaland","Strand","Strand","1130","Andre","Andre",0,4.69263,300,77
"2013","st","Rogaland","Strand","Strand","1130","Andre2","Andre2",0,0,0,0
"2013","st","Rogaland","Hjelmeland","Hjelmeland","1133","A","Arbeiderpartiet",1,16.78225,242,60
"2013","st","Rogaland","Hjelmeland","Hjelmeland","1133","SV","Sosialistisk Venstreparti",1,3.32871,48,16
"2013","st","Rogaland","Hjelmeland","Hjelmeland","1133","RØDT","Rødt",1,0.1387,2,0
"2013","st","Rogaland","Hjelmeland","Hjelmeland","1133","SP","Senterpartiet",1,27.8086,401,79
"2013","st","Rogaland","Hjelmeland","Hjelmeland","1133","KRF","Kristelig Folkeparti",1,18.03051,260,56
"2013","st","Rogaland","Hjelmeland","Hjelmeland","1133","V","Venstre",1,2.21914,32,5
"2013","st","Rogaland","Hjelmeland","Hjelmeland","1133","H","Høyre",1,16.08877,232,62
"2013","st","Rogaland","Hjelmeland","Hjelmeland","1133","FRP","Fremskrittspartiet",1,12.20527,176,38
"2013","st","Rogaland","Hjelmeland","Hjelmeland","1133","DEMN","Demokratene i Norge",2,0.06935,1,0
"2013","st","Rogaland","Hjelmeland","Hjelmeland","1133","DLF","Det Liberale Folkepartiet",2,0.1387,2,1
"2013","st","Rogaland","Hjelmeland","Hjelmeland","1133","KRISTNE","De Kristne",2,0.20804,3,0
"2013","st","Rogaland","Hjelmeland","Hjelmeland","1133","KSP","Kristent Samlingsparti",2,0.1387,2,1
"2013","st","Rogaland","Hjelmeland","Hjelmeland","1133","KYST","Kystpartiet",2,0.1387,2,0
"2013","st","Rogaland","Hjelmeland","Hjelmeland","1133","MDG","Miljøpartiet De Grønne",2,2.21914,32,9
"2013","st","Rogaland","Hjelmeland","Hjelmeland","1133","NKP","Norges Kommunistiske Parti",2,0,0,0
"2013","st","Rogaland","Hjelmeland","Hjelmeland","1133","PIR","Piratpartiet",2,0.34674,5,3
"2013","st","Rogaland","Hjelmeland","Hjelmeland","1133","PP","Pensjonistpartiet",2,0.1387,2,0
"2013","st","Rogaland","Hjelmeland","Hjelmeland","1133","BLANKE","Blanke",3,0.34674,5,0
"2013","st","Rogaland","Hjelmeland","Hjelmeland","1133","Andre","Andre",0,3.39806,49,14
"2013","st","Rogaland","Hjelmeland","Hjelmeland","1133","Andre2","Andre2",0,0,0,0
"2013","st","Rogaland","Suldal","Suldal","1134","A","Arbeiderpartiet",1,21.89239,472,112
"2013","st","Rogaland","Suldal","Suldal","1134","SV","Sosialistisk Venstreparti",1,5.70501,123,36
"2013","st","Rogaland","Suldal","Suldal","1134","RØDT","Rødt",1,0.5102,11,5
"2013","st","Rogaland","Suldal","Suldal","1134","SP","Senterpartiet",1,25.60297,552,98
"2013","st","Rogaland","Suldal","Suldal","1134","KRF","Kristelig Folkeparti",1,13.63636,294,68
"2013","st","Rogaland","Suldal","Suldal","1134","V","Venstre",1,4.73098,102,26
"2013","st","Rogaland","Suldal","Suldal","1134","H","Høyre",1,13.5436,292,77
"2013","st","Rogaland","Suldal","Suldal","1134","FRP","Fremskrittspartiet",1,10.57514,228,58
"2013","st","Rogaland","Suldal","Suldal","1134","DEMN","Demokratene i Norge",2,0,0,0
"2013","st","Rogaland","Suldal","Suldal","1134","DLF","Det Liberale Folkepartiet",2,0,0,0
"2013","st","Rogaland","Suldal","Suldal","1134","KRISTNE","De Kristne",2,1.2987,28,9
"2013","st","Rogaland","Suldal","Suldal","1134","KSP","Kristent Samlingsparti",2,0.18553,4,1
"2013","st","Rogaland","Suldal","Suldal","1134","KYST","Kystpartiet",2,0.13915,3,1
"2013","st","Rogaland","Suldal","Suldal","1134","MDG","Miljøpartiet De Grønne",2,1.80891,39,17
"2013","st","Rogaland","Suldal","Suldal","1134","NKP","Norges Kommunistiske Parti",2,0,0,0
"2013","st","Rogaland","Suldal","Suldal","1134","PIR","Piratpartiet",2,0.13915,3,1
"2013","st","Rogaland","Suldal","Suldal","1134","PP","Pensjonistpartiet",2,0.23191,5,2
"2013","st","Rogaland","Suldal","Suldal","1134","BLANKE","Blanke",3,0.32468,7,3
"2013","st","Rogaland","Suldal","Suldal","1134","Andre","Andre",0,3.80334,82,31
"2013","st","Rogaland","Suldal","Suldal","1134","Andre2","Andre2",0,0,0,0
"2013","st","Rogaland","Sauda","Sauda","1135","A","Arbeiderpartiet",1,39.41818,1084,325
"2013","st","Rogaland","Sauda","Sauda","1135","SV","Sosialistisk Venstreparti",1,3.67273,101,31
"2013","st","Rogaland","Sauda","Sauda","1135","RØDT","Rødt",1,0.50909,14,9
"2013","st","Rogaland","Sauda","Sauda","1135","SP","Senterpartiet",1,7.30909,201,39
"2013","st","Rogaland","Sauda","Sauda","1135","KRF","Kristelig Folkeparti",1,6.58182,181,60
"2013","st","Rogaland","Sauda","Sauda","1135","V","Venstre",1,3.78182,104,34
"2013","st","Rogaland","Sauda","Sauda","1135","H","Høyre",1,22.21818,611,188
"2013","st","Rogaland","Sauda","Sauda","1135","FRP","Fremskrittspartiet",1,13.30909,366,129
"2013","st","Rogaland","Sauda","Sauda","1135","DEMN","Demokratene i Norge",2,0.14545,4,1
"2013","st","Rogaland","Sauda","Sauda","1135","DLF","Det Liberale Folkepartiet",2,0,0,0
"2013","st","Rogaland","Sauda","Sauda","1135","KRISTNE","De Kristne",2,0.29091,8,4
"2013","st","Rogaland","Sauda","Sauda","1135","KSP","Kristent Samlingsparti",2,0.21818,6,1
"2013","st","Rogaland","Sauda","Sauda","1135","KYST","Kystpartiet",2,0,0,0
"2013","st","Rogaland","Sauda","Sauda","1135","MDG","Miljøpartiet De Grønne",2,1.67273,46,24
"2013","st","Rogaland","Sauda","Sauda","1135","NKP","Norges Kommunistiske Parti",2,0.03636,1,0
"2013","st","Rogaland","Sauda","Sauda","1135","PIR","Piratpartiet",2,0.36364,10,6
"2013","st","Rogaland","Sauda","Sauda","1135","PP","Pensjonistpartiet",2,0.47273,13,5
"2013","st","Rogaland","Sauda","Sauda","1135","BLANKE","Blanke",3,0.58182,16,5
"2013","st","Rogaland","Sauda","Sauda","1135","Andre","Andre",0,3.2,88,41
"2013","st","Rogaland","Sauda","Sauda","1135","Andre2","Andre2",0,0,0,0
"2013","st","Rogaland","Finnøy","Finnøy","1141","A","Arbeiderpartiet",1,12.89753,219,45
"2013","st","Rogaland","Finnøy","Finnøy","1141","SV","Sosialistisk Venstreparti",1,2.65018,45,11
"2013","st","Rogaland","Finnøy","Finnøy","1141","RØDT","Rødt",1,0.05889,1,0
"2013","st","Rogaland","Finnøy","Finnøy","1141","SP","Senterpartiet",1,23.96938,407,55
"2013","st","Rogaland","Finnøy","Finnøy","1141","KRF","Kristelig Folkeparti",1,26.2073,445,101
"2013","st","Rogaland","Finnøy","Finnøy","1141","V","Venstre",1,4.18139,71,10
"2013","st","Rogaland","Finnøy","Finnøy","1141","H","Høyre",1,15.6066,265,67
"2013","st","Rogaland","Finnøy","Finnøy","1141","FRP","Fremskrittspartiet",1,10.07067,171,44
"2013","st","Rogaland","Finnøy","Finnøy","1141","DEMN","Demokratene i Norge",2,0.05889,1,0
"2013","st","Rogaland","Finnøy","Finnøy","1141","DLF","Det Liberale Folkepartiet",2,0.05889,1,0
"2013","st","Rogaland","Finnøy","Finnøy","1141","KRISTNE","De Kristne",2,1.47232,25,3
"2013","st","Rogaland","Finnøy","Finnøy","1141","KSP","Kristent Samlingsparti",2,0.17668,3,1
"2013","st","Rogaland","Finnøy","Finnøy","1141","KYST","Kystpartiet",2,0.05889,1,0
"2013","st","Rogaland","Finnøy","Finnøy","1141","MDG","Miljøpartiet De Grønne",2,2.06125,35,12
"2013","st","Rogaland","Finnøy","Finnøy","1141","NKP","Norges Kommunistiske Parti",2,0,0,0
"2013","st","Rogaland","Finnøy","Finnøy","1141","PIR","Piratpartiet",2,0.29446,5,3
"2013","st","Rogaland","Finnøy","Finnøy","1141","PP","Pensjonistpartiet",2,0.17668,3,1
"2013","st","Rogaland","Finnøy","Finnøy","1141","BLANKE","Blanke",3,0.29446,5,1
"2013","st","Rogaland","Finnøy","Finnøy","1141","Andre","Andre",0,4.35807,74,20
"2013","st","Rogaland","Finnøy","Finnøy","1141","Andre2","Andre2",0,0,0,0
"2013","st","Rogaland","Rennesøy","Rennesøy","1142","A","Arbeiderpartiet",1,17.99363,452,83
"2013","st","Rogaland","Rennesøy","Rennesøy","1142","SV","Sosialistisk Venstreparti",1,2.74682,69,12
"2013","st","Rogaland","Rennesøy","Rennesøy","1142","RØDT","Rødt",1,0.31847,8,2
"2013","st","Rogaland","Rennesøy","Rennesøy","1142","SP","Senterpartiet",1,11.6242,292,51
"2013","st","Rogaland","Rennesøy","Rennesøy","1142","KRF","Kristelig Folkeparti",1,11.26592,283,60
"2013","st","Rogaland","Rennesøy","Rennesøy","1142","V","Venstre",1,3.26433,82,14
"2013","st","Rogaland","Rennesøy","Rennesøy","1142","H","Høyre",1,32.72293,822,116
"2013","st","Rogaland","Rennesøy","Rennesøy","1142","FRP","Fremskrittspartiet",1,17.99363,452,81
"2013","st","Rogaland","Rennesøy","Rennesøy","1142","DEMN","Demokratene i Norge",2,0,0,0
"2013","st","Rogaland","Rennesøy","Rennesøy","1142","DLF","Det Liberale Folkepartiet",2,0,0,0
"2013","st","Rogaland","Rennesøy","Rennesøy","1142","KRISTNE","De Kristne",2,0.39809,10,5
"2013","st","Rogaland","Rennesøy","Rennesøy","1142","KSP","Kristent Samlingsparti",2,0.11943,3,2
"2013","st","Rogaland","Rennesøy","Rennesøy","1142","KYST","Kystpartiet",2,0.07962,2,0
"2013","st","Rogaland","Rennesøy","Rennesøy","1142","MDG","Miljøpartiet De Grønne",2,1.23408,31,6
"2013","st","Rogaland","Rennesøy","Rennesøy","1142","NKP","Norges Kommunistiske Parti",2,0,0,0
"2013","st","Rogaland","Rennesøy","Rennesøy","1142","PIR","Piratpartiet",2,0.07962,2,2
"2013","st","Rogaland","Rennesøy","Rennesøy","1142","PP","Pensjonistpartiet",2,0.15924,4,2
"2013","st","Rogaland","Rennesøy","Rennesøy","1142","BLANKE","Blanke",3,0.51752,13,2
"2013","st","Rogaland","Rennesøy","Rennesøy","1142","Andre","Andre",0,2.07006,52,17
"2013","st","Rogaland","Rennesøy","Rennesøy","1142","Andre2","Andre2",0,0,0,0
"2013","st","Rogaland","Kvitsøy","Kvitsøy","1144","A","Arbeiderpartiet",1,21.63743,74,11
"2013","st","Rogaland","Kvitsøy","Kvitsøy","1144","SV","Sosialistisk Venstreparti",1,2.33918,8,2
"2013","st","Rogaland","Kvitsøy","Kvitsøy","1144","RØDT","Rødt",1,0.5848,2,2
"2013","st","Rogaland","Kvitsøy","Kvitsøy","1144","SP","Senterpartiet",1,4.67836,16,4
"2013","st","Rogaland","Kvitsøy","Kvitsøy","1144","KRF","Kristelig Folkeparti",1,22.80702,78,10
"2013","st","Rogaland","Kvitsøy","Kvitsøy","1144","V","Venstre",1,4.09357,14,2
"2013","st","Rogaland","Kvitsøy","Kvitsøy","1144","H","Høyre",1,15.20468,52,5
"2013","st","Rogaland","Kvitsøy","Kvitsøy","1144","FRP","Fremskrittspartiet",1,23.68421,81,15
"2013","st","Rogaland","Kvitsøy","Kvitsøy","1144","DEMN","Demokratene i Norge",2,0,0,0
"2013","st","Rogaland","Kvitsøy","Kvitsøy","1144","DLF","Det Liberale Folkepartiet",2,0,0,0
"2013","st","Rogaland","Kvitsøy","Kvitsøy","1144","KRISTNE","De Kristne",2,2.92398,10,2
"2013","st","Rogaland","Kvitsøy","Kvitsøy","1144","KSP","Kristent Samlingsparti",2,0,0,0
"2013","st","Rogaland","Kvitsøy","Kvitsøy","1144","KYST","Kystpartiet",2,0,0,0
"2013","st","Rogaland","Kvitsøy","Kvitsøy","1144","MDG","Miljøpartiet De Grønne",2,1.46199,5,1
"2013","st","Rogaland","Kvitsøy","Kvitsøy","1144","NKP","Norges Kommunistiske Parti",2,0.2924,1,1
"2013","st","Rogaland","Kvitsøy","Kvitsøy","1144","PIR","Piratpartiet",2,0.2924,1,1
"2013","st","Rogaland","Kvitsøy","Kvitsøy","1144","PP","Pensjonistpartiet",2,0,0,0
"2013","st","Rogaland","Kvitsøy","Kvitsøy","1144","BLANKE","Blanke",3,0,0,0
"2013","st","Rogaland","Kvitsøy","Kvitsøy","1144","Andre","Andre",0,4.97076,17,5
"2013","st","Rogaland","Kvitsøy","Kvitsøy","1144","Andre2","Andre2",0,0,0,0
"2013","st","Rogaland","Bokn","Bokn","1145","A","Arbeiderpartiet",1,17.56198,85,17
"2013","st","Rogaland","Bokn","Bokn","1145","SV","Sosialistisk Venstreparti",1,2.27273,11,4
"2013","st","Rogaland","Bokn","Bokn","1145","RØDT","Rødt",1,0.41322,2,1
"2013","st","Rogaland","Bokn","Bokn","1145","SP","Senterpartiet",1,25.82645,125,30
"2013","st","Rogaland","Bokn","Bokn","1145","KRF","Kristelig Folkeparti",1,9.71074,47,5
"2013","st","Rogaland","Bokn","Bokn","1145","V","Venstre",1,2.06612,10,4
"2013","st","Rogaland","Bokn","Bokn","1145","H","Høyre",1,22.93388,111,41
"2013","st","Rogaland","Bokn","Bokn","1145","FRP","Fremskrittspartiet",1,15.70248,76,22
"2013","st","Rogaland","Bokn","Bokn","1145","DEMN","Demokratene i Norge",2,0,0,0
"2013","st","Rogaland","Bokn","Bokn","1145","DLF","Det Liberale Folkepartiet",2,0,0,0
"2013","st","Rogaland","Bokn","Bokn","1145","KRISTNE","De Kristne",2,1.65289,8,2
"2013","st","Rogaland","Bokn","Bokn","1145","KSP","Kristent Samlingsparti",2,0,0,0
"2013","st","Rogaland","Bokn","Bokn","1145","KYST","Kystpartiet",2,0.61983,3,0
"2013","st","Rogaland","Bokn","Bokn","1145","MDG","Miljøpartiet De Grønne",2,1.03306,5,2
"2013","st","Rogaland","Bokn","Bokn","1145","NKP","Norges Kommunistiske Parti",2,0,0,0
"2013","st","Rogaland","Bokn","Bokn","1145","PIR","Piratpartiet",2,0.20661,1,0
"2013","st","Rogaland","Bokn","Bokn","1145","PP","Pensjonistpartiet",2,0,0,0
"2013","st","Rogaland","Bokn","Bokn","1145","BLANKE","Blanke",3,0.61983,3,0
"2013","st","Rogaland","Bokn","Bokn","1145","Andre","Andre",0,3.5124,17,4
"2013","st","Rogaland","Bokn","Bokn","1145","Andre2","Andre2",0,0,0,0
"2013","st","Rogaland","Tysvær","Tysvær","1146","A","Arbeiderpartiet",1,22.54434,1322,416
"2013","st","Rogaland","Tysvær","Tysvær","1146","SV","Sosialistisk Venstreparti",1,1.56889,92,41
"2013","st","Rogaland","Tysvær","Tysvær","1146","RØDT","Rødt",1,0.23874,14,6
"2013","st","Rogaland","Tysvær","Tysvær","1146","SP","Senterpartiet",1,8.93588,524,144
"2013","st","Rogaland","Tysvær","Tysvær","1146","KRF","Kristelig Folkeparti",1,11.28922,662,195
"2013","st","Rogaland","Tysvær","Tysvær","1146","V","Venstre",1,3.63233,213,68
"2013","st","Rogaland","Tysvær","Tysvær","1146","H","Høyre",1,27.72851,1626,474
"2013","st","Rogaland","Tysvær","Tysvær","1146","FRP","Fremskrittspartiet",1,19.32128,1133,330
"2013","st","Rogaland","Tysvær","Tysvær","1146","DEMN","Demokratene i Norge",2,0.05116,3,0
"2013","st","Rogaland","Tysvær","Tysvær","1146","DLF","Det Liberale Folkepartiet",2,0.06821,4,2
"2013","st","Rogaland","Tysvær","Tysvær","1146","KRISTNE","De Kristne",2,1.63711,96,41
"2013","st","Rogaland","Tysvær","Tysvær","1146","KSP","Kristent Samlingsparti",2,0.10232,6,3
"2013","st","Rogaland","Tysvær","Tysvær","1146","KYST","Kystpartiet",2,0.18759,11,3
"2013","st","Rogaland","Tysvær","Tysvær","1146","MDG","Miljøpartiet De Grønne",2,1.62005,95,38
"2013","st","Rogaland","Tysvær","Tysvær","1146","NKP","Norges Kommunistiske Parti",2,0.11937,7,4
"2013","st","Rogaland","Tysvær","Tysvær","1146","PIR","Piratpartiet",2,0.15348,9,2
"2013","st","Rogaland","Tysvær","Tysvær","1146","PP","Pensjonistpartiet",2,0.8015,47,23
"2013","st","Rogaland","Tysvær","Tysvær","1146","BLANKE","Blanke",3,0.40928,24,7
"2013","st","Rogaland","Tysvær","Tysvær","1146","Andre","Andre",0,4.74079,278,116
"2013","st","Rogaland","Tysvær","Tysvær","1146","Andre2","Andre2",0,0,0,0
"2013","st","Rogaland","Karmøy","Karmøy","1149","A","Arbeiderpartiet",1,21.05853,4695,1401
"2013","st","Rogaland","Karmøy","Karmøy","1149","SV","Sosialistisk Venstreparti",1,1.87486,418,144
"2013","st","Rogaland","Karmøy","Karmøy","1149","RØDT","Rødt",1,0.24669,55,16
"2013","st","Rogaland","Karmøy","Karmøy","1149","SP","Senterpartiet",1,2.22023,495,112
"2013","st","Rogaland","Karmøy","Karmøy","1149","KRF","Kristelig Folkeparti",1,14.11976,3148,834
"2013","st","Rogaland","Karmøy","Karmøy","1149","V","Venstre",1,2.89751,646,214
"2013","st","Rogaland","Karmøy","Karmøy","1149","H","Høyre",1,27.46804,6124,1944
"2013","st","Rogaland","Karmøy","Karmøy","1149","FRP","Fremskrittspartiet",1,25.88921,5772,1857
"2013","st","Rogaland","Karmøy","Karmøy","1149","DEMN","Demokratene i Norge",2,0.03588,8,2
"2013","st","Rogaland","Karmøy","Karmøy","1149","DLF","Det Liberale Folkepartiet",2,0.08074,18,6
"2013","st","Rogaland","Karmøy","Karmøy","1149","KRISTNE","De Kristne",2,1.69096,377,139
"2013","st","Rogaland","Karmøy","Karmøy","1149","KSP","Kristent Samlingsparti",2,0.13904,31,4
"2013","st","Rogaland","Karmøy","Karmøy","1149","KYST","Kystpartiet",2,0.06728,15,1
"2013","st","Rogaland","Karmøy","Karmøy","1149","MDG","Miljøpartiet De Grønne",2,1.1617,259,94
"2013","st","Rogaland","Karmøy","Karmøy","1149","NKP","Norges Kommunistiske Parti",2,0.01346,3,2
"2013","st","Rogaland","Karmøy","Karmøy","1149","PIR","Piratpartiet",2,0.30052,67,17
"2013","st","Rogaland","Karmøy","Karmøy","1149","PP","Pensjonistpartiet",2,0.73559,164,55
"2013","st","Rogaland","Karmøy","Karmøy","1149","BLANKE","Blanke",3,0.32743,73,19
"2013","st","Rogaland","Karmøy","Karmøy","1149","Andre","Andre",0,4.22516,942,320
"2013","st","Rogaland","Karmøy","Karmøy","1149","Andre2","Andre2",0,0,0,0
"2013","st","Rogaland","Utsira","Utsira","1151","A","Arbeiderpartiet",1,41.13475,58,25
"2013","st","Rogaland","Utsira","Utsira","1151","SV","Sosialistisk Venstreparti",1,2.83688,4,3
"2013","st","Rogaland","Utsira","Utsira","1151","RØDT","Rødt",1,0.70922,1,0
"2013","st","Rogaland","Utsira","Utsira","1151","SP","Senterpartiet",1,14.1844,20,5
"2013","st","Rogaland","Utsira","Utsira","1151","KRF","Kristelig Folkeparti",1,6.38298,9,7
"2013","st","Rogaland","Utsira","Utsira","1151","V","Venstre",1,2.83688,4,2
"2013","st","Rogaland","Utsira","Utsira","1151","H","Høyre",1,21.98582,31,13
"2013","st","Rogaland","Utsira","Utsira","1151","FRP","Fremskrittspartiet",1,6.38298,9,5
"2013","st","Rogaland","Utsira","Utsira","1151","DEMN","Demokratene i Norge",2,0,0,0
"2013","st","Rogaland","Utsira","Utsira","1151","DLF","Det Liberale Folkepartiet",2,0,0,0
"2013","st","Rogaland","Utsira","Utsira","1151","KRISTNE","De Kristne",2,0,0,0
"2013","st","Rogaland","Utsira","Utsira","1151","KSP","Kristent Samlingsparti",2,0.70922,1,0
"2013","st","Rogaland","Utsira","Utsira","1151","KYST","Kystpartiet",2,2.12766,3,2
"2013","st","Rogaland","Utsira","Utsira","1151","MDG","Miljøpartiet De Grønne",2,0,0,0
"2013","st","Rogaland","Utsira","Utsira","1151","NKP","Norges Kommunistiske Parti",2,0,0,0
"2013","st","Rogaland","Utsira","Utsira","1151","PIR","Piratpartiet",2,0,0,0
"2013","st","Rogaland","Utsira","Utsira","1151","PP","Pensjonistpartiet",2,0.70922,1,1
"2013","st","Rogaland","Utsira","Utsira","1151","BLANKE","Blanke",3,1.41844,2,1
"2013","st","Rogaland","Utsira","Utsira","1151","Andre","Andre",0,3.5461,5,3
"2013","st","Rogaland","Utsira","Utsira","1151","Andre2","Andre2",0,0,0,0
"2013","st","Rogaland","Vindafjord","Vindafjord","1160","A","Arbeiderpartiet",1,19.92999,911,193
"2013","st","Rogaland","Vindafjord","Vindafjord","1160","SV","Sosialistisk Venstreparti",1,2.47211,113,32
"2013","st","Rogaland","Vindafjord","Vindafjord","1160","RØDT","Rødt",1,0.21877,10,2
"2013","st","Rogaland","Vindafjord","Vindafjord","1160","SP","Senterpartiet",1,20.67381,945,133
"2013","st","Rogaland","Vindafjord","Vindafjord","1160","KRF","Kristelig Folkeparti",1,12.4918,571,125
"2013","st","Rogaland","Vindafjord","Vindafjord","1160","V","Venstre",1,2.58149,118,31
"2013","st","Rogaland","Vindafjord","Vindafjord","1160","H","Høyre",1,23.23343,1062,234
"2013","st","Rogaland","Vindafjord","Vindafjord","1160","FRP","Fremskrittspartiet",1,15.11704,691,151
"2013","st","Rogaland","Vindafjord","Vindafjord","1160","DEMN","Demokratene i Norge",2,0.08751,4,0
"2013","st","Rogaland","Vindafjord","Vindafjord","1160","DLF","Det Liberale Folkepartiet",2,0.06563,3,0
"2013","st","Rogaland","Vindafjord","Vindafjord","1160","KRISTNE","De Kristne",2,1.13761,52,13
"2013","st","Rogaland","Vindafjord","Vindafjord","1160","KSP","Kristent Samlingsparti",2,0.32816,15,1
"2013","st","Rogaland","Vindafjord","Vindafjord","1160","KYST","Kystpartiet",2,0.04375,2,2
"2013","st","Rogaland","Vindafjord","Vindafjord","1160","MDG","Miljøpartiet De Grønne",2,0.98447,45,16
"2013","st","Rogaland","Vindafjord","Vindafjord","1160","NKP","Norges Kommunistiske Parti",2,0.02188,1,0
"2013","st","Rogaland","Vindafjord","Vindafjord","1160","PIR","Piratpartiet",2,0.21877,10,3
"2013","st","Rogaland","Vindafjord","Vindafjord","1160","PP","Pensjonistpartiet",2,0.39379,18,3
"2013","st","Rogaland","Vindafjord","Vindafjord","1160","BLANKE","Blanke",3,0.19689,9,4
"2013","st","Rogaland","Vindafjord","Vindafjord","1160","Andre","Andre",0,3.28156,150,38
"2013","st","Rogaland","Vindafjord","Vindafjord","1160","Andre2","Andre2",0,0,0,0
"2013","st","Hordaland","Bergen","Uoppgitt krets","0000","A","Arbeiderpartiet",1,24.95198,14549,14548
"2013","st","Hordaland","Bergen","Uoppgitt krets","0000","SV","Sosialistisk Venstreparti",1,5.71963,3335,3335
"2013","st","Hordaland","Bergen","Uoppgitt krets","0000","RØDT","Rødt",1,1.32743,774,773
"2013","st","Hordaland","Bergen","Uoppgitt krets","0000","SP","Senterpartiet",1,1.77163,1033,1033
"2013","st","Hordaland","Bergen","Uoppgitt krets","0000","KRF","Kristelig Folkeparti",1,5.76079,3359,3357
"2013","st","Hordaland","Bergen","Uoppgitt krets","0000","V","Venstre",1,6.07292,3541,3541
"2013","st","Hordaland","Bergen","Uoppgitt krets","0000","H","Høyre",1,34.32634,20015,20008
"2013","st","Hordaland","Bergen","Uoppgitt krets","0000","FRP","Fremskrittspartiet",1,14.25019,8309,8307
"2013","st","Hordaland","Bergen","Uoppgitt krets","0000","DEMN","Demokratene i Norge",2,0.07889,46,46
"2013","st","Hordaland","Bergen","Uoppgitt krets","0000","KRISTNE","De Kristne",2,0.61227,357,357
"2013","st","Hordaland","Bergen","Uoppgitt krets","0000","KYST","Kystpartiet",2,0.07546,44,44
"2013","st","Hordaland","Bergen","Uoppgitt krets","0000","MDG","Miljøpartiet De Grønne",2,4.27043,2490,2490
"2013","st","Hordaland","Bergen","Uoppgitt krets","0000","NKP","Norges Kommunistiske Parti",2,0.0566,33,33
"2013","st","Hordaland","Bergen","Uoppgitt krets","0000","PIR","Piratpartiet",2,0.331,193,193
"2013","st","Hordaland","Bergen","Uoppgitt krets","0000","PP","Pensjonistpartiet",2,0.3533,206,206
"2013","st","Hordaland","Bergen","Uoppgitt krets","0000","BLANKE","Blanke",3,0.40989,239,239
"2013","st","Hordaland","Bergen","Uoppgitt krets","0000","FOLKEM","Folkemakten",3,0.04116,24,24
"2013","st","Hordaland","Bergen","Uoppgitt krets","0000","Andre","Andre",0,5.8191,3393,3393
"2013","st","Hordaland","Bergen","Uoppgitt krets","0000","Andre2","Andre2",0,0,0,0
"2013","st","Hordaland","Bergen","Bergen rådhus","0001","A","Arbeiderpartiet",1,24.21586,1243,0
"2013","st","Hordaland","Bergen","Bergen rådhus","0001","SV","Sosialistisk Venstreparti",1,13.65673,701,0
"2013","st","Hordaland","Bergen","Bergen rådhus","0001","RØDT","Rødt",1,3.25346,167,0
"2013","st","Hordaland","Bergen","Bergen rådhus","0001","SP","Senterpartiet",1,1.94818,100,0
"2013","st","Hordaland","Bergen","Bergen rådhus","0001","KRF","Kristelig Folkeparti",1,3.97428,204,0
"2013","st","Hordaland","Bergen","Bergen rådhus","0001","V","Venstre",1,11.90337,611,0
"2013","st","Hordaland","Bergen","Bergen rådhus","0001","H","Høyre",1,24.62498,1264,0
"2013","st","Hordaland","Bergen","Bergen rådhus","0001","FRP","Fremskrittspartiet",1,6.11728,314,0
"2013","st","Hordaland","Bergen","Bergen rådhus","0001","DEMN","Demokratene i Norge",2,0.09741,5,0
"2013","st","Hordaland","Bergen","Bergen rådhus","0001","KRISTNE","De Kristne",2,0.40912,21,0
"2013","st","Hordaland","Bergen","Bergen rådhus","0001","KYST","Kystpartiet",2,0.05845,3,0
"2013","st","Hordaland","Bergen","Bergen rådhus","0001","MDG","Miljøpartiet De Grønne",2,8.27976,425,0
"2013","st","Hordaland","Bergen","Bergen rådhus","0001","NKP","Norges Kommunistiske Parti",2,0.09741,5,0
"2013","st","Hordaland","Bergen","Bergen rådhus","0001","PIR","Piratpartiet",2,1.22735,63,0
"2013","st","Hordaland","Bergen","Bergen rådhus","0001","PP","Pensjonistpartiet",2,0.09741,5,0
"2013","st","Hordaland","Bergen","Bergen rådhus","0001","BLANKE","Blanke",3,0.89616,46,0
"2013","st","Hordaland","Bergen","Bergen rådhus","0001","FOLKEM","Folkemakten",3,0.03896,2,0
"2013","st","Hordaland","Bergen","Bergen rådhus","0001","Andre","Andre",0,10.30586,529,0
"2013","st","Hordaland","Bergen","Bergen rådhus","0001","Andre2","Andre2",0,0,0,0
"2013","st","Hordaland","Bergen","Møhlenpris valgkrets","0002","A","Arbeiderpartiet",1,24.45355,358,0
"2013","st","Hordaland","Bergen","Møhlenpris valgkrets","0002","SV","Sosialistisk Venstreparti",1,17.69126,259,0
"2013","st","Hordaland","Bergen","Møhlenpris valgkrets","0002","RØDT","Rødt",1,3.68852,54,0
"2013","st","Hordaland","Bergen","Møhlenpris valgkrets","0002","SP","Senterpartiet",1,1.70765,25,0
"2013","st","Hordaland","Bergen","Møhlenpris valgkrets","0002","KRF","Kristelig Folkeparti",1,2.86885,42,0
"2013","st","Hordaland","Bergen","Møhlenpris valgkrets","0002","V","Venstre",1,11.3388,166,0
"2013","st","Hordaland","Bergen","Møhlenpris valgkrets","0002","H","Høyre",1,19.80874,290,0
"2013","st","Hordaland","Bergen","Møhlenpris valgkrets","0002","FRP","Fremskrittspartiet",1,7.71858,113,0
"2013","st","Hordaland","Bergen","Møhlenpris valgkrets","0002","DEMN","Demokratene i Norge",2,0,0,0
"2013","st","Hordaland","Bergen","Møhlenpris valgkrets","0002","KRISTNE","De Kristne",2,0.47814,7,0
"2013","st","Hordaland","Bergen","Møhlenpris valgkrets","0002","KYST","Kystpartiet",2,0.06831,1,0
"2013","st","Hordaland","Bergen","Møhlenpris valgkrets","0002","MDG","Miljøpartiet De Grønne",2,8.94809,131,0
"2013","st","Hordaland","Bergen","Møhlenpris valgkrets","0002","NKP","Norges Kommunistiske Parti",2,0.13661,2,0
"2013","st","Hordaland","Bergen","Møhlenpris valgkrets","0002","PIR","Piratpartiet",2,0.88798,13,0
"2013","st","Hordaland","Bergen","Møhlenpris valgkrets","0002","PP","Pensjonistpartiet",2,0.06831,1,0
"2013","st","Hordaland","Bergen","Møhlenpris valgkrets","0002","BLANKE","Blanke",3,0.61475,9,0
"2013","st","Hordaland","Bergen","Møhlenpris valgkrets","0002","FOLKEM","Folkemakten",3,0.13661,2,0
"2013","st","Hordaland","Bergen","Møhlenpris valgkrets","0002","Andre","Andre",0,10.72404,157,0
"2013","st","Hordaland","Bergen","Møhlenpris valgkrets","0002","Andre2","Andre2",0,0,0,0
"2013","st","Hordaland","Bergen","Nordnes valgkrets","0003","A","Arbeiderpartiet",1,24.48513,428,0
"2013","st","Hordaland","Bergen","Nordnes valgkrets","0003","SV","Sosialistisk Venstreparti",1,14.18764,248,0
"2013","st","Hordaland","Bergen","Nordnes valgkrets","0003","RØDT","Rødt",1,3.20366,56,0
"2013","st","Hordaland","Bergen","Nordnes valgkrets","0003","SP","Senterpartiet",1,2.23112,39,0
"2013","st","Hordaland","Bergen","Nordnes valgkrets","0003","KRF","Kristelig Folkeparti",1,3.20366,56,0
"2013","st","Hordaland","Bergen","Nordnes valgkrets","0003","V","Venstre",1,11.32723,198,0
"2013","st","Hordaland","Bergen","Nordnes valgkrets","0003","H","Høyre",1,24.48513,428,0
"2013","st","Hordaland","Bergen","Nordnes valgkrets","0003","FRP","Fremskrittspartiet",1,8.46682,148,0
"2013","st","Hordaland","Bergen","Nordnes valgkrets","0003","DEMN","Demokratene i Norge",2,0,0,0
"2013","st","Hordaland","Bergen","Nordnes valgkrets","0003","KRISTNE","De Kristne",2,0.05721,1,0
"2013","st","Hordaland","Bergen","Nordnes valgkrets","0003","KYST","Kystpartiet",2,0,0,0
"2013","st","Hordaland","Bergen","Nordnes valgkrets","0003","MDG","Miljøpartiet De Grønne",2,7.49428,131,0
"2013","st","Hordaland","Bergen","Nordnes valgkrets","0003","NKP","Norges Kommunistiske Parti",2,0,0,0
"2013","st","Hordaland","Bergen","Nordnes valgkrets","0003","PIR","Piratpartiet",2,0.62929,11,0
"2013","st","Hordaland","Bergen","Nordnes valgkrets","0003","PP","Pensjonistpartiet",2,0.22883,4,0
"2013","st","Hordaland","Bergen","Nordnes valgkrets","0003","BLANKE","Blanke",3,0.57208,10,0
"2013","st","Hordaland","Bergen","Nordnes valgkrets","0003","FOLKEM","Folkemakten",3,0,0,0
"2013","st","Hordaland","Bergen","Nordnes valgkrets","0003","Andre","Andre",0,8.40961,147,0
"2013","st","Hordaland","Bergen","Nordnes valgkrets","0003","Andre2","Andre2",0,0,0,0
"2013","st","Hordaland","Bergen","Haukeland valgkrets","0004","A","Arbeiderpartiet",1,18.11401,340,0
"2013","st","Hordaland","Bergen","Haukeland valgkrets","0004","SV","Sosialistisk Venstreparti",1,9.53649,179,0
"2013","st","Hordaland","Bergen","Haukeland valgkrets","0004","RØDT","Rødt",1,1.43847,27,0
"2013","st","Hordaland","Bergen","Haukeland valgkrets","0004","SP","Senterpartiet",1,2.45072,46,0
"2013","st","Hordaland","Bergen","Haukeland valgkrets","0004","KRF","Kristelig Folkeparti",1,7.56526,142,0
"2013","st","Hordaland","Bergen","Haukeland valgkrets","0004","V","Venstre",1,9.80288,184,0
"2013","st","Hordaland","Bergen","Haukeland valgkrets","0004","H","Høyre",1,37.93287,712,0
"2013","st","Hordaland","Bergen","Haukeland valgkrets","0004","FRP","Fremskrittspartiet",1,6.97922,131,0
"2013","st","Hordaland","Bergen","Haukeland valgkrets","0004","DEMN","Demokratene i Norge",2,0.10655,2,0
"2013","st","Hordaland","Bergen","Haukeland valgkrets","0004","KRISTNE","De Kristne",2,0.47949,9,0
"2013","st","Hordaland","Bergen","Haukeland valgkrets","0004","KYST","Kystpartiet",2,0.15983,3,0
"2013","st","Hordaland","Bergen","Haukeland valgkrets","0004","MDG","Miljøpartiet De Grønne",2,4.95471,93,0
"2013","st","Hordaland","Bergen","Haukeland valgkrets","0004","NKP","Norges Kommunistiske Parti",2,0.05328,1,0
"2013","st","Hordaland","Bergen","Haukeland valgkrets","0004","PIR","Piratpartiet",2,0.42621,8,0
"2013","st","Hordaland","Bergen","Haukeland valgkrets","0004","PP","Pensjonistpartiet",2,0,0,0
"2013","st","Hordaland","Bergen","Haukeland valgkrets","0004","BLANKE","Blanke",3,0.26638,5,0
"2013","st","Hordaland","Bergen","Haukeland valgkrets","0004","FOLKEM","Folkemakten",3,0,0,0
"2013","st","Hordaland","Bergen","Haukeland valgkrets","0004","Andre","Andre",0,6.18007,116,0
"2013","st","Hordaland","Bergen","Haukeland valgkrets","0004","Andre2","Andre2",0,0,0,0
"2013","st","Hordaland","Bergen","Ny Krohnborg valgkrets","0007","A","Arbeiderpartiet",1,25.34454,754,0
"2013","st","Hordaland","Bergen","Ny Krohnborg valgkrets","0007","SV","Sosialistisk Venstreparti",1,10.52101,313,0
"2013","st","Hordaland","Bergen","Ny Krohnborg valgkrets","0007","RØDT","Rødt",1,2.58824,77,0
"2013","st","Hordaland","Bergen","Ny Krohnborg valgkrets","0007","SP","Senterpartiet",1,2.62185,78,0
"2013","st","Hordaland","Bergen","Ny Krohnborg valgkrets","0007","KRF","Kristelig Folkeparti",1,5.94958,177,0
"2013","st","Hordaland","Bergen","Ny Krohnborg valgkrets","0007","V","Venstre",1,8.20168,244,0
"2013","st","Hordaland","Bergen","Ny Krohnborg valgkrets","0007","H","Høyre",1,23.86555,710,0
"2013","st","Hordaland","Bergen","Ny Krohnborg valgkrets","0007","FRP","Fremskrittspartiet",1,11.86555,353,0
"2013","st","Hordaland","Bergen","Ny Krohnborg valgkrets","0007","DEMN","Demokratene i Norge",2,0.13445,4,0
"2013","st","Hordaland","Bergen","Ny Krohnborg valgkrets","0007","KRISTNE","De Kristne",2,0.63866,19,0
"2013","st","Hordaland","Bergen","Ny Krohnborg valgkrets","0007","KYST","Kystpartiet",2,0.06723,2,0
"2013","st","Hordaland","Bergen","Ny Krohnborg valgkrets","0007","MDG","Miljøpartiet De Grønne",2,6.62185,197,0
"2013","st","Hordaland","Bergen","Ny Krohnborg valgkrets","0007","NKP","Norges Kommunistiske Parti",2,0.13445,4,0
"2013","st","Hordaland","Bergen","Ny Krohnborg valgkrets","0007","PIR","Piratpartiet",2,0.94118,28,0
"2013","st","Hordaland","Bergen","Ny Krohnborg valgkrets","0007","PP","Pensjonistpartiet",2,0.16807,5,0
"2013","st","Hordaland","Bergen","Ny Krohnborg valgkrets","0007","BLANKE","Blanke",3,0.94118,28,0
"2013","st","Hordaland","Bergen","Ny Krohnborg valgkrets","0007","FOLKEM","Folkemakten",3,0.33613,10,0
"2013","st","Hordaland","Bergen","Ny Krohnborg valgkrets","0007","Andre","Andre",0,9.04202,269,0
"2013","st","Hordaland","Bergen","Ny Krohnborg valgkrets","0007","Andre2","Andre2",0,0,0,0
"2013","st","Hordaland","Bergen","Bønes valgkrets","0009","A","Arbeiderpartiet",1,23.25026,681,0
"2013","st","Hordaland","Bergen","Bønes valgkrets","0009","SV","Sosialistisk Venstreparti",1,6.04302,177,0
"2013","st","Hordaland","Bergen","Bønes valgkrets","0009","RØDT","Rødt",1,0.44384,13,0
"2013","st","Hordaland","Bergen","Bønes valgkrets","0009","SP","Senterpartiet",1,1.50222,44,0
"2013","st","Hordaland","Bergen","Bønes valgkrets","0009","KRF","Kristelig Folkeparti",1,7.71594,226,0
"2013","st","Hordaland","Bergen","Bønes valgkrets","0009","V","Venstre",1,8.19392,240,0
"2013","st","Hordaland","Bergen","Bønes valgkrets","0009","H","Høyre",1,38.44315,1126,0
"2013","st","Hordaland","Bergen","Bønes valgkrets","0009","FRP","Fremskrittspartiet",1,10.54968,309,0
"2013","st","Hordaland","Bergen","Bønes valgkrets","0009","DEMN","Demokratene i Norge",2,0.03414,1,0
"2013","st","Hordaland","Bergen","Bønes valgkrets","0009","KRISTNE","De Kristne",2,0.92182,27,0
"2013","st","Hordaland","Bergen","Bønes valgkrets","0009","KYST","Kystpartiet",2,0,0,0
"2013","st","Hordaland","Bergen","Bønes valgkrets","0009","MDG","Miljøpartiet De Grønne",2,2.45818,72,0
"2013","st","Hordaland","Bergen","Bønes valgkrets","0009","NKP","Norges Kommunistiske Parti",2,0.10242,3,0
"2013","st","Hordaland","Bergen","Bønes valgkrets","0009","PIR","Piratpartiet",2,0.30727,9,0
"2013","st","Hordaland","Bergen","Bønes valgkrets","0009","PP","Pensjonistpartiet",2,0.03414,1,0
"2013","st","Hordaland","Bergen","Bønes valgkrets","0009","BLANKE","Blanke",3,0.20485,6,0
"2013","st","Hordaland","Bergen","Bønes valgkrets","0009","FOLKEM","Folkemakten",3,0,0,0
"2013","st","Hordaland","Bergen","Bønes valgkrets","0009","Andre","Andre",0,3.85797,113,0
"2013","st","Hordaland","Bergen","Bønes valgkrets","0009","Andre2","Andre2",0,0,0,0
"2013","st","Hordaland","Bergen","Landås valgkrets","0013","A","Arbeiderpartiet",1,26.90693,769,0
"2013","st","Hordaland","Bergen","Landås valgkrets","0013","SV","Sosialistisk Venstreparti",1,9.62211,275,0
"2013","st","Hordaland","Bergen","Landås valgkrets","0013","RØDT","Rødt",1,1.43457,41,0
"2013","st","Hordaland","Bergen","Landås valgkrets","0013","SP","Senterpartiet",1,2.20434,63,0
"2013","st","Hordaland","Bergen","Landås valgkrets","0013","KRF","Kristelig Folkeparti",1,6.82295,195,0
"2013","st","Hordaland","Bergen","Landås valgkrets","0013","V","Venstre",1,9.83205,281,0
"2013","st","Hordaland","Bergen","Landås valgkrets","0013","H","Høyre",1,27.43177,784,0
"2013","st","Hordaland","Bergen","Landås valgkrets","0013","FRP","Fremskrittspartiet",1,8.74738,250,0
"2013","st","Hordaland","Bergen","Landås valgkrets","0013","DEMN","Demokratene i Norge",2,0,0,0
"2013","st","Hordaland","Bergen","Landås valgkrets","0013","KRISTNE","De Kristne",2,0.24493,7,0
"2013","st","Hordaland","Bergen","Landås valgkrets","0013","KYST","Kystpartiet",2,0,0,0
"2013","st","Hordaland","Bergen","Landås valgkrets","0013","MDG","Miljøpartiet De Grønne",2,6.26312,179,0
"2013","st","Hordaland","Bergen","Landås valgkrets","0013","NKP","Norges Kommunistiske Parti",2,0.03499,1,0
"2013","st","Hordaland","Bergen","Landås valgkrets","0013","PIR","Piratpartiet",2,0.20994,6,0
"2013","st","Hordaland","Bergen","Landås valgkrets","0013","PP","Pensjonistpartiet",2,0.13996,4,0
"2013","st","Hordaland","Bergen","Landås valgkrets","0013","BLANKE","Blanke",3,0.41987,12,0
"2013","st","Hordaland","Bergen","Landås valgkrets","0013","FOLKEM","Folkemakten",3,0.10497,3,0
"2013","st","Hordaland","Bergen","Landås valgkrets","0013","Andre","Andre",0,6.9979,200,0
"2013","st","Hordaland","Bergen","Landås valgkrets","0013","Andre2","Andre2",0,0,0,0
"2013","st","Hordaland","Bergen","Slettebakken valgkrets","0014","A","Arbeiderpartiet",1,29.03653,1097,0
"2013","st","Hordaland","Bergen","Slettebakken valgkrets","0014","SV","Sosialistisk Venstreparti",1,10.16411,384,0
"2013","st","Hordaland","Bergen","Slettebakken valgkrets","0014","RØDT","Rødt",1,1.32345,50,0
"2013","st","Hordaland","Bergen","Slettebakken valgkrets","0014","SP","Senterpartiet",1,2.06458,78,0
"2013","st","Hordaland","Bergen","Slettebakken valgkrets","0014","KRF","Kristelig Folkeparti",1,6.85548,259,0
"2013","st","Hordaland","Bergen","Slettebakken valgkrets","0014","V","Venstre",1,8.68184,328,0
"2013","st","Hordaland","Bergen","Slettebakken valgkrets","0014","H","Høyre",1,24.82795,938,0
"2013","st","Hordaland","Bergen","Slettebakken valgkrets","0014","FRP","Fremskrittspartiet",1,9.82001,371,0
"2013","st","Hordaland","Bergen","Slettebakken valgkrets","0014","DEMN","Demokratene i Norge",2,0,0,0
"2013","st","Hordaland","Bergen","Slettebakken valgkrets","0014","KRISTNE","De Kristne",2,0.60879,23,0
"2013","st","Hordaland","Bergen","Slettebakken valgkrets","0014","KYST","Kystpartiet",2,0.10588,4,0
"2013","st","Hordaland","Bergen","Slettebakken valgkrets","0014","MDG","Miljøpartiet De Grønne",2,5.66437,214,0
"2013","st","Hordaland","Bergen","Slettebakken valgkrets","0014","NKP","Norges Kommunistiske Parti",2,0.02647,1,0
"2013","st","Hordaland","Bergen","Slettebakken valgkrets","0014","PIR","Piratpartiet",2,0.58232,22,0
"2013","st","Hordaland","Bergen","Slettebakken valgkrets","0014","PP","Pensjonistpartiet",2,0.21175,8,0
"2013","st","Hordaland","Bergen","Slettebakken valgkrets","0014","BLANKE","Blanke",3,0.47644,18,0
"2013","st","Hordaland","Bergen","Slettebakken valgkrets","0014","FOLKEM","Folkemakten",3,0.02647,1,0
"2013","st","Hordaland","Bergen","Slettebakken valgkrets","0014","Andre","Andre",0,7.22605,273,0
"2013","st","Hordaland","Bergen","Slettebakken valgkrets","0014","Andre2","Andre2",0,0,0,0
"2013","st","Hordaland","Bergen","Gimle valgkrets","0015","A","Arbeiderpartiet",1,26.68121,734,0
"2013","st","Hordaland","Bergen","Gimle valgkrets","0015","SV","Sosialistisk Venstreparti",1,10.79607,297,0
"2013","st","Hordaland","Bergen","Gimle valgkrets","0015","RØDT","Rødt",1,1.56307,43,0
"2013","st","Hordaland","Bergen","Gimle valgkrets","0015","SP","Senterpartiet",1,2.14467,59,0
"2013","st","Hordaland","Bergen","Gimle valgkrets","0015","KRF","Kristelig Folkeparti",1,6.21592,171,0
"2013","st","Hordaland","Bergen","Gimle valgkrets","0015","V","Venstre",1,9.66921,266,0
"2013","st","Hordaland","Bergen","Gimle valgkrets","0015","H","Høyre",1,26.49945,729,0
"2013","st","Hordaland","Bergen","Gimle valgkrets","0015","FRP","Fremskrittspartiet",1,9.52381,262,0
"2013","st","Hordaland","Bergen","Gimle valgkrets","0015","DEMN","Demokratene i Norge",2,0.0727,2,0
"2013","st","Hordaland","Bergen","Gimle valgkrets","0015","KRISTNE","De Kristne",2,0.2908,8,0
"2013","st","Hordaland","Bergen","Gimle valgkrets","0015","KYST","Kystpartiet",2,0.03635,1,0
"2013","st","Hordaland","Bergen","Gimle valgkrets","0015","MDG","Miljøpartiet De Grønne",2,5.52526,152,0
"2013","st","Hordaland","Bergen","Gimle valgkrets","0015","NKP","Norges Kommunistiske Parti",2,0.03635,1,0
"2013","st","Hordaland","Bergen","Gimle valgkrets","0015","PIR","Piratpartiet",2,0.61796,17,0
"2013","st","Hordaland","Bergen","Gimle valgkrets","0015","PP","Pensjonistpartiet",2,0.1454,4,0
"2013","st","Hordaland","Bergen","Gimle valgkrets","0015","BLANKE","Blanke",3,0.65431,18,0
"2013","st","Hordaland","Bergen","Gimle valgkrets","0015","FOLKEM","Folkemakten",3,0.18175,5,0
"2013","st","Hordaland","Bergen","Gimle valgkrets","0015","Andre","Andre",0,6.90658,190,0
"2013","st","Hordaland","Bergen","Gimle valgkrets","0015","Andre2","Andre2",0,0,0,0
"2013","st","Hordaland","Bergen","Hellen valgkrets","0018","A","Arbeiderpartiet",1,25.41634,641,0
"2013","st","Hordaland","Bergen","Hellen valgkrets","0018","SV","Sosialistisk Venstreparti",1,7.17684,181,0
"2013","st","Hordaland","Bergen","Hellen valgkrets","0018","RØDT","Rødt",1,0.79302,20,0
"2013","st","Hordaland","Bergen","Hellen valgkrets","0018","SP","Senterpartiet",1,1.90325,48,0
"2013","st","Hordaland","Bergen","Hellen valgkrets","0018","KRF","Kristelig Folkeparti",1,5.07534,128,0
"2013","st","Hordaland","Bergen","Hellen valgkrets","0018","V","Venstre",1,8.28707,209,0
"2013","st","Hordaland","Bergen","Hellen valgkrets","0018","H","Høyre",1,35.68596,900,0
"2013","st","Hordaland","Bergen","Hellen valgkrets","0018","FRP","Fremskrittspartiet",1,9.95242,251,0
"2013","st","Hordaland","Bergen","Hellen valgkrets","0018","DEMN","Demokratene i Norge",2,0,0,0
"2013","st","Hordaland","Bergen","Hellen valgkrets","0018","KRISTNE","De Kristne",2,0.43616,11,0
"2013","st","Hordaland","Bergen","Hellen valgkrets","0018","KYST","Kystpartiet",2,0.03965,1,0
"2013","st","Hordaland","Bergen","Hellen valgkrets","0018","MDG","Miljøpartiet De Grønne",2,4.83743,122,0
"2013","st","Hordaland","Bergen","Hellen valgkrets","0018","NKP","Norges Kommunistiske Parti",2,0.03965,1,0
"2013","st","Hordaland","Bergen","Hellen valgkrets","0018","PIR","Piratpartiet",2,0.19826,5,0
"2013","st","Hordaland","Bergen","Hellen valgkrets","0018","PP","Pensjonistpartiet",2,0.11895,3,0
"2013","st","Hordaland","Bergen","Hellen valgkrets","0018","BLANKE","Blanke",3,0.31721,8,0
"2013","st","Hordaland","Bergen","Hellen valgkrets","0018","FOLKEM","Folkemakten",3,0.03965,1,0
"2013","st","Hordaland","Bergen","Hellen valgkrets","0018","Andre","Andre",0,5.70975,144,0
"2013","st","Hordaland","Bergen","Hellen valgkrets","0018","Andre2","Andre2",0,0,0,0
"2013","st","Hordaland","Bergen","Rothaugen valgkrets","0019","A","Arbeiderpartiet",1,25.04265,734,0
"2013","st","Hordaland","Bergen","Rothaugen valgkrets","0019","SV","Sosialistisk Venstreparti",1,13.95428,409,0
"2013","st","Hordaland","Bergen","Rothaugen valgkrets","0019","RØDT","Rødt",1,2.59297,76,0
"2013","st","Hordaland","Bergen","Rothaugen valgkrets","0019","SP","Senterpartiet",1,1.53531,45,0
"2013","st","Hordaland","Bergen","Rothaugen valgkrets","0019","KRF","Kristelig Folkeparti",1,3.88946,114,0
"2013","st","Hordaland","Bergen","Rothaugen valgkrets","0019","V","Venstre",1,9.34835,274,0
"2013","st","Hordaland","Bergen","Rothaugen valgkrets","0019","H","Høyre",1,25.86148,758,0
"2013","st","Hordaland","Bergen","Rothaugen valgkrets","0019","FRP","Fremskrittspartiet",1,8.87069,260,0
"2013","st","Hordaland","Bergen","Rothaugen valgkrets","0019","DEMN","Demokratene i Norge",2,0.06824,2,0
"2013","st","Hordaland","Bergen","Rothaugen valgkrets","0019","KRISTNE","De Kristne",2,0.51177,15,0
"2013","st","Hordaland","Bergen","Rothaugen valgkrets","0019","KYST","Kystpartiet",2,0.06824,2,0
"2013","st","Hordaland","Bergen","Rothaugen valgkrets","0019","MDG","Miljøpartiet De Grønne",2,7.3695,216,0
"2013","st","Hordaland","Bergen","Rothaugen valgkrets","0019","NKP","Norges Kommunistiske Parti",2,0,0,0
"2013","st","Hordaland","Bergen","Rothaugen valgkrets","0019","PIR","Piratpartiet",2,0.68236,20,0
"2013","st","Hordaland","Bergen","Rothaugen valgkrets","0019","PP","Pensjonistpartiet",2,0.03412,1,0
"2013","st","Hordaland","Bergen","Rothaugen valgkrets","0019","BLANKE","Blanke",3,0.64824,19,0
"2013","st","Hordaland","Bergen","Rothaugen valgkrets","0019","FOLKEM","Folkemakten",3,0.17059,5,0
"2013","st","Hordaland","Bergen","Rothaugen valgkrets","0019","Andre","Andre",0,8.90481,261,0
"2013","st","Hordaland","Bergen","Rothaugen valgkrets","0019","Andre2","Andre2",0,0,0,0
"2013","st","Hordaland","Bergen","Eidsvåg valgkrets","0022","A","Arbeiderpartiet",1,25.10716,410,0
"2013","st","Hordaland","Bergen","Eidsvåg valgkrets","0022","SV","Sosialistisk Venstreparti",1,5.57257,91,0
"2013","st","Hordaland","Bergen","Eidsvåg valgkrets","0022","RØDT","Rødt",1,0.55113,9,0
"2013","st","Hordaland","Bergen","Eidsvåg valgkrets","0022","SP","Senterpartiet",1,1.53092,25,0
"2013","st","Hordaland","Bergen","Eidsvåg valgkrets","0022","KRF","Kristelig Folkeparti",1,5.08267,83,0
"2013","st","Hordaland","Bergen","Eidsvåg valgkrets","0022","V","Venstre",1,8.81813,144,0
"2013","st","Hordaland","Bergen","Eidsvåg valgkrets","0022","H","Høyre",1,36.43601,595,0
"2013","st","Hordaland","Bergen","Eidsvåg valgkrets","0022","FRP","Fremskrittspartiet",1,12.921,211,0
"2013","st","Hordaland","Bergen","Eidsvåg valgkrets","0022","DEMN","Demokratene i Norge",2,0,0,0
"2013","st","Hordaland","Bergen","Eidsvåg valgkrets","0022","KRISTNE","De Kristne",2,0.24495,4,0
"2013","st","Hordaland","Bergen","Eidsvåg valgkrets","0022","KYST","Kystpartiet",2,0,0,0
"2013","st","Hordaland","Bergen","Eidsvåg valgkrets","0022","MDG","Miljøpartiet De Grønne",2,3.18432,52,0
"2013","st","Hordaland","Bergen","Eidsvåg valgkrets","0022","NKP","Norges Kommunistiske Parti",2,0.12247,2,0
"2013","st","Hordaland","Bergen","Eidsvåg valgkrets","0022","PIR","Piratpartiet",2,0.24495,4,0
"2013","st","Hordaland","Bergen","Eidsvåg valgkrets","0022","PP","Pensjonistpartiet",2,0.18371,3,0
"2013","st","Hordaland","Bergen","Eidsvåg valgkrets","0022","BLANKE","Blanke",3,0.24495,4,0
"2013","st","Hordaland","Bergen","Eidsvåg valgkrets","0022","FOLKEM","Folkemakten",3,0,0,0
"2013","st","Hordaland","Bergen","Eidsvåg valgkrets","0022","Andre","Andre",0,3.9804,65,0
"2013","st","Hordaland","Bergen","Eidsvåg valgkrets","0022","Andre2","Andre2",0,0,0,0
"2013","st","Hordaland","Bergen","Tertnes valgkrets","0023","A","Arbeiderpartiet",1,26.54135,706,0
"2013","st","Hordaland","Bergen","Tertnes valgkrets","0023","SV","Sosialistisk Venstreparti",1,5.6015,149,0
"2013","st","Hordaland","Bergen","Tertnes valgkrets","0023","RØDT","Rødt",1,0.41353,11,0
"2013","st","Hordaland","Bergen","Tertnes valgkrets","0023","SP","Senterpartiet",1,2.55639,68,0
"2013","st","Hordaland","Bergen","Tertnes valgkrets","0023","KRF","Kristelig Folkeparti",1,4.17293,111,0
"2013","st","Hordaland","Bergen","Tertnes valgkrets","0023","V","Venstre",1,6.72932,179,0
"2013","st","Hordaland","Bergen","Tertnes valgkrets","0023","H","Høyre",1,36.8797,981,0
"2013","st","Hordaland","Bergen","Tertnes valgkrets","0023","FRP","Fremskrittspartiet",1,13.15789,350,0
"2013","st","Hordaland","Bergen","Tertnes valgkrets","0023","DEMN","Demokratene i Norge",2,0.07519,2,0
"2013","st","Hordaland","Bergen","Tertnes valgkrets","0023","KRISTNE","De Kristne",2,0.6391,17,0
"2013","st","Hordaland","Bergen","Tertnes valgkrets","0023","KYST","Kystpartiet",2,0.15038,4,0
"2013","st","Hordaland","Bergen","Tertnes valgkrets","0023","MDG","Miljøpartiet De Grønne",2,2.81955,75,0
"2013","st","Hordaland","Bergen","Tertnes valgkrets","0023","NKP","Norges Kommunistiske Parti",2,0,0,0
"2013","st","Hordaland","Bergen","Tertnes valgkrets","0023","PIR","Piratpartiet",2,0.18797,5,0
"2013","st","Hordaland","Bergen","Tertnes valgkrets","0023","PP","Pensjonistpartiet",2,0.03759,1,0
"2013","st","Hordaland","Bergen","Tertnes valgkrets","0023","BLANKE","Blanke",3,0.22556,6,0
"2013","st","Hordaland","Bergen","Tertnes valgkrets","0023","FOLKEM","Folkemakten",3,0.03759,1,0
"2013","st","Hordaland","Bergen","Tertnes valgkrets","0023","Andre","Andre",0,3.94737,105,0
"2013","st","Hordaland","Bergen","Tertnes valgkrets","0023","Andre2","Andre2",0,0,0,0
"2013","st","Hordaland","Bergen","Mjølkeråen valgkrets","0024","A","Arbeiderpartiet",1,25.99027,374,0
"2013","st","Hordaland","Bergen","Mjølkeråen valgkrets","0024","SV","Sosialistisk Venstreparti",1,4.51703,65,0
"2013","st","Hordaland","Bergen","Mjølkeråen valgkrets","0024","RØDT","Rødt",1,0.76442,11,0
"2013","st","Hordaland","Bergen","Mjølkeråen valgkrets","0024","SP","Senterpartiet",1,4.795,69,0
"2013","st","Hordaland","Bergen","Mjølkeråen valgkrets","0024","KRF","Kristelig Folkeparti",1,9.58999,138,0
"2013","st","Hordaland","Bergen","Mjølkeråen valgkrets","0024","V","Venstre",1,6.39333,92,0
"2013","st","Hordaland","Bergen","Mjølkeråen valgkrets","0024","H","Høyre",1,31.13273,448,0
"2013","st","Hordaland","Bergen","Mjølkeråen valgkrets","0024","FRP","Fremskrittspartiet",1,14.38499,207,0
"2013","st","Hordaland","Bergen","Mjølkeråen valgkrets","0024","DEMN","Demokratene i Norge",2,0,0,0
"2013","st","Hordaland","Bergen","Mjølkeråen valgkrets","0024","KRISTNE","De Kristne",2,0.34746,5,0
"2013","st","Hordaland","Bergen","Mjølkeråen valgkrets","0024","KYST","Kystpartiet",2,0.06949,1,0
"2013","st","Hordaland","Bergen","Mjølkeråen valgkrets","0024","MDG","Miljøpartiet De Grønne",2,1.8763,27,0
"2013","st","Hordaland","Bergen","Mjølkeråen valgkrets","0024","NKP","Norges Kommunistiske Parti",2,0.06949,1,0
"2013","st","Hordaland","Bergen","Mjølkeråen valgkrets","0024","PIR","Piratpartiet",2,0.06949,1,0
"2013","st","Hordaland","Bergen","Mjølkeråen valgkrets","0024","PP","Pensjonistpartiet",2,0,0,0
"2013","st","Hordaland","Bergen","Mjølkeråen valgkrets","0024","BLANKE","Blanke",3,0.55594,8,0
"2013","st","Hordaland","Bergen","Mjølkeråen valgkrets","0024","FOLKEM","Folkemakten",3,0,0,0
"2013","st","Hordaland","Bergen","Mjølkeråen valgkrets","0024","Andre","Andre",0,2.43224,35,0
"2013","st","Hordaland","Bergen","Mjølkeråen valgkrets","0024","Andre2","Andre2",0,0,0,0
"2013","st","Hordaland","Bergen","Salhus valgkrets","0025","A","Arbeiderpartiet",1,33.05085,117,0
"2013","st","Hordaland","Bergen","Salhus valgkrets","0025","SV","Sosialistisk Venstreparti",1,4.23729,15,0
"2013","st","Hordaland","Bergen","Salhus valgkrets","0025","RØDT","Rødt",1,0.28249,1,0
"2013","st","Hordaland","Bergen","Salhus valgkrets","0025","SP","Senterpartiet",1,2.82486,10,0
"2013","st","Hordaland","Bergen","Salhus valgkrets","0025","KRF","Kristelig Folkeparti",1,6.49718,23,0
"2013","st","Hordaland","Bergen","Salhus valgkrets","0025","V","Venstre",1,3.67232,13,0
"2013","st","Hordaland","Bergen","Salhus valgkrets","0025","H","Høyre",1,29.37853,104,0
"2013","st","Hordaland","Bergen","Salhus valgkrets","0025","FRP","Fremskrittspartiet",1,16.38418,58,0
"2013","st","Hordaland","Bergen","Salhus valgkrets","0025","DEMN","Demokratene i Norge",2,0,0,0
"2013","st","Hordaland","Bergen","Salhus valgkrets","0025","KRISTNE","De Kristne",2,0,0,0
"2013","st","Hordaland","Bergen","Salhus valgkrets","0025","KYST","Kystpartiet",2,0,0,0
"2013","st","Hordaland","Bergen","Salhus valgkrets","0025","MDG","Miljøpartiet De Grønne",2,2.82486,10,0
"2013","st","Hordaland","Bergen","Salhus valgkrets","0025","NKP","Norges Kommunistiske Parti",2,0.28249,1,0
"2013","st","Hordaland","Bergen","Salhus valgkrets","0025","PIR","Piratpartiet",2,0.28249,1,0
"2013","st","Hordaland","Bergen","Salhus valgkrets","0025","PP","Pensjonistpartiet",2,0,0,0
"2013","st","Hordaland","Bergen","Salhus valgkrets","0025","BLANKE","Blanke",3,0.56497,2,0
"2013","st","Hordaland","Bergen","Salhus valgkrets","0025","FOLKEM","Folkemakten",3,0.28249,1,0
"2013","st","Hordaland","Bergen","Salhus valgkrets","0025","Andre","Andre",0,3.67232,13,0
"2013","st","Hordaland","Bergen","Salhus valgkrets","0025","Andre2","Andre2",0,0,0,0
"2013","st","Hordaland","Bergen","Haukedalen valgkrets","0028","A","Arbeiderpartiet",1,30.20979,648,0
"2013","st","Hordaland","Bergen","Haukedalen valgkrets","0028","SV","Sosialistisk Venstreparti",1,4.8951,105,0
"2013","st","Hordaland","Bergen","Haukedalen valgkrets","0028","RØDT","Rødt",1,0.32634,7,0
"2013","st","Hordaland","Bergen","Haukedalen valgkrets","0028","SP","Senterpartiet",1,2.61072,56,0
"2013","st","Hordaland","Bergen","Haukedalen valgkrets","0028","KRF","Kristelig Folkeparti",1,5.92075,127,0
"2013","st","Hordaland","Bergen","Haukedalen valgkrets","0028","V","Venstre",1,6.20047,133,0
"2013","st","Hordaland","Bergen","Haukedalen valgkrets","0028","H","Høyre",1,33.10023,710,0
"2013","st","Hordaland","Bergen","Haukedalen valgkrets","0028","FRP","Fremskrittspartiet",1,12.49417,268,0
"2013","st","Hordaland","Bergen","Haukedalen valgkrets","0028","DEMN","Demokratene i Norge",2,0.04662,1,0
"2013","st","Hordaland","Bergen","Haukedalen valgkrets","0028","KRISTNE","De Kristne",2,0.51282,11,0
"2013","st","Hordaland","Bergen","Haukedalen valgkrets","0028","KYST","Kystpartiet",2,0.09324,2,0
"2013","st","Hordaland","Bergen","Haukedalen valgkrets","0028","MDG","Miljøpartiet De Grønne",2,2.70396,58,0
"2013","st","Hordaland","Bergen","Haukedalen valgkrets","0028","NKP","Norges Kommunistiske Parti",2,0.09324,2,0
"2013","st","Hordaland","Bergen","Haukedalen valgkrets","0028","PIR","Piratpartiet",2,0.60606,13,0
"2013","st","Hordaland","Bergen","Haukedalen valgkrets","0028","PP","Pensjonistpartiet",2,0.18648,4,0
"2013","st","Hordaland","Bergen","Haukedalen valgkrets","0028","BLANKE","Blanke",3,0.27972,6,0
"2013","st","Hordaland","Bergen","Haukedalen valgkrets","0028","FOLKEM","Folkemakten",3,0,0,0
"2013","st","Hordaland","Bergen","Haukedalen valgkrets","0028","Andre","Andre",0,4.24242,91,0
"2013","st","Hordaland","Bergen","Haukedalen valgkrets","0028","Andre2","Andre2",0,0,0,0
"2013","st","Hordaland","Bergen","Hordvik valgkrets","0029","A","Arbeiderpartiet",1,26.0733,249,0
"2013","st","Hordaland","Bergen","Hordvik valgkrets","0029","SV","Sosialistisk Venstreparti",1,3.03665,29,0
"2013","st","Hordaland","Bergen","Hordvik valgkrets","0029","RØDT","Rødt",1,0.41885,4,0
"2013","st","Hordaland","Bergen","Hordvik valgkrets","0029","SP","Senterpartiet",1,3.97906,38,0
"2013","st","Hordaland","Bergen","Hordvik valgkrets","0029","KRF","Kristelig Folkeparti",1,7.53927,72,0
"2013","st","Hordaland","Bergen","Hordvik valgkrets","0029","V","Venstre",1,4.29319,41,0
"2013","st","Hordaland","Bergen","Hordvik valgkrets","0029","H","Høyre",1,34.86911,333,0
"2013","st","Hordaland","Bergen","Hordvik valgkrets","0029","FRP","Fremskrittspartiet",1,15.60209,149,0
"2013","st","Hordaland","Bergen","Hordvik valgkrets","0029","DEMN","Demokratene i Norge",2,0,0,0
"2013","st","Hordaland","Bergen","Hordvik valgkrets","0029","KRISTNE","De Kristne",2,0.62827,6,0
"2013","st","Hordaland","Bergen","Hordvik valgkrets","0029","KYST","Kystpartiet",2,0,0,0
"2013","st","Hordaland","Bergen","Hordvik valgkrets","0029","MDG","Miljøpartiet De Grønne",2,2.40838,23,0
"2013","st","Hordaland","Bergen","Hordvik valgkrets","0029","NKP","Norges Kommunistiske Parti",2,0,0,0
"2013","st","Hordaland","Bergen","Hordvik valgkrets","0029","PIR","Piratpartiet",2,0.73298,7,0
"2013","st","Hordaland","Bergen","Hordvik valgkrets","0029","PP","Pensjonistpartiet",2,0.20942,2,0
"2013","st","Hordaland","Bergen","Hordvik valgkrets","0029","BLANKE","Blanke",3,0.52356,5,0
"2013","st","Hordaland","Bergen","Hordvik valgkrets","0029","FOLKEM","Folkemakten",3,0.20942,2,0
"2013","st","Hordaland","Bergen","Hordvik valgkrets","0029","Andre","Andre",0,4.18848,40,0
"2013","st","Hordaland","Bergen","Hordvik valgkrets","0029","Andre2","Andre2",0,0,0,0
"2013","st","Hordaland","Bergen","Haukås valgkrets","0030","A","Arbeiderpartiet",1,25.42182,226,0
"2013","st","Hordaland","Bergen","Haukås valgkrets","0030","SV","Sosialistisk Venstreparti",1,3.26209,29,0
"2013","st","Hordaland","Bergen","Haukås valgkrets","0030","RØDT","Rødt",1,0.7874,7,0
"2013","st","Hordaland","Bergen","Haukås valgkrets","0030","SP","Senterpartiet",1,2.92463,26,0
"2013","st","Hordaland","Bergen","Haukås valgkrets","0030","KRF","Kristelig Folkeparti",1,5.6243,50,0
"2013","st","Hordaland","Bergen","Haukås valgkrets","0030","V","Venstre",1,4.04949,36,0
"2013","st","Hordaland","Bergen","Haukås valgkrets","0030","H","Høyre",1,36.67042,326,0
"2013","st","Hordaland","Bergen","Haukås valgkrets","0030","FRP","Fremskrittspartiet",1,18.44769,164,0
"2013","st","Hordaland","Bergen","Haukås valgkrets","0030","DEMN","Demokratene i Norge",2,0,0,0
"2013","st","Hordaland","Bergen","Haukås valgkrets","0030","KRISTNE","De Kristne",2,0.67492,6,0
"2013","st","Hordaland","Bergen","Haukås valgkrets","0030","KYST","Kystpartiet",2,0.11249,1,0
"2013","st","Hordaland","Bergen","Haukås valgkrets","0030","MDG","Miljøpartiet De Grønne",2,1.5748,14,0
"2013","st","Hordaland","Bergen","Haukås valgkrets","0030","NKP","Norges Kommunistiske Parti",2,0,0,0
"2013","st","Hordaland","Bergen","Haukås valgkrets","0030","PIR","Piratpartiet",2,0.33746,3,0
"2013","st","Hordaland","Bergen","Haukås valgkrets","0030","PP","Pensjonistpartiet",2,0.11249,1,0
"2013","st","Hordaland","Bergen","Haukås valgkrets","0030","BLANKE","Blanke",3,1.5748,14,0
"2013","st","Hordaland","Bergen","Haukås valgkrets","0030","FOLKEM","Folkemakten",3,0,0,0
"2013","st","Hordaland","Bergen","Haukås valgkrets","0030","Andre","Andre",0,2.81215,25,0
"2013","st","Hordaland","Bergen","Haukås valgkrets","0030","Andre2","Andre2",0,0,0,0
"2013","st","Hordaland","Bergen","Nyborg valgkrets","0031","A","Arbeiderpartiet",1,30.32762,1009,0
"2013","st","Hordaland","Bergen","Nyborg valgkrets","0031","SV","Sosialistisk Venstreparti",1,4.26811,142,0
"2013","st","Hordaland","Bergen","Nyborg valgkrets","0031","RØDT","Rødt",1,0.8416,28,0
"2013","st","Hordaland","Bergen","Nyborg valgkrets","0031","SP","Senterpartiet",1,2.79531,93,0
"2013","st","Hordaland","Bergen","Nyborg valgkrets","0031","KRF","Kristelig Folkeparti",1,7.00331,233,0
"2013","st","Hordaland","Bergen","Nyborg valgkrets","0031","V","Venstre",1,4.98948,166,0
"2013","st","Hordaland","Bergen","Nyborg valgkrets","0031","H","Høyre",1,31.19928,1038,0
"2013","st","Hordaland","Bergen","Nyborg valgkrets","0031","FRP","Fremskrittspartiet",1,15.11873,503,0
"2013","st","Hordaland","Bergen","Nyborg valgkrets","0031","DEMN","Demokratene i Norge",2,0.09017,3,0
"2013","st","Hordaland","Bergen","Nyborg valgkrets","0031","KRISTNE","De Kristne",2,0.66126,22,0
"2013","st","Hordaland","Bergen","Nyborg valgkrets","0031","KYST","Kystpartiet",2,0.06011,2,0
"2013","st","Hordaland","Bergen","Nyborg valgkrets","0031","MDG","Miljøpartiet De Grønne",2,1.92365,64,0
"2013","st","Hordaland","Bergen","Nyborg valgkrets","0031","NKP","Norges Kommunistiske Parti",2,0.03006,1,0
"2013","st","Hordaland","Bergen","Nyborg valgkrets","0031","PIR","Piratpartiet",2,0.4208,14,0
"2013","st","Hordaland","Bergen","Nyborg valgkrets","0031","PP","Pensjonistpartiet",2,0.15029,5,0
"2013","st","Hordaland","Bergen","Nyborg valgkrets","0031","BLANKE","Blanke",3,0.36069,12,0
"2013","st","Hordaland","Bergen","Nyborg valgkrets","0031","FOLKEM","Folkemakten",3,0.12023,4,0
"2013","st","Hordaland","Bergen","Nyborg valgkrets","0031","Andre","Andre",0,3.45657,115,0
"2013","st","Hordaland","Bergen","Nyborg valgkrets","0031","Andre2","Andre2",0,0,0,0
"2013","st","Hordaland","Bergen","Rolland valgkrets","0032","A","Arbeiderpartiet",1,31.06267,456,0
"2013","st","Hordaland","Bergen","Rolland valgkrets","0032","SV","Sosialistisk Venstreparti",1,6.26703,92,0
"2013","st","Hordaland","Bergen","Rolland valgkrets","0032","RØDT","Rødt",1,0.61308,9,0
"2013","st","Hordaland","Bergen","Rolland valgkrets","0032","SP","Senterpartiet",1,2.24796,33,0
"2013","st","Hordaland","Bergen","Rolland valgkrets","0032","KRF","Kristelig Folkeparti",1,5.58583,82,0
"2013","st","Hordaland","Bergen","Rolland valgkrets","0032","V","Venstre",1,5.44959,80,0
"2013","st","Hordaland","Bergen","Rolland valgkrets","0032","H","Høyre",1,30.10899,442,0
"2013","st","Hordaland","Bergen","Rolland valgkrets","0032","FRP","Fremskrittspartiet",1,14.98638,220,0
"2013","st","Hordaland","Bergen","Rolland valgkrets","0032","DEMN","Demokratene i Norge",2,0.06812,1,0
"2013","st","Hordaland","Bergen","Rolland valgkrets","0032","KRISTNE","De Kristne",2,0.47684,7,0
"2013","st","Hordaland","Bergen","Rolland valgkrets","0032","KYST","Kystpartiet",2,0,0,0
"2013","st","Hordaland","Bergen","Rolland valgkrets","0032","MDG","Miljøpartiet De Grønne",2,2.52044,37,0
"2013","st","Hordaland","Bergen","Rolland valgkrets","0032","NKP","Norges Kommunistiske Parti",2,0,0,0
"2013","st","Hordaland","Bergen","Rolland valgkrets","0032","PIR","Piratpartiet",2,0.13624,2,0
"2013","st","Hordaland","Bergen","Rolland valgkrets","0032","PP","Pensjonistpartiet",2,0.3406,5,0
"2013","st","Hordaland","Bergen","Rolland valgkrets","0032","BLANKE","Blanke",3,0.47684,7,0
"2013","st","Hordaland","Bergen","Rolland valgkrets","0032","FOLKEM","Folkemakten",3,0.13624,2,0
"2013","st","Hordaland","Bergen","Rolland valgkrets","0032","Andre","Andre",0,3.67847,54,0
"2013","st","Hordaland","Bergen","Rolland valgkrets","0032","Andre2","Andre2",0,0,0,0
"2013","st","Hordaland","Bergen","Ytre Arna valgkrets","0035","A","Arbeiderpartiet",1,26.4432,284,0
"2013","st","Hordaland","Bergen","Ytre Arna valgkrets","0035","SV","Sosialistisk Venstreparti",1,5.40037,58,0
"2013","st","Hordaland","Bergen","Ytre Arna valgkrets","0035","RØDT","Rødt",1,0.74488,8,0
"2013","st","Hordaland","Bergen","Ytre Arna valgkrets","0035","SP","Senterpartiet",1,2.7933,30,0
"2013","st","Hordaland","Bergen","Ytre Arna valgkrets","0035","KRF","Kristelig Folkeparti",1,8.473,91,0
"2013","st","Hordaland","Bergen","Ytre Arna valgkrets","0035","V","Venstre",1,5.21415,56,0
"2013","st","Hordaland","Bergen","Ytre Arna valgkrets","0035","H","Høyre",1,27.09497,291,0
"2013","st","Hordaland","Bergen","Ytre Arna valgkrets","0035","FRP","Fremskrittspartiet",1,18.80819,202,0
"2013","st","Hordaland","Bergen","Ytre Arna valgkrets","0035","DEMN","Demokratene i Norge",2,0,0,0
"2013","st","Hordaland","Bergen","Ytre Arna valgkrets","0035","KRISTNE","De Kristne",2,1.30354,14,0
"2013","st","Hordaland","Bergen","Ytre Arna valgkrets","0035","KYST","Kystpartiet",2,0.18622,2,0
"2013","st","Hordaland","Bergen","Ytre Arna valgkrets","0035","MDG","Miljøpartiet De Grønne",2,2.32775,25,0
"2013","st","Hordaland","Bergen","Ytre Arna valgkrets","0035","NKP","Norges Kommunistiske Parti",2,0,0,0
"2013","st","Hordaland","Bergen","Ytre Arna valgkrets","0035","PIR","Piratpartiet",2,0.83799,9,0
"2013","st","Hordaland","Bergen","Ytre Arna valgkrets","0035","PP","Pensjonistpartiet",2,0.27933,3,0
"2013","st","Hordaland","Bergen","Ytre Arna valgkrets","0035","BLANKE","Blanke",3,0.65177,7,0
"2013","st","Hordaland","Bergen","Ytre Arna valgkrets","0035","FOLKEM","Folkemakten",3,0.09311,1,0
"2013","st","Hordaland","Bergen","Ytre Arna valgkrets","0035","Andre","Andre",0,5.02793,54,0
"2013","st","Hordaland","Bergen","Ytre Arna valgkrets","0035","Andre2","Andre2",0,0,0,0
"2013","st","Hordaland","Bergen","Indre Arna valgkrets","0036","A","Arbeiderpartiet",1,31.32454,499,0
"2013","st","Hordaland","Bergen","Indre Arna valgkrets","0036","SV","Sosialistisk Venstreparti",1,5.96359,95,0
"2013","st","Hordaland","Bergen","Indre Arna valgkrets","0036","RØDT","Rødt",1,0.69052,11,0
"2013","st","Hordaland","Bergen","Indre Arna valgkrets","0036","SP","Senterpartiet",1,2.95041,47,0
"2013","st","Hordaland","Bergen","Indre Arna valgkrets","0036","KRF","Kristelig Folkeparti",1,6.71689,107,0
"2013","st","Hordaland","Bergen","Indre Arna valgkrets","0036","V","Venstre",1,5.96359,95,0
"2013","st","Hordaland","Bergen","Indre Arna valgkrets","0036","H","Høyre",1,27.80917,443,0
"2013","st","Hordaland","Bergen","Indre Arna valgkrets","0036","FRP","Fremskrittspartiet",1,14.50094,231,0
"2013","st","Hordaland","Bergen","Indre Arna valgkrets","0036","DEMN","Demokratene i Norge",2,0,0,0
"2013","st","Hordaland","Bergen","Indre Arna valgkrets","0036","KRISTNE","De Kristne",2,0.69052,11,0
"2013","st","Hordaland","Bergen","Indre Arna valgkrets","0036","KYST","Kystpartiet",2,0.06277,1,0
"2013","st","Hordaland","Bergen","Indre Arna valgkrets","0036","MDG","Miljøpartiet De Grønne",2,2.76208,44,0
"2013","st","Hordaland","Bergen","Indre Arna valgkrets","0036","NKP","Norges Kommunistiske Parti",2,0.06277,1,0
"2013","st","Hordaland","Bergen","Indre Arna valgkrets","0036","PIR","Piratpartiet",2,0.18832,3,0
"2013","st","Hordaland","Bergen","Indre Arna valgkrets","0036","PP","Pensjonistpartiet",2,0.2511,4,0
"2013","st","Hordaland","Bergen","Indre Arna valgkrets","0036","BLANKE","Blanke",3,0.7533,12,0
"2013","st","Hordaland","Bergen","Indre Arna valgkrets","0036","FOLKEM","Folkemakten",3,0.06277,1,0
"2013","st","Hordaland","Bergen","Indre Arna valgkrets","0036","Andre","Andre",0,4.08035,65,0
"2013","st","Hordaland","Bergen","Indre Arna valgkrets","0036","Andre2","Andre2",0,0,0,0
"2013","st","Hordaland","Bergen","Garnes valgkrets","0037","A","Arbeiderpartiet",1,27.58856,405,0
"2013","st","Hordaland","Bergen","Garnes valgkrets","0037","SV","Sosialistisk Venstreparti",1,4.42779,65,0
"2013","st","Hordaland","Bergen","Garnes valgkrets","0037","RØDT","Rødt",1,0.61308,9,0
"2013","st","Hordaland","Bergen","Garnes valgkrets","0037","SP","Senterpartiet",1,4.42779,65,0
"2013","st","Hordaland","Bergen","Garnes valgkrets","0037","KRF","Kristelig Folkeparti",1,6.33515,93,0
"2013","st","Hordaland","Bergen","Garnes valgkrets","0037","V","Venstre",1,6.40327,94,0
"2013","st","Hordaland","Bergen","Garnes valgkrets","0037","H","Høyre",1,33.78747,496,0
"2013","st","Hordaland","Bergen","Garnes valgkrets","0037","FRP","Fremskrittspartiet",1,12.87466,189,0
"2013","st","Hordaland","Bergen","Garnes valgkrets","0037","DEMN","Demokratene i Norge",2,0.06812,1,0
"2013","st","Hordaland","Bergen","Garnes valgkrets","0037","KRISTNE","De Kristne",2,0.3406,5,0
"2013","st","Hordaland","Bergen","Garnes valgkrets","0037","KYST","Kystpartiet",2,0,0,0
"2013","st","Hordaland","Bergen","Garnes valgkrets","0037","MDG","Miljøpartiet De Grønne",2,2.11172,31,0
"2013","st","Hordaland","Bergen","Garnes valgkrets","0037","NKP","Norges Kommunistiske Parti",2,0,0,0
"2013","st","Hordaland","Bergen","Garnes valgkrets","0037","PIR","Piratpartiet",2,0.74932,11,0
"2013","st","Hordaland","Bergen","Garnes valgkrets","0037","PP","Pensjonistpartiet",2,0.27248,4,0
"2013","st","Hordaland","Bergen","Garnes valgkrets","0037","BLANKE","Blanke",3,0.40872,6,0
"2013","st","Hordaland","Bergen","Garnes valgkrets","0037","FOLKEM","Folkemakten",3,0,0,0
"2013","st","Hordaland","Bergen","Garnes valgkrets","0037","Andre","Andre",0,3.54223,52,0
"2013","st","Hordaland","Bergen","Garnes valgkrets","0037","Andre2","Andre2",0,0,0,0
"2013","st","Hordaland","Bergen","Lone valgkrets","0039","A","Arbeiderpartiet",1,26.2215,322,0
"2013","st","Hordaland","Bergen","Lone valgkrets","0039","SV","Sosialistisk Venstreparti",1,3.6645,45,0
"2013","st","Hordaland","Bergen","Lone valgkrets","0039","RØDT","Rødt",1,0.7329,9,0
"2013","st","Hordaland","Bergen","Lone valgkrets","0039","SP","Senterpartiet",1,3.90879,48,0
"2013","st","Hordaland","Bergen","Lone valgkrets","0039","KRF","Kristelig Folkeparti",1,9.20195,113,0
"2013","st","Hordaland","Bergen","Lone valgkrets","0039","V","Venstre",1,4.07166,50,0
"2013","st","Hordaland","Bergen","Lone valgkrets","0039","H","Høyre",1,29.64169,364,0
"2013","st","Hordaland","Bergen","Lone valgkrets","0039","FRP","Fremskrittspartiet",1,18.07818,222,0
"2013","st","Hordaland","Bergen","Lone valgkrets","0039","DEMN","Demokratene i Norge",2,0.16287,2,0
"2013","st","Hordaland","Bergen","Lone valgkrets","0039","KRISTNE","De Kristne",2,0.89577,11,0
"2013","st","Hordaland","Bergen","Lone valgkrets","0039","KYST","Kystpartiet",2,0,0,0
"2013","st","Hordaland","Bergen","Lone valgkrets","0039","MDG","Miljøpartiet De Grønne",2,2.36156,29,0
"2013","st","Hordaland","Bergen","Lone valgkrets","0039","NKP","Norges Kommunistiske Parti",2,0,0,0
"2013","st","Hordaland","Bergen","Lone valgkrets","0039","PIR","Piratpartiet",2,0.40717,5,0
"2013","st","Hordaland","Bergen","Lone valgkrets","0039","PP","Pensjonistpartiet",2,0.32573,4,0
"2013","st","Hordaland","Bergen","Lone valgkrets","0039","BLANKE","Blanke",3,0.4886,6,0
"2013","st","Hordaland","Bergen","Lone valgkrets","0039","FOLKEM","Folkemakten",3,0.32573,4,0
"2013","st","Hordaland","Bergen","Lone valgkrets","0039","Andre","Andre",0,4.47883,55,0
"2013","st","Hordaland","Bergen","Lone valgkrets","0039","Andre2","Andre2",0,0,0,0
"2013","st","Hordaland","Bergen","Kringlebotn valgkrets","0040","A","Arbeiderpartiet",1,25.62738,337,0
"2013","st","Hordaland","Bergen","Kringlebotn valgkrets","0040","SV","Sosialistisk Venstreparti",1,7.8327,103,0
"2013","st","Hordaland","Bergen","Kringlebotn valgkrets","0040","RØDT","Rødt",1,1.06464,14,0
"2013","st","Hordaland","Bergen","Kringlebotn valgkrets","0040","SP","Senterpartiet",1,2.58555,34,0
"2013","st","Hordaland","Bergen","Kringlebotn valgkrets","0040","KRF","Kristelig Folkeparti",1,5.01901,66,0
"2013","st","Hordaland","Bergen","Kringlebotn valgkrets","0040","V","Venstre",1,8.13688,107,0
"2013","st","Hordaland","Bergen","Kringlebotn valgkrets","0040","H","Høyre",1,35.81749,471,0
"2013","st","Hordaland","Bergen","Kringlebotn valgkrets","0040","FRP","Fremskrittspartiet",1,8.97338,118,0
"2013","st","Hordaland","Bergen","Kringlebotn valgkrets","0040","DEMN","Demokratene i Norge",2,0,0,0
"2013","st","Hordaland","Bergen","Kringlebotn valgkrets","0040","KRISTNE","De Kristne",2,0.30418,4,0
"2013","st","Hordaland","Bergen","Kringlebotn valgkrets","0040","KYST","Kystpartiet",2,0.07605,1,0
"2013","st","Hordaland","Bergen","Kringlebotn valgkrets","0040","MDG","Miljøpartiet De Grønne",2,3.95437,52,0
"2013","st","Hordaland","Bergen","Kringlebotn valgkrets","0040","NKP","Norges Kommunistiske Parti",2,0,0,0
"2013","st","Hordaland","Bergen","Kringlebotn valgkrets","0040","PIR","Piratpartiet",2,0.53232,7,0
"2013","st","Hordaland","Bergen","Kringlebotn valgkrets","0040","PP","Pensjonistpartiet",2,0.07605,1,0
"2013","st","Hordaland","Bergen","Kringlebotn valgkrets","0040","BLANKE","Blanke",3,0.38023,5,0
"2013","st","Hordaland","Bergen","Kringlebotn valgkrets","0040","FOLKEM","Folkemakten",3,0,0,0
"2013","st","Hordaland","Bergen","Kringlebotn valgkrets","0040","Andre","Andre",0,4.94297,65,0
"2013","st","Hordaland","Bergen","Kringlebotn valgkrets","0040","Andre2","Andre2",0,0,0,0
"2013","st","Hordaland","Bergen","Kaland valgkrets","0044","A","Arbeiderpartiet",1,23.60999,293,0
"2013","st","Hordaland","Bergen","Kaland valgkrets","0044","SV","Sosialistisk Venstreparti",1,3.22321,40,0
"2013","st","Hordaland","Bergen","Kaland valgkrets","0044","RØDT","Rødt",1,0.56406,7,0
"2013","st","Hordaland","Bergen","Kaland valgkrets","0044","SP","Senterpartiet",1,4.99597,62,0
"2013","st","Hordaland","Bergen","Kaland valgkrets","0044","KRF","Kristelig Folkeparti",1,6.20467,77,0
"2013","st","Hordaland","Bergen","Kaland valgkrets","0044","V","Venstre",1,4.67365,58,0
"2013","st","Hordaland","Bergen","Kaland valgkrets","0044","H","Høyre",1,33.92425,421,0
"2013","st","Hordaland","Bergen","Kaland valgkrets","0044","FRP","Fremskrittspartiet",1,18.13054,225,0
"2013","st","Hordaland","Bergen","Kaland valgkrets","0044","DEMN","Demokratene i Norge",2,0.24174,3,0
"2013","st","Hordaland","Bergen","Kaland valgkrets","0044","KRISTNE","De Kristne",2,0.56406,7,0
"2013","st","Hordaland","Bergen","Kaland valgkrets","0044","KYST","Kystpartiet",2,0.24174,3,0
"2013","st","Hordaland","Bergen","Kaland valgkrets","0044","MDG","Miljøpartiet De Grønne",2,2.65915,33,0
"2013","st","Hordaland","Bergen","Kaland valgkrets","0044","NKP","Norges Kommunistiske Parti",2,0.08058,1,0
"2013","st","Hordaland","Bergen","Kaland valgkrets","0044","PIR","Piratpartiet",2,0.32232,4,0
"2013","st","Hordaland","Bergen","Kaland valgkrets","0044","PP","Pensjonistpartiet",2,0.24174,3,0
"2013","st","Hordaland","Bergen","Kaland valgkrets","0044","BLANKE","Blanke",3,0.56406,7,0
"2013","st","Hordaland","Bergen","Kaland valgkrets","0044","FOLKEM","Folkemakten",3,0.32232,4,0
"2013","st","Hordaland","Bergen","Kaland valgkrets","0044","Andre","Andre",0,4.67365,58,0
"2013","st","Hordaland","Bergen","Kaland valgkrets","0044","Andre2","Andre2",0,0,0,0
"2013","st","Hordaland","Bergen","Kirkevoll valgkrets","0045","A","Arbeiderpartiet",1,20.80258,451,0
"2013","st","Hordaland","Bergen","Kirkevoll valgkrets","0045","SV","Sosialistisk Venstreparti",1,4.05904,88,0
"2013","st","Hordaland","Bergen","Kirkevoll valgkrets","0045","RØDT","Rødt",1,0.27675,6,0
"2013","st","Hordaland","Bergen","Kirkevoll valgkrets","0045","SP","Senterpartiet",1,2.76753,60,0
"2013","st","Hordaland","Bergen","Kirkevoll valgkrets","0045","KRF","Kristelig Folkeparti",1,6.08856,132,0
"2013","st","Hordaland","Bergen","Kirkevoll valgkrets","0045","V","Venstre",1,8.25646,179,0
"2013","st","Hordaland","Bergen","Kirkevoll valgkrets","0045","H","Høyre",1,38.60701,837,0
"2013","st","Hordaland","Bergen","Kirkevoll valgkrets","0045","FRP","Fremskrittspartiet",1,15.26753,331,0
"2013","st","Hordaland","Bergen","Kirkevoll valgkrets","0045","DEMN","Demokratene i Norge",2,0.04613,1,0
"2013","st","Hordaland","Bergen","Kirkevoll valgkrets","0045","KRISTNE","De Kristne",2,0.32288,7,0
"2013","st","Hordaland","Bergen","Kirkevoll valgkrets","0045","KYST","Kystpartiet",2,0.04613,1,0
"2013","st","Hordaland","Bergen","Kirkevoll valgkrets","0045","MDG","Miljøpartiet De Grønne",2,2.67528,58,0
"2013","st","Hordaland","Bergen","Kirkevoll valgkrets","0045","NKP","Norges Kommunistiske Parti",2,0,0,0
"2013","st","Hordaland","Bergen","Kirkevoll valgkrets","0045","PIR","Piratpartiet",2,0.369,8,0
"2013","st","Hordaland","Bergen","Kirkevoll valgkrets","0045","PP","Pensjonistpartiet",2,0.23063,5,0
"2013","st","Hordaland","Bergen","Kirkevoll valgkrets","0045","BLANKE","Blanke",3,0.369,8,0
"2013","st","Hordaland","Bergen","Kirkevoll valgkrets","0045","FOLKEM","Folkemakten",3,0.1845,4,0
"2013","st","Hordaland","Bergen","Kirkevoll valgkrets","0045","Andre","Andre",0,3.87454,84,0
"2013","st","Hordaland","Bergen","Kirkevoll valgkrets","0045","Andre2","Andre2",0,0,0,0
"2013","st","Hordaland","Bergen","Skjold valgkrets","0048","A","Arbeiderpartiet",1,21.7355,521,0
"2013","st","Hordaland","Bergen","Skjold valgkrets","0048","SV","Sosialistisk Venstreparti",1,4.71423,113,0
"2013","st","Hordaland","Bergen","Skjold valgkrets","0048","RØDT","Rødt",1,0.41719,10,0
"2013","st","Hordaland","Bergen","Skjold valgkrets","0048","SP","Senterpartiet",1,1.75219,42,0
"2013","st","Hordaland","Bergen","Skjold valgkrets","0048","KRF","Kristelig Folkeparti",1,6.80017,163,0
"2013","st","Hordaland","Bergen","Skjold valgkrets","0048","V","Venstre",1,7.21736,173,0
"2013","st","Hordaland","Bergen","Skjold valgkrets","0048","H","Høyre",1,42.30288,1014,0
"2013","st","Hordaland","Bergen","Skjold valgkrets","0048","FRP","Fremskrittspartiet",1,11.18064,268,0
"2013","st","Hordaland","Bergen","Skjold valgkrets","0048","DEMN","Demokratene i Norge",2,0.12516,3,0
"2013","st","Hordaland","Bergen","Skjold valgkrets","0048","KRISTNE","De Kristne",2,0.37547,9,0
"2013","st","Hordaland","Bergen","Skjold valgkrets","0048","KYST","Kystpartiet",2,0,0,0
"2013","st","Hordaland","Bergen","Skjold valgkrets","0048","MDG","Miljøpartiet De Grønne",2,2.71172,65,0
"2013","st","Hordaland","Bergen","Skjold valgkrets","0048","NKP","Norges Kommunistiske Parti",2,0.04172,1,0
"2013","st","Hordaland","Bergen","Skjold valgkrets","0048","PIR","Piratpartiet",2,0.33375,8,0
"2013","st","Hordaland","Bergen","Skjold valgkrets","0048","PP","Pensjonistpartiet",2,0.12516,3,0
"2013","st","Hordaland","Bergen","Skjold valgkrets","0048","BLANKE","Blanke",3,0.33375,8,0
"2013","st","Hordaland","Bergen","Skjold valgkrets","0048","FOLKEM","Folkemakten",3,0.16688,4,0
"2013","st","Hordaland","Bergen","Skjold valgkrets","0048","Andre","Andre",0,3.87985,93,0
"2013","st","Hordaland","Bergen","Skjold valgkrets","0048","Andre2","Andre2",0,0,0,0
"2013","st","Hordaland","Bergen","Nesttun valgkrets","0049","A","Arbeiderpartiet",1,23.90974,943,0
"2013","st","Hordaland","Bergen","Nesttun valgkrets","0049","SV","Sosialistisk Venstreparti",1,6.21197,245,0
"2013","st","Hordaland","Bergen","Nesttun valgkrets","0049","RØDT","Rødt",1,0.70994,28,0
"2013","st","Hordaland","Bergen","Nesttun valgkrets","0049","SP","Senterpartiet",1,2.18053,86,0
"2013","st","Hordaland","Bergen","Nesttun valgkrets","0049","KRF","Kristelig Folkeparti",1,6.74442,266,0
"2013","st","Hordaland","Bergen","Nesttun valgkrets","0049","V","Venstre",1,8.1643,322,0
"2013","st","Hordaland","Bergen","Nesttun valgkrets","0049","H","Høyre",1,34.81237,1373,0
"2013","st","Hordaland","Bergen","Nesttun valgkrets","0049","FRP","Fremskrittspartiet",1,11.23225,443,0
"2013","st","Hordaland","Bergen","Nesttun valgkrets","0049","DEMN","Demokratene i Norge",2,0.12677,5,0
"2013","st","Hordaland","Bergen","Nesttun valgkrets","0049","KRISTNE","De Kristne",2,0.65923,26,0
"2013","st","Hordaland","Bergen","Nesttun valgkrets","0049","KYST","Kystpartiet",2,0.05071,2,0
"2013","st","Hordaland","Bergen","Nesttun valgkrets","0049","MDG","Miljøpartiet De Grønne",2,4.36105,172,0
"2013","st","Hordaland","Bergen","Nesttun valgkrets","0049","NKP","Norges Kommunistiske Parti",2,0.02535,1,0
"2013","st","Hordaland","Bergen","Nesttun valgkrets","0049","PIR","Piratpartiet",2,0.53245,21,0
"2013","st","Hordaland","Bergen","Nesttun valgkrets","0049","PP","Pensjonistpartiet",2,0.20284,8,0
"2013","st","Hordaland","Bergen","Nesttun valgkrets","0049","BLANKE","Blanke",3,0.48174,19,0
"2013","st","Hordaland","Bergen","Nesttun valgkrets","0049","FOLKEM","Folkemakten",3,0.07606,3,0
"2013","st","Hordaland","Bergen","Nesttun valgkrets","0049","Andre","Andre",0,6.03448,238,0
"2013","st","Hordaland","Bergen","Nesttun valgkrets","0049","Andre2","Andre2",0,0,0,0
"2013","st","Hordaland","Bergen","Hop valgkrets","0051","A","Arbeiderpartiet",1,20.60253,212,0
"2013","st","Hordaland","Bergen","Hop valgkrets","0051","SV","Sosialistisk Venstreparti",1,4.7619,49,0
"2013","st","Hordaland","Bergen","Hop valgkrets","0051","RØDT","Rødt",1,0.58309,6,0
"2013","st","Hordaland","Bergen","Hop valgkrets","0051","SP","Senterpartiet",1,0.97182,10,0
"2013","st","Hordaland","Bergen","Hop valgkrets","0051","KRF","Kristelig Folkeparti",1,2.72109,28,0
"2013","st","Hordaland","Bergen","Hop valgkrets","0051","V","Venstre",1,9.52381,98,0
"2013","st","Hordaland","Bergen","Hop valgkrets","0051","H","Høyre",1,46.06414,474,0
"2013","st","Hordaland","Bergen","Hop valgkrets","0051","FRP","Fremskrittspartiet",1,9.42663,97,0
"2013","st","Hordaland","Bergen","Hop valgkrets","0051","DEMN","Demokratene i Norge",2,0,0,0
"2013","st","Hordaland","Bergen","Hop valgkrets","0051","KRISTNE","De Kristne",2,0.09718,1,0
"2013","st","Hordaland","Bergen","Hop valgkrets","0051","KYST","Kystpartiet",2,0,0,0
"2013","st","Hordaland","Bergen","Hop valgkrets","0051","MDG","Miljøpartiet De Grønne",2,4.85909,50,0
"2013","st","Hordaland","Bergen","Hop valgkrets","0051","NKP","Norges Kommunistiske Parti",2,0,0,0
"2013","st","Hordaland","Bergen","Hop valgkrets","0051","PIR","Piratpartiet",2,0.19436,2,0
"2013","st","Hordaland","Bergen","Hop valgkrets","0051","PP","Pensjonistpartiet",2,0.19436,2,0
"2013","st","Hordaland","Bergen","Hop valgkrets","0051","BLANKE","Blanke",3,0.19436,2,0
"2013","st","Hordaland","Bergen","Hop valgkrets","0051","FOLKEM","Folkemakten",3,0,0,0
"2013","st","Hordaland","Bergen","Hop valgkrets","0051","Andre","Andre",0,5.345,55,0
"2013","st","Hordaland","Bergen","Hop valgkrets","0051","Andre2","Andre2",0,0,0,0
"2013","st","Hordaland","Bergen","Paradis valgkrets","0052","A","Arbeiderpartiet",1,19.33962,205,0
"2013","st","Hordaland","Bergen","Paradis valgkrets","0052","SV","Sosialistisk Venstreparti",1,7.35849,78,0
"2013","st","Hordaland","Bergen","Paradis valgkrets","0052","RØDT","Rødt",1,0.84906,9,0
"2013","st","Hordaland","Bergen","Paradis valgkrets","0052","SP","Senterpartiet",1,1.69811,18,0
"2013","st","Hordaland","Bergen","Paradis valgkrets","0052","KRF","Kristelig Folkeparti",1,5.4717,58,0
"2013","st","Hordaland","Bergen","Paradis valgkrets","0052","V","Venstre",1,9.43396,100,0
"2013","st","Hordaland","Bergen","Paradis valgkrets","0052","H","Høyre",1,43.01887,456,0
"2013","st","Hordaland","Bergen","Paradis valgkrets","0052","FRP","Fremskrittspartiet",1,6.88679,73,0
"2013","st","Hordaland","Bergen","Paradis valgkrets","0052","DEMN","Demokratene i Norge",2,0,0,0
"2013","st","Hordaland","Bergen","Paradis valgkrets","0052","KRISTNE","De Kristne",2,0.09434,1,0
"2013","st","Hordaland","Bergen","Paradis valgkrets","0052","KYST","Kystpartiet",2,0.09434,1,0
"2013","st","Hordaland","Bergen","Paradis valgkrets","0052","MDG","Miljøpartiet De Grønne",2,5,53,0
"2013","st","Hordaland","Bergen","Paradis valgkrets","0052","NKP","Norges Kommunistiske Parti",2,0,0,0
"2013","st","Hordaland","Bergen","Paradis valgkrets","0052","PIR","Piratpartiet",2,0.37736,4,0
"2013","st","Hordaland","Bergen","Paradis valgkrets","0052","PP","Pensjonistpartiet",2,0.28302,3,0
"2013","st","Hordaland","Bergen","Paradis valgkrets","0052","BLANKE","Blanke",3,0.18868,2,0
"2013","st","Hordaland","Bergen","Paradis valgkrets","0052","FOLKEM","Folkemakten",3,0.09434,1,0
"2013","st","Hordaland","Bergen","Paradis valgkrets","0052","Andre","Andre",0,5.9434,63,0
"2013","st","Hordaland","Bergen","Paradis valgkrets","0052","Andre2","Andre2",0,0,0,0
"2013","st","Hordaland","Bergen","Sandsli valgkrets","0054","A","Arbeiderpartiet",1,24.09639,520,0
"2013","st","Hordaland","Bergen","Sandsli valgkrets","0054","SV","Sosialistisk Venstreparti",1,3.84615,83,0
"2013","st","Hordaland","Bergen","Sandsli valgkrets","0054","RØDT","Rødt",1,0.55607,12,0
"2013","st","Hordaland","Bergen","Sandsli valgkrets","0054","SP","Senterpartiet",1,1.62187,35,0
"2013","st","Hordaland","Bergen","Sandsli valgkrets","0054","KRF","Kristelig Folkeparti",1,6.39481,138,0
"2013","st","Hordaland","Bergen","Sandsli valgkrets","0054","V","Venstre",1,6.53383,141,0
"2013","st","Hordaland","Bergen","Sandsli valgkrets","0054","H","Høyre",1,40.91752,883,0
"2013","st","Hordaland","Bergen","Sandsli valgkrets","0054","FRP","Fremskrittspartiet",1,12.51158,270,0
"2013","st","Hordaland","Bergen","Sandsli valgkrets","0054","DEMN","Demokratene i Norge",2,0.18536,4,0
"2013","st","Hordaland","Bergen","Sandsli valgkrets","0054","KRISTNE","De Kristne",2,0.55607,12,0
"2013","st","Hordaland","Bergen","Sandsli valgkrets","0054","KYST","Kystpartiet",2,0.09268,2,0
"2013","st","Hordaland","Bergen","Sandsli valgkrets","0054","MDG","Miljøpartiet De Grønne",2,2.08526,45,0
"2013","st","Hordaland","Bergen","Sandsli valgkrets","0054","NKP","Norges Kommunistiske Parti",2,0.04634,1,0
"2013","st","Hordaland","Bergen","Sandsli valgkrets","0054","PIR","Piratpartiet",2,0.55607,12,0
"2013","st","Hordaland","Bergen","Sandsli valgkrets","0054","PP","Pensjonistpartiet",2,0,0,0
"2013","st","Hordaland","Bergen","Sandsli valgkrets","0054","BLANKE","Blanke",3,0.41705,9,0
"2013","st","Hordaland","Bergen","Sandsli valgkrets","0054","FOLKEM","Folkemakten",3,0,0,0
"2013","st","Hordaland","Bergen","Sandsli valgkrets","0054","Andre","Andre",0,3.52178,76,0
"2013","st","Hordaland","Bergen","Sandsli valgkrets","0054","Andre2","Andre2",0,0,0,0
"2013","st","Hordaland","Bergen","Rå valgkrets","0055","A","Arbeiderpartiet",1,22.45081,502,0
"2013","st","Hordaland","Bergen","Rå valgkrets","0055","SV","Sosialistisk Venstreparti",1,4.60644,103,0
"2013","st","Hordaland","Bergen","Rå valgkrets","0055","RØDT","Rødt",1,0.71556,16,0
"2013","st","Hordaland","Bergen","Rå valgkrets","0055","SP","Senterpartiet",1,1.61002,36,0
"2013","st","Hordaland","Bergen","Rå valgkrets","0055","KRF","Kristelig Folkeparti",1,5.36673,120,0
"2013","st","Hordaland","Bergen","Rå valgkrets","0055","V","Venstre",1,7.46869,167,0
"2013","st","Hordaland","Bergen","Rå valgkrets","0055","H","Høyre",1,42.35242,947,0
"2013","st","Hordaland","Bergen","Rå valgkrets","0055","FRP","Fremskrittspartiet",1,10.55456,236,0
"2013","st","Hordaland","Bergen","Rå valgkrets","0055","DEMN","Demokratene i Norge",2,0,0,0
"2013","st","Hordaland","Bergen","Rå valgkrets","0055","KRISTNE","De Kristne",2,0.49195,11,0
"2013","st","Hordaland","Bergen","Rå valgkrets","0055","KYST","Kystpartiet",2,0.04472,1,0
"2013","st","Hordaland","Bergen","Rå valgkrets","0055","MDG","Miljøpartiet De Grønne",2,3.62254,81,0
"2013","st","Hordaland","Bergen","Rå valgkrets","0055","NKP","Norges Kommunistiske Parti",2,0,0,0
"2013","st","Hordaland","Bergen","Rå valgkrets","0055","PIR","Piratpartiet",2,0.4025,9,0
"2013","st","Hordaland","Bergen","Rå valgkrets","0055","PP","Pensjonistpartiet",2,0.22361,5,0
"2013","st","Hordaland","Bergen","Rå valgkrets","0055","BLANKE","Blanke",3,0.22361,5,0
"2013","st","Hordaland","Bergen","Rå valgkrets","0055","FOLKEM","Folkemakten",3,0.08945,2,0
"2013","st","Hordaland","Bergen","Rå valgkrets","0055","Andre","Andre",0,4.87478,109,0
"2013","st","Hordaland","Bergen","Rå valgkrets","0055","Andre2","Andre2",0,0,0,0
"2013","st","Hordaland","Bergen","Hjellestad valgkrets","0056","A","Arbeiderpartiet",1,16.35688,176,0
"2013","st","Hordaland","Bergen","Hjellestad valgkrets","0056","SV","Sosialistisk Venstreparti",1,3.5316,38,0
"2013","st","Hordaland","Bergen","Hjellestad valgkrets","0056","RØDT","Rødt",1,0.27881,3,0
"2013","st","Hordaland","Bergen","Hjellestad valgkrets","0056","SP","Senterpartiet",1,2.60223,28,0
"2013","st","Hordaland","Bergen","Hjellestad valgkrets","0056","KRF","Kristelig Folkeparti",1,4.18216,45,0
"2013","st","Hordaland","Bergen","Hjellestad valgkrets","0056","V","Venstre",1,5.39033,58,0
"2013","st","Hordaland","Bergen","Hjellestad valgkrets","0056","H","Høyre",1,48.69888,524,0
"2013","st","Hordaland","Bergen","Hjellestad valgkrets","0056","FRP","Fremskrittspartiet",1,15.61338,168,0
"2013","st","Hordaland","Bergen","Hjellestad valgkrets","0056","DEMN","Demokratene i Norge",2,0,0,0
"2013","st","Hordaland","Bergen","Hjellestad valgkrets","0056","KRISTNE","De Kristne",2,0,0,0
"2013","st","Hordaland","Bergen","Hjellestad valgkrets","0056","KYST","Kystpartiet",2,0,0,0
"2013","st","Hordaland","Bergen","Hjellestad valgkrets","0056","MDG","Miljøpartiet De Grønne",2,2.69517,29,0
"2013","st","Hordaland","Bergen","Hjellestad valgkrets","0056","NKP","Norges Kommunistiske Parti",2,0,0,0
"2013","st","Hordaland","Bergen","Hjellestad valgkrets","0056","PIR","Piratpartiet",2,0.55762,6,0
"2013","st","Hordaland","Bergen","Hjellestad valgkrets","0056","PP","Pensjonistpartiet",2,0.09294,1,0
"2013","st","Hordaland","Bergen","Hjellestad valgkrets","0056","BLANKE","Blanke",3,0.18587,2,0
"2013","st","Hordaland","Bergen","Hjellestad valgkrets","0056","FOLKEM","Folkemakten",3,0,0,0
"2013","st","Hordaland","Bergen","Hjellestad valgkrets","0056","Andre","Andre",0,3.34572,36,0
"2013","st","Hordaland","Bergen","Hjellestad valgkrets","0056","Andre2","Andre2",0,0,0,0
"2013","st","Hordaland","Bergen","Skeie valgkrets","0057","A","Arbeiderpartiet",1,21.41561,236,0
"2013","st","Hordaland","Bergen","Skeie valgkrets","0057","SV","Sosialistisk Venstreparti",1,4.26497,47,0
"2013","st","Hordaland","Bergen","Skeie valgkrets","0057","RØDT","Rødt",1,0.45372,5,0
"2013","st","Hordaland","Bergen","Skeie valgkrets","0057","SP","Senterpartiet",1,2.54083,28,0
"2013","st","Hordaland","Bergen","Skeie valgkrets","0057","KRF","Kristelig Folkeparti",1,3.81125,42,0
"2013","st","Hordaland","Bergen","Skeie valgkrets","0057","V","Venstre",1,7.6225,84,0
"2013","st","Hordaland","Bergen","Skeie valgkrets","0057","H","Høyre",1,45.82577,505,0
"2013","st","Hordaland","Bergen","Skeie valgkrets","0057","FRP","Fremskrittspartiet",1,11.07078,122,0
"2013","st","Hordaland","Bergen","Skeie valgkrets","0057","DEMN","Demokratene i Norge",2,0,0,0
"2013","st","Hordaland","Bergen","Skeie valgkrets","0057","KRISTNE","De Kristne",2,0.36298,4,0
"2013","st","Hordaland","Bergen","Skeie valgkrets","0057","KYST","Kystpartiet",2,0.09074,1,0
"2013","st","Hordaland","Bergen","Skeie valgkrets","0057","MDG","Miljøpartiet De Grønne",2,2.08711,23,0
"2013","st","Hordaland","Bergen","Skeie valgkrets","0057","NKP","Norges Kommunistiske Parti",2,0,0,0
"2013","st","Hordaland","Bergen","Skeie valgkrets","0057","PIR","Piratpartiet",2,0.27223,3,0
"2013","st","Hordaland","Bergen","Skeie valgkrets","0057","PP","Pensjonistpartiet",2,0.09074,1,0
"2013","st","Hordaland","Bergen","Skeie valgkrets","0057","BLANKE","Blanke",3,0.09074,1,0
"2013","st","Hordaland","Bergen","Skeie valgkrets","0057","FOLKEM","Folkemakten",3,0.09074,1,0
"2013","st","Hordaland","Bergen","Skeie valgkrets","0057","Andre","Andre",0,2.99456,33,0
"2013","st","Hordaland","Bergen","Skeie valgkrets","0057","Andre2","Andre2",0,0,0,0
"2013","st","Hordaland","Bergen","Liland valgkrets","0058","A","Arbeiderpartiet",1,21.8234,304,0
"2013","st","Hordaland","Bergen","Liland valgkrets","0058","SV","Sosialistisk Venstreparti",1,2.94329,41,0
"2013","st","Hordaland","Bergen","Liland valgkrets","0058","RØDT","Rødt",1,0.50251,7,0
"2013","st","Hordaland","Bergen","Liland valgkrets","0058","SP","Senterpartiet",1,2.15363,30,0
"2013","st","Hordaland","Bergen","Liland valgkrets","0058","KRF","Kristelig Folkeparti",1,9.26059,129,0
"2013","st","Hordaland","Bergen","Liland valgkrets","0058","V","Venstre",1,6.03015,84,0
"2013","st","Hordaland","Bergen","Liland valgkrets","0058","H","Høyre",1,38.04738,530,0
"2013","st","Hordaland","Bergen","Liland valgkrets","0058","FRP","Fremskrittspartiet",1,16.58291,231,0
"2013","st","Hordaland","Bergen","Liland valgkrets","0058","DEMN","Demokratene i Norge",2,0,0,0
"2013","st","Hordaland","Bergen","Liland valgkrets","0058","KRISTNE","De Kristne",2,0.71788,10,0
"2013","st","Hordaland","Bergen","Liland valgkrets","0058","KYST","Kystpartiet",2,0,0,0
"2013","st","Hordaland","Bergen","Liland valgkrets","0058","MDG","Miljøpartiet De Grønne",2,1.36396,19,0
"2013","st","Hordaland","Bergen","Liland valgkrets","0058","NKP","Norges Kommunistiske Parti",2,0.07179,1,0
"2013","st","Hordaland","Bergen","Liland valgkrets","0058","PIR","Piratpartiet",2,0.28715,4,0
"2013","st","Hordaland","Bergen","Liland valgkrets","0058","PP","Pensjonistpartiet",2,0.07179,1,0
"2013","st","Hordaland","Bergen","Liland valgkrets","0058","BLANKE","Blanke",3,0.5743,8,0
"2013","st","Hordaland","Bergen","Liland valgkrets","0058","FOLKEM","Folkemakten",3,0.14358,2,0
"2013","st","Hordaland","Bergen","Liland valgkrets","0058","Andre","Andre",0,2.65614,37,0
"2013","st","Hordaland","Bergen","Liland valgkrets","0058","Andre2","Andre2",0,0,0,0
"2013","st","Hordaland","Bergen","Søreide valgkrets","0059","A","Arbeiderpartiet",1,19.55174,410,0
"2013","st","Hordaland","Bergen","Søreide valgkrets","0059","SV","Sosialistisk Venstreparti",1,3.19504,67,0
"2013","st","Hordaland","Bergen","Søreide valgkrets","0059","RØDT","Rødt",1,0.28612,6,0
"2013","st","Hordaland","Bergen","Søreide valgkrets","0059","SP","Senterpartiet",1,1.66905,35,0
"2013","st","Hordaland","Bergen","Søreide valgkrets","0059","KRF","Kristelig Folkeparti",1,4.86409,102,0
"2013","st","Hordaland","Bergen","Søreide valgkrets","0059","V","Venstre",1,5.81784,122,0
"2013","st","Hordaland","Bergen","Søreide valgkrets","0059","H","Høyre",1,46.8288,982,0
"2013","st","Hordaland","Bergen","Søreide valgkrets","0059","FRP","Fremskrittspartiet",1,14.44921,303,0
"2013","st","Hordaland","Bergen","Søreide valgkrets","0059","DEMN","Demokratene i Norge",2,0.09537,2,0
"2013","st","Hordaland","Bergen","Søreide valgkrets","0059","KRISTNE","De Kristne",2,0.52456,11,0
"2013","st","Hordaland","Bergen","Søreide valgkrets","0059","KYST","Kystpartiet",2,0.09537,2,0
"2013","st","Hordaland","Bergen","Søreide valgkrets","0059","MDG","Miljøpartiet De Grønne",2,2.2413,47,0
"2013","st","Hordaland","Bergen","Søreide valgkrets","0059","NKP","Norges Kommunistiske Parti",2,0,0,0
"2013","st","Hordaland","Bergen","Søreide valgkrets","0059","PIR","Piratpartiet",2,0.28612,6,0
"2013","st","Hordaland","Bergen","Søreide valgkrets","0059","PP","Pensjonistpartiet",2,0.09537,2,0
"2013","st","Hordaland","Bergen","Søreide valgkrets","0059","BLANKE","Blanke",3,0.52456,11,0
"2013","st","Hordaland","Bergen","Søreide valgkrets","0059","FOLKEM","Folkemakten",3,0,0,0
"2013","st","Hordaland","Bergen","Søreide valgkrets","0059","Andre","Andre",0,3.3381,70,0
"2013","st","Hordaland","Bergen","Søreide valgkrets","0059","Andre2","Andre2",0,0,0,0
"2013","st","Hordaland","Bergen","Lyshovden valgkrets","0061","A","Arbeiderpartiet",1,31.70241,473,0
"2013","st","Hordaland","Bergen","Lyshovden valgkrets","0061","SV","Sosialistisk Venstreparti",1,5.76408,86,0
"2013","st","Hordaland","Bergen","Lyshovden valgkrets","0061","RØDT","Rødt",1,1.20643,18,0
"2013","st","Hordaland","Bergen","Lyshovden valgkrets","0061","SP","Senterpartiet",1,1.60858,24,0
"2013","st","Hordaland","Bergen","Lyshovden valgkrets","0061","KRF","Kristelig Folkeparti",1,5.29491,79,0
"2013","st","Hordaland","Bergen","Lyshovden valgkrets","0061","V","Venstre",1,4.62466,69,0
"2013","st","Hordaland","Bergen","Lyshovden valgkrets","0061","H","Høyre",1,30.563,456,0
"2013","st","Hordaland","Bergen","Lyshovden valgkrets","0061","FRP","Fremskrittspartiet",1,15.5496,232,0
"2013","st","Hordaland","Bergen","Lyshovden valgkrets","0061","DEMN","Demokratene i Norge",2,0.06702,1,0
"2013","st","Hordaland","Bergen","Lyshovden valgkrets","0061","KRISTNE","De Kristne",2,0.33512,5,0
"2013","st","Hordaland","Bergen","Lyshovden valgkrets","0061","KYST","Kystpartiet",2,0.13405,2,0
"2013","st","Hordaland","Bergen","Lyshovden valgkrets","0061","MDG","Miljøpartiet De Grønne",2,2.47989,37,0
"2013","st","Hordaland","Bergen","Lyshovden valgkrets","0061","NKP","Norges Kommunistiske Parti",2,0,0,0
"2013","st","Hordaland","Bergen","Lyshovden valgkrets","0061","PIR","Piratpartiet",2,0.33512,5,0
"2013","st","Hordaland","Bergen","Lyshovden valgkrets","0061","PP","Pensjonistpartiet",2,0.33512,5,0
"2013","st","Hordaland","Bergen","Lyshovden valgkrets","0061","BLANKE","Blanke",3,0.33512,5,0
"2013","st","Hordaland","Bergen","Lyshovden valgkrets","0061","FOLKEM","Folkemakten",3,0,0,0
"2013","st","Hordaland","Bergen","Lyshovden valgkrets","0061","Andre","Andre",0,3.68633,55,0
"2013","st","Hordaland","Bergen","Lyshovden valgkrets","0061","Andre2","Andre2",0,0,0,0
"2013","st","Hordaland","Bergen","Lynghaug valgkrets","0062","A","Arbeiderpartiet",1,30.94039,737,0
"2013","st","Hordaland","Bergen","Lynghaug valgkrets","0062","SV","Sosialistisk Venstreparti",1,6.50714,155,0
"2013","st","Hordaland","Bergen","Lynghaug valgkrets","0062","RØDT","Rødt",1,1.00756,24,0
"2013","st","Hordaland","Bergen","Lynghaug valgkrets","0062","SP","Senterpartiet",1,1.55332,37,0
"2013","st","Hordaland","Bergen","Lynghaug valgkrets","0062","KRF","Kristelig Folkeparti",1,4.15617,99,0
"2013","st","Hordaland","Bergen","Lynghaug valgkrets","0062","V","Venstre",1,5.07976,121,0
"2013","st","Hordaland","Bergen","Lynghaug valgkrets","0062","H","Høyre",1,30.64652,730,0
"2013","st","Hordaland","Bergen","Lynghaug valgkrets","0062","FRP","Fremskrittspartiet",1,15.99496,381,0
"2013","st","Hordaland","Bergen","Lynghaug valgkrets","0062","DEMN","Demokratene i Norge",2,0,0,0
"2013","st","Hordaland","Bergen","Lynghaug valgkrets","0062","KRISTNE","De Kristne",2,0.83963,20,0
"2013","st","Hordaland","Bergen","Lynghaug valgkrets","0062","KYST","Kystpartiet",2,0.08396,2,0
"2013","st","Hordaland","Bergen","Lynghaug valgkrets","0062","MDG","Miljøpartiet De Grønne",2,2.30898,55,0
"2013","st","Hordaland","Bergen","Lynghaug valgkrets","0062","NKP","Norges Kommunistiske Parti",2,0,0,0
"2013","st","Hordaland","Bergen","Lynghaug valgkrets","0062","PIR","Piratpartiet",2,0.54576,13,0
"2013","st","Hordaland","Bergen","Lynghaug valgkrets","0062","PP","Pensjonistpartiet",2,0.25189,6,0
"2013","st","Hordaland","Bergen","Lynghaug valgkrets","0062","BLANKE","Blanke",3,0.41982,10,0
"2013","st","Hordaland","Bergen","Lynghaug valgkrets","0062","FOLKEM","Folkemakten",3,0.08396,2,0
"2013","st","Hordaland","Bergen","Lynghaug valgkrets","0062","Andre","Andre",0,4.11419,98,0
"2013","st","Hordaland","Bergen","Lynghaug valgkrets","0062","Andre2","Andre2",0,0,0,0
"2013","st","Hordaland","Bergen","Ortun valgkrets","0063","A","Arbeiderpartiet",1,29.6369,1208,0
"2013","st","Hordaland","Bergen","Ortun valgkrets","0063","SV","Sosialistisk Venstreparti",1,5.12758,209,0
"2013","st","Hordaland","Bergen","Ortun valgkrets","0063","RØDT","Rødt",1,0.83415,34,0
"2013","st","Hordaland","Bergen","Ortun valgkrets","0063","SP","Senterpartiet",1,1.54563,63,0
"2013","st","Hordaland","Bergen","Ortun valgkrets","0063","KRF","Kristelig Folkeparti",1,4.46516,182,0
"2013","st","Hordaland","Bergen","Ortun valgkrets","0063","V","Venstre",1,6.25613,255,0
"2013","st","Hordaland","Bergen","Ortun valgkrets","0063","H","Høyre",1,34.73994,1416,0
"2013","st","Hordaland","Bergen","Ortun valgkrets","0063","FRP","Fremskrittspartiet",1,13.9843,570,0
"2013","st","Hordaland","Bergen","Ortun valgkrets","0063","DEMN","Demokratene i Norge",2,0.0736,3,0
"2013","st","Hordaland","Bergen","Ortun valgkrets","0063","KRISTNE","De Kristne",2,0.36801,15,0
"2013","st","Hordaland","Bergen","Ortun valgkrets","0063","KYST","Kystpartiet",2,0.09814,4,0
"2013","st","Hordaland","Bergen","Ortun valgkrets","0063","MDG","Miljøpartiet De Grønne",2,2.42885,99,0
"2013","st","Hordaland","Bergen","Ortun valgkrets","0063","NKP","Norges Kommunistiske Parti",2,0,0,0
"2013","st","Hordaland","Bergen","Ortun valgkrets","0063","PIR","Piratpartiet",2,0.24534,10,0
"2013","st","Hordaland","Bergen","Ortun valgkrets","0063","PP","Pensjonistpartiet",2,0.12267,5,0
"2013","st","Hordaland","Bergen","Ortun valgkrets","0063","BLANKE","Blanke",3,0.39254,16,0
"2013","st","Hordaland","Bergen","Ortun valgkrets","0063","FOLKEM","Folkemakten",3,0.0736,3,0
"2013","st","Hordaland","Bergen","Ortun valgkrets","0063","Andre","Andre",0,3.41021,139,0
"2013","st","Hordaland","Bergen","Ortun valgkrets","0063","Andre2","Andre2",0,0,0,0
"2013","st","Hordaland","Bergen","Olsvik valgkrets","0067","A","Arbeiderpartiet",1,29.13669,810,0
"2013","st","Hordaland","Bergen","Olsvik valgkrets","0067","SV","Sosialistisk Venstreparti",1,3.88489,108,0
"2013","st","Hordaland","Bergen","Olsvik valgkrets","0067","RØDT","Rødt",1,0.79137,22,0
"2013","st","Hordaland","Bergen","Olsvik valgkrets","0067","SP","Senterpartiet",1,1.04317,29,0
"2013","st","Hordaland","Bergen","Olsvik valgkrets","0067","KRF","Kristelig Folkeparti",1,4.78417,133,0
"2013","st","Hordaland","Bergen","Olsvik valgkrets","0067","V","Venstre",1,4.53237,126,0
"2013","st","Hordaland","Bergen","Olsvik valgkrets","0067","H","Høyre",1,33.48921,931,0
"2013","st","Hordaland","Bergen","Olsvik valgkrets","0067","FRP","Fremskrittspartiet",1,18.20144,506,0
"2013","st","Hordaland","Bergen","Olsvik valgkrets","0067","DEMN","Demokratene i Norge",2,0.32374,9,0
"2013","st","Hordaland","Bergen","Olsvik valgkrets","0067","KRISTNE","De Kristne",2,0.46763,13,0
"2013","st","Hordaland","Bergen","Olsvik valgkrets","0067","KYST","Kystpartiet",2,0.10791,3,0
"2013","st","Hordaland","Bergen","Olsvik valgkrets","0067","MDG","Miljøpartiet De Grønne",2,2.33813,65,0
"2013","st","Hordaland","Bergen","Olsvik valgkrets","0067","NKP","Norges Kommunistiske Parti",2,0.07194,2,0
"2013","st","Hordaland","Bergen","Olsvik valgkrets","0067","PIR","Piratpartiet",2,0.35971,10,0
"2013","st","Hordaland","Bergen","Olsvik valgkrets","0067","PP","Pensjonistpartiet",2,0.32374,9,0
"2013","st","Hordaland","Bergen","Olsvik valgkrets","0067","BLANKE","Blanke",3,0.71942,20,0
"2013","st","Hordaland","Bergen","Olsvik valgkrets","0067","FOLKEM","Folkemakten",3,0.14388,4,0
"2013","st","Hordaland","Bergen","Olsvik valgkrets","0067","Andre","Andre",0,4.13669,115,0
"2013","st","Hordaland","Bergen","Olsvik valgkrets","0067","Andre2","Andre2",0,0,0,0
"2013","st","Hordaland","Bergen","Vadmyra valgkrets","0068","A","Arbeiderpartiet",1,29.54107,766,0
"2013","st","Hordaland","Bergen","Vadmyra valgkrets","0068","SV","Sosialistisk Venstreparti",1,3.50945,91,0
"2013","st","Hordaland","Bergen","Vadmyra valgkrets","0068","RØDT","Rødt",1,0.887,23,0
"2013","st","Hordaland","Bergen","Vadmyra valgkrets","0068","SP","Senterpartiet",1,1.23409,32,0
"2013","st","Hordaland","Bergen","Vadmyra valgkrets","0068","KRF","Kristelig Folkeparti",1,4.0108,104,0
"2013","st","Hordaland","Bergen","Vadmyra valgkrets","0068","V","Venstre",1,4.97493,129,0
"2013","st","Hordaland","Bergen","Vadmyra valgkrets","0068","H","Høyre",1,31.6236,820,0
"2013","st","Hordaland","Bergen","Vadmyra valgkrets","0068","FRP","Fremskrittspartiet",1,20.32395,527,0
"2013","st","Hordaland","Bergen","Vadmyra valgkrets","0068","DEMN","Demokratene i Norge",2,0.07713,2,0
"2013","st","Hordaland","Bergen","Vadmyra valgkrets","0068","KRISTNE","De Kristne",2,0.53992,14,0
"2013","st","Hordaland","Bergen","Vadmyra valgkrets","0068","KYST","Kystpartiet",2,0.1157,3,0
"2013","st","Hordaland","Bergen","Vadmyra valgkrets","0068","MDG","Miljøpartiet De Grønne",2,2.35249,61,0
"2013","st","Hordaland","Bergen","Vadmyra valgkrets","0068","NKP","Norges Kommunistiske Parti",2,0,0,0
"2013","st","Hordaland","Bergen","Vadmyra valgkrets","0068","PIR","Piratpartiet",2,0.50135,13,0
"2013","st","Hordaland","Bergen","Vadmyra valgkrets","0068","PP","Pensjonistpartiet",2,0.23139,6,0
"2013","st","Hordaland","Bergen","Vadmyra valgkrets","0068","BLANKE","Blanke",3,0.887,23,0
"2013","st","Hordaland","Bergen","Vadmyra valgkrets","0068","FOLKEM","Folkemakten",3,0.07713,2,0
"2013","st","Hordaland","Bergen","Vadmyra valgkrets","0068","Andre","Andre",0,3.8951,101,0
"2013","st","Hordaland","Bergen","Vadmyra valgkrets","0068","Andre2","Andre2",0,0,0,0
"2013","st","Hordaland","Bergen","Mathopen valgkrets","0069","A","Arbeiderpartiet",1,27.07137,330,0
"2013","st","Hordaland","Bergen","Mathopen valgkrets","0069","SV","Sosialistisk Venstreparti",1,2.46103,30,0
"2013","st","Hordaland","Bergen","Mathopen valgkrets","0069","RØDT","Rødt",1,0.65628,8,0
"2013","st","Hordaland","Bergen","Mathopen valgkrets","0069","SP","Senterpartiet",1,0.98441,12,0
"2013","st","Hordaland","Bergen","Mathopen valgkrets","0069","KRF","Kristelig Folkeparti",1,5.49631,67,0
"2013","st","Hordaland","Bergen","Mathopen valgkrets","0069","V","Venstre",1,4.92207,60,0
"2013","st","Hordaland","Bergen","Mathopen valgkrets","0069","H","Høyre",1,39.21247,478,0
"2013","st","Hordaland","Bergen","Mathopen valgkrets","0069","FRP","Fremskrittspartiet",1,16.40689,200,0
"2013","st","Hordaland","Bergen","Mathopen valgkrets","0069","DEMN","Demokratene i Norge",2,0,0,0
"2013","st","Hordaland","Bergen","Mathopen valgkrets","0069","KRISTNE","De Kristne",2,0.08203,1,0
"2013","st","Hordaland","Bergen","Mathopen valgkrets","0069","KYST","Kystpartiet",2,0.16407,2,0
"2013","st","Hordaland","Bergen","Mathopen valgkrets","0069","MDG","Miljøpartiet De Grønne",2,2.21493,27,0
"2013","st","Hordaland","Bergen","Mathopen valgkrets","0069","NKP","Norges Kommunistiske Parti",2,0,0,0
"2013","st","Hordaland","Bergen","Mathopen valgkrets","0069","PIR","Piratpartiet",2,0,0,0
"2013","st","Hordaland","Bergen","Mathopen valgkrets","0069","PP","Pensjonistpartiet",2,0.32814,4,0
"2013","st","Hordaland","Bergen","Mathopen valgkrets","0069","BLANKE","Blanke",3,0.2461,3,0
"2013","st","Hordaland","Bergen","Mathopen valgkrets","0069","FOLKEM","Folkemakten",3,0,0,0
"2013","st","Hordaland","Bergen","Mathopen valgkrets","0069","Andre","Andre",0,2.78917,34,0
"2013","st","Hordaland","Bergen","Mathopen valgkrets","0069","Andre2","Andre2",0,0,0,0
"2013","st","Hordaland","Bergen","Alvøen valgkrets","0070","A","Arbeiderpartiet",1,26.98675,489,0
"2013","st","Hordaland","Bergen","Alvøen valgkrets","0070","SV","Sosialistisk Venstreparti",1,3.75276,68,0
"2013","st","Hordaland","Bergen","Alvøen valgkrets","0070","RØDT","Rødt",1,0.27594,5,0
"2013","st","Hordaland","Bergen","Alvøen valgkrets","0070","SP","Senterpartiet",1,0.93819,17,0
"2013","st","Hordaland","Bergen","Alvøen valgkrets","0070","KRF","Kristelig Folkeparti",1,4.19426,76,0
"2013","st","Hordaland","Bergen","Alvøen valgkrets","0070","V","Venstre",1,4.96689,90,0
"2013","st","Hordaland","Bergen","Alvøen valgkrets","0070","H","Høyre",1,42.10817,763,0
"2013","st","Hordaland","Bergen","Alvøen valgkrets","0070","FRP","Fremskrittspartiet",1,13.74172,249,0
"2013","st","Hordaland","Bergen","Alvøen valgkrets","0070","DEMN","Demokratene i Norge",2,0.11038,2,0
"2013","st","Hordaland","Bergen","Alvøen valgkrets","0070","KRISTNE","De Kristne",2,0.27594,5,0
"2013","st","Hordaland","Bergen","Alvøen valgkrets","0070","KYST","Kystpartiet",2,0,0,0
"2013","st","Hordaland","Bergen","Alvøen valgkrets","0070","MDG","Miljøpartiet De Grønne",2,2.09713,38,0
"2013","st","Hordaland","Bergen","Alvøen valgkrets","0070","NKP","Norges Kommunistiske Parti",2,0.05519,1,0
"2013","st","Hordaland","Bergen","Alvøen valgkrets","0070","PIR","Piratpartiet",2,0.38631,7,0
"2013","st","Hordaland","Bergen","Alvøen valgkrets","0070","PP","Pensjonistpartiet",2,0.11038,2,0
"2013","st","Hordaland","Bergen","Alvøen valgkrets","0070","BLANKE","Blanke",3,0.49669,9,0
"2013","st","Hordaland","Bergen","Alvøen valgkrets","0070","FOLKEM","Folkemakten",3,0,0,0
"2013","st","Hordaland","Bergen","Alvøen valgkrets","0070","Andre","Andre",0,3.03532,55,0
"2013","st","Hordaland","Bergen","Alvøen valgkrets","0070","Andre2","Andre2",0,0,0,0
"2013","st","Hordaland","Bergen","Bjørndalsskogen valgkrets","0071","A","Arbeiderpartiet",1,28.9011,263,0
"2013","st","Hordaland","Bergen","Bjørndalsskogen valgkrets","0071","SV","Sosialistisk Venstreparti",1,4.3956,40,0
"2013","st","Hordaland","Bergen","Bjørndalsskogen valgkrets","0071","RØDT","Rødt",1,0.98901,9,0
"2013","st","Hordaland","Bergen","Bjørndalsskogen valgkrets","0071","SP","Senterpartiet",1,1.53846,14,0
"2013","st","Hordaland","Bergen","Bjørndalsskogen valgkrets","0071","KRF","Kristelig Folkeparti",1,6.92308,63,0
"2013","st","Hordaland","Bergen","Bjørndalsskogen valgkrets","0071","V","Venstre",1,3.51648,32,0
"2013","st","Hordaland","Bergen","Bjørndalsskogen valgkrets","0071","H","Høyre",1,33.51648,305,0
"2013","st","Hordaland","Bergen","Bjørndalsskogen valgkrets","0071","FRP","Fremskrittspartiet",1,16.59341,151,0
"2013","st","Hordaland","Bergen","Bjørndalsskogen valgkrets","0071","DEMN","Demokratene i Norge",2,0.10989,1,0
"2013","st","Hordaland","Bergen","Bjørndalsskogen valgkrets","0071","KRISTNE","De Kristne",2,0.76923,7,0
"2013","st","Hordaland","Bergen","Bjørndalsskogen valgkrets","0071","KYST","Kystpartiet",2,0.10989,1,0
"2013","st","Hordaland","Bergen","Bjørndalsskogen valgkrets","0071","MDG","Miljøpartiet De Grønne",2,1.97802,18,0
"2013","st","Hordaland","Bergen","Bjørndalsskogen valgkrets","0071","NKP","Norges Kommunistiske Parti",2,0,0,0
"2013","st","Hordaland","Bergen","Bjørndalsskogen valgkrets","0071","PIR","Piratpartiet",2,0.54945,5,0
"2013","st","Hordaland","Bergen","Bjørndalsskogen valgkrets","0071","PP","Pensjonistpartiet",2,0.10989,1,0
"2013","st","Hordaland","Bergen","Bjørndalsskogen valgkrets","0071","BLANKE","Blanke",3,0.76923,7,0
"2013","st","Hordaland","Bergen","Bjørndalsskogen valgkrets","0071","FOLKEM","Folkemakten",3,0,0,0
"2013","st","Hordaland","Bergen","Bjørndalsskogen valgkrets","0071","Andre","Andre",0,3.62637,33,0
"2013","st","Hordaland","Bergen","Bjørndalsskogen valgkrets","0071","Andre2","Andre2",0,0,0,0
"2013","st","Hordaland","Bergen","Damsgård valgkrets","0074","A","Arbeiderpartiet",1,29.02326,624,0
"2013","st","Hordaland","Bergen","Damsgård valgkrets","0074","SV","Sosialistisk Venstreparti",1,7.39535,159,0
"2013","st","Hordaland","Bergen","Damsgård valgkrets","0074","RØDT","Rødt",1,1.25581,27,0
"2013","st","Hordaland","Bergen","Damsgård valgkrets","0074","SP","Senterpartiet",1,2.09302,45,0
"2013","st","Hordaland","Bergen","Damsgård valgkrets","0074","KRF","Kristelig Folkeparti",1,4.18605,90,0
"2013","st","Hordaland","Bergen","Damsgård valgkrets","0074","V","Venstre",1,6.23256,134,0
"2013","st","Hordaland","Bergen","Damsgård valgkrets","0074","H","Høyre",1,28.13953,605,0
"2013","st","Hordaland","Bergen","Damsgård valgkrets","0074","FRP","Fremskrittspartiet",1,15.30233,329,0
"2013","st","Hordaland","Bergen","Damsgård valgkrets","0074","DEMN","Demokratene i Norge",2,0.09302,2,0
"2013","st","Hordaland","Bergen","Damsgård valgkrets","0074","KRISTNE","De Kristne",2,0.65116,14,0
"2013","st","Hordaland","Bergen","Damsgård valgkrets","0074","KYST","Kystpartiet",2,0.09302,2,0
"2013","st","Hordaland","Bergen","Damsgård valgkrets","0074","MDG","Miljøpartiet De Grønne",2,4.32558,93,0
"2013","st","Hordaland","Bergen","Damsgård valgkrets","0074","NKP","Norges Kommunistiske Parti",2,0.18605,4,0
"2013","st","Hordaland","Bergen","Damsgård valgkrets","0074","PIR","Piratpartiet",2,0.7907,17,0
"2013","st","Hordaland","Bergen","Damsgård valgkrets","0074","PP","Pensjonistpartiet",2,0.23256,5,0
"2013","st","Hordaland","Bergen","Damsgård valgkrets","0074","BLANKE","Blanke",3,1.11628,24,0
"2013","st","Hordaland","Bergen","Damsgård valgkrets","0074","FOLKEM","Folkemakten",3,0,0,0
"2013","st","Hordaland","Bergen","Damsgård valgkrets","0074","Andre","Andre",0,6.37209,137,0
"2013","st","Hordaland","Bergen","Damsgård valgkrets","0074","Andre2","Andre2",0,0,0,0
"2013","st","Hordaland","Bergen","Nygårdslien valgkrets","0076","A","Arbeiderpartiet",1,28.11448,668,0
"2013","st","Hordaland","Bergen","Nygårdslien valgkrets","0076","SV","Sosialistisk Venstreparti",1,5.89226,140,0
"2013","st","Hordaland","Bergen","Nygårdslien valgkrets","0076","RØDT","Rødt",1,0.84175,20,0
"2013","st","Hordaland","Bergen","Nygårdslien valgkrets","0076","SP","Senterpartiet",1,2.10438,50,0
"2013","st","Hordaland","Bergen","Nygårdslien valgkrets","0076","KRF","Kristelig Folkeparti",1,4.54545,108,0
"2013","st","Hordaland","Bergen","Nygårdslien valgkrets","0076","V","Venstre",1,5.63973,134,0
"2013","st","Hordaland","Bergen","Nygårdslien valgkrets","0076","H","Høyre",1,34.00673,808,0
"2013","st","Hordaland","Bergen","Nygårdslien valgkrets","0076","FRP","Fremskrittspartiet",1,13.42593,319,0
"2013","st","Hordaland","Bergen","Nygårdslien valgkrets","0076","DEMN","Demokratene i Norge",2,0.12626,3,0
"2013","st","Hordaland","Bergen","Nygårdslien valgkrets","0076","KRISTNE","De Kristne",2,0.25253,6,0
"2013","st","Hordaland","Bergen","Nygårdslien valgkrets","0076","KYST","Kystpartiet",2,0.04209,1,0
"2013","st","Hordaland","Bergen","Nygårdslien valgkrets","0076","MDG","Miljøpartiet De Grønne",2,4.08249,97,0
"2013","st","Hordaland","Bergen","Nygårdslien valgkrets","0076","NKP","Norges Kommunistiske Parti",2,0,0,0
"2013","st","Hordaland","Bergen","Nygårdslien valgkrets","0076","PIR","Piratpartiet",2,0.37879,9,0
"2013","st","Hordaland","Bergen","Nygårdslien valgkrets","0076","PP","Pensjonistpartiet",2,0.42088,10,0
"2013","st","Hordaland","Bergen","Nygårdslien valgkrets","0076","BLANKE","Blanke",3,0.29461,7,0
"2013","st","Hordaland","Bergen","Nygårdslien valgkrets","0076","FOLKEM","Folkemakten",3,0.12626,3,0
"2013","st","Hordaland","Bergen","Nygårdslien valgkrets","0076","Andre","Andre",0,5.42929,129,0
"2013","st","Hordaland","Bergen","Nygårdslien valgkrets","0076","Andre2","Andre2",0,0,0,0
"2013","st","Hordaland","Bergen","Sædalen valgkrets","0077","A","Arbeiderpartiet",1,27.85494,361,0
"2013","st","Hordaland","Bergen","Sædalen valgkrets","0077","SV","Sosialistisk Venstreparti",1,6.86728,89,0
"2013","st","Hordaland","Bergen","Sædalen valgkrets","0077","RØDT","Rødt",1,1.08025,14,0
"2013","st","Hordaland","Bergen","Sædalen valgkrets","0077","SP","Senterpartiet",1,2.77778,36,0
"2013","st","Hordaland","Bergen","Sædalen valgkrets","0077","KRF","Kristelig Folkeparti",1,6.09568,79,0
"2013","st","Hordaland","Bergen","Sædalen valgkrets","0077","V","Venstre",1,8.95062,116,0
"2013","st","Hordaland","Bergen","Sædalen valgkrets","0077","H","Høyre",1,32.17593,417,0
"2013","st","Hordaland","Bergen","Sædalen valgkrets","0077","FRP","Fremskrittspartiet",1,8.87346,115,0
"2013","st","Hordaland","Bergen","Sædalen valgkrets","0077","DEMN","Demokratene i Norge",2,0,0,0
"2013","st","Hordaland","Bergen","Sædalen valgkrets","0077","KRISTNE","De Kristne",2,0,0,0
"2013","st","Hordaland","Bergen","Sædalen valgkrets","0077","KYST","Kystpartiet",2,0,0,0
"2013","st","Hordaland","Bergen","Sædalen valgkrets","0077","MDG","Miljøpartiet De Grønne",2,4.39815,57,0
"2013","st","Hordaland","Bergen","Sædalen valgkrets","0077","NKP","Norges Kommunistiske Parti",2,0,0,0
"2013","st","Hordaland","Bergen","Sædalen valgkrets","0077","PIR","Piratpartiet",2,0.46296,6,0
"2013","st","Hordaland","Bergen","Sædalen valgkrets","0077","PP","Pensjonistpartiet",2,0.3858,5,0
"2013","st","Hordaland","Bergen","Sædalen valgkrets","0077","BLANKE","Blanke",3,0.61728,8,0
"2013","st","Hordaland","Bergen","Sædalen valgkrets","0077","FOLKEM","Folkemakten",3,0.07716,1,0
"2013","st","Hordaland","Bergen","Sædalen valgkrets","0077","Andre","Andre",0,5.32407,69,0
"2013","st","Hordaland","Bergen","Sædalen valgkrets","0077","Andre2","Andre2",0,0,0,0
"2013","st","Hordaland","Etne","Etne","1211","A","Arbeiderpartiet",1,20.87617,467,129
"2013","st","Hordaland","Etne","Etne","1211","SV","Sosialistisk Venstreparti",1,3.03979,68,18
"2013","st","Hordaland","Etne","Etne","1211","RØDT","Rødt",1,0.17881,4,1
"2013","st","Hordaland","Etne","Etne","1211","SP","Senterpartiet",1,15.82477,354,90
"2013","st","Hordaland","Etne","Etne","1211","KRF","Kristelig Folkeparti",1,12.74028,285,78
"2013","st","Hordaland","Etne","Etne","1211","V","Venstre",1,4.02325,90,35
"2013","st","Hordaland","Etne","Etne","1211","H","Høyre",1,22.9325,513,145
"2013","st","Hordaland","Etne","Etne","1211","FRP","Fremskrittspartiet",1,17.16585,384,109
"2013","st","Hordaland","Etne","Etne","1211","DEMN","Demokratene i Norge",2,0.0447,1,0
"2013","st","Hordaland","Etne","Etne","1211","KRISTNE","De Kristne",2,1.07287,24,9
"2013","st","Hordaland","Etne","Etne","1211","KYST","Kystpartiet",2,0.22351,5,1
"2013","st","Hordaland","Etne","Etne","1211","MDG","Miljøpartiet De Grønne",2,1.43049,32,16
"2013","st","Hordaland","Etne","Etne","1211","NKP","Norges Kommunistiske Parti",2,0,0,0
"2013","st","Hordaland","Etne","Etne","1211","PIR","Piratpartiet",2,0.26822,6,4
"2013","st","Hordaland","Etne","Etne","1211","PP","Pensjonistpartiet",2,0.17881,4,4
"2013","st","Hordaland","Etne","Etne","1211","BLANKE","Blanke",3,0.44703,10,3
"2013","st","Hordaland","Etne","Etne","1211","FOLKEM","Folkemakten",3,0,0,0
"2013","st","Hordaland","Etne","Etne","1211","Andre","Andre",0,3.2186,72,34
"2013","st","Hordaland","Etne","Etne","1211","Andre2","Andre2",0,0,0,0
"2013","st","Hordaland","Sveio","Sveio","1216","A","Arbeiderpartiet",1,21.60326,636,185
"2013","st","Hordaland","Sveio","Sveio","1216","SV","Sosialistisk Venstreparti",1,2.30978,68,26
"2013","st","Hordaland","Sveio","Sveio","1216","RØDT","Rødt",1,0.50951,15,7
"2013","st","Hordaland","Sveio","Sveio","1216","SP","Senterpartiet",1,8.49185,250,69
"2013","st","Hordaland","Sveio","Sveio","1216","KRF","Kristelig Folkeparti",1,10.9375,322,129
"2013","st","Hordaland","Sveio","Sveio","1216","V","Venstre",1,4.27989,126,26
"2013","st","Hordaland","Sveio","Sveio","1216","H","Høyre",1,24.76223,729,229
"2013","st","Hordaland","Sveio","Sveio","1216","FRP","Fremskrittspartiet",1,21.29755,627,176
"2013","st","Hordaland","Sveio","Sveio","1216","DEMN","Demokratene i Norge",2,0.13587,4,0
"2013","st","Hordaland","Sveio","Sveio","1216","KRISTNE","De Kristne",2,2.07201,61,20
"2013","st","Hordaland","Sveio","Sveio","1216","KYST","Kystpartiet",2,0.40761,12,5
"2013","st","Hordaland","Sveio","Sveio","1216","MDG","Miljøpartiet De Grønne",2,2.54755,75,24
"2013","st","Hordaland","Sveio","Sveio","1216","NKP","Norges Kommunistiske Parti",2,0,0,0
"2013","st","Hordaland","Sveio","Sveio","1216","PIR","Piratpartiet",2,0.13587,4,1
"2013","st","Hordaland","Sveio","Sveio","1216","PP","Pensjonistpartiet",2,0.50951,15,9
"2013","st","Hordaland","Sveio","Sveio","1216","BLANKE","Blanke",3,0.37364,11,3
"2013","st","Hordaland","Sveio","Sveio","1216","FOLKEM","Folkemakten",3,0,0,0
"2013","st","Hordaland","Sveio","Sveio","1216","Andre","Andre",0,5.80842,171,59
"2013","st","Hordaland","Sveio","Sveio","1216","Andre2","Andre2",0,0,0,0
"2013","st","Hordaland","Bømlo","Bømlo","1219","A","Arbeiderpartiet",1,19.80183,1279,361
"2013","st","Hordaland","Bømlo","Bømlo","1219","SV","Sosialistisk Venstreparti",1,1.68757,109,41
"2013","st","Hordaland","Bømlo","Bømlo","1219","RØDT","Rødt",1,0.2632,17,7
"2013","st","Hordaland","Bømlo","Bømlo","1219","SP","Senterpartiet",1,3.91702,253,70
"2013","st","Hordaland","Bømlo","Bømlo","1219","KRF","Kristelig Folkeparti",1,23.23889,1501,438
"2013","st","Hordaland","Bømlo","Bømlo","1219","V","Venstre",1,3.35965,217,62
"2013","st","Hordaland","Bømlo","Bømlo","1219","H","Høyre",1,23.48661,1517,466
"2013","st","Hordaland","Bømlo","Bømlo","1219","FRP","Fremskrittspartiet",1,18.99675,1227,394
"2013","st","Hordaland","Bømlo","Bømlo","1219","DEMN","Demokratene i Norge",2,0.06193,4,1
"2013","st","Hordaland","Bømlo","Bømlo","1219","KRISTNE","De Kristne",2,3.09645,200,75
"2013","st","Hordaland","Bømlo","Bømlo","1219","KYST","Kystpartiet",2,0.30965,20,6
"2013","st","Hordaland","Bømlo","Bømlo","1219","MDG","Miljøpartiet De Grønne",2,1.23858,80,33
"2013","st","Hordaland","Bømlo","Bømlo","1219","NKP","Norges Kommunistiske Parti",2,0.01548,1,0
"2013","st","Hordaland","Bømlo","Bømlo","1219","PIR","Piratpartiet",2,0.29416,19,5
"2013","st","Hordaland","Bømlo","Bømlo","1219","PP","Pensjonistpartiet",2,0.20127,13,6
"2013","st","Hordaland","Bømlo","Bømlo","1219","BLANKE","Blanke",3,0.27868,18,9
"2013","st","Hordaland","Bømlo","Bømlo","1219","FOLKEM","Folkemakten",3,0.03096,2,1
"2013","st","Hordaland","Bømlo","Bømlo","1219","Andre","Andre",0,5.24849,339,127
"2013","st","Hordaland","Bømlo","Bømlo","1219","Andre2","Andre2",0,0,0,0
"2013","st","Hordaland","Stord","Stord","1221","A","Arbeiderpartiet",1,31.09981,3119,937
"2013","st","Hordaland","Stord","Stord","1221","SV","Sosialistisk Venstreparti",1,4.38728,440,137
"2013","st","Hordaland","Stord","Stord","1221","RØDT","Rødt",1,0.77774,78,33
"2013","st","Hordaland","Stord","Stord","1221","SP","Senterpartiet",1,4.17788,419,117
"2013","st","Hordaland","Stord","Stord","1221","KRF","Kristelig Folkeparti",1,9.70186,973,330
"2013","st","Hordaland","Stord","Stord","1221","V","Venstre",1,4.50693,452,122
"2013","st","Hordaland","Stord","Stord","1221","H","Høyre",1,23.65141,2372,803
"2013","st","Hordaland","Stord","Stord","1221","FRP","Fremskrittspartiet",1,17.29983,1735,557
"2013","st","Hordaland","Stord","Stord","1221","DEMN","Demokratene i Norge",2,0.33902,34,6
"2013","st","Hordaland","Stord","Stord","1221","KRISTNE","De Kristne",2,1.68511,169,73
"2013","st","Hordaland","Stord","Stord","1221","KYST","Kystpartiet",2,0.03988,4,1
"2013","st","Hordaland","Stord","Stord","1221","MDG","Miljøpartiet De Grønne",2,1.64523,165,61
"2013","st","Hordaland","Stord","Stord","1221","NKP","Norges Kommunistiske Parti",2,0.04986,5,2
"2013","st","Hordaland","Stord","Stord","1221","PIR","Piratpartiet",2,0.32905,33,8
"2013","st","Hordaland","Stord","Stord","1221","PP","Pensjonistpartiet",2,0.26922,27,9
"2013","st","Hordaland","Stord","Stord","1221","BLANKE","Blanke",3,0.63815,64,13
"2013","st","Hordaland","Stord","Stord","1221","FOLKEM","Folkemakten",3,0.03988,4,1
"2013","st","Hordaland","Stord","Stord","1221","Andre","Andre",0,4.39725,441,161
"2013","st","Hordaland","Stord","Stord","1221","Andre2","Andre2",0,0,0,0
"2013","st","Hordaland","Fitjar","Fitjar","1222","A","Arbeiderpartiet",1,16.07754,282,54
"2013","st","Hordaland","Fitjar","Fitjar","1222","SV","Sosialistisk Venstreparti",1,1.88141,33,7
"2013","st","Hordaland","Fitjar","Fitjar","1222","RØDT","Rødt",1,0.39909,7,0
"2013","st","Hordaland","Fitjar","Fitjar","1222","SP","Senterpartiet",1,8.03877,141,28
"2013","st","Hordaland","Fitjar","Fitjar","1222","KRF","Kristelig Folkeparti",1,20.12543,353,70
"2013","st","Hordaland","Fitjar","Fitjar","1222","V","Venstre",1,2.05245,36,10
"2013","st","Hordaland","Fitjar","Fitjar","1222","H","Høyre",1,29.9886,526,92
"2013","st","Hordaland","Fitjar","Fitjar","1222","FRP","Fremskrittspartiet",1,16.41961,288,53
"2013","st","Hordaland","Fitjar","Fitjar","1222","DEMN","Demokratene i Norge",2,0.05701,1,1
"2013","st","Hordaland","Fitjar","Fitjar","1222","KRISTNE","De Kristne",2,2.79361,49,6
"2013","st","Hordaland","Fitjar","Fitjar","1222","KYST","Kystpartiet",2,0.34208,6,1
"2013","st","Hordaland","Fitjar","Fitjar","1222","MDG","Miljøpartiet De Grønne",2,1.25428,22,4
"2013","st","Hordaland","Fitjar","Fitjar","1222","NKP","Norges Kommunistiske Parti",2,0,0,0
"2013","st","Hordaland","Fitjar","Fitjar","1222","PIR","Piratpartiet",2,0.28506,5,2
"2013","st","Hordaland","Fitjar","Fitjar","1222","PP","Pensjonistpartiet",2,0.22805,4,1
"2013","st","Hordaland","Fitjar","Fitjar","1222","BLANKE","Blanke",3,0.28506,5,1
"2013","st","Hordaland","Fitjar","Fitjar","1222","FOLKEM","Folkemakten",3,0.05701,1,1
"2013","st","Hordaland","Fitjar","Fitjar","1222","Andre","Andre",0,5.0171,88,16
"2013","st","Hordaland","Fitjar","Fitjar","1222","Andre2","Andre2",0,0,0,0
"2013","st","Hordaland","Tysnes","Tysnes","1223","A","Arbeiderpartiet",1,20.19765,327,104
"2013","st","Hordaland","Tysnes","Tysnes","1223","SV","Sosialistisk Venstreparti",1,2.47066,40,12
"2013","st","Hordaland","Tysnes","Tysnes","1223","RØDT","Rødt",1,0.24707,4,3
"2013","st","Hordaland","Tysnes","Tysnes","1223","SP","Senterpartiet",1,11.36504,184,48
"2013","st","Hordaland","Tysnes","Tysnes","1223","KRF","Kristelig Folkeparti",1,10.50031,170,38
"2013","st","Hordaland","Tysnes","Tysnes","1223","V","Venstre",1,4.26189,69,26
"2013","st","Hordaland","Tysnes","Tysnes","1223","H","Høyre",1,28.2273,457,155
"2013","st","Hordaland","Tysnes","Tysnes","1223","FRP","Fremskrittspartiet",1,18.09759,293,84
"2013","st","Hordaland","Tysnes","Tysnes","1223","DEMN","Demokratene i Norge",2,0.06177,1,1
"2013","st","Hordaland","Tysnes","Tysnes","1223","KRISTNE","De Kristne",2,1.05003,17,4
"2013","st","Hordaland","Tysnes","Tysnes","1223","KYST","Kystpartiet",2,0.06177,1,0
"2013","st","Hordaland","Tysnes","Tysnes","1223","MDG","Miljøpartiet De Grønne",2,2.77949,45,18
"2013","st","Hordaland","Tysnes","Tysnes","1223","NKP","Norges Kommunistiske Parti",2,0.12353,2,0
"2013","st","Hordaland","Tysnes","Tysnes","1223","PIR","Piratpartiet",2,0.30883,5,0
"2013","st","Hordaland","Tysnes","Tysnes","1223","PP","Pensjonistpartiet",2,0.24707,4,1
"2013","st","Hordaland","Tysnes","Tysnes","1223","BLANKE","Blanke",3,0.3706,6,0
"2013","st","Hordaland","Tysnes","Tysnes","1223","FOLKEM","Folkemakten",3,0,0,0
"2013","st","Hordaland","Tysnes","Tysnes","1223","Andre","Andre",0,4.63249,75,24
"2013","st","Hordaland","Tysnes","Tysnes","1223","Andre2","Andre2",0,0,0,0
"2013","st","Hordaland","Kvinnherad","Kvinnherad","1224","A","Arbeiderpartiet",1,23.07587,1685,420
"2013","st","Hordaland","Kvinnherad","Kvinnherad","1224","SV","Sosialistisk Venstreparti",1,2.99918,219,57
"2013","st","Hordaland","Kvinnherad","Kvinnherad","1224","RØDT","Rødt",1,0.68474,50,20
"2013","st","Hordaland","Kvinnherad","Kvinnherad","1224","SP","Senterpartiet",1,9.51794,695,121
"2013","st","Hordaland","Kvinnherad","Kvinnherad","1224","KRF","Kristelig Folkeparti",1,9.25774,676,168
"2013","st","Hordaland","Kvinnherad","Kvinnherad","1224","V","Venstre",1,3.57436,261,71
"2013","st","Hordaland","Kvinnherad","Kvinnherad","1224","H","Høyre",1,30.52588,2229,567
"2013","st","Hordaland","Kvinnherad","Kvinnherad","1224","FRP","Fremskrittspartiet",1,16.40646,1198,368
"2013","st","Hordaland","Kvinnherad","Kvinnherad","1224","DEMN","Demokratene i Norge",2,0.08217,6,0
"2013","st","Hordaland","Kvinnherad","Kvinnherad","1224","KRISTNE","De Kristne",2,1.24623,91,21
"2013","st","Hordaland","Kvinnherad","Kvinnherad","1224","KYST","Kystpartiet",2,0.04108,3,0
"2013","st","Hordaland","Kvinnherad","Kvinnherad","1224","MDG","Miljøpartiet De Grønne",2,2.02684,148,45
"2013","st","Hordaland","Kvinnherad","Kvinnherad","1224","NKP","Norges Kommunistiske Parti",2,0.02739,2,1
"2013","st","Hordaland","Kvinnherad","Kvinnherad","1224","PIR","Piratpartiet",2,0.2602,19,5
"2013","st","Hordaland","Kvinnherad","Kvinnherad","1224","PP","Pensjonistpartiet",2,0.2602,19,8
"2013","st","Hordaland","Kvinnherad","Kvinnherad","1224","BLANKE","Blanke",3,0.60257,44,9
"2013","st","Hordaland","Kvinnherad","Kvinnherad","1224","FOLKEM","Folkemakten",3,0.01369,1,0
"2013","st","Hordaland","Kvinnherad","Kvinnherad","1224","Andre","Andre",0,3.95782,289,80
"2013","st","Hordaland","Kvinnherad","Kvinnherad","1224","Andre2","Andre2",0,0,0,0
"2013","st","Hordaland","Jondal","Jondal","1227","A","Arbeiderpartiet",1,26.91176,183,38
"2013","st","Hordaland","Jondal","Jondal","1227","SV","Sosialistisk Venstreparti",1,1.47059,10,4
"2013","st","Hordaland","Jondal","Jondal","1227","RØDT","Rødt",1,0.73529,5,2
"2013","st","Hordaland","Jondal","Jondal","1227","SP","Senterpartiet",1,23.52941,160,45
"2013","st","Hordaland","Jondal","Jondal","1227","KRF","Kristelig Folkeparti",1,13.52941,92,30
"2013","st","Hordaland","Jondal","Jondal","1227","V","Venstre",1,3.23529,22,9
"2013","st","Hordaland","Jondal","Jondal","1227","H","Høyre",1,14.55882,99,35
"2013","st","Hordaland","Jondal","Jondal","1227","FRP","Fremskrittspartiet",1,9.55882,65,24
"2013","st","Hordaland","Jondal","Jondal","1227","DEMN","Demokratene i Norge",2,0,0,0
"2013","st","Hordaland","Jondal","Jondal","1227","KRISTNE","De Kristne",2,2.20588,15,8
"2013","st","Hordaland","Jondal","Jondal","1227","KYST","Kystpartiet",2,0,0,0
"2013","st","Hordaland","Jondal","Jondal","1227","MDG","Miljøpartiet De Grønne",2,3.82353,26,7
"2013","st","Hordaland","Jondal","Jondal","1227","NKP","Norges Kommunistiske Parti",2,0,0,0
"2013","st","Hordaland","Jondal","Jondal","1227","PIR","Piratpartiet",2,0.29412,2,2
"2013","st","Hordaland","Jondal","Jondal","1227","PP","Pensjonistpartiet",2,0.14706,1,0
"2013","st","Hordaland","Jondal","Jondal","1227","BLANKE","Blanke",3,0.14706,1,0
"2013","st","Hordaland","Jondal","Jondal","1227","FOLKEM","Folkemakten",3,0,0,0
"2013","st","Hordaland","Jondal","Jondal","1227","Andre","Andre",0,6.47059,44,17
"2013","st","Hordaland","Jondal","Jondal","1227","Andre2","Andre2",0,0,0,0
"2013","st","Hordaland","Odda","Odda","1228","A","Arbeiderpartiet",1,40.82752,1638,657
"2013","st","Hordaland","Odda","Odda","1228","SV","Sosialistisk Venstreparti",1,3.73878,150,60
"2013","st","Hordaland","Odda","Odda","1228","RØDT","Rødt",1,1.96909,79,36
"2013","st","Hordaland","Odda","Odda","1228","SP","Senterpartiet",1,6.33101,254,83
"2013","st","Hordaland","Odda","Odda","1228","KRF","Kristelig Folkeparti",1,4.08774,164,71
"2013","st","Hordaland","Odda","Odda","1228","V","Venstre",1,5.2343,210,87
"2013","st","Hordaland","Odda","Odda","1228","H","Høyre",1,20.31406,815,326
"2013","st","Hordaland","Odda","Odda","1228","FRP","Fremskrittspartiet",1,13.98305,561,237
"2013","st","Hordaland","Odda","Odda","1228","DEMN","Demokratene i Norge",2,0.79761,32,16
"2013","st","Hordaland","Odda","Odda","1228","KRISTNE","De Kristne",2,0.24925,10,4
"2013","st","Hordaland","Odda","Odda","1228","KYST","Kystpartiet",2,0.02493,1,0
"2013","st","Hordaland","Odda","Odda","1228","MDG","Miljøpartiet De Grønne",2,1.54536,62,39
"2013","st","Hordaland","Odda","Odda","1228","NKP","Norges Kommunistiske Parti",2,0.14955,6,3
"2013","st","Hordaland","Odda","Odda","1228","PIR","Piratpartiet",2,0.1994,8,2
"2013","st","Hordaland","Odda","Odda","1228","PP","Pensjonistpartiet",2,0.3988,16,9
"2013","st","Hordaland","Odda","Odda","1228","BLANKE","Blanke",3,0.52343,21,14
"2013","st","Hordaland","Odda","Odda","1228","FOLKEM","Folkemakten",3,0.14955,6,1
"2013","st","Hordaland","Odda","Odda","1228","Andre","Andre",0,3.51446,141,74
"2013","st","Hordaland","Odda","Odda","1228","Andre2","Andre2",0,0,0,0
"2013","st","Hordaland","Ullensvang","Ullensvang","1231","A","Arbeiderpartiet",1,19.73347,385,181
"2013","st","Hordaland","Ullensvang","Ullensvang","1231","SV","Sosialistisk Venstreparti",1,4.51051,88,46
"2013","st","Hordaland","Ullensvang","Ullensvang","1231","RØDT","Rødt",1,0.76884,15,11
"2013","st","Hordaland","Ullensvang","Ullensvang","1231","SP","Senterpartiet",1,24.29523,474,171
"2013","st","Hordaland","Ullensvang","Ullensvang","1231","KRF","Kristelig Folkeparti",1,6.35572,124,73
"2013","st","Hordaland","Ullensvang","Ullensvang","1231","V","Venstre",1,8.50846,166,62
"2013","st","Hordaland","Ullensvang","Ullensvang","1231","H","Høyre",1,20.75859,405,201
"2013","st","Hordaland","Ullensvang","Ullensvang","1231","FRP","Fremskrittspartiet",1,10.45618,204,82
"2013","st","Hordaland","Ullensvang","Ullensvang","1231","DEMN","Demokratene i Norge",2,0.20502,4,1
"2013","st","Hordaland","Ullensvang","Ullensvang","1231","KRISTNE","De Kristne",2,0.71758,14,10
"2013","st","Hordaland","Ullensvang","Ullensvang","1231","KYST","Kystpartiet",2,0.20502,4,2
"2013","st","Hordaland","Ullensvang","Ullensvang","1231","MDG","Miljøpartiet De Grønne",2,2.56279,50,26
"2013","st","Hordaland","Ullensvang","Ullensvang","1231","NKP","Norges Kommunistiske Parti",2,0.10251,2,1
"2013","st","Hordaland","Ullensvang","Ullensvang","1231","PIR","Piratpartiet",2,0.25628,5,1
"2013","st","Hordaland","Ullensvang","Ullensvang","1231","PP","Pensjonistpartiet",2,0.51256,10,6
"2013","st","Hordaland","Ullensvang","Ullensvang","1231","BLANKE","Blanke",3,0.30753,6,1
"2013","st","Hordaland","Ullensvang","Ullensvang","1231","FOLKEM","Folkemakten",3,0.05126,1,0
"2013","st","Hordaland","Ullensvang","Ullensvang","1231","Andre","Andre",0,4.61302,90,47
"2013","st","Hordaland","Ullensvang","Ullensvang","1231","Andre2","Andre2",0,0,0,0
"2013","st","Hordaland","Eidfjord","Eidfjord","1232","A","Arbeiderpartiet",1,29.7491,166,47
"2013","st","Hordaland","Eidfjord","Eidfjord","1232","SV","Sosialistisk Venstreparti",1,2.50896,14,6
"2013","st","Hordaland","Eidfjord","Eidfjord","1232","RØDT","Rødt",1,0.89606,5,1
"2013","st","Hordaland","Eidfjord","Eidfjord","1232","SP","Senterpartiet",1,15.05376,84,35
"2013","st","Hordaland","Eidfjord","Eidfjord","1232","KRF","Kristelig Folkeparti",1,3.04659,17,5
"2013","st","Hordaland","Eidfjord","Eidfjord","1232","V","Venstre",1,4.48029,25,5
"2013","st","Hordaland","Eidfjord","Eidfjord","1232","H","Høyre",1,26.16487,146,56
"2013","st","Hordaland","Eidfjord","Eidfjord","1232","FRP","Fremskrittspartiet",1,13.97849,78,28
"2013","st","Hordaland","Eidfjord","Eidfjord","1232","DEMN","Demokratene i Norge",2,0.17921,1,0
"2013","st","Hordaland","Eidfjord","Eidfjord","1232","KRISTNE","De Kristne",2,1.43369,8,7
"2013","st","Hordaland","Eidfjord","Eidfjord","1232","KYST","Kystpartiet",2,0.17921,1,1
"2013","st","Hordaland","Eidfjord","Eidfjord","1232","MDG","Miljøpartiet De Grønne",2,1.6129,9,3
"2013","st","Hordaland","Eidfjord","Eidfjord","1232","NKP","Norges Kommunistiske Parti",2,0,0,0
"2013","st","Hordaland","Eidfjord","Eidfjord","1232","PIR","Piratpartiet",2,0.53763,3,0
"2013","st","Hordaland","Eidfjord","Eidfjord","1232","PP","Pensjonistpartiet",2,0.17921,1,0
"2013","st","Hordaland","Eidfjord","Eidfjord","1232","BLANKE","Blanke",3,0.35842,2,0
"2013","st","Hordaland","Eidfjord","Eidfjord","1232","FOLKEM","Folkemakten",3,0,0,0
"2013","st","Hordaland","Eidfjord","Eidfjord","1232","Andre","Andre",0,4.12186,23,11
"2013","st","Hordaland","Eidfjord","Eidfjord","1232","Andre2","Andre2",0,0,0,0
"2013","st","Hordaland","Ulvik","Ulvik","1233","A","Arbeiderpartiet",1,24.34109,157,75
"2013","st","Hordaland","Ulvik","Ulvik","1233","SV","Sosialistisk Venstreparti",1,6.97674,45,15
"2013","st","Hordaland","Ulvik","Ulvik","1233","RØDT","Rødt",1,1.08527,7,4
"2013","st","Hordaland","Ulvik","Ulvik","1233","SP","Senterpartiet",1,18.60465,120,43
"2013","st","Hordaland","Ulvik","Ulvik","1233","KRF","Kristelig Folkeparti",1,4.49612,29,11
"2013","st","Hordaland","Ulvik","Ulvik","1233","V","Venstre",1,19.84496,128,34
"2013","st","Hordaland","Ulvik","Ulvik","1233","H","Høyre",1,11.16279,72,30
"2013","st","Hordaland","Ulvik","Ulvik","1233","FRP","Fremskrittspartiet",1,9.76744,63,20
"2013","st","Hordaland","Ulvik","Ulvik","1233","DEMN","Demokratene i Norge",2,0,0,0
"2013","st","Hordaland","Ulvik","Ulvik","1233","KRISTNE","De Kristne",2,0.46512,3,2
"2013","st","Hordaland","Ulvik","Ulvik","1233","KYST","Kystpartiet",2,0.15504,1,0
"2013","st","Hordaland","Ulvik","Ulvik","1233","MDG","Miljøpartiet De Grønne",2,2.32558,15,8
"2013","st","Hordaland","Ulvik","Ulvik","1233","NKP","Norges Kommunistiske Parti",2,0.31008,2,1
"2013","st","Hordaland","Ulvik","Ulvik","1233","PIR","Piratpartiet",2,0.46512,3,2
"2013","st","Hordaland","Ulvik","Ulvik","1233","PP","Pensjonistpartiet",2,0,0,0
"2013","st","Hordaland","Ulvik","Ulvik","1233","BLANKE","Blanke",3,0.62016,4,0
"2013","st","Hordaland","Ulvik","Ulvik","1233","FOLKEM","Folkemakten",3,0,0,0
"2013","st","Hordaland","Ulvik","Ulvik","1233","Andre","Andre",0,3.72093,24,13
"2013","st","Hordaland","Ulvik","Ulvik","1233","Andre2","Andre2",0,0,0,0
"2013","st","Hordaland","Granvin","Granvin","1234","A","Arbeiderpartiet",1,17.7305,100,33
"2013","st","Hordaland","Granvin","Granvin","1234","SV","Sosialistisk Venstreparti",1,6.20567,35,8
"2013","st","Hordaland","Granvin","Granvin","1234","RØDT","Rødt",1,0.70922,4,3
"2013","st","Hordaland","Granvin","Granvin","1234","SP","Senterpartiet",1,25.35461,143,37
"2013","st","Hordaland","Granvin","Granvin","1234","KRF","Kristelig Folkeparti",1,2.83688,16,5
"2013","st","Hordaland","Granvin","Granvin","1234","V","Venstre",1,13.65248,77,24
"2013","st","Hordaland","Granvin","Granvin","1234","H","Høyre",1,18.43972,104,35
"2013","st","Hordaland","Granvin","Granvin","1234","FRP","Fremskrittspartiet",1,11.17021,63,33
"2013","st","Hordaland","Granvin","Granvin","1234","DEMN","Demokratene i Norge",2,0,0,0
"2013","st","Hordaland","Granvin","Granvin","1234","KRISTNE","De Kristne",2,0.53191,3,0
"2013","st","Hordaland","Granvin","Granvin","1234","KYST","Kystpartiet",2,0,0,0
"2013","st","Hordaland","Granvin","Granvin","1234","MDG","Miljøpartiet De Grønne",2,3.19149,18,6
"2013","st","Hordaland","Granvin","Granvin","1234","NKP","Norges Kommunistiske Parti",2,0,0,0
"2013","st","Hordaland","Granvin","Granvin","1234","PIR","Piratpartiet",2,0.1773,1,0
"2013","st","Hordaland","Granvin","Granvin","1234","PP","Pensjonistpartiet",2,0,0,0
"2013","st","Hordaland","Granvin","Granvin","1234","BLANKE","Blanke",3,0,0,0
"2013","st","Hordaland","Granvin","Granvin","1234","FOLKEM","Folkemakten",3,0,0,0
"2013","st","Hordaland","Granvin","Granvin","1234","Andre","Andre",0,3.90071,22,6
"2013","st","Hordaland","Granvin","Granvin","1234","Andre2","Andre2",0,0,0,0
"2013","st","Hordaland","Voss","Voss","1235","A","Arbeiderpartiet",1,28.5522,2333,750
"2013","st","Hordaland","Voss","Voss","1235","SV","Sosialistisk Venstreparti",1,5.18908,424,126
"2013","st","Hordaland","Voss","Voss","1235","RØDT","Rødt",1,1.12593,92,30
"2013","st","Hordaland","Voss","Voss","1235","SP","Senterpartiet",1,16.81557,1374,305
"2013","st","Hordaland","Voss","Voss","1235","KRF","Kristelig Folkeparti",1,6.21711,508,168
"2013","st","Hordaland","Voss","Voss","1235","V","Venstre",1,7.20842,589,163
"2013","st","Hordaland","Voss","Voss","1235","H","Høyre",1,20.74409,1695,530
"2013","st","Hordaland","Voss","Voss","1235","FRP","Fremskrittspartiet",1,10.35369,846,295
"2013","st","Hordaland","Voss","Voss","1235","DEMN","Demokratene i Norge",2,0.04895,4,2
"2013","st","Hordaland","Voss","Voss","1235","KRISTNE","De Kristne",2,0.56297,46,20
"2013","st","Hordaland","Voss","Voss","1235","KYST","Kystpartiet",2,0.08567,7,1
"2013","st","Hordaland","Voss","Voss","1235","MDG","Miljøpartiet De Grønne",2,2.69245,220,96
"2013","st","Hordaland","Voss","Voss","1235","NKP","Norges Kommunistiske Parti",2,0.02448,2,1
"2013","st","Hordaland","Voss","Voss","1235","PIR","Piratpartiet",2,0.17134,14,4
"2013","st","Hordaland","Voss","Voss","1235","PP","Pensjonistpartiet",2,0.17134,14,6
"2013","st","Hordaland","Voss","Voss","1235","BLANKE","Blanke",3,0.44058,36,9
"2013","st","Hordaland","Voss","Voss","1235","FOLKEM","Folkemakten",3,0.03672,3,0
"2013","st","Hordaland","Voss","Voss","1235","Andre","Andre",0,3.79391,310,130
"2013","st","Hordaland","Voss","Voss","1235","Andre2","Andre2",0,0,0,0
"2013","st","Hordaland","Kvam","Kvam","1238","A","Arbeiderpartiet",1,20.67926,1029,314
"2013","st","Hordaland","Kvam","Kvam","1238","SV","Sosialistisk Venstreparti",1,2.95418,147,50
"2013","st","Hordaland","Kvam","Kvam","1238","RØDT","Rødt",1,0.5627,28,13
"2013","st","Hordaland","Kvam","Kvam","1238","SP","Senterpartiet",1,13.76608,685,183
"2013","st","Hordaland","Kvam","Kvam","1238","KRF","Kristelig Folkeparti",1,10.67122,531,185
"2013","st","Hordaland","Kvam","Kvam","1238","V","Venstre",1,5.40595,269,85
"2013","st","Hordaland","Kvam","Kvam","1238","H","Høyre",1,25.78376,1283,425
"2013","st","Hordaland","Kvam","Kvam","1238","FRP","Fremskrittspartiet",1,14.97186,745,255
"2013","st","Hordaland","Kvam","Kvam","1238","DEMN","Demokratene i Norge",2,0.04019,2,2
"2013","st","Hordaland","Kvam","Kvam","1238","KRISTNE","De Kristne",2,1.32637,66,27
"2013","st","Hordaland","Kvam","Kvam","1238","KYST","Kystpartiet",2,0.0201,1,0
"2013","st","Hordaland","Kvam","Kvam","1238","MDG","Miljøpartiet De Grønne",2,3.21543,160,59
"2013","st","Hordaland","Kvam","Kvam","1238","NKP","Norges Kommunistiske Parti",2,0.0201,1,0
"2013","st","Hordaland","Kvam","Kvam","1238","PIR","Piratpartiet",2,0.24116,12,7
"2013","st","Hordaland","Kvam","Kvam","1238","PP","Pensjonistpartiet",2,0.34164,17,5
"2013","st","Hordaland","Kvam","Kvam","1238","BLANKE","Blanke",3,0.48232,24,12
"2013","st","Hordaland","Kvam","Kvam","1238","FOLKEM","Folkemakten",3,0,0,0
"2013","st","Hordaland","Kvam","Kvam","1238","Andre","Andre",0,5.20498,259,100
"2013","st","Hordaland","Kvam","Kvam","1238","Andre2","Andre2",0,0,0,0
"2013","st","Hordaland","Fusa","Fusa","1241","A","Arbeiderpartiet",1,17.8143,401,112
"2013","st","Hordaland","Fusa","Fusa","1241","SV","Sosialistisk Venstreparti",1,2.97645,67,19
"2013","st","Hordaland","Fusa","Fusa","1241","RØDT","Rødt",1,0.79964,18,9
"2013","st","Hordaland","Fusa","Fusa","1241","SP","Senterpartiet",1,15.54865,350,70
"2013","st","Hordaland","Fusa","Fusa","1241","KRF","Kristelig Folkeparti",1,12.26122,276,81
"2013","st","Hordaland","Fusa","Fusa","1241","V","Venstre",1,4.35362,98,27
"2013","st","Hordaland","Fusa","Fusa","1241","H","Høyre",1,26.03287,586,156
"2013","st","Hordaland","Fusa","Fusa","1241","FRP","Fremskrittspartiet",1,16.03732,361,111
"2013","st","Hordaland","Fusa","Fusa","1241","DEMN","Demokratene i Norge",2,0.08885,2,1
"2013","st","Hordaland","Fusa","Fusa","1241","KRISTNE","De Kristne",2,0.97734,22,7
"2013","st","Hordaland","Fusa","Fusa","1241","KYST","Kystpartiet",2,0.08885,2,0
"2013","st","Hordaland","Fusa","Fusa","1241","MDG","Miljøpartiet De Grønne",2,2.53221,57,23
"2013","st","Hordaland","Fusa","Fusa","1241","NKP","Norges Kommunistiske Parti",2,0.1777,4,3
"2013","st","Hordaland","Fusa","Fusa","1241","PIR","Piratpartiet",2,0.13327,3,1
"2013","st","Hordaland","Fusa","Fusa","1241","PP","Pensjonistpartiet",2,0.04442,1,0
"2013","st","Hordaland","Fusa","Fusa","1241","BLANKE","Blanke",3,0.39982,9,4
"2013","st","Hordaland","Fusa","Fusa","1241","FOLKEM","Folkemakten",3,0.13327,3,1
"2013","st","Hordaland","Fusa","Fusa","1241","Andre","Andre",0,4.17592,94,36
"2013","st","Hordaland","Fusa","Fusa","1241","Andre2","Andre2",0,0,0,0
"2013","st","Hordaland","Samnanger","Samnanger","1242","A","Arbeiderpartiet",1,32.48151,483,114
"2013","st","Hordaland","Samnanger","Samnanger","1242","SV","Sosialistisk Venstreparti",1,1.61399,24,10
"2013","st","Hordaland","Samnanger","Samnanger","1242","RØDT","Rødt",1,0.60525,9,4
"2013","st","Hordaland","Samnanger","Samnanger","1242","SP","Senterpartiet",1,8.60794,128,17
"2013","st","Hordaland","Samnanger","Samnanger","1242","KRF","Kristelig Folkeparti",1,9.14593,136,30
"2013","st","Hordaland","Samnanger","Samnanger","1242","V","Venstre",1,3.09348,46,11
"2013","st","Hordaland","Samnanger","Samnanger","1242","H","Høyre",1,21.11634,314,73
"2013","st","Hordaland","Samnanger","Samnanger","1242","FRP","Fremskrittspartiet",1,17.14862,255,67
"2013","st","Hordaland","Samnanger","Samnanger","1242","DEMN","Demokratene i Norge",2,0.06725,1,1
"2013","st","Hordaland","Samnanger","Samnanger","1242","KRISTNE","De Kristne",2,2.42098,36,12
"2013","st","Hordaland","Samnanger","Samnanger","1242","KYST","Kystpartiet",2,0.20175,3,0
"2013","st","Hordaland","Samnanger","Samnanger","1242","MDG","Miljøpartiet De Grønne",2,3.02623,45,10
"2013","st","Hordaland","Samnanger","Samnanger","1242","NKP","Norges Kommunistiske Parti",2,0,0,0
"2013","st","Hordaland","Samnanger","Samnanger","1242","PIR","Piratpartiet",2,0.1345,2,0
"2013","st","Hordaland","Samnanger","Samnanger","1242","PP","Pensjonistpartiet",2,0.1345,2,1
"2013","st","Hordaland","Samnanger","Samnanger","1242","BLANKE","Blanke",3,0.20175,3,1
"2013","st","Hordaland","Samnanger","Samnanger","1242","FOLKEM","Folkemakten",3,0.20175,3,2
"2013","st","Hordaland","Samnanger","Samnanger","1242","Andre","Andre",0,6.18695,92,26
"2013","st","Hordaland","Samnanger","Samnanger","1242","Andre2","Andre2",0,0,0,0
"2013","st","Hordaland","Os","Os","1243","A","Arbeiderpartiet",1,20.2289,2068,614
"2013","st","Hordaland","Os","Os","1243","SV","Sosialistisk Venstreparti",1,3.16932,324,99
"2013","st","Hordaland","Os","Os","1243","RØDT","Rødt",1,0.50866,52,24
"2013","st","Hordaland","Os","Os","1243","SP","Senterpartiet",1,4.30402,440,113
"2013","st","Hordaland","Os","Os","1243","KRF","Kristelig Folkeparti",1,6.65167,680,204
"2013","st","Hordaland","Os","Os","1243","V","Venstre",1,5.59523,572,165
"2013","st","Hordaland","Os","Os","1243","H","Høyre",1,33.64961,3440,1046
"2013","st","Hordaland","Os","Os","1243","FRP","Fremskrittspartiet",1,21.57879,2206,739
"2013","st","Hordaland","Os","Os","1243","DEMN","Demokratene i Norge",2,0.02935,3,2
"2013","st","Hordaland","Os","Os","1243","KRISTNE","De Kristne",2,0.52822,54,26
"2013","st","Hordaland","Os","Os","1243","KYST","Kystpartiet",2,0.11738,12,0
"2013","st","Hordaland","Os","Os","1243","MDG","Miljøpartiet De Grønne",2,2.97369,304,109
"2013","st","Hordaland","Os","Os","1243","NKP","Norges Kommunistiske Parti",2,0.01956,2,1
"2013","st","Hordaland","Os","Os","1243","PIR","Piratpartiet",2,0.40106,41,12
"2013","st","Hordaland","Os","Os","1243","PP","Pensjonistpartiet",2,0.12716,13,8
"2013","st","Hordaland","Os","Os","1243","BLANKE","Blanke",3,0.57713,59,9
"2013","st","Hordaland","Os","Os","1243","FOLKEM","Folkemakten",3,0.11738,12,3
"2013","st","Hordaland","Os","Os","1243","Andre","Andre",0,4.3138,441,161
"2013","st","Hordaland","Os","Os","1243","Andre2","Andre2",0,0,0,0
"2013","st","Hordaland","Austevoll","Austevoll","1244","A","Arbeiderpartiet",1,16.64833,454,126
"2013","st","Hordaland","Austevoll","Austevoll","1244","SV","Sosialistisk Venstreparti",1,1.57682,43,16
"2013","st","Hordaland","Austevoll","Austevoll","1244","RØDT","Rødt",1,0.22002,6,3
"2013","st","Hordaland","Austevoll","Austevoll","1244","SP","Senterpartiet",1,2.86029,78,17
"2013","st","Hordaland","Austevoll","Austevoll","1244","KRF","Kristelig Folkeparti",1,10.59773,289,85
"2013","st","Hordaland","Austevoll","Austevoll","1244","V","Venstre",1,2.64026,72,28
"2013","st","Hordaland","Austevoll","Austevoll","1244","H","Høyre",1,37.36707,1019,307
"2013","st","Hordaland","Austevoll","Austevoll","1244","FRP","Fremskrittspartiet",1,25.11918,685,215
"2013","st","Hordaland","Austevoll","Austevoll","1244","DEMN","Demokratene i Norge",2,0.03667,1,0
"2013","st","Hordaland","Austevoll","Austevoll","1244","KRISTNE","De Kristne",2,1.10011,30,11
"2013","st","Hordaland","Austevoll","Austevoll","1244","KYST","Kystpartiet",2,0.22002,6,1
"2013","st","Hordaland","Austevoll","Austevoll","1244","MDG","Miljøpartiet De Grønne",2,1.17345,32,12
"2013","st","Hordaland","Austevoll","Austevoll","1244","NKP","Norges Kommunistiske Parti",2,0,0,0
"2013","st","Hordaland","Austevoll","Austevoll","1244","PIR","Piratpartiet",2,0.25669,7,3
"2013","st","Hordaland","Austevoll","Austevoll","1244","PP","Pensjonistpartiet",2,0.18335,5,1
"2013","st","Hordaland","Austevoll","Austevoll","1244","BLANKE","Blanke",3,0.29336,8,2
"2013","st","Hordaland","Austevoll","Austevoll","1244","FOLKEM","Folkemakten",3,0,0,0
"2013","st","Hordaland","Austevoll","Austevoll","1244","Andre","Andre",0,2.9703,81,28
"2013","st","Hordaland","Austevoll","Austevoll","1244","Andre2","Andre2",0,0,0,0
"2013","st","Hordaland","Sund","Sund","1245","A","Arbeiderpartiet",1,20.0551,728,166
"2013","st","Hordaland","Sund","Sund","1245","SV","Sosialistisk Venstreparti",1,3.0854,112,28
"2013","st","Hordaland","Sund","Sund","1245","RØDT","Rødt",1,0.44077,16,6
"2013","st","Hordaland","Sund","Sund","1245","SP","Senterpartiet",1,3.0854,112,23
"2013","st","Hordaland","Sund","Sund","1245","KRF","Kristelig Folkeparti",1,5.45455,198,41
"2013","st","Hordaland","Sund","Sund","1245","V","Venstre",1,3.22314,117,27
"2013","st","Hordaland","Sund","Sund","1245","H","Høyre",1,38.18182,1386,326
"2013","st","Hordaland","Sund","Sund","1245","FRP","Fremskrittspartiet",1,23.36088,848,224
"2013","st","Hordaland","Sund","Sund","1245","DEMN","Demokratene i Norge",2,0.08264,3,2
"2013","st","Hordaland","Sund","Sund","1245","KRISTNE","De Kristne",2,0.71625,26,9
"2013","st","Hordaland","Sund","Sund","1245","KYST","Kystpartiet",2,0.27548,10,3
"2013","st","Hordaland","Sund","Sund","1245","MDG","Miljøpartiet De Grønne",2,1.32231,48,13
"2013","st","Hordaland","Sund","Sund","1245","NKP","Norges Kommunistiske Parti",2,0.0551,2,1
"2013","st","Hordaland","Sund","Sund","1245","PIR","Piratpartiet",2,0.44077,16,4
"2013","st","Hordaland","Sund","Sund","1245","PP","Pensjonistpartiet",2,0.13774,5,2
"2013","st","Hordaland","Sund","Sund","1245","BLANKE","Blanke",3,0.38567,14,3
"2013","st","Hordaland","Sund","Sund","1245","FOLKEM","Folkemakten",3,0.08264,3,1
"2013","st","Hordaland","Sund","Sund","1245","Andre","Andre",0,3.11295,113,35
"2013","st","Hordaland","Sund","Sund","1245","Andre2","Andre2",0,0,0,0
"2013","st","Hordaland","Fjell","Fjell","1246","A","Arbeiderpartiet",1,21.07592,2715,823
"2013","st","Hordaland","Fjell","Fjell","1246","SV","Sosialistisk Venstreparti",1,2.1891,282,96
"2013","st","Hordaland","Fjell","Fjell","1246","RØDT","Rødt",1,0.3338,43,13
"2013","st","Hordaland","Fjell","Fjell","1246","SP","Senterpartiet",1,1.75439,226,66
"2013","st","Hordaland","Fjell","Fjell","1246","KRF","Kristelig Folkeparti",1,10.17699,1311,472
"2013","st","Hordaland","Fjell","Fjell","1246","V","Venstre",1,3.47772,448,125
"2013","st","Hordaland","Fjell","Fjell","1246","H","Høyre",1,36.24437,4669,1352
"2013","st","Hordaland","Fjell","Fjell","1246","FRP","Fremskrittspartiet",1,20.74212,2672,865
"2013","st","Hordaland","Fjell","Fjell","1246","DEMN","Demokratene i Norge",2,0.10092,13,4
"2013","st","Hordaland","Fjell","Fjell","1246","KRISTNE","De Kristne",2,1.15665,149,85
"2013","st","Hordaland","Fjell","Fjell","1246","KYST","Kystpartiet",2,0.20183,26,7
"2013","st","Hordaland","Fjell","Fjell","1246","MDG","Miljøpartiet De Grønne",2,1.94069,250,80
"2013","st","Hordaland","Fjell","Fjell","1246","NKP","Norges Kommunistiske Parti",2,0.05434,7,3
"2013","st","Hordaland","Fjell","Fjell","1246","PIR","Piratpartiet",2,0.32604,42,11
"2013","st","Hordaland","Fjell","Fjell","1246","PP","Pensjonistpartiet",2,0.13973,18,8
"2013","st","Hordaland","Fjell","Fjell","1246","BLANKE","Blanke",3,0.52787,68,18
"2013","st","Hordaland","Fjell","Fjell","1246","FOLKEM","Folkemakten",3,0.08539,11,2
"2013","st","Hordaland","Fjell","Fjell","1246","Andre","Andre",0,4.00559,516,200
"2013","st","Hordaland","Fjell","Fjell","1246","Andre2","Andre2",0,0,0,0
"2013","st","Hordaland","Askøy","Askøy","1247","A","Arbeiderpartiet",1,27.22513,4108,1149
"2013","st","Hordaland","Askøy","Askøy","1247","SV","Sosialistisk Venstreparti",1,3.67818,555,156
"2013","st","Hordaland","Askøy","Askøy","1247","RØDT","Rødt",1,0.87481,132,36
"2013","st","Hordaland","Askøy","Askøy","1247","SP","Senterpartiet",1,1.57731,238,59
"2013","st","Hordaland","Askøy","Askøy","1247","KRF","Kristelig Folkeparti",1,6.6406,1002,264
"2013","st","Hordaland","Askøy","Askøy","1247","V","Venstre",1,5.11631,772,182
"2013","st","Hordaland","Askøy","Askøy","1247","H","Høyre",1,33.05719,4988,1317
"2013","st","Hordaland","Askøy","Askøy","1247","FRP","Fremskrittspartiet",1,17.8872,2699,811
"2013","st","Hordaland","Askøy","Askøy","1247","DEMN","Demokratene i Norge",2,0.13917,21,8
"2013","st","Hordaland","Askøy","Askøy","1247","KRISTNE","De Kristne",2,0.78203,118,44
"2013","st","Hordaland","Askøy","Askøy","1247","KYST","Kystpartiet",2,0.05302,8,4
"2013","st","Hordaland","Askøy","Askøy","1247","MDG","Miljøpartiet De Grønne",2,2.26655,342,93
"2013","st","Hordaland","Askøy","Askøy","1247","NKP","Norges Kommunistiske Parti",2,0.05965,9,4
"2013","st","Hordaland","Askøy","Askøy","1247","PIR","Piratpartiet",2,0.39764,60,15
"2013","st","Hordaland","Askøy","Askøy","1247","PP","Pensjonistpartiet",2,0.15906,24,11
"2013","st","Hordaland","Askøy","Askøy","1247","BLANKE","Blanke",3,0.52356,79,14
"2013","st","Hordaland","Askøy","Askøy","1247","FOLKEM","Folkemakten",3,0.08616,13,2
"2013","st","Hordaland","Askøy","Askøy","1247","Andre","Andre",0,3.94327,595,181
"2013","st","Hordaland","Askøy","Askøy","1247","Andre2","Andre2",0,0,0,0
"2013","st","Hordaland","Vaksdal","Vaksdal","1251","A","Arbeiderpartiet",1,36.99422,896,198
"2013","st","Hordaland","Vaksdal","Vaksdal","1251","SV","Sosialistisk Venstreparti",1,5.07845,123,30
"2013","st","Hordaland","Vaksdal","Vaksdal","1251","RØDT","Rødt",1,0.45417,11,4
"2013","st","Hordaland","Vaksdal","Vaksdal","1251","SP","Senterpartiet",1,8.42279,204,29
"2013","st","Hordaland","Vaksdal","Vaksdal","1251","KRF","Kristelig Folkeparti",1,8.67052,210,43
"2013","st","Hordaland","Vaksdal","Vaksdal","1251","V","Venstre",1,3.75723,91,23
"2013","st","Hordaland","Vaksdal","Vaksdal","1251","H","Høyre",1,19.15772,464,127
"2013","st","Hordaland","Vaksdal","Vaksdal","1251","FRP","Fremskrittspartiet",1,13.70768,332,86
"2013","st","Hordaland","Vaksdal","Vaksdal","1251","DEMN","Demokratene i Norge",2,0.04129,1,1
"2013","st","Hordaland","Vaksdal","Vaksdal","1251","KRISTNE","De Kristne",2,0.99092,24,4
"2013","st","Hordaland","Vaksdal","Vaksdal","1251","KYST","Kystpartiet",2,0.04129,1,0
"2013","st","Hordaland","Vaksdal","Vaksdal","1251","MDG","Miljøpartiet De Grønne",2,2.06441,50,18
"2013","st","Hordaland","Vaksdal","Vaksdal","1251","NKP","Norges Kommunistiske Parti",2,0.04129,1,1
"2013","st","Hordaland","Vaksdal","Vaksdal","1251","PIR","Piratpartiet",2,0.24773,6,2
"2013","st","Hordaland","Vaksdal","Vaksdal","1251","PP","Pensjonistpartiet",2,0.33031,8,0
"2013","st","Hordaland","Vaksdal","Vaksdal","1251","BLANKE","Blanke",3,0.82576,20,3
"2013","st","Hordaland","Vaksdal","Vaksdal","1251","FOLKEM","Folkemakten",3,0,0,0
"2013","st","Hordaland","Vaksdal","Vaksdal","1251","Andre","Andre",0,3.75723,91,26
"2013","st","Hordaland","Vaksdal","Vaksdal","1251","Andre2","Andre2",0,0,0,0
"2013","st","Hordaland","Modalen","Modalen","1252","A","Arbeiderpartiet",1,20.52632,39,9
"2013","st","Hordaland","Modalen","Modalen","1252","SV","Sosialistisk Venstreparti",1,2.10526,4,2
"2013","st","Hordaland","Modalen","Modalen","1252","RØDT","Rødt",1,0.52632,1,1
"2013","st","Hordaland","Modalen","Modalen","1252","SP","Senterpartiet",1,34.21053,65,9
"2013","st","Hordaland","Modalen","Modalen","1252","KRF","Kristelig Folkeparti",1,12.10526,23,3
"2013","st","Hordaland","Modalen","Modalen","1252","V","Venstre",1,2.10526,4,1
"2013","st","Hordaland","Modalen","Modalen","1252","H","Høyre",1,13.68421,26,6
"2013","st","Hordaland","Modalen","Modalen","1252","FRP","Fremskrittspartiet",1,8.94737,17,9
"2013","st","Hordaland","Modalen","Modalen","1252","DEMN","Demokratene i Norge",2,0,0,0
"2013","st","Hordaland","Modalen","Modalen","1252","KRISTNE","De Kristne",2,0,0,0
"2013","st","Hordaland","Modalen","Modalen","1252","KYST","Kystpartiet",2,0,0,0
"2013","st","Hordaland","Modalen","Modalen","1252","MDG","Miljøpartiet De Grønne",2,4.73684,9,1
"2013","st","Hordaland","Modalen","Modalen","1252","NKP","Norges Kommunistiske Parti",2,0,0,0
"2013","st","Hordaland","Modalen","Modalen","1252","PIR","Piratpartiet",2,0,0,0
"2013","st","Hordaland","Modalen","Modalen","1252","PP","Pensjonistpartiet",2,1.05263,2,0
"2013","st","Hordaland","Modalen","Modalen","1252","BLANKE","Blanke",3,1.05263,2,1
"2013","st","Hordaland","Modalen","Modalen","1252","FOLKEM","Folkemakten",3,0,0,0
"2013","st","Hordaland","Modalen","Modalen","1252","Andre","Andre",0,5.78947,11,1
"2013","st","Hordaland","Modalen","Modalen","1252","Andre2","Andre2",0,0,0,0
"2013","st","Hordaland","Osterøy","Osterøy","1253","A","Arbeiderpartiet",1,23.8358,1080,245
"2013","st","Hordaland","Osterøy","Osterøy","1253","SV","Sosialistisk Venstreparti",1,3.02362,137,34
"2013","st","Hordaland","Osterøy","Osterøy","1253","RØDT","Rødt",1,0.72832,33,13
"2013","st","Hordaland","Osterøy","Osterøy","1253","SP","Senterpartiet",1,7.83492,355,57
"2013","st","Hordaland","Osterøy","Osterøy","1253","KRF","Kristelig Folkeparti",1,9.00463,408,112
"2013","st","Hordaland","Osterøy","Osterøy","1253","V","Venstre",1,3.72986,169,40
"2013","st","Hordaland","Osterøy","Osterøy","1253","H","Høyre",1,28.84573,1307,292
"2013","st","Hordaland","Osterøy","Osterøy","1253","FRP","Fremskrittspartiet",1,16.79541,761,194
"2013","st","Hordaland","Osterøy","Osterøy","1253","DEMN","Demokratene i Norge",2,0.02207,1,0
"2013","st","Hordaland","Osterøy","Osterøy","1253","KRISTNE","De Kristne",2,1.258,57,12
"2013","st","Hordaland","Osterøy","Osterøy","1253","KYST","Kystpartiet",2,0.04414,2,0
"2013","st","Hordaland","Osterøy","Osterøy","1253","MDG","Miljøpartiet De Grønne",2,4.12712,187,55
"2013","st","Hordaland","Osterøy","Osterøy","1253","NKP","Norges Kommunistiske Parti",2,0.04414,2,1
"2013","st","Hordaland","Osterøy","Osterøy","1253","PIR","Piratpartiet",2,0.61797,28,5
"2013","st","Hordaland","Osterøy","Osterøy","1253","PP","Pensjonistpartiet",2,0.08828,4,0
"2013","st","Hordaland","Osterøy","Osterøy","1253","BLANKE","Blanke",3,0.41933,19,4
"2013","st","Hordaland","Osterøy","Osterøy","1253","FOLKEM","Folkemakten",3,0,0,0
"2013","st","Hordaland","Osterøy","Osterøy","1253","Andre","Andre",0,6.20172,281,73
"2013","st","Hordaland","Osterøy","Osterøy","1253","Andre2","Andre2",0,0,0,0
"2013","st","Hordaland","Meland","Meland","1256","A","Arbeiderpartiet",1,23.03945,946,253
"2013","st","Hordaland","Meland","Meland","1256","SV","Sosialistisk Venstreparti",1,3.04433,125,28
"2013","st","Hordaland","Meland","Meland","1256","RØDT","Rødt",1,0.75499,31,12
"2013","st","Hordaland","Meland","Meland","1256","SP","Senterpartiet",1,6.30784,259,58
"2013","st","Hordaland","Meland","Meland","1256","KRF","Kristelig Folkeparti",1,14.29615,587,165
"2013","st","Hordaland","Meland","Meland","1256","V","Venstre",1,4.16464,171,45
"2013","st","Hordaland","Meland","Meland","1256","H","Høyre",1,28.15392,1156,301
"2013","st","Hordaland","Meland","Meland","1256","FRP","Fremskrittspartiet",1,15.44082,634,175
"2013","st","Hordaland","Meland","Meland","1256","DEMN","Demokratene i Norge",2,0,0,0
"2013","st","Hordaland","Meland","Meland","1256","KRISTNE","De Kristne",2,1.19338,49,16
"2013","st","Hordaland","Meland","Meland","1256","KYST","Kystpartiet",2,0.07306,3,1
"2013","st","Hordaland","Meland","Meland","1256","MDG","Miljøpartiet De Grønne",2,3.26352,134,42
"2013","st","Hordaland","Meland","Meland","1256","NKP","Norges Kommunistiske Parti",2,0,0,0
"2013","st","Hordaland","Meland","Meland","1256","PIR","Piratpartiet",2,0.17048,7,3
"2013","st","Hordaland","Meland","Meland","1256","PP","Pensjonistpartiet",2,0.09742,4,2
"2013","st","Hordaland","Meland","Meland","1256","BLANKE","Blanke",3,0.60887,25,8
"2013","st","Hordaland","Meland","Meland","1256","FOLKEM","Folkemakten",3,0,0,0
"2013","st","Hordaland","Meland","Meland","1256","Andre","Andre",0,4.79786,197,64
"2013","st","Hordaland","Meland","Meland","1256","Andre2","Andre2",0,0,0,0
"2013","st","Hordaland","Øygarden","Øygarden","1259","A","Arbeiderpartiet",1,21.03877,559,190
"2013","st","Hordaland","Øygarden","Øygarden","1259","SV","Sosialistisk Venstreparti",1,2.14528,57,23
"2013","st","Hordaland","Øygarden","Øygarden","1259","RØDT","Rødt",1,0.22582,6,3
"2013","st","Hordaland","Øygarden","Øygarden","1259","SP","Senterpartiet",1,1.50546,40,13
"2013","st","Hordaland","Øygarden","Øygarden","1259","KRF","Kristelig Folkeparti",1,12.79639,340,120
"2013","st","Hordaland","Øygarden","Øygarden","1259","V","Venstre",1,2.14528,57,16
"2013","st","Hordaland","Øygarden","Øygarden","1259","H","Høyre",1,33.1577,881,300
"2013","st","Hordaland","Øygarden","Øygarden","1259","FRP","Fremskrittspartiet",1,22.39368,595,231
"2013","st","Hordaland","Øygarden","Øygarden","1259","DEMN","Demokratene i Norge",2,0,0,0
"2013","st","Hordaland","Øygarden","Øygarden","1259","KRISTNE","De Kristne",2,2.52164,67,26
"2013","st","Hordaland","Øygarden","Øygarden","1259","KYST","Kystpartiet",2,0.15055,4,1
"2013","st","Hordaland","Øygarden","Øygarden","1259","MDG","Miljøpartiet De Grønne",2,1.39255,37,16
"2013","st","Hordaland","Øygarden","Øygarden","1259","NKP","Norges Kommunistiske Parti",2,0,0,0
"2013","st","Hordaland","Øygarden","Øygarden","1259","PIR","Piratpartiet",2,0.26346,7,1
"2013","st","Hordaland","Øygarden","Øygarden","1259","PP","Pensjonistpartiet",2,0.18818,5,4
"2013","st","Hordaland","Øygarden","Øygarden","1259","BLANKE","Blanke",3,0.52691,14,6
"2013","st","Hordaland","Øygarden","Øygarden","1259","FOLKEM","Folkemakten",3,0.07527,2,2
"2013","st","Hordaland","Øygarden","Øygarden","1259","Andre","Andre",0,4.59164,122,50
"2013","st","Hordaland","Øygarden","Øygarden","1259","Andre2","Andre2",0,0,0,0
"2013","st","Hordaland","Radøy","Radøy","1260","A","Arbeiderpartiet",1,23.02109,666,331
"2013","st","Hordaland","Radøy","Radøy","1260","SV","Sosialistisk Venstreparti",1,2.86899,83,36
"2013","st","Hordaland","Radøy","Radøy","1260","RØDT","Rødt",1,0.41479,12,7
"2013","st","Hordaland","Radøy","Radøy","1260","SP","Senterpartiet",1,13.34255,386,188
"2013","st","Hordaland","Radøy","Radøy","1260","KRF","Kristelig Folkeparti",1,10.54269,305,124
"2013","st","Hordaland","Radøy","Radøy","1260","V","Venstre",1,3.94055,114,56
"2013","st","Hordaland","Radøy","Radøy","1260","H","Høyre",1,26.06291,754,420
"2013","st","Hordaland","Radøy","Radøy","1260","FRP","Fremskrittspartiet",1,16.34981,473,235
"2013","st","Hordaland","Radøy","Radøy","1260","DEMN","Demokratene i Norge",2,0.38023,11,5
"2013","st","Hordaland","Radøy","Radøy","1260","KRISTNE","De Kristne",2,1.07155,31,14
"2013","st","Hordaland","Radøy","Radøy","1260","KYST","Kystpartiet",2,0.1037,3,0
"2013","st","Hordaland","Radøy","Radøy","1260","MDG","Miljøpartiet De Grønne",2,1.55548,45,30
"2013","st","Hordaland","Radøy","Radøy","1260","NKP","Norges Kommunistiske Parti",2,0,0,0
"2013","st","Hordaland","Radøy","Radøy","1260","PIR","Piratpartiet",2,0.17283,5,2
"2013","st","Hordaland","Radøy","Radøy","1260","PP","Pensjonistpartiet",2,0.13826,4,3
"2013","st","Hordaland","Radøy","Radøy","1260","BLANKE","Blanke",3,0.27653,8,3
"2013","st","Hordaland","Radøy","Radøy","1260","FOLKEM","Folkemakten",3,0.03457,1,0
"2013","st","Hordaland","Radøy","Radøy","1260","Andre","Andre",0,3.45662,100,54
"2013","st","Hordaland","Radøy","Radøy","1260","Andre2","Andre2",0,0,0,0
"2013","st","Hordaland","Lindås","Lindås","1263","A","Arbeiderpartiet",1,19.5827,1680,485
"2013","st","Hordaland","Lindås","Lindås","1263","SV","Sosialistisk Venstreparti",1,2.78587,239,78
"2013","st","Hordaland","Lindås","Lindås","1263","RØDT","Rødt",1,0.51288,44,17
"2013","st","Hordaland","Lindås","Lindås","1263","SP","Senterpartiet",1,7.5883,651,135
"2013","st","Hordaland","Lindås","Lindås","1263","KRF","Kristelig Folkeparti",1,16.12076,1383,367
"2013","st","Hordaland","Lindås","Lindås","1263","V","Venstre",1,4.13801,355,83
"2013","st","Hordaland","Lindås","Lindås","1263","H","Høyre",1,28.41823,2438,663
"2013","st","Hordaland","Lindås","Lindås","1263","FRP","Fremskrittspartiet",1,16.66861,1430,463
"2013","st","Hordaland","Lindås","Lindås","1263","DEMN","Demokratene i Norge",2,0.05828,5,2
"2013","st","Hordaland","Lindås","Lindås","1263","KRISTNE","De Kristne",2,1.42208,122,47
"2013","st","Hordaland","Lindås","Lindås","1263","KYST","Kystpartiet",2,0.11656,10,5
"2013","st","Hordaland","Lindås","Lindås","1263","MDG","Miljøpartiet De Grønne",2,2.05152,176,56
"2013","st","Hordaland","Lindås","Lindås","1263","NKP","Norges Kommunistiske Parti",2,0.05828,5,1
"2013","st","Hordaland","Lindås","Lindås","1263","PIR","Piratpartiet",2,0.30307,26,8
"2013","st","Hordaland","Lindås","Lindås","1263","PP","Pensjonistpartiet",2,0.17485,15,8
"2013","st","Hordaland","Lindås","Lindås","1263","BLANKE","Blanke",3,0.46625,40,18
"2013","st","Hordaland","Lindås","Lindås","1263","FOLKEM","Folkemakten",3,0,0,0
"2013","st","Hordaland","Lindås","Lindås","1263","Andre","Andre",0,4.18464,359,127
"2013","st","Hordaland","Lindås","Lindås","1263","Andre2","Andre2",0,0,0,0
"2013","st","Hordaland","Austrheim","Austrheim","1264","A","Arbeiderpartiet",1,23.83005,387,118
"2013","st","Hordaland","Austrheim","Austrheim","1264","SV","Sosialistisk Venstreparti",1,1.72414,28,3
"2013","st","Hordaland","Austrheim","Austrheim","1264","RØDT","Rødt",1,0.06158,1,0
"2013","st","Hordaland","Austrheim","Austrheim","1264","SP","Senterpartiet",1,5.23399,85,29
"2013","st","Hordaland","Austrheim","Austrheim","1264","KRF","Kristelig Folkeparti",1,10.34483,168,54
"2013","st","Hordaland","Austrheim","Austrheim","1264","V","Venstre",1,4.06404,66,20
"2013","st","Hordaland","Austrheim","Austrheim","1264","H","Høyre",1,34.29803,557,196
"2013","st","Hordaland","Austrheim","Austrheim","1264","FRP","Fremskrittspartiet",1,17.1798,279,100
"2013","st","Hordaland","Austrheim","Austrheim","1264","DEMN","Demokratene i Norge",2,0.12315,2,0
"2013","st","Hordaland","Austrheim","Austrheim","1264","KRISTNE","De Kristne",2,1.0468,17,6
"2013","st","Hordaland","Austrheim","Austrheim","1264","KYST","Kystpartiet",2,0.06158,1,0
"2013","st","Hordaland","Austrheim","Austrheim","1264","MDG","Miljøpartiet De Grønne",2,1.23153,20,13
"2013","st","Hordaland","Austrheim","Austrheim","1264","NKP","Norges Kommunistiske Parti",2,0,0,0
"2013","st","Hordaland","Austrheim","Austrheim","1264","PIR","Piratpartiet",2,0.36946,6,2
"2013","st","Hordaland","Austrheim","Austrheim","1264","PP","Pensjonistpartiet",2,0.24631,4,3
"2013","st","Hordaland","Austrheim","Austrheim","1264","BLANKE","Blanke",3,0.24631,4,2
"2013","st","Hordaland","Austrheim","Austrheim","1264","FOLKEM","Folkemakten",3,0.18473,3,0
"2013","st","Hordaland","Austrheim","Austrheim","1264","Andre","Andre",0,3.26355,53,24
"2013","st","Hordaland","Austrheim","Austrheim","1264","Andre2","Andre2",0,0,0,0
"2013","st","Hordaland","Fedje","Fedje","1265","A","Arbeiderpartiet",1,25.6,96,40
"2013","st","Hordaland","Fedje","Fedje","1265","SV","Sosialistisk Venstreparti",1,1.6,6,3
"2013","st","Hordaland","Fedje","Fedje","1265","RØDT","Rødt",1,1.06667,4,3
"2013","st","Hordaland","Fedje","Fedje","1265","SP","Senterpartiet",1,0.8,3,2
"2013","st","Hordaland","Fedje","Fedje","1265","KRF","Kristelig Folkeparti",1,19.46667,73,33
"2013","st","Hordaland","Fedje","Fedje","1265","V","Venstre",1,1.86667,7,4
"2013","st","Hordaland","Fedje","Fedje","1265","H","Høyre",1,30.93333,116,41
"2013","st","Hordaland","Fedje","Fedje","1265","FRP","Fremskrittspartiet",1,13.86667,52,28
"2013","st","Hordaland","Fedje","Fedje","1265","DEMN","Demokratene i Norge",2,0.8,3,2
"2013","st","Hordaland","Fedje","Fedje","1265","KRISTNE","De Kristne",2,1.6,6,3
"2013","st","Hordaland","Fedje","Fedje","1265","KYST","Kystpartiet",2,0.26667,1,1
"2013","st","Hordaland","Fedje","Fedje","1265","MDG","Miljøpartiet De Grønne",2,1.06667,4,1
"2013","st","Hordaland","Fedje","Fedje","1265","NKP","Norges Kommunistiske Parti",2,0,0,0
"2013","st","Hordaland","Fedje","Fedje","1265","PIR","Piratpartiet",2,0.8,3,3
"2013","st","Hordaland","Fedje","Fedje","1265","PP","Pensjonistpartiet",2,0.26667,1,0
"2013","st","Hordaland","Fedje","Fedje","1265","BLANKE","Blanke",3,0.26667,1,1
"2013","st","Hordaland","Fedje","Fedje","1265","FOLKEM","Folkemakten",3,0,0,0
"2013","st","Hordaland","Fedje","Fedje","1265","Andre","Andre",0,4.8,18,10
"2013","st","Hordaland","Fedje","Fedje","1265","Andre2","Andre2",0,0,0,0
"2013","st","Hordaland","Masfjorden","Masfjorden","1266","A","Arbeiderpartiet",1,23.84106,252,47
"2013","st","Hordaland","Masfjorden","Masfjorden","1266","SV","Sosialistisk Venstreparti",1,3.40587,36,14
"2013","st","Hordaland","Masfjorden","Masfjorden","1266","RØDT","Rødt",1,0.28382,3,1
"2013","st","Hordaland","Masfjorden","Masfjorden","1266","SP","Senterpartiet",1,14.28571,151,11
"2013","st","Hordaland","Masfjorden","Masfjorden","1266","KRF","Kristelig Folkeparti",1,11.5421,122,25
"2013","st","Hordaland","Masfjorden","Masfjorden","1266","V","Venstre",1,3.59508,38,8
"2013","st","Hordaland","Masfjorden","Masfjorden","1266","H","Høyre",1,23.46263,248,57
"2013","st","Hordaland","Masfjorden","Masfjorden","1266","FRP","Fremskrittspartiet",1,16.27247,172,46
"2013","st","Hordaland","Masfjorden","Masfjorden","1266","DEMN","Demokratene i Norge",2,0.09461,1,1
"2013","st","Hordaland","Masfjorden","Masfjorden","1266","KRISTNE","De Kristne",2,1.04068,11,1
"2013","st","Hordaland","Masfjorden","Masfjorden","1266","KYST","Kystpartiet",2,0.09461,1,0
"2013","st","Hordaland","Masfjorden","Masfjorden","1266","MDG","Miljøpartiet De Grønne",2,1.79754,19,10
"2013","st","Hordaland","Masfjorden","Masfjorden","1266","NKP","Norges Kommunistiske Parti",2,0,0,0
"2013","st","Hordaland","Masfjorden","Masfjorden","1266","PIR","Piratpartiet",2,0.18921,2,0
"2013","st","Hordaland","Masfjorden","Masfjorden","1266","PP","Pensjonistpartiet",2,0,0,0
"2013","st","Hordaland","Masfjorden","Masfjorden","1266","BLANKE","Blanke",3,0.28382,3,0
"2013","st","Hordaland","Masfjorden","Masfjorden","1266","FOLKEM","Folkemakten",3,0.09461,1,0
"2013","st","Hordaland","Masfjorden","Masfjorden","1266","Andre","Andre",0,3.31126,35,12
"2013","st","Hordaland","Masfjorden","Masfjorden","1266","Andre2","Andre2",0,0,0,0
"2013","st","Sogn og Fjordane","Flora","Flora","1401","A","Arbeiderpartiet",1,31.47257,1962,535
"2013","st","Sogn og Fjordane","Flora","Flora","1401","SV","Sosialistisk Venstreparti",1,3.93006,245,82
"2013","st","Sogn og Fjordane","Flora","Flora","1401","RØDT","Rødt",1,0.67372,42,13
"2013","st","Sogn og Fjordane","Flora","Flora","1401","SP","Senterpartiet",1,5.95124,371,97
"2013","st","Sogn og Fjordane","Flora","Flora","1401","KRF","Kristelig Folkeparti",1,4.95669,309,91
"2013","st","Sogn og Fjordane","Flora","Flora","1401","V","Venstre",1,6.3683,397,148
"2013","st","Sogn og Fjordane","Flora","Flora","1401","H","Høyre",1,27.97562,1744,582
"2013","st","Sogn og Fjordane","Flora","Flora","1401","FRP","Fremskrittspartiet",1,15.22297,949,326
"2013","st","Sogn og Fjordane","Flora","Flora","1401","DEMN","Demokratene i Norge",2,0.04812,3,3
"2013","st","Sogn og Fjordane","Flora","Flora","1401","KRISTNE","De Kristne",2,0.83414,52,13
"2013","st","Sogn og Fjordane","Flora","Flora","1401","KYST","Kystpartiet",2,0.17645,11,4
"2013","st","Sogn og Fjordane","Flora","Flora","1401","MDG","Miljøpartiet De Grønne",2,2.16554,135,63
"2013","st","Sogn og Fjordane","Flora","Flora","1401","PIR","Piratpartiet",2,0.22457,14,2
"2013","st","Sogn og Fjordane","Flora","Flora","1401","BLANKE","Blanke",3,0.44915,28,8
"2013","st","Sogn og Fjordane","Flora","Flora","1401","Andre","Andre",0,3.44883,215,85
"2013","st","Sogn og Fjordane","Flora","Flora","1401","Andre2","Andre2",0,0,0,0
"2013","st","Sogn og Fjordane","Gulen","Gulen","1411","A","Arbeiderpartiet",1,22.51608,315,97
"2013","st","Sogn og Fjordane","Gulen","Gulen","1411","SV","Sosialistisk Venstreparti",1,1.78699,25,8
"2013","st","Sogn og Fjordane","Gulen","Gulen","1411","RØDT","Rødt",1,0.28592,4,1
"2013","st","Sogn og Fjordane","Gulen","Gulen","1411","SP","Senterpartiet",1,22.65904,317,80
"2013","st","Sogn og Fjordane","Gulen","Gulen","1411","KRF","Kristelig Folkeparti",1,12.08006,169,50
"2013","st","Sogn og Fjordane","Gulen","Gulen","1411","V","Venstre",1,4.71766,66,29
"2013","st","Sogn og Fjordane","Gulen","Gulen","1411","H","Høyre",1,23.08792,323,99
"2013","st","Sogn og Fjordane","Gulen","Gulen","1411","FRP","Fremskrittspartiet",1,10.50751,147,49
"2013","st","Sogn og Fjordane","Gulen","Gulen","1411","DEMN","Demokratene i Norge",2,0,0,0
"2013","st","Sogn og Fjordane","Gulen","Gulen","1411","KRISTNE","De Kristne",2,0.64332,9,5
"2013","st","Sogn og Fjordane","Gulen","Gulen","1411","KYST","Kystpartiet",2,0.21444,3,0
"2013","st","Sogn og Fjordane","Gulen","Gulen","1411","MDG","Miljøpartiet De Grønne",2,1.35811,19,10
"2013","st","Sogn og Fjordane","Gulen","Gulen","1411","PIR","Piratpartiet",2,0.14296,2,1
"2013","st","Sogn og Fjordane","Gulen","Gulen","1411","BLANKE","Blanke",3,0.42888,6,1
"2013","st","Sogn og Fjordane","Gulen","Gulen","1411","Andre","Andre",0,2.35883,33,16
"2013","st","Sogn og Fjordane","Gulen","Gulen","1411","Andre2","Andre2",0,0,0,0
"2013","st","Sogn og Fjordane","Solund","Solund","1412","A","Arbeiderpartiet",1,21.47239,105,51
"2013","st","Sogn og Fjordane","Solund","Solund","1412","SV","Sosialistisk Venstreparti",1,2.24949,11,5
"2013","st","Sogn og Fjordane","Solund","Solund","1412","RØDT","Rødt",1,0.818,4,2
"2013","st","Sogn og Fjordane","Solund","Solund","1412","SP","Senterpartiet",1,20.0409,98,48
"2013","st","Sogn og Fjordane","Solund","Solund","1412","KRF","Kristelig Folkeparti",1,6.74847,33,14
"2013","st","Sogn og Fjordane","Solund","Solund","1412","V","Venstre",1,3.68098,18,10
"2013","st","Sogn og Fjordane","Solund","Solund","1412","H","Høyre",1,28.22086,138,60
"2013","st","Sogn og Fjordane","Solund","Solund","1412","FRP","Fremskrittspartiet",1,12.67894,62,29
"2013","st","Sogn og Fjordane","Solund","Solund","1412","DEMN","Demokratene i Norge",2,0,0,0
"2013","st","Sogn og Fjordane","Solund","Solund","1412","KRISTNE","De Kristne",2,0.818,4,2
"2013","st","Sogn og Fjordane","Solund","Solund","1412","KYST","Kystpartiet",2,0.818,4,1
"2013","st","Sogn og Fjordane","Solund","Solund","1412","MDG","Miljøpartiet De Grønne",2,2.24949,11,6
"2013","st","Sogn og Fjordane","Solund","Solund","1412","PIR","Piratpartiet",2,0.2045,1,1
"2013","st","Sogn og Fjordane","Solund","Solund","1412","BLANKE","Blanke",3,0,0,0
"2013","st","Sogn og Fjordane","Solund","Solund","1412","Andre","Andre",0,4.08998,20,10
"2013","st","Sogn og Fjordane","Solund","Solund","1412","Andre2","Andre2",0,0,0,0
"2013","st","Sogn og Fjordane","Hyllestad","Hyllestad","1413","A","Arbeiderpartiet",1,32.99621,261,115
"2013","st","Sogn og Fjordane","Hyllestad","Hyllestad","1413","SV","Sosialistisk Venstreparti",1,2.02276,16,7
"2013","st","Sogn og Fjordane","Hyllestad","Hyllestad","1413","RØDT","Rødt",1,0.12642,1,0
"2013","st","Sogn og Fjordane","Hyllestad","Hyllestad","1413","SP","Senterpartiet",1,23.89381,189,64
"2013","st","Sogn og Fjordane","Hyllestad","Hyllestad","1413","KRF","Kristelig Folkeparti",1,8.72314,69,27
"2013","st","Sogn og Fjordane","Hyllestad","Hyllestad","1413","V","Venstre",1,2.78129,22,5
"2013","st","Sogn og Fjordane","Hyllestad","Hyllestad","1413","H","Høyre",1,16.18205,128,65
"2013","st","Sogn og Fjordane","Hyllestad","Hyllestad","1413","FRP","Fremskrittspartiet",1,8.59671,68,26
"2013","st","Sogn og Fjordane","Hyllestad","Hyllestad","1413","DEMN","Demokratene i Norge",2,0,0,0
"2013","st","Sogn og Fjordane","Hyllestad","Hyllestad","1413","KRISTNE","De Kristne",2,1.1378,9,3
"2013","st","Sogn og Fjordane","Hyllestad","Hyllestad","1413","KYST","Kystpartiet",2,0.63211,5,0
"2013","st","Sogn og Fjordane","Hyllestad","Hyllestad","1413","MDG","Miljøpartiet De Grønne",2,2.02276,16,12
"2013","st","Sogn og Fjordane","Hyllestad","Hyllestad","1413","PIR","Piratpartiet",2,0.88496,7,3
"2013","st","Sogn og Fjordane","Hyllestad","Hyllestad","1413","BLANKE","Blanke",3,0.63211,5,2
"2013","st","Sogn og Fjordane","Hyllestad","Hyllestad","1413","Andre","Andre",0,4.67762,37,18
"2013","st","Sogn og Fjordane","Hyllestad","Hyllestad","1413","Andre2","Andre2",0,0,0,0
"2013","st","Sogn og Fjordane","Høyanger","Høyanger","1416","A","Arbeiderpartiet",1,43.98815,1039,226
"2013","st","Sogn og Fjordane","Høyanger","Høyanger","1416","SV","Sosialistisk Venstreparti",1,2.70957,64,14
"2013","st","Sogn og Fjordane","Høyanger","Høyanger","1416","RØDT","Rødt",1,2.20152,52,11
"2013","st","Sogn og Fjordane","Høyanger","Høyanger","1416","SP","Senterpartiet",1,15.24132,360,58
"2013","st","Sogn og Fjordane","Høyanger","Høyanger","1416","KRF","Kristelig Folkeparti",1,5.16511,122,37
"2013","st","Sogn og Fjordane","Høyanger","Høyanger","1416","V","Venstre",1,2.49788,59,10
"2013","st","Sogn og Fjordane","Høyanger","Høyanger","1416","H","Høyre",1,15.49534,366,108
"2013","st","Sogn og Fjordane","Høyanger","Høyanger","1416","FRP","Fremskrittspartiet",1,9.65284,228,70
"2013","st","Sogn og Fjordane","Høyanger","Høyanger","1416","DEMN","Demokratene i Norge",2,0,0,0
"2013","st","Sogn og Fjordane","Høyanger","Høyanger","1416","KRISTNE","De Kristne",2,0.55038,13,9
"2013","st","Sogn og Fjordane","Høyanger","Høyanger","1416","KYST","Kystpartiet",2,0.38103,9,2
"2013","st","Sogn og Fjordane","Høyanger","Høyanger","1416","MDG","Miljøpartiet De Grønne",2,1.90517,45,11
"2013","st","Sogn og Fjordane","Høyanger","Høyanger","1416","PIR","Piratpartiet",2,0.21169,5,4
"2013","st","Sogn og Fjordane","Høyanger","Høyanger","1416","BLANKE","Blanke",3,0.46571,11,3
"2013","st","Sogn og Fjordane","Høyanger","Høyanger","1416","Andre","Andre",0,3.04826,72,26
"2013","st","Sogn og Fjordane","Høyanger","Høyanger","1416","Andre2","Andre2",0,0,0,0
"2013","st","Sogn og Fjordane","Vik","Vik","1417","A","Arbeiderpartiet",1,26.96774,418,119
"2013","st","Sogn og Fjordane","Vik","Vik","1417","SV","Sosialistisk Venstreparti",1,2.51613,39,17
"2013","st","Sogn og Fjordane","Vik","Vik","1417","RØDT","Rødt",1,0.32258,5,0
"2013","st","Sogn og Fjordane","Vik","Vik","1417","SP","Senterpartiet",1,37.16129,576,100
"2013","st","Sogn og Fjordane","Vik","Vik","1417","KRF","Kristelig Folkeparti",1,5.35484,83,20
"2013","st","Sogn og Fjordane","Vik","Vik","1417","V","Venstre",1,2.77419,43,12
"2013","st","Sogn og Fjordane","Vik","Vik","1417","H","Høyre",1,13.35484,207,72
"2013","st","Sogn og Fjordane","Vik","Vik","1417","FRP","Fremskrittspartiet",1,9.03226,140,45
"2013","st","Sogn og Fjordane","Vik","Vik","1417","DEMN","Demokratene i Norge",2,0.19355,3,2
"2013","st","Sogn og Fjordane","Vik","Vik","1417","KRISTNE","De Kristne",2,0.90323,14,3
"2013","st","Sogn og Fjordane","Vik","Vik","1417","KYST","Kystpartiet",2,0,0,0
"2013","st","Sogn og Fjordane","Vik","Vik","1417","MDG","Miljøpartiet De Grønne",2,1.35484,21,12
"2013","st","Sogn og Fjordane","Vik","Vik","1417","PIR","Piratpartiet",2,0.06452,1,0
"2013","st","Sogn og Fjordane","Vik","Vik","1417","BLANKE","Blanke",3,0.64516,10,3
"2013","st","Sogn og Fjordane","Vik","Vik","1417","Andre","Andre",0,2.51613,39,17
"2013","st","Sogn og Fjordane","Vik","Vik","1417","Andre2","Andre2",0,0,0,0
"2013","st","Sogn og Fjordane","Balestrand","Balestrand","1418","A","Arbeiderpartiet",1,22.74563,169,62
"2013","st","Sogn og Fjordane","Balestrand","Balestrand","1418","SV","Sosialistisk Venstreparti",1,5.65276,42,12
"2013","st","Sogn og Fjordane","Balestrand","Balestrand","1418","RØDT","Rødt",1,1.74966,13,4
"2013","st","Sogn og Fjordane","Balestrand","Balestrand","1418","SP","Senterpartiet",1,22.20727,165,37
"2013","st","Sogn og Fjordane","Balestrand","Balestrand","1418","KRF","Kristelig Folkeparti",1,13.86272,103,28
"2013","st","Sogn og Fjordane","Balestrand","Balestrand","1418","V","Venstre",1,6.05653,45,14
"2013","st","Sogn og Fjordane","Balestrand","Balestrand","1418","H","Høyre",1,14.80485,110,33
"2013","st","Sogn og Fjordane","Balestrand","Balestrand","1418","FRP","Fremskrittspartiet",1,8.47914,63,19
"2013","st","Sogn og Fjordane","Balestrand","Balestrand","1418","DEMN","Demokratene i Norge",2,0.13459,1,0
"2013","st","Sogn og Fjordane","Balestrand","Balestrand","1418","KRISTNE","De Kristne",2,2.15343,16,6
"2013","st","Sogn og Fjordane","Balestrand","Balestrand","1418","KYST","Kystpartiet",2,0.40377,3,0
"2013","st","Sogn og Fjordane","Balestrand","Balestrand","1418","MDG","Miljøpartiet De Grønne",2,1.3459,10,3
"2013","st","Sogn og Fjordane","Balestrand","Balestrand","1418","PIR","Piratpartiet",2,0.40377,3,2
"2013","st","Sogn og Fjordane","Balestrand","Balestrand","1418","BLANKE","Blanke",3,0.67295,5,4
"2013","st","Sogn og Fjordane","Balestrand","Balestrand","1418","Andre","Andre",0,4.44145,33,11
"2013","st","Sogn og Fjordane","Balestrand","Balestrand","1418","Andre2","Andre2",0,0,0,0
"2013","st","Sogn og Fjordane","Leikanger","Leikanger","1419","A","Arbeiderpartiet",1,34.75434,481,130
"2013","st","Sogn og Fjordane","Leikanger","Leikanger","1419","SV","Sosialistisk Venstreparti",1,5.99711,83,25
"2013","st","Sogn og Fjordane","Leikanger","Leikanger","1419","RØDT","Rødt",1,0.72254,10,5
"2013","st","Sogn og Fjordane","Leikanger","Leikanger","1419","SP","Senterpartiet",1,25.86705,358,73
"2013","st","Sogn og Fjordane","Leikanger","Leikanger","1419","KRF","Kristelig Folkeparti",1,4.55202,63,19
"2013","st","Sogn og Fjordane","Leikanger","Leikanger","1419","V","Venstre",1,5.78035,80,22
"2013","st","Sogn og Fjordane","Leikanger","Leikanger","1419","H","Høyre",1,13.58382,188,49
"2013","st","Sogn og Fjordane","Leikanger","Leikanger","1419","FRP","Fremskrittspartiet",1,5.92486,82,20
"2013","st","Sogn og Fjordane","Leikanger","Leikanger","1419","DEMN","Demokratene i Norge",2,0,0,0
"2013","st","Sogn og Fjordane","Leikanger","Leikanger","1419","KRISTNE","De Kristne",2,0.43353,6,0
"2013","st","Sogn og Fjordane","Leikanger","Leikanger","1419","KYST","Kystpartiet",2,0.21676,3,0
"2013","st","Sogn og Fjordane","Leikanger","Leikanger","1419","MDG","Miljøpartiet De Grønne",2,2.02312,28,6
"2013","st","Sogn og Fjordane","Leikanger","Leikanger","1419","PIR","Piratpartiet",2,0.14451,2,0
"2013","st","Sogn og Fjordane","Leikanger","Leikanger","1419","BLANKE","Blanke",3,0.14451,2,0
"2013","st","Sogn og Fjordane","Leikanger","Leikanger","1419","Andre","Andre",0,2.81792,39,6
"2013","st","Sogn og Fjordane","Leikanger","Leikanger","1419","Andre2","Andre2",0,0,0,0
"2013","st","Sogn og Fjordane","Sogndal","Sogndal","1420","A","Arbeiderpartiet",1,29.98605,1290,357
"2013","st","Sogn og Fjordane","Sogndal","Sogndal","1420","SV","Sosialistisk Venstreparti",1,4.97443,214,66
"2013","st","Sogn og Fjordane","Sogndal","Sogndal","1420","RØDT","Rødt",1,0.34868,15,4
"2013","st","Sogn og Fjordane","Sogndal","Sogndal","1420","SP","Senterpartiet",1,21.66434,932,211
"2013","st","Sogn og Fjordane","Sogndal","Sogndal","1420","KRF","Kristelig Folkeparti",1,6.90377,297,86
"2013","st","Sogn og Fjordane","Sogndal","Sogndal","1420","V","Venstre",1,4.78847,206,61
"2013","st","Sogn og Fjordane","Sogndal","Sogndal","1420","H","Høyre",1,18.08461,778,225
"2013","st","Sogn og Fjordane","Sogndal","Sogndal","1420","FRP","Fremskrittspartiet",1,10.39052,447,134
"2013","st","Sogn og Fjordane","Sogndal","Sogndal","1420","DEMN","Demokratene i Norge",2,0.02325,1,1
"2013","st","Sogn og Fjordane","Sogndal","Sogndal","1420","KRISTNE","De Kristne",2,0.41841,18,1
"2013","st","Sogn og Fjordane","Sogndal","Sogndal","1420","KYST","Kystpartiet",2,0,0,0
"2013","st","Sogn og Fjordane","Sogndal","Sogndal","1420","MDG","Miljøpartiet De Grønne",2,1.95258,84,35
"2013","st","Sogn og Fjordane","Sogndal","Sogndal","1420","PIR","Piratpartiet",2,0.4649,20,5
"2013","st","Sogn og Fjordane","Sogndal","Sogndal","1420","BLANKE","Blanke",3,0.41841,18,7
"2013","st","Sogn og Fjordane","Sogndal","Sogndal","1420","Andre","Andre",0,2.85914,123,42
"2013","st","Sogn og Fjordane","Sogndal","Sogndal","1420","Andre2","Andre2",0,0,0,0
"2013","st","Sogn og Fjordane","Aurland","Aurland","1421","A","Arbeiderpartiet",1,32.18623,318,80
"2013","st","Sogn og Fjordane","Aurland","Aurland","1421","SV","Sosialistisk Venstreparti",1,3.34008,33,10
"2013","st","Sogn og Fjordane","Aurland","Aurland","1421","RØDT","Rødt",1,0.80972,8,4
"2013","st","Sogn og Fjordane","Aurland","Aurland","1421","SP","Senterpartiet",1,18.01619,178,36
"2013","st","Sogn og Fjordane","Aurland","Aurland","1421","KRF","Kristelig Folkeparti",1,2.32794,23,5
"2013","st","Sogn og Fjordane","Aurland","Aurland","1421","V","Venstre",1,5.46559,54,11
"2013","st","Sogn og Fjordane","Aurland","Aurland","1421","H","Høyre",1,21.86235,216,39
"2013","st","Sogn og Fjordane","Aurland","Aurland","1421","FRP","Fremskrittspartiet",1,9.31174,92,27
"2013","st","Sogn og Fjordane","Aurland","Aurland","1421","DEMN","Demokratene i Norge",2,0,0,0
"2013","st","Sogn og Fjordane","Aurland","Aurland","1421","KRISTNE","De Kristne",2,0.50607,5,1
"2013","st","Sogn og Fjordane","Aurland","Aurland","1421","KYST","Kystpartiet",2,0.10121,1,0
"2013","st","Sogn og Fjordane","Aurland","Aurland","1421","MDG","Miljøpartiet De Grønne",2,6.07287,60,27
"2013","st","Sogn og Fjordane","Aurland","Aurland","1421","PIR","Piratpartiet",2,0,0,0
"2013","st","Sogn og Fjordane","Aurland","Aurland","1421","BLANKE","Blanke",3,0.60729,6,1
"2013","st","Sogn og Fjordane","Aurland","Aurland","1421","Andre","Andre",0,6.68016,66,28
"2013","st","Sogn og Fjordane","Aurland","Aurland","1421","Andre2","Andre2",0,0,0,0
"2013","st","Sogn og Fjordane","Lærdal","Lærdal","1422","A","Arbeiderpartiet",1,31.27925,401,104
"2013","st","Sogn og Fjordane","Lærdal","Lærdal","1422","SV","Sosialistisk Venstreparti",1,4.60218,59,18
"2013","st","Sogn og Fjordane","Lærdal","Lærdal","1422","RØDT","Rødt",1,0.78003,10,5
"2013","st","Sogn og Fjordane","Lærdal","Lærdal","1422","SP","Senterpartiet",1,30.34321,389,86
"2013","st","Sogn og Fjordane","Lærdal","Lærdal","1422","KRF","Kristelig Folkeparti",1,1.71607,22,0
"2013","st","Sogn og Fjordane","Lærdal","Lærdal","1422","V","Venstre",1,4.52418,58,16
"2013","st","Sogn og Fjordane","Lærdal","Lærdal","1422","H","Høyre",1,15.44462,198,73
"2013","st","Sogn og Fjordane","Lærdal","Lærdal","1422","FRP","Fremskrittspartiet",1,9.20437,118,28
"2013","st","Sogn og Fjordane","Lærdal","Lærdal","1422","DEMN","Demokratene i Norge",2,0.15601,2,0
"2013","st","Sogn og Fjordane","Lærdal","Lærdal","1422","KRISTNE","De Kristne",2,0,0,0
"2013","st","Sogn og Fjordane","Lærdal","Lærdal","1422","KYST","Kystpartiet",2,0.15601,2,1
"2013","st","Sogn og Fjordane","Lærdal","Lærdal","1422","MDG","Miljøpartiet De Grønne",2,1.63807,21,6
"2013","st","Sogn og Fjordane","Lærdal","Lærdal","1422","PIR","Piratpartiet",2,0.15601,2,1
"2013","st","Sogn og Fjordane","Lærdal","Lærdal","1422","BLANKE","Blanke",3,0.39002,5,2
"2013","st","Sogn og Fjordane","Lærdal","Lærdal","1422","Andre","Andre",0,2.10608,27,8
"2013","st","Sogn og Fjordane","Lærdal","Lærdal","1422","Andre2","Andre2",0,0,0,0
"2013","st","Sogn og Fjordane","Årdal","Årdal","1424","A","Arbeiderpartiet",1,62.69741,1985,439
"2013","st","Sogn og Fjordane","Årdal","Årdal","1424","SV","Sosialistisk Venstreparti",1,2.11623,67,14
"2013","st","Sogn og Fjordane","Årdal","Årdal","1424","RØDT","Rødt",1,0.28427,9,1
"2013","st","Sogn og Fjordane","Årdal","Årdal","1424","SP","Senterpartiet",1,9.12824,289,73
"2013","st","Sogn og Fjordane","Årdal","Årdal","1424","KRF","Kristelig Folkeparti",1,1.3266,42,11
"2013","st","Sogn og Fjordane","Årdal","Årdal","1424","V","Venstre",1,1.95831,62,21
"2013","st","Sogn og Fjordane","Årdal","Årdal","1424","H","Høyre",1,12.66582,401,106
"2013","st","Sogn og Fjordane","Årdal","Årdal","1424","FRP","Fremskrittspartiet",1,8.14908,258,72
"2013","st","Sogn og Fjordane","Årdal","Årdal","1424","DEMN","Demokratene i Norge",2,0.09476,3,0
"2013","st","Sogn og Fjordane","Årdal","Årdal","1424","KRISTNE","De Kristne",2,0.4422,14,6
"2013","st","Sogn og Fjordane","Årdal","Årdal","1424","KYST","Kystpartiet",2,0,0,0
"2013","st","Sogn og Fjordane","Årdal","Årdal","1424","MDG","Miljøpartiet De Grønne",2,0.97915,31,9
"2013","st","Sogn og Fjordane","Årdal","Årdal","1424","PIR","Piratpartiet",2,0.15793,5,3
"2013","st","Sogn og Fjordane","Årdal","Årdal","1424","BLANKE","Blanke",3,0.34744,11,6
"2013","st","Sogn og Fjordane","Årdal","Årdal","1424","Andre","Andre",0,1.67404,53,18
"2013","st","Sogn og Fjordane","Årdal","Årdal","1424","Andre2","Andre2",0,0,0,0
"2013","st","Sogn og Fjordane","Luster","Luster","1426","A","Arbeiderpartiet",1,35.30003,1053,290
"2013","st","Sogn og Fjordane","Luster","Luster","1426","SV","Sosialistisk Venstreparti",1,2.38015,71,26
"2013","st","Sogn og Fjordane","Luster","Luster","1426","RØDT","Rødt",1,0.4358,13,7
"2013","st","Sogn og Fjordane","Luster","Luster","1426","SP","Senterpartiet",1,28.32719,845,202
"2013","st","Sogn og Fjordane","Luster","Luster","1426","KRF","Kristelig Folkeparti",1,7.30808,218,44
"2013","st","Sogn og Fjordane","Luster","Luster","1426","V","Venstre",1,2.95005,88,26
"2013","st","Sogn og Fjordane","Luster","Luster","1426","H","Høyre",1,12.10191,361,107
"2013","st","Sogn og Fjordane","Luster","Luster","1426","FRP","Fremskrittspartiet",1,8.38082,250,67
"2013","st","Sogn og Fjordane","Luster","Luster","1426","DEMN","Demokratene i Norge",2,0.03352,1,0
"2013","st","Sogn og Fjordane","Luster","Luster","1426","KRISTNE","De Kristne",2,0.90513,27,10
"2013","st","Sogn og Fjordane","Luster","Luster","1426","KYST","Kystpartiet",2,0,0,0
"2013","st","Sogn og Fjordane","Luster","Luster","1426","MDG","Miljøpartiet De Grønne",2,1.40798,42,17
"2013","st","Sogn og Fjordane","Luster","Luster","1426","PIR","Piratpartiet",2,0.46933,14,1
"2013","st","Sogn og Fjordane","Luster","Luster","1426","BLANKE","Blanke",3,0.33523,10,5
"2013","st","Sogn og Fjordane","Luster","Luster","1426","Andre","Andre",0,2.81596,84,28
"2013","st","Sogn og Fjordane","Luster","Luster","1426","Andre2","Andre2",0,0,0,0
"2013","st","Sogn og Fjordane","Askvoll","Askvoll","1428","A","Arbeiderpartiet",1,24.94395,445,121
"2013","st","Sogn og Fjordane","Askvoll","Askvoll","1428","SV","Sosialistisk Venstreparti",1,2.97085,53,25
"2013","st","Sogn og Fjordane","Askvoll","Askvoll","1428","RØDT","Rødt",1,0.28027,5,2
"2013","st","Sogn og Fjordane","Askvoll","Askvoll","1428","SP","Senterpartiet",1,20.57175,367,68
"2013","st","Sogn og Fjordane","Askvoll","Askvoll","1428","KRF","Kristelig Folkeparti",1,9.52915,170,40
"2013","st","Sogn og Fjordane","Askvoll","Askvoll","1428","V","Venstre",1,8.18386,146,32
"2013","st","Sogn og Fjordane","Askvoll","Askvoll","1428","H","Høyre",1,19.1704,342,100
"2013","st","Sogn og Fjordane","Askvoll","Askvoll","1428","FRP","Fremskrittspartiet",1,10.93049,195,53
"2013","st","Sogn og Fjordane","Askvoll","Askvoll","1428","DEMN","Demokratene i Norge",2,0.16816,3,0
"2013","st","Sogn og Fjordane","Askvoll","Askvoll","1428","KRISTNE","De Kristne",2,1.23318,22,8
"2013","st","Sogn og Fjordane","Askvoll","Askvoll","1428","KYST","Kystpartiet",2,0.7287,13,6
"2013","st","Sogn og Fjordane","Askvoll","Askvoll","1428","MDG","Miljøpartiet De Grønne",2,1.12108,20,8
"2013","st","Sogn og Fjordane","Askvoll","Askvoll","1428","PIR","Piratpartiet",2,0.16816,3,0
"2013","st","Sogn og Fjordane","Askvoll","Askvoll","1428","BLANKE","Blanke",3,0.39238,7,3
"2013","st","Sogn og Fjordane","Askvoll","Askvoll","1428","Andre","Andre",0,3.41928,61,22
"2013","st","Sogn og Fjordane","Askvoll","Askvoll","1428","Andre2","Andre2",0,0,0,0
"2013","st","Sogn og Fjordane","Fjaler","Fjaler","1429","A","Arbeiderpartiet",1,27.04082,424,111
"2013","st","Sogn og Fjordane","Fjaler","Fjaler","1429","SV","Sosialistisk Venstreparti",1,4.59184,72,18
"2013","st","Sogn og Fjordane","Fjaler","Fjaler","1429","RØDT","Rødt",1,0.89286,14,6
"2013","st","Sogn og Fjordane","Fjaler","Fjaler","1429","SP","Senterpartiet",1,26.46684,415,79
"2013","st","Sogn og Fjordane","Fjaler","Fjaler","1429","KRF","Kristelig Folkeparti",1,7.78061,122,38
"2013","st","Sogn og Fjordane","Fjaler","Fjaler","1429","V","Venstre",1,6.63265,104,29
"2013","st","Sogn og Fjordane","Fjaler","Fjaler","1429","H","Høyre",1,16.83673,264,65
"2013","st","Sogn og Fjordane","Fjaler","Fjaler","1429","FRP","Fremskrittspartiet",1,7.14286,112,35
"2013","st","Sogn og Fjordane","Fjaler","Fjaler","1429","DEMN","Demokratene i Norge",2,0,0,0
"2013","st","Sogn og Fjordane","Fjaler","Fjaler","1429","KRISTNE","De Kristne",2,0.63776,10,4
"2013","st","Sogn og Fjordane","Fjaler","Fjaler","1429","KYST","Kystpartiet",2,0.44643,7,1
"2013","st","Sogn og Fjordane","Fjaler","Fjaler","1429","MDG","Miljøpartiet De Grønne",2,1.53061,24,11
"2013","st","Sogn og Fjordane","Fjaler","Fjaler","1429","PIR","Piratpartiet",2,0,0,0
"2013","st","Sogn og Fjordane","Fjaler","Fjaler","1429","BLANKE","Blanke",3,0.19133,3,0
"2013","st","Sogn og Fjordane","Fjaler","Fjaler","1429","Andre","Andre",0,2.6148,41,16
"2013","st","Sogn og Fjordane","Fjaler","Fjaler","1429","Andre2","Andre2",0,0,0,0
"2013","st","Sogn og Fjordane","Gaular","Gaular","1430","A","Arbeiderpartiet",1,22.68464,387,126
"2013","st","Sogn og Fjordane","Gaular","Gaular","1430","SV","Sosialistisk Venstreparti",1,2.8136,48,23
"2013","st","Sogn og Fjordane","Gaular","Gaular","1430","RØDT","Rødt",1,0.3517,6,2
"2013","st","Sogn og Fjordane","Gaular","Gaular","1430","SP","Senterpartiet",1,29.30832,500,115
"2013","st","Sogn og Fjordane","Gaular","Gaular","1430","KRF","Kristelig Folkeparti",1,12.54396,214,57
"2013","st","Sogn og Fjordane","Gaular","Gaular","1430","V","Venstre",1,2.75498,47,16
"2013","st","Sogn og Fjordane","Gaular","Gaular","1430","H","Høyre",1,18.28839,312,108
"2013","st","Sogn og Fjordane","Gaular","Gaular","1430","FRP","Fremskrittspartiet",1,7.97186,136,39
"2013","st","Sogn og Fjordane","Gaular","Gaular","1430","DEMN","Demokratene i Norge",2,0,0,0
"2013","st","Sogn og Fjordane","Gaular","Gaular","1430","KRISTNE","De Kristne",2,1.46542,25,4
"2013","st","Sogn og Fjordane","Gaular","Gaular","1430","KYST","Kystpartiet",2,0.11723,2,1
"2013","st","Sogn og Fjordane","Gaular","Gaular","1430","MDG","Miljøpartiet De Grønne",2,1.4068,24,15
"2013","st","Sogn og Fjordane","Gaular","Gaular","1430","PIR","Piratpartiet",2,0.29308,5,3
"2013","st","Sogn og Fjordane","Gaular","Gaular","1430","BLANKE","Blanke",3,0.23447,4,2
"2013","st","Sogn og Fjordane","Gaular","Gaular","1430","Andre","Andre",0,3.28253,56,23
"2013","st","Sogn og Fjordane","Gaular","Gaular","1430","Andre2","Andre2",0,0,0,0
"2013","st","Sogn og Fjordane","Jølster","Jølster","1431","A","Arbeiderpartiet",1,23.24897,395,90
"2013","st","Sogn og Fjordane","Jølster","Jølster","1431","SV","Sosialistisk Venstreparti",1,4.06121,69,20
"2013","st","Sogn og Fjordane","Jølster","Jølster","1431","RØDT","Rødt",1,0.11772,2,1
"2013","st","Sogn og Fjordane","Jølster","Jølster","1431","SP","Senterpartiet",1,32.54856,553,94
"2013","st","Sogn og Fjordane","Jølster","Jølster","1431","KRF","Kristelig Folkeparti",1,9.65274,164,36
"2013","st","Sogn og Fjordane","Jølster","Jølster","1431","V","Venstre",1,6.4744,110,20
"2013","st","Sogn og Fjordane","Jølster","Jølster","1431","H","Høyre",1,14.00824,238,60
"2013","st","Sogn og Fjordane","Jølster","Jølster","1431","FRP","Fremskrittspartiet",1,7.12184,121,26
"2013","st","Sogn og Fjordane","Jølster","Jølster","1431","DEMN","Demokratene i Norge",2,0.05886,1,0
"2013","st","Sogn og Fjordane","Jølster","Jølster","1431","KRISTNE","De Kristne",2,0.82401,14,5
"2013","st","Sogn og Fjordane","Jølster","Jølster","1431","KYST","Kystpartiet",2,0.17657,3,0
"2013","st","Sogn og Fjordane","Jølster","Jølster","1431","MDG","Miljøpartiet De Grønne",2,1.47145,25,7
"2013","st","Sogn og Fjordane","Jølster","Jølster","1431","PIR","Piratpartiet",2,0.23543,4,1
"2013","st","Sogn og Fjordane","Jølster","Jølster","1431","BLANKE","Blanke",3,0.52972,9,1
"2013","st","Sogn og Fjordane","Jølster","Jølster","1431","Andre","Andre",0,2.76633,47,13
"2013","st","Sogn og Fjordane","Jølster","Jølster","1431","Andre2","Andre2",0,0,0,0
"2013","st","Sogn og Fjordane","Førde","Førde","1432","A","Arbeiderpartiet",1,31.24374,2183,613
"2013","st","Sogn og Fjordane","Førde","Førde","1432","SV","Sosialistisk Venstreparti",1,5.53886,387,140
"2013","st","Sogn og Fjordane","Førde","Førde","1432","RØDT","Rødt",1,0.80149,56,17
"2013","st","Sogn og Fjordane","Førde","Førde","1432","SP","Senterpartiet",1,14.29798,999,208
"2013","st","Sogn og Fjordane","Førde","Førde","1432","KRF","Kristelig Folkeparti",1,9.03106,631,173
"2013","st","Sogn og Fjordane","Førde","Førde","1432","V","Venstre",1,6.41191,448,147
"2013","st","Sogn og Fjordane","Førde","Førde","1432","H","Høyre",1,20.2519,1415,447
"2013","st","Sogn og Fjordane","Førde","Førde","1432","FRP","Fremskrittspartiet",1,8.87362,620,177
"2013","st","Sogn og Fjordane","Førde","Førde","1432","DEMN","Demokratene i Norge",2,0.01431,1,1
"2013","st","Sogn og Fjordane","Førde","Førde","1432","KRISTNE","De Kristne",2,0.78718,55,23
"2013","st","Sogn og Fjordane","Førde","Førde","1432","KYST","Kystpartiet",2,0.1145,8,0
"2013","st","Sogn og Fjordane","Førde","Førde","1432","MDG","Miljøpartiet De Grønne",2,2.37584,166,79
"2013","st","Sogn og Fjordane","Førde","Førde","1432","PIR","Piratpartiet",2,0.25762,18,9
"2013","st","Sogn og Fjordane","Førde","Førde","1432","BLANKE","Blanke",3,0.47231,33,9
"2013","st","Sogn og Fjordane","Førde","Førde","1432","Andre","Andre",0,3.54945,248,112
"2013","st","Sogn og Fjordane","Førde","Førde","1432","Andre2","Andre2",0,0,0,0
"2013","st","Sogn og Fjordane","Naustdal","Naustdal","1433","A","Arbeiderpartiet",1,26.1875,419,105
"2013","st","Sogn og Fjordane","Naustdal","Naustdal","1433","SV","Sosialistisk Venstreparti",1,6,96,30
"2013","st","Sogn og Fjordane","Naustdal","Naustdal","1433","RØDT","Rødt",1,0.9375,15,4
"2013","st","Sogn og Fjordane","Naustdal","Naustdal","1433","SP","Senterpartiet",1,23.0625,369,52
"2013","st","Sogn og Fjordane","Naustdal","Naustdal","1433","KRF","Kristelig Folkeparti",1,8.6875,139,35
"2013","st","Sogn og Fjordane","Naustdal","Naustdal","1433","V","Venstre",1,4.75,76,19
"2013","st","Sogn og Fjordane","Naustdal","Naustdal","1433","H","Høyre",1,18.125,290,72
"2013","st","Sogn og Fjordane","Naustdal","Naustdal","1433","FRP","Fremskrittspartiet",1,9.1875,147,38
"2013","st","Sogn og Fjordane","Naustdal","Naustdal","1433","DEMN","Demokratene i Norge",2,0.0625,1,0
"2013","st","Sogn og Fjordane","Naustdal","Naustdal","1433","KRISTNE","De Kristne",2,1.125,18,3
"2013","st","Sogn og Fjordane","Naustdal","Naustdal","1433","KYST","Kystpartiet",2,0.125,2,0
"2013","st","Sogn og Fjordane","Naustdal","Naustdal","1433","MDG","Miljøpartiet De Grønne",2,1.375,22,9
"2013","st","Sogn og Fjordane","Naustdal","Naustdal","1433","PIR","Piratpartiet",2,0.375,6,3
"2013","st","Sogn og Fjordane","Naustdal","Naustdal","1433","BLANKE","Blanke",3,0.3125,5,0
"2013","st","Sogn og Fjordane","Naustdal","Naustdal","1433","Andre","Andre",0,3.0625,49,15
"2013","st","Sogn og Fjordane","Naustdal","Naustdal","1433","Andre2","Andre2",0,0,0,0
"2013","st","Sogn og Fjordane","Bremanger","Bremanger","1438","A","Arbeiderpartiet",1,26.30835,558,257
"2013","st","Sogn og Fjordane","Bremanger","Bremanger","1438","SV","Sosialistisk Venstreparti",1,2.12164,45,31
"2013","st","Sogn og Fjordane","Bremanger","Bremanger","1438","RØDT","Rødt",1,0.37718,8,5
"2013","st","Sogn og Fjordane","Bremanger","Bremanger","1438","SP","Senterpartiet",1,14.80434,314,143
"2013","st","Sogn og Fjordane","Bremanger","Bremanger","1438","KRF","Kristelig Folkeparti",1,8.53371,181,71
"2013","st","Sogn og Fjordane","Bremanger","Bremanger","1438","V","Venstre",1,5.79915,123,55
"2013","st","Sogn og Fjordane","Bremanger","Bremanger","1438","H","Høyre",1,22.34795,474,267
"2013","st","Sogn og Fjordane","Bremanger","Bremanger","1438","FRP","Fremskrittspartiet",1,17.16172,364,188
"2013","st","Sogn og Fjordane","Bremanger","Bremanger","1438","DEMN","Demokratene i Norge",2,0,0,0
"2013","st","Sogn og Fjordane","Bremanger","Bremanger","1438","KRISTNE","De Kristne",2,0.8958,19,11
"2013","st","Sogn og Fjordane","Bremanger","Bremanger","1438","KYST","Kystpartiet",2,0.28289,6,5
"2013","st","Sogn og Fjordane","Bremanger","Bremanger","1438","MDG","Miljøpartiet De Grønne",2,1.03725,22,16
"2013","st","Sogn og Fjordane","Bremanger","Bremanger","1438","PIR","Piratpartiet",2,0.33003,7,3
"2013","st","Sogn og Fjordane","Bremanger","Bremanger","1438","BLANKE","Blanke",3,0.37718,8,2
"2013","st","Sogn og Fjordane","Bremanger","Bremanger","1438","Andre","Andre",0,2.54597,54,35
"2013","st","Sogn og Fjordane","Bremanger","Bremanger","1438","Andre2","Andre2",0,0,0,0
"2013","st","Sogn og Fjordane","Vågsøy","Vågsøy","1439","A","Arbeiderpartiet",1,20.06599,669,218
"2013","st","Sogn og Fjordane","Vågsøy","Vågsøy","1439","SV","Sosialistisk Venstreparti",1,2.12957,71,28
"2013","st","Sogn og Fjordane","Vågsøy","Vågsøy","1439","RØDT","Rødt",1,1.13977,38,13
"2013","st","Sogn og Fjordane","Vågsøy","Vågsøy","1439","SP","Senterpartiet",1,7.82843,261,73
"2013","st","Sogn og Fjordane","Vågsøy","Vågsøy","1439","KRF","Kristelig Folkeparti",1,8.90822,297,90
"2013","st","Sogn og Fjordane","Vågsøy","Vågsøy","1439","V","Venstre",1,8.09838,270,88
"2013","st","Sogn og Fjordane","Vågsøy","Vågsøy","1439","H","Høyre",1,29.78404,993,394
"2013","st","Sogn og Fjordane","Vågsøy","Vågsøy","1439","FRP","Fremskrittspartiet",1,19.64607,655,245
"2013","st","Sogn og Fjordane","Vågsøy","Vågsøy","1439","DEMN","Demokratene i Norge",2,0.08998,3,1
"2013","st","Sogn og Fjordane","Vågsøy","Vågsøy","1439","KRISTNE","De Kristne",2,1.16977,39,15
"2013","st","Sogn og Fjordane","Vågsøy","Vågsøy","1439","KYST","Kystpartiet",2,0.20996,7,3
"2013","st","Sogn og Fjordane","Vågsøy","Vågsøy","1439","MDG","Miljøpartiet De Grønne",2,0.68986,23,12
"2013","st","Sogn og Fjordane","Vågsøy","Vågsøy","1439","PIR","Piratpartiet",2,0.23995,8,2
"2013","st","Sogn og Fjordane","Vågsøy","Vågsøy","1439","BLANKE","Blanke",3,0.32993,11,3
"2013","st","Sogn og Fjordane","Vågsøy","Vågsøy","1439","Andre","Andre",0,2.39952,80,33
"2013","st","Sogn og Fjordane","Vågsøy","Vågsøy","1439","Andre2","Andre2",0,0,0,0
"2013","st","Sogn og Fjordane","Selje","Selje","1441","A","Arbeiderpartiet",1,13.94052,225,60
"2013","st","Sogn og Fjordane","Selje","Selje","1441","SV","Sosialistisk Venstreparti",1,1.1772,19,7
"2013","st","Sogn og Fjordane","Selje","Selje","1441","RØDT","Rødt",1,0.37175,6,3
"2013","st","Sogn og Fjordane","Selje","Selje","1441","SP","Senterpartiet",1,13.07311,211,58
"2013","st","Sogn og Fjordane","Selje","Selje","1441","KRF","Kristelig Folkeparti",1,14.43618,233,53
"2013","st","Sogn og Fjordane","Selje","Selje","1441","V","Venstre",1,6.13383,99,17
"2013","st","Sogn og Fjordane","Selje","Selje","1441","H","Høyre",1,21.49938,347,96
"2013","st","Sogn og Fjordane","Selje","Selje","1441","FRP","Fremskrittspartiet",1,24.84511,401,115
"2013","st","Sogn og Fjordane","Selje","Selje","1441","DEMN","Demokratene i Norge",2,0.37175,6,5
"2013","st","Sogn og Fjordane","Selje","Selje","1441","KRISTNE","De Kristne",2,1.79678,29,4
"2013","st","Sogn og Fjordane","Selje","Selje","1441","KYST","Kystpartiet",2,0.24783,4,3
"2013","st","Sogn og Fjordane","Selje","Selje","1441","MDG","Miljøpartiet De Grønne",2,1.85874,30,9
"2013","st","Sogn og Fjordane","Selje","Selje","1441","PIR","Piratpartiet",2,0.24783,4,1
"2013","st","Sogn og Fjordane","Selje","Selje","1441","BLANKE","Blanke",3,0.24783,4,1
"2013","st","Sogn og Fjordane","Selje","Selje","1441","Andre","Andre",0,4.52292,73,22
"2013","st","Sogn og Fjordane","Selje","Selje","1441","Andre2","Andre2",0,0,0,0
"2013","st","Sogn og Fjordane","Eid","Eid","1443","A","Arbeiderpartiet",1,9.98501,333,99
"2013","st","Sogn og Fjordane","Eid","Eid","1443","SV","Sosialistisk Venstreparti",1,2.69865,90,36
"2013","st","Sogn og Fjordane","Eid","Eid","1443","RØDT","Rødt",1,0.41979,14,7
"2013","st","Sogn og Fjordane","Eid","Eid","1443","SP","Senterpartiet",1,31.54423,1052,226
"2013","st","Sogn og Fjordane","Eid","Eid","1443","KRF","Kristelig Folkeparti",1,8.12594,271,88
"2013","st","Sogn og Fjordane","Eid","Eid","1443","V","Venstre",1,23.62819,788,172
"2013","st","Sogn og Fjordane","Eid","Eid","1443","H","Høyre",1,10.55472,352,118
"2013","st","Sogn og Fjordane","Eid","Eid","1443","FRP","Fremskrittspartiet",1,11.0045,367,127
"2013","st","Sogn og Fjordane","Eid","Eid","1443","DEMN","Demokratene i Norge",2,0.02999,1,0
"2013","st","Sogn og Fjordane","Eid","Eid","1443","KRISTNE","De Kristne",2,0.5997,20,5
"2013","st","Sogn og Fjordane","Eid","Eid","1443","KYST","Kystpartiet",2,0.02999,1,1
"2013","st","Sogn og Fjordane","Eid","Eid","1443","MDG","Miljøpartiet De Grønne",2,1.13943,38,15
"2013","st","Sogn og Fjordane","Eid","Eid","1443","PIR","Piratpartiet",2,0.23988,8,4
"2013","st","Sogn og Fjordane","Eid","Eid","1443","BLANKE","Blanke",3,0.56972,19,7
"2013","st","Sogn og Fjordane","Eid","Eid","1443","Andre","Andre",0,2.03898,68,25
"2013","st","Sogn og Fjordane","Eid","Eid","1443","Andre2","Andre2",0,0,0,0
"2013","st","Sogn og Fjordane","Hornindal","Hornindal","1444","A","Arbeiderpartiet",1,19.11171,142,31
"2013","st","Sogn og Fjordane","Hornindal","Hornindal","1444","SV","Sosialistisk Venstreparti",1,1.3459,10,4
"2013","st","Sogn og Fjordane","Hornindal","Hornindal","1444","RØDT","Rødt",1,0.26918,2,1
"2013","st","Sogn og Fjordane","Hornindal","Hornindal","1444","SP","Senterpartiet",1,34.18573,254,48
"2013","st","Sogn og Fjordane","Hornindal","Hornindal","1444","KRF","Kristelig Folkeparti",1,4.03769,30,9
"2013","st","Sogn og Fjordane","Hornindal","Hornindal","1444","V","Venstre",1,8.61373,64,18
"2013","st","Sogn og Fjordane","Hornindal","Hornindal","1444","H","Høyre",1,22.88022,170,44
"2013","st","Sogn og Fjordane","Hornindal","Hornindal","1444","FRP","Fremskrittspartiet",1,6.32571,47,19
"2013","st","Sogn og Fjordane","Hornindal","Hornindal","1444","DEMN","Demokratene i Norge",2,0,0,0
"2013","st","Sogn og Fjordane","Hornindal","Hornindal","1444","KRISTNE","De Kristne",2,0.80754,6,1
"2013","st","Sogn og Fjordane","Hornindal","Hornindal","1444","KYST","Kystpartiet",2,0.13459,1,0
"2013","st","Sogn og Fjordane","Hornindal","Hornindal","1444","MDG","Miljøpartiet De Grønne",2,2.28802,17,11
"2013","st","Sogn og Fjordane","Hornindal","Hornindal","1444","PIR","Piratpartiet",2,0,0,0
"2013","st","Sogn og Fjordane","Hornindal","Hornindal","1444","BLANKE","Blanke",3,1.07672,8,4
"2013","st","Sogn og Fjordane","Hornindal","Hornindal","1444","Andre","Andre",0,3.23015,24,12
"2013","st","Sogn og Fjordane","Hornindal","Hornindal","1444","Andre2","Andre2",0,0,0,0
"2013","st","Sogn og Fjordane","Gloppen","Gloppen","1445","A","Arbeiderpartiet",1,9.96803,343,101
"2013","st","Sogn og Fjordane","Gloppen","Gloppen","1445","SV","Sosialistisk Venstreparti",1,2.99332,103,33
"2013","st","Sogn og Fjordane","Gloppen","Gloppen","1445","RØDT","Rødt",1,0.31967,11,5
"2013","st","Sogn og Fjordane","Gloppen","Gloppen","1445","SP","Senterpartiet",1,44.0279,1515,291
"2013","st","Sogn og Fjordane","Gloppen","Gloppen","1445","KRF","Kristelig Folkeparti",1,19.7617,680,196
"2013","st","Sogn og Fjordane","Gloppen","Gloppen","1445","V","Venstre",1,8.25341,284,75
"2013","st","Sogn og Fjordane","Gloppen","Gloppen","1445","H","Høyre",1,7.0619,243,80
"2013","st","Sogn og Fjordane","Gloppen","Gloppen","1445","FRP","Fremskrittspartiet",1,4.737,163,53
"2013","st","Sogn og Fjordane","Gloppen","Gloppen","1445","DEMN","Demokratene i Norge",2,0.02906,1,1
"2013","st","Sogn og Fjordane","Gloppen","Gloppen","1445","KRISTNE","De Kristne",2,1.24964,43,12
"2013","st","Sogn og Fjordane","Gloppen","Gloppen","1445","KYST","Kystpartiet",2,0.02906,1,0
"2013","st","Sogn og Fjordane","Gloppen","Gloppen","1445","MDG","Miljøpartiet De Grønne",2,1.36588,47,22
"2013","st","Sogn og Fjordane","Gloppen","Gloppen","1445","PIR","Piratpartiet",2,0.20343,7,2
"2013","st","Sogn og Fjordane","Gloppen","Gloppen","1445","BLANKE","Blanke",3,0.31967,11,4
"2013","st","Sogn og Fjordane","Gloppen","Gloppen","1445","Andre","Andre",0,2.87707,99,37
"2013","st","Sogn og Fjordane","Gloppen","Gloppen","1445","Andre2","Andre2",0,0,0,0
"2013","st","Sogn og Fjordane","Stryn","Stryn","1449","A","Arbeiderpartiet",1,24.194,863,171
"2013","st","Sogn og Fjordane","Stryn","Stryn","1449","SV","Sosialistisk Venstreparti",1,1.23353,44,16
"2013","st","Sogn og Fjordane","Stryn","Stryn","1449","RØDT","Rødt",1,0.6448,23,2
"2013","st","Sogn og Fjordane","Stryn","Stryn","1449","SP","Senterpartiet",1,20.80179,742,123
"2013","st","Sogn og Fjordane","Stryn","Stryn","1449","KRF","Kristelig Folkeparti",1,7.48528,267,53
"2013","st","Sogn og Fjordane","Stryn","Stryn","1449","V","Venstre",1,3.53238,126,34
"2013","st","Sogn og Fjordane","Stryn","Stryn","1449","H","Høyre",1,29.07205,1037,222
"2013","st","Sogn og Fjordane","Stryn","Stryn","1449","FRP","Fremskrittspartiet",1,10.54107,376,73
"2013","st","Sogn og Fjordane","Stryn","Stryn","1449","DEMN","Demokratene i Norge",2,0.02803,1,0
"2013","st","Sogn og Fjordane","Stryn","Stryn","1449","KRISTNE","De Kristne",2,0.78497,28,7
"2013","st","Sogn og Fjordane","Stryn","Stryn","1449","KYST","Kystpartiet",2,0.11214,4,0
"2013","st","Sogn og Fjordane","Stryn","Stryn","1449","MDG","Miljøpartiet De Grønne",2,1.42977,51,13
"2013","st","Sogn og Fjordane","Stryn","Stryn","1449","PIR","Piratpartiet",2,0.14017,5,1
"2013","st","Sogn og Fjordane","Stryn","Stryn","1449","BLANKE","Blanke",3,0.39249,14,4
"2013","st","Sogn og Fjordane","Stryn","Stryn","1449","Andre","Andre",0,2.49509,89,21
"2013","st","Sogn og Fjordane","Stryn","Stryn","1449","Andre2","Andre2",0,0,0,0
"2013","st","Møre og Romsdal","Molde","Molde","1502","A","Arbeiderpartiet",1,20.73443,3066,822
"2013","st","Møre og Romsdal","Molde","Molde","1502","SV","Sosialistisk Venstreparti",1,4.35518,644,207
"2013","st","Møre og Romsdal","Molde","Molde","1502","RØDT","Rødt",1,0.66274,98,35
"2013","st","Møre og Romsdal","Molde","Molde","1502","SP","Senterpartiet",1,5.63333,833,178
"2013","st","Møre og Romsdal","Molde","Molde","1502","KRF","Kristelig Folkeparti",1,8.84561,1308,339
"2013","st","Møre og Romsdal","Molde","Molde","1502","V","Venstre",1,6.96558,1030,265
"2013","st","Møre og Romsdal","Molde","Molde","1502","H","Høyre",1,32.40684,4792,1442
"2013","st","Møre og Romsdal","Molde","Molde","1502","FRP","Fremskrittspartiet",1,17.17725,2540,683
"2013","st","Møre og Romsdal","Molde","Molde","1502","DEMN","Demokratene i Norge",2,0.08792,13,3
"2013","st","Møre og Romsdal","Molde","Molde","1502","KRISTNE","De Kristne",2,0.66951,99,36
"2013","st","Møre og Romsdal","Molde","Molde","1502","KYST","Kystpartiet",2,0.1082,16,4
"2013","st","Møre og Romsdal","Molde","Molde","1502","MDG","Miljøpartiet De Grønne",2,2.03557,301,110
"2013","st","Møre og Romsdal","Molde","Molde","1502","PIR","Piratpartiet",2,0.31785,47,14
"2013","st","Møre og Romsdal","Molde","Molde","1502","BLANKE","Blanke",3,0.29756,44,18
"2013","st","Møre og Romsdal","Molde","Molde","1502","Andre","Andre",0,3.21904,476,167
"2013","st","Møre og Romsdal","Molde","Molde","1502","Andre2","Andre2",0,0,0,0
"2013","st","Møre og Romsdal","Ålesund","Ålesund","1504","A","Arbeiderpartiet",1,23.08877,5696,2776
"2013","st","Møre og Romsdal","Ålesund","Ålesund","1504","SV","Sosialistisk Venstreparti",1,2.17268,536,263
"2013","st","Møre og Romsdal","Ålesund","Ålesund","1504","RØDT","Rødt",1,0.43373,107,64
"2013","st","Møre og Romsdal","Ålesund","Ålesund","1504","SP","Senterpartiet",1,2.16052,533,223
"2013","st","Møre og Romsdal","Ålesund","Ålesund","1504","KRF","Kristelig Folkeparti",1,8.81638,2175,956
"2013","st","Møre og Romsdal","Ålesund","Ålesund","1504","V","Venstre",1,5.23713,1292,628
"2013","st","Møre og Romsdal","Ålesund","Ålesund","1504","H","Høyre",1,32.32266,7974,4508
"2013","st","Møre og Romsdal","Ålesund","Ålesund","1504","FRP","Fremskrittspartiet",1,22.66721,5592,3077
"2013","st","Møre og Romsdal","Ålesund","Ålesund","1504","DEMN","Demokratene i Norge",2,0.05675,14,4
"2013","st","Møre og Romsdal","Ålesund","Ålesund","1504","KRISTNE","De Kristne",2,1.05797,261,102
"2013","st","Møre og Romsdal","Ålesund","Ålesund","1504","KYST","Kystpartiet",2,0.06891,17,6
"2013","st","Møre og Romsdal","Ålesund","Ålesund","1504","MDG","Miljøpartiet De Grønne",2,1.46332,361,198
"2013","st","Møre og Romsdal","Ålesund","Ålesund","1504","PIR","Piratpartiet",2,0.45399,112,77
"2013","st","Møre og Romsdal","Ålesund","Ålesund","1504","BLANKE","Blanke",3,0.43373,107,59
"2013","st","Møre og Romsdal","Ålesund","Ålesund","1504","Andre","Andre",0,3.10093,765,387
"2013","st","Møre og Romsdal","Ålesund","Ålesund","1504","Andre2","Andre2",0,0,0,0
"2013","st","Møre og Romsdal","Kristiansund","Kristiansund","1505","A","Arbeiderpartiet",1,40.68375,5367,1537
"2013","st","Møre og Romsdal","Kristiansund","Kristiansund","1505","SV","Sosialistisk Venstreparti",1,2.38023,314,93
"2013","st","Møre og Romsdal","Kristiansund","Kristiansund","1505","RØDT","Rødt",1,0.90206,119,42
"2013","st","Møre og Romsdal","Kristiansund","Kristiansund","1505","SP","Senterpartiet",1,2.55458,337,91
"2013","st","Møre og Romsdal","Kristiansund","Kristiansund","1505","KRF","Kristelig Folkeparti",1,2.38781,315,83
"2013","st","Møre og Romsdal","Kristiansund","Kristiansund","1505","V","Venstre",1,9.12674,1204,310
"2013","st","Møre og Romsdal","Kristiansund","Kristiansund","1505","H","Høyre",1,18.20042,2401,752
"2013","st","Møre og Romsdal","Kristiansund","Kristiansund","1505","FRP","Fremskrittspartiet",1,21.28563,2808,957
"2013","st","Møre og Romsdal","Kristiansund","Kristiansund","1505","DEMN","Demokratene i Norge",2,0.10612,14,7
"2013","st","Møre og Romsdal","Kristiansund","Kristiansund","1505","KRISTNE","De Kristne",2,0.4245,56,22
"2013","st","Møre og Romsdal","Kristiansund","Kristiansund","1505","KYST","Kystpartiet",2,0.16677,22,7
"2013","st","Møre og Romsdal","Kristiansund","Kristiansund","1505","MDG","Miljøpartiet De Grønne",2,1.45543,192,72
"2013","st","Møre og Romsdal","Kristiansund","Kristiansund","1505","PIR","Piratpartiet",2,0.32596,43,10
"2013","st","Møre og Romsdal","Kristiansund","Kristiansund","1505","BLANKE","Blanke",3,0.5382,71,18
"2013","st","Møre og Romsdal","Kristiansund","Kristiansund","1505","Andre","Andre",0,2.47878,327,118
"2013","st","Møre og Romsdal","Kristiansund","Kristiansund","1505","Andre2","Andre2",0,0,0,0
"2013","st","Møre og Romsdal","Vanylven","Vanylven","1511","A","Arbeiderpartiet",1,20.70886,409,98
"2013","st","Møre og Romsdal","Vanylven","Vanylven","1511","SV","Sosialistisk Venstreparti",1,1.41772,28,7
"2013","st","Møre og Romsdal","Vanylven","Vanylven","1511","RØDT","Rødt",1,0.05063,1,0
"2013","st","Møre og Romsdal","Vanylven","Vanylven","1511","SP","Senterpartiet",1,13.92405,275,56
"2013","st","Møre og Romsdal","Vanylven","Vanylven","1511","KRF","Kristelig Folkeparti",1,12.35443,244,54
"2013","st","Møre og Romsdal","Vanylven","Vanylven","1511","V","Venstre",1,4.35443,86,14
"2013","st","Møre og Romsdal","Vanylven","Vanylven","1511","H","Høyre",1,19.64557,388,112
"2013","st","Møre og Romsdal","Vanylven","Vanylven","1511","FRP","Fremskrittspartiet",1,24.05063,475,147
"2013","st","Møre og Romsdal","Vanylven","Vanylven","1511","DEMN","Demokratene i Norge",2,0,0,0
"2013","st","Møre og Romsdal","Vanylven","Vanylven","1511","KRISTNE","De Kristne",2,1.87342,37,7
"2013","st","Møre og Romsdal","Vanylven","Vanylven","1511","KYST","Kystpartiet",2,0.1519,3,1
"2013","st","Møre og Romsdal","Vanylven","Vanylven","1511","MDG","Miljøpartiet De Grønne",2,1.36709,27,12
"2013","st","Møre og Romsdal","Vanylven","Vanylven","1511","PIR","Piratpartiet",2,0.10127,2,1
"2013","st","Møre og Romsdal","Vanylven","Vanylven","1511","BLANKE","Blanke",3,0.35443,7,2
"2013","st","Møre og Romsdal","Vanylven","Vanylven","1511","Andre","Andre",0,3.49367,69,21
"2013","st","Møre og Romsdal","Vanylven","Vanylven","1511","Andre2","Andre2",0,0,0,0
"2013","st","Møre og Romsdal","Sande","Sande","1514","A","Arbeiderpartiet",1,17.78243,255,69
"2013","st","Møre og Romsdal","Sande","Sande","1514","SV","Sosialistisk Venstreparti",1,1.74338,25,8
"2013","st","Møre og Romsdal","Sande","Sande","1514","RØDT","Rødt",1,0.34868,5,2
"2013","st","Møre og Romsdal","Sande","Sande","1514","SP","Senterpartiet",1,10.87866,156,23
"2013","st","Møre og Romsdal","Sande","Sande","1514","KRF","Kristelig Folkeparti",1,9.90237,142,28
"2013","st","Møre og Romsdal","Sande","Sande","1514","V","Venstre",1,4.11437,59,9
"2013","st","Møre og Romsdal","Sande","Sande","1514","H","Høyre",1,28.87029,414,88
"2013","st","Møre og Romsdal","Sande","Sande","1514","FRP","Fremskrittspartiet",1,23.91911,343,109
"2013","st","Møre og Romsdal","Sande","Sande","1514","DEMN","Demokratene i Norge",2,0,0,0
"2013","st","Møre og Romsdal","Sande","Sande","1514","KRISTNE","De Kristne",2,1.60391,23,8
"2013","st","Møre og Romsdal","Sande","Sande","1514","KYST","Kystpartiet",2,0.06974,1,1
"2013","st","Møre og Romsdal","Sande","Sande","1514","MDG","Miljøpartiet De Grønne",2,0.41841,6,4
"2013","st","Møre og Romsdal","Sande","Sande","1514","PIR","Piratpartiet",2,0.34868,5,2
"2013","st","Møre og Romsdal","Sande","Sande","1514","BLANKE","Blanke",3,0.55788,8,0
"2013","st","Møre og Romsdal","Sande","Sande","1514","Andre","Andre",0,2.44073,35,15
"2013","st","Møre og Romsdal","Sande","Sande","1514","Andre2","Andre2",0,0,0,0
"2013","st","Møre og Romsdal","Herøy","Herøy","1515","A","Arbeiderpartiet",1,17.11637,831,233
"2013","st","Møre og Romsdal","Herøy","Herøy","1515","SV","Sosialistisk Venstreparti",1,1.29763,63,22
"2013","st","Møre og Romsdal","Herøy","Herøy","1515","RØDT","Rødt",1,0.18538,9,2
"2013","st","Møre og Romsdal","Herøy","Herøy","1515","SP","Senterpartiet",1,3.17199,154,37
"2013","st","Møre og Romsdal","Herøy","Herøy","1515","KRF","Kristelig Folkeparti",1,14.43872,701,172
"2013","st","Møre og Romsdal","Herøy","Herøy","1515","V","Venstre",1,3.15139,153,45
"2013","st","Møre og Romsdal","Herøy","Herøy","1515","H","Høyre",1,34.54171,1677,522
"2013","st","Møre og Romsdal","Herøy","Herøy","1515","FRP","Fremskrittspartiet",1,22.90422,1112,344
"2013","st","Møre og Romsdal","Herøy","Herøy","1515","DEMN","Demokratene i Norge",2,0.04119,2,0
"2013","st","Møre og Romsdal","Herøy","Herøy","1515","KRISTNE","De Kristne",2,2.18332,106,30
"2013","st","Møre og Romsdal","Herøy","Herøy","1515","KYST","Kystpartiet",2,0.16478,8,1
"2013","st","Møre og Romsdal","Herøy","Herøy","1515","MDG","Miljøpartiet De Grønne",2,0.55613,27,11
"2013","st","Møre og Romsdal","Herøy","Herøy","1515","PIR","Piratpartiet",2,0.24717,12,2
"2013","st","Møre og Romsdal","Herøy","Herøy","1515","BLANKE","Blanke",3,0.16478,8,1
"2013","st","Møre og Romsdal","Herøy","Herøy","1515","Andre","Andre",0,3.19258,155,44
"2013","st","Møre og Romsdal","Herøy","Herøy","1515","Andre2","Andre2",0,0,0,0
"2013","st","Møre og Romsdal","Ulstein","Ulstein","1516","A","Arbeiderpartiet",1,18.54305,784,160
"2013","st","Møre og Romsdal","Ulstein","Ulstein","1516","SV","Sosialistisk Venstreparti",1,1.60833,68,18
"2013","st","Møre og Romsdal","Ulstein","Ulstein","1516","RØDT","Rødt",1,0.23652,10,1
"2013","st","Møre og Romsdal","Ulstein","Ulstein","1516","SP","Senterpartiet",1,4.18638,177,37
"2013","st","Møre og Romsdal","Ulstein","Ulstein","1516","KRF","Kristelig Folkeparti",1,13.81268,584,145
"2013","st","Møre og Romsdal","Ulstein","Ulstein","1516","V","Venstre",1,5.43992,230,53
"2013","st","Møre og Romsdal","Ulstein","Ulstein","1516","H","Høyre",1,33.86944,1432,336
"2013","st","Møre og Romsdal","Ulstein","Ulstein","1516","FRP","Fremskrittspartiet",1,19.2053,812,228
"2013","st","Møre og Romsdal","Ulstein","Ulstein","1516","DEMN","Demokratene i Norge",2,0.02365,1,0
"2013","st","Møre og Romsdal","Ulstein","Ulstein","1516","KRISTNE","De Kristne",2,1.51372,64,9
"2013","st","Møre og Romsdal","Ulstein","Ulstein","1516","KYST","Kystpartiet",2,0.11826,5,1
"2013","st","Møre og Romsdal","Ulstein","Ulstein","1516","MDG","Miljøpartiet De Grønne",2,1.20624,51,21
"2013","st","Møre og Romsdal","Ulstein","Ulstein","1516","PIR","Piratpartiet",2,0.23652,10,2
"2013","st","Møre og Romsdal","Ulstein","Ulstein","1516","BLANKE","Blanke",3,0.35478,15,5
"2013","st","Møre og Romsdal","Ulstein","Ulstein","1516","Andre","Andre",0,3.09839,131,33
"2013","st","Møre og Romsdal","Ulstein","Ulstein","1516","Andre2","Andre2",0,0,0,0
"2013","st","Møre og Romsdal","Hareid","Hareid","1517","A","Arbeiderpartiet",1,18.83376,520,136
"2013","st","Møre og Romsdal","Hareid","Hareid","1517","SV","Sosialistisk Venstreparti",1,3.00616,83,26
"2013","st","Møre og Romsdal","Hareid","Hareid","1517","RØDT","Rødt",1,0.50706,14,6
"2013","st","Møre og Romsdal","Hareid","Hareid","1517","SP","Senterpartiet",1,5.25172,145,29
"2013","st","Møre og Romsdal","Hareid","Hareid","1517","KRF","Kristelig Folkeparti",1,10.0326,277,71
"2013","st","Møre og Romsdal","Hareid","Hareid","1517","V","Venstre",1,5.03441,139,30
"2013","st","Møre og Romsdal","Hareid","Hareid","1517","H","Høyre",1,26.11373,721,152
"2013","st","Møre og Romsdal","Hareid","Hareid","1517","FRP","Fremskrittspartiet",1,27.63491,763,225
"2013","st","Møre og Romsdal","Hareid","Hareid","1517","DEMN","Demokratene i Norge",2,0.21731,6,2
"2013","st","Møre og Romsdal","Hareid","Hareid","1517","KRISTNE","De Kristne",2,1.41253,39,11
"2013","st","Møre og Romsdal","Hareid","Hareid","1517","KYST","Kystpartiet",2,0.25353,7,4
"2013","st","Møre og Romsdal","Hareid","Hareid","1517","MDG","Miljøpartiet De Grønne",2,1.19522,33,7
"2013","st","Møre og Romsdal","Hareid","Hareid","1517","PIR","Piratpartiet",2,0.50706,14,4
"2013","st","Møre og Romsdal","Hareid","Hareid","1517","BLANKE","Blanke",3,0.32597,9,2
"2013","st","Møre og Romsdal","Hareid","Hareid","1517","Andre","Andre",0,3.58566,99,28
"2013","st","Møre og Romsdal","Hareid","Hareid","1517","Andre2","Andre2",0,0,0,0
"2013","st","Møre og Romsdal","Volda","Volda","1519","A","Arbeiderpartiet",1,20.48523,1047,246
"2013","st","Møre og Romsdal","Volda","Volda","1519","SV","Sosialistisk Venstreparti",1,6.63275,339,112
"2013","st","Møre og Romsdal","Volda","Volda","1519","RØDT","Rødt",1,0.72393,37,20
"2013","st","Møre og Romsdal","Volda","Volda","1519","SP","Senterpartiet",1,9.90022,506,85
"2013","st","Møre og Romsdal","Volda","Volda","1519","KRF","Kristelig Folkeparti",1,14.77206,755,170
"2013","st","Møre og Romsdal","Volda","Volda","1519","V","Venstre",1,6.69145,342,100
"2013","st","Møre og Romsdal","Volda","Volda","1519","H","Høyre",1,19.1352,978,252
"2013","st","Møre og Romsdal","Volda","Volda","1519","FRP","Fremskrittspartiet",1,17.1982,879,241
"2013","st","Møre og Romsdal","Volda","Volda","1519","DEMN","Demokratene i Norge",2,0,0,0
"2013","st","Møre og Romsdal","Volda","Volda","1519","KRISTNE","De Kristne",2,1.27177,65,21
"2013","st","Møre og Romsdal","Volda","Volda","1519","KYST","Kystpartiet",2,0.07826,4,1
"2013","st","Møre og Romsdal","Volda","Volda","1519","MDG","Miljøpartiet De Grønne",2,2.77832,142,57
"2013","st","Møre og Romsdal","Volda","Volda","1519","PIR","Piratpartiet",2,0.33262,17,6
"2013","st","Møre og Romsdal","Volda","Volda","1519","BLANKE","Blanke",3,0.5674,29,8
"2013","st","Møre og Romsdal","Volda","Volda","1519","Andre","Andre",0,4.46097,228,85
"2013","st","Møre og Romsdal","Volda","Volda","1519","Andre2","Andre2",0,0,0,0
"2013","st","Møre og Romsdal","Ørsta","Ørsta","1520","A","Arbeiderpartiet",1,23.78049,1404,320
"2013","st","Møre og Romsdal","Ørsta","Ørsta","1520","SV","Sosialistisk Venstreparti",1,3.43835,203,58
"2013","st","Møre og Romsdal","Ørsta","Ørsta","1520","RØDT","Rødt",1,0.20325,12,3
"2013","st","Møre og Romsdal","Ørsta","Ørsta","1520","SP","Senterpartiet",1,12.29675,726,101
"2013","st","Møre og Romsdal","Ørsta","Ørsta","1520","KRF","Kristelig Folkeparti",1,9.43428,557,114
"2013","st","Møre og Romsdal","Ørsta","Ørsta","1520","V","Venstre",1,4.75949,281,66
"2013","st","Møre og Romsdal","Ørsta","Ørsta","1520","H","Høyre",1,22.84892,1349,300
"2013","st","Møre og Romsdal","Ørsta","Ørsta","1520","FRP","Fremskrittspartiet",1,20.39295,1204,274
"2013","st","Møre og Romsdal","Ørsta","Ørsta","1520","DEMN","Demokratene i Norge",2,0.03388,2,1
"2013","st","Møre og Romsdal","Ørsta","Ørsta","1520","KRISTNE","De Kristne",2,1.05014,62,13
"2013","st","Møre og Romsdal","Ørsta","Ørsta","1520","KYST","Kystpartiet",2,0.03388,2,1
"2013","st","Møre og Romsdal","Ørsta","Ørsta","1520","MDG","Miljøpartiet De Grønne",2,1.3042,77,22
"2013","st","Møre og Romsdal","Ørsta","Ørsta","1520","PIR","Piratpartiet",2,0.42344,25,7
"2013","st","Møre og Romsdal","Ørsta","Ørsta","1520","BLANKE","Blanke",3,0.69444,41,6
"2013","st","Møre og Romsdal","Ørsta","Ørsta","1520","Andre","Andre",0,2.84553,168,44
"2013","st","Møre og Romsdal","Ørsta","Ørsta","1520","Andre2","Andre2",0,0,0,0
"2013","st","Møre og Romsdal","Ørskog","Ørskog","1523","A","Arbeiderpartiet",1,24.44969,311,64
"2013","st","Møre og Romsdal","Ørskog","Ørskog","1523","SV","Sosialistisk Venstreparti",1,1.80818,23,8
"2013","st","Møre og Romsdal","Ørskog","Ørskog","1523","RØDT","Rødt",1,0.4717,6,3
"2013","st","Møre og Romsdal","Ørskog","Ørskog","1523","SP","Senterpartiet",1,12.34277,157,26
"2013","st","Møre og Romsdal","Ørskog","Ørskog","1523","KRF","Kristelig Folkeparti",1,8.33333,106,25
"2013","st","Møre og Romsdal","Ørskog","Ørskog","1523","V","Venstre",1,4.63836,59,12
"2013","st","Møre og Romsdal","Ørskog","Ørskog","1523","H","Høyre",1,25.86478,329,71
"2013","st","Møre og Romsdal","Ørskog","Ørskog","1523","FRP","Fremskrittspartiet",1,19.7327,251,36
"2013","st","Møre og Romsdal","Ørskog","Ørskog","1523","DEMN","Demokratene i Norge",2,0,0,0
"2013","st","Møre og Romsdal","Ørskog","Ørskog","1523","KRISTNE","De Kristne",2,0.62893,8,2
"2013","st","Møre og Romsdal","Ørskog","Ørskog","1523","KYST","Kystpartiet",2,0,0,0
"2013","st","Møre og Romsdal","Ørskog","Ørskog","1523","MDG","Miljøpartiet De Grønne",2,1.41509,18,9
"2013","st","Møre og Romsdal","Ørskog","Ørskog","1523","PIR","Piratpartiet",2,0.31447,4,1
"2013","st","Møre og Romsdal","Ørskog","Ørskog","1523","BLANKE","Blanke",3,0.70755,9,1
"2013","st","Møre og Romsdal","Ørskog","Ørskog","1523","Andre","Andre",0,2.35849,30,12
"2013","st","Møre og Romsdal","Ørskog","Ørskog","1523","Andre2","Andre2",0,0,0,0
"2013","st","Møre og Romsdal","Norddal","Norddal","1524","A","Arbeiderpartiet",1,19.74386,185,50
"2013","st","Møre og Romsdal","Norddal","Norddal","1524","SV","Sosialistisk Venstreparti",1,3.09498,29,11
"2013","st","Møre og Romsdal","Norddal","Norddal","1524","RØDT","Rødt",1,1.06724,10,6
"2013","st","Møre og Romsdal","Norddal","Norddal","1524","SP","Senterpartiet",1,30.94984,290,54
"2013","st","Møre og Romsdal","Norddal","Norddal","1524","KRF","Kristelig Folkeparti",1,7.36393,69,17
"2013","st","Møre og Romsdal","Norddal","Norddal","1524","V","Venstre",1,3.52188,33,6
"2013","st","Møre og Romsdal","Norddal","Norddal","1524","H","Høyre",1,16.86233,158,48
"2013","st","Møre og Romsdal","Norddal","Norddal","1524","FRP","Fremskrittspartiet",1,13.34045,125,27
"2013","st","Møre og Romsdal","Norddal","Norddal","1524","DEMN","Demokratene i Norge",2,0.10672,1,1
"2013","st","Møre og Romsdal","Norddal","Norddal","1524","KRISTNE","De Kristne",2,1.60085,15,3
"2013","st","Møre og Romsdal","Norddal","Norddal","1524","KYST","Kystpartiet",2,0.10672,1,0
"2013","st","Møre og Romsdal","Norddal","Norddal","1524","MDG","Miljøpartiet De Grønne",2,2.02775,19,5
"2013","st","Møre og Romsdal","Norddal","Norddal","1524","PIR","Piratpartiet",2,0.21345,2,0
"2013","st","Møre og Romsdal","Norddal","Norddal","1524","BLANKE","Blanke",3,0.32017,3,0
"2013","st","Møre og Romsdal","Norddal","Norddal","1524","Andre","Andre",0,4.0555,38,9
"2013","st","Møre og Romsdal","Norddal","Norddal","1524","Andre2","Andre2",0,0,0,0
"2013","st","Møre og Romsdal","Stranda","Stranda","1525","A","Arbeiderpartiet",1,20.88271,511,147
"2013","st","Møre og Romsdal","Stranda","Stranda","1525","SV","Sosialistisk Venstreparti",1,1.71639,42,15
"2013","st","Møre og Romsdal","Stranda","Stranda","1525","RØDT","Rødt",1,0.32693,8,3
"2013","st","Møre og Romsdal","Stranda","Stranda","1525","SP","Senterpartiet",1,15.97875,391,66
"2013","st","Møre og Romsdal","Stranda","Stranda","1525","KRF","Kristelig Folkeparti",1,9.56273,234,66
"2013","st","Møre og Romsdal","Stranda","Stranda","1525","V","Venstre",1,4.69963,115,20
"2013","st","Møre og Romsdal","Stranda","Stranda","1525","H","Høyre",1,25.09195,614,164
"2013","st","Møre og Romsdal","Stranda","Stranda","1525","FRP","Fremskrittspartiet",1,19.04373,466,160
"2013","st","Møre og Romsdal","Stranda","Stranda","1525","DEMN","Demokratene i Norge",2,0.1226,3,3
"2013","st","Møre og Romsdal","Stranda","Stranda","1525","KRISTNE","De Kristne",2,1.10339,27,14
"2013","st","Møre og Romsdal","Stranda","Stranda","1525","KYST","Kystpartiet",2,0.08173,2,1
"2013","st","Møre og Romsdal","Stranda","Stranda","1525","MDG","Miljøpartiet De Grønne",2,1.14426,28,7
"2013","st","Møre og Romsdal","Stranda","Stranda","1525","PIR","Piratpartiet",2,0.2452,6,2
"2013","st","Møre og Romsdal","Stranda","Stranda","1525","BLANKE","Blanke",3,0.4904,12,5
"2013","st","Møre og Romsdal","Stranda","Stranda","1525","Andre","Andre",0,2.69718,66,27
"2013","st","Møre og Romsdal","Stranda","Stranda","1525","Andre2","Andre2",0,0,0,0
"2013","st","Møre og Romsdal","Stordal","Stordal","1526","A","Arbeiderpartiet",1,22.0202,109,45
"2013","st","Møre og Romsdal","Stordal","Stordal","1526","SV","Sosialistisk Venstreparti",1,0.60606,3,1
"2013","st","Møre og Romsdal","Stordal","Stordal","1526","RØDT","Rødt",1,0.40404,2,1
"2013","st","Møre og Romsdal","Stordal","Stordal","1526","SP","Senterpartiet",1,16.56566,82,16
"2013","st","Møre og Romsdal","Stordal","Stordal","1526","KRF","Kristelig Folkeparti",1,7.87879,39,15
"2013","st","Møre og Romsdal","Stordal","Stordal","1526","V","Venstre",1,2.42424,12,5
"2013","st","Møre og Romsdal","Stordal","Stordal","1526","H","Høyre",1,31.11111,154,37
"2013","st","Møre og Romsdal","Stordal","Stordal","1526","FRP","Fremskrittspartiet",1,16.16162,80,18
"2013","st","Møre og Romsdal","Stordal","Stordal","1526","DEMN","Demokratene i Norge",2,0.20202,1,1
"2013","st","Møre og Romsdal","Stordal","Stordal","1526","KRISTNE","De Kristne",2,1.41414,7,0
"2013","st","Møre og Romsdal","Stordal","Stordal","1526","KYST","Kystpartiet",2,0,0,0
"2013","st","Møre og Romsdal","Stordal","Stordal","1526","MDG","Miljøpartiet De Grønne",2,0.80808,4,3
"2013","st","Møre og Romsdal","Stordal","Stordal","1526","PIR","Piratpartiet",2,0.40404,2,0
"2013","st","Møre og Romsdal","Stordal","Stordal","1526","BLANKE","Blanke",3,0.40404,2,0
"2013","st","Møre og Romsdal","Stordal","Stordal","1526","Andre","Andre",0,2.82828,14,4
"2013","st","Møre og Romsdal","Stordal","Stordal","1526","Andre2","Andre2",0,0,0,0
"2013","st","Møre og Romsdal","Sykkylven","Sykkylven","1528","A","Arbeiderpartiet",1,20.10172,830,199
"2013","st","Møre og Romsdal","Sykkylven","Sykkylven","1528","SV","Sosialistisk Venstreparti",1,1.9133,79,23
"2013","st","Møre og Romsdal","Sykkylven","Sykkylven","1528","RØDT","Rødt",1,0.29063,12,4
"2013","st","Møre og Romsdal","Sykkylven","Sykkylven","1528","SP","Senterpartiet",1,7.89537,326,63
"2013","st","Møre og Romsdal","Sykkylven","Sykkylven","1528","KRF","Kristelig Folkeparti",1,10.41414,430,136
"2013","st","Møre og Romsdal","Sykkylven","Sykkylven","1528","V","Venstre",1,4.84379,200,56
"2013","st","Møre og Romsdal","Sykkylven","Sykkylven","1528","H","Høyre",1,29.01429,1198,297
"2013","st","Møre og Romsdal","Sykkylven","Sykkylven","1528","FRP","Fremskrittspartiet",1,22.40252,925,222
"2013","st","Møre og Romsdal","Sykkylven","Sykkylven","1528","DEMN","Demokratene i Norge",2,0.02422,1,1
"2013","st","Møre og Romsdal","Sykkylven","Sykkylven","1528","KRISTNE","De Kristne",2,1.47736,61,25
"2013","st","Møre og Romsdal","Sykkylven","Sykkylven","1528","KYST","Kystpartiet",2,0.19375,8,2
"2013","st","Møre og Romsdal","Sykkylven","Sykkylven","1528","MDG","Miljøpartiet De Grønne",2,1.11407,46,17
"2013","st","Møre og Romsdal","Sykkylven","Sykkylven","1528","PIR","Piratpartiet",2,0.31485,13,1
"2013","st","Møre og Romsdal","Sykkylven","Sykkylven","1528","BLANKE","Blanke",3,0.31485,13,3
"2013","st","Møre og Romsdal","Sykkylven","Sykkylven","1528","Andre","Andre",0,3.12424,129,46
"2013","st","Møre og Romsdal","Sykkylven","Sykkylven","1528","Andre2","Andre2",0,0,0,0
"2013","st","Møre og Romsdal","Skodje","Skodje","1529","A","Arbeiderpartiet",1,19.48545,462,84
"2013","st","Møre og Romsdal","Skodje","Skodje","1529","SV","Sosialistisk Venstreparti",1,1.51835,36,9
"2013","st","Møre og Romsdal","Skodje","Skodje","1529","RØDT","Rødt",1,0.42176,10,2
"2013","st","Møre og Romsdal","Skodje","Skodje","1529","SP","Senterpartiet",1,5.82033,138,17
"2013","st","Møre og Romsdal","Skodje","Skodje","1529","KRF","Kristelig Folkeparti",1,12.02024,285,61
"2013","st","Møre og Romsdal","Skodje","Skodje","1529","V","Venstre",1,5.31421,126,20
"2013","st","Møre og Romsdal","Skodje","Skodje","1529","H","Høyre",1,27.79418,659,114
"2013","st","Møre og Romsdal","Skodje","Skodje","1529","FRP","Fremskrittspartiet",1,24.3779,578,119
"2013","st","Møre og Romsdal","Skodje","Skodje","1529","DEMN","Demokratene i Norge",2,0,0,0
"2013","st","Møre og Romsdal","Skodje","Skodje","1529","KRISTNE","De Kristne",2,1.30747,31,7
"2013","st","Møre og Romsdal","Skodje","Skodje","1529","KYST","Kystpartiet",2,0.04218,1,0
"2013","st","Møre og Romsdal","Skodje","Skodje","1529","MDG","Miljøpartiet De Grønne",2,1.6027,38,8
"2013","st","Møre og Romsdal","Skodje","Skodje","1529","PIR","Piratpartiet",2,0.29523,7,1
"2013","st","Møre og Romsdal","Skodje","Skodje","1529","BLANKE","Blanke",3,0.50612,12,2
"2013","st","Møre og Romsdal","Skodje","Skodje","1529","Andre","Andre",0,3.24757,77,16
"2013","st","Møre og Romsdal","Skodje","Skodje","1529","Andre2","Andre2",0,0,0,0
"2013","st","Møre og Romsdal","Sula","Sula","1531","A","Arbeiderpartiet",1,20.99228,952,156
"2013","st","Møre og Romsdal","Sula","Sula","1531","SV","Sosialistisk Venstreparti",1,1.54355,70,14
"2013","st","Møre og Romsdal","Sula","Sula","1531","RØDT","Rødt",1,0.22051,10,3
"2013","st","Møre og Romsdal","Sula","Sula","1531","SP","Senterpartiet",1,2.75634,125,19
"2013","st","Møre og Romsdal","Sula","Sula","1531","KRF","Kristelig Folkeparti",1,12.85557,583,85
"2013","st","Møre og Romsdal","Sula","Sula","1531","V","Venstre",1,4.05733,184,41
"2013","st","Møre og Romsdal","Sula","Sula","1531","H","Høyre",1,27.45314,1245,243
"2013","st","Møre og Romsdal","Sula","Sula","1531","FRP","Fremskrittspartiet",1,26.1301,1185,197
"2013","st","Møre og Romsdal","Sula","Sula","1531","DEMN","Demokratene i Norge",2,0.06615,3,0
"2013","st","Møre og Romsdal","Sula","Sula","1531","KRISTNE","De Kristne",2,2.46968,112,16
"2013","st","Møre og Romsdal","Sula","Sula","1531","KYST","Kystpartiet",2,0.06615,3,0
"2013","st","Møre og Romsdal","Sula","Sula","1531","MDG","Miljøpartiet De Grønne",2,1.10254,50,15
"2013","st","Møre og Romsdal","Sula","Sula","1531","PIR","Piratpartiet",2,0.28666,13,1
"2013","st","Møre og Romsdal","Sula","Sula","1531","BLANKE","Blanke",3,0.41896,19,3
"2013","st","Møre og Romsdal","Sula","Sula","1531","Andre","Andre",0,3.99118,181,32
"2013","st","Møre og Romsdal","Sula","Sula","1531","Andre2","Andre2",0,0,0,0
"2013","st","Møre og Romsdal","Giske","Giske","1532","A","Arbeiderpartiet",1,16.62615,684,143
"2013","st","Møre og Romsdal","Giske","Giske","1532","SV","Sosialistisk Venstreparti",1,0.75352,31,5
"2013","st","Møre og Romsdal","Giske","Giske","1532","RØDT","Rødt",1,0.14584,6,3
"2013","st","Møre og Romsdal","Giske","Giske","1532","SP","Senterpartiet",1,4.47253,184,25
"2013","st","Møre og Romsdal","Giske","Giske","1532","KRF","Kristelig Folkeparti",1,19.25134,792,145
"2013","st","Møre og Romsdal","Giske","Giske","1532","V","Venstre",1,6.56296,270,40
"2013","st","Møre og Romsdal","Giske","Giske","1532","H","Høyre",1,28.99854,1193,276
"2013","st","Møre og Romsdal","Giske","Giske","1532","FRP","Fremskrittspartiet",1,19.51872,803,174
"2013","st","Møre og Romsdal","Giske","Giske","1532","DEMN","Demokratene i Norge",2,0.04861,2,1
"2013","st","Møre og Romsdal","Giske","Giske","1532","KRISTNE","De Kristne",2,2.04181,84,18
"2013","st","Møre og Romsdal","Giske","Giske","1532","KYST","Kystpartiet",2,0.07292,3,2
"2013","st","Møre og Romsdal","Giske","Giske","1532","MDG","Miljøpartiet De Grønne",2,1.11813,46,16
"2013","st","Møre og Romsdal","Giske","Giske","1532","PIR","Piratpartiet",2,0.38892,16,3
"2013","st","Møre og Romsdal","Giske","Giske","1532","BLANKE","Blanke",3,0.24307,10,3
"2013","st","Møre og Romsdal","Giske","Giske","1532","Andre","Andre",0,3.67039,151,40
"2013","st","Møre og Romsdal","Giske","Giske","1532","Andre2","Andre2",0,0,0,0
"2013","st","Møre og Romsdal","Haram","Haram","1534","A","Arbeiderpartiet",1,20.93169,1002,134
"2013","st","Møre og Romsdal","Haram","Haram","1534","SV","Sosialistisk Venstreparti",1,1.48318,71,20
"2013","st","Møre og Romsdal","Haram","Haram","1534","RØDT","Rødt",1,0.25068,12,3
"2013","st","Møre og Romsdal","Haram","Haram","1534","SP","Senterpartiet",1,8.96177,429,45
"2013","st","Møre og Romsdal","Haram","Haram","1534","KRF","Kristelig Folkeparti",1,10.5494,505,91
"2013","st","Møre og Romsdal","Haram","Haram","1534","V","Venstre",1,6.14163,294,49
"2013","st","Møre og Romsdal","Haram","Haram","1534","H","Høyre",1,29.09964,1393,233
"2013","st","Møre og Romsdal","Haram","Haram","1534","FRP","Fremskrittspartiet",1,19.63652,940,173
"2013","st","Møre og Romsdal","Haram","Haram","1534","DEMN","Demokratene i Norge",2,0.12534,6,1
"2013","st","Møre og Romsdal","Haram","Haram","1534","KRISTNE","De Kristne",2,1.46229,70,9
"2013","st","Møre og Romsdal","Haram","Haram","1534","KYST","Kystpartiet",2,0.18801,9,1
"2013","st","Møre og Romsdal","Haram","Haram","1534","MDG","Miljøpartiet De Grønne",2,0.87738,42,6
"2013","st","Møre og Romsdal","Haram","Haram","1534","PIR","Piratpartiet",2,0.29246,14,3
"2013","st","Møre og Romsdal","Haram","Haram","1534","BLANKE","Blanke",3,0.4178,20,3
"2013","st","Møre og Romsdal","Haram","Haram","1534","Andre","Andre",0,2.94548,141,20
"2013","st","Møre og Romsdal","Haram","Haram","1534","Andre2","Andre2",0,0,0,0
"2013","st","Møre og Romsdal","Vestnes","Vestnes","1535","A","Arbeiderpartiet",1,18.55528,673,187
"2013","st","Møre og Romsdal","Vestnes","Vestnes","1535","SV","Sosialistisk Venstreparti",1,2.12297,77,31
"2013","st","Møre og Romsdal","Vestnes","Vestnes","1535","RØDT","Rødt",1,0.16543,6,3
"2013","st","Møre og Romsdal","Vestnes","Vestnes","1535","SP","Senterpartiet",1,14.52991,527,88
"2013","st","Møre og Romsdal","Vestnes","Vestnes","1535","KRF","Kristelig Folkeparti",1,7.55445,274,66
"2013","st","Møre og Romsdal","Vestnes","Vestnes","1535","V","Venstre",1,5.29363,192,44
"2013","st","Møre og Romsdal","Vestnes","Vestnes","1535","H","Høyre",1,26.41301,958,288
"2013","st","Møre og Romsdal","Vestnes","Vestnes","1535","FRP","Fremskrittspartiet",1,21.8638,793,210
"2013","st","Møre og Romsdal","Vestnes","Vestnes","1535","DEMN","Demokratene i Norge",2,0.193,7,2
"2013","st","Møre og Romsdal","Vestnes","Vestnes","1535","KRISTNE","De Kristne",2,1.48883,54,16
"2013","st","Møre og Romsdal","Vestnes","Vestnes","1535","KYST","Kystpartiet",2,0.30328,11,5
"2013","st","Møre og Romsdal","Vestnes","Vestnes","1535","MDG","Miljøpartiet De Grønne",2,1.26827,46,18
"2013","st","Møre og Romsdal","Vestnes","Vestnes","1535","PIR","Piratpartiet",2,0.24814,9,2
"2013","st","Møre og Romsdal","Vestnes","Vestnes","1535","BLANKE","Blanke",3,0.24814,9,2
"2013","st","Møre og Romsdal","Vestnes","Vestnes","1535","Andre","Andre",0,3.50152,127,43
"2013","st","Møre og Romsdal","Vestnes","Vestnes","1535","Andre2","Andre2",0,0,0,0
"2013","st","Møre og Romsdal","Rauma","Rauma","1539","A","Arbeiderpartiet",1,25.42415,1034,382
"2013","st","Møre og Romsdal","Rauma","Rauma","1539","SV","Sosialistisk Venstreparti",1,3.51611,143,51
"2013","st","Møre og Romsdal","Rauma","Rauma","1539","RØDT","Rødt",1,0.59012,24,11
"2013","st","Møre og Romsdal","Rauma","Rauma","1539","SP","Senterpartiet",1,13.32678,542,178
"2013","st","Møre og Romsdal","Rauma","Rauma","1539","KRF","Kristelig Folkeparti",1,8.31079,338,146
"2013","st","Møre og Romsdal","Rauma","Rauma","1539","V","Venstre",1,4.30293,175,61
"2013","st","Møre og Romsdal","Rauma","Rauma","1539","H","Høyre",1,22.37522,910,327
"2013","st","Møre og Romsdal","Rauma","Rauma","1539","FRP","Fremskrittspartiet",1,19.57217,796,294
"2013","st","Møre og Romsdal","Rauma","Rauma","1539","DEMN","Demokratene i Norge",2,0.04918,2,1
"2013","st","Møre og Romsdal","Rauma","Rauma","1539","KRISTNE","De Kristne",2,0.56553,23,12
"2013","st","Møre og Romsdal","Rauma","Rauma","1539","KYST","Kystpartiet",2,0.09835,4,0
"2013","st","Møre og Romsdal","Rauma","Rauma","1539","MDG","Miljøpartiet De Grønne",2,1.57364,64,37
"2013","st","Møre og Romsdal","Rauma","Rauma","1539","PIR","Piratpartiet",2,0.29506,12,4
"2013","st","Møre og Romsdal","Rauma","Rauma","1539","BLANKE","Blanke",3,0.54094,22,5
"2013","st","Møre og Romsdal","Rauma","Rauma","1539","Andre","Andre",0,2.58176,105,54
"2013","st","Møre og Romsdal","Rauma","Rauma","1539","Andre2","Andre2",0,0,0,0
"2013","st","Møre og Romsdal","Nesset","Nesset","1543","A","Arbeiderpartiet",1,31.04265,524,83
"2013","st","Møre og Romsdal","Nesset","Nesset","1543","SV","Sosialistisk Venstreparti",1,1.59953,27,10
"2013","st","Møre og Romsdal","Nesset","Nesset","1543","RØDT","Rødt",1,0.35545,6,0
"2013","st","Møre og Romsdal","Nesset","Nesset","1543","SP","Senterpartiet",1,15.16588,256,42
"2013","st","Møre og Romsdal","Nesset","Nesset","1543","KRF","Kristelig Folkeparti",1,6.27962,106,22
"2013","st","Møre og Romsdal","Nesset","Nesset","1543","V","Venstre",1,3.37678,57,14
"2013","st","Møre og Romsdal","Nesset","Nesset","1543","H","Høyre",1,22.1564,374,72
"2013","st","Møre og Romsdal","Nesset","Nesset","1543","FRP","Fremskrittspartiet",1,18.1872,307,61
"2013","st","Møre og Romsdal","Nesset","Nesset","1543","DEMN","Demokratene i Norge",2,0.17773,3,1
"2013","st","Møre og Romsdal","Nesset","Nesset","1543","KRISTNE","De Kristne",2,0.7109,12,5
"2013","st","Møre og Romsdal","Nesset","Nesset","1543","KYST","Kystpartiet",2,0,0,0
"2013","st","Møre og Romsdal","Nesset","Nesset","1543","MDG","Miljøpartiet De Grønne",2,0.77014,13,5
"2013","st","Møre og Romsdal","Nesset","Nesset","1543","PIR","Piratpartiet",2,0.17773,3,1
"2013","st","Møre og Romsdal","Nesset","Nesset","1543","BLANKE","Blanke",3,0.23697,4,2
"2013","st","Møre og Romsdal","Nesset","Nesset","1543","Andre","Andre",0,1.83649,31,12
"2013","st","Møre og Romsdal","Nesset","Nesset","1543","Andre2","Andre2",0,0,0,0
"2013","st","Møre og Romsdal","Midsund","Midsund","1545","A","Arbeiderpartiet",1,15,159,31
"2013","st","Møre og Romsdal","Midsund","Midsund","1545","SV","Sosialistisk Venstreparti",1,1.03774,11,2
"2013","st","Møre og Romsdal","Midsund","Midsund","1545","RØDT","Rødt",1,0.28302,3,0
"2013","st","Møre og Romsdal","Midsund","Midsund","1545","SP","Senterpartiet",1,9.71698,103,13
"2013","st","Møre og Romsdal","Midsund","Midsund","1545","KRF","Kristelig Folkeparti",1,7.64151,81,19
"2013","st","Møre og Romsdal","Midsund","Midsund","1545","V","Venstre",1,6.03774,64,14
"2013","st","Møre og Romsdal","Midsund","Midsund","1545","H","Høyre",1,38.39623,407,94
"2013","st","Møre og Romsdal","Midsund","Midsund","1545","FRP","Fremskrittspartiet",1,19.81132,210,45
"2013","st","Møre og Romsdal","Midsund","Midsund","1545","DEMN","Demokratene i Norge",2,0,0,0
"2013","st","Møre og Romsdal","Midsund","Midsund","1545","KRISTNE","De Kristne",2,1.13208,12,4
"2013","st","Møre og Romsdal","Midsund","Midsund","1545","KYST","Kystpartiet",2,0.09434,1,1
"2013","st","Møre og Romsdal","Midsund","Midsund","1545","MDG","Miljøpartiet De Grønne",2,0.75472,8,2
"2013","st","Møre og Romsdal","Midsund","Midsund","1545","PIR","Piratpartiet",2,0.09434,1,0
"2013","st","Møre og Romsdal","Midsund","Midsund","1545","BLANKE","Blanke",3,0.37736,4,1
"2013","st","Møre og Romsdal","Midsund","Midsund","1545","Andre","Andre",0,2.07547,22,7
"2013","st","Møre og Romsdal","Midsund","Midsund","1545","Andre2","Andre2",0,0,0,0
"2013","st","Møre og Romsdal","Sandøy","Sandøy","1546","A","Arbeiderpartiet",1,24.71429,173,42
"2013","st","Møre og Romsdal","Sandøy","Sandøy","1546","SV","Sosialistisk Venstreparti",1,1.71429,12,5
"2013","st","Møre og Romsdal","Sandøy","Sandøy","1546","RØDT","Rødt",1,0,0,0
"2013","st","Møre og Romsdal","Sandøy","Sandøy","1546","SP","Senterpartiet",1,4.57143,32,2
"2013","st","Møre og Romsdal","Sandøy","Sandøy","1546","KRF","Kristelig Folkeparti",1,9.71429,68,21
"2013","st","Møre og Romsdal","Sandøy","Sandøy","1546","V","Venstre",1,7.85714,55,8
"2013","st","Møre og Romsdal","Sandøy","Sandøy","1546","H","Høyre",1,35.85714,251,68
"2013","st","Møre og Romsdal","Sandøy","Sandøy","1546","FRP","Fremskrittspartiet",1,12.71429,89,27
"2013","st","Møre og Romsdal","Sandøy","Sandøy","1546","DEMN","Demokratene i Norge",2,0,0,0
"2013","st","Møre og Romsdal","Sandøy","Sandøy","1546","KRISTNE","De Kristne",2,1.14286,8,3
"2013","st","Møre og Romsdal","Sandøy","Sandøy","1546","KYST","Kystpartiet",2,0.42857,3,0
"2013","st","Møre og Romsdal","Sandøy","Sandøy","1546","MDG","Miljøpartiet De Grønne",2,1,7,4
"2013","st","Møre og Romsdal","Sandøy","Sandøy","1546","PIR","Piratpartiet",2,0.28571,2,1
"2013","st","Møre og Romsdal","Sandøy","Sandøy","1546","BLANKE","Blanke",3,0.57143,4,1
"2013","st","Møre og Romsdal","Sandøy","Sandøy","1546","Andre","Andre",0,2.85714,20,8
"2013","st","Møre og Romsdal","Sandøy","Sandøy","1546","Andre2","Andre2",0,0,0,0
"2013","st","Møre og Romsdal","Aukra","Aukra","1547","A","Arbeiderpartiet",1,23.03371,410,83
"2013","st","Møre og Romsdal","Aukra","Aukra","1547","SV","Sosialistisk Venstreparti",1,2.92135,52,10
"2013","st","Møre og Romsdal","Aukra","Aukra","1547","RØDT","Rødt",1,0.22472,4,1
"2013","st","Møre og Romsdal","Aukra","Aukra","1547","SP","Senterpartiet",1,7.19101,128,22
"2013","st","Møre og Romsdal","Aukra","Aukra","1547","KRF","Kristelig Folkeparti",1,10.5618,188,52
"2013","st","Møre og Romsdal","Aukra","Aukra","1547","V","Venstre",1,5.78652,103,24
"2013","st","Møre og Romsdal","Aukra","Aukra","1547","H","Høyre",1,28.8764,514,108
"2013","st","Møre og Romsdal","Aukra","Aukra","1547","FRP","Fremskrittspartiet",1,18.98876,338,72
"2013","st","Møre og Romsdal","Aukra","Aukra","1547","DEMN","Demokratene i Norge",2,0,0,0
"2013","st","Møre og Romsdal","Aukra","Aukra","1547","KRISTNE","De Kristne",2,1.23596,22,8
"2013","st","Møre og Romsdal","Aukra","Aukra","1547","KYST","Kystpartiet",2,0.05618,1,0
"2013","st","Møre og Romsdal","Aukra","Aukra","1547","MDG","Miljøpartiet De Grønne",2,0.67416,12,5
"2013","st","Møre og Romsdal","Aukra","Aukra","1547","PIR","Piratpartiet",2,0.44944,8,0
"2013","st","Møre og Romsdal","Aukra","Aukra","1547","BLANKE","Blanke",3,0.50562,9,4
"2013","st","Møre og Romsdal","Aukra","Aukra","1547","Andre","Andre",0,2.41573,43,13
"2013","st","Møre og Romsdal","Aukra","Aukra","1547","Andre2","Andre2",0,0,0,0
"2013","st","Møre og Romsdal","Fræna","Fræna","1548","A","Arbeiderpartiet",1,19.51266,1017,186
"2013","st","Møre og Romsdal","Fræna","Fræna","1548","SV","Sosialistisk Venstreparti",1,1.51573,79,21
"2013","st","Møre og Romsdal","Fræna","Fræna","1548","RØDT","Rødt",1,0.38373,20,7
"2013","st","Møre og Romsdal","Fræna","Fræna","1548","SP","Senterpartiet",1,11.43515,596,69
"2013","st","Møre og Romsdal","Fræna","Fræna","1548","KRF","Kristelig Folkeparti",1,9.45894,493,109
"2013","st","Møre og Romsdal","Fræna","Fræna","1548","V","Venstre",1,3.60706,188,31
"2013","st","Møre og Romsdal","Fræna","Fræna","1548","H","Høyre",1,28.2617,1473,296
"2013","st","Møre og Romsdal","Fræna","Fræna","1548","FRP","Fremskrittspartiet",1,23.23484,1211,256
"2013","st","Møre og Romsdal","Fræna","Fræna","1548","DEMN","Demokratene i Norge",2,0.07675,4,0
"2013","st","Møre og Romsdal","Fræna","Fræna","1548","KRISTNE","De Kristne",2,1.03607,54,17
"2013","st","Møre og Romsdal","Fræna","Fræna","1548","KYST","Kystpartiet",2,0.11512,6,1
"2013","st","Møre og Romsdal","Fræna","Fræna","1548","MDG","Miljøpartiet De Grønne",2,1.05526,55,13
"2013","st","Møre og Romsdal","Fræna","Fræna","1548","PIR","Piratpartiet",2,0.30698,16,4
"2013","st","Møre og Romsdal","Fræna","Fræna","1548","BLANKE","Blanke",3,0.32617,17,2
"2013","st","Møre og Romsdal","Fræna","Fræna","1548","Andre","Andre",0,2.59018,135,35
"2013","st","Møre og Romsdal","Fræna","Fræna","1548","Andre2","Andre2",0,0,0,0
"2013","st","Møre og Romsdal","Eide","Eide","1551","A","Arbeiderpartiet",1,25.64644,486,112
"2013","st","Møre og Romsdal","Eide","Eide","1551","SV","Sosialistisk Venstreparti",1,1.53034,29,11
"2013","st","Møre og Romsdal","Eide","Eide","1551","RØDT","Rødt",1,0.36939,7,1
"2013","st","Møre og Romsdal","Eide","Eide","1551","SP","Senterpartiet",1,10.65963,202,42
"2013","st","Møre og Romsdal","Eide","Eide","1551","KRF","Kristelig Folkeparti",1,5.69921,108,25
"2013","st","Møre og Romsdal","Eide","Eide","1551","V","Venstre",1,4.43272,84,15
"2013","st","Møre og Romsdal","Eide","Eide","1551","H","Høyre",1,27.33509,518,114
"2013","st","Møre og Romsdal","Eide","Eide","1551","FRP","Fremskrittspartiet",1,22.00528,417,88
"2013","st","Møre og Romsdal","Eide","Eide","1551","DEMN","Demokratene i Norge",2,0.10554,2,1
"2013","st","Møre og Romsdal","Eide","Eide","1551","KRISTNE","De Kristne",2,1.10818,21,10
"2013","st","Møre og Romsdal","Eide","Eide","1551","KYST","Kystpartiet",2,0.15831,3,1
"2013","st","Møre og Romsdal","Eide","Eide","1551","MDG","Miljøpartiet De Grønne",2,0.63325,12,5
"2013","st","Møre og Romsdal","Eide","Eide","1551","PIR","Piratpartiet",2,0.31662,6,3
"2013","st","Møre og Romsdal","Eide","Eide","1551","BLANKE","Blanke",3,0.21108,4,1
"2013","st","Møre og Romsdal","Eide","Eide","1551","Andre","Andre",0,2.3219,44,20
"2013","st","Møre og Romsdal","Eide","Eide","1551","Andre2","Andre2",0,0,0,0
"2013","st","Møre og Romsdal","Averøy","Averøy","1554","A","Arbeiderpartiet",1,29.90323,927,218
"2013","st","Møre og Romsdal","Averøy","Averøy","1554","SV","Sosialistisk Venstreparti",1,2.03226,63,22
"2013","st","Møre og Romsdal","Averøy","Averøy","1554","RØDT","Rødt",1,0.35484,11,2
"2013","st","Møre og Romsdal","Averøy","Averøy","1554","SP","Senterpartiet",1,8.83871,274,41
"2013","st","Møre og Romsdal","Averøy","Averøy","1554","KRF","Kristelig Folkeparti",1,7.16129,222,58
"2013","st","Møre og Romsdal","Averøy","Averøy","1554","V","Venstre",1,8.19355,254,58
"2013","st","Møre og Romsdal","Averøy","Averøy","1554","H","Høyre",1,19.93548,618,176
"2013","st","Møre og Romsdal","Averøy","Averøy","1554","FRP","Fremskrittspartiet",1,21.83871,677,203
"2013","st","Møre og Romsdal","Averøy","Averøy","1554","DEMN","Demokratene i Norge",2,0,0,0
"2013","st","Møre og Romsdal","Averøy","Averøy","1554","KRISTNE","De Kristne",2,0.51613,16,7
"2013","st","Møre og Romsdal","Averøy","Averøy","1554","KYST","Kystpartiet",2,0.19355,6,2
"2013","st","Møre og Romsdal","Averøy","Averøy","1554","MDG","Miljøpartiet De Grønne",2,0.70968,22,11
"2013","st","Møre og Romsdal","Averøy","Averøy","1554","PIR","Piratpartiet",2,0.32258,10,4
"2013","st","Møre og Romsdal","Averøy","Averøy","1554","BLANKE","Blanke",3,0.32258,10,2
"2013","st","Møre og Romsdal","Averøy","Averøy","1554","Andre","Andre",0,1.74194,54,24
"2013","st","Møre og Romsdal","Averøy","Averøy","1554","Andre2","Andre2",0,0,0,0
"2013","st","Møre og Romsdal","Gjemnes","Gjemnes","1557","A","Arbeiderpartiet",1,27.45505,397,89
"2013","st","Møre og Romsdal","Gjemnes","Gjemnes","1557","SV","Sosialistisk Venstreparti",1,2.35131,34,11
"2013","st","Møre og Romsdal","Gjemnes","Gjemnes","1557","RØDT","Rødt",1,0.20747,3,1
"2013","st","Møre og Romsdal","Gjemnes","Gjemnes","1557","SP","Senterpartiet",1,21.23098,307,49
"2013","st","Møre og Romsdal","Gjemnes","Gjemnes","1557","KRF","Kristelig Folkeparti",1,9.88935,143,36
"2013","st","Møre og Romsdal","Gjemnes","Gjemnes","1557","V","Venstre",1,4.56432,66,20
"2013","st","Møre og Romsdal","Gjemnes","Gjemnes","1557","H","Høyre",1,15.90595,230,50
"2013","st","Møre og Romsdal","Gjemnes","Gjemnes","1557","FRP","Fremskrittspartiet",1,15.69848,227,66
"2013","st","Møre og Romsdal","Gjemnes","Gjemnes","1557","DEMN","Demokratene i Norge",2,0.13831,2,0
"2013","st","Møre og Romsdal","Gjemnes","Gjemnes","1557","KRISTNE","De Kristne",2,0.69156,10,5
"2013","st","Møre og Romsdal","Gjemnes","Gjemnes","1557","KYST","Kystpartiet",2,0,0,0
"2013","st","Møre og Romsdal","Gjemnes","Gjemnes","1557","MDG","Miljøpartiet De Grønne",2,1.65975,24,4
"2013","st","Møre og Romsdal","Gjemnes","Gjemnes","1557","PIR","Piratpartiet",2,0.20747,3,1
"2013","st","Møre og Romsdal","Gjemnes","Gjemnes","1557","BLANKE","Blanke",3,0.69156,10,1
"2013","st","Møre og Romsdal","Gjemnes","Gjemnes","1557","Andre","Andre",0,2.6971,39,10
"2013","st","Møre og Romsdal","Gjemnes","Gjemnes","1557","Andre2","Andre2",0,0,0,0
"2013","st","Møre og Romsdal","Tingvoll","Tingvoll","1560","A","Arbeiderpartiet",1,32.38798,571,128
"2013","st","Møre og Romsdal","Tingvoll","Tingvoll","1560","SV","Sosialistisk Venstreparti",1,2.77935,49,14
"2013","st","Møre og Romsdal","Tingvoll","Tingvoll","1560","RØDT","Rødt",1,0.45377,8,3
"2013","st","Møre og Romsdal","Tingvoll","Tingvoll","1560","SP","Senterpartiet",1,18.83154,332,68
"2013","st","Møre og Romsdal","Tingvoll","Tingvoll","1560","KRF","Kristelig Folkeparti",1,6.80658,120,41
"2013","st","Møre og Romsdal","Tingvoll","Tingvoll","1560","V","Venstre",1,6.0692,107,30
"2013","st","Møre og Romsdal","Tingvoll","Tingvoll","1560","H","Høyre",1,14.63415,258,76
"2013","st","Møre og Romsdal","Tingvoll","Tingvoll","1560","FRP","Fremskrittspartiet",1,14.63415,258,59
"2013","st","Møre og Romsdal","Tingvoll","Tingvoll","1560","DEMN","Demokratene i Norge",2,0,0,0
"2013","st","Møre og Romsdal","Tingvoll","Tingvoll","1560","KRISTNE","De Kristne",2,0.85082,15,6
"2013","st","Møre og Romsdal","Tingvoll","Tingvoll","1560","KYST","Kystpartiet",2,0.05672,1,0
"2013","st","Møre og Romsdal","Tingvoll","Tingvoll","1560","MDG","Miljøpartiet De Grønne",2,2.0987,37,22
"2013","st","Møre og Romsdal","Tingvoll","Tingvoll","1560","PIR","Piratpartiet",2,0.39705,7,2
"2013","st","Møre og Romsdal","Tingvoll","Tingvoll","1560","BLANKE","Blanke",3,0.51049,9,4
"2013","st","Møre og Romsdal","Tingvoll","Tingvoll","1560","Andre","Andre",0,3.40329,60,30
"2013","st","Møre og Romsdal","Tingvoll","Tingvoll","1560","Andre2","Andre2",0,0,0,0
"2013","st","Møre og Romsdal","Sunndal","Sunndal","1563","A","Arbeiderpartiet",1,52.17903,2215,559
"2013","st","Møre og Romsdal","Sunndal","Sunndal","1563","SV","Sosialistisk Venstreparti",1,3.18021,135,53
"2013","st","Møre og Romsdal","Sunndal","Sunndal","1563","RØDT","Rødt",1,0.54181,23,12
"2013","st","Møre og Romsdal","Sunndal","Sunndal","1563","SP","Senterpartiet",1,8.29211,352,71
"2013","st","Møre og Romsdal","Sunndal","Sunndal","1563","KRF","Kristelig Folkeparti",1,3.6278,154,35
"2013","st","Møre og Romsdal","Sunndal","Sunndal","1563","V","Venstre",1,3.86337,164,46
"2013","st","Møre og Romsdal","Sunndal","Sunndal","1563","H","Høyre",1,14.36985,610,171
"2013","st","Møre og Romsdal","Sunndal","Sunndal","1563","FRP","Fremskrittspartiet",1,12.57951,534,135
"2013","st","Møre og Romsdal","Sunndal","Sunndal","1563","DEMN","Demokratene i Norge",2,0,0,0
"2013","st","Møre og Romsdal","Sunndal","Sunndal","1563","KRISTNE","De Kristne",2,0.21201,9,1
"2013","st","Møre og Romsdal","Sunndal","Sunndal","1563","KYST","Kystpartiet",2,0.04711,2,0
"2013","st","Møre og Romsdal","Sunndal","Sunndal","1563","MDG","Miljøpartiet De Grønne",2,0.73027,31,12
"2013","st","Møre og Romsdal","Sunndal","Sunndal","1563","PIR","Piratpartiet",2,0.37691,16,5
"2013","st","Møre og Romsdal","Sunndal","Sunndal","1563","BLANKE","Blanke",3,0.23557,10,2
"2013","st","Møre og Romsdal","Sunndal","Sunndal","1563","Andre","Andre",0,1.36631,58,18
"2013","st","Møre og Romsdal","Sunndal","Sunndal","1563","Andre2","Andre2",0,0,0,0
"2013","st","Møre og Romsdal","Surnadal","Surnadal","1566","A","Arbeiderpartiet",1,37.86058,1260,311
"2013","st","Møre og Romsdal","Surnadal","Surnadal","1566","SV","Sosialistisk Venstreparti",1,1.6226,54,22
"2013","st","Møre og Romsdal","Surnadal","Surnadal","1566","RØDT","Rødt",1,0.39063,13,4
"2013","st","Møre og Romsdal","Surnadal","Surnadal","1566","SP","Senterpartiet",1,28.21514,939,133
"2013","st","Møre og Romsdal","Surnadal","Surnadal","1566","KRF","Kristelig Folkeparti",1,3.81611,127,29
"2013","st","Møre og Romsdal","Surnadal","Surnadal","1566","V","Venstre",1,1.68269,56,19
"2013","st","Møre og Romsdal","Surnadal","Surnadal","1566","H","Høyre",1,13.70192,456,108
"2013","st","Møre og Romsdal","Surnadal","Surnadal","1566","FRP","Fremskrittspartiet",1,10.60697,353,95
"2013","st","Møre og Romsdal","Surnadal","Surnadal","1566","DEMN","Demokratene i Norge",2,0.03005,1,0
"2013","st","Møre og Romsdal","Surnadal","Surnadal","1566","KRISTNE","De Kristne",2,0.39063,13,4
"2013","st","Møre og Romsdal","Surnadal","Surnadal","1566","KYST","Kystpartiet",2,0.15024,5,1
"2013","st","Møre og Romsdal","Surnadal","Surnadal","1566","MDG","Miljøpartiet De Grønne",2,1.26202,42,15
"2013","st","Møre og Romsdal","Surnadal","Surnadal","1566","PIR","Piratpartiet",2,0.27043,9,3
"2013","st","Møre og Romsdal","Surnadal","Surnadal","1566","BLANKE","Blanke",3,0.33053,11,6
"2013","st","Møre og Romsdal","Surnadal","Surnadal","1566","Andre","Andre",0,2.10337,70,23
"2013","st","Møre og Romsdal","Surnadal","Surnadal","1566","Andre2","Andre2",0,0,0,0
"2013","st","Møre og Romsdal","Rindal","Rindal","1567","A","Arbeiderpartiet",1,34.97133,427,123
"2013","st","Møre og Romsdal","Rindal","Rindal","1567","SV","Sosialistisk Venstreparti",1,0.819,10,5
"2013","st","Møre og Romsdal","Rindal","Rindal","1567","RØDT","Rødt",1,0.5733,7,4
"2013","st","Møre og Romsdal","Rindal","Rindal","1567","SP","Senterpartiet",1,37.51024,458,87
"2013","st","Møre og Romsdal","Rindal","Rindal","1567","KRF","Kristelig Folkeparti",1,4.914,60,7
"2013","st","Møre og Romsdal","Rindal","Rindal","1567","V","Venstre",1,1.7199,21,10
"2013","st","Møre og Romsdal","Rindal","Rindal","1567","H","Høyre",1,11.71171,143,39
"2013","st","Møre og Romsdal","Rindal","Rindal","1567","FRP","Fremskrittspartiet",1,6.38821,78,20
"2013","st","Møre og Romsdal","Rindal","Rindal","1567","DEMN","Demokratene i Norge",2,0,0,0
"2013","st","Møre og Romsdal","Rindal","Rindal","1567","KRISTNE","De Kristne",2,0.0819,1,0
"2013","st","Møre og Romsdal","Rindal","Rindal","1567","KYST","Kystpartiet",2,0,0,0
"2013","st","Møre og Romsdal","Rindal","Rindal","1567","MDG","Miljøpartiet De Grønne",2,1.0647,13,3
"2013","st","Møre og Romsdal","Rindal","Rindal","1567","PIR","Piratpartiet",2,0.2457,3,0
"2013","st","Møre og Romsdal","Rindal","Rindal","1567","BLANKE","Blanke",3,0.4095,5,2
"2013","st","Møre og Romsdal","Rindal","Rindal","1567","Andre","Andre",0,1.3923,17,3
"2013","st","Møre og Romsdal","Rindal","Rindal","1567","Andre2","Andre2",0,0,0,0
"2013","st","Møre og Romsdal","Halsa","Halsa","1571","A","Arbeiderpartiet",1,31.60127,298,101
"2013","st","Møre og Romsdal","Halsa","Halsa","1571","SV","Sosialistisk Venstreparti",1,1.9088,18,13
"2013","st","Møre og Romsdal","Halsa","Halsa","1571","RØDT","Rødt",1,0.9544,9,5
"2013","st","Møre og Romsdal","Halsa","Halsa","1571","SP","Senterpartiet",1,25.66278,242,54
"2013","st","Møre og Romsdal","Halsa","Halsa","1571","KRF","Kristelig Folkeparti",1,4.02969,38,5
"2013","st","Møre og Romsdal","Halsa","Halsa","1571","V","Venstre",1,3.07529,29,10
"2013","st","Møre og Romsdal","Halsa","Halsa","1571","H","Høyre",1,18.76988,177,51
"2013","st","Møre og Romsdal","Halsa","Halsa","1571","FRP","Fremskrittspartiet",1,11.34677,107,27
"2013","st","Møre og Romsdal","Halsa","Halsa","1571","DEMN","Demokratene i Norge",2,0.10604,1,0
"2013","st","Møre og Romsdal","Halsa","Halsa","1571","KRISTNE","De Kristne",2,0.21209,2,0
"2013","st","Møre og Romsdal","Halsa","Halsa","1571","KYST","Kystpartiet",2,0,0,0
"2013","st","Møre og Romsdal","Halsa","Halsa","1571","MDG","Miljøpartiet De Grønne",2,2.12089,20,7
"2013","st","Møre og Romsdal","Halsa","Halsa","1571","PIR","Piratpartiet",2,0.21209,2,1
"2013","st","Møre og Romsdal","Halsa","Halsa","1571","BLANKE","Blanke",3,0.42418,4,1
"2013","st","Møre og Romsdal","Halsa","Halsa","1571","Andre","Andre",0,2.65111,25,8
"2013","st","Møre og Romsdal","Halsa","Halsa","1571","Andre2","Andre2",0,0,0,0
"2013","st","Møre og Romsdal","Smøla","Smøla","1573","A","Arbeiderpartiet",1,35.51251,440,126
"2013","st","Møre og Romsdal","Smøla","Smøla","1573","SV","Sosialistisk Venstreparti",1,1.93705,24,8
"2013","st","Møre og Romsdal","Smøla","Smøla","1573","RØDT","Rødt",1,0.08071,1,1
"2013","st","Møre og Romsdal","Smøla","Smøla","1573","SP","Senterpartiet",1,11.86441,147,38
"2013","st","Møre og Romsdal","Smøla","Smøla","1573","KRF","Kristelig Folkeparti",1,3.9548,49,14
"2013","st","Møre og Romsdal","Smøla","Smøla","1573","V","Venstre",1,8.95884,111,27
"2013","st","Møre og Romsdal","Smøla","Smøla","1573","H","Høyre",1,20.01614,248,80
"2013","st","Møre og Romsdal","Smøla","Smøla","1573","FRP","Fremskrittspartiet",1,14.52785,180,65
"2013","st","Møre og Romsdal","Smøla","Smøla","1573","DEMN","Demokratene i Norge",2,0,0,0
"2013","st","Møre og Romsdal","Smøla","Smøla","1573","KRISTNE","De Kristne",2,2.17918,27,3
"2013","st","Møre og Romsdal","Smøla","Smøla","1573","KYST","Kystpartiet",2,0.16142,2,1
"2013","st","Møre og Romsdal","Smøla","Smøla","1573","MDG","Miljøpartiet De Grønne",2,0.56497,7,3
"2013","st","Møre og Romsdal","Smøla","Smøla","1573","PIR","Piratpartiet",2,0.24213,3,1
"2013","st","Møre og Romsdal","Smøla","Smøla","1573","BLANKE","Blanke",3,0.72639,9,6
"2013","st","Møre og Romsdal","Smøla","Smøla","1573","Andre","Andre",0,3.1477,39,8
"2013","st","Møre og Romsdal","Smøla","Smøla","1573","Andre2","Andre2",0,0,0,0
"2013","st","Møre og Romsdal","Aure","Aure","1576","A","Arbeiderpartiet",1,31.01875,612,211
"2013","st","Møre og Romsdal","Aure","Aure","1576","SV","Sosialistisk Venstreparti",1,1.41916,28,6
"2013","st","Møre og Romsdal","Aure","Aure","1576","RØDT","Rødt",1,0.45616,9,6
"2013","st","Møre og Romsdal","Aure","Aure","1576","SP","Senterpartiet",1,17.63811,348,87
"2013","st","Møre og Romsdal","Aure","Aure","1576","KRF","Kristelig Folkeparti",1,5.87937,116,31
"2013","st","Møre og Romsdal","Aure","Aure","1576","V","Venstre",1,6.58895,130,29
"2013","st","Møre og Romsdal","Aure","Aure","1576","H","Høyre",1,19.26001,380,129
"2013","st","Møre og Romsdal","Aure","Aure","1576","FRP","Fremskrittspartiet",1,14.69843,290,108
"2013","st","Møre og Romsdal","Aure","Aure","1576","DEMN","Demokratene i Norge",2,0.15205,3,2
"2013","st","Møre og Romsdal","Aure","Aure","1576","KRISTNE","De Kristne",2,0.40547,8,2
"2013","st","Møre og Romsdal","Aure","Aure","1576","KYST","Kystpartiet",2,0.10137,2,0
"2013","st","Møre og Romsdal","Aure","Aure","1576","MDG","Miljøpartiet De Grønne",2,2.12874,42,17
"2013","st","Møre og Romsdal","Aure","Aure","1576","PIR","Piratpartiet",2,0.25342,5,2
"2013","st","Møre og Romsdal","Aure","Aure","1576","BLANKE","Blanke",3,0.55753,11,7
"2013","st","Møre og Romsdal","Aure","Aure","1576","Andre","Andre",0,3.04105,60,23
"2013","st","Møre og Romsdal","Aure","Aure","1576","Andre2","Andre2",0,0,0,0
"2013","st","Sør-Trøndelag","Trondheim","Uoppgitt krets","0000","A","Arbeiderpartiet",1,35.34731,14345,14313
"2013","st","Sør-Trøndelag","Trondheim","Uoppgitt krets","0000","SV","Sosialistisk Venstreparti",1,6.998,2840,2836
"2013","st","Sør-Trøndelag","Trondheim","Uoppgitt krets","0000","RØDT","Rødt",1,1.47599,599,599
"2013","st","Sør-Trøndelag","Trondheim","Uoppgitt krets","0000","SP","Senterpartiet",1,2.23246,906,904
"2013","st","Sør-Trøndelag","Trondheim","Uoppgitt krets","0000","KRF","Kristelig Folkeparti",1,3.19099,1295,1291
"2013","st","Sør-Trøndelag","Trondheim","Uoppgitt krets","0000","V","Venstre",1,6.08876,2471,2466
"2013","st","Sør-Trøndelag","Trondheim","Uoppgitt krets","0000","H","Høyre",1,24.67536,10014,9993
"2013","st","Sør-Trøndelag","Trondheim","Uoppgitt krets","0000","FRP","Fremskrittspartiet",1,12.82557,5205,5195
"2013","st","Sør-Trøndelag","Trondheim","Uoppgitt krets","0000","DEMN","Demokratene i Norge",2,0.15031,61,61
"2013","st","Sør-Trøndelag","Trondheim","Uoppgitt krets","0000","DLF","Det Liberale Folkepartiet",2,0.10103,41,41
"2013","st","Sør-Trøndelag","Trondheim","Uoppgitt krets","0000","KRISTNE","De Kristne",2,0.28337,115,114
"2013","st","Sør-Trøndelag","Trondheim","Uoppgitt krets","0000","KSP","Kristent Samlingsparti",2,0.0616,25,25
"2013","st","Sør-Trøndelag","Trondheim","Uoppgitt krets","0000","KYST","Kystpartiet",2,0.0616,25,25
"2013","st","Sør-Trøndelag","Trondheim","Uoppgitt krets","0000","MDG","Miljøpartiet De Grønne",2,4.56349,1852,1847
"2013","st","Sør-Trøndelag","Trondheim","Uoppgitt krets","0000","NKP","Norges Kommunistiske Parti",2,0.07146,29,29
"2013","st","Sør-Trøndelag","Trondheim","Uoppgitt krets","0000","PIR","Piratpartiet",2,0.65545,266,266
"2013","st","Sør-Trøndelag","Trondheim","Uoppgitt krets","0000","PP","Pensjonistpartiet",2,1.21726,494,493
"2013","st","Sør-Trøndelag","Trondheim","Uoppgitt krets","0000","BLANKE","Blanke",3,0.51992,211,156
"2013","st","Sør-Trøndelag","Trondheim","Uoppgitt krets","0000","Andre","Andre",0,7.16556,2908,2901
"2013","st","Sør-Trøndelag","Trondheim","Uoppgitt krets","0000","Andre2","Andre2",0,0,0,0
"2013","st","Sør-Trøndelag","Trondheim","Sverresborg","0001","A","Arbeiderpartiet",1,37.87558,895,0
"2013","st","Sør-Trøndelag","Trondheim","Sverresborg","0001","SV","Sosialistisk Venstreparti",1,8.67541,205,0
"2013","st","Sør-Trøndelag","Trondheim","Sverresborg","0001","RØDT","Rødt",1,1.14262,27,0
"2013","st","Sør-Trøndelag","Trondheim","Sverresborg","0001","SP","Senterpartiet",1,2.03132,48,0
"2013","st","Sør-Trøndelag","Trondheim","Sverresborg","0001","KRF","Kristelig Folkeparti",1,3.59712,85,0
"2013","st","Sør-Trøndelag","Trondheim","Sverresborg","0001","V","Venstre",1,8.37918,198,0
"2013","st","Sør-Trøndelag","Trondheim","Sverresborg","0001","H","Høyre",1,22.59839,534,0
"2013","st","Sør-Trøndelag","Trondheim","Sverresborg","0001","FRP","Fremskrittspartiet",1,9.22556,218,0
"2013","st","Sør-Trøndelag","Trondheim","Sverresborg","0001","DEMN","Demokratene i Norge",2,0.12696,3,0
"2013","st","Sør-Trøndelag","Trondheim","Sverresborg","0001","DLF","Det Liberale Folkepartiet",2,0,0,0
"2013","st","Sør-Trøndelag","Trondheim","Sverresborg","0001","KRISTNE","De Kristne",2,0.25391,6,0
"2013","st","Sør-Trøndelag","Trondheim","Sverresborg","0001","KSP","Kristent Samlingsparti",2,0.04232,1,0
"2013","st","Sør-Trøndelag","Trondheim","Sverresborg","0001","KYST","Kystpartiet",2,0,0,0
"2013","st","Sør-Trøndelag","Trondheim","Sverresborg","0001","MDG","Miljøpartiet De Grønne",2,4.99365,118,0
"2013","st","Sør-Trøndelag","Trondheim","Sverresborg","0001","NKP","Norges Kommunistiske Parti",2,0.12696,3,0
"2013","st","Sør-Trøndelag","Trondheim","Sverresborg","0001","PIR","Piratpartiet",2,0.33855,8,0
"2013","st","Sør-Trøndelag","Trondheim","Sverresborg","0001","PP","Pensjonistpartiet",2,0.59247,14,0
"2013","st","Sør-Trøndelag","Trondheim","Sverresborg","0001","BLANKE","Blanke",3,0.33855,8,0
"2013","st","Sør-Trøndelag","Trondheim","Sverresborg","0001","Andre","Andre",0,6.47482,153,0
"2013","st","Sør-Trøndelag","Trondheim","Sverresborg","0001","Andre2","Andre2",0,0,0,0
"2013","st","Sør-Trøndelag","Trondheim","Ila","0002","A","Arbeiderpartiet",1,31.83857,639,0
"2013","st","Sør-Trøndelag","Trondheim","Ila","0002","SV","Sosialistisk Venstreparti",1,13.35326,268,0
"2013","st","Sør-Trøndelag","Trondheim","Ila","0002","RØDT","Rødt",1,2.19233,44,0
"2013","st","Sør-Trøndelag","Trondheim","Ila","0002","SP","Senterpartiet",1,2.84006,57,0
"2013","st","Sør-Trøndelag","Trondheim","Ila","0002","KRF","Kristelig Folkeparti",1,2.09268,42,0
"2013","st","Sør-Trøndelag","Trondheim","Ila","0002","V","Venstre",1,9.36721,188,0
"2013","st","Sør-Trøndelag","Trondheim","Ila","0002","H","Høyre",1,19.93024,400,0
"2013","st","Sør-Trøndelag","Trondheim","Ila","0002","FRP","Fremskrittspartiet",1,8.57,172,0
"2013","st","Sør-Trøndelag","Trondheim","Ila","0002","DEMN","Demokratene i Norge",2,0.04983,1,0
"2013","st","Sør-Trøndelag","Trondheim","Ila","0002","DLF","Det Liberale Folkepartiet",2,0.04983,1,0
"2013","st","Sør-Trøndelag","Trondheim","Ila","0002","KRISTNE","De Kristne",2,0,0,0
"2013","st","Sør-Trøndelag","Trondheim","Ila","0002","KSP","Kristent Samlingsparti",2,0.04983,1,0
"2013","st","Sør-Trøndelag","Trondheim","Ila","0002","KYST","Kystpartiet",2,0,0,0
"2013","st","Sør-Trøndelag","Trondheim","Ila","0002","MDG","Miljøpartiet De Grønne",2,7.67314,154,0
"2013","st","Sør-Trøndelag","Trondheim","Ila","0002","NKP","Norges Kommunistiske Parti",2,0.04983,1,0
"2013","st","Sør-Trøndelag","Trondheim","Ila","0002","PIR","Piratpartiet",2,1.34529,27,0
"2013","st","Sør-Trøndelag","Trondheim","Ila","0002","PP","Pensjonistpartiet",2,0.59791,12,0
"2013","st","Sør-Trøndelag","Trondheim","Ila","0002","BLANKE","Blanke",3,0.69756,14,0
"2013","st","Sør-Trøndelag","Trondheim","Ila","0002","Andre","Andre",0,9.81565,197,0
"2013","st","Sør-Trøndelag","Trondheim","Ila","0002","Andre2","Andre2",0,0,0,0
"2013","st","Sør-Trøndelag","Trondheim","Midtbyen","0003","A","Arbeiderpartiet",1,27.22772,495,0
"2013","st","Sør-Trøndelag","Trondheim","Midtbyen","0003","SV","Sosialistisk Venstreparti",1,13.64136,248,0
"2013","st","Sør-Trøndelag","Trondheim","Midtbyen","0003","RØDT","Rødt",1,2.25523,41,0
"2013","st","Sør-Trøndelag","Trondheim","Midtbyen","0003","SP","Senterpartiet",1,1.9802,36,0
"2013","st","Sør-Trøndelag","Trondheim","Midtbyen","0003","KRF","Kristelig Folkeparti",1,1.70517,31,0
"2013","st","Sør-Trøndelag","Trondheim","Midtbyen","0003","V","Venstre",1,11.0011,200,0
"2013","st","Sør-Trøndelag","Trondheim","Midtbyen","0003","H","Høyre",1,22.27723,405,0
"2013","st","Sør-Trøndelag","Trondheim","Midtbyen","0003","FRP","Fremskrittspartiet",1,8.9659,163,0
"2013","st","Sør-Trøndelag","Trondheim","Midtbyen","0003","DEMN","Demokratene i Norge",2,0.16502,3,0
"2013","st","Sør-Trøndelag","Trondheim","Midtbyen","0003","DLF","Det Liberale Folkepartiet",2,0.22002,4,0
"2013","st","Sør-Trøndelag","Trondheim","Midtbyen","0003","KRISTNE","De Kristne",2,0.05501,1,0
"2013","st","Sør-Trøndelag","Trondheim","Midtbyen","0003","KSP","Kristent Samlingsparti",2,0.05501,1,0
"2013","st","Sør-Trøndelag","Trondheim","Midtbyen","0003","KYST","Kystpartiet",2,0.11001,2,0
"2013","st","Sør-Trøndelag","Trondheim","Midtbyen","0003","MDG","Miljøpartiet De Grønne",2,7.75578,141,0
"2013","st","Sør-Trøndelag","Trondheim","Midtbyen","0003","NKP","Norges Kommunistiske Parti",2,0.22002,4,0
"2013","st","Sør-Trøndelag","Trondheim","Midtbyen","0003","PIR","Piratpartiet",2,1.92519,35,0
"2013","st","Sør-Trøndelag","Trondheim","Midtbyen","0003","PP","Pensjonistpartiet",2,0.44004,8,0
"2013","st","Sør-Trøndelag","Trondheim","Midtbyen","0003","BLANKE","Blanke",3,0.71507,13,0
"2013","st","Sør-Trøndelag","Trondheim","Midtbyen","0003","Andre","Andre",0,10.94609,199,0
"2013","st","Sør-Trøndelag","Trondheim","Midtbyen","0003","Andre2","Andre2",0,0,0,0
"2013","st","Sør-Trøndelag","Trondheim","Elgeseter/Øya","0004","A","Arbeiderpartiet",1,33.51867,422,0
"2013","st","Sør-Trøndelag","Trondheim","Elgeseter/Øya","0004","SV","Sosialistisk Venstreparti",1,13.42335,169,0
"2013","st","Sør-Trøndelag","Trondheim","Elgeseter/Øya","0004","RØDT","Rødt",1,2.38284,30,0
"2013","st","Sør-Trøndelag","Trondheim","Elgeseter/Øya","0004","SP","Senterpartiet",1,2.06513,26,0
"2013","st","Sør-Trøndelag","Trondheim","Elgeseter/Øya","0004","KRF","Kristelig Folkeparti",1,1.58856,20,0
"2013","st","Sør-Trøndelag","Trondheim","Elgeseter/Øya","0004","V","Venstre",1,12.47021,157,0
"2013","st","Sør-Trøndelag","Trondheim","Elgeseter/Øya","0004","H","Høyre",1,20.17474,254,0
"2013","st","Sør-Trøndelag","Trondheim","Elgeseter/Øya","0004","FRP","Fremskrittspartiet",1,6.35425,80,0
"2013","st","Sør-Trøndelag","Trondheim","Elgeseter/Øya","0004","DEMN","Demokratene i Norge",2,0.31771,4,0
"2013","st","Sør-Trøndelag","Trondheim","Elgeseter/Øya","0004","DLF","Det Liberale Folkepartiet",2,0.07943,1,0
"2013","st","Sør-Trøndelag","Trondheim","Elgeseter/Øya","0004","KRISTNE","De Kristne",2,0.07943,1,0
"2013","st","Sør-Trøndelag","Trondheim","Elgeseter/Øya","0004","KSP","Kristent Samlingsparti",2,0,0,0
"2013","st","Sør-Trøndelag","Trondheim","Elgeseter/Øya","0004","KYST","Kystpartiet",2,0,0,0
"2013","st","Sør-Trøndelag","Trondheim","Elgeseter/Øya","0004","MDG","Miljøpartiet De Grønne",2,5.95711,75,0
"2013","st","Sør-Trøndelag","Trondheim","Elgeseter/Øya","0004","NKP","Norges Kommunistiske Parti",2,0,0,0
"2013","st","Sør-Trøndelag","Trondheim","Elgeseter/Øya","0004","PIR","Piratpartiet",2,1.11199,14,0
"2013","st","Sør-Trøndelag","Trondheim","Elgeseter/Øya","0004","PP","Pensjonistpartiet",2,0.47657,6,0
"2013","st","Sør-Trøndelag","Trondheim","Elgeseter/Øya","0004","BLANKE","Blanke",3,0.39714,5,0
"2013","st","Sør-Trøndelag","Trondheim","Elgeseter/Øya","0004","Andre","Andre",0,8.02224,101,0
"2013","st","Sør-Trøndelag","Trondheim","Elgeseter/Øya","0004","Andre2","Andre2",0,0,0,0
"2013","st","Sør-Trøndelag","Trondheim","Singsaker","0005","A","Arbeiderpartiet",1,28.31609,301,0
"2013","st","Sør-Trøndelag","Trondheim","Singsaker","0005","SV","Sosialistisk Venstreparti",1,11.38288,121,0
"2013","st","Sør-Trøndelag","Trondheim","Singsaker","0005","RØDT","Rødt",1,1.22295,13,0
"2013","st","Sør-Trøndelag","Trondheim","Singsaker","0005","SP","Senterpartiet",1,1.31703,14,0
"2013","st","Sør-Trøndelag","Trondheim","Singsaker","0005","KRF","Kristelig Folkeparti",1,1.88147,20,0
"2013","st","Sør-Trøndelag","Trondheim","Singsaker","0005","V","Venstre",1,11.19473,119,0
"2013","st","Sør-Trøndelag","Trondheim","Singsaker","0005","H","Høyre",1,29.82126,317,0
"2013","st","Sør-Trøndelag","Trondheim","Singsaker","0005","FRP","Fremskrittspartiet",1,7.80809,83,0
"2013","st","Sør-Trøndelag","Trondheim","Singsaker","0005","DEMN","Demokratene i Norge",2,0.09407,1,0
"2013","st","Sør-Trøndelag","Trondheim","Singsaker","0005","DLF","Det Liberale Folkepartiet",2,0.09407,1,0
"2013","st","Sør-Trøndelag","Trondheim","Singsaker","0005","KRISTNE","De Kristne",2,0,0,0
"2013","st","Sør-Trøndelag","Trondheim","Singsaker","0005","KSP","Kristent Samlingsparti",2,0,0,0
"2013","st","Sør-Trøndelag","Trondheim","Singsaker","0005","KYST","Kystpartiet",2,0,0,0
"2013","st","Sør-Trøndelag","Trondheim","Singsaker","0005","MDG","Miljøpartiet De Grønne",2,6.30292,67,0
"2013","st","Sør-Trøndelag","Trondheim","Singsaker","0005","NKP","Norges Kommunistiske Parti",2,0,0,0
"2013","st","Sør-Trøndelag","Trondheim","Singsaker","0005","PIR","Piratpartiet",2,0.28222,3,0
"2013","st","Sør-Trøndelag","Trondheim","Singsaker","0005","PP","Pensjonistpartiet",2,0.28222,3,0
"2013","st","Sør-Trøndelag","Trondheim","Singsaker","0005","BLANKE","Blanke",3,0,0,0
"2013","st","Sør-Trøndelag","Trondheim","Singsaker","0005","Andre","Andre",0,7.0555,75,0
"2013","st","Sør-Trøndelag","Trondheim","Singsaker","0005","Andre2","Andre2",0,0,0,0
"2013","st","Sør-Trøndelag","Trondheim","Rosenborg","0006","A","Arbeiderpartiet",1,31.54023,686,0
"2013","st","Sør-Trøndelag","Trondheim","Rosenborg","0006","SV","Sosialistisk Venstreparti",1,14.62069,318,0
"2013","st","Sør-Trøndelag","Trondheim","Rosenborg","0006","RØDT","Rødt",1,1.56322,34,0
"2013","st","Sør-Trøndelag","Trondheim","Rosenborg","0006","SP","Senterpartiet",1,1.93103,42,0
"2013","st","Sør-Trøndelag","Trondheim","Rosenborg","0006","KRF","Kristelig Folkeparti",1,1.6092,35,0
"2013","st","Sør-Trøndelag","Trondheim","Rosenborg","0006","V","Venstre",1,8.87356,193,0
"2013","st","Sør-Trøndelag","Trondheim","Rosenborg","0006","H","Høyre",1,21.74713,473,0
"2013","st","Sør-Trøndelag","Trondheim","Rosenborg","0006","FRP","Fremskrittspartiet",1,9.33333,203,0
"2013","st","Sør-Trøndelag","Trondheim","Rosenborg","0006","DEMN","Demokratene i Norge",2,0.22989,5,0
"2013","st","Sør-Trøndelag","Trondheim","Rosenborg","0006","DLF","Det Liberale Folkepartiet",2,0.22989,5,0
"2013","st","Sør-Trøndelag","Trondheim","Rosenborg","0006","KRISTNE","De Kristne",2,0,0,0
"2013","st","Sør-Trøndelag","Trondheim","Rosenborg","0006","KSP","Kristent Samlingsparti",2,0.04598,1,0
"2013","st","Sør-Trøndelag","Trondheim","Rosenborg","0006","KYST","Kystpartiet",2,0.09195,2,0
"2013","st","Sør-Trøndelag","Trondheim","Rosenborg","0006","MDG","Miljøpartiet De Grønne",2,7.03448,153,0
"2013","st","Sør-Trøndelag","Trondheim","Rosenborg","0006","NKP","Norges Kommunistiske Parti",2,0.04598,1,0
"2013","st","Sør-Trøndelag","Trondheim","Rosenborg","0006","PIR","Piratpartiet",2,0.82759,18,0
"2013","st","Sør-Trøndelag","Trondheim","Rosenborg","0006","PP","Pensjonistpartiet",2,0.27586,6,0
"2013","st","Sør-Trøndelag","Trondheim","Rosenborg","0006","BLANKE","Blanke",3,0,0,0
"2013","st","Sør-Trøndelag","Trondheim","Rosenborg","0006","Andre","Andre",0,8.78161,191,0
"2013","st","Sør-Trøndelag","Trondheim","Rosenborg","0006","Andre2","Andre2",0,0,0,0
"2013","st","Sør-Trøndelag","Trondheim","Lademoen","0007","A","Arbeiderpartiet",1,28.89813,417,0
"2013","st","Sør-Trøndelag","Trondheim","Lademoen","0007","SV","Sosialistisk Venstreparti",1,15.03812,217,0
"2013","st","Sør-Trøndelag","Trondheim","Lademoen","0007","RØDT","Rødt",1,3.1878,46,0
"2013","st","Sør-Trøndelag","Trondheim","Lademoen","0007","SP","Senterpartiet",1,2.4948,36,0
"2013","st","Sør-Trøndelag","Trondheim","Lademoen","0007","KRF","Kristelig Folkeparti",1,1.5246,22,0
"2013","st","Sør-Trøndelag","Trondheim","Lademoen","0007","V","Venstre",1,8.03881,116,0
"2013","st","Sør-Trøndelag","Trondheim","Lademoen","0007","H","Høyre",1,16.83992,243,0
"2013","st","Sør-Trøndelag","Trondheim","Lademoen","0007","FRP","Fremskrittspartiet",1,8.52391,123,0
"2013","st","Sør-Trøndelag","Trondheim","Lademoen","0007","DEMN","Demokratene i Norge",2,0.2079,3,0
"2013","st","Sør-Trøndelag","Trondheim","Lademoen","0007","DLF","Det Liberale Folkepartiet",2,0.1386,2,0
"2013","st","Sør-Trøndelag","Trondheim","Lademoen","0007","KRISTNE","De Kristne",2,0.1386,2,0
"2013","st","Sør-Trøndelag","Trondheim","Lademoen","0007","KSP","Kristent Samlingsparti",2,0,0,0
"2013","st","Sør-Trøndelag","Trondheim","Lademoen","0007","KYST","Kystpartiet",2,0.0693,1,0
"2013","st","Sør-Trøndelag","Trondheim","Lademoen","0007","MDG","Miljøpartiet De Grønne",2,13.02841,188,0
"2013","st","Sør-Trøndelag","Trondheim","Lademoen","0007","NKP","Norges Kommunistiske Parti",2,0.0693,1,0
"2013","st","Sør-Trøndelag","Trondheim","Lademoen","0007","PIR","Piratpartiet",2,0.9702,14,0
"2013","st","Sør-Trøndelag","Trondheim","Lademoen","0007","PP","Pensjonistpartiet",2,0.8316,12,0
"2013","st","Sør-Trøndelag","Trondheim","Lademoen","0007","BLANKE","Blanke",3,0.5544,8,0
"2013","st","Sør-Trøndelag","Trondheim","Lademoen","0007","Andre","Andre",0,15.45392,223,0
"2013","st","Sør-Trøndelag","Trondheim","Lademoen","0007","Andre2","Andre2",0,0,0,0
"2013","st","Sør-Trøndelag","Trondheim","Tonstad","0008","A","Arbeiderpartiet",1,43.91737,1148,0
"2013","st","Sør-Trøndelag","Trondheim","Tonstad","0008","SV","Sosialistisk Venstreparti",1,3.71079,97,0
"2013","st","Sør-Trøndelag","Trondheim","Tonstad","0008","RØDT","Rødt",1,0.61209,16,0
"2013","st","Sør-Trøndelag","Trondheim","Tonstad","0008","SP","Senterpartiet",1,2.56312,67,0
"2013","st","Sør-Trøndelag","Trondheim","Tonstad","0008","KRF","Kristelig Folkeparti",1,3.55777,93,0
"2013","st","Sør-Trøndelag","Trondheim","Tonstad","0008","V","Venstre",1,4.89671,128,0
"2013","st","Sør-Trøndelag","Trondheim","Tonstad","0008","H","Høyre",1,22.45601,587,0
"2013","st","Sør-Trøndelag","Trondheim","Tonstad","0008","FRP","Fremskrittspartiet",1,14.34583,375,0
"2013","st","Sør-Trøndelag","Trondheim","Tonstad","0008","DEMN","Demokratene i Norge",2,0.03826,1,0
"2013","st","Sør-Trøndelag","Trondheim","Tonstad","0008","DLF","Det Liberale Folkepartiet",2,0.03826,1,0
"2013","st","Sør-Trøndelag","Trondheim","Tonstad","0008","KRISTNE","De Kristne",2,0.15302,4,0
"2013","st","Sør-Trøndelag","Trondheim","Tonstad","0008","KSP","Kristent Samlingsparti",2,0.22953,6,0
"2013","st","Sør-Trøndelag","Trondheim","Tonstad","0008","KYST","Kystpartiet",2,0.19128,5,0
"2013","st","Sør-Trøndelag","Trondheim","Tonstad","0008","MDG","Miljøpartiet De Grønne",2,1.79801,47,0
"2013","st","Sør-Trøndelag","Trondheim","Tonstad","0008","NKP","Norges Kommunistiske Parti",2,0.19128,5,0
"2013","st","Sør-Trøndelag","Trondheim","Tonstad","0008","PIR","Piratpartiet",2,0.80337,21,0
"2013","st","Sør-Trøndelag","Trondheim","Tonstad","0008","PP","Pensjonistpartiet",2,0.49732,13,0
"2013","st","Sør-Trøndelag","Trondheim","Tonstad","0008","BLANKE","Blanke",3,0.6886,18,0
"2013","st","Sør-Trøndelag","Trondheim","Tonstad","0008","Andre","Andre",0,3.94032,103,0
"2013","st","Sør-Trøndelag","Trondheim","Tonstad","0008","Andre2","Andre2",0,0,0,0
"2013","st","Sør-Trøndelag","Trondheim","Lade","0009","A","Arbeiderpartiet",1,37.13483,661,0
"2013","st","Sør-Trøndelag","Trondheim","Lade","0009","SV","Sosialistisk Venstreparti",1,9.4382,168,0
"2013","st","Sør-Trøndelag","Trondheim","Lade","0009","RØDT","Rødt",1,1.17978,21,0
"2013","st","Sør-Trøndelag","Trondheim","Lade","0009","SP","Senterpartiet",1,1.51685,27,0
"2013","st","Sør-Trøndelag","Trondheim","Lade","0009","KRF","Kristelig Folkeparti",1,2.41573,43,0
"2013","st","Sør-Trøndelag","Trondheim","Lade","0009","V","Venstre",1,7.13483,127,0
"2013","st","Sør-Trøndelag","Trondheim","Lade","0009","H","Høyre",1,22.47191,400,0
"2013","st","Sør-Trøndelag","Trondheim","Lade","0009","FRP","Fremskrittspartiet",1,11.23596,200,0
"2013","st","Sør-Trøndelag","Trondheim","Lade","0009","DEMN","Demokratene i Norge",2,0.11236,2,0
"2013","st","Sør-Trøndelag","Trondheim","Lade","0009","DLF","Det Liberale Folkepartiet",2,0,0,0
"2013","st","Sør-Trøndelag","Trondheim","Lade","0009","KRISTNE","De Kristne",2,0.44944,8,0
"2013","st","Sør-Trøndelag","Trondheim","Lade","0009","KSP","Kristent Samlingsparti",2,0.05618,1,0
"2013","st","Sør-Trøndelag","Trondheim","Lade","0009","KYST","Kystpartiet",2,0.11236,2,0
"2013","st","Sør-Trøndelag","Trondheim","Lade","0009","MDG","Miljøpartiet De Grønne",2,5.22472,93,0
"2013","st","Sør-Trøndelag","Trondheim","Lade","0009","NKP","Norges Kommunistiske Parti",2,0.11236,2,0
"2013","st","Sør-Trøndelag","Trondheim","Lade","0009","PIR","Piratpartiet",2,0.89888,16,0
"2013","st","Sør-Trøndelag","Trondheim","Lade","0009","PP","Pensjonistpartiet",2,0.50562,9,0
"2013","st","Sør-Trøndelag","Trondheim","Lade","0009","BLANKE","Blanke",3,0.61798,11,0
"2013","st","Sør-Trøndelag","Trondheim","Lade","0009","Andre","Andre",0,7.47191,133,0
"2013","st","Sør-Trøndelag","Trondheim","Lade","0009","Andre2","Andre2",0,0,0,0
"2013","st","Sør-Trøndelag","Trondheim","Trolla","0010","A","Arbeiderpartiet",1,39.40678,93,0
"2013","st","Sør-Trøndelag","Trondheim","Trolla","0010","SV","Sosialistisk Venstreparti",1,10.16949,24,0
"2013","st","Sør-Trøndelag","Trondheim","Trolla","0010","RØDT","Rødt",1,1.69492,4,0
"2013","st","Sør-Trøndelag","Trondheim","Trolla","0010","SP","Senterpartiet",1,2.11864,5,0
"2013","st","Sør-Trøndelag","Trondheim","Trolla","0010","KRF","Kristelig Folkeparti",1,2.9661,7,0
"2013","st","Sør-Trøndelag","Trondheim","Trolla","0010","V","Venstre",1,3.38983,8,0
"2013","st","Sør-Trøndelag","Trondheim","Trolla","0010","H","Høyre",1,18.22034,43,0
"2013","st","Sør-Trøndelag","Trondheim","Trolla","0010","FRP","Fremskrittspartiet",1,16.10169,38,0
"2013","st","Sør-Trøndelag","Trondheim","Trolla","0010","DEMN","Demokratene i Norge",2,0,0,0
"2013","st","Sør-Trøndelag","Trondheim","Trolla","0010","DLF","Det Liberale Folkepartiet",2,0,0,0
"2013","st","Sør-Trøndelag","Trondheim","Trolla","0010","KRISTNE","De Kristne",2,0,0,0
"2013","st","Sør-Trøndelag","Trondheim","Trolla","0010","KSP","Kristent Samlingsparti",2,0,0,0
"2013","st","Sør-Trøndelag","Trondheim","Trolla","0010","KYST","Kystpartiet",2,0,0,0
"2013","st","Sør-Trøndelag","Trondheim","Trolla","0010","MDG","Miljøpartiet De Grønne",2,5.08475,12,0
"2013","st","Sør-Trøndelag","Trondheim","Trolla","0010","NKP","Norges Kommunistiske Parti",2,0,0,0
"2013","st","Sør-Trøndelag","Trondheim","Trolla","0010","PIR","Piratpartiet",2,0.84746,2,0
"2013","st","Sør-Trøndelag","Trondheim","Trolla","0010","PP","Pensjonistpartiet",2,0,0,0
"2013","st","Sør-Trøndelag","Trondheim","Trolla","0010","BLANKE","Blanke",3,0,0,0
"2013","st","Sør-Trøndelag","Trondheim","Trolla","0010","Andre","Andre",0,5.9322,14,0
"2013","st","Sør-Trøndelag","Trondheim","Trolla","0010","Andre2","Andre2",0,0,0,0
"2013","st","Sør-Trøndelag","Trondheim","Ranheim","0011","A","Arbeiderpartiet",1,40.38268,802,0
"2013","st","Sør-Trøndelag","Trondheim","Ranheim","0011","SV","Sosialistisk Venstreparti",1,5.13595,102,0
"2013","st","Sør-Trøndelag","Trondheim","Ranheim","0011","RØDT","Rødt",1,0.65458,13,0
"2013","st","Sør-Trøndelag","Trondheim","Ranheim","0011","SP","Senterpartiet",1,2.36657,47,0
"2013","st","Sør-Trøndelag","Trondheim","Ranheim","0011","KRF","Kristelig Folkeparti",1,2.1148,42,0
"2013","st","Sør-Trøndelag","Trondheim","Ranheim","0011","V","Venstre",1,5.38771,107,0
"2013","st","Sør-Trøndelag","Trondheim","Ranheim","0011","H","Høyre",1,26.13293,519,0
"2013","st","Sør-Trøndelag","Trondheim","Ranheim","0011","FRP","Fremskrittspartiet",1,13.99799,278,0
"2013","st","Sør-Trøndelag","Trondheim","Ranheim","0011","DEMN","Demokratene i Norge",2,0.20141,4,0
"2013","st","Sør-Trøndelag","Trondheim","Ranheim","0011","DLF","Det Liberale Folkepartiet",2,0,0,0
"2013","st","Sør-Trøndelag","Trondheim","Ranheim","0011","KRISTNE","De Kristne",2,0.15106,3,0
"2013","st","Sør-Trøndelag","Trondheim","Ranheim","0011","KSP","Kristent Samlingsparti",2,0.05035,1,0
"2013","st","Sør-Trøndelag","Trondheim","Ranheim","0011","KYST","Kystpartiet",2,0.05035,1,0
"2013","st","Sør-Trøndelag","Trondheim","Ranheim","0011","MDG","Miljøpartiet De Grønne",2,2.26586,45,0
"2013","st","Sør-Trøndelag","Trondheim","Ranheim","0011","NKP","Norges Kommunistiske Parti",2,0.15106,3,0
"2013","st","Sør-Trøndelag","Trondheim","Ranheim","0011","PIR","Piratpartiet",2,0.35247,7,0
"2013","st","Sør-Trøndelag","Trondheim","Ranheim","0011","PP","Pensjonistpartiet",2,0.60423,12,0
"2013","st","Sør-Trøndelag","Trondheim","Ranheim","0011","BLANKE","Blanke",3,0.45317,9,0
"2013","st","Sør-Trøndelag","Trondheim","Ranheim","0011","Andre","Andre",0,3.82679,76,0
"2013","st","Sør-Trøndelag","Trondheim","Ranheim","0011","Andre2","Andre2",0,0,0,0
"2013","st","Sør-Trøndelag","Trondheim","Charlottenlund","0012","A","Arbeiderpartiet",1,40.13841,1160,0
"2013","st","Sør-Trøndelag","Trondheim","Charlottenlund","0012","SV","Sosialistisk Venstreparti",1,5.60554,162,0
"2013","st","Sør-Trøndelag","Trondheim","Charlottenlund","0012","RØDT","Rødt",1,0.76125,22,0
"2013","st","Sør-Trøndelag","Trondheim","Charlottenlund","0012","SP","Senterpartiet",1,2.07612,60,0
"2013","st","Sør-Trøndelag","Trondheim","Charlottenlund","0012","KRF","Kristelig Folkeparti",1,2.56055,74,0
"2013","st","Sør-Trøndelag","Trondheim","Charlottenlund","0012","V","Venstre",1,6.15917,178,0
"2013","st","Sør-Trøndelag","Trondheim","Charlottenlund","0012","H","Høyre",1,27.43945,793,0
"2013","st","Sør-Trøndelag","Trondheim","Charlottenlund","0012","FRP","Fremskrittspartiet",1,10.72664,310,0
"2013","st","Sør-Trøndelag","Trondheim","Charlottenlund","0012","DEMN","Demokratene i Norge",2,0.10381,3,0
"2013","st","Sør-Trøndelag","Trondheim","Charlottenlund","0012","DLF","Det Liberale Folkepartiet",2,0,0,0
"2013","st","Sør-Trøndelag","Trondheim","Charlottenlund","0012","KRISTNE","De Kristne",2,0.0346,1,0
"2013","st","Sør-Trøndelag","Trondheim","Charlottenlund","0012","KSP","Kristent Samlingsparti",2,0,0,0
"2013","st","Sør-Trøndelag","Trondheim","Charlottenlund","0012","KYST","Kystpartiet",2,0.13841,4,0
"2013","st","Sør-Trøndelag","Trondheim","Charlottenlund","0012","MDG","Miljøpartiet De Grønne",2,3.391,98,0
"2013","st","Sør-Trøndelag","Trondheim","Charlottenlund","0012","NKP","Norges Kommunistiske Parti",2,0,0,0
"2013","st","Sør-Trøndelag","Trondheim","Charlottenlund","0012","PIR","Piratpartiet",2,0.20761,6,0
"2013","st","Sør-Trøndelag","Trondheim","Charlottenlund","0012","PP","Pensjonistpartiet",2,0.65744,19,0
"2013","st","Sør-Trøndelag","Trondheim","Charlottenlund","0012","BLANKE","Blanke",3,0.24221,7,0
"2013","st","Sør-Trøndelag","Trondheim","Charlottenlund","0012","Andre","Andre",0,4.53287,131,0
"2013","st","Sør-Trøndelag","Trondheim","Charlottenlund","0012","Andre2","Andre2",0,0,0,0
"2013","st","Sør-Trøndelag","Trondheim","Strindheim","0013","A","Arbeiderpartiet",1,38.6389,1039,0
"2013","st","Sør-Trøndelag","Trondheim","Strindheim","0013","SV","Sosialistisk Venstreparti",1,7.25177,195,0
"2013","st","Sør-Trøndelag","Trondheim","Strindheim","0013","RØDT","Rødt",1,1.15284,31,0
"2013","st","Sør-Trøndelag","Trondheim","Strindheim","0013","SP","Senterpartiet",1,2.64039,71,0
"2013","st","Sør-Trøndelag","Trondheim","Strindheim","0013","KRF","Kristelig Folkeparti",1,2.23131,60,0
"2013","st","Sør-Trøndelag","Trondheim","Strindheim","0013","V","Venstre",1,6.508,175,0
"2013","st","Sør-Trøndelag","Trondheim","Strindheim","0013","H","Høyre",1,25.92042,697,0
"2013","st","Sør-Trøndelag","Trondheim","Strindheim","0013","FRP","Fremskrittspartiet",1,10.41279,280,0
"2013","st","Sør-Trøndelag","Trondheim","Strindheim","0013","DEMN","Demokratene i Norge",2,0,0,0
"2013","st","Sør-Trøndelag","Trondheim","Strindheim","0013","DLF","Det Liberale Folkepartiet",2,0,0,0
"2013","st","Sør-Trøndelag","Trondheim","Strindheim","0013","KRISTNE","De Kristne",2,0.14875,4,0
"2013","st","Sør-Trøndelag","Trondheim","Strindheim","0013","KSP","Kristent Samlingsparti",2,0.03719,1,0
"2013","st","Sør-Trøndelag","Trondheim","Strindheim","0013","KYST","Kystpartiet",2,0.07438,2,0
"2013","st","Sør-Trøndelag","Trondheim","Strindheim","0013","MDG","Miljøpartiet De Grønne",2,3.68167,99,0
"2013","st","Sør-Trøndelag","Trondheim","Strindheim","0013","NKP","Norges Kommunistiske Parti",2,0.03719,1,0
"2013","st","Sør-Trøndelag","Trondheim","Strindheim","0013","PIR","Piratpartiet",2,0.26032,7,0
"2013","st","Sør-Trøndelag","Trondheim","Strindheim","0013","PP","Pensjonistpartiet",2,1.00409,27,0
"2013","st","Sør-Trøndelag","Trondheim","Strindheim","0013","BLANKE","Blanke",3,0,0,0
"2013","st","Sør-Trøndelag","Trondheim","Strindheim","0013","Andre","Andre",0,5.24358,141,0
"2013","st","Sør-Trøndelag","Trondheim","Strindheim","0013","Andre2","Andre2",0,0,0,0
"2013","st","Sør-Trøndelag","Trondheim","Blussuvoll","0014","A","Arbeiderpartiet",1,31.77354,550,0
"2013","st","Sør-Trøndelag","Trondheim","Blussuvoll","0014","SV","Sosialistisk Venstreparti",1,10.68746,185,0
"2013","st","Sør-Trøndelag","Trondheim","Blussuvoll","0014","RØDT","Rødt",1,1.03986,18,0
"2013","st","Sør-Trøndelag","Trondheim","Blussuvoll","0014","SP","Senterpartiet",1,2.13749,37,0
"2013","st","Sør-Trøndelag","Trondheim","Blussuvoll","0014","KRF","Kristelig Folkeparti",1,2.8885,50,0
"2013","st","Sør-Trøndelag","Trondheim","Blussuvoll","0014","V","Venstre",1,8.31889,144,0
"2013","st","Sør-Trøndelag","Trondheim","Blussuvoll","0014","H","Høyre",1,28.48065,493,0
"2013","st","Sør-Trøndelag","Trondheim","Blussuvoll","0014","FRP","Fremskrittspartiet",1,8.31889,144,0
"2013","st","Sør-Trøndelag","Trondheim","Blussuvoll","0014","DEMN","Demokratene i Norge",2,0.11554,2,0
"2013","st","Sør-Trøndelag","Trondheim","Blussuvoll","0014","DLF","Det Liberale Folkepartiet",2,0.05777,1,0
"2013","st","Sør-Trøndelag","Trondheim","Blussuvoll","0014","KRISTNE","De Kristne",2,0.11554,2,0
"2013","st","Sør-Trøndelag","Trondheim","Blussuvoll","0014","KSP","Kristent Samlingsparti",2,0.05777,1,0
"2013","st","Sør-Trøndelag","Trondheim","Blussuvoll","0014","KYST","Kystpartiet",2,0,0,0
"2013","st","Sør-Trøndelag","Trondheim","Blussuvoll","0014","MDG","Miljøpartiet De Grønne",2,4.96823,86,0
"2013","st","Sør-Trøndelag","Trondheim","Blussuvoll","0014","NKP","Norges Kommunistiske Parti",2,0,0,0
"2013","st","Sør-Trøndelag","Trondheim","Blussuvoll","0014","PIR","Piratpartiet",2,0.46216,8,0
"2013","st","Sør-Trøndelag","Trondheim","Blussuvoll","0014","PP","Pensjonistpartiet",2,0.5777,10,0
"2013","st","Sør-Trøndelag","Trondheim","Blussuvoll","0014","BLANKE","Blanke",3,0.51993,9,0
"2013","st","Sør-Trøndelag","Trondheim","Blussuvoll","0014","Andre","Andre",0,6.35471,110,0
"2013","st","Sør-Trøndelag","Trondheim","Blussuvoll","0014","Andre2","Andre2",0,0,0,0
"2013","st","Sør-Trøndelag","Trondheim","Nidarvoll","0015","A","Arbeiderpartiet",1,39.98741,1270,0
"2013","st","Sør-Trøndelag","Trondheim","Nidarvoll","0015","SV","Sosialistisk Venstreparti",1,4.97481,158,0
"2013","st","Sør-Trøndelag","Trondheim","Nidarvoll","0015","RØDT","Rødt",1,0.59824,19,0
"2013","st","Sør-Trøndelag","Trondheim","Nidarvoll","0015","SP","Senterpartiet",1,2.83375,90,0
"2013","st","Sør-Trøndelag","Trondheim","Nidarvoll","0015","KRF","Kristelig Folkeparti",1,3.68388,117,0
"2013","st","Sør-Trøndelag","Trondheim","Nidarvoll","0015","V","Venstre",1,5.10076,162,0
"2013","st","Sør-Trøndelag","Trondheim","Nidarvoll","0015","H","Høyre",1,25.31486,804,0
"2013","st","Sør-Trøndelag","Trondheim","Nidarvoll","0015","FRP","Fremskrittspartiet",1,12.87783,409,0
"2013","st","Sør-Trøndelag","Trondheim","Nidarvoll","0015","DEMN","Demokratene i Norge",2,0.09446,3,0
"2013","st","Sør-Trøndelag","Trondheim","Nidarvoll","0015","DLF","Det Liberale Folkepartiet",2,0,0,0
"2013","st","Sør-Trøndelag","Trondheim","Nidarvoll","0015","KRISTNE","De Kristne",2,0.28338,9,0
"2013","st","Sør-Trøndelag","Trondheim","Nidarvoll","0015","KSP","Kristent Samlingsparti",2,0.09446,3,0
"2013","st","Sør-Trøndelag","Trondheim","Nidarvoll","0015","KYST","Kystpartiet",2,0.03149,1,0
"2013","st","Sør-Trøndelag","Trondheim","Nidarvoll","0015","MDG","Miljøpartiet De Grønne",2,2.77078,88,0
"2013","st","Sør-Trøndelag","Trondheim","Nidarvoll","0015","NKP","Norges Kommunistiske Parti",2,0.03149,1,0
"2013","st","Sør-Trøndelag","Trondheim","Nidarvoll","0015","PIR","Piratpartiet",2,0.40932,13,0
"2013","st","Sør-Trøndelag","Trondheim","Nidarvoll","0015","PP","Pensjonistpartiet",2,0.9131,29,0
"2013","st","Sør-Trøndelag","Trondheim","Nidarvoll","0015","BLANKE","Blanke",3,0.47229,15,0
"2013","st","Sør-Trøndelag","Trondheim","Nidarvoll","0015","Andre","Andre",0,4.62846,147,0
"2013","st","Sør-Trøndelag","Trondheim","Nidarvoll","0015","Andre2","Andre2",0,0,0,0
"2013","st","Sør-Trøndelag","Trondheim","Nardo","0016","A","Arbeiderpartiet",1,37.02468,555,0
"2013","st","Sør-Trøndelag","Trondheim","Nardo","0016","SV","Sosialistisk Venstreparti",1,7.13809,107,0
"2013","st","Sør-Trøndelag","Trondheim","Nardo","0016","RØDT","Rødt",1,0.6004,9,0
"2013","st","Sør-Trøndelag","Trondheim","Nardo","0016","SP","Senterpartiet",1,2.06805,31,0
"2013","st","Sør-Trøndelag","Trondheim","Nardo","0016","KRF","Kristelig Folkeparti",1,3.33556,50,0
"2013","st","Sør-Trøndelag","Trondheim","Nardo","0016","V","Venstre",1,8.87258,133,0
"2013","st","Sør-Trøndelag","Trondheim","Nardo","0016","H","Høyre",1,23.74917,356,0
"2013","st","Sør-Trøndelag","Trondheim","Nardo","0016","FRP","Fremskrittspartiet",1,12.14143,182,0
"2013","st","Sør-Trøndelag","Trondheim","Nardo","0016","DEMN","Demokratene i Norge",2,0.20013,3,0
"2013","st","Sør-Trøndelag","Trondheim","Nardo","0016","DLF","Det Liberale Folkepartiet",2,0.06671,1,0
"2013","st","Sør-Trøndelag","Trondheim","Nardo","0016","KRISTNE","De Kristne",2,0,0,0
"2013","st","Sør-Trøndelag","Trondheim","Nardo","0016","KSP","Kristent Samlingsparti",2,0,0,0
"2013","st","Sør-Trøndelag","Trondheim","Nardo","0016","KYST","Kystpartiet",2,0.06671,1,0
"2013","st","Sør-Trøndelag","Trondheim","Nardo","0016","MDG","Miljøpartiet De Grønne",2,3.06871,46,0
"2013","st","Sør-Trøndelag","Trondheim","Nardo","0016","NKP","Norges Kommunistiske Parti",2,0.06671,1,0
"2013","st","Sør-Trøndelag","Trondheim","Nardo","0016","PIR","Piratpartiet",2,1.26751,19,0
"2013","st","Sør-Trøndelag","Trondheim","Nardo","0016","PP","Pensjonistpartiet",2,0.33356,5,0
"2013","st","Sør-Trøndelag","Trondheim","Nardo","0016","BLANKE","Blanke",3,0.20013,3,0
"2013","st","Sør-Trøndelag","Trondheim","Nardo","0016","Andre","Andre",0,5.07005,76,0
"2013","st","Sør-Trøndelag","Trondheim","Nardo","0016","Andre2","Andre2",0,0,0,0
"2013","st","Sør-Trøndelag","Trondheim","Åsvang","0017","A","Arbeiderpartiet",1,35.19919,698,0
"2013","st","Sør-Trøndelag","Trondheim","Åsvang","0017","SV","Sosialistisk Venstreparti",1,8.42158,167,0
"2013","st","Sør-Trøndelag","Trondheim","Åsvang","0017","RØDT","Rødt",1,0.95814,19,0
"2013","st","Sør-Trøndelag","Trondheim","Åsvang","0017","SP","Senterpartiet",1,2.72315,54,0
"2013","st","Sør-Trøndelag","Trondheim","Åsvang","0017","KRF","Kristelig Folkeparti",1,2.67272,53,0
"2013","st","Sør-Trøndelag","Trondheim","Åsvang","0017","V","Venstre",1,7.86687,156,0
"2013","st","Sør-Trøndelag","Trondheim","Åsvang","0017","H","Høyre",1,27.48361,545,0
"2013","st","Sør-Trøndelag","Trondheim","Åsvang","0017","FRP","Fremskrittspartiet",1,9.88401,196,0
"2013","st","Sør-Trøndelag","Trondheim","Åsvang","0017","DEMN","Demokratene i Norge",2,0.15129,3,0
"2013","st","Sør-Trøndelag","Trondheim","Åsvang","0017","DLF","Det Liberale Folkepartiet",2,0,0,0
"2013","st","Sør-Trøndelag","Trondheim","Åsvang","0017","KRISTNE","De Kristne",2,0.20171,4,0
"2013","st","Sør-Trøndelag","Trondheim","Åsvang","0017","KSP","Kristent Samlingsparti",2,0.05043,1,0
"2013","st","Sør-Trøndelag","Trondheim","Åsvang","0017","KYST","Kystpartiet",2,0.10086,2,0
"2013","st","Sør-Trøndelag","Trondheim","Åsvang","0017","MDG","Miljøpartiet De Grønne",2,2.62229,52,0
"2013","st","Sør-Trøndelag","Trondheim","Åsvang","0017","NKP","Norges Kommunistiske Parti",2,0.10086,2,0
"2013","st","Sør-Trøndelag","Trondheim","Åsvang","0017","PIR","Piratpartiet",2,0.706,14,0
"2013","st","Sør-Trøndelag","Trondheim","Åsvang","0017","PP","Pensjonistpartiet",2,0.85729,17,0
"2013","st","Sør-Trøndelag","Trondheim","Åsvang","0017","BLANKE","Blanke",3,0.30257,6,0
"2013","st","Sør-Trøndelag","Trondheim","Åsvang","0017","Andre","Andre",0,4.79072,95,0
"2013","st","Sør-Trøndelag","Trondheim","Åsvang","0017","Andre2","Andre2",0,0,0,0
"2013","st","Sør-Trøndelag","Trondheim","Solbakken","0018","A","Arbeiderpartiet",1,35.8804,108,0
"2013","st","Sør-Trøndelag","Trondheim","Solbakken","0018","SV","Sosialistisk Venstreparti",1,5.98007,18,0
"2013","st","Sør-Trøndelag","Trondheim","Solbakken","0018","RØDT","Rødt",1,0.99668,3,0
"2013","st","Sør-Trøndelag","Trondheim","Solbakken","0018","SP","Senterpartiet",1,6.31229,19,0
"2013","st","Sør-Trøndelag","Trondheim","Solbakken","0018","KRF","Kristelig Folkeparti",1,0.99668,3,0
"2013","st","Sør-Trøndelag","Trondheim","Solbakken","0018","V","Venstre",1,6.31229,19,0
"2013","st","Sør-Trøndelag","Trondheim","Solbakken","0018","H","Høyre",1,21.26246,64,0
"2013","st","Sør-Trøndelag","Trondheim","Solbakken","0018","FRP","Fremskrittspartiet",1,19.2691,58,0
"2013","st","Sør-Trøndelag","Trondheim","Solbakken","0018","DEMN","Demokratene i Norge",2,0.33223,1,0
"2013","st","Sør-Trøndelag","Trondheim","Solbakken","0018","DLF","Det Liberale Folkepartiet",2,0,0,0
"2013","st","Sør-Trøndelag","Trondheim","Solbakken","0018","KRISTNE","De Kristne",2,0,0,0
"2013","st","Sør-Trøndelag","Trondheim","Solbakken","0018","KSP","Kristent Samlingsparti",2,0,0,0
"2013","st","Sør-Trøndelag","Trondheim","Solbakken","0018","KYST","Kystpartiet",2,0,0,0
"2013","st","Sør-Trøndelag","Trondheim","Solbakken","0018","MDG","Miljøpartiet De Grønne",2,1.99336,6,0
"2013","st","Sør-Trøndelag","Trondheim","Solbakken","0018","NKP","Norges Kommunistiske Parti",2,0,0,0
"2013","st","Sør-Trøndelag","Trondheim","Solbakken","0018","PIR","Piratpartiet",2,0.33223,1,0
"2013","st","Sør-Trøndelag","Trondheim","Solbakken","0018","PP","Pensjonistpartiet",2,0.33223,1,0
"2013","st","Sør-Trøndelag","Trondheim","Solbakken","0018","BLANKE","Blanke",3,0,0,0
"2013","st","Sør-Trøndelag","Trondheim","Solbakken","0018","Andre","Andre",0,2.99003,9,0
"2013","st","Sør-Trøndelag","Trondheim","Solbakken","0018","Andre2","Andre2",0,0,0,0
"2013","st","Sør-Trøndelag","Trondheim","Bratsberg","0019","A","Arbeiderpartiet",1,30.86124,129,0
"2013","st","Sør-Trøndelag","Trondheim","Bratsberg","0019","SV","Sosialistisk Venstreparti",1,3.11005,13,0
"2013","st","Sør-Trøndelag","Trondheim","Bratsberg","0019","RØDT","Rødt",1,0.23923,1,0
"2013","st","Sør-Trøndelag","Trondheim","Bratsberg","0019","SP","Senterpartiet",1,8.37321,35,0
"2013","st","Sør-Trøndelag","Trondheim","Bratsberg","0019","KRF","Kristelig Folkeparti",1,4.30622,18,0
"2013","st","Sør-Trøndelag","Trondheim","Bratsberg","0019","V","Venstre",1,4.06699,17,0
"2013","st","Sør-Trøndelag","Trondheim","Bratsberg","0019","H","Høyre",1,23.92344,100,0
"2013","st","Sør-Trøndelag","Trondheim","Bratsberg","0019","FRP","Fremskrittspartiet",1,21.5311,90,0
"2013","st","Sør-Trøndelag","Trondheim","Bratsberg","0019","DEMN","Demokratene i Norge",2,0.47847,2,0
"2013","st","Sør-Trøndelag","Trondheim","Bratsberg","0019","DLF","Det Liberale Folkepartiet",2,0,0,0
"2013","st","Sør-Trøndelag","Trondheim","Bratsberg","0019","KRISTNE","De Kristne",2,0.7177,3,0
"2013","st","Sør-Trøndelag","Trondheim","Bratsberg","0019","KSP","Kristent Samlingsparti",2,0,0,0
"2013","st","Sør-Trøndelag","Trondheim","Bratsberg","0019","KYST","Kystpartiet",2,0,0,0
"2013","st","Sør-Trøndelag","Trondheim","Bratsberg","0019","MDG","Miljøpartiet De Grønne",2,2.39234,10,0
"2013","st","Sør-Trøndelag","Trondheim","Bratsberg","0019","NKP","Norges Kommunistiske Parti",2,0,0,0
"2013","st","Sør-Trøndelag","Trondheim","Bratsberg","0019","PIR","Piratpartiet",2,0,0,0
"2013","st","Sør-Trøndelag","Trondheim","Bratsberg","0019","PP","Pensjonistpartiet",2,0,0,0
"2013","st","Sør-Trøndelag","Trondheim","Bratsberg","0019","BLANKE","Blanke",3,0.95694,4,0
"2013","st","Sør-Trøndelag","Trondheim","Bratsberg","0019","Andre","Andre",0,3.58852,15,0
"2013","st","Sør-Trøndelag","Trondheim","Bratsberg","0019","Andre2","Andre2",0,0,0,0
"2013","st","Sør-Trøndelag","Trondheim","Hoeggen","0020","A","Arbeiderpartiet",1,42.01102,610,0
"2013","st","Sør-Trøndelag","Trondheim","Hoeggen","0020","SV","Sosialistisk Venstreparti",1,6.06061,88,0
"2013","st","Sør-Trøndelag","Trondheim","Hoeggen","0020","RØDT","Rødt",1,1.37741,20,0
"2013","st","Sør-Trøndelag","Trondheim","Hoeggen","0020","SP","Senterpartiet",1,3.5124,51,0
"2013","st","Sør-Trøndelag","Trondheim","Hoeggen","0020","KRF","Kristelig Folkeparti",1,4.26997,62,0
"2013","st","Sør-Trøndelag","Trondheim","Hoeggen","0020","V","Venstre",1,5.64738,82,0
"2013","st","Sør-Trøndelag","Trondheim","Hoeggen","0020","H","Høyre",1,20.59229,299,0
"2013","st","Sør-Trøndelag","Trondheim","Hoeggen","0020","FRP","Fremskrittspartiet",1,11.15702,162,0
"2013","st","Sør-Trøndelag","Trondheim","Hoeggen","0020","DEMN","Demokratene i Norge",2,0.13774,2,0
"2013","st","Sør-Trøndelag","Trondheim","Hoeggen","0020","DLF","Det Liberale Folkepartiet",2,0.06887,1,0
"2013","st","Sør-Trøndelag","Trondheim","Hoeggen","0020","KRISTNE","De Kristne",2,0.20661,3,0
"2013","st","Sør-Trøndelag","Trondheim","Hoeggen","0020","KSP","Kristent Samlingsparti",2,0,0,0
"2013","st","Sør-Trøndelag","Trondheim","Hoeggen","0020","KYST","Kystpartiet",2,0.20661,3,0
"2013","st","Sør-Trøndelag","Trondheim","Hoeggen","0020","MDG","Miljøpartiet De Grønne",2,3.44353,50,0
"2013","st","Sør-Trøndelag","Trondheim","Hoeggen","0020","NKP","Norges Kommunistiske Parti",2,0,0,0
"2013","st","Sør-Trøndelag","Trondheim","Hoeggen","0020","PIR","Piratpartiet",2,0.61983,9,0
"2013","st","Sør-Trøndelag","Trondheim","Hoeggen","0020","PP","Pensjonistpartiet",2,0.68871,10,0
"2013","st","Sør-Trøndelag","Trondheim","Hoeggen","0020","BLANKE","Blanke",3,0.41322,6,0
"2013","st","Sør-Trøndelag","Trondheim","Hoeggen","0020","Andre","Andre",0,5.3719,78,0
"2013","st","Sør-Trøndelag","Trondheim","Hoeggen","0020","Andre2","Andre2",0,0,0,0
"2013","st","Sør-Trøndelag","Trondheim","Hallset","0021","A","Arbeiderpartiet",1,42.72271,681,0
"2013","st","Sør-Trøndelag","Trondheim","Hallset","0021","SV","Sosialistisk Venstreparti",1,4.51694,72,0
"2013","st","Sør-Trøndelag","Trondheim","Hallset","0021","RØDT","Rødt",1,0.94103,15,0
"2013","st","Sør-Trøndelag","Trondheim","Hallset","0021","SP","Senterpartiet",1,1.94479,31,0
"2013","st","Sør-Trøndelag","Trondheim","Hallset","0021","KRF","Kristelig Folkeparti",1,4.14053,66,0
"2013","st","Sør-Trøndelag","Trondheim","Hallset","0021","V","Venstre",1,4.266,68,0
"2013","st","Sør-Trøndelag","Trondheim","Hallset","0021","H","Høyre",1,23.14931,369,0
"2013","st","Sør-Trøndelag","Trondheim","Hallset","0021","FRP","Fremskrittspartiet",1,14.61731,233,0
"2013","st","Sør-Trøndelag","Trondheim","Hallset","0021","DEMN","Demokratene i Norge",2,0,0,0
"2013","st","Sør-Trøndelag","Trondheim","Hallset","0021","DLF","Det Liberale Folkepartiet",2,0.06274,1,0
"2013","st","Sør-Trøndelag","Trondheim","Hallset","0021","KRISTNE","De Kristne",2,0.06274,1,0
"2013","st","Sør-Trøndelag","Trondheim","Hallset","0021","KSP","Kristent Samlingsparti",2,0,0,0
"2013","st","Sør-Trøndelag","Trondheim","Hallset","0021","KYST","Kystpartiet",2,0.31368,5,0
"2013","st","Sør-Trøndelag","Trondheim","Hallset","0021","MDG","Miljøpartiet De Grønne",2,2.133,34,0
"2013","st","Sør-Trøndelag","Trondheim","Hallset","0021","NKP","Norges Kommunistiske Parti",2,0,0,0
"2013","st","Sør-Trøndelag","Trondheim","Hallset","0021","PIR","Piratpartiet",2,0.50188,8,0
"2013","st","Sør-Trøndelag","Trondheim","Hallset","0021","PP","Pensjonistpartiet",2,0.62735,10,0
"2013","st","Sør-Trøndelag","Trondheim","Hallset","0021","BLANKE","Blanke",3,0.43915,7,0
"2013","st","Sør-Trøndelag","Trondheim","Hallset","0021","Andre","Andre",0,3.70138,59,0
"2013","st","Sør-Trøndelag","Trondheim","Hallset","0021","Andre2","Andre2",0,0,0,0
"2013","st","Sør-Trøndelag","Trondheim","Byåsen","0022","A","Arbeiderpartiet",1,36.74589,1005,0
"2013","st","Sør-Trøndelag","Trondheim","Byåsen","0022","SV","Sosialistisk Venstreparti",1,6.36197,174,0
"2013","st","Sør-Trøndelag","Trondheim","Byåsen","0022","RØDT","Rødt",1,0.95064,26,0
"2013","st","Sør-Trøndelag","Trondheim","Byåsen","0022","SP","Senterpartiet",1,1.93784,53,0
"2013","st","Sør-Trøndelag","Trondheim","Byåsen","0022","KRF","Kristelig Folkeparti",1,3.40037,93,0
"2013","st","Sør-Trøndelag","Trondheim","Byåsen","0022","V","Venstre",1,6.87386,188,0
"2013","st","Sør-Trøndelag","Trondheim","Byåsen","0022","H","Høyre",1,26.91042,736,0
"2013","st","Sør-Trøndelag","Trondheim","Byåsen","0022","FRP","Fremskrittspartiet",1,11.91956,326,0
"2013","st","Sør-Trøndelag","Trondheim","Byåsen","0022","DEMN","Demokratene i Norge",2,0,0,0
"2013","st","Sør-Trøndelag","Trondheim","Byåsen","0022","DLF","Det Liberale Folkepartiet",2,0,0,0
"2013","st","Sør-Trøndelag","Trondheim","Byåsen","0022","KRISTNE","De Kristne",2,0.10969,3,0
"2013","st","Sør-Trøndelag","Trondheim","Byåsen","0022","KSP","Kristent Samlingsparti",2,0,0,0
"2013","st","Sør-Trøndelag","Trondheim","Byåsen","0022","KYST","Kystpartiet",2,0.10969,3,0
"2013","st","Sør-Trøndelag","Trondheim","Byåsen","0022","MDG","Miljøpartiet De Grønne",2,3.3638,92,0
"2013","st","Sør-Trøndelag","Trondheim","Byåsen","0022","NKP","Norges Kommunistiske Parti",2,0.03656,1,0
"2013","st","Sør-Trøndelag","Trondheim","Byåsen","0022","PIR","Piratpartiet",2,0.58501,16,0
"2013","st","Sør-Trøndelag","Trondheim","Byåsen","0022","PP","Pensjonistpartiet",2,0.6947,19,0
"2013","st","Sør-Trøndelag","Trondheim","Byåsen","0022","BLANKE","Blanke",3,0.14625,4,0
"2013","st","Sør-Trøndelag","Trondheim","Byåsen","0022","Andre","Andre",0,4.89945,134,0
"2013","st","Sør-Trøndelag","Trondheim","Byåsen","0022","Andre2","Andre2",0,0,0,0
"2013","st","Sør-Trøndelag","Trondheim","Romolslia","0023","A","Arbeiderpartiet",1,39.18406,413,0
"2013","st","Sør-Trøndelag","Trondheim","Romolslia","0023","SV","Sosialistisk Venstreparti",1,5.21822,55,0
"2013","st","Sør-Trøndelag","Trondheim","Romolslia","0023","RØDT","Rødt",1,0.66414,7,0
"2013","st","Sør-Trøndelag","Trondheim","Romolslia","0023","SP","Senterpartiet",1,3.03605,32,0
"2013","st","Sør-Trøndelag","Trondheim","Romolslia","0023","KRF","Kristelig Folkeparti",1,1.32827,14,0
"2013","st","Sør-Trøndelag","Trondheim","Romolslia","0023","V","Venstre",1,3.13093,33,0
"2013","st","Sør-Trøndelag","Trondheim","Romolslia","0023","H","Høyre",1,19.73435,208,0
"2013","st","Sør-Trøndelag","Trondheim","Romolslia","0023","FRP","Fremskrittspartiet",1,22.10626,233,0
"2013","st","Sør-Trøndelag","Trondheim","Romolslia","0023","DEMN","Demokratene i Norge",2,0.09488,1,0
"2013","st","Sør-Trøndelag","Trondheim","Romolslia","0023","DLF","Det Liberale Folkepartiet",2,0.09488,1,0
"2013","st","Sør-Trøndelag","Trondheim","Romolslia","0023","KRISTNE","De Kristne",2,0,0,0
"2013","st","Sør-Trøndelag","Trondheim","Romolslia","0023","KSP","Kristent Samlingsparti",2,0.09488,1,0
"2013","st","Sør-Trøndelag","Trondheim","Romolslia","0023","KYST","Kystpartiet",2,0.09488,1,0
"2013","st","Sør-Trøndelag","Trondheim","Romolslia","0023","MDG","Miljøpartiet De Grønne",2,3.70019,39,0
"2013","st","Sør-Trøndelag","Trondheim","Romolslia","0023","NKP","Norges Kommunistiske Parti",2,0,0,0
"2013","st","Sør-Trøndelag","Trondheim","Romolslia","0023","PIR","Piratpartiet",2,0.66414,7,0
"2013","st","Sør-Trøndelag","Trondheim","Romolslia","0023","PP","Pensjonistpartiet",2,0.85389,9,0
"2013","st","Sør-Trøndelag","Trondheim","Romolslia","0023","BLANKE","Blanke",3,0.37951,4,0
"2013","st","Sør-Trøndelag","Trondheim","Romolslia","0023","Andre","Andre",0,5.59772,59,0
"2013","st","Sør-Trøndelag","Trondheim","Romolslia","0023","Andre2","Andre2",0,0,0,0
"2013","st","Sør-Trøndelag","Trondheim","Breidablikk","0024","A","Arbeiderpartiet",1,37.9529,419,0
"2013","st","Sør-Trøndelag","Trondheim","Breidablikk","0024","SV","Sosialistisk Venstreparti",1,3.80435,42,0
"2013","st","Sør-Trøndelag","Trondheim","Breidablikk","0024","RØDT","Rødt",1,1.17754,13,0
"2013","st","Sør-Trøndelag","Trondheim","Breidablikk","0024","SP","Senterpartiet",1,2.80797,31,0
"2013","st","Sør-Trøndelag","Trondheim","Breidablikk","0024","KRF","Kristelig Folkeparti",1,4.52899,50,0
"2013","st","Sør-Trøndelag","Trondheim","Breidablikk","0024","V","Venstre",1,4.07609,45,0
"2013","st","Sør-Trøndelag","Trondheim","Breidablikk","0024","H","Høyre",1,24.18478,267,0
"2013","st","Sør-Trøndelag","Trondheim","Breidablikk","0024","FRP","Fremskrittspartiet",1,19.11232,211,0
"2013","st","Sør-Trøndelag","Trondheim","Breidablikk","0024","DEMN","Demokratene i Norge",2,0,0,0
"2013","st","Sør-Trøndelag","Trondheim","Breidablikk","0024","DLF","Det Liberale Folkepartiet",2,0,0,0
"2013","st","Sør-Trøndelag","Trondheim","Breidablikk","0024","KRISTNE","De Kristne",2,0.27174,3,0
"2013","st","Sør-Trøndelag","Trondheim","Breidablikk","0024","KSP","Kristent Samlingsparti",2,0,0,0
"2013","st","Sør-Trøndelag","Trondheim","Breidablikk","0024","KYST","Kystpartiet",2,0,0,0
"2013","st","Sør-Trøndelag","Trondheim","Breidablikk","0024","MDG","Miljøpartiet De Grønne",2,1.3587,15,0
"2013","st","Sør-Trøndelag","Trondheim","Breidablikk","0024","NKP","Norges Kommunistiske Parti",2,0.09058,1,0
"2013","st","Sør-Trøndelag","Trondheim","Breidablikk","0024","PIR","Piratpartiet",2,0.09058,1,0
"2013","st","Sør-Trøndelag","Trondheim","Breidablikk","0024","PP","Pensjonistpartiet",2,0.54348,6,0
"2013","st","Sør-Trøndelag","Trondheim","Breidablikk","0024","BLANKE","Blanke",3,0.18116,2,0
"2013","st","Sør-Trøndelag","Trondheim","Breidablikk","0024","Andre","Andre",0,2.35507,26,0
"2013","st","Sør-Trøndelag","Trondheim","Breidablikk","0024","Andre2","Andre2",0,0,0,0
"2013","st","Sør-Trøndelag","Trondheim","Sjetne","0025","A","Arbeiderpartiet",1,42.96415,803,0
"2013","st","Sør-Trøndelag","Trondheim","Sjetne","0025","SV","Sosialistisk Venstreparti",1,4.6549,87,0
"2013","st","Sør-Trøndelag","Trondheim","Sjetne","0025","RØDT","Rødt",1,0.64205,12,0
"2013","st","Sør-Trøndelag","Trondheim","Sjetne","0025","SP","Senterpartiet",1,2.08668,39,0
"2013","st","Sør-Trøndelag","Trondheim","Sjetne","0025","KRF","Kristelig Folkeparti",1,2.3007,43,0
"2013","st","Sør-Trøndelag","Trondheim","Sjetne","0025","V","Venstre",1,5.13644,96,0
"2013","st","Sør-Trøndelag","Trondheim","Sjetne","0025","H","Høyre",1,24.23756,453,0
"2013","st","Sør-Trøndelag","Trondheim","Sjetne","0025","FRP","Fremskrittspartiet",1,14.49973,271,0
"2013","st","Sør-Trøndelag","Trondheim","Sjetne","0025","DEMN","Demokratene i Norge",2,0.10701,2,0
"2013","st","Sør-Trøndelag","Trondheim","Sjetne","0025","DLF","Det Liberale Folkepartiet",2,0,0,0
"2013","st","Sør-Trøndelag","Trondheim","Sjetne","0025","KRISTNE","De Kristne",2,0,0,0
"2013","st","Sør-Trøndelag","Trondheim","Sjetne","0025","KSP","Kristent Samlingsparti",2,0,0,0
"2013","st","Sør-Trøndelag","Trondheim","Sjetne","0025","KYST","Kystpartiet",2,0.10701,2,0
"2013","st","Sør-Trøndelag","Trondheim","Sjetne","0025","MDG","Miljøpartiet De Grønne",2,2.08668,39,0
"2013","st","Sør-Trøndelag","Trondheim","Sjetne","0025","NKP","Norges Kommunistiske Parti",2,0,0,0
"2013","st","Sør-Trøndelag","Trondheim","Sjetne","0025","PIR","Piratpartiet",2,0.26752,5,0
"2013","st","Sør-Trøndelag","Trondheim","Sjetne","0025","PP","Pensjonistpartiet",2,0.90958,17,0
"2013","st","Sør-Trøndelag","Trondheim","Sjetne","0025","BLANKE","Blanke",3,0.32103,6,0
"2013","st","Sør-Trøndelag","Trondheim","Sjetne","0025","Andre","Andre",0,3.4778,65,0
"2013","st","Sør-Trøndelag","Trondheim","Sjetne","0025","Andre2","Andre2",0,0,0,0
"2013","st","Sør-Trøndelag","Trondheim","Kolstad","0026","A","Arbeiderpartiet",1,45.31969,886,0
"2013","st","Sør-Trøndelag","Trondheim","Kolstad","0026","SV","Sosialistisk Venstreparti",1,5.26854,103,0
"2013","st","Sør-Trøndelag","Trondheim","Kolstad","0026","RØDT","Rødt",1,0.76726,15,0
"2013","st","Sør-Trøndelag","Trondheim","Kolstad","0026","SP","Senterpartiet",1,2.55754,50,0
"2013","st","Sør-Trøndelag","Trondheim","Kolstad","0026","KRF","Kristelig Folkeparti",1,3.17136,62,0
"2013","st","Sør-Trøndelag","Trondheim","Kolstad","0026","V","Venstre",1,4.09207,80,0
"2013","st","Sør-Trøndelag","Trondheim","Kolstad","0026","H","Høyre",1,18.20972,356,0
"2013","st","Sør-Trøndelag","Trondheim","Kolstad","0026","FRP","Fremskrittspartiet",1,15.85678,310,0
"2013","st","Sør-Trøndelag","Trondheim","Kolstad","0026","DEMN","Demokratene i Norge",2,0.1023,2,0
"2013","st","Sør-Trøndelag","Trondheim","Kolstad","0026","DLF","Det Liberale Folkepartiet",2,0,0,0
"2013","st","Sør-Trøndelag","Trondheim","Kolstad","0026","KRISTNE","De Kristne",2,0.46036,9,0
"2013","st","Sør-Trøndelag","Trondheim","Kolstad","0026","KSP","Kristent Samlingsparti",2,0.05115,1,0
"2013","st","Sør-Trøndelag","Trondheim","Kolstad","0026","KYST","Kystpartiet",2,0.05115,1,0
"2013","st","Sør-Trøndelag","Trondheim","Kolstad","0026","MDG","Miljøpartiet De Grønne",2,2.65985,52,0
"2013","st","Sør-Trøndelag","Trondheim","Kolstad","0026","NKP","Norges Kommunistiske Parti",2,0.05115,1,0
"2013","st","Sør-Trøndelag","Trondheim","Kolstad","0026","PIR","Piratpartiet",2,0.30691,6,0
"2013","st","Sør-Trøndelag","Trondheim","Kolstad","0026","PP","Pensjonistpartiet",2,1.07417,21,0
"2013","st","Sør-Trøndelag","Trondheim","Kolstad","0026","BLANKE","Blanke",3,0.76726,15,0
"2013","st","Sør-Trøndelag","Trondheim","Kolstad","0026","Andre","Andre",0,4.75703,93,0
"2013","st","Sør-Trøndelag","Trondheim","Kolstad","0026","Andre2","Andre2",0,0,0,0
"2013","st","Sør-Trøndelag","Trondheim","Flatåsen","0027","A","Arbeiderpartiet",1,46.81329,1043,0
"2013","st","Sør-Trøndelag","Trondheim","Flatåsen","0027","SV","Sosialistisk Venstreparti",1,4.89228,109,0
"2013","st","Sør-Trøndelag","Trondheim","Flatåsen","0027","RØDT","Rødt",1,0.85278,19,0
"2013","st","Sør-Trøndelag","Trondheim","Flatåsen","0027","SP","Senterpartiet",1,1.8851,42,0
"2013","st","Sør-Trøndelag","Trondheim","Flatåsen","0027","KRF","Kristelig Folkeparti",1,2.693,60,0
"2013","st","Sør-Trøndelag","Trondheim","Flatåsen","0027","V","Venstre",1,4.8474,108,0
"2013","st","Sør-Trøndelag","Trondheim","Flatåsen","0027","H","Høyre",1,19.92819,444,0
"2013","st","Sør-Trøndelag","Trondheim","Flatåsen","0027","FRP","Fremskrittspartiet",1,14.85637,331,0
"2013","st","Sør-Trøndelag","Trondheim","Flatåsen","0027","DEMN","Demokratene i Norge",2,0.04488,1,0
"2013","st","Sør-Trøndelag","Trondheim","Flatåsen","0027","DLF","Det Liberale Folkepartiet",2,0,0,0
"2013","st","Sør-Trøndelag","Trondheim","Flatåsen","0027","KRISTNE","De Kristne",2,0.22442,5,0
"2013","st","Sør-Trøndelag","Trondheim","Flatåsen","0027","KSP","Kristent Samlingsparti",2,0.04488,1,0
"2013","st","Sør-Trøndelag","Trondheim","Flatåsen","0027","KYST","Kystpartiet",2,0.04488,1,0
"2013","st","Sør-Trøndelag","Trondheim","Flatåsen","0027","MDG","Miljøpartiet De Grønne",2,1.92998,43,0
"2013","st","Sør-Trøndelag","Trondheim","Flatåsen","0027","NKP","Norges Kommunistiske Parti",2,0.04488,1,0
"2013","st","Sør-Trøndelag","Trondheim","Flatåsen","0027","PIR","Piratpartiet",2,0.35907,8,0
"2013","st","Sør-Trøndelag","Trondheim","Flatåsen","0027","PP","Pensjonistpartiet",2,0.5386,12,0
"2013","st","Sør-Trøndelag","Trondheim","Flatåsen","0027","BLANKE","Blanke",3,0.71813,16,0
"2013","st","Sør-Trøndelag","Trondheim","Flatåsen","0027","Andre","Andre",0,3.2316,72,0
"2013","st","Sør-Trøndelag","Trondheim","Flatåsen","0027","Andre2","Andre2",0,0,0,0
"2013","st","Sør-Trøndelag","Trondheim","Nypvang","0028","A","Arbeiderpartiet",1,28.45638,212,0
"2013","st","Sør-Trøndelag","Trondheim","Nypvang","0028","SV","Sosialistisk Venstreparti",1,2.41611,18,0
"2013","st","Sør-Trøndelag","Trondheim","Nypvang","0028","RØDT","Rødt",1,0.53691,4,0
"2013","st","Sør-Trøndelag","Trondheim","Nypvang","0028","SP","Senterpartiet",1,11.14094,83,0
"2013","st","Sør-Trøndelag","Trondheim","Nypvang","0028","KRF","Kristelig Folkeparti",1,5.10067,38,0
"2013","st","Sør-Trøndelag","Trondheim","Nypvang","0028","V","Venstre",1,2.81879,21,0
"2013","st","Sør-Trøndelag","Trondheim","Nypvang","0028","H","Høyre",1,28.72483,214,0
"2013","st","Sør-Trøndelag","Trondheim","Nypvang","0028","FRP","Fremskrittspartiet",1,18.38926,137,0
"2013","st","Sør-Trøndelag","Trondheim","Nypvang","0028","DEMN","Demokratene i Norge",2,0,0,0
"2013","st","Sør-Trøndelag","Trondheim","Nypvang","0028","DLF","Det Liberale Folkepartiet",2,0,0,0
"2013","st","Sør-Trøndelag","Trondheim","Nypvang","0028","KRISTNE","De Kristne",2,0.40268,3,0
"2013","st","Sør-Trøndelag","Trondheim","Nypvang","0028","KSP","Kristent Samlingsparti",2,0.13423,1,0
"2013","st","Sør-Trøndelag","Trondheim","Nypvang","0028","KYST","Kystpartiet",2,0,0,0
"2013","st","Sør-Trøndelag","Trondheim","Nypvang","0028","MDG","Miljøpartiet De Grønne",2,1.47651,11,0
"2013","st","Sør-Trøndelag","Trondheim","Nypvang","0028","NKP","Norges Kommunistiske Parti",2,0,0,0
"2013","st","Sør-Trøndelag","Trondheim","Nypvang","0028","PIR","Piratpartiet",2,0.13423,1,0
"2013","st","Sør-Trøndelag","Trondheim","Nypvang","0028","PP","Pensjonistpartiet",2,0.26846,2,0
"2013","st","Sør-Trøndelag","Trondheim","Nypvang","0028","BLANKE","Blanke",3,0.13423,1,0
"2013","st","Sør-Trøndelag","Trondheim","Nypvang","0028","Andre","Andre",0,2.41611,18,0
"2013","st","Sør-Trøndelag","Trondheim","Nypvang","0028","Andre2","Andre2",0,0,0,0
"2013","st","Sør-Trøndelag","Trondheim","Åsheim","0029","A","Arbeiderpartiet",1,45.21646,846,0
"2013","st","Sør-Trøndelag","Trondheim","Åsheim","0029","SV","Sosialistisk Venstreparti",1,4.43613,83,0
"2013","st","Sør-Trøndelag","Trondheim","Åsheim","0029","RØDT","Rødt",1,0.69482,13,0
"2013","st","Sør-Trøndelag","Trondheim","Åsheim","0029","SP","Senterpartiet",1,2.51203,47,0
"2013","st","Sør-Trøndelag","Trondheim","Åsheim","0029","KRF","Kristelig Folkeparti",1,3.47408,65,0
"2013","st","Sør-Trøndelag","Trondheim","Åsheim","0029","V","Venstre",1,3.52753,66,0
"2013","st","Sør-Trøndelag","Trondheim","Åsheim","0029","H","Høyre",1,17.31694,324,0
"2013","st","Sør-Trøndelag","Trondheim","Åsheim","0029","FRP","Fremskrittspartiet",1,17.90486,335,0
"2013","st","Sør-Trøndelag","Trondheim","Åsheim","0029","DEMN","Demokratene i Norge",2,0.10689,2,0
"2013","st","Sør-Trøndelag","Trondheim","Åsheim","0029","DLF","Det Liberale Folkepartiet",2,0.05345,1,0
"2013","st","Sør-Trøndelag","Trondheim","Åsheim","0029","KRISTNE","De Kristne",2,0.53447,10,0
"2013","st","Sør-Trøndelag","Trondheim","Åsheim","0029","KSP","Kristent Samlingsparti",2,0.05345,1,0
"2013","st","Sør-Trøndelag","Trondheim","Åsheim","0029","KYST","Kystpartiet",2,0.05345,1,0
"2013","st","Sør-Trøndelag","Trondheim","Åsheim","0029","MDG","Miljøpartiet De Grønne",2,2.56547,48,0
"2013","st","Sør-Trøndelag","Trondheim","Åsheim","0029","NKP","Norges Kommunistiske Parti",2,0.05345,1,0
"2013","st","Sør-Trøndelag","Trondheim","Åsheim","0029","PIR","Piratpartiet",2,0.48103,9,0
"2013","st","Sør-Trøndelag","Trondheim","Åsheim","0029","PP","Pensjonistpartiet",2,1.0155,19,0
"2013","st","Sør-Trøndelag","Trondheim","Åsheim","0029","BLANKE","Blanke",3,0.64137,12,0
"2013","st","Sør-Trøndelag","Trondheim","Åsheim","0029","Andre","Andre",0,4.91716,92,0
"2013","st","Sør-Trøndelag","Trondheim","Åsheim","0029","Andre2","Andre2",0,0,0,0
"2013","st","Sør-Trøndelag","Trondheim","Spongdal","0030","A","Arbeiderpartiet",1,24.46809,161,0
"2013","st","Sør-Trøndelag","Trondheim","Spongdal","0030","SV","Sosialistisk Venstreparti",1,3.95137,26,0
"2013","st","Sør-Trøndelag","Trondheim","Spongdal","0030","RØDT","Rødt",1,0.6079,4,0
"2013","st","Sør-Trøndelag","Trondheim","Spongdal","0030","SP","Senterpartiet",1,13.98176,92,0
"2013","st","Sør-Trøndelag","Trondheim","Spongdal","0030","KRF","Kristelig Folkeparti",1,6.99088,46,0
"2013","st","Sør-Trøndelag","Trondheim","Spongdal","0030","V","Venstre",1,3.79939,25,0
"2013","st","Sør-Trøndelag","Trondheim","Spongdal","0030","H","Høyre",1,25.83587,170,0
"2013","st","Sør-Trøndelag","Trondheim","Spongdal","0030","FRP","Fremskrittspartiet",1,16.56535,109,0
"2013","st","Sør-Trøndelag","Trondheim","Spongdal","0030","DEMN","Demokratene i Norge",2,0,0,0
"2013","st","Sør-Trøndelag","Trondheim","Spongdal","0030","DLF","Det Liberale Folkepartiet",2,0,0,0
"2013","st","Sør-Trøndelag","Trondheim","Spongdal","0030","KRISTNE","De Kristne",2,0.15198,1,0
"2013","st","Sør-Trøndelag","Trondheim","Spongdal","0030","KSP","Kristent Samlingsparti",2,0.15198,1,0
"2013","st","Sør-Trøndelag","Trondheim","Spongdal","0030","KYST","Kystpartiet",2,0,0,0
"2013","st","Sør-Trøndelag","Trondheim","Spongdal","0030","MDG","Miljøpartiet De Grønne",2,1.97568,13,0
"2013","st","Sør-Trøndelag","Trondheim","Spongdal","0030","NKP","Norges Kommunistiske Parti",2,0,0,0
"2013","st","Sør-Trøndelag","Trondheim","Spongdal","0030","PIR","Piratpartiet",2,0.75988,5,0
"2013","st","Sør-Trøndelag","Trondheim","Spongdal","0030","PP","Pensjonistpartiet",2,0.75988,5,0
"2013","st","Sør-Trøndelag","Trondheim","Spongdal","0030","BLANKE","Blanke",3,0.75988,5,0
"2013","st","Sør-Trøndelag","Trondheim","Spongdal","0030","Andre","Andre",0,3.79939,25,0
"2013","st","Sør-Trøndelag","Trondheim","Spongdal","0030","Andre2","Andre2",0,0,0,0
"2013","st","Sør-Trøndelag","Trondheim","Ugla","0031","A","Arbeiderpartiet",1,39.40418,1283,0
"2013","st","Sør-Trøndelag","Trondheim","Ugla","0031","SV","Sosialistisk Venstreparti",1,5.95823,194,0
"2013","st","Sør-Trøndelag","Trondheim","Ugla","0031","RØDT","Rødt",1,0.7371,24,0
"2013","st","Sør-Trøndelag","Trondheim","Ugla","0031","SP","Senterpartiet",1,1.62776,53,0
"2013","st","Sør-Trøndelag","Trondheim","Ugla","0031","KRF","Kristelig Folkeparti",1,3.07125,100,0
"2013","st","Sør-Trøndelag","Trondheim","Ugla","0031","V","Venstre",1,6.32678,206,0
"2013","st","Sør-Trøndelag","Trondheim","Ugla","0031","H","Høyre",1,25.42998,828,0
"2013","st","Sør-Trøndelag","Trondheim","Ugla","0031","FRP","Fremskrittspartiet",1,13.02211,424,0
"2013","st","Sør-Trøndelag","Trondheim","Ugla","0031","DEMN","Demokratene i Norge",2,0.06143,2,0
"2013","st","Sør-Trøndelag","Trondheim","Ugla","0031","DLF","Det Liberale Folkepartiet",2,0.03071,1,0
"2013","st","Sør-Trøndelag","Trondheim","Ugla","0031","KRISTNE","De Kristne",2,0.15356,5,0
"2013","st","Sør-Trøndelag","Trondheim","Ugla","0031","KSP","Kristent Samlingsparti",2,0.06143,2,0
"2013","st","Sør-Trøndelag","Trondheim","Ugla","0031","KYST","Kystpartiet",2,0.03071,1,0
"2013","st","Sør-Trøndelag","Trondheim","Ugla","0031","MDG","Miljøpartiet De Grønne",2,3.07125,100,0
"2013","st","Sør-Trøndelag","Trondheim","Ugla","0031","NKP","Norges Kommunistiske Parti",2,0.12285,4,0
"2013","st","Sør-Trøndelag","Trondheim","Ugla","0031","PIR","Piratpartiet",2,0.39926,13,0
"2013","st","Sør-Trøndelag","Trondheim","Ugla","0031","PP","Pensjonistpartiet",2,0.4914,16,0
"2013","st","Sør-Trøndelag","Trondheim","Ugla","0031","BLANKE","Blanke",3,0,0,0
"2013","st","Sør-Trøndelag","Trondheim","Ugla","0031","Andre","Andre",0,4.4226,144,0
"2013","st","Sør-Trøndelag","Trondheim","Ugla","0031","Andre2","Andre2",0,0,0,0
"2013","st","Sør-Trøndelag","Trondheim","Rye","0032","A","Arbeiderpartiet",1,29.62963,224,0
"2013","st","Sør-Trøndelag","Trondheim","Rye","0032","SV","Sosialistisk Venstreparti",1,2.77778,21,0
"2013","st","Sør-Trøndelag","Trondheim","Rye","0032","RØDT","Rødt",1,0.92593,7,0
"2013","st","Sør-Trøndelag","Trondheim","Rye","0032","SP","Senterpartiet",1,15.47619,117,0
"2013","st","Sør-Trøndelag","Trondheim","Rye","0032","KRF","Kristelig Folkeparti",1,5.02646,38,0
"2013","st","Sør-Trøndelag","Trondheim","Rye","0032","V","Venstre",1,2.91005,22,0
"2013","st","Sør-Trøndelag","Trondheim","Rye","0032","H","Høyre",1,19.31217,146,0
"2013","st","Sør-Trøndelag","Trondheim","Rye","0032","FRP","Fremskrittspartiet",1,20.50265,155,0
"2013","st","Sør-Trøndelag","Trondheim","Rye","0032","DEMN","Demokratene i Norge",2,0.26455,2,0
"2013","st","Sør-Trøndelag","Trondheim","Rye","0032","DLF","Det Liberale Folkepartiet",2,0.13228,1,0
"2013","st","Sør-Trøndelag","Trondheim","Rye","0032","KRISTNE","De Kristne",2,0.26455,2,0
"2013","st","Sør-Trøndelag","Trondheim","Rye","0032","KSP","Kristent Samlingsparti",2,0.13228,1,0
"2013","st","Sør-Trøndelag","Trondheim","Rye","0032","KYST","Kystpartiet",2,0,0,0
"2013","st","Sør-Trøndelag","Trondheim","Rye","0032","MDG","Miljøpartiet De Grønne",2,1.98413,15,0
"2013","st","Sør-Trøndelag","Trondheim","Rye","0032","NKP","Norges Kommunistiske Parti",2,0.13228,1,0
"2013","st","Sør-Trøndelag","Trondheim","Rye","0032","PIR","Piratpartiet",2,0.26455,2,0
"2013","st","Sør-Trøndelag","Trondheim","Rye","0032","PP","Pensjonistpartiet",2,0.26455,2,0
"2013","st","Sør-Trøndelag","Trondheim","Rye","0032","BLANKE","Blanke",3,0.5291,4,0
"2013","st","Sør-Trøndelag","Trondheim","Rye","0032","Andre","Andre",0,3.43915,26,0
"2013","st","Sør-Trøndelag","Trondheim","Rye","0032","Andre2","Andre2",0,0,0,0
"2013","st","Sør-Trøndelag","Trondheim","Åsveien","0033","A","Arbeiderpartiet",1,36.82965,467,0
"2013","st","Sør-Trøndelag","Trondheim","Åsveien","0033","SV","Sosialistisk Venstreparti",1,9.62145,122,0
"2013","st","Sør-Trøndelag","Trondheim","Åsveien","0033","RØDT","Rødt",1,1.1041,14,0
"2013","st","Sør-Trøndelag","Trondheim","Åsveien","0033","SP","Senterpartiet",1,2.60252,33,0
"2013","st","Sør-Trøndelag","Trondheim","Åsveien","0033","KRF","Kristelig Folkeparti",1,4.10095,52,0
"2013","st","Sør-Trøndelag","Trondheim","Åsveien","0033","V","Venstre",1,8.51735,108,0
"2013","st","Sør-Trøndelag","Trondheim","Åsveien","0033","H","Høyre",1,24.44795,310,0
"2013","st","Sør-Trøndelag","Trondheim","Åsveien","0033","FRP","Fremskrittspartiet",1,7.17666,91,0
"2013","st","Sør-Trøndelag","Trondheim","Åsveien","0033","DEMN","Demokratene i Norge",2,0,0,0
"2013","st","Sør-Trøndelag","Trondheim","Åsveien","0033","DLF","Det Liberale Folkepartiet",2,0,0,0
"2013","st","Sør-Trøndelag","Trondheim","Åsveien","0033","KRISTNE","De Kristne",2,0.15773,2,0
"2013","st","Sør-Trøndelag","Trondheim","Åsveien","0033","KSP","Kristent Samlingsparti",2,0,0,0
"2013","st","Sør-Trøndelag","Trondheim","Åsveien","0033","KYST","Kystpartiet",2,0,0,0
"2013","st","Sør-Trøndelag","Trondheim","Åsveien","0033","MDG","Miljøpartiet De Grønne",2,4.88959,62,0
"2013","st","Sør-Trøndelag","Trondheim","Åsveien","0033","NKP","Norges Kommunistiske Parti",2,0.15773,2,0
"2013","st","Sør-Trøndelag","Trondheim","Åsveien","0033","PIR","Piratpartiet",2,0.23659,3,0
"2013","st","Sør-Trøndelag","Trondheim","Åsveien","0033","PP","Pensjonistpartiet",2,0.15773,2,0
"2013","st","Sør-Trøndelag","Trondheim","Åsveien","0033","BLANKE","Blanke",3,0,0,0
"2013","st","Sør-Trøndelag","Trondheim","Åsveien","0033","Andre","Andre",0,5.59937,71,0
"2013","st","Sør-Trøndelag","Trondheim","Åsveien","0033","Andre2","Andre2",0,0,0,0
"2013","st","Sør-Trøndelag","Trondheim","Utleira","0034","A","Arbeiderpartiet",1,42.26027,617,0
"2013","st","Sør-Trøndelag","Trondheim","Utleira","0034","SV","Sosialistisk Venstreparti",1,6.09589,89,0
"2013","st","Sør-Trøndelag","Trondheim","Utleira","0034","RØDT","Rødt",1,1.30137,19,0
"2013","st","Sør-Trøndelag","Trondheim","Utleira","0034","SP","Senterpartiet",1,2.87671,42,0
"2013","st","Sør-Trøndelag","Trondheim","Utleira","0034","KRF","Kristelig Folkeparti",1,3.56164,52,0
"2013","st","Sør-Trøndelag","Trondheim","Utleira","0034","V","Venstre",1,5,73,0
"2013","st","Sør-Trøndelag","Trondheim","Utleira","0034","H","Høyre",1,21.57534,315,0
"2013","st","Sør-Trøndelag","Trondheim","Utleira","0034","FRP","Fremskrittspartiet",1,13.42466,196,0
"2013","st","Sør-Trøndelag","Trondheim","Utleira","0034","DEMN","Demokratene i Norge",2,0.06849,1,0
"2013","st","Sør-Trøndelag","Trondheim","Utleira","0034","DLF","Det Liberale Folkepartiet",2,0,0,0
"2013","st","Sør-Trøndelag","Trondheim","Utleira","0034","KRISTNE","De Kristne",2,0.20548,3,0
"2013","st","Sør-Trøndelag","Trondheim","Utleira","0034","KSP","Kristent Samlingsparti",2,0.27397,4,0
"2013","st","Sør-Trøndelag","Trondheim","Utleira","0034","KYST","Kystpartiet",2,0.06849,1,0
"2013","st","Sør-Trøndelag","Trondheim","Utleira","0034","MDG","Miljøpartiet De Grønne",2,1.64384,24,0
"2013","st","Sør-Trøndelag","Trondheim","Utleira","0034","NKP","Norges Kommunistiske Parti",2,0,0,0
"2013","st","Sør-Trøndelag","Trondheim","Utleira","0034","PIR","Piratpartiet",2,0.47945,7,0
"2013","st","Sør-Trøndelag","Trondheim","Utleira","0034","PP","Pensjonistpartiet",2,1.16438,17,0
"2013","st","Sør-Trøndelag","Trondheim","Utleira","0034","BLANKE","Blanke",3,0.20548,3,0
"2013","st","Sør-Trøndelag","Trondheim","Utleira","0034","Andre","Andre",0,3.90411,57,0
"2013","st","Sør-Trøndelag","Trondheim","Utleira","0034","Andre2","Andre2",0,0,0,0
"2013","st","Sør-Trøndelag","Trondheim","Stabbursmoen","0035","A","Arbeiderpartiet",1,38.2596,787,0
"2013","st","Sør-Trøndelag","Trondheim","Stabbursmoen","0035","SV","Sosialistisk Venstreparti",1,3.93777,81,0
"2013","st","Sør-Trøndelag","Trondheim","Stabbursmoen","0035","RØDT","Rødt",1,0.63199,13,0
"2013","st","Sør-Trøndelag","Trondheim","Stabbursmoen","0035","SP","Senterpartiet",1,2.72241,56,0
"2013","st","Sør-Trøndelag","Trondheim","Stabbursmoen","0035","KRF","Kristelig Folkeparti",1,4.3753,90,0
"2013","st","Sør-Trøndelag","Trondheim","Stabbursmoen","0035","V","Venstre",1,4.27807,88,0
"2013","st","Sør-Trøndelag","Trondheim","Stabbursmoen","0035","H","Høyre",1,28.00194,576,0
"2013","st","Sør-Trøndelag","Trondheim","Stabbursmoen","0035","FRP","Fremskrittspartiet",1,14.4385,297,0
"2013","st","Sør-Trøndelag","Trondheim","Stabbursmoen","0035","DEMN","Demokratene i Norge",2,0.19446,4,0
"2013","st","Sør-Trøndelag","Trondheim","Stabbursmoen","0035","DLF","Det Liberale Folkepartiet",2,0.04861,1,0
"2013","st","Sør-Trøndelag","Trondheim","Stabbursmoen","0035","KRISTNE","De Kristne",2,0.09723,2,0
"2013","st","Sør-Trøndelag","Trondheim","Stabbursmoen","0035","KSP","Kristent Samlingsparti",2,0.04861,1,0
"2013","st","Sør-Trøndelag","Trondheim","Stabbursmoen","0035","KYST","Kystpartiet",2,0.14584,3,0
"2013","st","Sør-Trøndelag","Trondheim","Stabbursmoen","0035","MDG","Miljøpartiet De Grønne",2,1.70151,35,0
"2013","st","Sør-Trøndelag","Trondheim","Stabbursmoen","0035","NKP","Norges Kommunistiske Parti",2,0,0,0
"2013","st","Sør-Trøndelag","Trondheim","Stabbursmoen","0035","PIR","Piratpartiet",2,0.38892,8,0
"2013","st","Sør-Trøndelag","Trondheim","Stabbursmoen","0035","PP","Pensjonistpartiet",2,0.72922,15,0
"2013","st","Sør-Trøndelag","Trondheim","Stabbursmoen","0035","BLANKE","Blanke",3,0.38892,8,0
"2013","st","Sør-Trøndelag","Trondheim","Stabbursmoen","0035","Andre","Andre",0,3.3544,69,0
"2013","st","Sør-Trøndelag","Trondheim","Stabbursmoen","0035","Andre2","Andre2",0,0,0,0
"2013","st","Sør-Trøndelag","Trondheim","Brundalen","0036","A","Arbeiderpartiet",1,39.42598,522,0
"2013","st","Sør-Trøndelag","Trondheim","Brundalen","0036","SV","Sosialistisk Venstreparti",1,6.19335,82,0
"2013","st","Sør-Trøndelag","Trondheim","Brundalen","0036","RØDT","Rødt",1,0.75529,10,0
"2013","st","Sør-Trøndelag","Trondheim","Brundalen","0036","SP","Senterpartiet",1,2.49245,33,0
"2013","st","Sør-Trøndelag","Trondheim","Brundalen","0036","KRF","Kristelig Folkeparti",1,1.96375,26,0
"2013","st","Sør-Trøndelag","Trondheim","Brundalen","0036","V","Venstre",1,5.66465,75,0
"2013","st","Sør-Trøndelag","Trondheim","Brundalen","0036","H","Høyre",1,27.71903,367,0
"2013","st","Sør-Trøndelag","Trondheim","Brundalen","0036","FRP","Fremskrittspartiet",1,10.95166,145,0
"2013","st","Sør-Trøndelag","Trondheim","Brundalen","0036","DEMN","Demokratene i Norge",2,0,0,0
"2013","st","Sør-Trøndelag","Trondheim","Brundalen","0036","DLF","Det Liberale Folkepartiet",2,0.07553,1,0
"2013","st","Sør-Trøndelag","Trondheim","Brundalen","0036","KRISTNE","De Kristne",2,0.07553,1,0
"2013","st","Sør-Trøndelag","Trondheim","Brundalen","0036","KSP","Kristent Samlingsparti",2,0.15106,2,0
"2013","st","Sør-Trøndelag","Trondheim","Brundalen","0036","KYST","Kystpartiet",2,0,0,0
"2013","st","Sør-Trøndelag","Trondheim","Brundalen","0036","MDG","Miljøpartiet De Grønne",2,3.24773,43,0
"2013","st","Sør-Trøndelag","Trondheim","Brundalen","0036","NKP","Norges Kommunistiske Parti",2,0,0,0
"2013","st","Sør-Trøndelag","Trondheim","Brundalen","0036","PIR","Piratpartiet",2,0.5287,7,0
"2013","st","Sør-Trøndelag","Trondheim","Brundalen","0036","PP","Pensjonistpartiet",2,0.75529,10,0
"2013","st","Sør-Trøndelag","Trondheim","Brundalen","0036","BLANKE","Blanke",3,0,0,0
"2013","st","Sør-Trøndelag","Trondheim","Brundalen","0036","Andre","Andre",0,4.83384,64,0
"2013","st","Sør-Trøndelag","Trondheim","Brundalen","0036","Andre2","Andre2",0,0,0,0
"2013","st","Sør-Trøndelag","Trondheim","Eberg","0037","A","Arbeiderpartiet",1,35.71885,559,0
"2013","st","Sør-Trøndelag","Trondheim","Eberg","0037","SV","Sosialistisk Venstreparti",1,8.81789,138,0
"2013","st","Sør-Trøndelag","Trondheim","Eberg","0037","RØDT","Rødt",1,1.15016,18,0
"2013","st","Sør-Trøndelag","Trondheim","Eberg","0037","SP","Senterpartiet",1,2.04473,32,0
"2013","st","Sør-Trøndelag","Trondheim","Eberg","0037","KRF","Kristelig Folkeparti",1,4.34505,68,0
"2013","st","Sør-Trøndelag","Trondheim","Eberg","0037","V","Venstre",1,8.30671,130,0
"2013","st","Sør-Trøndelag","Trondheim","Eberg","0037","H","Høyre",1,23.25879,364,0
"2013","st","Sør-Trøndelag","Trondheim","Eberg","0037","FRP","Fremskrittspartiet",1,10.47923,164,0
"2013","st","Sør-Trøndelag","Trondheim","Eberg","0037","DEMN","Demokratene i Norge",2,0,0,0
"2013","st","Sør-Trøndelag","Trondheim","Eberg","0037","DLF","Det Liberale Folkepartiet",2,0.0639,1,0
"2013","st","Sør-Trøndelag","Trondheim","Eberg","0037","KRISTNE","De Kristne",2,0.51118,8,0
"2013","st","Sør-Trøndelag","Trondheim","Eberg","0037","KSP","Kristent Samlingsparti",2,0.0639,1,0
"2013","st","Sør-Trøndelag","Trondheim","Eberg","0037","KYST","Kystpartiet",2,0,0,0
"2013","st","Sør-Trøndelag","Trondheim","Eberg","0037","MDG","Miljøpartiet De Grønne",2,3.70607,58,0
"2013","st","Sør-Trøndelag","Trondheim","Eberg","0037","NKP","Norges Kommunistiske Parti",2,0.0639,1,0
"2013","st","Sør-Trøndelag","Trondheim","Eberg","0037","PIR","Piratpartiet",2,0.63898,10,0
"2013","st","Sør-Trøndelag","Trondheim","Eberg","0037","PP","Pensjonistpartiet",2,0.83067,13,0
"2013","st","Sør-Trøndelag","Trondheim","Eberg","0037","BLANKE","Blanke",3,0.44728,7,0
"2013","st","Sør-Trøndelag","Trondheim","Eberg","0037","Andre","Andre",0,5.87859,92,0
"2013","st","Sør-Trøndelag","Trondheim","Eberg","0037","Andre2","Andre2",0,0,0,0
"2013","st","Sør-Trøndelag","Trondheim","Møllenberg","0038","A","Arbeiderpartiet",1,29.44649,399,0
"2013","st","Sør-Trøndelag","Trondheim","Møllenberg","0038","SV","Sosialistisk Venstreparti",1,10.4059,141,0
"2013","st","Sør-Trøndelag","Trondheim","Møllenberg","0038","RØDT","Rødt",1,2.36162,32,0
"2013","st","Sør-Trøndelag","Trondheim","Møllenberg","0038","SP","Senterpartiet",1,2.14022,29,0
"2013","st","Sør-Trøndelag","Trondheim","Møllenberg","0038","KRF","Kristelig Folkeparti",1,1.77122,24,0
"2013","st","Sør-Trøndelag","Trondheim","Møllenberg","0038","V","Venstre",1,8.26568,112,0
"2013","st","Sør-Trøndelag","Trondheim","Møllenberg","0038","H","Høyre",1,29.22509,396,0
"2013","st","Sør-Trøndelag","Trondheim","Møllenberg","0038","FRP","Fremskrittspartiet",1,9.15129,124,0
"2013","st","Sør-Trøndelag","Trondheim","Møllenberg","0038","DEMN","Demokratene i Norge",2,0.0738,1,0
"2013","st","Sør-Trøndelag","Trondheim","Møllenberg","0038","DLF","Det Liberale Folkepartiet",2,0.0738,1,0
"2013","st","Sør-Trøndelag","Trondheim","Møllenberg","0038","KRISTNE","De Kristne",2,0.1476,2,0
"2013","st","Sør-Trøndelag","Trondheim","Møllenberg","0038","KSP","Kristent Samlingsparti",2,0,0,0
"2013","st","Sør-Trøndelag","Trondheim","Møllenberg","0038","KYST","Kystpartiet",2,0,0,0
"2013","st","Sør-Trøndelag","Trondheim","Møllenberg","0038","MDG","Miljøpartiet De Grønne",2,5.38745,73,0
"2013","st","Sør-Trøndelag","Trondheim","Møllenberg","0038","NKP","Norges Kommunistiske Parti",2,0,0,0
"2013","st","Sør-Trøndelag","Trondheim","Møllenberg","0038","PIR","Piratpartiet",2,1.18081,16,0
"2013","st","Sør-Trøndelag","Trondheim","Møllenberg","0038","PP","Pensjonistpartiet",2,0.369,5,0
"2013","st","Sør-Trøndelag","Trondheim","Møllenberg","0038","BLANKE","Blanke",3,0,0,0
"2013","st","Sør-Trøndelag","Trondheim","Møllenberg","0038","Andre","Andre",0,7.23247,98,0
"2013","st","Sør-Trøndelag","Trondheim","Møllenberg","0038","Andre2","Andre2",0,0,0,0
"2013","st","Sør-Trøndelag","Trondheim","Vikåsen","0039","A","Arbeiderpartiet",1,40.55681,539,0
"2013","st","Sør-Trøndelag","Trondheim","Vikåsen","0039","SV","Sosialistisk Venstreparti",1,4.8909,65,0
"2013","st","Sør-Trøndelag","Trondheim","Vikåsen","0039","RØDT","Rødt",1,0.52671,7,0
"2013","st","Sør-Trøndelag","Trondheim","Vikåsen","0039","SP","Senterpartiet",1,3.08503,41,0
"2013","st","Sør-Trøndelag","Trondheim","Vikåsen","0039","KRF","Kristelig Folkeparti",1,1.80587,24,0
"2013","st","Sør-Trøndelag","Trondheim","Vikåsen","0039","V","Venstre",1,5.11663,68,0
"2013","st","Sør-Trøndelag","Trondheim","Vikåsen","0039","H","Høyre",1,28.36719,377,0
"2013","st","Sør-Trøndelag","Trondheim","Vikåsen","0039","FRP","Fremskrittspartiet",1,12.34011,164,0
"2013","st","Sør-Trøndelag","Trondheim","Vikåsen","0039","DEMN","Demokratene i Norge",2,0.82769,11,0
"2013","st","Sør-Trøndelag","Trondheim","Vikåsen","0039","DLF","Det Liberale Folkepartiet",2,0,0,0
"2013","st","Sør-Trøndelag","Trondheim","Vikåsen","0039","KRISTNE","De Kristne",2,0.37622,5,0
"2013","st","Sør-Trøndelag","Trondheim","Vikåsen","0039","KSP","Kristent Samlingsparti",2,0,0,0
"2013","st","Sør-Trøndelag","Trondheim","Vikåsen","0039","KYST","Kystpartiet",2,0,0,0
"2013","st","Sør-Trøndelag","Trondheim","Vikåsen","0039","MDG","Miljøpartiet De Grønne",2,1.65538,22,0
"2013","st","Sør-Trøndelag","Trondheim","Vikåsen","0039","NKP","Norges Kommunistiske Parti",2,0,0,0
"2013","st","Sør-Trøndelag","Trondheim","Vikåsen","0039","PIR","Piratpartiet",2,0.07524,1,0
"2013","st","Sør-Trøndelag","Trondheim","Vikåsen","0039","PP","Pensjonistpartiet",2,0.37622,5,0
"2013","st","Sør-Trøndelag","Trondheim","Vikåsen","0039","BLANKE","Blanke",3,0.37622,5,0
"2013","st","Sør-Trøndelag","Trondheim","Vikåsen","0039","Andre","Andre",0,3.31076,44,0
"2013","st","Sør-Trøndelag","Trondheim","Vikåsen","0039","Andre2","Andre2",0,0,0,0
"2013","st","Sør-Trøndelag","Hemne","Hemne","1612","A","Arbeiderpartiet",1,43.97641,1044,216
"2013","st","Sør-Trøndelag","Hemne","Hemne","1612","SV","Sosialistisk Venstreparti",1,1.55855,37,11
"2013","st","Sør-Trøndelag","Hemne","Hemne","1612","RØDT","Rødt",1,0.25274,6,2
"2013","st","Sør-Trøndelag","Hemne","Hemne","1612","SP","Senterpartiet",1,12.84751,305,48
"2013","st","Sør-Trøndelag","Hemne","Hemne","1612","KRF","Kristelig Folkeparti",1,4.59141,109,35
"2013","st","Sør-Trøndelag","Hemne","Hemne","1612","V","Venstre",1,3.24347,77,20
"2013","st","Sør-Trøndelag","Hemne","Hemne","1612","H","Høyre",1,17.27043,410,91
"2013","st","Sør-Trøndelag","Hemne","Hemne","1612","FRP","Fremskrittspartiet",1,13.22662,314,67
"2013","st","Sør-Trøndelag","Hemne","Hemne","1612","DEMN","Demokratene i Norge",2,0,0,0
"2013","st","Sør-Trøndelag","Hemne","Hemne","1612","DLF","Det Liberale Folkepartiet",2,0,0,0
"2013","st","Sør-Trøndelag","Hemne","Hemne","1612","KRISTNE","De Kristne",2,0.50548,12,5
"2013","st","Sør-Trøndelag","Hemne","Hemne","1612","KSP","Kristent Samlingsparti",2,0.12637,3,1
"2013","st","Sør-Trøndelag","Hemne","Hemne","1612","KYST","Kystpartiet",2,0.04212,1,0
"2013","st","Sør-Trøndelag","Hemne","Hemne","1612","MDG","Miljøpartiet De Grønne",2,1.76917,42,11
"2013","st","Sør-Trøndelag","Hemne","Hemne","1612","NKP","Norges Kommunistiske Parti",2,0.08425,2,0
"2013","st","Sør-Trøndelag","Hemne","Hemne","1612","PIR","Piratpartiet",2,0.12637,3,1
"2013","st","Sør-Trøndelag","Hemne","Hemne","1612","PP","Pensjonistpartiet",2,0.37911,9,2
"2013","st","Sør-Trøndelag","Hemne","Hemne","1612","BLANKE","Blanke",3,0.12637,3,1
"2013","st","Sør-Trøndelag","Hemne","Hemne","1612","Andre","Andre",0,3.03286,72,20
"2013","st","Sør-Trøndelag","Hemne","Hemne","1612","Andre2","Andre2",0,0,0,0
"2013","st","Sør-Trøndelag","Snillfjord","Snillfjord","1613","A","Arbeiderpartiet",1,31.63265,186,33
"2013","st","Sør-Trøndelag","Snillfjord","Snillfjord","1613","SV","Sosialistisk Venstreparti",1,1.87075,11,6
"2013","st","Sør-Trøndelag","Snillfjord","Snillfjord","1613","RØDT","Rødt",1,0.5102,3,1
"2013","st","Sør-Trøndelag","Snillfjord","Snillfjord","1613","SP","Senterpartiet",1,26.36054,155,31
"2013","st","Sør-Trøndelag","Snillfjord","Snillfjord","1613","KRF","Kristelig Folkeparti",1,8.16327,48,15
"2013","st","Sør-Trøndelag","Snillfjord","Snillfjord","1613","V","Venstre",1,2.72109,16,5
"2013","st","Sør-Trøndelag","Snillfjord","Snillfjord","1613","H","Høyre",1,13.43537,79,23
"2013","st","Sør-Trøndelag","Snillfjord","Snillfjord","1613","FRP","Fremskrittspartiet",1,12.07483,71,15
"2013","st","Sør-Trøndelag","Snillfjord","Snillfjord","1613","DEMN","Demokratene i Norge",2,0,0,0
"2013","st","Sør-Trøndelag","Snillfjord","Snillfjord","1613","DLF","Det Liberale Folkepartiet",2,0,0,0
"2013","st","Sør-Trøndelag","Snillfjord","Snillfjord","1613","KRISTNE","De Kristne",2,0.17007,1,1
"2013","st","Sør-Trøndelag","Snillfjord","Snillfjord","1613","KSP","Kristent Samlingsparti",2,0.5102,3,0
"2013","st","Sør-Trøndelag","Snillfjord","Snillfjord","1613","KYST","Kystpartiet",2,0.34014,2,1
"2013","st","Sør-Trøndelag","Snillfjord","Snillfjord","1613","MDG","Miljøpartiet De Grønne",2,1.19048,7,2
"2013","st","Sør-Trøndelag","Snillfjord","Snillfjord","1613","NKP","Norges Kommunistiske Parti",2,0,0,0
"2013","st","Sør-Trøndelag","Snillfjord","Snillfjord","1613","PIR","Piratpartiet",2,0,0,0
"2013","st","Sør-Trøndelag","Snillfjord","Snillfjord","1613","PP","Pensjonistpartiet",2,1.02041,6,1
"2013","st","Sør-Trøndelag","Snillfjord","Snillfjord","1613","BLANKE","Blanke",3,0.5102,3,0
"2013","st","Sør-Trøndelag","Snillfjord","Snillfjord","1613","Andre","Andre",0,3.23129,19,5
"2013","st","Sør-Trøndelag","Snillfjord","Snillfjord","1613","Andre2","Andre2",0,0,0,0
"2013","st","Sør-Trøndelag","Hitra","Hitra","1617","A","Arbeiderpartiet",1,29.88139,655,186
"2013","st","Sør-Trøndelag","Hitra","Hitra","1617","SV","Sosialistisk Venstreparti",1,4.15146,91,32
"2013","st","Sør-Trøndelag","Hitra","Hitra","1617","RØDT","Rødt",1,0.4562,10,3
"2013","st","Sør-Trøndelag","Hitra","Hitra","1617","SP","Senterpartiet",1,5.52007,121,31
"2013","st","Sør-Trøndelag","Hitra","Hitra","1617","KRF","Kristelig Folkeparti",1,3.51277,77,21
"2013","st","Sør-Trøndelag","Hitra","Hitra","1617","V","Venstre",1,3.55839,78,16
"2013","st","Sør-Trøndelag","Hitra","Hitra","1617","H","Høyre",1,21.35036,468,128
"2013","st","Sør-Trøndelag","Hitra","Hitra","1617","FRP","Fremskrittspartiet",1,23.12956,507,157
"2013","st","Sør-Trøndelag","Hitra","Hitra","1617","DEMN","Demokratene i Norge",2,0,0,0
"2013","st","Sør-Trøndelag","Hitra","Hitra","1617","DLF","Det Liberale Folkepartiet",2,0.09124,2,1
"2013","st","Sør-Trøndelag","Hitra","Hitra","1617","KRISTNE","De Kristne",2,0.59307,13,5
"2013","st","Sør-Trøndelag","Hitra","Hitra","1617","KSP","Kristent Samlingsparti",2,0.18248,4,1
"2013","st","Sør-Trøndelag","Hitra","Hitra","1617","KYST","Kystpartiet",2,0.04562,1,0
"2013","st","Sør-Trøndelag","Hitra","Hitra","1617","MDG","Miljøpartiet De Grønne",2,1.96168,43,19
"2013","st","Sør-Trøndelag","Hitra","Hitra","1617","NKP","Norges Kommunistiske Parti",2,0.04562,1,0
"2013","st","Sør-Trøndelag","Hitra","Hitra","1617","PIR","Piratpartiet",2,0.27372,6,1
"2013","st","Sør-Trøndelag","Hitra","Hitra","1617","PP","Pensjonistpartiet",2,5.24635,115,37
"2013","st","Sør-Trøndelag","Hitra","Hitra","1617","BLANKE","Blanke",3,0.41058,9,4
"2013","st","Sør-Trøndelag","Hitra","Hitra","1617","Andre","Andre",0,8.43978,185,64
"2013","st","Sør-Trøndelag","Hitra","Hitra","1617","Andre2","Andre2",0,0,0,0
"2013","st","Sør-Trøndelag","Frøya","Frøya","1620","A","Arbeiderpartiet",1,40.36609,838,198
"2013","st","Sør-Trøndelag","Frøya","Frøya","1620","SV","Sosialistisk Venstreparti",1,3.9499,82,24
"2013","st","Sør-Trøndelag","Frøya","Frøya","1620","RØDT","Rødt",1,0.28902,6,3
"2013","st","Sør-Trøndelag","Frøya","Frøya","1620","SP","Senterpartiet",1,3.61272,75,11
"2013","st","Sør-Trøndelag","Frøya","Frøya","1620","KRF","Kristelig Folkeparti",1,3.56455,74,11
"2013","st","Sør-Trøndelag","Frøya","Frøya","1620","V","Venstre",1,5.82852,121,33
"2013","st","Sør-Trøndelag","Frøya","Frøya","1620","H","Høyre",1,20.66474,429,96
"2013","st","Sør-Trøndelag","Frøya","Frøya","1620","FRP","Fremskrittspartiet",1,18.11175,376,85
"2013","st","Sør-Trøndelag","Frøya","Frøya","1620","DEMN","Demokratene i Norge",2,0.09634,2,0
"2013","st","Sør-Trøndelag","Frøya","Frøya","1620","DLF","Det Liberale Folkepartiet",2,0,0,0
"2013","st","Sør-Trøndelag","Frøya","Frøya","1620","KRISTNE","De Kristne",2,0.4817,10,0
"2013","st","Sør-Trøndelag","Frøya","Frøya","1620","KSP","Kristent Samlingsparti",2,0,0,0
"2013","st","Sør-Trøndelag","Frøya","Frøya","1620","KYST","Kystpartiet",2,0.24085,5,1
"2013","st","Sør-Trøndelag","Frøya","Frøya","1620","MDG","Miljøpartiet De Grønne",2,1.39692,29,9
"2013","st","Sør-Trøndelag","Frøya","Frøya","1620","NKP","Norges Kommunistiske Parti",2,0,0,0
"2013","st","Sør-Trøndelag","Frøya","Frøya","1620","PIR","Piratpartiet",2,0.43353,9,3
"2013","st","Sør-Trøndelag","Frøya","Frøya","1620","PP","Pensjonistpartiet",2,0.96339,20,5
"2013","st","Sør-Trøndelag","Frøya","Frøya","1620","BLANKE","Blanke",3,0.4817,10,3
"2013","st","Sør-Trøndelag","Frøya","Frøya","1620","Andre","Andre",0,3.61272,75,18
"2013","st","Sør-Trøndelag","Frøya","Frøya","1620","Andre2","Andre2",0,0,0,0
"2013","st","Sør-Trøndelag","Ørland","Ørland","1621","A","Arbeiderpartiet",1,27.43484,800,239
"2013","st","Sør-Trøndelag","Ørland","Ørland","1621","SV","Sosialistisk Venstreparti",1,2.77778,81,26
"2013","st","Sør-Trøndelag","Ørland","Ørland","1621","RØDT","Rødt",1,0.5144,15,4
"2013","st","Sør-Trøndelag","Ørland","Ørland","1621","SP","Senterpartiet",1,11.55693,337,88
"2013","st","Sør-Trøndelag","Ørland","Ørland","1621","KRF","Kristelig Folkeparti",1,3.56653,104,28
"2013","st","Sør-Trøndelag","Ørland","Ørland","1621","V","Venstre",1,3.12071,91,33
"2013","st","Sør-Trøndelag","Ørland","Ørland","1621","H","Høyre",1,29.08093,848,268
"2013","st","Sør-Trøndelag","Ørland","Ørland","1621","FRP","Fremskrittspartiet",1,18.27846,533,174
"2013","st","Sør-Trøndelag","Ørland","Ørland","1621","DEMN","Demokratene i Norge",2,0.03429,1,1
"2013","st","Sør-Trøndelag","Ørland","Ørland","1621","DLF","Det Liberale Folkepartiet",2,0,0,0
"2013","st","Sør-Trøndelag","Ørland","Ørland","1621","KRISTNE","De Kristne",2,0.06859,2,1
"2013","st","Sør-Trøndelag","Ørland","Ørland","1621","KSP","Kristent Samlingsparti",2,0.06859,2,2
"2013","st","Sør-Trøndelag","Ørland","Ørland","1621","KYST","Kystpartiet",2,0.17147,5,3
"2013","st","Sør-Trøndelag","Ørland","Ørland","1621","MDG","Miljøpartiet De Grønne",2,1.5775,46,16
"2013","st","Sør-Trøndelag","Ørland","Ørland","1621","NKP","Norges Kommunistiske Parti",2,0.06859,2,1
"2013","st","Sør-Trøndelag","Ørland","Ørland","1621","PIR","Piratpartiet",2,0.41152,12,4
"2013","st","Sør-Trøndelag","Ørland","Ørland","1621","PP","Pensjonistpartiet",2,1.26886,37,17
"2013","st","Sør-Trøndelag","Ørland","Ørland","1621","BLANKE","Blanke",3,0.68587,20,11
"2013","st","Sør-Trøndelag","Ørland","Ørland","1621","Andre","Andre",0,3.66941,107,45
"2013","st","Sør-Trøndelag","Ørland","Ørland","1621","Andre2","Andre2",0,0,0,0
"2013","st","Sør-Trøndelag","Agdenes","Agdenes","1622","A","Arbeiderpartiet",1,30.67061,311,92
"2013","st","Sør-Trøndelag","Agdenes","Agdenes","1622","SV","Sosialistisk Venstreparti",1,2.16963,22,11
"2013","st","Sør-Trøndelag","Agdenes","Agdenes","1622","RØDT","Rødt",1,0.09862,1,0
"2013","st","Sør-Trøndelag","Agdenes","Agdenes","1622","SP","Senterpartiet",1,19.03353,193,42
"2013","st","Sør-Trøndelag","Agdenes","Agdenes","1622","KRF","Kristelig Folkeparti",1,4.43787,45,13
"2013","st","Sør-Trøndelag","Agdenes","Agdenes","1622","V","Venstre",1,1.87377,19,8
"2013","st","Sør-Trøndelag","Agdenes","Agdenes","1622","H","Høyre",1,21.59763,219,74
"2013","st","Sør-Trøndelag","Agdenes","Agdenes","1622","FRP","Fremskrittspartiet",1,16.37081,166,44
"2013","st","Sør-Trøndelag","Agdenes","Agdenes","1622","DEMN","Demokratene i Norge",2,0,0,0
"2013","st","Sør-Trøndelag","Agdenes","Agdenes","1622","DLF","Det Liberale Folkepartiet",2,0,0,0
"2013","st","Sør-Trøndelag","Agdenes","Agdenes","1622","KRISTNE","De Kristne",2,0.59172,6,0
"2013","st","Sør-Trøndelag","Agdenes","Agdenes","1622","KSP","Kristent Samlingsparti",2,0.4931,5,1
"2013","st","Sør-Trøndelag","Agdenes","Agdenes","1622","KYST","Kystpartiet",2,0.09862,1,0
"2013","st","Sør-Trøndelag","Agdenes","Agdenes","1622","MDG","Miljøpartiet De Grønne",2,1.28205,13,2
"2013","st","Sør-Trøndelag","Agdenes","Agdenes","1622","NKP","Norges Kommunistiske Parti",2,0,0,0
"2013","st","Sør-Trøndelag","Agdenes","Agdenes","1622","PIR","Piratpartiet",2,0.09862,1,1
"2013","st","Sør-Trøndelag","Agdenes","Agdenes","1622","PP","Pensjonistpartiet",2,1.18343,12,4
"2013","st","Sør-Trøndelag","Agdenes","Agdenes","1622","BLANKE","Blanke",3,0.29586,3,2
"2013","st","Sør-Trøndelag","Agdenes","Agdenes","1622","Andre","Andre",0,3.74753,38,8
"2013","st","Sør-Trøndelag","Agdenes","Agdenes","1622","Andre2","Andre2",0,0,0,0
"2013","st","Sør-Trøndelag","Rissa","Rissa","1624","A","Arbeiderpartiet",1,29.4166,1074,228
"2013","st","Sør-Trøndelag","Rissa","Rissa","1624","SV","Sosialistisk Venstreparti",1,2.90331,106,21
"2013","st","Sør-Trøndelag","Rissa","Rissa","1624","RØDT","Rødt",1,0.38346,14,8
"2013","st","Sør-Trøndelag","Rissa","Rissa","1624","SP","Senterpartiet",1,15.44782,564,77
"2013","st","Sør-Trøndelag","Rissa","Rissa","1624","KRF","Kristelig Folkeparti",1,5.83402,213,56
"2013","st","Sør-Trøndelag","Rissa","Rissa","1624","V","Venstre",1,3.77979,138,41
"2013","st","Sør-Trøndelag","Rissa","Rissa","1624","H","Høyre",1,19.28239,704,169
"2013","st","Sør-Trøndelag","Rissa","Rissa","1624","FRP","Fremskrittspartiet",1,16.70775,610,143
"2013","st","Sør-Trøndelag","Rissa","Rissa","1624","DEMN","Demokratene i Norge",2,0.2739,10,4
"2013","st","Sør-Trøndelag","Rissa","Rissa","1624","DLF","Det Liberale Folkepartiet",2,0.02739,1,0
"2013","st","Sør-Trøndelag","Rissa","Rissa","1624","KRISTNE","De Kristne",2,0.38346,14,3
"2013","st","Sør-Trøndelag","Rissa","Rissa","1624","KSP","Kristent Samlingsparti",2,0.10956,4,0
"2013","st","Sør-Trøndelag","Rissa","Rissa","1624","KYST","Kystpartiet",2,0.08217,3,0
"2013","st","Sør-Trøndelag","Rissa","Rissa","1624","MDG","Miljøpartiet De Grønne",2,2.32813,85,27
"2013","st","Sør-Trøndelag","Rissa","Rissa","1624","NKP","Norges Kommunistiske Parti",2,0.10956,4,0
"2013","st","Sør-Trøndelag","Rissa","Rissa","1624","PIR","Piratpartiet",2,0.16434,6,1
"2013","st","Sør-Trøndelag","Rissa","Rissa","1624","PP","Pensjonistpartiet",2,2.76637,101,26
"2013","st","Sør-Trøndelag","Rissa","Rissa","1624","BLANKE","Blanke",3,0.35607,13,6
"2013","st","Sør-Trøndelag","Rissa","Rissa","1624","Andre","Andre",0,6.24486,228,61
"2013","st","Sør-Trøndelag","Rissa","Rissa","1624","Andre2","Andre2",0,0,0,0
"2013","st","Sør-Trøndelag","Bjugn","Bjugn","1627","A","Arbeiderpartiet",1,30.61776,793,170
"2013","st","Sør-Trøndelag","Bjugn","Bjugn","1627","SV","Sosialistisk Venstreparti",1,3.43629,89,21
"2013","st","Sør-Trøndelag","Bjugn","Bjugn","1627","RØDT","Rødt",1,0.69498,18,7
"2013","st","Sør-Trøndelag","Bjugn","Bjugn","1627","SP","Senterpartiet",1,11.04247,286,52
"2013","st","Sør-Trøndelag","Bjugn","Bjugn","1627","KRF","Kristelig Folkeparti",1,5.83012,151,38
"2013","st","Sør-Trøndelag","Bjugn","Bjugn","1627","V","Venstre",1,3.35907,87,19
"2013","st","Sør-Trøndelag","Bjugn","Bjugn","1627","H","Høyre",1,19.07336,494,135
"2013","st","Sør-Trøndelag","Bjugn","Bjugn","1627","FRP","Fremskrittspartiet",1,21.46718,556,147
"2013","st","Sør-Trøndelag","Bjugn","Bjugn","1627","DEMN","Demokratene i Norge",2,0.15444,4,1
"2013","st","Sør-Trøndelag","Bjugn","Bjugn","1627","DLF","Det Liberale Folkepartiet",2,0.03861,1,0
"2013","st","Sør-Trøndelag","Bjugn","Bjugn","1627","KRISTNE","De Kristne",2,0.46332,12,8
"2013","st","Sør-Trøndelag","Bjugn","Bjugn","1627","KSP","Kristent Samlingsparti",2,0.03861,1,0
"2013","st","Sør-Trøndelag","Bjugn","Bjugn","1627","KYST","Kystpartiet",2,0.07722,2,1
"2013","st","Sør-Trøndelag","Bjugn","Bjugn","1627","MDG","Miljøpartiet De Grønne",2,1.9305,50,19
"2013","st","Sør-Trøndelag","Bjugn","Bjugn","1627","NKP","Norges Kommunistiske Parti",2,0,0,0
"2013","st","Sør-Trøndelag","Bjugn","Bjugn","1627","PIR","Piratpartiet",2,0.23166,6,1
"2013","st","Sør-Trøndelag","Bjugn","Bjugn","1627","PP","Pensjonistpartiet",2,1.5444,40,13
"2013","st","Sør-Trøndelag","Bjugn","Bjugn","1627","BLANKE","Blanke",3,0.34749,9,2
"2013","st","Sør-Trøndelag","Bjugn","Bjugn","1627","Andre","Andre",0,4.47876,116,43
"2013","st","Sør-Trøndelag","Bjugn","Bjugn","1627","Andre2","Andre2",0,0,0,0
"2013","st","Sør-Trøndelag","Åfjord","Åfjord","1630","A","Arbeiderpartiet",1,27.72225,527,153
"2013","st","Sør-Trøndelag","Åfjord","Åfjord","1630","SV","Sosialistisk Venstreparti",1,1.89374,36,11
"2013","st","Sør-Trøndelag","Åfjord","Åfjord","1630","RØDT","Rødt",1,0.36823,7,4
"2013","st","Sør-Trøndelag","Åfjord","Åfjord","1630","SP","Senterpartiet",1,16.99106,323,76
"2013","st","Sør-Trøndelag","Åfjord","Åfjord","1630","KRF","Kristelig Folkeparti",1,9.25829,176,51
"2013","st","Sør-Trøndelag","Åfjord","Åfjord","1630","V","Venstre",1,3.36665,64,11
"2013","st","Sør-Trøndelag","Åfjord","Åfjord","1630","H","Høyre",1,18.20095,346,97
"2013","st","Sør-Trøndelag","Åfjord","Åfjord","1630","FRP","Fremskrittspartiet",1,17.20147,327,100
"2013","st","Sør-Trøndelag","Åfjord","Åfjord","1630","DEMN","Demokratene i Norge",2,0.0526,1,0
"2013","st","Sør-Trøndelag","Åfjord","Åfjord","1630","DLF","Det Liberale Folkepartiet",2,0.15781,3,1
"2013","st","Sør-Trøndelag","Åfjord","Åfjord","1630","KRISTNE","De Kristne",2,0.57864,11,4
"2013","st","Sør-Trøndelag","Åfjord","Åfjord","1630","KSP","Kristent Samlingsparti",2,0.0526,1,0
"2013","st","Sør-Trøndelag","Åfjord","Åfjord","1630","KYST","Kystpartiet",2,0.10521,2,2
"2013","st","Sør-Trøndelag","Åfjord","Åfjord","1630","MDG","Miljøpartiet De Grønne",2,2.84061,54,32
"2013","st","Sør-Trøndelag","Åfjord","Åfjord","1630","NKP","Norges Kommunistiske Parti",2,0,0,0
"2013","st","Sør-Trøndelag","Åfjord","Åfjord","1630","PIR","Piratpartiet",2,0.31562,6,3
"2013","st","Sør-Trøndelag","Åfjord","Åfjord","1630","PP","Pensjonistpartiet",2,0.89427,17,2
"2013","st","Sør-Trøndelag","Åfjord","Åfjord","1630","BLANKE","Blanke",3,0.47344,9,4
"2013","st","Sør-Trøndelag","Åfjord","Åfjord","1630","Andre","Andre",0,4.99737,95,44
"2013","st","Sør-Trøndelag","Åfjord","Åfjord","1630","Andre2","Andre2",0,0,0,0
"2013","st","Sør-Trøndelag","Roan","Roan","1632","A","Arbeiderpartiet",1,30,174,50
"2013","st","Sør-Trøndelag","Roan","Roan","1632","SV","Sosialistisk Venstreparti",1,3.7931,22,7
"2013","st","Sør-Trøndelag","Roan","Roan","1632","RØDT","Rødt",1,0.51724,3,1
"2013","st","Sør-Trøndelag","Roan","Roan","1632","SP","Senterpartiet",1,16.2069,94,22
"2013","st","Sør-Trøndelag","Roan","Roan","1632","KRF","Kristelig Folkeparti",1,6.2069,36,8
"2013","st","Sør-Trøndelag","Roan","Roan","1632","V","Venstre",1,3.62069,21,4
"2013","st","Sør-Trøndelag","Roan","Roan","1632","H","Høyre",1,18.27586,106,34
"2013","st","Sør-Trøndelag","Roan","Roan","1632","FRP","Fremskrittspartiet",1,17.06897,99,32
"2013","st","Sør-Trøndelag","Roan","Roan","1632","DEMN","Demokratene i Norge",2,0,0,0
"2013","st","Sør-Trøndelag","Roan","Roan","1632","DLF","Det Liberale Folkepartiet",2,0,0,0
"2013","st","Sør-Trøndelag","Roan","Roan","1632","KRISTNE","De Kristne",2,0.68966,4,0
"2013","st","Sør-Trøndelag","Roan","Roan","1632","KSP","Kristent Samlingsparti",2,0.34483,2,1
"2013","st","Sør-Trøndelag","Roan","Roan","1632","KYST","Kystpartiet",2,0.86207,5,1
"2013","st","Sør-Trøndelag","Roan","Roan","1632","MDG","Miljøpartiet De Grønne",2,1.37931,8,2
"2013","st","Sør-Trøndelag","Roan","Roan","1632","NKP","Norges Kommunistiske Parti",2,0,0,0
"2013","st","Sør-Trøndelag","Roan","Roan","1632","PIR","Piratpartiet",2,0.17241,1,1
"2013","st","Sør-Trøndelag","Roan","Roan","1632","PP","Pensjonistpartiet",2,0.86207,5,0
"2013","st","Sør-Trøndelag","Roan","Roan","1632","BLANKE","Blanke",3,0.51724,3,0
"2013","st","Sør-Trøndelag","Roan","Roan","1632","Andre","Andre",0,4.31034,25,5
"2013","st","Sør-Trøndelag","Roan","Roan","1632","Andre2","Andre2",0,0,0,0
"2013","st","Sør-Trøndelag","Osen","Osen","1633","A","Arbeiderpartiet",1,36.31757,215,70
"2013","st","Sør-Trøndelag","Osen","Osen","1633","SV","Sosialistisk Venstreparti",1,3.37838,20,9
"2013","st","Sør-Trøndelag","Osen","Osen","1633","RØDT","Rødt",1,0.84459,5,1
"2013","st","Sør-Trøndelag","Osen","Osen","1633","SP","Senterpartiet",1,17.90541,106,18
"2013","st","Sør-Trøndelag","Osen","Osen","1633","KRF","Kristelig Folkeparti",1,4.72973,28,11
"2013","st","Sør-Trøndelag","Osen","Osen","1633","V","Venstre",1,3.5473,21,6
"2013","st","Sør-Trøndelag","Osen","Osen","1633","H","Høyre",1,10.30405,61,15
"2013","st","Sør-Trøndelag","Osen","Osen","1633","FRP","Fremskrittspartiet",1,18.07432,107,37
"2013","st","Sør-Trøndelag","Osen","Osen","1633","DEMN","Demokratene i Norge",2,0,0,0
"2013","st","Sør-Trøndelag","Osen","Osen","1633","DLF","Det Liberale Folkepartiet",2,0,0,0
"2013","st","Sør-Trøndelag","Osen","Osen","1633","KRISTNE","De Kristne",2,0.33784,2,1
"2013","st","Sør-Trøndelag","Osen","Osen","1633","KSP","Kristent Samlingsparti",2,0,0,0
"2013","st","Sør-Trøndelag","Osen","Osen","1633","KYST","Kystpartiet",2,0,0,0
"2013","st","Sør-Trøndelag","Osen","Osen","1633","MDG","Miljøpartiet De Grønne",2,2.36486,14,8
"2013","st","Sør-Trøndelag","Osen","Osen","1633","NKP","Norges Kommunistiske Parti",2,0,0,0
"2013","st","Sør-Trøndelag","Osen","Osen","1633","PIR","Piratpartiet",2,1.18243,7,1
"2013","st","Sør-Trøndelag","Osen","Osen","1633","PP","Pensjonistpartiet",2,1.01351,6,1
"2013","st","Sør-Trøndelag","Osen","Osen","1633","BLANKE","Blanke",3,0.67568,4,1
"2013","st","Sør-Trøndelag","Osen","Osen","1633","Andre","Andre",0,4.89865,29,11
"2013","st","Sør-Trøndelag","Osen","Osen","1633","Andre2","Andre2",0,0,0,0
"2013","st","Sør-Trøndelag","Oppdal","Oppdal","1634","A","Arbeiderpartiet",1,33.62468,1308,409
"2013","st","Sør-Trøndelag","Oppdal","Oppdal","1634","SV","Sosialistisk Venstreparti",1,2.93059,114,41
"2013","st","Sør-Trøndelag","Oppdal","Oppdal","1634","RØDT","Rødt",1,0.17995,7,3
"2013","st","Sør-Trøndelag","Oppdal","Oppdal","1634","SP","Senterpartiet",1,16.2982,634,111
"2013","st","Sør-Trøndelag","Oppdal","Oppdal","1634","KRF","Kristelig Folkeparti",1,6.60668,257,88
"2013","st","Sør-Trøndelag","Oppdal","Oppdal","1634","V","Venstre",1,4.70437,183,57
"2013","st","Sør-Trøndelag","Oppdal","Oppdal","1634","H","Høyre",1,21.25964,827,307
"2013","st","Sør-Trøndelag","Oppdal","Oppdal","1634","FRP","Fremskrittspartiet",1,11.61954,452,160
"2013","st","Sør-Trøndelag","Oppdal","Oppdal","1634","DEMN","Demokratene i Norge",2,0.05141,2,1
"2013","st","Sør-Trøndelag","Oppdal","Oppdal","1634","DLF","Det Liberale Folkepartiet",2,0.05141,2,1
"2013","st","Sør-Trøndelag","Oppdal","Oppdal","1634","KRISTNE","De Kristne",2,0.41131,16,2
"2013","st","Sør-Trøndelag","Oppdal","Oppdal","1634","KSP","Kristent Samlingsparti",2,0.12853,5,1
"2013","st","Sør-Trøndelag","Oppdal","Oppdal","1634","KYST","Kystpartiet",2,0.05141,2,0
"2013","st","Sør-Trøndelag","Oppdal","Oppdal","1634","MDG","Miljøpartiet De Grønne",2,1.61954,63,28
"2013","st","Sør-Trøndelag","Oppdal","Oppdal","1634","NKP","Norges Kommunistiske Parti",2,0.02571,1,0
"2013","st","Sør-Trøndelag","Oppdal","Oppdal","1634","PIR","Piratpartiet",2,0.10283,4,1
"2013","st","Sør-Trøndelag","Oppdal","Oppdal","1634","PP","Pensjonistpartiet",2,0.33419,13,6
"2013","st","Sør-Trøndelag","Oppdal","Oppdal","1634","BLANKE","Blanke",3,0.56555,22,9
"2013","st","Sør-Trøndelag","Oppdal","Oppdal","1634","Andre","Andre",0,2.77635,108,40
"2013","st","Sør-Trøndelag","Oppdal","Oppdal","1634","Andre2","Andre2",0,0,0,0
"2013","st","Sør-Trøndelag","Rennebu","Rennebu","1635","A","Arbeiderpartiet",1,31.80628,486,127
"2013","st","Sør-Trøndelag","Rennebu","Rennebu","1635","SV","Sosialistisk Venstreparti",1,2.81414,43,17
"2013","st","Sør-Trøndelag","Rennebu","Rennebu","1635","RØDT","Rødt",1,0.26178,4,3
"2013","st","Sør-Trøndelag","Rennebu","Rennebu","1635","SP","Senterpartiet",1,22.12042,338,59
"2013","st","Sør-Trøndelag","Rennebu","Rennebu","1635","KRF","Kristelig Folkeparti",1,13.02356,199,41
"2013","st","Sør-Trøndelag","Rennebu","Rennebu","1635","V","Venstre",1,5.2356,80,18
"2013","st","Sør-Trøndelag","Rennebu","Rennebu","1635","H","Høyre",1,13.02356,199,49
"2013","st","Sør-Trøndelag","Rennebu","Rennebu","1635","FRP","Fremskrittspartiet",1,9.1623,140,38
"2013","st","Sør-Trøndelag","Rennebu","Rennebu","1635","DEMN","Demokratene i Norge",2,0,0,0
"2013","st","Sør-Trøndelag","Rennebu","Rennebu","1635","DLF","Det Liberale Folkepartiet",2,0,0,0
"2013","st","Sør-Trøndelag","Rennebu","Rennebu","1635","KRISTNE","De Kristne",2,0.26178,4,2
"2013","st","Sør-Trøndelag","Rennebu","Rennebu","1635","KSP","Kristent Samlingsparti",2,0.13089,2,0
"2013","st","Sør-Trøndelag","Rennebu","Rennebu","1635","KYST","Kystpartiet",2,0,0,0
"2013","st","Sør-Trøndelag","Rennebu","Rennebu","1635","MDG","Miljøpartiet De Grønne",2,1.89791,29,12
"2013","st","Sør-Trøndelag","Rennebu","Rennebu","1635","NKP","Norges Kommunistiske Parti",2,0,0,0
"2013","st","Sør-Trøndelag","Rennebu","Rennebu","1635","PIR","Piratpartiet",2,0.06545,1,0
"2013","st","Sør-Trøndelag","Rennebu","Rennebu","1635","PP","Pensjonistpartiet",2,0.19634,3,0
"2013","st","Sør-Trøndelag","Rennebu","Rennebu","1635","BLANKE","Blanke",3,0.39267,6,2
"2013","st","Sør-Trøndelag","Rennebu","Rennebu","1635","Andre","Andre",0,2.55236,39,14
"2013","st","Sør-Trøndelag","Rennebu","Rennebu","1635","Andre2","Andre2",0,0,0,0
"2013","st","Sør-Trøndelag","Meldal","Meldal","1636","A","Arbeiderpartiet",1,46.57118,1073,300
"2013","st","Sør-Trøndelag","Meldal","Meldal","1636","SV","Sosialistisk Venstreparti",1,1.69271,39,15
"2013","st","Sør-Trøndelag","Meldal","Meldal","1636","RØDT","Rødt",1,0.30382,7,4
"2013","st","Sør-Trøndelag","Meldal","Meldal","1636","SP","Senterpartiet",1,18.40278,424,55
"2013","st","Sør-Trøndelag","Meldal","Meldal","1636","KRF","Kristelig Folkeparti",1,3.64583,84,19
"2013","st","Sør-Trøndelag","Meldal","Meldal","1636","V","Venstre",1,2.77778,64,10
"2013","st","Sør-Trøndelag","Meldal","Meldal","1636","H","Høyre",1,12.93403,298,66
"2013","st","Sør-Trøndelag","Meldal","Meldal","1636","FRP","Fremskrittspartiet",1,10.24306,236,58
"2013","st","Sør-Trøndelag","Meldal","Meldal","1636","DEMN","Demokratene i Norge",2,0.17361,4,2
"2013","st","Sør-Trøndelag","Meldal","Meldal","1636","DLF","Det Liberale Folkepartiet",2,0.21701,5,1
"2013","st","Sør-Trøndelag","Meldal","Meldal","1636","KRISTNE","De Kristne",2,0.39063,9,2
"2013","st","Sør-Trøndelag","Meldal","Meldal","1636","KSP","Kristent Samlingsparti",2,0.34722,8,1
"2013","st","Sør-Trøndelag","Meldal","Meldal","1636","KYST","Kystpartiet",2,0.17361,4,0
"2013","st","Sør-Trøndelag","Meldal","Meldal","1636","MDG","Miljøpartiet De Grønne",2,0.99826,23,5
"2013","st","Sør-Trøndelag","Meldal","Meldal","1636","NKP","Norges Kommunistiske Parti",2,0,0,0
"2013","st","Sør-Trøndelag","Meldal","Meldal","1636","PIR","Piratpartiet",2,0.34722,8,2
"2013","st","Sør-Trøndelag","Meldal","Meldal","1636","PP","Pensjonistpartiet",2,0.78125,18,6
"2013","st","Sør-Trøndelag","Meldal","Meldal","1636","BLANKE","Blanke",3,0.82465,19,3
"2013","st","Sør-Trøndelag","Meldal","Meldal","1636","Andre","Andre",0,3.42882,79,19
"2013","st","Sør-Trøndelag","Meldal","Meldal","1636","Andre2","Andre2",0,0,0,0
"2013","st","Sør-Trøndelag","Orkdal","Orkdal","1638","A","Arbeiderpartiet",1,42.01202,2727,580
"2013","st","Sør-Trøndelag","Orkdal","Orkdal","1638","SV","Sosialistisk Venstreparti",1,3.40471,221,57
"2013","st","Sør-Trøndelag","Orkdal","Orkdal","1638","RØDT","Rødt",1,0.41596,27,10
"2013","st","Sør-Trøndelag","Orkdal","Orkdal","1638","SP","Senterpartiet",1,8.5503,555,91
"2013","st","Sør-Trøndelag","Orkdal","Orkdal","1638","KRF","Kristelig Folkeparti",1,3.85149,250,49
"2013","st","Sør-Trøndelag","Orkdal","Orkdal","1638","V","Venstre",1,4.45232,289,59
"2013","st","Sør-Trøndelag","Orkdal","Orkdal","1638","H","Høyre",1,17.57819,1141,245
"2013","st","Sør-Trøndelag","Orkdal","Orkdal","1638","FRP","Fremskrittspartiet",1,15.91434,1033,224
"2013","st","Sør-Trøndelag","Orkdal","Orkdal","1638","DEMN","Demokratene i Norge",2,0.23109,15,2
"2013","st","Sør-Trøndelag","Orkdal","Orkdal","1638","DLF","Det Liberale Folkepartiet",2,0.01541,1,0
"2013","st","Sør-Trøndelag","Orkdal","Orkdal","1638","KRISTNE","De Kristne",2,0.38515,25,10
"2013","st","Sør-Trøndelag","Orkdal","Orkdal","1638","KSP","Kristent Samlingsparti",2,0.04622,3,1
"2013","st","Sør-Trøndelag","Orkdal","Orkdal","1638","KYST","Kystpartiet",2,0.04622,3,0
"2013","st","Sør-Trøndelag","Orkdal","Orkdal","1638","MDG","Miljøpartiet De Grønne",2,1.30951,85,22
"2013","st","Sør-Trøndelag","Orkdal","Orkdal","1638","NKP","Norges Kommunistiske Parti",2,0.06162,4,1
"2013","st","Sør-Trøndelag","Orkdal","Orkdal","1638","PIR","Piratpartiet",2,0.33893,22,2
"2013","st","Sør-Trøndelag","Orkdal","Orkdal","1638","PP","Pensjonistpartiet",2,1.38654,90,28
"2013","st","Sør-Trøndelag","Orkdal","Orkdal","1638","BLANKE","Blanke",3,0.44677,29,7
"2013","st","Sør-Trøndelag","Orkdal","Orkdal","1638","Andre","Andre",0,3.82067,248,66
"2013","st","Sør-Trøndelag","Orkdal","Orkdal","1638","Andre2","Andre2",0,0,0,0
"2013","st","Sør-Trøndelag","Røros","Røros","1640","A","Arbeiderpartiet",1,44.85549,1552,306
"2013","st","Sør-Trøndelag","Røros","Røros","1640","SV","Sosialistisk Venstreparti",1,6.76301,234,49
"2013","st","Sør-Trøndelag","Røros","Røros","1640","RØDT","Rødt",1,2.19653,76,26
"2013","st","Sør-Trøndelag","Røros","Røros","1640","SP","Senterpartiet",1,11.7052,405,60
"2013","st","Sør-Trøndelag","Røros","Røros","1640","KRF","Kristelig Folkeparti",1,1.50289,52,8
"2013","st","Sør-Trøndelag","Røros","Røros","1640","V","Venstre",1,4.36416,151,38
"2013","st","Sør-Trøndelag","Røros","Røros","1640","H","Høyre",1,17.16763,594,130
"2013","st","Sør-Trøndelag","Røros","Røros","1640","FRP","Fremskrittspartiet",1,7.86127,272,49
"2013","st","Sør-Trøndelag","Røros","Røros","1640","DEMN","Demokratene i Norge",2,0,0,0
"2013","st","Sør-Trøndelag","Røros","Røros","1640","DLF","Det Liberale Folkepartiet",2,0,0,0
"2013","st","Sør-Trøndelag","Røros","Røros","1640","KRISTNE","De Kristne",2,0.0578,2,1
"2013","st","Sør-Trøndelag","Røros","Røros","1640","KSP","Kristent Samlingsparti",2,0.0289,1,0
"2013","st","Sør-Trøndelag","Røros","Røros","1640","KYST","Kystpartiet",2,0.0289,1,1
"2013","st","Sør-Trøndelag","Røros","Røros","1640","MDG","Miljøpartiet De Grønne",2,2.28324,79,29
"2013","st","Sør-Trøndelag","Røros","Røros","1640","NKP","Norges Kommunistiske Parti",2,0.11561,4,1
"2013","st","Sør-Trøndelag","Røros","Røros","1640","PIR","Piratpartiet",2,0.52023,18,6
"2013","st","Sør-Trøndelag","Røros","Røros","1640","PP","Pensjonistpartiet",2,0.54913,19,5
"2013","st","Sør-Trøndelag","Røros","Røros","1640","BLANKE","Blanke",3,0.66474,23,7
"2013","st","Sør-Trøndelag","Røros","Røros","1640","Andre","Andre",0,3.58382,124,43
"2013","st","Sør-Trøndelag","Røros","Røros","1640","Andre2","Andre2",0,0,0,0
"2013","st","Sør-Trøndelag","Holtålen","Holtålen","1644","A","Arbeiderpartiet",1,37.91793,499,125
"2013","st","Sør-Trøndelag","Holtålen","Holtålen","1644","SV","Sosialistisk Venstreparti",1,3.57143,47,10
"2013","st","Sør-Trøndelag","Holtålen","Holtålen","1644","RØDT","Rødt",1,0.53191,7,3
"2013","st","Sør-Trøndelag","Holtålen","Holtålen","1644","SP","Senterpartiet",1,35.79027,471,105
"2013","st","Sør-Trøndelag","Holtålen","Holtålen","1644","KRF","Kristelig Folkeparti",1,1.06383,14,3
"2013","st","Sør-Trøndelag","Holtålen","Holtålen","1644","V","Venstre",1,1.13982,15,5
"2013","st","Sør-Trøndelag","Holtålen","Holtålen","1644","H","Høyre",1,9.65046,127,44
"2013","st","Sør-Trøndelag","Holtålen","Holtålen","1644","FRP","Fremskrittspartiet",1,8.1307,107,29
"2013","st","Sør-Trøndelag","Holtålen","Holtålen","1644","DEMN","Demokratene i Norge",2,0.15198,2,0
"2013","st","Sør-Trøndelag","Holtålen","Holtålen","1644","DLF","Det Liberale Folkepartiet",2,0,0,0
"2013","st","Sør-Trøndelag","Holtålen","Holtålen","1644","KRISTNE","De Kristne",2,0.15198,2,1
"2013","st","Sør-Trøndelag","Holtålen","Holtålen","1644","KSP","Kristent Samlingsparti",2,0.07599,1,0
"2013","st","Sør-Trøndelag","Holtålen","Holtålen","1644","KYST","Kystpartiet",2,0.07599,1,0
"2013","st","Sør-Trøndelag","Holtålen","Holtålen","1644","MDG","Miljøpartiet De Grønne",2,0.83587,11,6
"2013","st","Sør-Trøndelag","Holtålen","Holtålen","1644","NKP","Norges Kommunistiske Parti",2,0,0,0
"2013","st","Sør-Trøndelag","Holtålen","Holtålen","1644","PIR","Piratpartiet",2,0.15198,2,0
"2013","st","Sør-Trøndelag","Holtålen","Holtålen","1644","PP","Pensjonistpartiet",2,0.75988,10,2
"2013","st","Sør-Trøndelag","Holtålen","Holtålen","1644","BLANKE","Blanke",3,0.22796,3,0
"2013","st","Sør-Trøndelag","Holtålen","Holtålen","1644","Andre","Andre",0,2.20365,29,9
"2013","st","Sør-Trøndelag","Holtålen","Holtålen","1644","Andre2","Andre2",0,0,0,0
"2013","st","Sør-Trøndelag","Midtre Gauldal","Midtre Gauldal","1648","A","Arbeiderpartiet",1,36.1885,1221,310
"2013","st","Sør-Trøndelag","Midtre Gauldal","Midtre Gauldal","1648","SV","Sosialistisk Venstreparti",1,1.83758,62,19
"2013","st","Sør-Trøndelag","Midtre Gauldal","Midtre Gauldal","1648","RØDT","Rødt",1,0.17783,6,3
"2013","st","Sør-Trøndelag","Midtre Gauldal","Midtre Gauldal","1648","SP","Senterpartiet",1,22.31772,753,115
"2013","st","Sør-Trøndelag","Midtre Gauldal","Midtre Gauldal","1648","KRF","Kristelig Folkeparti",1,6.28334,212,55
"2013","st","Sør-Trøndelag","Midtre Gauldal","Midtre Gauldal","1648","V","Venstre",1,2.96384,100,16
"2013","st","Sør-Trøndelag","Midtre Gauldal","Midtre Gauldal","1648","H","Høyre",1,13.33729,450,101
"2013","st","Sør-Trøndelag","Midtre Gauldal","Midtre Gauldal","1648","FRP","Fremskrittspartiet",1,13.75222,464,93
"2013","st","Sør-Trøndelag","Midtre Gauldal","Midtre Gauldal","1648","DEMN","Demokratene i Norge",2,0.29638,10,5
"2013","st","Sør-Trøndelag","Midtre Gauldal","Midtre Gauldal","1648","DLF","Det Liberale Folkepartiet",2,0.02964,1,0
"2013","st","Sør-Trøndelag","Midtre Gauldal","Midtre Gauldal","1648","KRISTNE","De Kristne",2,0.56313,19,1
"2013","st","Sør-Trøndelag","Midtre Gauldal","Midtre Gauldal","1648","KSP","Kristent Samlingsparti",2,0.05928,2,0
"2013","st","Sør-Trøndelag","Midtre Gauldal","Midtre Gauldal","1648","KYST","Kystpartiet",2,0.17783,6,1
"2013","st","Sør-Trøndelag","Midtre Gauldal","Midtre Gauldal","1648","MDG","Miljøpartiet De Grønne",2,1.09662,37,11
"2013","st","Sør-Trøndelag","Midtre Gauldal","Midtre Gauldal","1648","NKP","Norges Kommunistiske Parti",2,0.08892,3,0
"2013","st","Sør-Trøndelag","Midtre Gauldal","Midtre Gauldal","1648","PIR","Piratpartiet",2,0.26675,9,2
"2013","st","Sør-Trøndelag","Midtre Gauldal","Midtre Gauldal","1648","PP","Pensjonistpartiet",2,0.56313,19,4
"2013","st","Sør-Trøndelag","Midtre Gauldal","Midtre Gauldal","1648","BLANKE","Blanke",3,0.41494,14,3
"2013","st","Sør-Trøndelag","Midtre Gauldal","Midtre Gauldal","1648","Andre","Andre",0,3.14167,106,24
"2013","st","Sør-Trøndelag","Midtre Gauldal","Midtre Gauldal","1648","Andre2","Andre2",0,0,0,0
"2013","st","Sør-Trøndelag","Melhus","Melhus","1653","A","Arbeiderpartiet",1,35.60981,3238,853
"2013","st","Sør-Trøndelag","Melhus","Melhus","1653","SV","Sosialistisk Venstreparti",1,3.01331,274,90
"2013","st","Sør-Trøndelag","Melhus","Melhus","1653","RØDT","Rødt",1,0.56087,51,20
"2013","st","Sør-Trøndelag","Melhus","Melhus","1653","SP","Senterpartiet",1,10.76652,979,166
"2013","st","Sør-Trøndelag","Melhus","Melhus","1653","KRF","Kristelig Folkeparti",1,6.36754,579,186
"2013","st","Sør-Trøndelag","Melhus","Melhus","1653","V","Venstre",1,3.39822,309,85
"2013","st","Sør-Trøndelag","Melhus","Melhus","1653","H","Høyre",1,20.33432,1849,504
"2013","st","Sør-Trøndelag","Melhus","Melhus","1653","FRP","Fremskrittspartiet",1,16.58419,1508,382
"2013","st","Sør-Trøndelag","Melhus","Melhus","1653","DEMN","Demokratene i Norge",2,0.04399,4,3
"2013","st","Sør-Trøndelag","Melhus","Melhus","1653","DLF","Det Liberale Folkepartiet",2,0.011,1,0
"2013","st","Sør-Trøndelag","Melhus","Melhus","1653","KRISTNE","De Kristne",2,0.70384,64,12
"2013","st","Sør-Trøndelag","Melhus","Melhus","1653","KSP","Kristent Samlingsparti",2,0.13197,12,3
"2013","st","Sør-Trøndelag","Melhus","Melhus","1653","KYST","Kystpartiet",2,0.09898,9,2
"2013","st","Sør-Trøndelag","Melhus","Melhus","1653","MDG","Miljøpartiet De Grønne",2,1.64962,150,56
"2013","st","Sør-Trøndelag","Melhus","Melhus","1653","NKP","Norges Kommunistiske Parti",2,0.011,1,0
"2013","st","Sør-Trøndelag","Melhus","Melhus","1653","PIR","Piratpartiet",2,0.21995,20,9
"2013","st","Sør-Trøndelag","Melhus","Melhus","1653","PP","Pensjonistpartiet",2,0.49489,45,20
"2013","st","Sør-Trøndelag","Melhus","Melhus","1653","BLANKE","Blanke",3,0.50588,46,8
"2013","st","Sør-Trøndelag","Melhus","Melhus","1653","Andre","Andre",0,3.36523,306,105
"2013","st","Sør-Trøndelag","Melhus","Melhus","1653","Andre2","Andre2",0,0,0,0
"2013","st","Sør-Trøndelag","Skaun","Skaun","1657","A","Arbeiderpartiet",1,35.96724,1493,283
"2013","st","Sør-Trøndelag","Skaun","Skaun","1657","SV","Sosialistisk Venstreparti",1,3.73404,155,43
"2013","st","Sør-Trøndelag","Skaun","Skaun","1657","RØDT","Rødt",1,0.60226,25,5
"2013","st","Sør-Trøndelag","Skaun","Skaun","1657","SP","Senterpartiet",1,12.88846,535,74
"2013","st","Sør-Trøndelag","Skaun","Skaun","1657","KRF","Kristelig Folkeparti",1,5.01084,208,61
"2013","st","Sør-Trøndelag","Skaun","Skaun","1657","V","Venstre",1,4.11949,171,47
"2013","st","Sør-Trøndelag","Skaun","Skaun","1657","H","Høyre",1,18.11612,752,168
"2013","st","Sør-Trøndelag","Skaun","Skaun","1657","FRP","Fremskrittspartiet",1,16.16478,671,131
"2013","st","Sør-Trøndelag","Skaun","Skaun","1657","DEMN","Demokratene i Norge",2,0.12045,5,2
"2013","st","Sør-Trøndelag","Skaun","Skaun","1657","DLF","Det Liberale Folkepartiet",2,0,0,0
"2013","st","Sør-Trøndelag","Skaun","Skaun","1657","KRISTNE","De Kristne",2,0.65045,27,8
"2013","st","Sør-Trøndelag","Skaun","Skaun","1657","KSP","Kristent Samlingsparti",2,0.04818,2,0
"2013","st","Sør-Trøndelag","Skaun","Skaun","1657","KYST","Kystpartiet",2,0.16863,7,1
"2013","st","Sør-Trøndelag","Skaun","Skaun","1657","MDG","Miljøpartiet De Grønne",2,1.49362,62,14
"2013","st","Sør-Trøndelag","Skaun","Skaun","1657","NKP","Norges Kommunistiske Parti",2,0,0,0
"2013","st","Sør-Trøndelag","Skaun","Skaun","1657","PIR","Piratpartiet",2,0.33727,14,0
"2013","st","Sør-Trøndelag","Skaun","Skaun","1657","PP","Pensjonistpartiet",2,0.57817,24,6
"2013","st","Sør-Trøndelag","Skaun","Skaun","1657","BLANKE","Blanke",3,0.45772,19,5
"2013","st","Sør-Trøndelag","Skaun","Skaun","1657","Andre","Andre",0,3.39677,141,31
"2013","st","Sør-Trøndelag","Skaun","Skaun","1657","Andre2","Andre2",0,0,0,0
"2013","st","Sør-Trøndelag","Klæbu","Klæbu","1662","A","Arbeiderpartiet",1,34.86882,1143,273
"2013","st","Sør-Trøndelag","Klæbu","Klæbu","1662","SV","Sosialistisk Venstreparti",1,5.39963,177,37
"2013","st","Sør-Trøndelag","Klæbu","Klæbu","1662","RØDT","Rødt",1,0.42709,14,4
"2013","st","Sør-Trøndelag","Klæbu","Klæbu","1662","SP","Senterpartiet",1,5.67419,186,34
"2013","st","Sør-Trøndelag","Klæbu","Klæbu","1662","KRF","Kristelig Folkeparti",1,4.3014,141,56
"2013","st","Sør-Trøndelag","Klæbu","Klæbu","1662","V","Venstre",1,4.97254,163,36
"2013","st","Sør-Trøndelag","Klæbu","Klæbu","1662","H","Høyre",1,22.63575,742,218
"2013","st","Sør-Trøndelag","Klæbu","Klæbu","1662","FRP","Fremskrittspartiet",1,17.08359,560,138
"2013","st","Sør-Trøndelag","Klæbu","Klæbu","1662","DEMN","Demokratene i Norge",2,0.24405,8,2
"2013","st","Sør-Trøndelag","Klæbu","Klæbu","1662","DLF","Det Liberale Folkepartiet",2,0.06101,2,1
"2013","st","Sør-Trøndelag","Klæbu","Klæbu","1662","KRISTNE","De Kristne",2,0.30506,10,1
"2013","st","Sør-Trøndelag","Klæbu","Klæbu","1662","KSP","Kristent Samlingsparti",2,0.12203,4,1
"2013","st","Sør-Trøndelag","Klæbu","Klæbu","1662","KYST","Kystpartiet",2,0.06101,2,0
"2013","st","Sør-Trøndelag","Klæbu","Klæbu","1662","MDG","Miljøpartiet De Grønne",2,2.68456,88,30
"2013","st","Sør-Trøndelag","Klæbu","Klæbu","1662","NKP","Norges Kommunistiske Parti",2,0.09152,3,0
"2013","st","Sør-Trøndelag","Klæbu","Klæbu","1662","PIR","Piratpartiet",2,0.51861,17,5
"2013","st","Sør-Trøndelag","Klæbu","Klæbu","1662","PP","Pensjonistpartiet",2,0.54912,18,9
"2013","st","Sør-Trøndelag","Klæbu","Klæbu","1662","BLANKE","Blanke",3,0.51861,17,4
"2013","st","Sør-Trøndelag","Klæbu","Klæbu","1662","Andre","Andre",0,4.63697,152,49
"2013","st","Sør-Trøndelag","Klæbu","Klæbu","1662","Andre2","Andre2",0,0,0,0
"2013","st","Sør-Trøndelag","Malvik","Malvik","1663","A","Arbeiderpartiet",1,40.20811,3014,886
"2013","st","Sør-Trøndelag","Malvik","Malvik","1663","SV","Sosialistisk Venstreparti",1,4.52241,339,111
"2013","st","Sør-Trøndelag","Malvik","Malvik","1663","RØDT","Rødt",1,0.4936,37,13
"2013","st","Sør-Trøndelag","Malvik","Malvik","1663","SP","Senterpartiet",1,4.16222,312,84
"2013","st","Sør-Trøndelag","Malvik","Malvik","1663","KRF","Kristelig Folkeparti",1,2.92156,219,70
"2013","st","Sør-Trøndelag","Malvik","Malvik","1663","V","Venstre",1,5.34952,401,113
"2013","st","Sør-Trøndelag","Malvik","Malvik","1663","H","Høyre",1,22.87887,1715,569
"2013","st","Sør-Trøndelag","Malvik","Malvik","1663","FRP","Fremskrittspartiet",1,15.31483,1148,371
"2013","st","Sør-Trøndelag","Malvik","Malvik","1663","DEMN","Demokratene i Norge",2,0.05336,4,2
"2013","st","Sør-Trøndelag","Malvik","Malvik","1663","DLF","Det Liberale Folkepartiet",2,0.0667,5,3
"2013","st","Sør-Trøndelag","Malvik","Malvik","1663","KRISTNE","De Kristne",2,0.32017,24,8
"2013","st","Sør-Trøndelag","Malvik","Malvik","1663","KSP","Kristent Samlingsparti",2,0.02668,2,1
"2013","st","Sør-Trøndelag","Malvik","Malvik","1663","KYST","Kystpartiet",2,0.09338,7,4
"2013","st","Sør-Trøndelag","Malvik","Malvik","1663","MDG","Miljøpartiet De Grønne",2,2.49466,187,63
"2013","st","Sør-Trøndelag","Malvik","Malvik","1663","NKP","Norges Kommunistiske Parti",2,0.05336,4,3
"2013","st","Sør-Trøndelag","Malvik","Malvik","1663","PIR","Piratpartiet",2,0.4936,37,6
"2013","st","Sør-Trøndelag","Malvik","Malvik","1663","PP","Pensjonistpartiet",2,0.54696,41,18
"2013","st","Sør-Trøndelag","Malvik","Malvik","1663","BLANKE","Blanke",3,0.38687,29,5
"2013","st","Sør-Trøndelag","Malvik","Malvik","1663","Andre","Andre",0,4.14888,311,108
"2013","st","Sør-Trøndelag","Malvik","Malvik","1663","Andre2","Andre2",0,0,0,0
"2013","st","Sør-Trøndelag","Selbu","Selbu","1664","A","Arbeiderpartiet",1,38.60705,898,167
"2013","st","Sør-Trøndelag","Selbu","Selbu","1664","SV","Sosialistisk Venstreparti",1,4.21324,98,24
"2013","st","Sør-Trøndelag","Selbu","Selbu","1664","RØDT","Rødt",1,0.51591,12,4
"2013","st","Sør-Trøndelag","Selbu","Selbu","1664","SP","Senterpartiet",1,15.60619,363,58
"2013","st","Sør-Trøndelag","Selbu","Selbu","1664","KRF","Kristelig Folkeparti",1,2.14961,50,50
"2013","st","Sør-Trøndelag","Selbu","Selbu","1664","V","Venstre",1,3.22442,75,18
"2013","st","Sør-Trøndelag","Selbu","Selbu","1664","H","Høyre",1,19.47549,453,103
"2013","st","Sør-Trøndelag","Selbu","Selbu","1664","FRP","Fremskrittspartiet",1,13.45658,313,72
"2013","st","Sør-Trøndelag","Selbu","Selbu","1664","DEMN","Demokratene i Norge",2,0.08598,2,0
"2013","st","Sør-Trøndelag","Selbu","Selbu","1664","DLF","Det Liberale Folkepartiet",2,0.25795,6,5
"2013","st","Sør-Trøndelag","Selbu","Selbu","1664","KRISTNE","De Kristne",2,0.08598,2,0
"2013","st","Sør-Trøndelag","Selbu","Selbu","1664","KSP","Kristent Samlingsparti",2,0.08598,2,2
"2013","st","Sør-Trøndelag","Selbu","Selbu","1664","KYST","Kystpartiet",2,0,0,0
"2013","st","Sør-Trøndelag","Selbu","Selbu","1664","MDG","Miljøpartiet De Grønne",2,1.54772,36,15
"2013","st","Sør-Trøndelag","Selbu","Selbu","1664","NKP","Norges Kommunistiske Parti",2,0.04299,1,1
"2013","st","Sør-Trøndelag","Selbu","Selbu","1664","PIR","Piratpartiet",2,0.30095,7,1
"2013","st","Sør-Trøndelag","Selbu","Selbu","1664","PP","Pensjonistpartiet",2,0.34394,8,1
"2013","st","Sør-Trøndelag","Selbu","Selbu","1664","BLANKE","Blanke",3,0.68788,16,6
"2013","st","Sør-Trøndelag","Selbu","Selbu","1664","Andre","Andre",0,2.7515,64,25
"2013","st","Sør-Trøndelag","Selbu","Selbu","1664","Andre2","Andre2",0,0,0,0
"2013","st","Sør-Trøndelag","Tydal","Tydal","1665","A","Arbeiderpartiet",1,36.00746,193,65
"2013","st","Sør-Trøndelag","Tydal","Tydal","1665","SV","Sosialistisk Venstreparti",1,3.73134,20,7
"2013","st","Sør-Trøndelag","Tydal","Tydal","1665","RØDT","Rødt",1,0.74627,4,0
"2013","st","Sør-Trøndelag","Tydal","Tydal","1665","SP","Senterpartiet",1,26.49254,142,38
"2013","st","Sør-Trøndelag","Tydal","Tydal","1665","KRF","Kristelig Folkeparti",1,0.5597,3,1
"2013","st","Sør-Trøndelag","Tydal","Tydal","1665","V","Venstre",1,6.71642,36,3
"2013","st","Sør-Trøndelag","Tydal","Tydal","1665","H","Høyre",1,11.00746,59,20
"2013","st","Sør-Trøndelag","Tydal","Tydal","1665","FRP","Fremskrittspartiet",1,14.1791,76,20
"2013","st","Sør-Trøndelag","Tydal","Tydal","1665","DEMN","Demokratene i Norge",2,0,0,0
"2013","st","Sør-Trøndelag","Tydal","Tydal","1665","DLF","Det Liberale Folkepartiet",2,0,0,0
"2013","st","Sør-Trøndelag","Tydal","Tydal","1665","KRISTNE","De Kristne",2,0,0,0
"2013","st","Sør-Trøndelag","Tydal","Tydal","1665","KSP","Kristent Samlingsparti",2,0,0,0
"2013","st","Sør-Trøndelag","Tydal","Tydal","1665","KYST","Kystpartiet",2,0,0,0
"2013","st","Sør-Trøndelag","Tydal","Tydal","1665","MDG","Miljøpartiet De Grønne",2,0.18657,1,0
"2013","st","Sør-Trøndelag","Tydal","Tydal","1665","NKP","Norges Kommunistiske Parti",2,0,0,0
"2013","st","Sør-Trøndelag","Tydal","Tydal","1665","PIR","Piratpartiet",2,0,0,0
"2013","st","Sør-Trøndelag","Tydal","Tydal","1665","PP","Pensjonistpartiet",2,0.37313,2,2
"2013","st","Sør-Trøndelag","Tydal","Tydal","1665","BLANKE","Blanke",3,0.37313,2,0
"2013","st","Sør-Trøndelag","Tydal","Tydal","1665","Andre","Andre",0,0.5597,3,2
"2013","st","Sør-Trøndelag","Tydal","Tydal","1665","Andre2","Andre2",0,0,0,0
"2013","st","Nord-Trøndelag","Steinkjer","Steinkjer","1702","A","Arbeiderpartiet",1,43.78278,5426,1693
"2013","st","Nord-Trøndelag","Steinkjer","Steinkjer","1702","SV","Sosialistisk Venstreparti",1,2.88873,358,123
"2013","st","Nord-Trøndelag","Steinkjer","Steinkjer","1702","RØDT","Rødt",1,0.54063,67,32
"2013","st","Nord-Trøndelag","Steinkjer","Steinkjer","1702","SP","Senterpartiet",1,19.6724,2438,498
"2013","st","Nord-Trøndelag","Steinkjer","Steinkjer","1702","KRF","Kristelig Folkeparti",1,1.83975,228,73
"2013","st","Nord-Trøndelag","Steinkjer","Steinkjer","1702","V","Venstre",1,4.01033,497,157
"2013","st","Nord-Trøndelag","Steinkjer","Steinkjer","1702","H","Høyre",1,13.79811,1710,586
"2013","st","Nord-Trøndelag","Steinkjer","Steinkjer","1702","FRP","Fremskrittspartiet",1,11.35318,1407,445
"2013","st","Nord-Trøndelag","Steinkjer","Steinkjer","1702","DEMN","Demokratene i Norge",2,0.09683,12,5
"2013","st","Nord-Trøndelag","Steinkjer","Steinkjer","1702","KRISTNE","De Kristne",2,0.12104,15,4
"2013","st","Nord-Trøndelag","Steinkjer","Steinkjer","1702","KSP","Kristent Samlingsparti",2,0.04035,5,0
"2013","st","Nord-Trøndelag","Steinkjer","Steinkjer","1702","KYST","Kystpartiet",2,0.08069,10,1
"2013","st","Nord-Trøndelag","Steinkjer","Steinkjer","1702","MDG","Miljøpartiet De Grønne",2,1.58961,197,83
"2013","st","Nord-Trøndelag","Steinkjer","Steinkjer","1702","PIR","Piratpartiet",2,0.18559,23,7
"2013","st","Nord-Trøndelag","Steinkjer","Steinkjer","1702","BLANKE","Blanke",3,0.40345,50,17
"2013","st","Nord-Trøndelag","Steinkjer","Steinkjer","1702","Andre","Andre",0,2.1141,262,100
"2013","st","Nord-Trøndelag","Steinkjer","Steinkjer","1702","Andre2","Andre2",0,0,0,0
"2013","st","Nord-Trøndelag","Namsos","Namsos","1703","A","Arbeiderpartiet",1,45.74528,3247,768
"2013","st","Nord-Trøndelag","Namsos","Namsos","1703","SV","Sosialistisk Venstreparti",1,4.7619,338,108
"2013","st","Nord-Trøndelag","Namsos","Namsos","1703","RØDT","Rødt",1,0.66216,47,8
"2013","st","Nord-Trøndelag","Namsos","Namsos","1703","SP","Senterpartiet",1,6.32573,449,100
"2013","st","Nord-Trøndelag","Namsos","Namsos","1703","KRF","Kristelig Folkeparti",1,3.47985,247,65
"2013","st","Nord-Trøndelag","Namsos","Namsos","1703","V","Venstre",1,5.39589,383,80
"2013","st","Nord-Trøndelag","Namsos","Namsos","1703","H","Høyre",1,16.51169,1172,331
"2013","st","Nord-Trøndelag","Namsos","Namsos","1703","FRP","Fremskrittspartiet",1,14.56748,1034,260
"2013","st","Nord-Trøndelag","Namsos","Namsos","1703","DEMN","Demokratene i Norge",2,0.02818,2,1
"2013","st","Nord-Trøndelag","Namsos","Namsos","1703","KRISTNE","De Kristne",2,0.3663,26,5
"2013","st","Nord-Trøndelag","Namsos","Namsos","1703","KSP","Kristent Samlingsparti",2,0.32403,23,2
"2013","st","Nord-Trøndelag","Namsos","Namsos","1703","KYST","Kystpartiet",2,0.1268,9,0
"2013","st","Nord-Trøndelag","Namsos","Namsos","1703","MDG","Miljøpartiet De Grønne",2,1.42294,101,40
"2013","st","Nord-Trøndelag","Namsos","Namsos","1703","PIR","Piratpartiet",2,0.28177,20,7
"2013","st","Nord-Trøndelag","Namsos","Namsos","1703","BLANKE","Blanke",3,0.42265,30,12
"2013","st","Nord-Trøndelag","Namsos","Namsos","1703","Andre","Andre",0,2.55001,181,55
"2013","st","Nord-Trøndelag","Namsos","Namsos","1703","Andre2","Andre2",0,0,0,0
"2013","st","Nord-Trøndelag","Meråker","Meråker","1711","A","Arbeiderpartiet",1,43.05556,589,193
"2013","st","Nord-Trøndelag","Meråker","Meråker","1711","SV","Sosialistisk Venstreparti",1,4.60526,63,22
"2013","st","Nord-Trøndelag","Meråker","Meråker","1711","RØDT","Rødt",1,0.80409,11,5
"2013","st","Nord-Trøndelag","Meråker","Meråker","1711","SP","Senterpartiet",1,14.61988,200,55
"2013","st","Nord-Trøndelag","Meråker","Meråker","1711","KRF","Kristelig Folkeparti",1,1.75439,24,9
"2013","st","Nord-Trøndelag","Meråker","Meråker","1711","V","Venstre",1,5.26316,72,17
"2013","st","Nord-Trøndelag","Meråker","Meråker","1711","H","Høyre",1,12.7924,175,42
"2013","st","Nord-Trøndelag","Meråker","Meråker","1711","FRP","Fremskrittspartiet",1,15.35088,210,59
"2013","st","Nord-Trøndelag","Meråker","Meråker","1711","DEMN","Demokratene i Norge",2,0,0,0
"2013","st","Nord-Trøndelag","Meråker","Meråker","1711","KRISTNE","De Kristne",2,0.1462,2,2
"2013","st","Nord-Trøndelag","Meråker","Meråker","1711","KSP","Kristent Samlingsparti",2,0,0,0
"2013","st","Nord-Trøndelag","Meråker","Meråker","1711","KYST","Kystpartiet",2,0.1462,2,1
"2013","st","Nord-Trøndelag","Meråker","Meråker","1711","MDG","Miljøpartiet De Grønne",2,1.09649,15,5
"2013","st","Nord-Trøndelag","Meråker","Meråker","1711","PIR","Piratpartiet",2,0.3655,5,1
"2013","st","Nord-Trøndelag","Meråker","Meråker","1711","BLANKE","Blanke",3,0.1462,2,2
"2013","st","Nord-Trøndelag","Meråker","Meråker","1711","Andre","Andre",0,1.75439,24,9
"2013","st","Nord-Trøndelag","Meråker","Meråker","1711","Andre2","Andre2",0,0,0,0
"2013","st","Nord-Trøndelag","Stjørdal","Stjørdal","1714","A","Arbeiderpartiet",1,40.34442,5154,1180
"2013","st","Nord-Trøndelag","Stjørdal","Stjørdal","1714","SV","Sosialistisk Venstreparti",1,3.13112,400,114
"2013","st","Nord-Trøndelag","Stjørdal","Stjørdal","1714","RØDT","Rødt",1,0.64188,82,19
"2013","st","Nord-Trøndelag","Stjørdal","Stjørdal","1714","SP","Senterpartiet",1,11.63209,1486,263
"2013","st","Nord-Trøndelag","Stjørdal","Stjørdal","1714","KRF","Kristelig Folkeparti",1,3.5773,457,113
"2013","st","Nord-Trøndelag","Stjørdal","Stjørdal","1714","V","Venstre",1,4.38356,560,152
"2013","st","Nord-Trøndelag","Stjørdal","Stjørdal","1714","H","Høyre",1,19.5225,2494,653
"2013","st","Nord-Trøndelag","Stjørdal","Stjørdal","1714","FRP","Fremskrittspartiet",1,14.01957,1791,473
"2013","st","Nord-Trøndelag","Stjørdal","Stjørdal","1714","DEMN","Demokratene i Norge",2,0.03131,4,1
"2013","st","Nord-Trøndelag","Stjørdal","Stjørdal","1714","KRISTNE","De Kristne",2,0.45401,58,15
"2013","st","Nord-Trøndelag","Stjørdal","Stjørdal","1714","KSP","Kristent Samlingsparti",2,0.16438,21,6
"2013","st","Nord-Trøndelag","Stjørdal","Stjørdal","1714","KYST","Kystpartiet",2,0.14873,19,7
"2013","st","Nord-Trøndelag","Stjørdal","Stjørdal","1714","MDG","Miljøpartiet De Grønne",2,1.48728,190,64
"2013","st","Nord-Trøndelag","Stjørdal","Stjørdal","1714","PIR","Piratpartiet",2,0.46184,59,9
"2013","st","Nord-Trøndelag","Stjørdal","Stjørdal","1714","BLANKE","Blanke",3,0.57926,74,15
"2013","st","Nord-Trøndelag","Stjørdal","Stjørdal","1714","Andre","Andre",0,2.74755,351,102
"2013","st","Nord-Trøndelag","Stjørdal","Stjørdal","1714","Andre2","Andre2",0,0,0,0
"2013","st","Nord-Trøndelag","Frosta","Frosta","1717","A","Arbeiderpartiet",1,32.49169,489,89
"2013","st","Nord-Trøndelag","Frosta","Frosta","1717","SV","Sosialistisk Venstreparti",1,2.39203,36,12
"2013","st","Nord-Trøndelag","Frosta","Frosta","1717","RØDT","Rødt",1,0.39867,6,1
"2013","st","Nord-Trøndelag","Frosta","Frosta","1717","SP","Senterpartiet",1,22.52492,339,40
"2013","st","Nord-Trøndelag","Frosta","Frosta","1717","KRF","Kristelig Folkeparti",1,6.1794,93,19
"2013","st","Nord-Trøndelag","Frosta","Frosta","1717","V","Venstre",1,5.18272,78,17
"2013","st","Nord-Trøndelag","Frosta","Frosta","1717","H","Høyre",1,17.54153,264,59
"2013","st","Nord-Trøndelag","Frosta","Frosta","1717","FRP","Fremskrittspartiet",1,10.89701,164,30
"2013","st","Nord-Trøndelag","Frosta","Frosta","1717","DEMN","Demokratene i Norge",2,0.13289,2,1
"2013","st","Nord-Trøndelag","Frosta","Frosta","1717","KRISTNE","De Kristne",2,0.53156,8,1
"2013","st","Nord-Trøndelag","Frosta","Frosta","1717","KSP","Kristent Samlingsparti",2,0.13289,2,0
"2013","st","Nord-Trøndelag","Frosta","Frosta","1717","KYST","Kystpartiet",2,0,0,0
"2013","st","Nord-Trøndelag","Frosta","Frosta","1717","MDG","Miljøpartiet De Grønne",2,1.06312,16,8
"2013","st","Nord-Trøndelag","Frosta","Frosta","1717","PIR","Piratpartiet",2,0.53156,8,3
"2013","st","Nord-Trøndelag","Frosta","Frosta","1717","BLANKE","Blanke",3,0.7309,11,2
"2013","st","Nord-Trøndelag","Frosta","Frosta","1717","Andre","Andre",0,2.39203,36,13
"2013","st","Nord-Trøndelag","Frosta","Frosta","1717","Andre2","Andre2",0,0,0,0
"2013","st","Nord-Trøndelag","Leksvik","Leksvik","1718","A","Arbeiderpartiet",1,32.02614,637,188
"2013","st","Nord-Trøndelag","Leksvik","Leksvik","1718","SV","Sosialistisk Venstreparti",1,2.91604,58,21
"2013","st","Nord-Trøndelag","Leksvik","Leksvik","1718","RØDT","Rødt",1,0.35194,7,4
"2013","st","Nord-Trøndelag","Leksvik","Leksvik","1718","SP","Senterpartiet",1,17.59678,350,66
"2013","st","Nord-Trøndelag","Leksvik","Leksvik","1718","KRF","Kristelig Folkeparti",1,5.7818,115,40
"2013","st","Nord-Trøndelag","Leksvik","Leksvik","1718","V","Venstre",1,4.0724,81,19
"2013","st","Nord-Trøndelag","Leksvik","Leksvik","1718","H","Høyre",1,18.60231,370,106
"2013","st","Nord-Trøndelag","Leksvik","Leksvik","1718","FRP","Fremskrittspartiet",1,17.14429,341,75
"2013","st","Nord-Trøndelag","Leksvik","Leksvik","1718","DEMN","Demokratene i Norge",2,0.10055,2,0
"2013","st","Nord-Trøndelag","Leksvik","Leksvik","1718","KRISTNE","De Kristne",2,0.45249,9,5
"2013","st","Nord-Trøndelag","Leksvik","Leksvik","1718","KSP","Kristent Samlingsparti",2,0,0,0
"2013","st","Nord-Trøndelag","Leksvik","Leksvik","1718","KYST","Kystpartiet",2,0.05028,1,0
"2013","st","Nord-Trøndelag","Leksvik","Leksvik","1718","MDG","Miljøpartiet De Grønne",2,0.80442,16,4
"2013","st","Nord-Trøndelag","Leksvik","Leksvik","1718","PIR","Piratpartiet",2,0.10055,2,1
"2013","st","Nord-Trøndelag","Leksvik","Leksvik","1718","BLANKE","Blanke",3,0.25138,5,4
"2013","st","Nord-Trøndelag","Leksvik","Leksvik","1718","Andre","Andre",0,1.5083,30,10
"2013","st","Nord-Trøndelag","Leksvik","Leksvik","1718","Andre2","Andre2",0,0,0,0
"2013","st","Nord-Trøndelag","Levanger","Levanger","1719","A","Arbeiderpartiet",1,42.22403,4659,1412
"2013","st","Nord-Trøndelag","Levanger","Levanger","1719","SV","Sosialistisk Venstreparti",1,4.15987,459,168
"2013","st","Nord-Trøndelag","Levanger","Levanger","1719","RØDT","Rødt",1,0.4894,54,30
"2013","st","Nord-Trøndelag","Levanger","Levanger","1719","SP","Senterpartiet",1,15.29817,1688,319
"2013","st","Nord-Trøndelag","Levanger","Levanger","1719","KRF","Kristelig Folkeparti",1,6.26246,691,238
"2013","st","Nord-Trøndelag","Levanger","Levanger","1719","V","Venstre",1,3.71579,410,139
"2013","st","Nord-Trøndelag","Levanger","Levanger","1719","H","Høyre",1,13.80279,1523,533
"2013","st","Nord-Trøndelag","Levanger","Levanger","1719","FRP","Fremskrittspartiet",1,11.50082,1269,379
"2013","st","Nord-Trøndelag","Levanger","Levanger","1719","DEMN","Demokratene i Norge",2,0.02719,3,3
"2013","st","Nord-Trøndelag","Levanger","Levanger","1719","KRISTNE","De Kristne",2,0.47127,52,27
"2013","st","Nord-Trøndelag","Levanger","Levanger","1719","KSP","Kristent Samlingsparti",2,0.15407,17,9
"2013","st","Nord-Trøndelag","Levanger","Levanger","1719","KYST","Kystpartiet",2,0.0725,8,3
"2013","st","Nord-Trøndelag","Levanger","Levanger","1719","MDG","Miljøpartiet De Grønne",2,1.56788,173,80
"2013","st","Nord-Trøndelag","Levanger","Levanger","1719","PIR","Piratpartiet",2,0.25376,28,12
"2013","st","Nord-Trøndelag","Levanger","Levanger","1719","BLANKE","Blanke",3,0.3897,43,13
"2013","st","Nord-Trøndelag","Levanger","Levanger","1719","Andre","Andre",0,2.54667,281,134
"2013","st","Nord-Trøndelag","Levanger","Levanger","1719","Andre2","Andre2",0,0,0,0
"2013","st","Nord-Trøndelag","Verdal","Verdal","1721","A","Arbeiderpartiet",1,48.08589,3919,1113
"2013","st","Nord-Trøndelag","Verdal","Verdal","1721","SV","Sosialistisk Venstreparti",1,2.76074,225,56
"2013","st","Nord-Trøndelag","Verdal","Verdal","1721","RØDT","Rødt",1,0.62577,51,18
"2013","st","Nord-Trøndelag","Verdal","Verdal","1721","SP","Senterpartiet",1,14.62577,1192,185
"2013","st","Nord-Trøndelag","Verdal","Verdal","1721","KRF","Kristelig Folkeparti",1,2.09816,171,53
"2013","st","Nord-Trøndelag","Verdal","Verdal","1721","V","Venstre",1,2.69939,220,55
"2013","st","Nord-Trøndelag","Verdal","Verdal","1721","H","Høyre",1,12.80982,1044,319
"2013","st","Nord-Trøndelag","Verdal","Verdal","1721","FRP","Fremskrittspartiet",1,14.6135,1191,358
"2013","st","Nord-Trøndelag","Verdal","Verdal","1721","DEMN","Demokratene i Norge",2,0.02454,2,0
"2013","st","Nord-Trøndelag","Verdal","Verdal","1721","KRISTNE","De Kristne",2,0.19632,16,3
"2013","st","Nord-Trøndelag","Verdal","Verdal","1721","KSP","Kristent Samlingsparti",2,0.11043,9,3
"2013","st","Nord-Trøndelag","Verdal","Verdal","1721","KYST","Kystpartiet",2,0.04908,4,0
"2013","st","Nord-Trøndelag","Verdal","Verdal","1721","MDG","Miljøpartiet De Grønne",2,1.04294,85,26
"2013","st","Nord-Trøndelag","Verdal","Verdal","1721","PIR","Piratpartiet",2,0.25767,21,5
"2013","st","Nord-Trøndelag","Verdal","Verdal","1721","BLANKE","Blanke",3,0.56442,46,23
"2013","st","Nord-Trøndelag","Verdal","Verdal","1721","Andre","Andre",0,1.68098,137,37
"2013","st","Nord-Trøndelag","Verdal","Verdal","1721","Andre2","Andre2",0,0,0,0
"2013","st","Nord-Trøndelag","Verran","Verran","1724","A","Arbeiderpartiet",1,41.82727,586,133
"2013","st","Nord-Trøndelag","Verran","Verran","1724","SV","Sosialistisk Venstreparti",1,1.42755,20,8
"2013","st","Nord-Trøndelag","Verran","Verran","1724","RØDT","Rødt",1,0.14276,2,0
"2013","st","Nord-Trøndelag","Verran","Verran","1724","SP","Senterpartiet",1,14.41827,202,29
"2013","st","Nord-Trøndelag","Verran","Verran","1724","KRF","Kristelig Folkeparti",1,3.56888,50,12
"2013","st","Nord-Trøndelag","Verran","Verran","1724","V","Venstre",1,8.63669,121,34
"2013","st","Nord-Trøndelag","Verran","Verran","1724","H","Høyre",1,12.70521,178,62
"2013","st","Nord-Trøndelag","Verran","Verran","1724","FRP","Fremskrittspartiet",1,15.84582,222,67
"2013","st","Nord-Trøndelag","Verran","Verran","1724","DEMN","Demokratene i Norge",2,0.07138,1,0
"2013","st","Nord-Trøndelag","Verran","Verran","1724","KRISTNE","De Kristne",2,0.28551,4,2
"2013","st","Nord-Trøndelag","Verran","Verran","1724","KSP","Kristent Samlingsparti",2,0.14276,2,1
"2013","st","Nord-Trøndelag","Verran","Verran","1724","KYST","Kystpartiet",2,0,0,0
"2013","st","Nord-Trøndelag","Verran","Verran","1724","MDG","Miljøpartiet De Grønne",2,0.85653,12,3
"2013","st","Nord-Trøndelag","Verran","Verran","1724","PIR","Piratpartiet",2,0.07138,1,0
"2013","st","Nord-Trøndelag","Verran","Verran","1724","BLANKE","Blanke",3,0.42827,6,1
"2013","st","Nord-Trøndelag","Verran","Verran","1724","Andre","Andre",0,1.42755,20,6
"2013","st","Nord-Trøndelag","Verran","Verran","1724","Andre2","Andre2",0,0,0,0
"2013","st","Nord-Trøndelag","Namdalseid","Namdalseid","1725","A","Arbeiderpartiet",1,36.48915,370,84
"2013","st","Nord-Trøndelag","Namdalseid","Namdalseid","1725","SV","Sosialistisk Venstreparti",1,2.5641,26,9
"2013","st","Nord-Trøndelag","Namdalseid","Namdalseid","1725","RØDT","Rødt",1,0.69034,7,5
"2013","st","Nord-Trøndelag","Namdalseid","Namdalseid","1725","SP","Senterpartiet",1,27.0217,274,44
"2013","st","Nord-Trøndelag","Namdalseid","Namdalseid","1725","KRF","Kristelig Folkeparti",1,3.94477,40,4
"2013","st","Nord-Trøndelag","Namdalseid","Namdalseid","1725","V","Venstre",1,5.02959,51,14
"2013","st","Nord-Trøndelag","Namdalseid","Namdalseid","1725","H","Høyre",1,9.96055,101,31
"2013","st","Nord-Trøndelag","Namdalseid","Namdalseid","1725","FRP","Fremskrittspartiet",1,12.2288,124,16
"2013","st","Nord-Trøndelag","Namdalseid","Namdalseid","1725","DEMN","Demokratene i Norge",2,0,0,0
"2013","st","Nord-Trøndelag","Namdalseid","Namdalseid","1725","KRISTNE","De Kristne",2,0.69034,7,0
"2013","st","Nord-Trøndelag","Namdalseid","Namdalseid","1725","KSP","Kristent Samlingsparti",2,0.29586,3,1
"2013","st","Nord-Trøndelag","Namdalseid","Namdalseid","1725","KYST","Kystpartiet",2,0.09862,1,0
"2013","st","Nord-Trøndelag","Namdalseid","Namdalseid","1725","MDG","Miljøpartiet De Grønne",2,0.78895,8,2
"2013","st","Nord-Trøndelag","Namdalseid","Namdalseid","1725","PIR","Piratpartiet",2,0.19724,2,1
"2013","st","Nord-Trøndelag","Namdalseid","Namdalseid","1725","BLANKE","Blanke",3,0.39448,4,0
"2013","st","Nord-Trøndelag","Namdalseid","Namdalseid","1725","Andre","Andre",0,2.07101,21,4
"2013","st","Nord-Trøndelag","Namdalseid","Namdalseid","1725","Andre2","Andre2",0,0,0,0
"2013","st","Nord-Trøndelag","Snåsa","Snåsa","1736","A","Arbeiderpartiet",1,37.82772,505,150
"2013","st","Nord-Trøndelag","Snåsa","Snåsa","1736","SV","Sosialistisk Venstreparti",1,4.86891,65,26
"2013","st","Nord-Trøndelag","Snåsa","Snåsa","1736","RØDT","Rødt",1,0.74906,10,4
"2013","st","Nord-Trøndelag","Snåsa","Snåsa","1736","SP","Senterpartiet",1,35.58052,475,96
"2013","st","Nord-Trøndelag","Snåsa","Snåsa","1736","KRF","Kristelig Folkeparti",1,1.27341,17,4
"2013","st","Nord-Trøndelag","Snåsa","Snåsa","1736","V","Venstre",1,3.29588,44,16
"2013","st","Nord-Trøndelag","Snåsa","Snåsa","1736","H","Høyre",1,8.46442,113,31
"2013","st","Nord-Trøndelag","Snåsa","Snåsa","1736","FRP","Fremskrittspartiet",1,5.9176,79,34
"2013","st","Nord-Trøndelag","Snåsa","Snåsa","1736","DEMN","Demokratene i Norge",2,0.07491,1,0
"2013","st","Nord-Trøndelag","Snåsa","Snåsa","1736","KRISTNE","De Kristne",2,0,0,0
"2013","st","Nord-Trøndelag","Snåsa","Snåsa","1736","KSP","Kristent Samlingsparti",2,0,0,0
"2013","st","Nord-Trøndelag","Snåsa","Snåsa","1736","KYST","Kystpartiet",2,0,0,0
"2013","st","Nord-Trøndelag","Snåsa","Snåsa","1736","MDG","Miljøpartiet De Grønne",2,1.72285,23,10
"2013","st","Nord-Trøndelag","Snåsa","Snåsa","1736","PIR","Piratpartiet",2,0.22472,3,1
"2013","st","Nord-Trøndelag","Snåsa","Snåsa","1736","BLANKE","Blanke",3,0.29963,4,0
"2013","st","Nord-Trøndelag","Snåsa","Snåsa","1736","Andre","Andre",0,2.02247,27,11
"2013","st","Nord-Trøndelag","Snåsa","Snåsa","1736","Andre2","Andre2",0,0,0,0
"2013","st","Nord-Trøndelag","Lierne","Lierne","1738","A","Arbeiderpartiet",1,41.05691,303,72
"2013","st","Nord-Trøndelag","Lierne","Lierne","1738","SV","Sosialistisk Venstreparti",1,0.81301,6,1
"2013","st","Nord-Trøndelag","Lierne","Lierne","1738","RØDT","Rødt",1,0.67751,5,2
"2013","st","Nord-Trøndelag","Lierne","Lierne","1738","SP","Senterpartiet",1,28.72629,212,41
"2013","st","Nord-Trøndelag","Lierne","Lierne","1738","KRF","Kristelig Folkeparti",1,3.52304,26,6
"2013","st","Nord-Trøndelag","Lierne","Lierne","1738","V","Venstre",1,3.52304,26,6
"2013","st","Nord-Trøndelag","Lierne","Lierne","1738","H","Høyre",1,9.21409,68,19
"2013","st","Nord-Trøndelag","Lierne","Lierne","1738","FRP","Fremskrittspartiet",1,11.51762,85,14
"2013","st","Nord-Trøndelag","Lierne","Lierne","1738","DEMN","Demokratene i Norge",2,0.1355,1,1
"2013","st","Nord-Trøndelag","Lierne","Lierne","1738","KRISTNE","De Kristne",2,0.1355,1,0
"2013","st","Nord-Trøndelag","Lierne","Lierne","1738","KSP","Kristent Samlingsparti",2,0,0,0
"2013","st","Nord-Trøndelag","Lierne","Lierne","1738","KYST","Kystpartiet",2,0.1355,1,0
"2013","st","Nord-Trøndelag","Lierne","Lierne","1738","MDG","Miljøpartiet De Grønne",2,0.54201,4,3
"2013","st","Nord-Trøndelag","Lierne","Lierne","1738","PIR","Piratpartiet",2,0,0,0
"2013","st","Nord-Trøndelag","Lierne","Lierne","1738","BLANKE","Blanke",3,0.1355,1,0
"2013","st","Nord-Trøndelag","Lierne","Lierne","1738","Andre","Andre",0,0.94851,7,4
"2013","st","Nord-Trøndelag","Lierne","Lierne","1738","Andre2","Andre2",0,0,0,0
"2013","st","Nord-Trøndelag","Røyrvik","Røyrvik","1739","A","Arbeiderpartiet",1,45.5414,143,55
"2013","st","Nord-Trøndelag","Røyrvik","Røyrvik","1739","SV","Sosialistisk Venstreparti",1,2.2293,7,5
"2013","st","Nord-Trøndelag","Røyrvik","Røyrvik","1739","RØDT","Rødt",1,0,0,0
"2013","st","Nord-Trøndelag","Røyrvik","Røyrvik","1739","SP","Senterpartiet",1,22.92994,72,19
"2013","st","Nord-Trøndelag","Røyrvik","Røyrvik","1739","KRF","Kristelig Folkeparti",1,4.77707,15,6
"2013","st","Nord-Trøndelag","Røyrvik","Røyrvik","1739","V","Venstre",1,4.77707,15,7
"2013","st","Nord-Trøndelag","Røyrvik","Røyrvik","1739","H","Høyre",1,8.9172,28,12
"2013","st","Nord-Trøndelag","Røyrvik","Røyrvik","1739","FRP","Fremskrittspartiet",1,8.28025,26,7
"2013","st","Nord-Trøndelag","Røyrvik","Røyrvik","1739","DEMN","Demokratene i Norge",2,0,0,0
"2013","st","Nord-Trøndelag","Røyrvik","Røyrvik","1739","KRISTNE","De Kristne",2,1.59236,5,1
"2013","st","Nord-Trøndelag","Røyrvik","Røyrvik","1739","KSP","Kristent Samlingsparti",2,0,0,0
"2013","st","Nord-Trøndelag","Røyrvik","Røyrvik","1739","KYST","Kystpartiet",2,0,0,0
"2013","st","Nord-Trøndelag","Røyrvik","Røyrvik","1739","MDG","Miljøpartiet De Grønne",2,0.95541,3,1
"2013","st","Nord-Trøndelag","Røyrvik","Røyrvik","1739","PIR","Piratpartiet",2,0,0,0
"2013","st","Nord-Trøndelag","Røyrvik","Røyrvik","1739","BLANKE","Blanke",3,0.63694,2,0
"2013","st","Nord-Trøndelag","Røyrvik","Røyrvik","1739","Andre","Andre",0,2.54777,8,2
"2013","st","Nord-Trøndelag","Røyrvik","Røyrvik","1739","Andre2","Andre2",0,0,0,0
"2013","st","Nord-Trøndelag","Namsskogan","Namsskogan","1740","A","Arbeiderpartiet",1,46.39556,251,88
"2013","st","Nord-Trøndelag","Namsskogan","Namsskogan","1740","SV","Sosialistisk Venstreparti",1,5.36044,29,8
"2013","st","Nord-Trøndelag","Namsskogan","Namsskogan","1740","RØDT","Rødt",1,0.92421,5,1
"2013","st","Nord-Trøndelag","Namsskogan","Namsskogan","1740","SP","Senterpartiet",1,16.45102,89,19
"2013","st","Nord-Trøndelag","Namsskogan","Namsskogan","1740","KRF","Kristelig Folkeparti",1,3.14233,17,7
"2013","st","Nord-Trøndelag","Namsskogan","Namsskogan","1740","V","Venstre",1,2.5878,14,9
"2013","st","Nord-Trøndelag","Namsskogan","Namsskogan","1740","H","Høyre",1,10.3512,56,29
"2013","st","Nord-Trøndelag","Namsskogan","Namsskogan","1740","FRP","Fremskrittspartiet",1,12.75416,69,33
"2013","st","Nord-Trøndelag","Namsskogan","Namsskogan","1740","DEMN","Demokratene i Norge",2,0.18484,1,1
"2013","st","Nord-Trøndelag","Namsskogan","Namsskogan","1740","KRISTNE","De Kristne",2,0,0,0
"2013","st","Nord-Trøndelag","Namsskogan","Namsskogan","1740","KSP","Kristent Samlingsparti",2,0.36969,2,1
"2013","st","Nord-Trøndelag","Namsskogan","Namsskogan","1740","KYST","Kystpartiet",2,0.18484,1,0
"2013","st","Nord-Trøndelag","Namsskogan","Namsskogan","1740","MDG","Miljøpartiet De Grønne",2,1.10906,6,1
"2013","st","Nord-Trøndelag","Namsskogan","Namsskogan","1740","PIR","Piratpartiet",2,0.18484,1,1
"2013","st","Nord-Trøndelag","Namsskogan","Namsskogan","1740","BLANKE","Blanke",3,0.92421,5,4
"2013","st","Nord-Trøndelag","Namsskogan","Namsskogan","1740","Andre","Andre",0,2.03327,11,4
"2013","st","Nord-Trøndelag","Namsskogan","Namsskogan","1740","Andre2","Andre2",0,0,0,0
"2013","st","Nord-Trøndelag","Grong","Grong","1742","A","Arbeiderpartiet",1,40.86897,602,164
"2013","st","Nord-Trøndelag","Grong","Grong","1742","SV","Sosialistisk Venstreparti",1,4.88798,72,28
"2013","st","Nord-Trøndelag","Grong","Grong","1742","RØDT","Rødt",1,0.95044,14,3
"2013","st","Nord-Trøndelag","Grong","Grong","1742","SP","Senterpartiet",1,26.40869,389,83
"2013","st","Nord-Trøndelag","Grong","Grong","1742","KRF","Kristelig Folkeparti",1,1.222,18,4
"2013","st","Nord-Trøndelag","Grong","Grong","1742","V","Venstre",1,3.12288,46,10
"2013","st","Nord-Trøndelag","Grong","Grong","1742","H","Høyre",1,10.7943,159,44
"2013","st","Nord-Trøndelag","Grong","Grong","1742","FRP","Fremskrittspartiet",1,9.16497,135,22
"2013","st","Nord-Trøndelag","Grong","Grong","1742","DEMN","Demokratene i Norge",2,0,0,0
"2013","st","Nord-Trøndelag","Grong","Grong","1742","KRISTNE","De Kristne",2,0.33944,5,1
"2013","st","Nord-Trøndelag","Grong","Grong","1742","KSP","Kristent Samlingsparti",2,0.06789,1,0
"2013","st","Nord-Trøndelag","Grong","Grong","1742","KYST","Kystpartiet",2,0.06789,1,0
"2013","st","Nord-Trøndelag","Grong","Grong","1742","MDG","Miljøpartiet De Grønne",2,1.96877,29,13
"2013","st","Nord-Trøndelag","Grong","Grong","1742","PIR","Piratpartiet",2,0.13578,2,2
"2013","st","Nord-Trøndelag","Grong","Grong","1742","BLANKE","Blanke",3,0.40733,6,1
"2013","st","Nord-Trøndelag","Grong","Grong","1742","Andre","Andre",0,2.57977,38,16
"2013","st","Nord-Trøndelag","Grong","Grong","1742","Andre2","Andre2",0,0,0,0
"2013","st","Nord-Trøndelag","Høylandet","Høylandet","1743","A","Arbeiderpartiet",1,44.24084,338,92
"2013","st","Nord-Trøndelag","Høylandet","Høylandet","1743","SV","Sosialistisk Venstreparti",1,1.57068,12,4
"2013","st","Nord-Trøndelag","Høylandet","Høylandet","1743","RØDT","Rødt",1,0.13089,1,0
"2013","st","Nord-Trøndelag","Høylandet","Høylandet","1743","SP","Senterpartiet",1,35.20942,269,52
"2013","st","Nord-Trøndelag","Høylandet","Høylandet","1743","KRF","Kristelig Folkeparti",1,1.96335,15,7
"2013","st","Nord-Trøndelag","Høylandet","Høylandet","1743","V","Venstre",1,3.66492,28,8
"2013","st","Nord-Trøndelag","Høylandet","Høylandet","1743","H","Høyre",1,5.75916,44,13
"2013","st","Nord-Trøndelag","Høylandet","Høylandet","1743","FRP","Fremskrittspartiet",1,6.28272,48,13
"2013","st","Nord-Trøndelag","Høylandet","Høylandet","1743","DEMN","Demokratene i Norge",2,0,0,0
"2013","st","Nord-Trøndelag","Høylandet","Høylandet","1743","KRISTNE","De Kristne",2,0.13089,1,0
"2013","st","Nord-Trøndelag","Høylandet","Høylandet","1743","KSP","Kristent Samlingsparti",2,0.13089,1,0
"2013","st","Nord-Trøndelag","Høylandet","Høylandet","1743","KYST","Kystpartiet",2,0,0,0
"2013","st","Nord-Trøndelag","Høylandet","Høylandet","1743","MDG","Miljøpartiet De Grønne",2,0.91623,7,3
"2013","st","Nord-Trøndelag","Høylandet","Høylandet","1743","PIR","Piratpartiet",2,0,0,0
"2013","st","Nord-Trøndelag","Høylandet","Høylandet","1743","BLANKE","Blanke",3,0.39267,3,0
"2013","st","Nord-Trøndelag","Høylandet","Høylandet","1743","Andre","Andre",0,1.17801,9,3
"2013","st","Nord-Trøndelag","Høylandet","Høylandet","1743","Andre2","Andre2",0,0,0,0
"2013","st","Nord-Trøndelag","Overhalla","Overhalla","1744","A","Arbeiderpartiet",1,41.90302,916,203
"2013","st","Nord-Trøndelag","Overhalla","Overhalla","1744","SV","Sosialistisk Venstreparti",1,3.24794,71,13
"2013","st","Nord-Trøndelag","Overhalla","Overhalla","1744","RØDT","Rødt",1,0.27447,6,0
"2013","st","Nord-Trøndelag","Overhalla","Overhalla","1744","SP","Senterpartiet",1,24.38243,533,96
"2013","st","Nord-Trøndelag","Overhalla","Overhalla","1744","KRF","Kristelig Folkeparti",1,1.05215,23,8
"2013","st","Nord-Trøndelag","Overhalla","Overhalla","1744","V","Venstre",1,4.30009,94,22
"2013","st","Nord-Trøndelag","Overhalla","Overhalla","1744","H","Høyre",1,10.24703,224,49
"2013","st","Nord-Trøndelag","Overhalla","Overhalla","1744","FRP","Fremskrittspartiet",1,12.85453,281,76
"2013","st","Nord-Trøndelag","Overhalla","Overhalla","1744","DEMN","Demokratene i Norge",2,0,0,0
"2013","st","Nord-Trøndelag","Overhalla","Overhalla","1744","KRISTNE","De Kristne",2,0.18298,4,1
"2013","st","Nord-Trøndelag","Overhalla","Overhalla","1744","KSP","Kristent Samlingsparti",2,0.13724,3,0
"2013","st","Nord-Trøndelag","Overhalla","Overhalla","1744","KYST","Kystpartiet",2,0.18298,4,1
"2013","st","Nord-Trøndelag","Overhalla","Overhalla","1744","MDG","Miljøpartiet De Grønne",2,0.91491,20,8
"2013","st","Nord-Trøndelag","Overhalla","Overhalla","1744","PIR","Piratpartiet",2,0.32022,7,4
"2013","st","Nord-Trøndelag","Overhalla","Overhalla","1744","BLANKE","Blanke",3,0.45746,10,4
"2013","st","Nord-Trøndelag","Overhalla","Overhalla","1744","Andre","Andre",0,1.73833,38,14
"2013","st","Nord-Trøndelag","Overhalla","Overhalla","1744","Andre2","Andre2",0,0,0,0
"2013","st","Nord-Trøndelag","Fosnes","Fosnes","1748","A","Arbeiderpartiet",1,33.41837,131,34
"2013","st","Nord-Trøndelag","Fosnes","Fosnes","1748","SV","Sosialistisk Venstreparti",1,2.80612,11,6
"2013","st","Nord-Trøndelag","Fosnes","Fosnes","1748","RØDT","Rødt",1,0.76531,3,1
"2013","st","Nord-Trøndelag","Fosnes","Fosnes","1748","SP","Senterpartiet",1,34.94898,137,37
"2013","st","Nord-Trøndelag","Fosnes","Fosnes","1748","KRF","Kristelig Folkeparti",1,5.86735,23,7
"2013","st","Nord-Trøndelag","Fosnes","Fosnes","1748","V","Venstre",1,1.27551,5,3
"2013","st","Nord-Trøndelag","Fosnes","Fosnes","1748","H","Høyre",1,8.16327,32,8
"2013","st","Nord-Trøndelag","Fosnes","Fosnes","1748","FRP","Fremskrittspartiet",1,10.20408,40,8
"2013","st","Nord-Trøndelag","Fosnes","Fosnes","1748","DEMN","Demokratene i Norge",2,0,0,0
"2013","st","Nord-Trøndelag","Fosnes","Fosnes","1748","KRISTNE","De Kristne",2,0.2551,1,0
"2013","st","Nord-Trøndelag","Fosnes","Fosnes","1748","KSP","Kristent Samlingsparti",2,0.2551,1,0
"2013","st","Nord-Trøndelag","Fosnes","Fosnes","1748","KYST","Kystpartiet",2,0,0,0
"2013","st","Nord-Trøndelag","Fosnes","Fosnes","1748","MDG","Miljøpartiet De Grønne",2,1.78571,7,2
"2013","st","Nord-Trøndelag","Fosnes","Fosnes","1748","PIR","Piratpartiet",2,0.2551,1,1
"2013","st","Nord-Trøndelag","Fosnes","Fosnes","1748","BLANKE","Blanke",3,0.2551,1,0
"2013","st","Nord-Trøndelag","Fosnes","Fosnes","1748","Andre","Andre",0,2.55102,10,3
"2013","st","Nord-Trøndelag","Fosnes","Fosnes","1748","Andre2","Andre2",0,0,0,0
"2013","st","Nord-Trøndelag","Flatanger","Flatanger","1749","A","Arbeiderpartiet",1,33.98792,225,63
"2013","st","Nord-Trøndelag","Flatanger","Flatanger","1749","SV","Sosialistisk Venstreparti",1,4.22961,28,10
"2013","st","Nord-Trøndelag","Flatanger","Flatanger","1749","RØDT","Rødt",1,0.75529,5,1
"2013","st","Nord-Trøndelag","Flatanger","Flatanger","1749","SP","Senterpartiet",1,15.2568,101,26
"2013","st","Nord-Trøndelag","Flatanger","Flatanger","1749","KRF","Kristelig Folkeparti",1,4.53172,30,10
"2013","st","Nord-Trøndelag","Flatanger","Flatanger","1749","V","Venstre",1,6.49547,43,10
"2013","st","Nord-Trøndelag","Flatanger","Flatanger","1749","H","Høyre",1,15.55891,103,40
"2013","st","Nord-Trøndelag","Flatanger","Flatanger","1749","FRP","Fremskrittspartiet",1,17.06949,113,36
"2013","st","Nord-Trøndelag","Flatanger","Flatanger","1749","DEMN","Demokratene i Norge",2,0,0,0
"2013","st","Nord-Trøndelag","Flatanger","Flatanger","1749","KRISTNE","De Kristne",2,1.0574,7,1
"2013","st","Nord-Trøndelag","Flatanger","Flatanger","1749","KSP","Kristent Samlingsparti",2,0.15106,1,0
"2013","st","Nord-Trøndelag","Flatanger","Flatanger","1749","KYST","Kystpartiet",2,0,0,0
"2013","st","Nord-Trøndelag","Flatanger","Flatanger","1749","MDG","Miljøpartiet De Grønne",2,0.75529,5,4
"2013","st","Nord-Trøndelag","Flatanger","Flatanger","1749","PIR","Piratpartiet",2,0.15106,1,1
"2013","st","Nord-Trøndelag","Flatanger","Flatanger","1749","BLANKE","Blanke",3,0.45317,3,2
"2013","st","Nord-Trøndelag","Flatanger","Flatanger","1749","Andre","Andre",0,2.1148,14,6
"2013","st","Nord-Trøndelag","Flatanger","Flatanger","1749","Andre2","Andre2",0,0,0,0
"2013","st","Nord-Trøndelag","Vikna","Vikna","1750","A","Arbeiderpartiet",1,36.30742,822,200
"2013","st","Nord-Trøndelag","Vikna","Vikna","1750","SV","Sosialistisk Venstreparti",1,2.60601,59,13
"2013","st","Nord-Trøndelag","Vikna","Vikna","1750","RØDT","Rødt",1,0.26502,6,3
"2013","st","Nord-Trøndelag","Vikna","Vikna","1750","SP","Senterpartiet",1,11.21908,254,42
"2013","st","Nord-Trøndelag","Vikna","Vikna","1750","KRF","Kristelig Folkeparti",1,4.63781,105,38
"2013","st","Nord-Trøndelag","Vikna","Vikna","1750","V","Venstre",1,5.87456,133,26
"2013","st","Nord-Trøndelag","Vikna","Vikna","1750","H","Høyre",1,17.75618,402,123
"2013","st","Nord-Trøndelag","Vikna","Vikna","1750","FRP","Fremskrittspartiet",1,17.62367,399,128
"2013","st","Nord-Trøndelag","Vikna","Vikna","1750","DEMN","Demokratene i Norge",2,0.04417,1,0
"2013","st","Nord-Trøndelag","Vikna","Vikna","1750","KRISTNE","De Kristne",2,1.72261,39,14
"2013","st","Nord-Trøndelag","Vikna","Vikna","1750","KSP","Kristent Samlingsparti",2,0.22085,5,0
"2013","st","Nord-Trøndelag","Vikna","Vikna","1750","KYST","Kystpartiet",2,0.30919,7,4
"2013","st","Nord-Trøndelag","Vikna","Vikna","1750","MDG","Miljøpartiet De Grønne",2,1.06007,24,7
"2013","st","Nord-Trøndelag","Vikna","Vikna","1750","PIR","Piratpartiet",2,0.35336,8,2
"2013","st","Nord-Trøndelag","Vikna","Vikna","1750","BLANKE","Blanke",3,0.35336,8,2
"2013","st","Nord-Trøndelag","Vikna","Vikna","1750","Andre","Andre",0,3.71025,84,27
"2013","st","Nord-Trøndelag","Vikna","Vikna","1750","Andre2","Andre2",0,0,0,0
"2013","st","Nord-Trøndelag","Nærøy","Nærøy","1751","A","Arbeiderpartiet",1,34.79073,931,220
"2013","st","Nord-Trøndelag","Nærøy","Nærøy","1751","SV","Sosialistisk Venstreparti",1,3.36323,90,25
"2013","st","Nord-Trøndelag","Nærøy","Nærøy","1751","RØDT","Rødt",1,0.4858,13,5
"2013","st","Nord-Trøndelag","Nærøy","Nærøy","1751","SP","Senterpartiet",1,19.73094,528,115
"2013","st","Nord-Trøndelag","Nærøy","Nærøy","1751","KRF","Kristelig Folkeparti",1,5.04484,135,36
"2013","st","Nord-Trøndelag","Nærøy","Nærøy","1751","V","Venstre",1,3.69955,99,20
"2013","st","Nord-Trøndelag","Nærøy","Nærøy","1751","H","Høyre",1,14.31241,383,103
"2013","st","Nord-Trøndelag","Nærøy","Nærøy","1751","FRP","Fremskrittspartiet",1,16.59193,444,121
"2013","st","Nord-Trøndelag","Nærøy","Nærøy","1751","DEMN","Demokratene i Norge",2,0,0,0
"2013","st","Nord-Trøndelag","Nærøy","Nærøy","1751","KRISTNE","De Kristne",2,0.63528,17,6
"2013","st","Nord-Trøndelag","Nærøy","Nærøy","1751","KSP","Kristent Samlingsparti",2,0.03737,1,0
"2013","st","Nord-Trøndelag","Nærøy","Nærøy","1751","KYST","Kystpartiet",2,0.26158,7,3
"2013","st","Nord-Trøndelag","Nærøy","Nærøy","1751","MDG","Miljøpartiet De Grønne",2,0.78475,21,5
"2013","st","Nord-Trøndelag","Nærøy","Nærøy","1751","PIR","Piratpartiet",2,0.26158,7,4
"2013","st","Nord-Trøndelag","Nærøy","Nærøy","1751","BLANKE","Blanke",3,0.56054,15,5
"2013","st","Nord-Trøndelag","Nærøy","Nærøy","1751","Andre","Andre",0,1.98057,53,18
"2013","st","Nord-Trøndelag","Nærøy","Nærøy","1751","Andre2","Andre2",0,0,0,0
"2013","st","Nord-Trøndelag","Leka","Leka","1755","A","Arbeiderpartiet",1,30.48433,107,33
"2013","st","Nord-Trøndelag","Leka","Leka","1755","SV","Sosialistisk Venstreparti",1,3.9886,14,4
"2013","st","Nord-Trøndelag","Leka","Leka","1755","RØDT","Rødt",1,0.2849,1,1
"2013","st","Nord-Trøndelag","Leka","Leka","1755","SP","Senterpartiet",1,41.31054,145,56
"2013","st","Nord-Trøndelag","Leka","Leka","1755","KRF","Kristelig Folkeparti",1,0.2849,1,0
"2013","st","Nord-Trøndelag","Leka","Leka","1755","V","Venstre",1,3.1339,11,3
"2013","st","Nord-Trøndelag","Leka","Leka","1755","H","Høyre",1,7.40741,26,9
"2013","st","Nord-Trøndelag","Leka","Leka","1755","FRP","Fremskrittspartiet",1,11.11111,39,12
"2013","st","Nord-Trøndelag","Leka","Leka","1755","DEMN","Demokratene i Norge",2,0.2849,1,0
"2013","st","Nord-Trøndelag","Leka","Leka","1755","KRISTNE","De Kristne",2,0,0,0
"2013","st","Nord-Trøndelag","Leka","Leka","1755","KSP","Kristent Samlingsparti",2,0.2849,1,0
"2013","st","Nord-Trøndelag","Leka","Leka","1755","KYST","Kystpartiet",2,0.8547,3,0
"2013","st","Nord-Trøndelag","Leka","Leka","1755","MDG","Miljøpartiet De Grønne",2,0.2849,1,1
"2013","st","Nord-Trøndelag","Leka","Leka","1755","PIR","Piratpartiet",2,0.2849,1,1
"2013","st","Nord-Trøndelag","Leka","Leka","1755","BLANKE","Blanke",3,0.2849,1,0
"2013","st","Nord-Trøndelag","Leka","Leka","1755","Andre","Andre",0,1.9943,7,2
"2013","st","Nord-Trøndelag","Leka","Leka","1755","Andre2","Andre2",0,0,0,0
"2013","st","Nord-Trøndelag","Inderøy","Inderøy","1756","A","Arbeiderpartiet",1,41.79544,1704,369
"2013","st","Nord-Trøndelag","Inderøy","Inderøy","1756","SV","Sosialistisk Venstreparti",1,3.65465,149,40
"2013","st","Nord-Trøndelag","Inderøy","Inderøy","1756","RØDT","Rødt",1,0.49056,20,7
"2013","st","Nord-Trøndelag","Inderøy","Inderøy","1756","SP","Senterpartiet",1,23.89012,974,157
"2013","st","Nord-Trøndelag","Inderøy","Inderøy","1756","KRF","Kristelig Folkeparti",1,4.07162,166,45
"2013","st","Nord-Trøndelag","Inderøy","Inderøy","1756","V","Venstre",1,3.11504,127,33
"2013","st","Nord-Trøndelag","Inderøy","Inderøy","1756","H","Høyre",1,11.25828,459,128
"2013","st","Nord-Trøndelag","Inderøy","Inderøy","1756","FRP","Fremskrittspartiet",1,8.78097,358,86
"2013","st","Nord-Trøndelag","Inderøy","Inderøy","1756","DEMN","Demokratene i Norge",2,0.12264,5,0
"2013","st","Nord-Trøndelag","Inderøy","Inderøy","1756","KRISTNE","De Kristne",2,0.14717,6,2
"2013","st","Nord-Trøndelag","Inderøy","Inderøy","1756","KSP","Kristent Samlingsparti",2,0.22075,9,7
"2013","st","Nord-Trøndelag","Inderøy","Inderøy","1756","KYST","Kystpartiet",2,0.07358,3,2
"2013","st","Nord-Trøndelag","Inderøy","Inderøy","1756","MDG","Miljøpartiet De Grønne",2,2.15845,88,36
"2013","st","Nord-Trøndelag","Inderøy","Inderøy","1756","PIR","Piratpartiet",2,0.22075,9,1
"2013","st","Nord-Trøndelag","Inderøy","Inderøy","1756","BLANKE","Blanke",3,0.31886,13,2
"2013","st","Nord-Trøndelag","Inderøy","Inderøy","1756","Andre","Andre",0,2.94334,120,48
"2013","st","Nord-Trøndelag","Inderøy","Inderøy","1756","Andre2","Andre2",0,0,0,0
"2013","st","Nordland","Bodø","Bodø","1804","A","Arbeiderpartiet",1,29.88373,8507,4497
"2013","st","Nordland","Bodø","Bodø","1804","SV","Sosialistisk Venstreparti",1,5.73295,1632,784
"2013","st","Nordland","Bodø","Bodø","1804","RØDT","Rødt",1,1.98827,566,308
"2013","st","Nordland","Bodø","Bodø","1804","SP","Senterpartiet",1,3.16507,901,398
"2013","st","Nordland","Bodø","Bodø","1804","KRF","Kristelig Folkeparti",1,3.53743,1007,483
"2013","st","Nordland","Bodø","Bodø","1804","V","Venstre",1,4.09597,1166,575
"2013","st","Nordland","Bodø","Bodø","1804","H","Høyre",1,26.9224,7664,4616
"2013","st","Nordland","Bodø","Bodø","1804","FRP","Fremskrittspartiet",1,20.17424,5743,3424
"2013","st","Nordland","Bodø","Bodø","1804","DEMN","Demokratene i Norge",2,0.08431,24,13
"2013","st","Nordland","Bodø","Bodø","1804","KRISTNE","De Kristne",2,0.3829,109,62
"2013","st","Nordland","Bodø","Bodø","1804","KYST","Kystpartiet",2,0.19672,56,26
"2013","st","Nordland","Bodø","Bodø","1804","MDG","Miljøpartiet De Grønne",2,2.72948,777,430
"2013","st","Nordland","Bodø","Bodø","1804","NKP","Norges Kommunistiske Parti",2,0.07377,21,5
"2013","st","Nordland","Bodø","Bodø","1804","PIR","Piratpartiet",2,0.47423,135,84
"2013","st","Nordland","Bodø","Bodø","1804","PP","Pensjonistpartiet",2,0.25995,74,48
"2013","st","Nordland","Bodø","Bodø","1804","SFP","Samfunnspartiet",2,0.0281,8,3
"2013","st","Nordland","Bodø","Bodø","1804","AKSJOLJE","Folkeliste mot oljeboring i Lofoten, Vesterålen og Senja",3,0.27049,77,45
"2013","st","Nordland","Bodø","Bodø","1804","BLANKE","Blanke",3,0.50936,145,89
"2013","st","Nordland","Bodø","Bodø","1804","Andre","Andre",0,4.49995,1281,716
"2013","st","Nordland","Bodø","Bodø","1804","Andre2","Andre2",0,0,0,0
"2013","st","Nordland","Narvik","Narvik","1805","A","Arbeiderpartiet",1,36.4451,3701,931
"2013","st","Nordland","Narvik","Narvik","1805","SV","Sosialistisk Venstreparti",1,4.26391,433,107
"2013","st","Nordland","Narvik","Narvik","1805","RØDT","Rødt",1,1.79222,182,60
"2013","st","Nordland","Narvik","Narvik","1805","SP","Senterpartiet",1,2.6194,266,57
"2013","st","Nordland","Narvik","Narvik","1805","KRF","Kristelig Folkeparti",1,3.49581,355,81
"2013","st","Nordland","Narvik","Narvik","1805","V","Venstre",1,3.12161,317,94
"2013","st","Nordland","Narvik","Narvik","1805","H","Høyre",1,25.17971,2557,593
"2013","st","Nordland","Narvik","Narvik","1805","FRP","Fremskrittspartiet",1,20.04924,2036,505
"2013","st","Nordland","Narvik","Narvik","1805","DEMN","Demokratene i Norge",2,0.02954,3,0
"2013","st","Nordland","Narvik","Narvik","1805","KRISTNE","De Kristne",2,0.29542,30,10
"2013","st","Nordland","Narvik","Narvik","1805","KYST","Kystpartiet",2,0.12802,13,5
"2013","st","Nordland","Narvik","Narvik","1805","MDG","Miljøpartiet De Grønne",2,1.65436,168,48
"2013","st","Nordland","Narvik","Narvik","1805","NKP","Norges Kommunistiske Parti",2,0.06893,7,1
"2013","st","Nordland","Narvik","Narvik","1805","PIR","Piratpartiet",2,0.36435,37,7
"2013","st","Nordland","Narvik","Narvik","1805","PP","Pensjonistpartiet",2,0.28557,29,6
"2013","st","Nordland","Narvik","Narvik","1805","SFP","Samfunnspartiet",2,0.00985,1,0
"2013","st","Nordland","Narvik","Narvik","1805","AKSJOLJE","Folkeliste mot oljeboring i Lofoten, Vesterålen og Senja",3,0.19695,20,7
"2013","st","Nordland","Narvik","Narvik","1805","BLANKE","Blanke",3,0.41359,42,10
"2013","st","Nordland","Narvik","Narvik","1805","Andre","Andre",0,3.03299,308,84
"2013","st","Nordland","Narvik","Narvik","1805","Andre2","Andre2",0,0,0,0
"2013","st","Nordland","Bindal","Bindal","1811","A","Arbeiderpartiet",1,47.20244,464,122
"2013","st","Nordland","Bindal","Bindal","1811","SV","Sosialistisk Venstreparti",1,4.98474,49,12
"2013","st","Nordland","Bindal","Bindal","1811","RØDT","Rødt",1,0.61038,6,2
"2013","st","Nordland","Bindal","Bindal","1811","SP","Senterpartiet",1,14.95422,147,35
"2013","st","Nordland","Bindal","Bindal","1811","KRF","Kristelig Folkeparti",1,3.56053,35,4
"2013","st","Nordland","Bindal","Bindal","1811","V","Venstre",1,2.64496,26,9
"2013","st","Nordland","Bindal","Bindal","1811","H","Høyre",1,10.07121,99,41
"2013","st","Nordland","Bindal","Bindal","1811","FRP","Fremskrittspartiet",1,12.41099,122,41
"2013","st","Nordland","Bindal","Bindal","1811","DEMN","Demokratene i Norge",2,0,0,0
"2013","st","Nordland","Bindal","Bindal","1811","KRISTNE","De Kristne",2,0.91556,9,4
"2013","st","Nordland","Bindal","Bindal","1811","KYST","Kystpartiet",2,0.30519,3,0
"2013","st","Nordland","Bindal","Bindal","1811","MDG","Miljøpartiet De Grønne",2,1.7294,17,8
"2013","st","Nordland","Bindal","Bindal","1811","NKP","Norges Kommunistiske Parti",2,0,0,0
"2013","st","Nordland","Bindal","Bindal","1811","PIR","Piratpartiet",2,0.10173,1,0
"2013","st","Nordland","Bindal","Bindal","1811","PP","Pensjonistpartiet",2,0.50865,5,2
"2013","st","Nordland","Bindal","Bindal","1811","SFP","Samfunnspartiet",2,0,0,0
"2013","st","Nordland","Bindal","Bindal","1811","AKSJOLJE","Folkeliste mot oljeboring i Lofoten, Vesterålen og Senja",3,0,0,0
"2013","st","Nordland","Bindal","Bindal","1811","BLANKE","Blanke",3,0.71211,7,5
"2013","st","Nordland","Bindal","Bindal","1811","Andre","Andre",0,3.56053,35,14
"2013","st","Nordland","Bindal","Bindal","1811","Andre2","Andre2",0,0,0,0
"2013","st","Nordland","Sømna","Sømna","1812","A","Arbeiderpartiet",1,33.36127,398,82
"2013","st","Nordland","Sømna","Sømna","1812","SV","Sosialistisk Venstreparti",1,3.52054,42,11
"2013","st","Nordland","Sømna","Sømna","1812","RØDT","Rødt",1,1.08969,13,2
"2013","st","Nordland","Sømna","Sømna","1812","SP","Senterpartiet",1,26.73931,319,65
"2013","st","Nordland","Sømna","Sømna","1812","KRF","Kristelig Folkeparti",1,5.2808,63,12
"2013","st","Nordland","Sømna","Sømna","1812","V","Venstre",1,2.43085,29,8
"2013","st","Nordland","Sømna","Sømna","1812","H","Høyre",1,10.81308,129,26
"2013","st","Nordland","Sømna","Sømna","1812","FRP","Fremskrittspartiet",1,13.9145,166,35
"2013","st","Nordland","Sømna","Sømna","1812","DEMN","Demokratene i Norge",2,0,0,0
"2013","st","Nordland","Sømna","Sømna","1812","KRISTNE","De Kristne",2,0.50293,6,1
"2013","st","Nordland","Sømna","Sømna","1812","KYST","Kystpartiet",2,0.25147,3,0
"2013","st","Nordland","Sømna","Sømna","1812","MDG","Miljøpartiet De Grønne",2,1.42498,17,10
"2013","st","Nordland","Sømna","Sømna","1812","NKP","Norges Kommunistiske Parti",2,0,0,0
"2013","st","Nordland","Sømna","Sømna","1812","PIR","Piratpartiet",2,0.25147,3,0
"2013","st","Nordland","Sømna","Sømna","1812","PP","Pensjonistpartiet",2,0.16764,2,1
"2013","st","Nordland","Sømna","Sømna","1812","SFP","Samfunnspartiet",2,0,0,0
"2013","st","Nordland","Sømna","Sømna","1812","AKSJOLJE","Folkeliste mot oljeboring i Lofoten, Vesterålen og Senja",3,0.25147,3,2
"2013","st","Nordland","Sømna","Sømna","1812","BLANKE","Blanke",3,0.33529,4,2
"2013","st","Nordland","Sømna","Sømna","1812","Andre","Andre",0,2.84996,34,14
"2013","st","Nordland","Sømna","Sømna","1812","Andre2","Andre2",0,0,0,0
"2013","st","Nordland","Brønnøy","Brønnøy","1813","A","Arbeiderpartiet",1,39.29085,1640,388
"2013","st","Nordland","Brønnøy","Brønnøy","1813","SV","Sosialistisk Venstreparti",1,4.64782,194,57
"2013","st","Nordland","Brønnøy","Brønnøy","1813","RØDT","Rødt",1,1.17393,49,16
"2013","st","Nordland","Brønnøy","Brønnøy","1813","SP","Senterpartiet",1,9.65501,403,71
"2013","st","Nordland","Brønnøy","Brønnøy","1813","KRF","Kristelig Folkeparti",1,2.65932,111,30
"2013","st","Nordland","Brønnøy","Brønnøy","1813","V","Venstre",1,3.59368,150,36
"2013","st","Nordland","Brønnøy","Brønnøy","1813","H","Høyre",1,19.33397,807,217
"2013","st","Nordland","Brønnøy","Brønnøy","1813","FRP","Fremskrittspartiet",1,16.02779,669,181
"2013","st","Nordland","Brønnøy","Brønnøy","1813","DEMN","Demokratene i Norge",2,0.04792,2,1
"2013","st","Nordland","Brønnøy","Brønnøy","1813","KRISTNE","De Kristne",2,0.76665,32,11
"2013","st","Nordland","Brønnøy","Brønnøy","1813","KYST","Kystpartiet",2,0.33541,14,4
"2013","st","Nordland","Brønnøy","Brønnøy","1813","MDG","Miljøpartiet De Grønne",2,1.89267,79,29
"2013","st","Nordland","Brønnøy","Brønnøy","1813","NKP","Norges Kommunistiske Parti",2,0.02396,1,0
"2013","st","Nordland","Brønnøy","Brønnøy","1813","PIR","Piratpartiet",2,0.31145,13,5
"2013","st","Nordland","Brønnøy","Brønnøy","1813","PP","Pensjonistpartiet",2,0.14375,6,3
"2013","st","Nordland","Brønnøy","Brønnøy","1813","SFP","Samfunnspartiet",2,0.02396,1,1
"2013","st","Nordland","Brønnøy","Brønnøy","1813","AKSJOLJE","Folkeliste mot oljeboring i Lofoten, Vesterålen og Senja",3,0.07187,3,1
"2013","st","Nordland","Brønnøy","Brønnøy","1813","BLANKE","Blanke",3,0.57499,24,4
"2013","st","Nordland","Brønnøy","Brønnøy","1813","Andre","Andre",0,3.61763,151,55
"2013","st","Nordland","Brønnøy","Brønnøy","1813","Andre2","Andre2",0,0,0,0
"2013","st","Nordland","Vega","Vega","1815","A","Arbeiderpartiet",1,38.7808,299,98
"2013","st","Nordland","Vega","Vega","1815","SV","Sosialistisk Venstreparti",1,6.48508,50,20
"2013","st","Nordland","Vega","Vega","1815","RØDT","Rødt",1,1.55642,12,5
"2013","st","Nordland","Vega","Vega","1815","SP","Senterpartiet",1,17.76913,137,41
"2013","st","Nordland","Vega","Vega","1815","KRF","Kristelig Folkeparti",1,2.59403,20,9
"2013","st","Nordland","Vega","Vega","1815","V","Venstre",1,4.28016,33,9
"2013","st","Nordland","Vega","Vega","1815","H","Høyre",1,11.93256,92,32
"2013","st","Nordland","Vega","Vega","1815","FRP","Fremskrittspartiet",1,12.06226,93,34
"2013","st","Nordland","Vega","Vega","1815","DEMN","Demokratene i Norge",2,0,0,0
"2013","st","Nordland","Vega","Vega","1815","KRISTNE","De Kristne",2,0.1297,1,1
"2013","st","Nordland","Vega","Vega","1815","KYST","Kystpartiet",2,1.03761,8,2
"2013","st","Nordland","Vega","Vega","1815","MDG","Miljøpartiet De Grønne",2,2.07523,16,6
"2013","st","Nordland","Vega","Vega","1815","NKP","Norges Kommunistiske Parti",2,0.1297,1,0
"2013","st","Nordland","Vega","Vega","1815","PIR","Piratpartiet",2,0.1297,1,1
"2013","st","Nordland","Vega","Vega","1815","PP","Pensjonistpartiet",2,0.77821,6,4
"2013","st","Nordland","Vega","Vega","1815","SFP","Samfunnspartiet",2,0.2594,2,2
"2013","st","Nordland","Vega","Vega","1815","AKSJOLJE","Folkeliste mot oljeboring i Lofoten, Vesterålen og Senja",3,0,0,0
"2013","st","Nordland","Vega","Vega","1815","BLANKE","Blanke",3,0.1297,1,0
"2013","st","Nordland","Vega","Vega","1815","Andre","Andre",0,4.53956,35,16
"2013","st","Nordland","Vega","Vega","1815","Andre2","Andre2",0,0,0,0
"2013","st","Nordland","Vevelstad","Vevelstad","1816","A","Arbeiderpartiet",1,37.23404,105,46
"2013","st","Nordland","Vevelstad","Vevelstad","1816","SV","Sosialistisk Venstreparti",1,4.25532,12,7
"2013","st","Nordland","Vevelstad","Vevelstad","1816","RØDT","Rødt",1,1.77305,5,1
"2013","st","Nordland","Vevelstad","Vevelstad","1816","SP","Senterpartiet",1,25.53191,72,27
"2013","st","Nordland","Vevelstad","Vevelstad","1816","KRF","Kristelig Folkeparti",1,2.83688,8,6
"2013","st","Nordland","Vevelstad","Vevelstad","1816","V","Venstre",1,2.83688,8,3
"2013","st","Nordland","Vevelstad","Vevelstad","1816","H","Høyre",1,8.86525,25,8
"2013","st","Nordland","Vevelstad","Vevelstad","1816","FRP","Fremskrittspartiet",1,12.41135,35,7
"2013","st","Nordland","Vevelstad","Vevelstad","1816","DEMN","Demokratene i Norge",2,0,0,0
"2013","st","Nordland","Vevelstad","Vevelstad","1816","KRISTNE","De Kristne",2,0.35461,1,1
"2013","st","Nordland","Vevelstad","Vevelstad","1816","KYST","Kystpartiet",2,1.06383,3,1
"2013","st","Nordland","Vevelstad","Vevelstad","1816","MDG","Miljøpartiet De Grønne",2,2.12766,6,2
"2013","st","Nordland","Vevelstad","Vevelstad","1816","NKP","Norges Kommunistiske Parti",2,0,0,0
"2013","st","Nordland","Vevelstad","Vevelstad","1816","PIR","Piratpartiet",2,0,0,0
"2013","st","Nordland","Vevelstad","Vevelstad","1816","PP","Pensjonistpartiet",2,0.70922,2,1
"2013","st","Nordland","Vevelstad","Vevelstad","1816","SFP","Samfunnspartiet",2,0,0,0
"2013","st","Nordland","Vevelstad","Vevelstad","1816","AKSJOLJE","Folkeliste mot oljeboring i Lofoten, Vesterålen og Senja",3,0,0,0
"2013","st","Nordland","Vevelstad","Vevelstad","1816","BLANKE","Blanke",3,0.70922,2,2
"2013","st","Nordland","Vevelstad","Vevelstad","1816","Andre","Andre",0,4.25532,12,5
"2013","st","Nordland","Vevelstad","Vevelstad","1816","Andre2","Andre2",0,0,0,0
"2013","st","Nordland","Herøy","Herøy","1818","A","Arbeiderpartiet",1,41.98646,372,104
"2013","st","Nordland","Herøy","Herøy","1818","SV","Sosialistisk Venstreparti",1,2.93454,26,5
"2013","st","Nordland","Herøy","Herøy","1818","RØDT","Rødt",1,0.90293,8,4
"2013","st","Nordland","Herøy","Herøy","1818","SP","Senterpartiet",1,8.57788,76,15
"2013","st","Nordland","Herøy","Herøy","1818","KRF","Kristelig Folkeparti",1,2.48307,22,7
"2013","st","Nordland","Herøy","Herøy","1818","V","Venstre",1,2.14447,19,7
"2013","st","Nordland","Herøy","Herøy","1818","H","Høyre",1,17.26862,153,50
"2013","st","Nordland","Herøy","Herøy","1818","FRP","Fremskrittspartiet",1,18.51016,164,51
"2013","st","Nordland","Herøy","Herøy","1818","DEMN","Demokratene i Norge",2,0,0,0
"2013","st","Nordland","Herøy","Herøy","1818","KRISTNE","De Kristne",2,0.45147,4,2
"2013","st","Nordland","Herøy","Herøy","1818","KYST","Kystpartiet",2,1.0158,9,1
"2013","st","Nordland","Herøy","Herøy","1818","MDG","Miljøpartiet De Grønne",2,2.59594,23,6
"2013","st","Nordland","Herøy","Herøy","1818","NKP","Norges Kommunistiske Parti",2,0,0,0
"2013","st","Nordland","Herøy","Herøy","1818","PIR","Piratpartiet",2,0.22573,2,1
"2013","st","Nordland","Herøy","Herøy","1818","PP","Pensjonistpartiet",2,0.45147,4,3
"2013","st","Nordland","Herøy","Herøy","1818","SFP","Samfunnspartiet",2,0,0,0
"2013","st","Nordland","Herøy","Herøy","1818","AKSJOLJE","Folkeliste mot oljeboring i Lofoten, Vesterålen og Senja",3,0.45147,4,1
"2013","st","Nordland","Herøy","Herøy","1818","BLANKE","Blanke",3,0,0,0
"2013","st","Nordland","Herøy","Herøy","1818","Andre","Andre",0,5.19187,46,14
"2013","st","Nordland","Herøy","Herøy","1818","Andre2","Andre2",0,0,0,0
"2013","st","Nordland","Alstahaug","Alstahaug","1820","A","Arbeiderpartiet",1,38.69217,1497,512
"2013","st","Nordland","Alstahaug","Alstahaug","1820","SV","Sosialistisk Venstreparti",1,3.79943,147,62
"2013","st","Nordland","Alstahaug","Alstahaug","1820","RØDT","Rødt",1,2.1711,84,28
"2013","st","Nordland","Alstahaug","Alstahaug","1820","SP","Senterpartiet",1,8.7878,340,87
"2013","st","Nordland","Alstahaug","Alstahaug","1820","KRF","Kristelig Folkeparti",1,2.45541,95,31
"2013","st","Nordland","Alstahaug","Alstahaug","1820","V","Venstre",1,3.36004,130,47
"2013","st","Nordland","Alstahaug","Alstahaug","1820","H","Høyre",1,19.59163,758,309
"2013","st","Nordland","Alstahaug","Alstahaug","1820","FRP","Fremskrittspartiet",1,18.09253,700,261
"2013","st","Nordland","Alstahaug","Alstahaug","1820","DEMN","Demokratene i Norge",2,0.07754,3,0
"2013","st","Nordland","Alstahaug","Alstahaug","1820","KRISTNE","De Kristne",2,0.20677,8,2
"2013","st","Nordland","Alstahaug","Alstahaug","1820","KYST","Kystpartiet",2,0.51693,20,10
"2013","st","Nordland","Alstahaug","Alstahaug","1820","MDG","Miljøpartiet De Grønne",2,1.36986,53,23
"2013","st","Nordland","Alstahaug","Alstahaug","1820","NKP","Norges Kommunistiske Parti",2,0.02585,1,0
"2013","st","Nordland","Alstahaug","Alstahaug","1820","PIR","Piratpartiet",2,0.336,13,5
"2013","st","Nordland","Alstahaug","Alstahaug","1820","PP","Pensjonistpartiet",2,0.36185,14,12
"2013","st","Nordland","Alstahaug","Alstahaug","1820","SFP","Samfunnspartiet",2,0.05169,2,0
"2013","st","Nordland","Alstahaug","Alstahaug","1820","AKSJOLJE","Folkeliste mot oljeboring i Lofoten, Vesterålen og Senja",3,0.10339,4,0
"2013","st","Nordland","Alstahaug","Alstahaug","1820","BLANKE","Blanke",3,0.62032,24,15
"2013","st","Nordland","Alstahaug","Alstahaug","1820","Andre","Andre",0,3.04988,118,52
"2013","st","Nordland","Alstahaug","Alstahaug","1820","Andre2","Andre2",0,0,0,0
"2013","st","Nordland","Leirfjord","Leirfjord","1822","A","Arbeiderpartiet",1,36.26466,433,115
"2013","st","Nordland","Leirfjord","Leirfjord","1822","SV","Sosialistisk Venstreparti",1,6.78392,81,23
"2013","st","Nordland","Leirfjord","Leirfjord","1822","RØDT","Rødt",1,1.00503,12,2
"2013","st","Nordland","Leirfjord","Leirfjord","1822","SP","Senterpartiet",1,17.08543,204,33
"2013","st","Nordland","Leirfjord","Leirfjord","1822","KRF","Kristelig Folkeparti",1,2.93132,35,12
"2013","st","Nordland","Leirfjord","Leirfjord","1822","V","Venstre",1,2.17755,26,4
"2013","st","Nordland","Leirfjord","Leirfjord","1822","H","Høyre",1,13.14908,157,51
"2013","st","Nordland","Leirfjord","Leirfjord","1822","FRP","Fremskrittspartiet",1,17.00168,203,62
"2013","st","Nordland","Leirfjord","Leirfjord","1822","DEMN","Demokratene i Norge",2,0,0,0
"2013","st","Nordland","Leirfjord","Leirfjord","1822","KRISTNE","De Kristne",2,0.41876,5,3
"2013","st","Nordland","Leirfjord","Leirfjord","1822","KYST","Kystpartiet",2,0.41876,5,1
"2013","st","Nordland","Leirfjord","Leirfjord","1822","MDG","Miljøpartiet De Grønne",2,2.42881,29,11
"2013","st","Nordland","Leirfjord","Leirfjord","1822","NKP","Norges Kommunistiske Parti",2,0,0,0
"2013","st","Nordland","Leirfjord","Leirfjord","1822","PIR","Piratpartiet",2,0,0,0
"2013","st","Nordland","Leirfjord","Leirfjord","1822","PP","Pensjonistpartiet",2,0.08375,1,0
"2013","st","Nordland","Leirfjord","Leirfjord","1822","SFP","Samfunnspartiet",2,0.1675,2,1
"2013","st","Nordland","Leirfjord","Leirfjord","1822","AKSJOLJE","Folkeliste mot oljeboring i Lofoten, Vesterålen og Senja",3,0.08375,1,1
"2013","st","Nordland","Leirfjord","Leirfjord","1822","BLANKE","Blanke",3,0.33501,4,2
"2013","st","Nordland","Leirfjord","Leirfjord","1822","Andre","Andre",0,3.60134,43,17
"2013","st","Nordland","Leirfjord","Leirfjord","1822","Andre2","Andre2",0,0,0,0
"2013","st","Nordland","Vefsn","Vefsn","1824","A","Arbeiderpartiet",1,39.6734,2964,1453
"2013","st","Nordland","Vefsn","Vefsn","1824","SV","Sosialistisk Venstreparti",1,3.48012,260,142
"2013","st","Nordland","Vefsn","Vefsn","1824","RØDT","Rødt",1,3.43997,257,120
"2013","st","Nordland","Vefsn","Vefsn","1824","SP","Senterpartiet",1,7.74997,579,240
"2013","st","Nordland","Vefsn","Vefsn","1824","KRF","Kristelig Folkeparti",1,2.75733,206,94
"2013","st","Nordland","Vefsn","Vefsn","1824","V","Venstre",1,3.25258,243,108
"2013","st","Nordland","Vefsn","Vefsn","1824","H","Høyre",1,17.26676,1290,705
"2013","st","Nordland","Vefsn","Vefsn","1824","FRP","Fremskrittspartiet",1,19.12729,1429,783
"2013","st","Nordland","Vefsn","Vefsn","1824","DEMN","Demokratene i Norge",2,0.08031,6,4
"2013","st","Nordland","Vefsn","Vefsn","1824","KRISTNE","De Kristne",2,0.64248,48,30
"2013","st","Nordland","Vefsn","Vefsn","1824","KYST","Kystpartiet",2,0.13385,10,6
"2013","st","Nordland","Vefsn","Vefsn","1824","MDG","Miljøpartiet De Grønne",2,1.56606,117,73
"2013","st","Nordland","Vefsn","Vefsn","1824","NKP","Norges Kommunistiske Parti",2,0.01339,1,1
"2013","st","Nordland","Vefsn","Vefsn","1824","PIR","Piratpartiet",2,0.21416,16,11
"2013","st","Nordland","Vefsn","Vefsn","1824","PP","Pensjonistpartiet",2,0.37478,28,15
"2013","st","Nordland","Vefsn","Vefsn","1824","SFP","Samfunnspartiet",2,0.04016,3,1
"2013","st","Nordland","Vefsn","Vefsn","1824","AKSJOLJE","Folkeliste mot oljeboring i Lofoten, Vesterålen og Senja",3,0.18739,14,11
"2013","st","Nordland","Vefsn","Vefsn","1824","BLANKE","Blanke",3,0.58894,44,25
"2013","st","Nordland","Vefsn","Vefsn","1824","Andre","Andre",0,3.25258,243,152
"2013","st","Nordland","Vefsn","Vefsn","1824","Andre2","Andre2",0,0,0,0
"2013","st","Nordland","Grane","Grane","1825","A","Arbeiderpartiet",1,45.92075,394,130
"2013","st","Nordland","Grane","Grane","1825","SV","Sosialistisk Venstreparti",1,1.51515,13,3
"2013","st","Nordland","Grane","Grane","1825","RØDT","Rødt",1,0.9324,8,4
"2013","st","Nordland","Grane","Grane","1825","SP","Senterpartiet",1,20.16317,173,35
"2013","st","Nordland","Grane","Grane","1825","KRF","Kristelig Folkeparti",1,1.8648,16,3
"2013","st","Nordland","Grane","Grane","1825","V","Venstre",1,0.58275,5,3
"2013","st","Nordland","Grane","Grane","1825","H","Høyre",1,11.65501,100,30
"2013","st","Nordland","Grane","Grane","1825","FRP","Fremskrittspartiet",1,14.33566,123,45
"2013","st","Nordland","Grane","Grane","1825","DEMN","Demokratene i Norge",2,0,0,0
"2013","st","Nordland","Grane","Grane","1825","KRISTNE","De Kristne",2,0.58275,5,2
"2013","st","Nordland","Grane","Grane","1825","KYST","Kystpartiet",2,0.11655,1,1
"2013","st","Nordland","Grane","Grane","1825","MDG","Miljøpartiet De Grønne",2,1.3986,12,5
"2013","st","Nordland","Grane","Grane","1825","NKP","Norges Kommunistiske Parti",2,0.11655,1,0
"2013","st","Nordland","Grane","Grane","1825","PIR","Piratpartiet",2,0.2331,2,1
"2013","st","Nordland","Grane","Grane","1825","PP","Pensjonistpartiet",2,0.4662,4,2
"2013","st","Nordland","Grane","Grane","1825","SFP","Samfunnspartiet",2,0.11655,1,0
"2013","st","Nordland","Grane","Grane","1825","AKSJOLJE","Folkeliste mot oljeboring i Lofoten, Vesterålen og Senja",3,0,0,0
"2013","st","Nordland","Grane","Grane","1825","BLANKE","Blanke",3,0.2331,2,1
"2013","st","Nordland","Grane","Grane","1825","Andre","Andre",0,3.0303,26,11
"2013","st","Nordland","Grane","Grane","1825","Andre2","Andre2",0,0,0,0
"2013","st","Nordland","Hattfjelldal","Hattfjelldal","1826","A","Arbeiderpartiet",1,34.02537,295,72
"2013","st","Nordland","Hattfjelldal","Hattfjelldal","1826","SV","Sosialistisk Venstreparti",1,3.22953,28,6
"2013","st","Nordland","Hattfjelldal","Hattfjelldal","1826","RØDT","Rødt",1,1.03806,9,5
"2013","st","Nordland","Hattfjelldal","Hattfjelldal","1826","SP","Senterpartiet",1,38.06228,330,52
"2013","st","Nordland","Hattfjelldal","Hattfjelldal","1826","KRF","Kristelig Folkeparti",1,2.07612,18,6
"2013","st","Nordland","Hattfjelldal","Hattfjelldal","1826","V","Venstre",1,0.92272,8,4
"2013","st","Nordland","Hattfjelldal","Hattfjelldal","1826","H","Høyre",1,7.26644,63,13
"2013","st","Nordland","Hattfjelldal","Hattfjelldal","1826","FRP","Fremskrittspartiet",1,11.188,97,32
"2013","st","Nordland","Hattfjelldal","Hattfjelldal","1826","DEMN","Demokratene i Norge",2,0.11534,1,0
"2013","st","Nordland","Hattfjelldal","Hattfjelldal","1826","KRISTNE","De Kristne",2,0.46136,4,2
"2013","st","Nordland","Hattfjelldal","Hattfjelldal","1826","KYST","Kystpartiet",2,0.11534,1,1
"2013","st","Nordland","Hattfjelldal","Hattfjelldal","1826","MDG","Miljøpartiet De Grønne",2,0.92272,8,4
"2013","st","Nordland","Hattfjelldal","Hattfjelldal","1826","NKP","Norges Kommunistiske Parti",2,0,0,0
"2013","st","Nordland","Hattfjelldal","Hattfjelldal","1826","PIR","Piratpartiet",2,0.11534,1,1
"2013","st","Nordland","Hattfjelldal","Hattfjelldal","1826","PP","Pensjonistpartiet",2,0.34602,3,1
"2013","st","Nordland","Hattfjelldal","Hattfjelldal","1826","SFP","Samfunnspartiet",2,0.11534,1,1
"2013","st","Nordland","Hattfjelldal","Hattfjelldal","1826","AKSJOLJE","Folkeliste mot oljeboring i Lofoten, Vesterålen og Senja",3,0,0,0
"2013","st","Nordland","Hattfjelldal","Hattfjelldal","1826","BLANKE","Blanke",3,0.34602,3,3
"2013","st","Nordland","Hattfjelldal","Hattfjelldal","1826","Andre","Andre",0,2.19146,19,10
"2013","st","Nordland","Hattfjelldal","Hattfjelldal","1826","Andre2","Andre2",0,0,0,0
"2013","st","Nordland","Dønna","Dønna","1827","A","Arbeiderpartiet",1,37.78626,297,80
"2013","st","Nordland","Dønna","Dønna","1827","SV","Sosialistisk Venstreparti",1,5.97964,47,15
"2013","st","Nordland","Dønna","Dønna","1827","RØDT","Rødt",1,1.52672,12,3
"2013","st","Nordland","Dønna","Dønna","1827","SP","Senterpartiet",1,19.2112,151,25
"2013","st","Nordland","Dønna","Dønna","1827","KRF","Kristelig Folkeparti",1,4.07125,32,9
"2013","st","Nordland","Dønna","Dønna","1827","V","Venstre",1,1.01781,8,2
"2013","st","Nordland","Dønna","Dønna","1827","H","Høyre",1,11.83206,93,29
"2013","st","Nordland","Dønna","Dønna","1827","FRP","Fremskrittspartiet",1,13.35878,105,40
"2013","st","Nordland","Dønna","Dønna","1827","DEMN","Demokratene i Norge",2,0,0,0
"2013","st","Nordland","Dønna","Dønna","1827","KRISTNE","De Kristne",2,0.38168,3,0
"2013","st","Nordland","Dønna","Dønna","1827","KYST","Kystpartiet",2,2.4173,19,6
"2013","st","Nordland","Dønna","Dønna","1827","MDG","Miljøpartiet De Grønne",2,1.65394,13,3
"2013","st","Nordland","Dønna","Dønna","1827","NKP","Norges Kommunistiske Parti",2,0.12723,1,1
"2013","st","Nordland","Dønna","Dønna","1827","PIR","Piratpartiet",2,0.25445,2,1
"2013","st","Nordland","Dønna","Dønna","1827","PP","Pensjonistpartiet",2,0.12723,1,1
"2013","st","Nordland","Dønna","Dønna","1827","SFP","Samfunnspartiet",2,0.12723,1,0
"2013","st","Nordland","Dønna","Dønna","1827","AKSJOLJE","Folkeliste mot oljeboring i Lofoten, Vesterålen og Senja",3,0.12723,1,0
"2013","st","Nordland","Dønna","Dønna","1827","BLANKE","Blanke",3,0.12723,1,1
"2013","st","Nordland","Dønna","Dønna","1827","Andre","Andre",0,5.21628,41,12
"2013","st","Nordland","Dønna","Dønna","1827","Andre2","Andre2",0,0,0,0
"2013","st","Nordland","Nesna","Nesna","1828","A","Arbeiderpartiet",1,28.68769,282,92
"2013","st","Nordland","Nesna","Nesna","1828","SV","Sosialistisk Venstreparti",1,10.17294,100,37
"2013","st","Nordland","Nesna","Nesna","1828","RØDT","Rødt",1,2.03459,20,8
"2013","st","Nordland","Nesna","Nesna","1828","SP","Senterpartiet",1,12.61445,124,48
"2013","st","Nordland","Nesna","Nesna","1828","KRF","Kristelig Folkeparti",1,4.47609,44,16
"2013","st","Nordland","Nesna","Nesna","1828","V","Venstre",1,4.06918,40,9
"2013","st","Nordland","Nesna","Nesna","1828","H","Høyre",1,19.12513,188,81
"2013","st","Nordland","Nesna","Nesna","1828","FRP","Fremskrittspartiet",1,14.34385,141,60
"2013","st","Nordland","Nesna","Nesna","1828","DEMN","Demokratene i Norge",2,0,0,0
"2013","st","Nordland","Nesna","Nesna","1828","KRISTNE","De Kristne",2,0.20346,2,0
"2013","st","Nordland","Nesna","Nesna","1828","KYST","Kystpartiet",2,0.20346,2,1
"2013","st","Nordland","Nesna","Nesna","1828","MDG","Miljøpartiet De Grønne",2,3.35707,33,14
"2013","st","Nordland","Nesna","Nesna","1828","NKP","Norges Kommunistiske Parti",2,0,0,0
"2013","st","Nordland","Nesna","Nesna","1828","PIR","Piratpartiet",2,0.40692,4,2
"2013","st","Nordland","Nesna","Nesna","1828","PP","Pensjonistpartiet",2,0.10173,1,1
"2013","st","Nordland","Nesna","Nesna","1828","SFP","Samfunnspartiet",2,0.10173,1,1
"2013","st","Nordland","Nesna","Nesna","1828","AKSJOLJE","Folkeliste mot oljeboring i Lofoten, Vesterålen og Senja",3,0.10173,1,0
"2013","st","Nordland","Nesna","Nesna","1828","BLANKE","Blanke",3,0.81384,8,2
"2013","st","Nordland","Nesna","Nesna","1828","Andre","Andre",0,4.47609,44,19
"2013","st","Nordland","Nesna","Nesna","1828","Andre2","Andre2",0,0,0,0
"2013","st","Nordland","Hemnes","Hemnes","1832","A","Arbeiderpartiet",1,38.35514,1026,183
"2013","st","Nordland","Hemnes","Hemnes","1832","SV","Sosialistisk Venstreparti",1,5.57009,149,24
"2013","st","Nordland","Hemnes","Hemnes","1832","RØDT","Rødt",1,1.45794,39,8
"2013","st","Nordland","Hemnes","Hemnes","1832","SP","Senterpartiet",1,13.08411,350,32
"2013","st","Nordland","Hemnes","Hemnes","1832","KRF","Kristelig Folkeparti",1,2.61682,70,9
"2013","st","Nordland","Hemnes","Hemnes","1832","V","Venstre",1,2.72897,73,13
"2013","st","Nordland","Hemnes","Hemnes","1832","H","Høyre",1,16.41121,439,91
"2013","st","Nordland","Hemnes","Hemnes","1832","FRP","Fremskrittspartiet",1,15.51402,415,78
"2013","st","Nordland","Hemnes","Hemnes","1832","DEMN","Demokratene i Norge",2,0,0,0
"2013","st","Nordland","Hemnes","Hemnes","1832","KRISTNE","De Kristne",2,0.4486,12,3
"2013","st","Nordland","Hemnes","Hemnes","1832","KYST","Kystpartiet",2,0.07477,2,0
"2013","st","Nordland","Hemnes","Hemnes","1832","MDG","Miljøpartiet De Grønne",2,1.90654,51,14
"2013","st","Nordland","Hemnes","Hemnes","1832","NKP","Norges Kommunistiske Parti",2,0.14953,4,0
"2013","st","Nordland","Hemnes","Hemnes","1832","PIR","Piratpartiet",2,0.48598,13,3
"2013","st","Nordland","Hemnes","Hemnes","1832","PP","Pensjonistpartiet",2,0.14953,4,3
"2013","st","Nordland","Hemnes","Hemnes","1832","SFP","Samfunnspartiet",2,0.74766,20,1
"2013","st","Nordland","Hemnes","Hemnes","1832","AKSJOLJE","Folkeliste mot oljeboring i Lofoten, Vesterålen og Senja",3,0.29907,8,3
"2013","st","Nordland","Hemnes","Hemnes","1832","BLANKE","Blanke",3,0.37383,10,4
"2013","st","Nordland","Hemnes","Hemnes","1832","Andre","Andre",0,4.26168,114,27
"2013","st","Nordland","Hemnes","Hemnes","1832","Andre2","Andre2",0,0,0,0
"2013","st","Nordland","Rana","Rana","1833","A","Arbeiderpartiet",1,46.44719,6772,2037
"2013","st","Nordland","Rana","Rana","1833","SV","Sosialistisk Venstreparti",1,6.04252,881,293
"2013","st","Nordland","Rana","Rana","1833","RØDT","Rødt",1,1.55007,226,84
"2013","st","Nordland","Rana","Rana","1833","SP","Senterpartiet",1,3.86145,563,131
"2013","st","Nordland","Rana","Rana","1833","KRF","Kristelig Folkeparti",1,2.29767,335,113
"2013","st","Nordland","Rana","Rana","1833","V","Venstre",1,2.66118,388,117
"2013","st","Nordland","Rana","Rana","1833","H","Høyre",1,18.35391,2676,832
"2013","st","Nordland","Rana","Rana","1833","FRP","Fremskrittspartiet",1,15.82305,2307,695
"2013","st","Nordland","Rana","Rana","1833","DEMN","Demokratene i Norge",2,0.00686,1,0
"2013","st","Nordland","Rana","Rana","1833","KRISTNE","De Kristne",2,0.29492,43,16
"2013","st","Nordland","Rana","Rana","1833","KYST","Kystpartiet",2,0.0823,12,2
"2013","st","Nordland","Rana","Rana","1833","MDG","Miljøpartiet De Grønne",2,1.76269,257,77
"2013","st","Nordland","Rana","Rana","1833","NKP","Norges Kommunistiske Parti",2,0.03429,5,2
"2013","st","Nordland","Rana","Rana","1833","PIR","Piratpartiet",2,0.32236,47,14
"2013","st","Nordland","Rana","Rana","1833","PP","Pensjonistpartiet",2,0.2332,34,14
"2013","st","Nordland","Rana","Rana","1833","SFP","Samfunnspartiet",2,0.12346,18,9
"2013","st","Nordland","Rana","Rana","1833","AKSJOLJE","Folkeliste mot oljeboring i Lofoten, Vesterålen og Senja",3,0.10288,15,2
"2013","st","Nordland","Rana","Rana","1833","BLANKE","Blanke",3,0.5487,80,25
"2013","st","Nordland","Rana","Rana","1833","Andre","Andre",0,2.96296,432,136
"2013","st","Nordland","Rana","Rana","1833","Andre2","Andre2",0,0,0,0
"2013","st","Nordland","Lurøy","Lurøy","1834","A","Arbeiderpartiet",1,31.04056,352,101
"2013","st","Nordland","Lurøy","Lurøy","1834","SV","Sosialistisk Venstreparti",1,3.7037,42,7
"2013","st","Nordland","Lurøy","Lurøy","1834","RØDT","Rødt",1,0.44092,5,1
"2013","st","Nordland","Lurøy","Lurøy","1834","SP","Senterpartiet",1,12.08113,137,23
"2013","st","Nordland","Lurøy","Lurøy","1834","KRF","Kristelig Folkeparti",1,5.82011,66,16
"2013","st","Nordland","Lurøy","Lurøy","1834","V","Venstre",1,3.26279,37,14
"2013","st","Nordland","Lurøy","Lurøy","1834","H","Høyre",1,19.84127,225,67
"2013","st","Nordland","Lurøy","Lurøy","1834","FRP","Fremskrittspartiet",1,19.1358,217,59
"2013","st","Nordland","Lurøy","Lurøy","1834","DEMN","Demokratene i Norge",2,0,0,0
"2013","st","Nordland","Lurøy","Lurøy","1834","KRISTNE","De Kristne",2,1.0582,12,4
"2013","st","Nordland","Lurøy","Lurøy","1834","KYST","Kystpartiet",2,1.49912,17,6
"2013","st","Nordland","Lurøy","Lurøy","1834","MDG","Miljøpartiet De Grønne",2,1.49912,17,8
"2013","st","Nordland","Lurøy","Lurøy","1834","NKP","Norges Kommunistiske Parti",2,0,0,0
"2013","st","Nordland","Lurøy","Lurøy","1834","PIR","Piratpartiet",2,0.35273,4,1
"2013","st","Nordland","Lurøy","Lurøy","1834","PP","Pensjonistpartiet",2,0,0,0
"2013","st","Nordland","Lurøy","Lurøy","1834","SFP","Samfunnspartiet",2,0.17637,2,1
"2013","st","Nordland","Lurøy","Lurøy","1834","AKSJOLJE","Folkeliste mot oljeboring i Lofoten, Vesterålen og Senja",3,0.08818,1,0
"2013","st","Nordland","Lurøy","Lurøy","1834","BLANKE","Blanke",3,0.26455,3,1
"2013","st","Nordland","Lurøy","Lurøy","1834","Andre","Andre",0,4.67372,53,20
"2013","st","Nordland","Lurøy","Lurøy","1834","Andre2","Andre2",0,0,0,0
"2013","st","Nordland","Træna","Træna","1835","A","Arbeiderpartiet",1,30.04484,67,30
"2013","st","Nordland","Træna","Træna","1835","SV","Sosialistisk Venstreparti",1,5.8296,13,6
"2013","st","Nordland","Træna","Træna","1835","RØDT","Rødt",1,0.89686,2,0
"2013","st","Nordland","Træna","Træna","1835","SP","Senterpartiet",1,18.83408,42,14
"2013","st","Nordland","Træna","Træna","1835","KRF","Kristelig Folkeparti",1,11.65919,26,10
"2013","st","Nordland","Træna","Træna","1835","V","Venstre",1,2.24215,5,3
"2013","st","Nordland","Træna","Træna","1835","H","Høyre",1,12.55605,28,11
"2013","st","Nordland","Træna","Træna","1835","FRP","Fremskrittspartiet",1,15.69507,35,12
"2013","st","Nordland","Træna","Træna","1835","DEMN","Demokratene i Norge",2,0,0,0
"2013","st","Nordland","Træna","Træna","1835","KRISTNE","De Kristne",2,0,0,0
"2013","st","Nordland","Træna","Træna","1835","KYST","Kystpartiet",2,0.44843,1,1
"2013","st","Nordland","Træna","Træna","1835","MDG","Miljøpartiet De Grønne",2,1.34529,3,1
"2013","st","Nordland","Træna","Træna","1835","NKP","Norges Kommunistiske Parti",2,0,0,0
"2013","st","Nordland","Træna","Træna","1835","PIR","Piratpartiet",2,0,0,0
"2013","st","Nordland","Træna","Træna","1835","PP","Pensjonistpartiet",2,0,0,0
"2013","st","Nordland","Træna","Træna","1835","SFP","Samfunnspartiet",2,0,0,0
"2013","st","Nordland","Træna","Træna","1835","AKSJOLJE","Folkeliste mot oljeboring i Lofoten, Vesterålen og Senja",3,0.44843,1,1
"2013","st","Nordland","Træna","Træna","1835","BLANKE","Blanke",3,2.24215,5,2
"2013","st","Nordland","Træna","Træna","1835","Andre","Andre",0,2.24215,5,3
"2013","st","Nordland","Træna","Træna","1835","Andre2","Andre2",0,0,0,0
"2013","st","Nordland","Rødøy","Rødøy","1836","A","Arbeiderpartiet",1,26.99725,196,62
"2013","st","Nordland","Rødøy","Rødøy","1836","SV","Sosialistisk Venstreparti",1,2.47934,18,5
"2013","st","Nordland","Rødøy","Rødøy","1836","RØDT","Rødt",1,1.10193,8,2
"2013","st","Nordland","Rødøy","Rødøy","1836","SP","Senterpartiet",1,18.87052,137,42
"2013","st","Nordland","Rødøy","Rødøy","1836","KRF","Kristelig Folkeparti",1,11.01928,80,26
"2013","st","Nordland","Rødøy","Rødøy","1836","V","Venstre",1,0.13774,1,1
"2013","st","Nordland","Rødøy","Rødøy","1836","H","Høyre",1,14.32507,104,30
"2013","st","Nordland","Rødøy","Rødøy","1836","FRP","Fremskrittspartiet",1,18.4573,134,41
"2013","st","Nordland","Rødøy","Rødøy","1836","DEMN","Demokratene i Norge",2,0.13774,1,0
"2013","st","Nordland","Rødøy","Rødøy","1836","KRISTNE","De Kristne",2,1.37741,10,2
"2013","st","Nordland","Rødøy","Rødøy","1836","KYST","Kystpartiet",2,3.30579,24,9
"2013","st","Nordland","Rødøy","Rødøy","1836","MDG","Miljøpartiet De Grønne",2,0.82645,6,3
"2013","st","Nordland","Rødøy","Rødøy","1836","NKP","Norges Kommunistiske Parti",2,0,0,0
"2013","st","Nordland","Rødøy","Rødøy","1836","PIR","Piratpartiet",2,0.55096,4,0
"2013","st","Nordland","Rødøy","Rødøy","1836","PP","Pensjonistpartiet",2,0,0,0
"2013","st","Nordland","Rødøy","Rødøy","1836","SFP","Samfunnspartiet",2,0.13774,1,1
"2013","st","Nordland","Rødøy","Rødøy","1836","AKSJOLJE","Folkeliste mot oljeboring i Lofoten, Vesterålen og Senja",3,0.27548,2,1
"2013","st","Nordland","Rødøy","Rødøy","1836","BLANKE","Blanke",3,0.55096,4,2
"2013","st","Nordland","Rødøy","Rødøy","1836","Andre","Andre",0,6.61157,48,16
"2013","st","Nordland","Rødøy","Rødøy","1836","Andre2","Andre2",0,0,0,0
"2013","st","Nordland","Meløy","Meløy","1837","A","Arbeiderpartiet",1,30.70252,1062,346
"2013","st","Nordland","Meløy","Meløy","1837","SV","Sosialistisk Venstreparti",1,3.78722,131,35
"2013","st","Nordland","Meløy","Meløy","1837","RØDT","Rødt",1,0.78057,27,11
"2013","st","Nordland","Meløy","Meløy","1837","SP","Senterpartiet",1,6.15785,213,57
"2013","st","Nordland","Meløy","Meløy","1837","KRF","Kristelig Folkeparti",1,7.4588,258,97
"2013","st","Nordland","Meløy","Meløy","1837","V","Venstre",1,3.26684,113,27
"2013","st","Nordland","Meløy","Meløy","1837","H","Høyre",1,21.71148,751,247
"2013","st","Nordland","Meløy","Meløy","1837","FRP","Fremskrittspartiet",1,22.54987,780,248
"2013","st","Nordland","Meløy","Meløy","1837","DEMN","Demokratene i Norge",2,0.02891,1,0
"2013","st","Nordland","Meløy","Meløy","1837","KRISTNE","De Kristne",2,1.27204,44,24
"2013","st","Nordland","Meløy","Meløy","1837","KYST","Kystpartiet",2,0.14455,5,0
"2013","st","Nordland","Meløy","Meløy","1837","MDG","Miljøpartiet De Grønne",2,1.38768,48,21
"2013","st","Nordland","Meløy","Meløy","1837","NKP","Norges Kommunistiske Parti",2,0,0,0
"2013","st","Nordland","Meløy","Meløy","1837","PIR","Piratpartiet",2,0.34692,12,6
"2013","st","Nordland","Meløy","Meløy","1837","PP","Pensjonistpartiet",2,0.26019,9,2
"2013","st","Nordland","Meløy","Meløy","1837","SFP","Samfunnspartiet",2,0.02891,1,0
"2013","st","Nordland","Meløy","Meløy","1837","AKSJOLJE","Folkeliste mot oljeboring i Lofoten, Vesterålen og Senja",3,0.11564,4,1
"2013","st","Nordland","Meløy","Meløy","1837","BLANKE","Blanke",3,0.46256,16,5
"2013","st","Nordland","Meløy","Meløy","1837","Andre","Andre",0,3.58485,124,54
"2013","st","Nordland","Meløy","Meløy","1837","Andre2","Andre2",0,0,0,0
"2013","st","Nordland","Gildeskål","Gildeskål","1838","A","Arbeiderpartiet",1,31.82214,365,86
"2013","st","Nordland","Gildeskål","Gildeskål","1838","SV","Sosialistisk Venstreparti",1,4.3592,50,13
"2013","st","Nordland","Gildeskål","Gildeskål","1838","RØDT","Rødt",1,1.04621,12,3
"2013","st","Nordland","Gildeskål","Gildeskål","1838","SP","Senterpartiet",1,9.06713,104,20
"2013","st","Nordland","Gildeskål","Gildeskål","1838","KRF","Kristelig Folkeparti",1,5.75414,66,12
"2013","st","Nordland","Gildeskål","Gildeskål","1838","V","Venstre",1,3.48736,40,9
"2013","st","Nordland","Gildeskål","Gildeskål","1838","H","Høyre",1,17.61116,202,52
"2013","st","Nordland","Gildeskål","Gildeskål","1838","FRP","Fremskrittspartiet",1,21.62162,248,49
"2013","st","Nordland","Gildeskål","Gildeskål","1838","DEMN","Demokratene i Norge",2,0,0,0
"2013","st","Nordland","Gildeskål","Gildeskål","1838","KRISTNE","De Kristne",2,1.39494,16,3
"2013","st","Nordland","Gildeskål","Gildeskål","1838","KYST","Kystpartiet",2,0.08718,1,0
"2013","st","Nordland","Gildeskål","Gildeskål","1838","MDG","Miljøpartiet De Grønne",2,2.96425,34,16
"2013","st","Nordland","Gildeskål","Gildeskål","1838","NKP","Norges Kommunistiske Parti",2,0,0,0
"2013","st","Nordland","Gildeskål","Gildeskål","1838","PIR","Piratpartiet",2,0.26155,3,0
"2013","st","Nordland","Gildeskål","Gildeskål","1838","PP","Pensjonistpartiet",2,0.17437,2,0
"2013","st","Nordland","Gildeskål","Gildeskål","1838","SFP","Samfunnspartiet",2,0.08718,1,1
"2013","st","Nordland","Gildeskål","Gildeskål","1838","AKSJOLJE","Folkeliste mot oljeboring i Lofoten, Vesterålen og Senja",3,0.26155,3,1
"2013","st","Nordland","Gildeskål","Gildeskål","1838","BLANKE","Blanke",3,0.69747,8,2
"2013","st","Nordland","Gildeskål","Gildeskål","1838","Andre","Andre",0,5.23104,60,21
"2013","st","Nordland","Gildeskål","Gildeskål","1838","Andre2","Andre2",0,0,0,0
"2013","st","Nordland","Beiarn","Beiarn","1839","A","Arbeiderpartiet",1,40.54878,266,68
"2013","st","Nordland","Beiarn","Beiarn","1839","SV","Sosialistisk Venstreparti",1,3.65854,24,7
"2013","st","Nordland","Beiarn","Beiarn","1839","RØDT","Rødt",1,0.91463,6,0
"2013","st","Nordland","Beiarn","Beiarn","1839","SP","Senterpartiet",1,20.57927,135,29
"2013","st","Nordland","Beiarn","Beiarn","1839","KRF","Kristelig Folkeparti",1,3.96341,26,7
"2013","st","Nordland","Beiarn","Beiarn","1839","V","Venstre",1,1.21951,8,3
"2013","st","Nordland","Beiarn","Beiarn","1839","H","Høyre",1,13.41463,88,25
"2013","st","Nordland","Beiarn","Beiarn","1839","FRP","Fremskrittspartiet",1,13.41463,88,14
"2013","st","Nordland","Beiarn","Beiarn","1839","DEMN","Demokratene i Norge",2,0,0,0
"2013","st","Nordland","Beiarn","Beiarn","1839","KRISTNE","De Kristne",2,0.45732,3,0
"2013","st","Nordland","Beiarn","Beiarn","1839","KYST","Kystpartiet",2,0,0,0
"2013","st","Nordland","Beiarn","Beiarn","1839","MDG","Miljøpartiet De Grønne",2,1.82927,12,10
"2013","st","Nordland","Beiarn","Beiarn","1839","NKP","Norges Kommunistiske Parti",2,0,0,0
"2013","st","Nordland","Beiarn","Beiarn","1839","PIR","Piratpartiet",2,0,0,0
"2013","st","Nordland","Beiarn","Beiarn","1839","PP","Pensjonistpartiet",2,0,0,0
"2013","st","Nordland","Beiarn","Beiarn","1839","SFP","Samfunnspartiet",2,0,0,0
"2013","st","Nordland","Beiarn","Beiarn","1839","AKSJOLJE","Folkeliste mot oljeboring i Lofoten, Vesterålen og Senja",3,0,0,0
"2013","st","Nordland","Beiarn","Beiarn","1839","BLANKE","Blanke",3,0.91463,6,2
"2013","st","Nordland","Beiarn","Beiarn","1839","Andre","Andre",0,2.28659,15,10
"2013","st","Nordland","Beiarn","Beiarn","1839","Andre2","Andre2",0,0,0,0
"2013","st","Nordland","Saltdal","Saltdal","1840","A","Arbeiderpartiet",1,37.54128,1023,247
"2013","st","Nordland","Saltdal","Saltdal","1840","SV","Sosialistisk Venstreparti",1,4.22018,115,34
"2013","st","Nordland","Saltdal","Saltdal","1840","RØDT","Rødt",1,1.21101,33,9
"2013","st","Nordland","Saltdal","Saltdal","1840","SP","Senterpartiet",1,6.05505,165,28
"2013","st","Nordland","Saltdal","Saltdal","1840","KRF","Kristelig Folkeparti",1,4.0367,110,25
"2013","st","Nordland","Saltdal","Saltdal","1840","V","Venstre",1,3.00917,82,26
"2013","st","Nordland","Saltdal","Saltdal","1840","H","Høyre",1,21.87156,596,138
"2013","st","Nordland","Saltdal","Saltdal","1840","FRP","Fremskrittspartiet",1,19.33945,527,130
"2013","st","Nordland","Saltdal","Saltdal","1840","DEMN","Demokratene i Norge",2,0,0,0
"2013","st","Nordland","Saltdal","Saltdal","1840","KRISTNE","De Kristne",2,0.22018,6,3
"2013","st","Nordland","Saltdal","Saltdal","1840","KYST","Kystpartiet",2,0,0,0
"2013","st","Nordland","Saltdal","Saltdal","1840","MDG","Miljøpartiet De Grønne",2,1.90826,52,18
"2013","st","Nordland","Saltdal","Saltdal","1840","NKP","Norges Kommunistiske Parti",2,0.11009,3,1
"2013","st","Nordland","Saltdal","Saltdal","1840","PIR","Piratpartiet",2,0.33028,9,1
"2013","st","Nordland","Saltdal","Saltdal","1840","PP","Pensjonistpartiet",2,0.0367,1,0
"2013","st","Nordland","Saltdal","Saltdal","1840","SFP","Samfunnspartiet",2,0.0367,1,1
"2013","st","Nordland","Saltdal","Saltdal","1840","AKSJOLJE","Folkeliste mot oljeboring i Lofoten, Vesterålen og Senja",3,0.07339,2,0
"2013","st","Nordland","Saltdal","Saltdal","1840","BLANKE","Blanke",3,0.95413,26,5
"2013","st","Nordland","Saltdal","Saltdal","1840","Andre","Andre",0,2.7156,74,24
"2013","st","Nordland","Saltdal","Saltdal","1840","Andre2","Andre2",0,0,0,0
"2013","st","Nordland","Fauske","Fauske","1841","A","Arbeiderpartiet",1,39.48042,2158,615
"2013","st","Nordland","Fauske","Fauske","1841","SV","Sosialistisk Venstreparti",1,4.2993,235,62
"2013","st","Nordland","Fauske","Fauske","1841","RØDT","Rødt",1,1.73802,95,31
"2013","st","Nordland","Fauske","Fauske","1841","SP","Senterpartiet",1,4.09806,224,50
"2013","st","Nordland","Fauske","Fauske","1841","KRF","Kristelig Folkeparti",1,3.47603,190,47
"2013","st","Nordland","Fauske","Fauske","1841","V","Venstre",1,2.90889,159,49
"2013","st","Nordland","Fauske","Fauske","1841","H","Høyre",1,21.55141,1178,359
"2013","st","Nordland","Fauske","Fauske","1841","FRP","Fremskrittspartiet",1,19.39261,1060,309
"2013","st","Nordland","Fauske","Fauske","1841","DEMN","Demokratene i Norge",2,0.05488,3,1
"2013","st","Nordland","Fauske","Fauske","1841","KRISTNE","De Kristne",2,0.25613,14,3
"2013","st","Nordland","Fauske","Fauske","1841","KYST","Kystpartiet",2,0.10977,6,2
"2013","st","Nordland","Fauske","Fauske","1841","MDG","Miljøpartiet De Grønne",2,1.71972,94,35
"2013","st","Nordland","Fauske","Fauske","1841","NKP","Norges Kommunistiske Parti",2,0.03659,2,1
"2013","st","Nordland","Fauske","Fauske","1841","PIR","Piratpartiet",2,0.3659,20,6
"2013","st","Nordland","Fauske","Fauske","1841","PP","Pensjonistpartiet",2,0.3659,20,10
"2013","st","Nordland","Fauske","Fauske","1841","SFP","Samfunnspartiet",2,0.03659,2,0
"2013","st","Nordland","Fauske","Fauske","1841","AKSJOLJE","Folkeliste mot oljeboring i Lofoten, Vesterålen og Senja",3,0.10977,6,2
"2013","st","Nordland","Fauske","Fauske","1841","BLANKE","Blanke",3,0.56714,31,9
"2013","st","Nordland","Fauske","Fauske","1841","Andre","Andre",0,3.05525,167,60
"2013","st","Nordland","Fauske","Fauske","1841","Andre2","Andre2",0,0,0,0
"2013","st","Nordland","Sørfold","Sørfold","1845","A","Arbeiderpartiet",1,45.50085,536,166
"2013","st","Nordland","Sørfold","Sørfold","1845","SV","Sosialistisk Venstreparti",1,3.73514,44,11
"2013","st","Nordland","Sørfold","Sørfold","1845","RØDT","Rødt",1,1.35823,16,7
"2013","st","Nordland","Sørfold","Sørfold","1845","SP","Senterpartiet",1,8.06452,95,24
"2013","st","Nordland","Sørfold","Sørfold","1845","KRF","Kristelig Folkeparti",1,2.29202,27,11
"2013","st","Nordland","Sørfold","Sørfold","1845","V","Venstre",1,2.20713,26,7
"2013","st","Nordland","Sørfold","Sørfold","1845","H","Høyre",1,17.14771,202,68
"2013","st","Nordland","Sørfold","Sørfold","1845","FRP","Fremskrittspartiet",1,16.72326,197,60
"2013","st","Nordland","Sørfold","Sørfold","1845","DEMN","Demokratene i Norge",2,0,0,0
"2013","st","Nordland","Sørfold","Sørfold","1845","KRISTNE","De Kristne",2,0.67912,8,6
"2013","st","Nordland","Sørfold","Sørfold","1845","KYST","Kystpartiet",2,0.08489,1,0
"2013","st","Nordland","Sørfold","Sørfold","1845","MDG","Miljøpartiet De Grønne",2,0.59423,7,4
"2013","st","Nordland","Sørfold","Sørfold","1845","NKP","Norges Kommunistiske Parti",2,0.08489,1,1
"2013","st","Nordland","Sørfold","Sørfold","1845","PIR","Piratpartiet",2,0.25467,3,0
"2013","st","Nordland","Sørfold","Sørfold","1845","PP","Pensjonistpartiet",2,0.93379,11,5
"2013","st","Nordland","Sørfold","Sørfold","1845","SFP","Samfunnspartiet",2,0,0,0
"2013","st","Nordland","Sørfold","Sørfold","1845","AKSJOLJE","Folkeliste mot oljeboring i Lofoten, Vesterålen og Senja",3,0.33956,4,1
"2013","st","Nordland","Sørfold","Sørfold","1845","BLANKE","Blanke",3,0.25467,3,2
"2013","st","Nordland","Sørfold","Sørfold","1845","Andre","Andre",0,2.97114,35,17
"2013","st","Nordland","Sørfold","Sørfold","1845","Andre2","Andre2",0,0,0,0
"2013","st","Nordland","Steigen","Steigen","1848","A","Arbeiderpartiet",1,29.98615,433,128
"2013","st","Nordland","Steigen","Steigen","1848","SV","Sosialistisk Venstreparti",1,5.26316,76,30
"2013","st","Nordland","Steigen","Steigen","1848","RØDT","Rødt",1,3.60111,52,27
"2013","st","Nordland","Steigen","Steigen","1848","SP","Senterpartiet",1,13.57341,196,49
"2013","st","Nordland","Steigen","Steigen","1848","KRF","Kristelig Folkeparti",1,4.57064,66,22
"2013","st","Nordland","Steigen","Steigen","1848","V","Venstre",1,3.80886,55,27
"2013","st","Nordland","Steigen","Steigen","1848","H","Høyre",1,12.88089,186,65
"2013","st","Nordland","Steigen","Steigen","1848","FRP","Fremskrittspartiet",1,18.90582,273,110
"2013","st","Nordland","Steigen","Steigen","1848","DEMN","Demokratene i Norge",2,0,0,0
"2013","st","Nordland","Steigen","Steigen","1848","KRISTNE","De Kristne",2,0.90028,13,2
"2013","st","Nordland","Steigen","Steigen","1848","KYST","Kystpartiet",2,0.27701,4,3
"2013","st","Nordland","Steigen","Steigen","1848","MDG","Miljøpartiet De Grønne",2,2.28532,33,11
"2013","st","Nordland","Steigen","Steigen","1848","NKP","Norges Kommunistiske Parti",2,0,0,0
"2013","st","Nordland","Steigen","Steigen","1848","PIR","Piratpartiet",2,0.06925,1,0
"2013","st","Nordland","Steigen","Steigen","1848","PP","Pensjonistpartiet",2,3.60111,52,17
"2013","st","Nordland","Steigen","Steigen","1848","SFP","Samfunnspartiet",2,0,0,0
"2013","st","Nordland","Steigen","Steigen","1848","AKSJOLJE","Folkeliste mot oljeboring i Lofoten, Vesterålen og Senja",3,0.27701,4,3
"2013","st","Nordland","Steigen","Steigen","1848","BLANKE","Blanke",3,0.41551,6,2
"2013","st","Nordland","Steigen","Steigen","1848","Andre","Andre",0,7.40997,107,36
"2013","st","Nordland","Steigen","Steigen","1848","Andre2","Andre2",0,0,0,0
"2013","st","Nordland","Hamarøy","Hamarøy","1849","A","Arbeiderpartiet",1,26.5947,271,86
"2013","st","Nordland","Hamarøy","Hamarøy","1849","SV","Sosialistisk Venstreparti",1,6.77134,69,25
"2013","st","Nordland","Hamarøy","Hamarøy","1849","RØDT","Rødt",1,1.86457,19,5
"2013","st","Nordland","Hamarøy","Hamarøy","1849","SP","Senterpartiet",1,9.421,96,14
"2013","st","Nordland","Hamarøy","Hamarøy","1849","KRF","Kristelig Folkeparti",1,3.3366,34,7
"2013","st","Nordland","Hamarøy","Hamarøy","1849","V","Venstre",1,8.53778,87,26
"2013","st","Nordland","Hamarøy","Hamarøy","1849","H","Høyre",1,19.43081,198,51
"2013","st","Nordland","Hamarøy","Hamarøy","1849","FRP","Fremskrittspartiet",1,20.01963,204,39
"2013","st","Nordland","Hamarøy","Hamarøy","1849","DEMN","Demokratene i Norge",2,0.19627,2,0
"2013","st","Nordland","Hamarøy","Hamarøy","1849","KRISTNE","De Kristne",2,0.49068,5,1
"2013","st","Nordland","Hamarøy","Hamarøy","1849","KYST","Kystpartiet",2,0.19627,2,0
"2013","st","Nordland","Hamarøy","Hamarøy","1849","MDG","Miljøpartiet De Grønne",2,2.15898,22,6
"2013","st","Nordland","Hamarøy","Hamarøy","1849","NKP","Norges Kommunistiske Parti",2,0.19627,2,2
"2013","st","Nordland","Hamarøy","Hamarøy","1849","PIR","Piratpartiet",2,0.29441,3,3
"2013","st","Nordland","Hamarøy","Hamarøy","1849","PP","Pensjonistpartiet",2,0.39254,4,0
"2013","st","Nordland","Hamarøy","Hamarøy","1849","SFP","Samfunnspartiet",2,0.09814,1,0
"2013","st","Nordland","Hamarøy","Hamarøy","1849","AKSJOLJE","Folkeliste mot oljeboring i Lofoten, Vesterålen og Senja",3,0,0,0
"2013","st","Nordland","Hamarøy","Hamarøy","1849","BLANKE","Blanke",3,0.78508,8,8
"2013","st","Nordland","Hamarøy","Hamarøy","1849","Andre","Andre",0,4.02355,41,12
"2013","st","Nordland","Hamarøy","Hamarøy","1849","Andre2","Andre2",0,0,0,0
"2013","st","Nordland","Tysfjord","Tysfjord","1850","A","Arbeiderpartiet",1,33.80399,407,138
"2013","st","Nordland","Tysfjord","Tysfjord","1850","SV","Sosialistisk Venstreparti",1,4.81728,58,21
"2013","st","Nordland","Tysfjord","Tysfjord","1850","RØDT","Rødt",1,0.66445,8,2
"2013","st","Nordland","Tysfjord","Tysfjord","1850","SP","Senterpartiet",1,5.7309,69,18
"2013","st","Nordland","Tysfjord","Tysfjord","1850","KRF","Kristelig Folkeparti",1,6.89369,83,29
"2013","st","Nordland","Tysfjord","Tysfjord","1850","V","Venstre",1,3.32226,40,13
"2013","st","Nordland","Tysfjord","Tysfjord","1850","H","Høyre",1,19.43522,234,70
"2013","st","Nordland","Tysfjord","Tysfjord","1850","FRP","Fremskrittspartiet",1,21.51163,259,89
"2013","st","Nordland","Tysfjord","Tysfjord","1850","DEMN","Demokratene i Norge",2,0.08306,1,0
"2013","st","Nordland","Tysfjord","Tysfjord","1850","KRISTNE","De Kristne",2,0.74751,9,6
"2013","st","Nordland","Tysfjord","Tysfjord","1850","KYST","Kystpartiet",2,0,0,0
"2013","st","Nordland","Tysfjord","Tysfjord","1850","MDG","Miljøpartiet De Grønne",2,2.40864,29,13
"2013","st","Nordland","Tysfjord","Tysfjord","1850","NKP","Norges Kommunistiske Parti",2,0,0,0
"2013","st","Nordland","Tysfjord","Tysfjord","1850","PIR","Piratpartiet",2,0.24917,3,2
"2013","st","Nordland","Tysfjord","Tysfjord","1850","PP","Pensjonistpartiet",2,0.33223,4,1
"2013","st","Nordland","Tysfjord","Tysfjord","1850","SFP","Samfunnspartiet",2,0,0,0
"2013","st","Nordland","Tysfjord","Tysfjord","1850","AKSJOLJE","Folkeliste mot oljeboring i Lofoten, Vesterålen og Senja",3,0,0,0
"2013","st","Nordland","Tysfjord","Tysfjord","1850","BLANKE","Blanke",3,0.33223,4,0
"2013","st","Nordland","Tysfjord","Tysfjord","1850","Andre","Andre",0,3.8206,46,22
"2013","st","Nordland","Tysfjord","Tysfjord","1850","Andre2","Andre2",0,0,0,0
"2013","st","Nordland","Lødingen","Lødingen","1851","A","Arbeiderpartiet",1,28.76817,376,115
"2013","st","Nordland","Lødingen","Lødingen","1851","SV","Sosialistisk Venstreparti",1,6.1974,81,31
"2013","st","Nordland","Lødingen","Lødingen","1851","RØDT","Rødt",1,0.6886,9,3
"2013","st","Nordland","Lødingen","Lødingen","1851","SP","Senterpartiet",1,5.73833,75,13
"2013","st","Nordland","Lødingen","Lødingen","1851","KRF","Kristelig Folkeparti",1,2.29533,30,13
"2013","st","Nordland","Lødingen","Lødingen","1851","V","Venstre",1,6.1974,81,26
"2013","st","Nordland","Lødingen","Lødingen","1851","H","Høyre",1,23.94797,313,106
"2013","st","Nordland","Lødingen","Lødingen","1851","FRP","Fremskrittspartiet",1,22.11171,289,96
"2013","st","Nordland","Lødingen","Lødingen","1851","DEMN","Demokratene i Norge",2,0.07651,1,0
"2013","st","Nordland","Lødingen","Lødingen","1851","KRISTNE","De Kristne",2,0.30604,4,0
"2013","st","Nordland","Lødingen","Lødingen","1851","KYST","Kystpartiet",2,0.15302,2,1
"2013","st","Nordland","Lødingen","Lødingen","1851","MDG","Miljøpartiet De Grønne",2,2.60138,34,12
"2013","st","Nordland","Lødingen","Lødingen","1851","NKP","Norges Kommunistiske Parti",2,0.15302,2,1
"2013","st","Nordland","Lødingen","Lødingen","1851","PIR","Piratpartiet",2,0.15302,2,0
"2013","st","Nordland","Lødingen","Lødingen","1851","PP","Pensjonistpartiet",2,0.22953,3,1
"2013","st","Nordland","Lødingen","Lødingen","1851","SFP","Samfunnspartiet",2,0,0,0
"2013","st","Nordland","Lødingen","Lødingen","1851","AKSJOLJE","Folkeliste mot oljeboring i Lofoten, Vesterålen og Senja",3,0.38256,5,3
"2013","st","Nordland","Lødingen","Lødingen","1851","BLANKE","Blanke",3,0.45907,6,4
"2013","st","Nordland","Lødingen","Lødingen","1851","Andre","Andre",0,4.05509,53,18
"2013","st","Nordland","Lødingen","Lødingen","1851","Andre2","Andre2",0,0,0,0
"2013","st","Nordland","Tjeldsund","Tjeldsund","1852","A","Arbeiderpartiet",1,30.15267,237,53
"2013","st","Nordland","Tjeldsund","Tjeldsund","1852","SV","Sosialistisk Venstreparti",1,1.9084,15,2
"2013","st","Nordland","Tjeldsund","Tjeldsund","1852","RØDT","Rødt",1,0.25445,2,1
"2013","st","Nordland","Tjeldsund","Tjeldsund","1852","SP","Senterpartiet",1,7.12468,56,8
"2013","st","Nordland","Tjeldsund","Tjeldsund","1852","KRF","Kristelig Folkeparti",1,4.3257,34,5
"2013","st","Nordland","Tjeldsund","Tjeldsund","1852","V","Venstre",1,2.92621,23,5
"2013","st","Nordland","Tjeldsund","Tjeldsund","1852","H","Høyre",1,26.71756,210,39
"2013","st","Nordland","Tjeldsund","Tjeldsund","1852","FRP","Fremskrittspartiet",1,23.91858,188,33
"2013","st","Nordland","Tjeldsund","Tjeldsund","1852","DEMN","Demokratene i Norge",2,0,0,0
"2013","st","Nordland","Tjeldsund","Tjeldsund","1852","KRISTNE","De Kristne",2,0.50891,4,2
"2013","st","Nordland","Tjeldsund","Tjeldsund","1852","KYST","Kystpartiet",2,0.25445,2,0
"2013","st","Nordland","Tjeldsund","Tjeldsund","1852","MDG","Miljøpartiet De Grønne",2,1.27226,10,2
"2013","st","Nordland","Tjeldsund","Tjeldsund","1852","NKP","Norges Kommunistiske Parti",2,0,0,0
"2013","st","Nordland","Tjeldsund","Tjeldsund","1852","PIR","Piratpartiet",2,0.38168,3,0
"2013","st","Nordland","Tjeldsund","Tjeldsund","1852","PP","Pensjonistpartiet",2,0.12723,1,0
"2013","st","Nordland","Tjeldsund","Tjeldsund","1852","SFP","Samfunnspartiet",2,0,0,0
"2013","st","Nordland","Tjeldsund","Tjeldsund","1852","AKSJOLJE","Folkeliste mot oljeboring i Lofoten, Vesterålen og Senja",3,0.12723,1,0
"2013","st","Nordland","Tjeldsund","Tjeldsund","1852","BLANKE","Blanke",3,0.50891,4,2
"2013","st","Nordland","Tjeldsund","Tjeldsund","1852","Andre","Andre",0,2.67176,21,4
"2013","st","Nordland","Tjeldsund","Tjeldsund","1852","Andre2","Andre2",0,0,0,0
"2013","st","Nordland","Evenes","Evenes","1853","A","Arbeiderpartiet",1,28.13688,222,57
"2013","st","Nordland","Evenes","Evenes","1853","SV","Sosialistisk Venstreparti",1,4.94297,39,11
"2013","st","Nordland","Evenes","Evenes","1853","RØDT","Rødt",1,1.01394,8,3
"2013","st","Nordland","Evenes","Evenes","1853","SP","Senterpartiet",1,11.53359,91,16
"2013","st","Nordland","Evenes","Evenes","1853","KRF","Kristelig Folkeparti",1,3.80228,30,6
"2013","st","Nordland","Evenes","Evenes","1853","V","Venstre",1,3.29531,26,9
"2013","st","Nordland","Evenes","Evenes","1853","H","Høyre",1,24.58809,194,59
"2013","st","Nordland","Evenes","Evenes","1853","FRP","Fremskrittspartiet",1,20.02535,158,30
"2013","st","Nordland","Evenes","Evenes","1853","DEMN","Demokratene i Norge",2,0,0,0
"2013","st","Nordland","Evenes","Evenes","1853","KRISTNE","De Kristne",2,0.25349,2,1
"2013","st","Nordland","Evenes","Evenes","1853","KYST","Kystpartiet",2,0,0,0
"2013","st","Nordland","Evenes","Evenes","1853","MDG","Miljøpartiet De Grønne",2,1.7744,14,3
"2013","st","Nordland","Evenes","Evenes","1853","NKP","Norges Kommunistiske Parti",2,0,0,0
"2013","st","Nordland","Evenes","Evenes","1853","PIR","Piratpartiet",2,0.25349,2,1
"2013","st","Nordland","Evenes","Evenes","1853","PP","Pensjonistpartiet",2,0.12674,1,0
"2013","st","Nordland","Evenes","Evenes","1853","SFP","Samfunnspartiet",2,0,0,0
"2013","st","Nordland","Evenes","Evenes","1853","AKSJOLJE","Folkeliste mot oljeboring i Lofoten, Vesterålen og Senja",3,0.25349,2,0
"2013","st","Nordland","Evenes","Evenes","1853","BLANKE","Blanke",3,0.50697,4,1
"2013","st","Nordland","Evenes","Evenes","1853","Andre","Andre",0,2.6616,21,5
"2013","st","Nordland","Evenes","Evenes","1853","Andre2","Andre2",0,0,0,0
"2013","st","Nordland","Ballangen","Ballangen","1854","A","Arbeiderpartiet",1,29.28216,412,108
"2013","st","Nordland","Ballangen","Ballangen","1854","SV","Sosialistisk Venstreparti",1,2.1322,30,12
"2013","st","Nordland","Ballangen","Ballangen","1854","RØDT","Rødt",1,0.49751,7,4
"2013","st","Nordland","Ballangen","Ballangen","1854","SP","Senterpartiet",1,10.02132,141,30
"2013","st","Nordland","Ballangen","Ballangen","1854","KRF","Kristelig Folkeparti",1,6.96517,98,28
"2013","st","Nordland","Ballangen","Ballangen","1854","V","Venstre",1,2.84293,40,6
"2013","st","Nordland","Ballangen","Ballangen","1854","H","Høyre",1,22.24591,313,66
"2013","st","Nordland","Ballangen","Ballangen","1854","FRP","Fremskrittspartiet",1,20.9666,295,75
"2013","st","Nordland","Ballangen","Ballangen","1854","DEMN","Demokratene i Norge",2,0,0,0
"2013","st","Nordland","Ballangen","Ballangen","1854","KRISTNE","De Kristne",2,1.0661,15,4
"2013","st","Nordland","Ballangen","Ballangen","1854","KYST","Kystpartiet",2,0.07107,1,0
"2013","st","Nordland","Ballangen","Ballangen","1854","MDG","Miljøpartiet De Grønne",2,1.8479,26,8
"2013","st","Nordland","Ballangen","Ballangen","1854","NKP","Norges Kommunistiske Parti",2,0.07107,1,0
"2013","st","Nordland","Ballangen","Ballangen","1854","PIR","Piratpartiet",2,1.27932,18,9
"2013","st","Nordland","Ballangen","Ballangen","1854","PP","Pensjonistpartiet",2,0.21322,3,1
"2013","st","Nordland","Ballangen","Ballangen","1854","SFP","Samfunnspartiet",2,0.49751,7,1
"2013","st","Nordland","Ballangen","Ballangen","1854","AKSJOLJE","Folkeliste mot oljeboring i Lofoten, Vesterålen og Senja",3,0,0,0
"2013","st","Nordland","Ballangen","Ballangen","1854","BLANKE","Blanke",3,0.35537,5,1
"2013","st","Nordland","Ballangen","Ballangen","1854","Andre","Andre",0,5.0462,71,23
"2013","st","Nordland","Ballangen","Ballangen","1854","Andre2","Andre2",0,0,0,0
"2013","st","Nordland","Røst","Røst","1856","A","Arbeiderpartiet",1,43.43434,129,33
"2013","st","Nordland","Røst","Røst","1856","SV","Sosialistisk Venstreparti",1,7.07071,21,4
"2013","st","Nordland","Røst","Røst","1856","RØDT","Rødt",1,0.3367,1,0
"2013","st","Nordland","Røst","Røst","1856","SP","Senterpartiet",1,5.72391,17,8
"2013","st","Nordland","Røst","Røst","1856","KRF","Kristelig Folkeparti",1,1.6835,5,2
"2013","st","Nordland","Røst","Røst","1856","V","Venstre",1,6.73401,20,3
"2013","st","Nordland","Røst","Røst","1856","H","Høyre",1,16.49832,49,17
"2013","st","Nordland","Røst","Røst","1856","FRP","Fremskrittspartiet",1,15.15152,45,17
"2013","st","Nordland","Røst","Røst","1856","DEMN","Demokratene i Norge",2,0,0,0
"2013","st","Nordland","Røst","Røst","1856","KRISTNE","De Kristne",2,0,0,0
"2013","st","Nordland","Røst","Røst","1856","KYST","Kystpartiet",2,1.3468,4,2
"2013","st","Nordland","Røst","Røst","1856","MDG","Miljøpartiet De Grønne",2,0.3367,1,0
"2013","st","Nordland","Røst","Røst","1856","NKP","Norges Kommunistiske Parti",2,0,0,0
"2013","st","Nordland","Røst","Røst","1856","PIR","Piratpartiet",2,0.6734,2,0
"2013","st","Nordland","Røst","Røst","1856","PP","Pensjonistpartiet",2,0.6734,2,0
"2013","st","Nordland","Røst","Røst","1856","SFP","Samfunnspartiet",2,0.3367,1,1
"2013","st","Nordland","Røst","Røst","1856","AKSJOLJE","Folkeliste mot oljeboring i Lofoten, Vesterålen og Senja",3,0,0,0
"2013","st","Nordland","Røst","Røst","1856","BLANKE","Blanke",3,0,0,0
"2013","st","Nordland","Røst","Røst","1856","Andre","Andre",0,3.367,10,3
"2013","st","Nordland","Røst","Røst","1856","Andre2","Andre2",0,0,0,0
"2013","st","Nordland","Værøy","Værøy","1857","A","Arbeiderpartiet",1,27.5,99,34
"2013","st","Nordland","Værøy","Værøy","1857","SV","Sosialistisk Venstreparti",1,5,18,3
"2013","st","Nordland","Værøy","Værøy","1857","RØDT","Rødt",1,0.55556,2,1
"2013","st","Nordland","Værøy","Værøy","1857","SP","Senterpartiet",1,7.5,27,6
"2013","st","Nordland","Værøy","Værøy","1857","KRF","Kristelig Folkeparti",1,9.16667,33,15
"2013","st","Nordland","Værøy","Værøy","1857","V","Venstre",1,2.5,9,3
"2013","st","Nordland","Værøy","Værøy","1857","H","Høyre",1,16.66667,60,22
"2013","st","Nordland","Værøy","Værøy","1857","FRP","Fremskrittspartiet",1,24.16667,87,31
"2013","st","Nordland","Værøy","Værøy","1857","DEMN","Demokratene i Norge",2,0,0,0
"2013","st","Nordland","Værøy","Værøy","1857","KRISTNE","De Kristne",2,3.61111,13,3
"2013","st","Nordland","Værøy","Værøy","1857","KYST","Kystpartiet",2,0.83333,3,1
"2013","st","Nordland","Værøy","Værøy","1857","MDG","Miljøpartiet De Grønne",2,1.11111,4,0
"2013","st","Nordland","Værøy","Værøy","1857","NKP","Norges Kommunistiske Parti",2,0,0,0
"2013","st","Nordland","Værøy","Værøy","1857","PIR","Piratpartiet",2,0.27778,1,0
"2013","st","Nordland","Værøy","Værøy","1857","PP","Pensjonistpartiet",2,0,0,0
"2013","st","Nordland","Værøy","Værøy","1857","SFP","Samfunnspartiet",2,0,0,0
"2013","st","Nordland","Værøy","Værøy","1857","AKSJOLJE","Folkeliste mot oljeboring i Lofoten, Vesterålen og Senja",3,1.11111,4,1
"2013","st","Nordland","Værøy","Værøy","1857","BLANKE","Blanke",3,0.83333,3,1
"2013","st","Nordland","Værøy","Værøy","1857","Andre","Andre",0,6.94444,25,5
"2013","st","Nordland","Værøy","Værøy","1857","Andre2","Andre2",0,0,0,0
"2013","st","Nordland","Flakstad","Flakstad","1859","A","Arbeiderpartiet",1,27.44253,191,45
"2013","st","Nordland","Flakstad","Flakstad","1859","SV","Sosialistisk Venstreparti",1,7.9023,55,17
"2013","st","Nordland","Flakstad","Flakstad","1859","RØDT","Rødt",1,0.43103,3,0
"2013","st","Nordland","Flakstad","Flakstad","1859","SP","Senterpartiet",1,21.83908,152,23
"2013","st","Nordland","Flakstad","Flakstad","1859","KRF","Kristelig Folkeparti",1,4.02299,28,8
"2013","st","Nordland","Flakstad","Flakstad","1859","V","Venstre",1,4.31034,30,3
"2013","st","Nordland","Flakstad","Flakstad","1859","H","Høyre",1,13.07471,91,27
"2013","st","Nordland","Flakstad","Flakstad","1859","FRP","Fremskrittspartiet",1,14.65517,102,30
"2013","st","Nordland","Flakstad","Flakstad","1859","DEMN","Demokratene i Norge",2,0,0,0
"2013","st","Nordland","Flakstad","Flakstad","1859","KRISTNE","De Kristne",2,0.71839,5,1
"2013","st","Nordland","Flakstad","Flakstad","1859","KYST","Kystpartiet",2,1.14943,8,0
"2013","st","Nordland","Flakstad","Flakstad","1859","MDG","Miljøpartiet De Grønne",2,3.16092,22,5
"2013","st","Nordland","Flakstad","Flakstad","1859","NKP","Norges Kommunistiske Parti",2,0,0,0
"2013","st","Nordland","Flakstad","Flakstad","1859","PIR","Piratpartiet",2,0.14368,1,1
"2013","st","Nordland","Flakstad","Flakstad","1859","PP","Pensjonistpartiet",2,0.28736,2,1
"2013","st","Nordland","Flakstad","Flakstad","1859","SFP","Samfunnspartiet",2,0.43103,3,0
"2013","st","Nordland","Flakstad","Flakstad","1859","AKSJOLJE","Folkeliste mot oljeboring i Lofoten, Vesterålen og Senja",3,0.43103,3,0
"2013","st","Nordland","Flakstad","Flakstad","1859","BLANKE","Blanke",3,0.28736,2,1
"2013","st","Nordland","Flakstad","Flakstad","1859","Andre","Andre",0,6.32184,44,8
"2013","st","Nordland","Flakstad","Flakstad","1859","Andre2","Andre2",0,0,0,0
"2013","st","Nordland","Vestvågøy","Vestvågøy","1860","A","Arbeiderpartiet",1,27.30012,1540,492
"2013","st","Nordland","Vestvågøy","Vestvågøy","1860","SV","Sosialistisk Venstreparti",1,5.93866,335,97
"2013","st","Nordland","Vestvågøy","Vestvågøy","1860","RØDT","Rødt",1,0.95728,54,13
"2013","st","Nordland","Vestvågøy","Vestvågøy","1860","SP","Senterpartiet",1,9.32459,526,128
"2013","st","Nordland","Vestvågøy","Vestvågøy","1860","KRF","Kristelig Folkeparti",1,6.84276,386,133
"2013","st","Nordland","Vestvågøy","Vestvågøy","1860","V","Venstre",1,4.16593,235,75
"2013","st","Nordland","Vestvågøy","Vestvågøy","1860","H","Høyre",1,22.2301,1254,388
"2013","st","Nordland","Vestvågøy","Vestvågøy","1860","FRP","Fremskrittspartiet",1,18.64918,1052,310
"2013","st","Nordland","Vestvågøy","Vestvågøy","1860","DEMN","Demokratene i Norge",2,0.05318,3,1
"2013","st","Nordland","Vestvågøy","Vestvågøy","1860","KRISTNE","De Kristne",2,1.4891,84,41
"2013","st","Nordland","Vestvågøy","Vestvågøy","1860","KYST","Kystpartiet",2,0.35455,20,9
"2013","st","Nordland","Vestvågøy","Vestvågøy","1860","MDG","Miljøpartiet De Grønne",2,2.0741,117,49
"2013","st","Nordland","Vestvågøy","Vestvågøy","1860","NKP","Norges Kommunistiske Parti",2,0.01773,1,0
"2013","st","Nordland","Vestvågøy","Vestvågøy","1860","PIR","Piratpartiet",2,0.10636,6,2
"2013","st","Nordland","Vestvågøy","Vestvågøy","1860","PP","Pensjonistpartiet",2,0.195,11,4
"2013","st","Nordland","Vestvågøy","Vestvågøy","1860","SFP","Samfunnspartiet",2,0.01773,1,0
"2013","st","Nordland","Vestvågøy","Vestvågøy","1860","AKSJOLJE","Folkeliste mot oljeboring i Lofoten, Vesterålen og Senja",3,0.28364,16,5
"2013","st","Nordland","Vestvågøy","Vestvågøy","1860","BLANKE","Blanke",3,0.30137,17,6
"2013","st","Nordland","Vestvågøy","Vestvågøy","1860","Andre","Andre",0,4.59138,259,111
"2013","st","Nordland","Vestvågøy","Vestvågøy","1860","Andre2","Andre2",0,0,0,0
"2013","st","Nordland","Vågan","Vågan","1865","A","Arbeiderpartiet",1,31.41706,1481,453
"2013","st","Nordland","Vågan","Vågan","1865","SV","Sosialistisk Venstreparti",1,6.51252,307,104
"2013","st","Nordland","Vågan","Vågan","1865","RØDT","Rødt",1,2.35469,111,40
"2013","st","Nordland","Vågan","Vågan","1865","SP","Senterpartiet",1,5.11243,241,43
"2013","st","Nordland","Vågan","Vågan","1865","KRF","Kristelig Folkeparti",1,2.54561,120,42
"2013","st","Nordland","Vågan","Vågan","1865","V","Venstre",1,6.21553,293,96
"2013","st","Nordland","Vågan","Vågan","1865","H","Høyre",1,24.75605,1167,398
"2013","st","Nordland","Vågan","Vågan","1865","FRP","Fremskrittspartiet",1,17.20407,811,304
"2013","st","Nordland","Vågan","Vågan","1865","DEMN","Demokratene i Norge",2,0,0,0
"2013","st","Nordland","Vågan","Vågan","1865","KRISTNE","De Kristne",2,0.23335,11,1
"2013","st","Nordland","Vågan","Vågan","1865","KYST","Kystpartiet",2,0.86975,41,16
"2013","st","Nordland","Vågan","Vågan","1865","MDG","Miljøpartiet De Grønne",2,1.78193,84,45
"2013","st","Nordland","Vågan","Vågan","1865","NKP","Norges Kommunistiske Parti",2,0,0,0
"2013","st","Nordland","Vågan","Vågan","1865","PIR","Piratpartiet",2,0.36063,17,10
"2013","st","Nordland","Vågan","Vågan","1865","PP","Pensjonistpartiet",2,0.27577,13,5
"2013","st","Nordland","Vågan","Vågan","1865","SFP","Samfunnspartiet",2,0.04243,2,0
"2013","st","Nordland","Vågan","Vågan","1865","AKSJOLJE","Folkeliste mot oljeboring i Lofoten, Vesterålen og Senja",3,0.3182,15,2
"2013","st","Nordland","Vågan","Vågan","1865","BLANKE","Blanke",3,0.42427,20,3
"2013","st","Nordland","Vågan","Vågan","1865","Andre","Andre",0,3.88205,183,79
"2013","st","Nordland","Vågan","Vågan","1865","Andre2","Andre2",0,0,0,0
"2013","st","Nordland","Hadsel","Hadsel","1866","A","Arbeiderpartiet",1,35.20703,1522,418
"2013","st","Nordland","Hadsel","Hadsel","1866","SV","Sosialistisk Venstreparti",1,5.69049,246,76
"2013","st","Nordland","Hadsel","Hadsel","1866","RØDT","Rødt",1,1.45732,63,20
"2013","st","Nordland","Hadsel","Hadsel","1866","SP","Senterpartiet",1,5.96808,258,60
"2013","st","Nordland","Hadsel","Hadsel","1866","KRF","Kristelig Folkeparti",1,3.0997,134,35
"2013","st","Nordland","Hadsel","Hadsel","1866","V","Venstre",1,7.4948,324,82
"2013","st","Nordland","Hadsel","Hadsel","1866","H","Høyre",1,16.86329,729,231
"2013","st","Nordland","Hadsel","Hadsel","1866","FRP","Fremskrittspartiet",1,20.65695,893,271
"2013","st","Nordland","Hadsel","Hadsel","1866","DEMN","Demokratene i Norge",2,0,0,0
"2013","st","Nordland","Hadsel","Hadsel","1866","KRISTNE","De Kristne",2,0.37011,16,8
"2013","st","Nordland","Hadsel","Hadsel","1866","KYST","Kystpartiet",2,0.09253,4,1
"2013","st","Nordland","Hadsel","Hadsel","1866","MDG","Miljøpartiet De Grønne",2,2.03562,88,30
"2013","st","Nordland","Hadsel","Hadsel","1866","NKP","Norges Kommunistiske Parti",2,0.02313,1,0
"2013","st","Nordland","Hadsel","Hadsel","1866","PIR","Piratpartiet",2,0.34698,15,1
"2013","st","Nordland","Hadsel","Hadsel","1866","PP","Pensjonistpartiet",2,0.34698,15,5
"2013","st","Nordland","Hadsel","Hadsel","1866","SFP","Samfunnspartiet",2,0.02313,1,0
"2013","st","Nordland","Hadsel","Hadsel","1866","AKSJOLJE","Folkeliste mot oljeboring i Lofoten, Vesterålen og Senja",3,0.32385,14,3
"2013","st","Nordland","Hadsel","Hadsel","1866","BLANKE","Blanke",3,0.60143,26,6
"2013","st","Nordland","Hadsel","Hadsel","1866","Andre","Andre",0,3.56234,154,48
"2013","st","Nordland","Hadsel","Hadsel","1866","Andre2","Andre2",0,0,0,0
"2013","st","Nordland","Bø","Bø","1867","A","Arbeiderpartiet",1,32,480,119
"2013","st","Nordland","Bø","Bø","1867","SV","Sosialistisk Venstreparti",1,4.86667,73,17
"2013","st","Nordland","Bø","Bø","1867","RØDT","Rødt",1,0.4,6,2
"2013","st","Nordland","Bø","Bø","1867","SP","Senterpartiet",1,9.73333,146,40
"2013","st","Nordland","Bø","Bø","1867","KRF","Kristelig Folkeparti",1,3,45,14
"2013","st","Nordland","Bø","Bø","1867","V","Venstre",1,5.26667,79,21
"2013","st","Nordland","Bø","Bø","1867","H","Høyre",1,16.66667,250,71
"2013","st","Nordland","Bø","Bø","1867","FRP","Fremskrittspartiet",1,24.13333,362,105
"2013","st","Nordland","Bø","Bø","1867","DEMN","Demokratene i Norge",2,0.06667,1,1
"2013","st","Nordland","Bø","Bø","1867","KRISTNE","De Kristne",2,1.06667,16,3
"2013","st","Nordland","Bø","Bø","1867","KYST","Kystpartiet",2,0.46667,7,3
"2013","st","Nordland","Bø","Bø","1867","MDG","Miljøpartiet De Grønne",2,1.46667,22,6
"2013","st","Nordland","Bø","Bø","1867","NKP","Norges Kommunistiske Parti",2,0,0,0
"2013","st","Nordland","Bø","Bø","1867","PIR","Piratpartiet",2,0.06667,1,0
"2013","st","Nordland","Bø","Bø","1867","PP","Pensjonistpartiet",2,0.53333,8,2
"2013","st","Nordland","Bø","Bø","1867","SFP","Samfunnspartiet",2,0.06667,1,0
"2013","st","Nordland","Bø","Bø","1867","AKSJOLJE","Folkeliste mot oljeboring i Lofoten, Vesterålen og Senja",3,0.2,3,1
"2013","st","Nordland","Bø","Bø","1867","BLANKE","Blanke",3,0.66667,10,2
"2013","st","Nordland","Bø","Bø","1867","Andre","Andre",0,3.93333,59,16
"2013","st","Nordland","Bø","Bø","1867","Andre2","Andre2",0,0,0,0
"2013","st","Nordland","Øksnes","Øksnes","1868","A","Arbeiderpartiet",1,31.19143,699,234
"2013","st","Nordland","Øksnes","Øksnes","1868","SV","Sosialistisk Venstreparti",1,6.47033,145,55
"2013","st","Nordland","Øksnes","Øksnes","1868","RØDT","Rødt",1,0.71397,16,7
"2013","st","Nordland","Øksnes","Øksnes","1868","SP","Senterpartiet",1,6.91656,155,52
"2013","st","Nordland","Øksnes","Øksnes","1868","KRF","Kristelig Folkeparti",1,5.53324,124,39
"2013","st","Nordland","Øksnes","Øksnes","1868","V","Venstre",1,3.97144,89,30
"2013","st","Nordland","Øksnes","Øksnes","1868","H","Høyre",1,18.65239,418,168
"2013","st","Nordland","Øksnes","Øksnes","1868","FRP","Fremskrittspartiet",1,22.04373,494,175
"2013","st","Nordland","Øksnes","Øksnes","1868","DEMN","Demokratene i Norge",2,0.08925,2,0
"2013","st","Nordland","Øksnes","Øksnes","1868","KRISTNE","De Kristne",2,1.02633,23,12
"2013","st","Nordland","Øksnes","Øksnes","1868","KYST","Kystpartiet",2,1.20482,27,7
"2013","st","Nordland","Øksnes","Øksnes","1868","MDG","Miljøpartiet De Grønne",2,1.29407,29,10
"2013","st","Nordland","Øksnes","Øksnes","1868","NKP","Norges Kommunistiske Parti",2,0,0,0
"2013","st","Nordland","Øksnes","Øksnes","1868","PIR","Piratpartiet",2,0.13387,3,0
"2013","st","Nordland","Øksnes","Øksnes","1868","PP","Pensjonistpartiet",2,0.44623,10,6
"2013","st","Nordland","Øksnes","Øksnes","1868","SFP","Samfunnspartiet",2,0.04462,1,1
"2013","st","Nordland","Øksnes","Øksnes","1868","AKSJOLJE","Folkeliste mot oljeboring i Lofoten, Vesterålen og Senja",3,0.26774,6,1
"2013","st","Nordland","Øksnes","Øksnes","1868","BLANKE","Blanke",3,0.80321,18,6
"2013","st","Nordland","Øksnes","Øksnes","1868","Andre","Andre",0,4.50692,101,37
"2013","st","Nordland","Øksnes","Øksnes","1868","Andre2","Andre2",0,0,0,0
"2013","st","Nordland","Sortland","Sortland","1870","A","Arbeiderpartiet",1,30.48689,1628,470
"2013","st","Nordland","Sortland","Sortland","1870","SV","Sosialistisk Venstreparti",1,6.7603,361,99
"2013","st","Nordland","Sortland","Sortland","1870","RØDT","Rødt",1,1.42322,76,24
"2013","st","Nordland","Sortland","Sortland","1870","SP","Senterpartiet",1,6.08614,325,69
"2013","st","Nordland","Sortland","Sortland","1870","KRF","Kristelig Folkeparti",1,3.78277,202,53
"2013","st","Nordland","Sortland","Sortland","1870","V","Venstre",1,3.95131,211,50
"2013","st","Nordland","Sortland","Sortland","1870","H","Høyre",1,23.89513,1276,342
"2013","st","Nordland","Sortland","Sortland","1870","FRP","Fremskrittspartiet",1,19.90637,1063,333
"2013","st","Nordland","Sortland","Sortland","1870","DEMN","Demokratene i Norge",2,0.07491,4,1
"2013","st","Nordland","Sortland","Sortland","1870","KRISTNE","De Kristne",2,0.44944,24,11
"2013","st","Nordland","Sortland","Sortland","1870","KYST","Kystpartiet",2,0.33708,18,4
"2013","st","Nordland","Sortland","Sortland","1870","MDG","Miljøpartiet De Grønne",2,1.96629,105,47
"2013","st","Nordland","Sortland","Sortland","1870","NKP","Norges Kommunistiske Parti",2,0.01873,1,1
"2013","st","Nordland","Sortland","Sortland","1870","PIR","Piratpartiet",2,0.29963,16,4
"2013","st","Nordland","Sortland","Sortland","1870","PP","Pensjonistpartiet",2,0.35581,19,9
"2013","st","Nordland","Sortland","Sortland","1870","SFP","Samfunnspartiet",2,0.05618,3,0
"2013","st","Nordland","Sortland","Sortland","1870","AKSJOLJE","Folkeliste mot oljeboring i Lofoten, Vesterålen og Senja",3,0.14981,8,0
"2013","st","Nordland","Sortland","Sortland","1870","BLANKE","Blanke",3,0.46816,25,6
"2013","st","Nordland","Sortland","Sortland","1870","Andre","Andre",0,3.70787,198,77
"2013","st","Nordland","Sortland","Sortland","1870","Andre2","Andre2",0,0,0,0
"2013","st","Nordland","Andøy","Andøy","1871","A","Arbeiderpartiet",1,34.81216,973,217
"2013","st","Nordland","Andøy","Andøy","1871","SV","Sosialistisk Venstreparti",1,4.22182,118,29
"2013","st","Nordland","Andøy","Andøy","1871","RØDT","Rødt",1,0.50089,14,5
"2013","st","Nordland","Andøy","Andøy","1871","SP","Senterpartiet",1,8.37209,234,39
"2013","st","Nordland","Andøy","Andøy","1871","KRF","Kristelig Folkeparti",1,3.39893,95,24
"2013","st","Nordland","Andøy","Andøy","1871","V","Venstre",1,4.65116,130,27
"2013","st","Nordland","Andøy","Andøy","1871","H","Høyre",1,20.8229,582,169
"2013","st","Nordland","Andøy","Andøy","1871","FRP","Fremskrittspartiet",1,18.74776,524,108
"2013","st","Nordland","Andøy","Andøy","1871","DEMN","Demokratene i Norge",2,0.03578,1,0
"2013","st","Nordland","Andøy","Andøy","1871","KRISTNE","De Kristne",2,0.46512,13,4
"2013","st","Nordland","Andøy","Andøy","1871","KYST","Kystpartiet",2,0.8229,23,6
"2013","st","Nordland","Andøy","Andøy","1871","MDG","Miljøpartiet De Grønne",2,2.11091,59,23
"2013","st","Nordland","Andøy","Andøy","1871","NKP","Norges Kommunistiske Parti",2,0.03578,1,1
"2013","st","Nordland","Andøy","Andøy","1871","PIR","Piratpartiet",2,0.42934,12,1
"2013","st","Nordland","Andøy","Andøy","1871","PP","Pensjonistpartiet",2,0.21467,6,3
"2013","st","Nordland","Andøy","Andøy","1871","SFP","Samfunnspartiet",2,0.03578,1,0
"2013","st","Nordland","Andøy","Andøy","1871","AKSJOLJE","Folkeliste mot oljeboring i Lofoten, Vesterålen og Senja",3,0.322,9,3
"2013","st","Nordland","Andøy","Andøy","1871","BLANKE","Blanke",3,0.39356,11,2
"2013","st","Nordland","Andøy","Andøy","1871","Andre","Andre",0,4.47227,125,41
"2013","st","Nordland","Andøy","Andøy","1871","Andre2","Andre2",0,0,0,0
"2013","st","Nordland","Moskenes","Moskenes","1874","A","Arbeiderpartiet",1,33.39806,172,46
"2013","st","Nordland","Moskenes","Moskenes","1874","SV","Sosialistisk Venstreparti",1,8.54369,44,18
"2013","st","Nordland","Moskenes","Moskenes","1874","RØDT","Rødt",1,0.19417,1,0
"2013","st","Nordland","Moskenes","Moskenes","1874","SP","Senterpartiet",1,8.73786,45,11
"2013","st","Nordland","Moskenes","Moskenes","1874","KRF","Kristelig Folkeparti",1,3.49515,18,3
"2013","st","Nordland","Moskenes","Moskenes","1874","V","Venstre",1,5.04854,26,13
"2013","st","Nordland","Moskenes","Moskenes","1874","H","Høyre",1,16.1165,83,24
"2013","st","Nordland","Moskenes","Moskenes","1874","FRP","Fremskrittspartiet",1,16.8932,87,26
"2013","st","Nordland","Moskenes","Moskenes","1874","DEMN","Demokratene i Norge",2,0,0,0
"2013","st","Nordland","Moskenes","Moskenes","1874","KRISTNE","De Kristne",2,1.16505,6,2
"2013","st","Nordland","Moskenes","Moskenes","1874","KYST","Kystpartiet",2,4.27184,22,7
"2013","st","Nordland","Moskenes","Moskenes","1874","MDG","Miljøpartiet De Grønne",2,0.97087,5,1
"2013","st","Nordland","Moskenes","Moskenes","1874","NKP","Norges Kommunistiske Parti",2,0,0,0
"2013","st","Nordland","Moskenes","Moskenes","1874","PIR","Piratpartiet",2,0,0,0
"2013","st","Nordland","Moskenes","Moskenes","1874","PP","Pensjonistpartiet",2,0.19417,1,1
"2013","st","Nordland","Moskenes","Moskenes","1874","SFP","Samfunnspartiet",2,0.19417,1,0
"2013","st","Nordland","Moskenes","Moskenes","1874","AKSJOLJE","Folkeliste mot oljeboring i Lofoten, Vesterålen og Senja",3,0.7767,4,1
"2013","st","Nordland","Moskenes","Moskenes","1874","BLANKE","Blanke",3,0,0,0
"2013","st","Nordland","Moskenes","Moskenes","1874","Andre","Andre",0,7.57282,39,12
"2013","st","Nordland","Moskenes","Moskenes","1874","Andre2","Andre2",0,0,0,0
"2013","st","Troms Romsa","Tromsø","Tromsø","1902","A","Arbeiderpartiet",1,30.48076,11875,3862
"2013","st","Troms Romsa","Tromsø","Tromsø","1902","SV","Sosialistisk Venstreparti",1,9.51513,3707,1012
"2013","st","Troms Romsa","Tromsø","Tromsø","1902","RØDT","Rødt",1,2.93129,1142,467
"2013","st","Troms Romsa","Tromsø","Tromsø","1902","SP","Senterpartiet",1,2.86455,1116,308
"2013","st","Troms Romsa","Tromsø","Tromsø","1902","KRF","Kristelig Folkeparti",1,3.66796,1429,390
"2013","st","Troms Romsa","Tromsø","Tromsø","1902","V","Venstre",1,5.32611,2075,631
"2013","st","Troms Romsa","Tromsø","Tromsø","1902","H","Høyre",1,24.1536,9410,3204
"2013","st","Troms Romsa","Tromsø","Tromsø","1902","FRP","Fremskrittspartiet",1,16.13491,6286,2133
"2013","st","Troms Romsa","Tromsø","Tromsø","1902","DEMN","Demokratene i Norge",2,0.0616,24,8
"2013","st","Troms Romsa","Tromsø","Tromsø","1902","KRISTNE","De Kristne",2,0.29518,115,42
"2013","st","Troms Romsa","Tromsø","Tromsø","1902","KSP","Kristent Samlingsparti",2,0.08214,32,11
"2013","st","Troms Romsa","Tromsø","Tromsø","1902","KYST","Kystpartiet",2,0.47229,184,41
"2013","st","Troms Romsa","Tromsø","Tromsø","1902","MDG","Miljøpartiet De Grønne",2,3.31117,1290,510
"2013","st","Troms Romsa","Tromsø","Tromsø","1902","NKP","Norges Kommunistiske Parti",2,0.08727,34,10
"2013","st","Troms Romsa","Tromsø","Tromsø","1902","PIR","Piratpartiet",2,0.61603,240,58
"2013","st","Troms Romsa","Tromsø","Tromsø","1902","BLANKE","Blanke",3,0.64427,251,83
"2013","st","Troms Romsa","Tromsø","Tromsø","1902","Andre","Andre",0,4.92569,1919,680
"2013","st","Troms Romsa","Tromsø","Tromsø","1902","Andre2","Andre2",0,0,0,0
"2013","st","Troms Romsa","Harstad","Harstad","1903","A","Arbeiderpartiet",1,32.05387,4284,1248
"2013","st","Troms Romsa","Harstad","Harstad","1903","SV","Sosialistisk Venstreparti",1,4.01796,537,176
"2013","st","Troms Romsa","Harstad","Harstad","1903","RØDT","Rødt",1,1.07744,144,53
"2013","st","Troms Romsa","Harstad","Harstad","1903","SP","Senterpartiet",1,4.9682,664,151
"2013","st","Troms Romsa","Harstad","Harstad","1903","KRF","Kristelig Folkeparti",1,3.1575,422,121
"2013","st","Troms Romsa","Harstad","Harstad","1903","V","Venstre",1,3.88328,519,124
"2013","st","Troms Romsa","Harstad","Harstad","1903","H","Høyre",1,23.05275,3081,889
"2013","st","Troms Romsa","Harstad","Harstad","1903","FRP","Fremskrittspartiet",1,24.49682,3274,899
"2013","st","Troms Romsa","Harstad","Harstad","1903","DEMN","Demokratene i Norge",2,0.02993,4,3
"2013","st","Troms Romsa","Harstad","Harstad","1903","KRISTNE","De Kristne",2,0.27684,37,13
"2013","st","Troms Romsa","Harstad","Harstad","1903","KSP","Kristent Samlingsparti",2,0.09727,13,4
"2013","st","Troms Romsa","Harstad","Harstad","1903","KYST","Kystpartiet",2,0.2095,28,5
"2013","st","Troms Romsa","Harstad","Harstad","1903","MDG","Miljøpartiet De Grønne",2,2.22222,297,86
"2013","st","Troms Romsa","Harstad","Harstad","1903","NKP","Norges Kommunistiske Parti",2,0.04489,6,1
"2013","st","Troms Romsa","Harstad","Harstad","1903","PIR","Piratpartiet",2,0.41152,55,19
"2013","st","Troms Romsa","Harstad","Harstad","1903","BLANKE","Blanke",3,0.5911,79,14
"2013","st","Troms Romsa","Harstad","Harstad","1903","Andre","Andre",0,3.29218,440,131
"2013","st","Troms Romsa","Harstad","Harstad","1903","Andre2","Andre2",0,0,0,0
"2013","st","Troms Romsa","Kvæfjord","Kvæfjord","1911","A","Arbeiderpartiet",1,28.49197,461,126
"2013","st","Troms Romsa","Kvæfjord","Kvæfjord","1911","SV","Sosialistisk Venstreparti",1,6.67491,108,33
"2013","st","Troms Romsa","Kvæfjord","Kvæfjord","1911","RØDT","Rødt",1,1.42151,23,12
"2013","st","Troms Romsa","Kvæfjord","Kvæfjord","1911","SP","Senterpartiet",1,12.11372,196,38
"2013","st","Troms Romsa","Kvæfjord","Kvæfjord","1911","KRF","Kristelig Folkeparti",1,3.27565,53,17
"2013","st","Troms Romsa","Kvæfjord","Kvæfjord","1911","V","Venstre",1,5.93325,96,17
"2013","st","Troms Romsa","Kvæfjord","Kvæfjord","1911","H","Høyre",1,17.55253,284,77
"2013","st","Troms Romsa","Kvæfjord","Kvæfjord","1911","FRP","Fremskrittspartiet",1,21.19901,343,102
"2013","st","Troms Romsa","Kvæfjord","Kvæfjord","1911","DEMN","Demokratene i Norge",2,0,0,0
"2013","st","Troms Romsa","Kvæfjord","Kvæfjord","1911","KRISTNE","De Kristne",2,0.37083,6,1
"2013","st","Troms Romsa","Kvæfjord","Kvæfjord","1911","KSP","Kristent Samlingsparti",2,0.24722,4,0
"2013","st","Troms Romsa","Kvæfjord","Kvæfjord","1911","KYST","Kystpartiet",2,0.30902,5,1
"2013","st","Troms Romsa","Kvæfjord","Kvæfjord","1911","MDG","Miljøpartiet De Grønne",2,2.03956,33,11
"2013","st","Troms Romsa","Kvæfjord","Kvæfjord","1911","NKP","Norges Kommunistiske Parti",2,0.0618,1,1
"2013","st","Troms Romsa","Kvæfjord","Kvæfjord","1911","PIR","Piratpartiet",2,0.30902,5,0
"2013","st","Troms Romsa","Kvæfjord","Kvæfjord","1911","BLANKE","Blanke",3,0.37083,6,0
"2013","st","Troms Romsa","Kvæfjord","Kvæfjord","1911","Andre","Andre",0,3.33745,54,14
"2013","st","Troms Romsa","Kvæfjord","Kvæfjord","1911","Andre2","Andre2",0,0,0,0
"2013","st","Troms Romsa","Skånland","Skånland","1913","A","Arbeiderpartiet",1,34.42331,579,131
"2013","st","Troms Romsa","Skånland","Skånland","1913","SV","Sosialistisk Venstreparti",1,3.86445,65,18
"2013","st","Troms Romsa","Skånland","Skånland","1913","RØDT","Rødt",1,0.8918,15,6
"2013","st","Troms Romsa","Skånland","Skånland","1913","SP","Senterpartiet",1,5.17241,87,12
"2013","st","Troms Romsa","Skånland","Skånland","1913","KRF","Kristelig Folkeparti",1,2.9132,49,10
"2013","st","Troms Romsa","Skånland","Skånland","1913","V","Venstre",1,3.32937,56,13
"2013","st","Troms Romsa","Skånland","Skånland","1913","H","Høyre",1,24.37574,410,82
"2013","st","Troms Romsa","Skånland","Skånland","1913","FRP","Fremskrittspartiet",1,22.41379,377,80
"2013","st","Troms Romsa","Skånland","Skånland","1913","DEMN","Demokratene i Norge",2,0,0,0
"2013","st","Troms Romsa","Skånland","Skånland","1913","KRISTNE","De Kristne",2,0.29727,5,0
"2013","st","Troms Romsa","Skånland","Skånland","1913","KSP","Kristent Samlingsparti",2,0,0,0
"2013","st","Troms Romsa","Skånland","Skånland","1913","KYST","Kystpartiet",2,0.05945,1,0
"2013","st","Troms Romsa","Skånland","Skånland","1913","MDG","Miljøpartiet De Grønne",2,1.66468,28,10
"2013","st","Troms Romsa","Skånland","Skånland","1913","NKP","Norges Kommunistiske Parti",2,0.05945,1,0
"2013","st","Troms Romsa","Skånland","Skånland","1913","PIR","Piratpartiet",2,0.53508,9,4
"2013","st","Troms Romsa","Skånland","Skånland","1913","BLANKE","Blanke",3,0.35672,6,3
"2013","st","Troms Romsa","Skånland","Skånland","1913","Andre","Andre",0,2.61593,44,14
"2013","st","Troms Romsa","Skånland","Skånland","1913","Andre2","Andre2",0,0,0,0
"2013","st","Troms Romsa","Ibestad","Ibestad","1917","A","Arbeiderpartiet",1,30.84337,256,93
"2013","st","Troms Romsa","Ibestad","Ibestad","1917","SV","Sosialistisk Venstreparti",1,2.40964,20,6
"2013","st","Troms Romsa","Ibestad","Ibestad","1917","RØDT","Rødt",1,0.72289,6,1
"2013","st","Troms Romsa","Ibestad","Ibestad","1917","SP","Senterpartiet",1,11.44578,95,19
"2013","st","Troms Romsa","Ibestad","Ibestad","1917","KRF","Kristelig Folkeparti",1,3.01205,25,7
"2013","st","Troms Romsa","Ibestad","Ibestad","1917","V","Venstre",1,3.25301,27,7
"2013","st","Troms Romsa","Ibestad","Ibestad","1917","H","Høyre",1,22.6506,188,65
"2013","st","Troms Romsa","Ibestad","Ibestad","1917","FRP","Fremskrittspartiet",1,23.13253,192,60
"2013","st","Troms Romsa","Ibestad","Ibestad","1917","DEMN","Demokratene i Norge",2,0,0,0
"2013","st","Troms Romsa","Ibestad","Ibestad","1917","KRISTNE","De Kristne",2,1.3253,11,3
"2013","st","Troms Romsa","Ibestad","Ibestad","1917","KSP","Kristent Samlingsparti",2,0.24096,2,1
"2013","st","Troms Romsa","Ibestad","Ibestad","1917","KYST","Kystpartiet",2,0.48193,4,1
"2013","st","Troms Romsa","Ibestad","Ibestad","1917","MDG","Miljøpartiet De Grønne",2,0.36145,3,2
"2013","st","Troms Romsa","Ibestad","Ibestad","1917","NKP","Norges Kommunistiske Parti",2,0,0,0
"2013","st","Troms Romsa","Ibestad","Ibestad","1917","PIR","Piratpartiet",2,0.12048,1,1
"2013","st","Troms Romsa","Ibestad","Ibestad","1917","BLANKE","Blanke",3,0.48193,4,1
"2013","st","Troms Romsa","Ibestad","Ibestad","1917","Andre","Andre",0,2.53012,21,8
"2013","st","Troms Romsa","Ibestad","Ibestad","1917","Andre2","Andre2",0,0,0,0
"2013","st","Troms Romsa","Gratangen","Gratangen","1919","A","Arbeiderpartiet",1,35.31353,214,62
"2013","st","Troms Romsa","Gratangen","Gratangen","1919","SV","Sosialistisk Venstreparti",1,3.79538,23,8
"2013","st","Troms Romsa","Gratangen","Gratangen","1919","RØDT","Rødt",1,0.49505,3,3
"2013","st","Troms Romsa","Gratangen","Gratangen","1919","SP","Senterpartiet",1,14.68647,89,18
"2013","st","Troms Romsa","Gratangen","Gratangen","1919","KRF","Kristelig Folkeparti",1,3.9604,24,5
"2013","st","Troms Romsa","Gratangen","Gratangen","1919","V","Venstre",1,1.48515,9,3
"2013","st","Troms Romsa","Gratangen","Gratangen","1919","H","Høyre",1,15.51155,94,31
"2013","st","Troms Romsa","Gratangen","Gratangen","1919","FRP","Fremskrittspartiet",1,20.9571,127,34
"2013","st","Troms Romsa","Gratangen","Gratangen","1919","DEMN","Demokratene i Norge",2,0,0,0
"2013","st","Troms Romsa","Gratangen","Gratangen","1919","KRISTNE","De Kristne",2,0.66007,4,1
"2013","st","Troms Romsa","Gratangen","Gratangen","1919","KSP","Kristent Samlingsparti",2,0,0,0
"2013","st","Troms Romsa","Gratangen","Gratangen","1919","KYST","Kystpartiet",2,0.49505,3,1
"2013","st","Troms Romsa","Gratangen","Gratangen","1919","MDG","Miljøpartiet De Grønne",2,2.47525,15,6
"2013","st","Troms Romsa","Gratangen","Gratangen","1919","NKP","Norges Kommunistiske Parti",2,0.16502,1,1
"2013","st","Troms Romsa","Gratangen","Gratangen","1919","PIR","Piratpartiet",2,0,0,0
"2013","st","Troms Romsa","Gratangen","Gratangen","1919","BLANKE","Blanke",3,0.16502,1,0
"2013","st","Troms Romsa","Gratangen","Gratangen","1919","Andre","Andre",0,3.79538,23,9
"2013","st","Troms Romsa","Gratangen","Gratangen","1919","Andre2","Andre2",0,0,0,0
"2013","st","Troms Romsa","Lavangen","Lavangen","1920","A","Arbeiderpartiet",1,38.75205,236,42
"2013","st","Troms Romsa","Lavangen","Lavangen","1920","SV","Sosialistisk Venstreparti",1,1.47783,9,1
"2013","st","Troms Romsa","Lavangen","Lavangen","1920","RØDT","Rødt",1,0.1642,1,1
"2013","st","Troms Romsa","Lavangen","Lavangen","1920","SP","Senterpartiet",1,15.92775,97,22
"2013","st","Troms Romsa","Lavangen","Lavangen","1920","KRF","Kristelig Folkeparti",1,5.25452,32,4
"2013","st","Troms Romsa","Lavangen","Lavangen","1920","V","Venstre",1,0.82102,5,1
"2013","st","Troms Romsa","Lavangen","Lavangen","1920","H","Høyre",1,18.71921,114,24
"2013","st","Troms Romsa","Lavangen","Lavangen","1920","FRP","Fremskrittspartiet",1,17.73399,108,22
"2013","st","Troms Romsa","Lavangen","Lavangen","1920","DEMN","Demokratene i Norge",2,0,0,0
"2013","st","Troms Romsa","Lavangen","Lavangen","1920","KRISTNE","De Kristne",2,0,0,0
"2013","st","Troms Romsa","Lavangen","Lavangen","1920","KSP","Kristent Samlingsparti",2,0,0,0
"2013","st","Troms Romsa","Lavangen","Lavangen","1920","KYST","Kystpartiet",2,0,0,0
"2013","st","Troms Romsa","Lavangen","Lavangen","1920","MDG","Miljøpartiet De Grønne",2,0.82102,5,1
"2013","st","Troms Romsa","Lavangen","Lavangen","1920","NKP","Norges Kommunistiske Parti",2,0.1642,1,0
"2013","st","Troms Romsa","Lavangen","Lavangen","1920","PIR","Piratpartiet",2,0.1642,1,0
"2013","st","Troms Romsa","Lavangen","Lavangen","1920","BLANKE","Blanke",3,1.14943,7,2
"2013","st","Troms Romsa","Lavangen","Lavangen","1920","Andre","Andre",0,1.14943,7,1
"2013","st","Troms Romsa","Lavangen","Lavangen","1920","Andre2","Andre2",0,0,0,0
"2013","st","Troms Romsa","Bardu","Bardu","1922","A","Arbeiderpartiet",1,34.84043,786,229
"2013","st","Troms Romsa","Bardu","Bardu","1922","SV","Sosialistisk Venstreparti",1,2.43794,55,15
"2013","st","Troms Romsa","Bardu","Bardu","1922","RØDT","Rødt",1,0.66489,15,8
"2013","st","Troms Romsa","Bardu","Bardu","1922","SP","Senterpartiet",1,12.58865,284,58
"2013","st","Troms Romsa","Bardu","Bardu","1922","KRF","Kristelig Folkeparti",1,1.37411,31,7
"2013","st","Troms Romsa","Bardu","Bardu","1922","V","Venstre",1,3.5461,80,26
"2013","st","Troms Romsa","Bardu","Bardu","1922","H","Høyre",1,29.21099,659,245
"2013","st","Troms Romsa","Bardu","Bardu","1922","FRP","Fremskrittspartiet",1,13.56383,306,94
"2013","st","Troms Romsa","Bardu","Bardu","1922","DEMN","Demokratene i Norge",2,0.08865,2,1
"2013","st","Troms Romsa","Bardu","Bardu","1922","KRISTNE","De Kristne",2,0.26596,6,5
"2013","st","Troms Romsa","Bardu","Bardu","1922","KSP","Kristent Samlingsparti",2,0,0,0
"2013","st","Troms Romsa","Bardu","Bardu","1922","KYST","Kystpartiet",2,0.04433,1,1
"2013","st","Troms Romsa","Bardu","Bardu","1922","MDG","Miljøpartiet De Grønne",2,1.0195,23,9
"2013","st","Troms Romsa","Bardu","Bardu","1922","NKP","Norges Kommunistiske Parti",2,0.08865,2,1
"2013","st","Troms Romsa","Bardu","Bardu","1922","PIR","Piratpartiet",2,0.26596,6,3
"2013","st","Troms Romsa","Bardu","Bardu","1922","BLANKE","Blanke",3,0.22163,5,1
"2013","st","Troms Romsa","Bardu","Bardu","1922","Andre","Andre",0,1.77305,40,20
"2013","st","Troms Romsa","Bardu","Bardu","1922","Andre2","Andre2",0,0,0,0
"2013","st","Troms Romsa","Salangen","Salangen","1923","A","Arbeiderpartiet",1,33.76942,413,122
"2013","st","Troms Romsa","Salangen","Salangen","1923","SV","Sosialistisk Venstreparti",1,6.37776,78,21
"2013","st","Troms Romsa","Salangen","Salangen","1923","RØDT","Rødt",1,1.22649,15,6
"2013","st","Troms Romsa","Salangen","Salangen","1923","SP","Senterpartiet",1,14.71791,180,48
"2013","st","Troms Romsa","Salangen","Salangen","1923","KRF","Kristelig Folkeparti",1,4.00654,49,12
"2013","st","Troms Romsa","Salangen","Salangen","1923","V","Venstre",1,1.96239,24,8
"2013","st","Troms Romsa","Salangen","Salangen","1923","H","Høyre",1,18.88798,231,68
"2013","st","Troms Romsa","Salangen","Salangen","1923","FRP","Fremskrittspartiet",1,17.00736,208,52
"2013","st","Troms Romsa","Salangen","Salangen","1923","DEMN","Demokratene i Norge",2,0,0,0
"2013","st","Troms Romsa","Salangen","Salangen","1923","KRISTNE","De Kristne",2,0.16353,2,2
"2013","st","Troms Romsa","Salangen","Salangen","1923","KSP","Kristent Samlingsparti",2,0.16353,2,0
"2013","st","Troms Romsa","Salangen","Salangen","1923","KYST","Kystpartiet",2,0.16353,2,0
"2013","st","Troms Romsa","Salangen","Salangen","1923","MDG","Miljøpartiet De Grønne",2,1.14473,14,1
"2013","st","Troms Romsa","Salangen","Salangen","1923","NKP","Norges Kommunistiske Parti",2,0,0,0
"2013","st","Troms Romsa","Salangen","Salangen","1923","PIR","Piratpartiet",2,0.40883,5,0
"2013","st","Troms Romsa","Salangen","Salangen","1923","BLANKE","Blanke",3,0.57236,7,0
"2013","st","Troms Romsa","Salangen","Salangen","1923","Andre","Andre",0,2.04415,25,3
"2013","st","Troms Romsa","Salangen","Salangen","1923","Andre2","Andre2",0,0,0,0
"2013","st","Troms Romsa","Målselv","Målselv","1924","A","Arbeiderpartiet",1,31.72281,1149,215
"2013","st","Troms Romsa","Målselv","Målselv","1924","SV","Sosialistisk Venstreparti",1,3.672,133,32
"2013","st","Troms Romsa","Målselv","Målselv","1924","RØDT","Rødt",1,0.63501,23,9
"2013","st","Troms Romsa","Målselv","Målselv","1924","SP","Senterpartiet",1,13.94257,505,78
"2013","st","Troms Romsa","Målselv","Målselv","1924","KRF","Kristelig Folkeparti",1,2.62286,95,16
"2013","st","Troms Romsa","Målselv","Målselv","1924","V","Venstre",1,5.30094,192,38
"2013","st","Troms Romsa","Målselv","Målselv","1924","H","Høyre",1,21.89398,793,193
"2013","st","Troms Romsa","Målselv","Målselv","1924","FRP","Fremskrittspartiet",1,17.58697,637,136
"2013","st","Troms Romsa","Målselv","Målselv","1924","DEMN","Demokratene i Norge",2,0.02761,1,0
"2013","st","Troms Romsa","Målselv","Målselv","1924","KRISTNE","De Kristne",2,0.27609,10,5
"2013","st","Troms Romsa","Målselv","Målselv","1924","KSP","Kristent Samlingsparti",2,0.05522,2,0
"2013","st","Troms Romsa","Målselv","Målselv","1924","KYST","Kystpartiet",2,0.08283,3,2
"2013","st","Troms Romsa","Målselv","Målselv","1924","MDG","Miljøpartiet De Grønne",2,1.90502,69,26
"2013","st","Troms Romsa","Målselv","Målselv","1924","NKP","Norges Kommunistiske Parti",2,0.05522,2,1
"2013","st","Troms Romsa","Målselv","Målselv","1924","PIR","Piratpartiet",2,0.22087,8,0
"2013","st","Troms Romsa","Målselv","Målselv","1924","BLANKE","Blanke",3,0.6074,22,8
"2013","st","Troms Romsa","Målselv","Målselv","1924","Andre","Andre",0,2.62286,95,34
"2013","st","Troms Romsa","Målselv","Målselv","1924","Andre2","Andre2",0,0,0,0
"2013","st","Troms Romsa","Sørreisa","Sørreisa","1925","A","Arbeiderpartiet",1,31.57339,598,140
"2013","st","Troms Romsa","Sørreisa","Sørreisa","1925","SV","Sosialistisk Venstreparti",1,3.48469,66,15
"2013","st","Troms Romsa","Sørreisa","Sørreisa","1925","RØDT","Rødt",1,0.42239,8,3
"2013","st","Troms Romsa","Sørreisa","Sørreisa","1925","SP","Senterpartiet",1,16.84266,319,53
"2013","st","Troms Romsa","Sørreisa","Sørreisa","1925","KRF","Kristelig Folkeparti",1,4.11827,78,22
"2013","st","Troms Romsa","Sørreisa","Sørreisa","1925","V","Venstre",1,2.42872,46,9
"2013","st","Troms Romsa","Sørreisa","Sørreisa","1925","H","Høyre",1,19.69377,373,90
"2013","st","Troms Romsa","Sørreisa","Sørreisa","1925","FRP","Fremskrittspartiet",1,19.85216,376,100
"2013","st","Troms Romsa","Sørreisa","Sørreisa","1925","DEMN","Demokratene i Norge",2,0.0528,1,0
"2013","st","Troms Romsa","Sørreisa","Sørreisa","1925","KRISTNE","De Kristne",2,0.0528,1,1
"2013","st","Troms Romsa","Sørreisa","Sørreisa","1925","KSP","Kristent Samlingsparti",2,0.15839,3,0
"2013","st","Troms Romsa","Sørreisa","Sørreisa","1925","KYST","Kystpartiet",2,0.15839,3,1
"2013","st","Troms Romsa","Sørreisa","Sørreisa","1925","MDG","Miljøpartiet De Grønne",2,0.73918,14,8
"2013","st","Troms Romsa","Sørreisa","Sørreisa","1925","NKP","Norges Kommunistiske Parti",2,0.15839,3,0
"2013","st","Troms Romsa","Sørreisa","Sørreisa","1925","PIR","Piratpartiet",2,0.26399,5,0
"2013","st","Troms Romsa","Sørreisa","Sørreisa","1925","BLANKE","Blanke",3,0.42239,8,2
"2013","st","Troms Romsa","Sørreisa","Sørreisa","1925","Andre","Andre",0,1.58395,30,10
"2013","st","Troms Romsa","Sørreisa","Sørreisa","1925","Andre2","Andre2",0,0,0,0
"2013","st","Troms Romsa","Dyrøy","Dyrøy","1926","A","Arbeiderpartiet",1,30.15007,221,65
"2013","st","Troms Romsa","Dyrøy","Dyrøy","1926","SV","Sosialistisk Venstreparti",1,3.68349,27,10
"2013","st","Troms Romsa","Dyrøy","Dyrøy","1926","RØDT","Rødt",1,0.5457,4,1
"2013","st","Troms Romsa","Dyrøy","Dyrøy","1926","SP","Senterpartiet",1,18.14461,133,33
"2013","st","Troms Romsa","Dyrøy","Dyrøy","1926","KRF","Kristelig Folkeparti",1,4.36562,32,12
"2013","st","Troms Romsa","Dyrøy","Dyrøy","1926","V","Venstre",1,1.63711,12,5
"2013","st","Troms Romsa","Dyrøy","Dyrøy","1926","H","Høyre",1,15.9618,117,37
"2013","st","Troms Romsa","Dyrøy","Dyrøy","1926","FRP","Fremskrittspartiet",1,23.32879,171,46
"2013","st","Troms Romsa","Dyrøy","Dyrøy","1926","DEMN","Demokratene i Norge",2,0,0,0
"2013","st","Troms Romsa","Dyrøy","Dyrøy","1926","KRISTNE","De Kristne",2,0.13643,1,0
"2013","st","Troms Romsa","Dyrøy","Dyrøy","1926","KSP","Kristent Samlingsparti",2,0,0,0
"2013","st","Troms Romsa","Dyrøy","Dyrøy","1926","KYST","Kystpartiet",2,0.27285,2,0
"2013","st","Troms Romsa","Dyrøy","Dyrøy","1926","MDG","Miljøpartiet De Grønne",2,1.50068,11,5
"2013","st","Troms Romsa","Dyrøy","Dyrøy","1926","NKP","Norges Kommunistiske Parti",2,0.13643,1,0
"2013","st","Troms Romsa","Dyrøy","Dyrøy","1926","PIR","Piratpartiet",2,0.13643,1,0
"2013","st","Troms Romsa","Dyrøy","Dyrøy","1926","BLANKE","Blanke",3,0.13643,1,0
"2013","st","Troms Romsa","Dyrøy","Dyrøy","1926","Andre","Andre",0,2.18281,16,5
"2013","st","Troms Romsa","Dyrøy","Dyrøy","1926","Andre2","Andre2",0,0,0,0
"2013","st","Troms Romsa","Tranøy","Tranøy","1927","A","Arbeiderpartiet",1,34.20455,301,73
"2013","st","Troms Romsa","Tranøy","Tranøy","1927","SV","Sosialistisk Venstreparti",1,4.31818,38,10
"2013","st","Troms Romsa","Tranøy","Tranøy","1927","RØDT","Rødt",1,1.02273,9,6
"2013","st","Troms Romsa","Tranøy","Tranøy","1927","SP","Senterpartiet",1,10.11364,89,20
"2013","st","Troms Romsa","Tranøy","Tranøy","1927","KRF","Kristelig Folkeparti",1,3.29545,29,9
"2013","st","Troms Romsa","Tranøy","Tranøy","1927","V","Venstre",1,4.43182,39,10
"2013","st","Troms Romsa","Tranøy","Tranøy","1927","H","Høyre",1,18.86364,166,49
"2013","st","Troms Romsa","Tranøy","Tranøy","1927","FRP","Fremskrittspartiet",1,20.56818,181,47
"2013","st","Troms Romsa","Tranøy","Tranøy","1927","DEMN","Demokratene i Norge",2,0,0,0
"2013","st","Troms Romsa","Tranøy","Tranøy","1927","KRISTNE","De Kristne",2,0.34091,3,0
"2013","st","Troms Romsa","Tranøy","Tranøy","1927","KSP","Kristent Samlingsparti",2,0,0,0
"2013","st","Troms Romsa","Tranøy","Tranøy","1927","KYST","Kystpartiet",2,0.11364,1,0
"2013","st","Troms Romsa","Tranøy","Tranøy","1927","MDG","Miljøpartiet De Grønne",2,1.93182,17,5
"2013","st","Troms Romsa","Tranøy","Tranøy","1927","NKP","Norges Kommunistiske Parti",2,0.68182,6,2
"2013","st","Troms Romsa","Tranøy","Tranøy","1927","PIR","Piratpartiet",2,0.11364,1,1
"2013","st","Troms Romsa","Tranøy","Tranøy","1927","BLANKE","Blanke",3,0.11364,1,1
"2013","st","Troms Romsa","Tranøy","Tranøy","1927","Andre","Andre",0,3.18182,28,8
"2013","st","Troms Romsa","Tranøy","Tranøy","1927","Andre2","Andre2",0,0,0,0
"2013","st","Troms Romsa","Torsken","Torsken","1928","A","Arbeiderpartiet",1,41.69884,216,63
"2013","st","Troms Romsa","Torsken","Torsken","1928","SV","Sosialistisk Venstreparti",1,3.28185,17,5
"2013","st","Troms Romsa","Torsken","Torsken","1928","RØDT","Rødt",1,0.57915,3,2
"2013","st","Troms Romsa","Torsken","Torsken","1928","SP","Senterpartiet",1,11.96911,62,16
"2013","st","Troms Romsa","Torsken","Torsken","1928","KRF","Kristelig Folkeparti",1,3.4749,18,7
"2013","st","Troms Romsa","Torsken","Torsken","1928","V","Venstre",1,0.57915,3,2
"2013","st","Troms Romsa","Torsken","Torsken","1928","H","Høyre",1,18.53282,96,29
"2013","st","Troms Romsa","Torsken","Torsken","1928","FRP","Fremskrittspartiet",1,16.40927,85,23
"2013","st","Troms Romsa","Torsken","Torsken","1928","DEMN","Demokratene i Norge",2,0,0,0
"2013","st","Troms Romsa","Torsken","Torsken","1928","KRISTNE","De Kristne",2,0,0,0
"2013","st","Troms Romsa","Torsken","Torsken","1928","KSP","Kristent Samlingsparti",2,0,0,0
"2013","st","Troms Romsa","Torsken","Torsken","1928","KYST","Kystpartiet",2,3.28185,17,5
"2013","st","Troms Romsa","Torsken","Torsken","1928","MDG","Miljøpartiet De Grønne",2,0.19305,1,1
"2013","st","Troms Romsa","Torsken","Torsken","1928","NKP","Norges Kommunistiske Parti",2,0,0,0
"2013","st","Troms Romsa","Torsken","Torsken","1928","PIR","Piratpartiet",2,0,0,0
"2013","st","Troms Romsa","Torsken","Torsken","1928","BLANKE","Blanke",3,0.3861,2,1
"2013","st","Troms Romsa","Torsken","Torsken","1928","Andre","Andre",0,3.4749,18,6
"2013","st","Troms Romsa","Torsken","Torsken","1928","Andre2","Andre2",0,0,0,0
"2013","st","Troms Romsa","Berg","Berg","1929","A","Arbeiderpartiet",1,36.91406,189,71
"2013","st","Troms Romsa","Berg","Berg","1929","SV","Sosialistisk Venstreparti",1,5.07813,26,8
"2013","st","Troms Romsa","Berg","Berg","1929","RØDT","Rødt",1,0.78125,4,0
"2013","st","Troms Romsa","Berg","Berg","1929","SP","Senterpartiet",1,6.25,32,6
"2013","st","Troms Romsa","Berg","Berg","1929","KRF","Kristelig Folkeparti",1,4.29688,22,8
"2013","st","Troms Romsa","Berg","Berg","1929","V","Venstre",1,3.125,16,3
"2013","st","Troms Romsa","Berg","Berg","1929","H","Høyre",1,15.82031,81,20
"2013","st","Troms Romsa","Berg","Berg","1929","FRP","Fremskrittspartiet",1,25.19531,129,31
"2013","st","Troms Romsa","Berg","Berg","1929","DEMN","Demokratene i Norge",2,0,0,0
"2013","st","Troms Romsa","Berg","Berg","1929","KRISTNE","De Kristne",2,0,0,0
"2013","st","Troms Romsa","Berg","Berg","1929","KSP","Kristent Samlingsparti",2,0,0,0
"2013","st","Troms Romsa","Berg","Berg","1929","KYST","Kystpartiet",2,1.17188,6,5
"2013","st","Troms Romsa","Berg","Berg","1929","MDG","Miljøpartiet De Grønne",2,1.17188,6,2
"2013","st","Troms Romsa","Berg","Berg","1929","NKP","Norges Kommunistiske Parti",2,0.19531,1,1
"2013","st","Troms Romsa","Berg","Berg","1929","PIR","Piratpartiet",2,0,0,0
"2013","st","Troms Romsa","Berg","Berg","1929","BLANKE","Blanke",3,0,0,0
"2013","st","Troms Romsa","Berg","Berg","1929","Andre","Andre",0,2.53906,13,8
"2013","st","Troms Romsa","Berg","Berg","1929","Andre2","Andre2",0,0,0,0
"2013","st","Troms Romsa","Lenvik","Lenvik","1931","A","Arbeiderpartiet",1,27.38319,1600,442
"2013","st","Troms Romsa","Lenvik","Lenvik","1931","SV","Sosialistisk Venstreparti",1,3.1833,186,64
"2013","st","Troms Romsa","Lenvik","Lenvik","1931","RØDT","Rødt",1,0.71881,42,18
"2013","st","Troms Romsa","Lenvik","Lenvik","1931","SP","Senterpartiet",1,9.05357,529,100
"2013","st","Troms Romsa","Lenvik","Lenvik","1931","KRF","Kristelig Folkeparti",1,5.27126,308,100
"2013","st","Troms Romsa","Lenvik","Lenvik","1931","V","Venstre",1,3.35444,196,45
"2013","st","Troms Romsa","Lenvik","Lenvik","1931","H","Høyre",1,21.22198,1240,364
"2013","st","Troms Romsa","Lenvik","Lenvik","1931","FRP","Fremskrittspartiet",1,26.51035,1549,475
"2013","st","Troms Romsa","Lenvik","Lenvik","1931","DEMN","Demokratene i Norge",2,0.03423,2,1
"2013","st","Troms Romsa","Lenvik","Lenvik","1931","KRISTNE","De Kristne",2,0.49632,29,16
"2013","st","Troms Romsa","Lenvik","Lenvik","1931","KSP","Kristent Samlingsparti",2,0.22249,13,8
"2013","st","Troms Romsa","Lenvik","Lenvik","1931","KYST","Kystpartiet",2,0.75304,44,17
"2013","st","Troms Romsa","Lenvik","Lenvik","1931","MDG","Miljøpartiet De Grønne",2,1.40339,82,33
"2013","st","Troms Romsa","Lenvik","Lenvik","1931","NKP","Norges Kommunistiske Parti",2,0.15403,9,4
"2013","st","Troms Romsa","Lenvik","Lenvik","1931","PIR","Piratpartiet",2,0.2396,14,5
"2013","st","Troms Romsa","Lenvik","Lenvik","1931","BLANKE","Blanke",3,0.27383,16,3
"2013","st","Troms Romsa","Lenvik","Lenvik","1931","Andre","Andre",0,3.3031,193,84
"2013","st","Troms Romsa","Lenvik","Lenvik","1931","Andre2","Andre2",0,0,0,0
"2013","st","Troms Romsa","Balsfjord","Balsfjord","1933","A","Arbeiderpartiet",1,32.02847,990,187
"2013","st","Troms Romsa","Balsfjord","Balsfjord","1933","SV","Sosialistisk Venstreparti",1,3.55872,110,17
"2013","st","Troms Romsa","Balsfjord","Balsfjord","1933","RØDT","Rødt",1,1.22938,38,13
"2013","st","Troms Romsa","Balsfjord","Balsfjord","1933","SP","Senterpartiet",1,10.99968,340,32
"2013","st","Troms Romsa","Balsfjord","Balsfjord","1933","KRF","Kristelig Folkeparti",1,5.20867,161,21
"2013","st","Troms Romsa","Balsfjord","Balsfjord","1933","V","Venstre",1,2.10288,65,14
"2013","st","Troms Romsa","Balsfjord","Balsfjord","1933","H","Høyre",1,17.79359,550,116
"2013","st","Troms Romsa","Balsfjord","Balsfjord","1933","FRP","Fremskrittspartiet",1,23.29343,720,104
"2013","st","Troms Romsa","Balsfjord","Balsfjord","1933","DEMN","Demokratene i Norge",2,0.0647,2,0
"2013","st","Troms Romsa","Balsfjord","Balsfjord","1933","KRISTNE","De Kristne",2,0.90586,28,7
"2013","st","Troms Romsa","Balsfjord","Balsfjord","1933","KSP","Kristent Samlingsparti",2,0.25882,8,1
"2013","st","Troms Romsa","Balsfjord","Balsfjord","1933","KYST","Kystpartiet",2,0.8735,27,5
"2013","st","Troms Romsa","Balsfjord","Balsfjord","1933","MDG","Miljøpartiet De Grønne",2,1.48819,46,14
"2013","st","Troms Romsa","Balsfjord","Balsfjord","1933","NKP","Norges Kommunistiske Parti",2,0.03235,1,0
"2013","st","Troms Romsa","Balsfjord","Balsfjord","1933","PIR","Piratpartiet",2,0.16176,5,2
"2013","st","Troms Romsa","Balsfjord","Balsfjord","1933","BLANKE","Blanke",3,0.64704,20,8
"2013","st","Troms Romsa","Balsfjord","Balsfjord","1933","Andre","Andre",0,3.78518,117,29
"2013","st","Troms Romsa","Balsfjord","Balsfjord","1933","Andre2","Andre2",0,0,0,0
"2013","st","Troms Romsa","Karlsøy","Karlsøy","1936","A","Arbeiderpartiet",1,31.68,396,100
"2013","st","Troms Romsa","Karlsøy","Karlsøy","1936","SV","Sosialistisk Venstreparti",1,4.64,58,9
"2013","st","Troms Romsa","Karlsøy","Karlsøy","1936","RØDT","Rødt",1,1.2,15,5
"2013","st","Troms Romsa","Karlsøy","Karlsøy","1936","SP","Senterpartiet",1,6.56,82,14
"2013","st","Troms Romsa","Karlsøy","Karlsøy","1936","KRF","Kristelig Folkeparti",1,3.92,49,10
"2013","st","Troms Romsa","Karlsøy","Karlsøy","1936","V","Venstre",1,2.24,28,12
"2013","st","Troms Romsa","Karlsøy","Karlsøy","1936","H","Høyre",1,15.12,189,53
"2013","st","Troms Romsa","Karlsøy","Karlsøy","1936","FRP","Fremskrittspartiet",1,29.2,365,72
"2013","st","Troms Romsa","Karlsøy","Karlsøy","1936","DEMN","Demokratene i Norge",2,0,0,0
"2013","st","Troms Romsa","Karlsøy","Karlsøy","1936","KRISTNE","De Kristne",2,0.64,8,1
"2013","st","Troms Romsa","Karlsøy","Karlsøy","1936","KSP","Kristent Samlingsparti",2,0,0,0
"2013","st","Troms Romsa","Karlsøy","Karlsøy","1936","KYST","Kystpartiet",2,2.8,35,10
"2013","st","Troms Romsa","Karlsøy","Karlsøy","1936","MDG","Miljøpartiet De Grønne",2,1.68,21,9
"2013","st","Troms Romsa","Karlsøy","Karlsøy","1936","NKP","Norges Kommunistiske Parti",2,0.16,2,0
"2013","st","Troms Romsa","Karlsøy","Karlsøy","1936","PIR","Piratpartiet",2,0.16,2,1
"2013","st","Troms Romsa","Karlsøy","Karlsøy","1936","BLANKE","Blanke",3,0.32,4,1
"2013","st","Troms Romsa","Karlsøy","Karlsøy","1936","Andre","Andre",0,5.44,68,21
"2013","st","Troms Romsa","Karlsøy","Karlsøy","1936","Andre2","Andre2",0,0,0,0
"2013","st","Troms Romsa","Lyngen","Lyngen","1938","A","Arbeiderpartiet",1,29.88304,511,145
"2013","st","Troms Romsa","Lyngen","Lyngen","1938","SV","Sosialistisk Venstreparti",1,3.74269,64,22
"2013","st","Troms Romsa","Lyngen","Lyngen","1938","RØDT","Rødt",1,0.87719,15,5
"2013","st","Troms Romsa","Lyngen","Lyngen","1938","SP","Senterpartiet",1,7.30994,125,27
"2013","st","Troms Romsa","Lyngen","Lyngen","1938","KRF","Kristelig Folkeparti",1,7.95322,136,23
"2013","st","Troms Romsa","Lyngen","Lyngen","1938","V","Venstre",1,1.92982,33,13
"2013","st","Troms Romsa","Lyngen","Lyngen","1938","H","Høyre",1,22.51462,385,104
"2013","st","Troms Romsa","Lyngen","Lyngen","1938","FRP","Fremskrittspartiet",1,21.92982,375,123
"2013","st","Troms Romsa","Lyngen","Lyngen","1938","DEMN","Demokratene i Norge",2,0,0,0
"2013","st","Troms Romsa","Lyngen","Lyngen","1938","KRISTNE","De Kristne",2,0.40936,7,3
"2013","st","Troms Romsa","Lyngen","Lyngen","1938","KSP","Kristent Samlingsparti",2,0.05848,1,0
"2013","st","Troms Romsa","Lyngen","Lyngen","1938","KYST","Kystpartiet",2,0.64327,11,6
"2013","st","Troms Romsa","Lyngen","Lyngen","1938","MDG","Miljøpartiet De Grønne",2,2.39766,41,20
"2013","st","Troms Romsa","Lyngen","Lyngen","1938","NKP","Norges Kommunistiske Parti",2,0.05848,1,1
"2013","st","Troms Romsa","Lyngen","Lyngen","1938","PIR","Piratpartiet",2,0.2924,5,0
"2013","st","Troms Romsa","Lyngen","Lyngen","1938","BLANKE","Blanke",3,0.23392,4,0
"2013","st","Troms Romsa","Lyngen","Lyngen","1938","Andre","Andre",0,3.85965,66,30
"2013","st","Troms Romsa","Lyngen","Lyngen","1938","Andre2","Andre2",0,0,0,0
"2013","st","Troms Romsa","Storfjord","Storfjord","1939","A","Arbeiderpartiet",1,36.026,388,74
"2013","st","Troms Romsa","Storfjord","Storfjord","1939","SV","Sosialistisk Venstreparti",1,5.38533,58,12
"2013","st","Troms Romsa","Storfjord","Storfjord","1939","RØDT","Rødt",1,1.11421,12,3
"2013","st","Troms Romsa","Storfjord","Storfjord","1939","SP","Senterpartiet",1,6.03528,65,14
"2013","st","Troms Romsa","Storfjord","Storfjord","1939","KRF","Kristelig Folkeparti",1,3.99257,43,10
"2013","st","Troms Romsa","Storfjord","Storfjord","1939","V","Venstre",1,2.78552,30,4
"2013","st","Troms Romsa","Storfjord","Storfjord","1939","H","Høyre",1,16.43454,177,37
"2013","st","Troms Romsa","Storfjord","Storfjord","1939","FRP","Fremskrittspartiet",1,22.74838,245,51
"2013","st","Troms Romsa","Storfjord","Storfjord","1939","DEMN","Demokratene i Norge",2,0,0,0
"2013","st","Troms Romsa","Storfjord","Storfjord","1939","KRISTNE","De Kristne",2,0.64995,7,2
"2013","st","Troms Romsa","Storfjord","Storfjord","1939","KSP","Kristent Samlingsparti",2,0,0,0
"2013","st","Troms Romsa","Storfjord","Storfjord","1939","KYST","Kystpartiet",2,0.46425,5,0
"2013","st","Troms Romsa","Storfjord","Storfjord","1939","MDG","Miljøpartiet De Grønne",2,3.80687,41,10
"2013","st","Troms Romsa","Storfjord","Storfjord","1939","NKP","Norges Kommunistiske Parti",2,0.1857,2,0
"2013","st","Troms Romsa","Storfjord","Storfjord","1939","PIR","Piratpartiet",2,0.3714,4,0
"2013","st","Troms Romsa","Storfjord","Storfjord","1939","BLANKE","Blanke",3,1.02136,11,2
"2013","st","Troms Romsa","Storfjord","Storfjord","1939","Andre","Andre",0,5.47818,59,12
"2013","st","Troms Romsa","Storfjord","Storfjord","1939","Andre2","Andre2",0,0,0,0
"2013","st","Troms Romsa","Gáivuotna Kåfjord","Gáivuotna Kåfjord","1940","A","Arbeiderpartiet",1,29.43089,362,46
"2013","st","Troms Romsa","Gáivuotna Kåfjord","Gáivuotna Kåfjord","1940","SV","Sosialistisk Venstreparti",1,3.82114,47,15
"2013","st","Troms Romsa","Gáivuotna Kåfjord","Gáivuotna Kåfjord","1940","RØDT","Rødt",1,2.60163,32,4
"2013","st","Troms Romsa","Gáivuotna Kåfjord","Gáivuotna Kåfjord","1940","SP","Senterpartiet",1,13.08943,161,20
"2013","st","Troms Romsa","Gáivuotna Kåfjord","Gáivuotna Kåfjord","1940","KRF","Kristelig Folkeparti",1,11.13821,137,10
"2013","st","Troms Romsa","Gáivuotna Kåfjord","Gáivuotna Kåfjord","1940","V","Venstre",1,1.38211,17,3
"2013","st","Troms Romsa","Gáivuotna Kåfjord","Gáivuotna Kåfjord","1940","H","Høyre",1,11.95122,147,38
"2013","st","Troms Romsa","Gáivuotna Kåfjord","Gáivuotna Kåfjord","1940","FRP","Fremskrittspartiet",1,18.21138,224,44
"2013","st","Troms Romsa","Gáivuotna Kåfjord","Gáivuotna Kåfjord","1940","DEMN","Demokratene i Norge",2,0,0,0
"2013","st","Troms Romsa","Gáivuotna Kåfjord","Gáivuotna Kåfjord","1940","KRISTNE","De Kristne",2,2.03252,25,2
"2013","st","Troms Romsa","Gáivuotna Kåfjord","Gáivuotna Kåfjord","1940","KSP","Kristent Samlingsparti",2,0.3252,4,1
"2013","st","Troms Romsa","Gáivuotna Kåfjord","Gáivuotna Kåfjord","1940","KYST","Kystpartiet",2,1.70732,21,2
"2013","st","Troms Romsa","Gáivuotna Kåfjord","Gáivuotna Kåfjord","1940","MDG","Miljøpartiet De Grønne",2,4.22764,52,13
"2013","st","Troms Romsa","Gáivuotna Kåfjord","Gáivuotna Kåfjord","1940","NKP","Norges Kommunistiske Parti",2,0.0813,1,0
"2013","st","Troms Romsa","Gáivuotna Kåfjord","Gáivuotna Kåfjord","1940","PIR","Piratpartiet",2,0,0,0
"2013","st","Troms Romsa","Gáivuotna Kåfjord","Gáivuotna Kåfjord","1940","BLANKE","Blanke",3,0.3252,4,1
"2013","st","Troms Romsa","Gáivuotna Kåfjord","Gáivuotna Kåfjord","1940","Andre","Andre",0,8.37398,103,18
"2013","st","Troms Romsa","Gáivuotna Kåfjord","Gáivuotna Kåfjord","1940","Andre2","Andre2",0,0,0,0
"2013","st","Troms Romsa","Skjervøy","Skjervøy","1941","A","Arbeiderpartiet",1,26.44684,393,112
"2013","st","Troms Romsa","Skjervøy","Skjervøy","1941","SV","Sosialistisk Venstreparti",1,4.97981,74,16
"2013","st","Troms Romsa","Skjervøy","Skjervøy","1941","RØDT","Rødt",1,0.80754,12,4
"2013","st","Troms Romsa","Skjervøy","Skjervøy","1941","SP","Senterpartiet",1,7.80619,116,12
"2013","st","Troms Romsa","Skjervøy","Skjervøy","1941","KRF","Kristelig Folkeparti",1,13.12248,195,27
"2013","st","Troms Romsa","Skjervøy","Skjervøy","1941","V","Venstre",1,2.75908,41,17
"2013","st","Troms Romsa","Skjervøy","Skjervøy","1941","H","Høyre",1,18.97712,282,90
"2013","st","Troms Romsa","Skjervøy","Skjervøy","1941","FRP","Fremskrittspartiet",1,20.05384,298,75
"2013","st","Troms Romsa","Skjervøy","Skjervøy","1941","DEMN","Demokratene i Norge",2,0,0,0
"2013","st","Troms Romsa","Skjervøy","Skjervøy","1941","KRISTNE","De Kristne",2,0.40377,6,4
"2013","st","Troms Romsa","Skjervøy","Skjervøy","1941","KSP","Kristent Samlingsparti",2,0.40377,6,1
"2013","st","Troms Romsa","Skjervøy","Skjervøy","1941","KYST","Kystpartiet",2,2.01884,30,6
"2013","st","Troms Romsa","Skjervøy","Skjervøy","1941","MDG","Miljøpartiet De Grønne",2,1.95155,29,12
"2013","st","Troms Romsa","Skjervøy","Skjervøy","1941","NKP","Norges Kommunistiske Parti",2,0.06729,1,0
"2013","st","Troms Romsa","Skjervøy","Skjervøy","1941","PIR","Piratpartiet",2,0.20188,3,0
"2013","st","Troms Romsa","Skjervøy","Skjervøy","1941","BLANKE","Blanke",3,0.53836,8,1
"2013","st","Troms Romsa","Skjervøy","Skjervøy","1941","Andre","Andre",0,5.04711,75,23
"2013","st","Troms Romsa","Skjervøy","Skjervøy","1941","Andre2","Andre2",0,0,0,0
"2013","st","Troms Romsa","Nordreisa","Nordreisa","1942","A","Arbeiderpartiet",1,30.72755,794,229
"2013","st","Troms Romsa","Nordreisa","Nordreisa","1942","SV","Sosialistisk Venstreparti",1,5.88235,152,38
"2013","st","Troms Romsa","Nordreisa","Nordreisa","1942","RØDT","Rødt",1,0.89009,23,11
"2013","st","Troms Romsa","Nordreisa","Nordreisa","1942","SP","Senterpartiet",1,8.97833,232,42
"2013","st","Troms Romsa","Nordreisa","Nordreisa","1942","KRF","Kristelig Folkeparti",1,7.73994,200,30
"2013","st","Troms Romsa","Nordreisa","Nordreisa","1942","V","Venstre",1,2.70898,70,21
"2013","st","Troms Romsa","Nordreisa","Nordreisa","1942","H","Høyre",1,18.42105,476,132
"2013","st","Troms Romsa","Nordreisa","Nordreisa","1942","FRP","Fremskrittspartiet",1,21.32353,551,182
"2013","st","Troms Romsa","Nordreisa","Nordreisa","1942","DEMN","Demokratene i Norge",2,0.0387,1,0
"2013","st","Troms Romsa","Nordreisa","Nordreisa","1942","KRISTNE","De Kristne",2,0.2709,7,4
"2013","st","Troms Romsa","Nordreisa","Nordreisa","1942","KSP","Kristent Samlingsparti",2,0.0774,2,0
"2013","st","Troms Romsa","Nordreisa","Nordreisa","1942","KYST","Kystpartiet",2,0.69659,18,4
"2013","st","Troms Romsa","Nordreisa","Nordreisa","1942","MDG","Miljøpartiet De Grønne",2,1.78019,46,18
"2013","st","Troms Romsa","Nordreisa","Nordreisa","1942","NKP","Norges Kommunistiske Parti",2,0.0774,2,0
"2013","st","Troms Romsa","Nordreisa","Nordreisa","1942","PIR","Piratpartiet",2,0.387,10,4
"2013","st","Troms Romsa","Nordreisa","Nordreisa","1942","BLANKE","Blanke",3,0.65789,17,5
"2013","st","Troms Romsa","Nordreisa","Nordreisa","1942","Andre","Andre",0,3.32817,86,30
"2013","st","Troms Romsa","Nordreisa","Nordreisa","1942","Andre2","Andre2",0,0,0,0
"2013","st","Troms Romsa","Kvænangen","Kvænangen","1943","A","Arbeiderpartiet",1,32.36994,224,69
"2013","st","Troms Romsa","Kvænangen","Kvænangen","1943","SV","Sosialistisk Venstreparti",1,4.33526,30,15
"2013","st","Troms Romsa","Kvænangen","Kvænangen","1943","RØDT","Rødt",1,0.57803,4,1
"2013","st","Troms Romsa","Kvænangen","Kvænangen","1943","SP","Senterpartiet",1,5.49133,38,9
"2013","st","Troms Romsa","Kvænangen","Kvænangen","1943","KRF","Kristelig Folkeparti",1,6.06936,42,6
"2013","st","Troms Romsa","Kvænangen","Kvænangen","1943","V","Venstre",1,1.15607,8,1
"2013","st","Troms Romsa","Kvænangen","Kvænangen","1943","H","Høyre",1,17.34104,120,50
"2013","st","Troms Romsa","Kvænangen","Kvænangen","1943","FRP","Fremskrittspartiet",1,27.16763,188,66
"2013","st","Troms Romsa","Kvænangen","Kvænangen","1943","DEMN","Demokratene i Norge",2,0,0,0
"2013","st","Troms Romsa","Kvænangen","Kvænangen","1943","KRISTNE","De Kristne",2,0.57803,4,1
"2013","st","Troms Romsa","Kvænangen","Kvænangen","1943","KSP","Kristent Samlingsparti",2,0,0,0
"2013","st","Troms Romsa","Kvænangen","Kvænangen","1943","KYST","Kystpartiet",2,3.75723,26,13
"2013","st","Troms Romsa","Kvænangen","Kvænangen","1943","MDG","Miljøpartiet De Grønne",2,0.86705,6,2
"2013","st","Troms Romsa","Kvænangen","Kvænangen","1943","NKP","Norges Kommunistiske Parti",2,0,0,0
"2013","st","Troms Romsa","Kvænangen","Kvænangen","1943","PIR","Piratpartiet",2,0.28902,2,1
"2013","st","Troms Romsa","Kvænangen","Kvænangen","1943","BLANKE","Blanke",3,0.86705,6,6
"2013","st","Troms Romsa","Kvænangen","Kvænangen","1943","Andre","Andre",0,5.49133,38,17
"2013","st","Troms Romsa","Kvænangen","Kvænangen","1943","Andre2","Andre2",0,0,0,0
"2013","st","Finnmark Finnmárku","Vardø","Vardø","2002","A","Arbeiderpartiet",1,45.41485,520,125
"2013","st","Finnmark Finnmárku","Vardø","Vardø","2002","SV","Sosialistisk Venstreparti",1,4.89083,56,13
"2013","st","Finnmark Finnmárku","Vardø","Vardø","2002","RØDT","Rødt",1,0.78603,9,4
"2013","st","Finnmark Finnmárku","Vardø","Vardø","2002","SP","Senterpartiet",1,2.18341,25,6
"2013","st","Finnmark Finnmárku","Vardø","Vardø","2002","KRF","Kristelig Folkeparti",1,1.22271,14,5
"2013","st","Finnmark Finnmárku","Vardø","Vardø","2002","V","Venstre",1,3.58079,41,10
"2013","st","Finnmark Finnmárku","Vardø","Vardø","2002","H","Høyre",1,14.75983,169,55
"2013","st","Finnmark Finnmárku","Vardø","Vardø","2002","FRP","Fremskrittspartiet",1,21.57205,247,68
"2013","st","Finnmark Finnmárku","Vardø","Vardø","2002","DEMN","Demokratene i Norge",2,0.26201,3,1
"2013","st","Finnmark Finnmárku","Vardø","Vardø","2002","KRISTNE","De Kristne",2,0.26201,3,1
"2013","st","Finnmark Finnmárku","Vardø","Vardø","2002","KSP","Kristent Samlingsparti",2,0.08734,1,1
"2013","st","Finnmark Finnmárku","Vardø","Vardø","2002","KYST","Kystpartiet",2,3.23144,37,3
"2013","st","Finnmark Finnmárku","Vardø","Vardø","2002","MDG","Miljøpartiet De Grønne",2,1.39738,16,6
"2013","st","Finnmark Finnmárku","Vardø","Vardø","2002","PIR","Piratpartiet",2,0.34934,4,0
"2013","st","Finnmark Finnmárku","Vardø","Vardø","2002","BLANKE","Blanke",3,0.9607,11,3
"2013","st","Finnmark Finnmárku","Vardø","Vardø","2002","SJALTA","Sykehus til Alta",3,0,0,0
"2013","st","Finnmark Finnmárku","Vardø","Vardø","2002","Andre","Andre",0,5.58952,64,12
"2013","st","Finnmark Finnmárku","Vardø","Vardø","2002","Andre2","Andre2",0,0,0,0
"2013","st","Finnmark Finnmárku","Vadsø","Vadsø","2003","A","Arbeiderpartiet",1,45.39575,1474,350
"2013","st","Finnmark Finnmárku","Vadsø","Vadsø","2003","SV","Sosialistisk Venstreparti",1,7.36064,239,45
"2013","st","Finnmark Finnmárku","Vadsø","Vadsø","2003","RØDT","Rødt",1,1.10872,36,12
"2013","st","Finnmark Finnmárku","Vadsø","Vadsø","2003","SP","Senterpartiet",1,2.06344,67,13
"2013","st","Finnmark Finnmárku","Vadsø","Vadsø","2003","KRF","Kristelig Folkeparti",1,2.74099,89,26
"2013","st","Finnmark Finnmárku","Vadsø","Vadsø","2003","V","Venstre",1,3.51093,114,30
"2013","st","Finnmark Finnmárku","Vadsø","Vadsø","2003","H","Høyre",1,24.17616,785,218
"2013","st","Finnmark Finnmárku","Vadsø","Vadsø","2003","FRP","Fremskrittspartiet",1,8.93132,290,91
"2013","st","Finnmark Finnmárku","Vadsø","Vadsø","2003","DEMN","Demokratene i Norge",2,0.0616,2,0
"2013","st","Finnmark Finnmárku","Vadsø","Vadsø","2003","KRISTNE","De Kristne",2,0.86233,28,8
"2013","st","Finnmark Finnmárku","Vadsø","Vadsø","2003","KSP","Kristent Samlingsparti",2,0.0308,1,0
"2013","st","Finnmark Finnmárku","Vadsø","Vadsø","2003","KYST","Kystpartiet",2,0.70835,23,6
"2013","st","Finnmark Finnmárku","Vadsø","Vadsø","2003","MDG","Miljøpartiet De Grønne",2,2.52541,82,36
"2013","st","Finnmark Finnmárku","Vadsø","Vadsø","2003","PIR","Piratpartiet",2,0.52356,17,8
"2013","st","Finnmark Finnmárku","Vadsø","Vadsø","2003","BLANKE","Blanke",3,0.89313,29,12
"2013","st","Finnmark Finnmárku","Vadsø","Vadsø","2003","SJALTA","Sykehus til Alta",3,0,0,0
"2013","st","Finnmark Finnmárku","Vadsø","Vadsø","2003","Andre","Andre",0,4.71204,153,58
"2013","st","Finnmark Finnmárku","Vadsø","Vadsø","2003","Andre2","Andre2",0,0,0,0
"2013","st","Finnmark Finnmárku","Hammerfest","Hammerfest","2004","A","Arbeiderpartiet",1,49.67598,2453,1205
"2013","st","Finnmark Finnmárku","Hammerfest","Hammerfest","2004","SV","Sosialistisk Venstreparti",1,4.43499,219,108
"2013","st","Finnmark Finnmárku","Hammerfest","Hammerfest","2004","RØDT","Rødt",1,0.9518,47,28
"2013","st","Finnmark Finnmárku","Hammerfest","Hammerfest","2004","SP","Senterpartiet",1,1.9036,94,45
"2013","st","Finnmark Finnmárku","Hammerfest","Hammerfest","2004","KRF","Kristelig Folkeparti",1,2.08586,103,58
"2013","st","Finnmark Finnmárku","Hammerfest","Hammerfest","2004","V","Venstre",1,1.49858,74,38
"2013","st","Finnmark Finnmárku","Hammerfest","Hammerfest","2004","H","Høyre",1,19.54232,965,527
"2013","st","Finnmark Finnmárku","Hammerfest","Hammerfest","2004","FRP","Fremskrittspartiet",1,15.20859,751,396
"2013","st","Finnmark Finnmárku","Hammerfest","Hammerfest","2004","DEMN","Demokratene i Norge",2,0.12151,6,0
"2013","st","Finnmark Finnmárku","Hammerfest","Hammerfest","2004","KRISTNE","De Kristne",2,0.62778,31,14
"2013","st","Finnmark Finnmárku","Hammerfest","Hammerfest","2004","KSP","Kristent Samlingsparti",2,0,0,0
"2013","st","Finnmark Finnmárku","Hammerfest","Hammerfest","2004","KYST","Kystpartiet",2,1.17456,58,29
"2013","st","Finnmark Finnmárku","Hammerfest","Hammerfest","2004","MDG","Miljøpartiet De Grønne",2,2.24787,111,61
"2013","st","Finnmark Finnmárku","Hammerfest","Hammerfest","2004","PIR","Piratpartiet",2,0.50628,25,20
"2013","st","Finnmark Finnmárku","Hammerfest","Hammerfest","2004","BLANKE","Blanke",3,1.09356,54,32
"2013","st","Finnmark Finnmárku","Hammerfest","Hammerfest","2004","SJALTA","Sykehus til Alta",3,0.02025,1,1
"2013","st","Finnmark Finnmárku","Hammerfest","Hammerfest","2004","Andre","Andre",0,4.69826,232,125
"2013","st","Finnmark Finnmárku","Hammerfest","Hammerfest","2004","Andre2","Andre2",0,0,0,0
"2013","st","Finnmark Finnmárku","Guovdageaidnu Kautokeino","Guovdageaidnu Kautokeino","2011","A","Arbeiderpartiet",1,24.75728,357,125
"2013","st","Finnmark Finnmárku","Guovdageaidnu Kautokeino","Guovdageaidnu Kautokeino","2011","SV","Sosialistisk Venstreparti",1,3.39806,49,18
"2013","st","Finnmark Finnmárku","Guovdageaidnu Kautokeino","Guovdageaidnu Kautokeino","2011","RØDT","Rødt",1,1.04022,15,10
"2013","st","Finnmark Finnmárku","Guovdageaidnu Kautokeino","Guovdageaidnu Kautokeino","2011","SP","Senterpartiet",1,5.40915,78,27
"2013","st","Finnmark Finnmárku","Guovdageaidnu Kautokeino","Guovdageaidnu Kautokeino","2011","KRF","Kristelig Folkeparti",1,9.362,135,60
"2013","st","Finnmark Finnmárku","Guovdageaidnu Kautokeino","Guovdageaidnu Kautokeino","2011","V","Venstre",1,8.87656,128,47
"2013","st","Finnmark Finnmárku","Guovdageaidnu Kautokeino","Guovdageaidnu Kautokeino","2011","H","Høyre",1,25.7975,372,186
"2013","st","Finnmark Finnmárku","Guovdageaidnu Kautokeino","Guovdageaidnu Kautokeino","2011","FRP","Fremskrittspartiet",1,7.83634,113,57
"2013","st","Finnmark Finnmárku","Guovdageaidnu Kautokeino","Guovdageaidnu Kautokeino","2011","DEMN","Demokratene i Norge",2,0.06935,1,0
"2013","st","Finnmark Finnmárku","Guovdageaidnu Kautokeino","Guovdageaidnu Kautokeino","2011","KRISTNE","De Kristne",2,2.56588,37,15
"2013","st","Finnmark Finnmárku","Guovdageaidnu Kautokeino","Guovdageaidnu Kautokeino","2011","KSP","Kristent Samlingsparti",2,0.97087,14,9
"2013","st","Finnmark Finnmárku","Guovdageaidnu Kautokeino","Guovdageaidnu Kautokeino","2011","KYST","Kystpartiet",2,0,0,0
"2013","st","Finnmark Finnmárku","Guovdageaidnu Kautokeino","Guovdageaidnu Kautokeino","2011","MDG","Miljøpartiet De Grønne",2,4.02219,58,30
"2013","st","Finnmark Finnmárku","Guovdageaidnu Kautokeino","Guovdageaidnu Kautokeino","2011","PIR","Piratpartiet",2,0.76283,11,2
"2013","st","Finnmark Finnmárku","Guovdageaidnu Kautokeino","Guovdageaidnu Kautokeino","2011","BLANKE","Blanke",3,1.24827,18,7
"2013","st","Finnmark Finnmárku","Guovdageaidnu Kautokeino","Guovdageaidnu Kautokeino","2011","SJALTA","Sykehus til Alta",3,5.13176,74,26
"2013","st","Finnmark Finnmárku","Guovdageaidnu Kautokeino","Guovdageaidnu Kautokeino","2011","Andre","Andre",0,13.52288,195,82
"2013","st","Finnmark Finnmárku","Guovdageaidnu Kautokeino","Guovdageaidnu Kautokeino","2011","Andre2","Andre2",0,0,0,0
"2013","st","Finnmark Finnmárku","Alta","Alta","2012","A","Arbeiderpartiet",1,32.4375,3114,1401
"2013","st","Finnmark Finnmárku","Alta","Alta","2012","SV","Sosialistisk Venstreparti",1,4.36458,419,174
"2013","st","Finnmark Finnmárku","Alta","Alta","2012","RØDT","Rødt",1,0.96875,93,54
"2013","st","Finnmark Finnmárku","Alta","Alta","2012","SP","Senterpartiet",1,2.38542,229,101
"2013","st","Finnmark Finnmárku","Alta","Alta","2012","KRF","Kristelig Folkeparti",1,3.79167,364,145
"2013","st","Finnmark Finnmárku","Alta","Alta","2012","V","Venstre",1,6.04167,580,255
"2013","st","Finnmark Finnmárku","Alta","Alta","2012","H","Høyre",1,19.27083,1850,899
"2013","st","Finnmark Finnmárku","Alta","Alta","2012","FRP","Fremskrittspartiet",1,20.90625,2007,1021
"2013","st","Finnmark Finnmárku","Alta","Alta","2012","DEMN","Demokratene i Norge",2,0.02083,2,1
"2013","st","Finnmark Finnmárku","Alta","Alta","2012","KRISTNE","De Kristne",2,1.08333,104,52
"2013","st","Finnmark Finnmárku","Alta","Alta","2012","KSP","Kristent Samlingsparti",2,0.0625,6,2
"2013","st","Finnmark Finnmárku","Alta","Alta","2012","KYST","Kystpartiet",2,2.08333,200,108
"2013","st","Finnmark Finnmárku","Alta","Alta","2012","MDG","Miljøpartiet De Grønne",2,2.38542,229,127
"2013","st","Finnmark Finnmárku","Alta","Alta","2012","PIR","Piratpartiet",2,0.34375,33,20
"2013","st","Finnmark Finnmárku","Alta","Alta","2012","BLANKE","Blanke",3,0.65625,63,31
"2013","st","Finnmark Finnmárku","Alta","Alta","2012","SJALTA","Sykehus til Alta",3,3.85417,370,173
"2013","st","Finnmark Finnmárku","Alta","Alta","2012","Andre","Andre",0,9.83333,944,483
"2013","st","Finnmark Finnmárku","Alta","Alta","2012","Andre2","Andre2",0,0,0,0
"2013","st","Finnmark Finnmárku","Loppa","Loppa","2014","A","Arbeiderpartiet",1,36.49123,208,69
"2013","st","Finnmark Finnmárku","Loppa","Loppa","2014","SV","Sosialistisk Venstreparti",1,5.4386,31,10
"2013","st","Finnmark Finnmárku","Loppa","Loppa","2014","RØDT","Rødt",1,0.35088,2,0
"2013","st","Finnmark Finnmárku","Loppa","Loppa","2014","SP","Senterpartiet",1,3.15789,18,5
"2013","st","Finnmark Finnmárku","Loppa","Loppa","2014","KRF","Kristelig Folkeparti",1,2.45614,14,2
"2013","st","Finnmark Finnmárku","Loppa","Loppa","2014","V","Venstre",1,2.98246,17,5
"2013","st","Finnmark Finnmárku","Loppa","Loppa","2014","H","Høyre",1,19.12281,109,24
"2013","st","Finnmark Finnmárku","Loppa","Loppa","2014","FRP","Fremskrittspartiet",1,19.12281,109,36
"2013","st","Finnmark Finnmárku","Loppa","Loppa","2014","DEMN","Demokratene i Norge",2,0,0,0
"2013","st","Finnmark Finnmárku","Loppa","Loppa","2014","KRISTNE","De Kristne",2,0.87719,5,0
"2013","st","Finnmark Finnmárku","Loppa","Loppa","2014","KSP","Kristent Samlingsparti",2,0,0,0
"2013","st","Finnmark Finnmárku","Loppa","Loppa","2014","KYST","Kystpartiet",2,7.01754,40,10
"2013","st","Finnmark Finnmárku","Loppa","Loppa","2014","MDG","Miljøpartiet De Grønne",2,2.63158,15,3
"2013","st","Finnmark Finnmárku","Loppa","Loppa","2014","PIR","Piratpartiet",2,0,0,0
"2013","st","Finnmark Finnmárku","Loppa","Loppa","2014","BLANKE","Blanke",3,0.35088,2,2
"2013","st","Finnmark Finnmárku","Loppa","Loppa","2014","SJALTA","Sykehus til Alta",3,0.35088,2,2
"2013","st","Finnmark Finnmárku","Loppa","Loppa","2014","Andre","Andre",0,10.87719,62,15
"2013","st","Finnmark Finnmárku","Loppa","Loppa","2014","Andre2","Andre2",0,0,0,0
"2013","st","Finnmark Finnmárku","Hasvik","Hasvik","2015","A","Arbeiderpartiet",1,49.47808,237,58
"2013","st","Finnmark Finnmárku","Hasvik","Hasvik","2015","SV","Sosialistisk Venstreparti",1,2.08768,10,6
"2013","st","Finnmark Finnmárku","Hasvik","Hasvik","2015","RØDT","Rødt",1,0.41754,2,1
"2013","st","Finnmark Finnmárku","Hasvik","Hasvik","2015","SP","Senterpartiet",1,11.06472,53,12
"2013","st","Finnmark Finnmárku","Hasvik","Hasvik","2015","KRF","Kristelig Folkeparti",1,1.46138,7,1
"2013","st","Finnmark Finnmárku","Hasvik","Hasvik","2015","V","Venstre",1,1.04384,5,2
"2013","st","Finnmark Finnmárku","Hasvik","Hasvik","2015","H","Høyre",1,16.07516,77,25
"2013","st","Finnmark Finnmárku","Hasvik","Hasvik","2015","FRP","Fremskrittspartiet",1,13.1524,63,13
"2013","st","Finnmark Finnmárku","Hasvik","Hasvik","2015","DEMN","Demokratene i Norge",2,0.20877,1,1
"2013","st","Finnmark Finnmárku","Hasvik","Hasvik","2015","KRISTNE","De Kristne",2,1.04384,5,2
"2013","st","Finnmark Finnmárku","Hasvik","Hasvik","2015","KSP","Kristent Samlingsparti",2,0,0,0
"2013","st","Finnmark Finnmárku","Hasvik","Hasvik","2015","KYST","Kystpartiet",2,0.83507,4,2
"2013","st","Finnmark Finnmárku","Hasvik","Hasvik","2015","MDG","Miljøpartiet De Grønne",2,2.71399,13,2
"2013","st","Finnmark Finnmárku","Hasvik","Hasvik","2015","PIR","Piratpartiet",2,0.20877,1,1
"2013","st","Finnmark Finnmárku","Hasvik","Hasvik","2015","BLANKE","Blanke",3,0.41754,2,0
"2013","st","Finnmark Finnmárku","Hasvik","Hasvik","2015","SJALTA","Sykehus til Alta",3,0.20877,1,0
"2013","st","Finnmark Finnmárku","Hasvik","Hasvik","2015","Andre","Andre",0,5.21921,25,8
"2013","st","Finnmark Finnmárku","Hasvik","Hasvik","2015","Andre2","Andre2",0,0,0,0
"2013","st","Finnmark Finnmárku","Kvalsund","Kvalsund","2017","A","Arbeiderpartiet",1,39.55095,229,69
"2013","st","Finnmark Finnmárku","Kvalsund","Kvalsund","2017","SV","Sosialistisk Venstreparti",1,5.52677,32,11
"2013","st","Finnmark Finnmárku","Kvalsund","Kvalsund","2017","RØDT","Rødt",1,1.03627,6,1
"2013","st","Finnmark Finnmárku","Kvalsund","Kvalsund","2017","SP","Senterpartiet",1,3.10881,18,7
"2013","st","Finnmark Finnmárku","Kvalsund","Kvalsund","2017","KRF","Kristelig Folkeparti",1,2.76339,16,4
"2013","st","Finnmark Finnmárku","Kvalsund","Kvalsund","2017","V","Venstre",1,2.07254,12,5
"2013","st","Finnmark Finnmárku","Kvalsund","Kvalsund","2017","H","Høyre",1,20.03454,116,27
"2013","st","Finnmark Finnmárku","Kvalsund","Kvalsund","2017","FRP","Fremskrittspartiet",1,22.27979,129,31
"2013","st","Finnmark Finnmárku","Kvalsund","Kvalsund","2017","DEMN","Demokratene i Norge",2,0,0,0
"2013","st","Finnmark Finnmárku","Kvalsund","Kvalsund","2017","KRISTNE","De Kristne",2,0.17271,1,0
"2013","st","Finnmark Finnmárku","Kvalsund","Kvalsund","2017","KSP","Kristent Samlingsparti",2,0.69085,4,1
"2013","st","Finnmark Finnmárku","Kvalsund","Kvalsund","2017","KYST","Kystpartiet",2,1.20898,7,0
"2013","st","Finnmark Finnmárku","Kvalsund","Kvalsund","2017","MDG","Miljøpartiet De Grønne",2,1.03627,6,1
"2013","st","Finnmark Finnmárku","Kvalsund","Kvalsund","2017","PIR","Piratpartiet",2,0.51813,3,0
"2013","st","Finnmark Finnmárku","Kvalsund","Kvalsund","2017","BLANKE","Blanke",3,0.69085,4,0
"2013","st","Finnmark Finnmárku","Kvalsund","Kvalsund","2017","SJALTA","Sykehus til Alta",3,0,0,0
"2013","st","Finnmark Finnmárku","Kvalsund","Kvalsund","2017","Andre","Andre",0,3.62694,21,2
"2013","st","Finnmark Finnmárku","Kvalsund","Kvalsund","2017","Andre2","Andre2",0,0,0,0
"2013","st","Finnmark Finnmárku","Måsøy","Måsøy","2018","A","Arbeiderpartiet",1,41.96277,248,82
"2013","st","Finnmark Finnmárku","Måsøy","Måsøy","2018","SV","Sosialistisk Venstreparti",1,1.52284,9,5
"2013","st","Finnmark Finnmárku","Måsøy","Måsøy","2018","RØDT","Rødt",1,1.18443,7,5
"2013","st","Finnmark Finnmárku","Måsøy","Måsøy","2018","SP","Senterpartiet",1,10.49069,62,34
"2013","st","Finnmark Finnmárku","Måsøy","Måsøy","2018","KRF","Kristelig Folkeparti",1,1.69205,10,3
"2013","st","Finnmark Finnmárku","Måsøy","Måsøy","2018","V","Venstre",1,1.69205,10,7
"2013","st","Finnmark Finnmárku","Måsøy","Måsøy","2018","H","Høyre",1,23.51946,139,44
"2013","st","Finnmark Finnmárku","Måsøy","Måsøy","2018","FRP","Fremskrittspartiet",1,16.07445,95,38
"2013","st","Finnmark Finnmárku","Måsøy","Måsøy","2018","DEMN","Demokratene i Norge",2,0,0,0
"2013","st","Finnmark Finnmárku","Måsøy","Måsøy","2018","KRISTNE","De Kristne",2,0,0,0
"2013","st","Finnmark Finnmárku","Måsøy","Måsøy","2018","KSP","Kristent Samlingsparti",2,0,0,0
"2013","st","Finnmark Finnmárku","Måsøy","Måsøy","2018","KYST","Kystpartiet",2,1.01523,6,5
"2013","st","Finnmark Finnmárku","Måsøy","Måsøy","2018","MDG","Miljøpartiet De Grønne",2,0.67682,4,4
"2013","st","Finnmark Finnmárku","Måsøy","Måsøy","2018","PIR","Piratpartiet",2,0.1692,1,0
"2013","st","Finnmark Finnmárku","Måsøy","Måsøy","2018","BLANKE","Blanke",3,1.35364,8,2
"2013","st","Finnmark Finnmárku","Måsøy","Måsøy","2018","SJALTA","Sykehus til Alta",3,0,0,0
"2013","st","Finnmark Finnmárku","Måsøy","Måsøy","2018","Andre","Andre",0,1.86125,11,9
"2013","st","Finnmark Finnmárku","Måsøy","Måsøy","2018","Andre2","Andre2",0,0,0,0
"2013","st","Finnmark Finnmárku","Nordkapp","Nordkapp","2019","A","Arbeiderpartiet",1,44.82121,727,221
"2013","st","Finnmark Finnmárku","Nordkapp","Nordkapp","2019","SV","Sosialistisk Venstreparti",1,6.47349,105,30
"2013","st","Finnmark Finnmárku","Nordkapp","Nordkapp","2019","RØDT","Rødt",1,0.61652,10,3
"2013","st","Finnmark Finnmárku","Nordkapp","Nordkapp","2019","SP","Senterpartiet",1,2.40444,39,10
"2013","st","Finnmark Finnmárku","Nordkapp","Nordkapp","2019","KRF","Kristelig Folkeparti",1,0.98644,16,4
"2013","st","Finnmark Finnmárku","Nordkapp","Nordkapp","2019","V","Venstre",1,1.84957,30,7
"2013","st","Finnmark Finnmárku","Nordkapp","Nordkapp","2019","H","Høyre",1,22.81134,370,140
"2013","st","Finnmark Finnmárku","Nordkapp","Nordkapp","2019","FRP","Fremskrittspartiet",1,17.32429,281,90
"2013","st","Finnmark Finnmárku","Nordkapp","Nordkapp","2019","DEMN","Demokratene i Norge",2,0.06165,1,0
"2013","st","Finnmark Finnmárku","Nordkapp","Nordkapp","2019","KRISTNE","De Kristne",2,0.61652,10,2
"2013","st","Finnmark Finnmárku","Nordkapp","Nordkapp","2019","KSP","Kristent Samlingsparti",2,0.06165,1,1
"2013","st","Finnmark Finnmárku","Nordkapp","Nordkapp","2019","KYST","Kystpartiet",2,0.73983,12,2
"2013","st","Finnmark Finnmárku","Nordkapp","Nordkapp","2019","MDG","Miljøpartiet De Grønne",2,0.80148,13,11
"2013","st","Finnmark Finnmárku","Nordkapp","Nordkapp","2019","PIR","Piratpartiet",2,0.30826,5,1
"2013","st","Finnmark Finnmárku","Nordkapp","Nordkapp","2019","BLANKE","Blanke",3,0.36991,6,4
"2013","st","Finnmark Finnmárku","Nordkapp","Nordkapp","2019","SJALTA","Sykehus til Alta",3,0.1233,2,1
"2013","st","Finnmark Finnmárku","Nordkapp","Nordkapp","2019","Andre","Andre",0,2.7127,44,18
"2013","st","Finnmark Finnmárku","Nordkapp","Nordkapp","2019","Andre2","Andre2",0,0,0,0
"2013","st","Finnmark Finnmárku","Porsanger Porsángu Porsanki","Porsanger Porsángu Porsanki","2020","A","Arbeiderpartiet",1,36.48269,780,228
"2013","st","Finnmark Finnmárku","Porsanger Porsángu Porsanki","Porsanger Porsángu Porsanki","2020","SV","Sosialistisk Venstreparti",1,4.25631,91,31
"2013","st","Finnmark Finnmárku","Porsanger Porsángu Porsanki","Porsanger Porsángu Porsanki","2020","RØDT","Rødt",1,0.88868,19,9
"2013","st","Finnmark Finnmárku","Porsanger Porsángu Porsanki","Porsanger Porsángu Porsanki","2020","SP","Senterpartiet",1,3.46118,74,18
"2013","st","Finnmark Finnmárku","Porsanger Porsángu Porsanki","Porsanger Porsángu Porsanki","2020","KRF","Kristelig Folkeparti",1,2.89991,62,19
"2013","st","Finnmark Finnmárku","Porsanger Porsángu Porsanki","Porsanger Porsángu Porsanki","2020","V","Venstre",1,2.01123,43,15
"2013","st","Finnmark Finnmárku","Porsanger Porsángu Porsanki","Porsanger Porsángu Porsanki","2020","H","Høyre",1,27.7362,593,196
"2013","st","Finnmark Finnmárku","Porsanger Porsángu Porsanki","Porsanger Porsángu Porsanki","2020","FRP","Fremskrittspartiet",1,17.6333,377,129
"2013","st","Finnmark Finnmárku","Porsanger Porsángu Porsanki","Porsanger Porsángu Porsanki","2020","DEMN","Demokratene i Norge",2,0,0,0
"2013","st","Finnmark Finnmárku","Porsanger Porsángu Porsanki","Porsanger Porsángu Porsanki","2020","KRISTNE","De Kristne",2,1.21609,26,6
"2013","st","Finnmark Finnmárku","Porsanger Porsángu Porsanki","Porsanger Porsángu Porsanki","2020","KSP","Kristent Samlingsparti",2,0.09355,2,1
"2013","st","Finnmark Finnmárku","Porsanger Porsángu Porsanki","Porsanger Porsángu Porsanki","2020","KYST","Kystpartiet",2,0.88868,19,9
"2013","st","Finnmark Finnmárku","Porsanger Porsángu Porsanki","Porsanger Porsángu Porsanki","2020","MDG","Miljøpartiet De Grønne",2,1.91768,41,15
"2013","st","Finnmark Finnmárku","Porsanger Porsángu Porsanki","Porsanger Porsángu Porsanki","2020","PIR","Piratpartiet",2,0.46773,10,5
"2013","st","Finnmark Finnmárku","Porsanger Porsángu Porsanki","Porsanger Porsángu Porsanki","2020","BLANKE","Blanke",3,0.46773,10,3
"2013","st","Finnmark Finnmárku","Porsanger Porsángu Porsanki","Porsanger Porsángu Porsanki","2020","SJALTA","Sykehus til Alta",3,0.04677,1,0
"2013","st","Finnmark Finnmárku","Porsanger Porsángu Porsanki","Porsanger Porsángu Porsanki","2020","Andre","Andre",0,4.6305,99,36
"2013","st","Finnmark Finnmárku","Porsanger Porsángu Porsanki","Porsanger Porsángu Porsanki","2020","Andre2","Andre2",0,0,0,0
"2013","st","Finnmark Finnmárku","Kárásjohka Karasjok","Kárásjohka Karasjok","2021","A","Arbeiderpartiet",1,41.97264,583,157
"2013","st","Finnmark Finnmárku","Kárásjohka Karasjok","Kárásjohka Karasjok","2021","SV","Sosialistisk Venstreparti",1,4.10367,57,12
"2013","st","Finnmark Finnmárku","Kárásjohka Karasjok","Kárásjohka Karasjok","2021","RØDT","Rødt",1,0.86393,12,4
"2013","st","Finnmark Finnmárku","Kárásjohka Karasjok","Kárásjohka Karasjok","2021","SP","Senterpartiet",1,11.66307,162,43
"2013","st","Finnmark Finnmárku","Kárásjohka Karasjok","Kárásjohka Karasjok","2021","KRF","Kristelig Folkeparti",1,4.67963,65,21
"2013","st","Finnmark Finnmárku","Kárásjohka Karasjok","Kárásjohka Karasjok","2021","V","Venstre",1,5.54356,77,28
"2013","st","Finnmark Finnmárku","Kárásjohka Karasjok","Kárásjohka Karasjok","2021","H","Høyre",1,18.64651,259,90
"2013","st","Finnmark Finnmárku","Kárásjohka Karasjok","Kárásjohka Karasjok","2021","FRP","Fremskrittspartiet",1,5.68754,79,29
"2013","st","Finnmark Finnmárku","Kárásjohka Karasjok","Kárásjohka Karasjok","2021","DEMN","Demokratene i Norge",2,0.14399,2,0
"2013","st","Finnmark Finnmárku","Kárásjohka Karasjok","Kárásjohka Karasjok","2021","KRISTNE","De Kristne",2,1.15191,16,2
"2013","st","Finnmark Finnmárku","Kárásjohka Karasjok","Kárásjohka Karasjok","2021","KSP","Kristent Samlingsparti",2,0.07199,1,1
"2013","st","Finnmark Finnmárku","Kárásjohka Karasjok","Kárásjohka Karasjok","2021","KYST","Kystpartiet",2,0.21598,3,0
"2013","st","Finnmark Finnmárku","Kárásjohka Karasjok","Kárásjohka Karasjok","2021","MDG","Miljøpartiet De Grønne",2,4.10367,57,17
"2013","st","Finnmark Finnmárku","Kárásjohka Karasjok","Kárásjohka Karasjok","2021","PIR","Piratpartiet",2,0.57595,8,3
"2013","st","Finnmark Finnmárku","Kárásjohka Karasjok","Kárásjohka Karasjok","2021","BLANKE","Blanke",3,1.2239,17,3
"2013","st","Finnmark Finnmárku","Kárásjohka Karasjok","Kárásjohka Karasjok","2021","SJALTA","Sykehus til Alta",3,0.57595,8,1
"2013","st","Finnmark Finnmárku","Kárásjohka Karasjok","Kárásjohka Karasjok","2021","Andre","Andre",0,6.83945,95,24
"2013","st","Finnmark Finnmárku","Kárásjohka Karasjok","Kárásjohka Karasjok","2021","Andre2","Andre2",0,0,0,0
"2013","st","Finnmark Finnmárku","Lebesby","Lebesby","2022","A","Arbeiderpartiet",1,35.11111,237,48
"2013","st","Finnmark Finnmárku","Lebesby","Lebesby","2022","SV","Sosialistisk Venstreparti",1,5.48148,37,8
"2013","st","Finnmark Finnmárku","Lebesby","Lebesby","2022","RØDT","Rødt",1,1.77778,12,3
"2013","st","Finnmark Finnmárku","Lebesby","Lebesby","2022","SP","Senterpartiet",1,5.62963,38,9
"2013","st","Finnmark Finnmárku","Lebesby","Lebesby","2022","KRF","Kristelig Folkeparti",1,5.62963,38,10
"2013","st","Finnmark Finnmárku","Lebesby","Lebesby","2022","V","Venstre",1,2.22222,15,6
"2013","st","Finnmark Finnmárku","Lebesby","Lebesby","2022","H","Høyre",1,18.22222,123,30
"2013","st","Finnmark Finnmárku","Lebesby","Lebesby","2022","FRP","Fremskrittspartiet",1,19.25926,130,35
"2013","st","Finnmark Finnmárku","Lebesby","Lebesby","2022","DEMN","Demokratene i Norge",2,0.14815,1,0
"2013","st","Finnmark Finnmárku","Lebesby","Lebesby","2022","KRISTNE","De Kristne",2,1.03704,7,1
"2013","st","Finnmark Finnmárku","Lebesby","Lebesby","2022","KSP","Kristent Samlingsparti",2,0.14815,1,0
"2013","st","Finnmark Finnmárku","Lebesby","Lebesby","2022","KYST","Kystpartiet",2,2.37037,16,1
"2013","st","Finnmark Finnmárku","Lebesby","Lebesby","2022","MDG","Miljøpartiet De Grønne",2,2.66667,18,8
"2013","st","Finnmark Finnmárku","Lebesby","Lebesby","2022","PIR","Piratpartiet",2,0.14815,1,0
"2013","st","Finnmark Finnmárku","Lebesby","Lebesby","2022","BLANKE","Blanke",3,0.88889,6,3
"2013","st","Finnmark Finnmárku","Lebesby","Lebesby","2022","SJALTA","Sykehus til Alta",3,0.14815,1,0
"2013","st","Finnmark Finnmárku","Lebesby","Lebesby","2022","Andre","Andre",0,6.66667,45,10
"2013","st","Finnmark Finnmárku","Lebesby","Lebesby","2022","Andre2","Andre2",0,0,0,0
"2013","st","Finnmark Finnmárku","Gamvik","Gamvik","2023","A","Arbeiderpartiet",1,46.85039,238,67
"2013","st","Finnmark Finnmárku","Gamvik","Gamvik","2023","SV","Sosialistisk Venstreparti",1,5.31496,27,6
"2013","st","Finnmark Finnmárku","Gamvik","Gamvik","2023","RØDT","Rødt",1,0.19685,1,0
"2013","st","Finnmark Finnmárku","Gamvik","Gamvik","2023","SP","Senterpartiet",1,3.14961,16,2
"2013","st","Finnmark Finnmárku","Gamvik","Gamvik","2023","KRF","Kristelig Folkeparti",1,1.37795,7,3
"2013","st","Finnmark Finnmárku","Gamvik","Gamvik","2023","V","Venstre",1,3.34646,17,6
"2013","st","Finnmark Finnmárku","Gamvik","Gamvik","2023","H","Høyre",1,13.18898,67,23
"2013","st","Finnmark Finnmárku","Gamvik","Gamvik","2023","FRP","Fremskrittspartiet",1,20.27559,103,28
"2013","st","Finnmark Finnmárku","Gamvik","Gamvik","2023","DEMN","Demokratene i Norge",2,0,0,0
"2013","st","Finnmark Finnmárku","Gamvik","Gamvik","2023","KRISTNE","De Kristne",2,0.59055,3,0
"2013","st","Finnmark Finnmárku","Gamvik","Gamvik","2023","KSP","Kristent Samlingsparti",2,0,0,0
"2013","st","Finnmark Finnmárku","Gamvik","Gamvik","2023","KYST","Kystpartiet",2,2.95276,15,3
"2013","st","Finnmark Finnmárku","Gamvik","Gamvik","2023","MDG","Miljøpartiet De Grønne",2,1.9685,10,3
"2013","st","Finnmark Finnmárku","Gamvik","Gamvik","2023","PIR","Piratpartiet",2,0.59055,3,1
"2013","st","Finnmark Finnmárku","Gamvik","Gamvik","2023","BLANKE","Blanke",3,0.59055,3,1
"2013","st","Finnmark Finnmárku","Gamvik","Gamvik","2023","SJALTA","Sykehus til Alta",3,0.19685,1,1
"2013","st","Finnmark Finnmárku","Gamvik","Gamvik","2023","Andre","Andre",0,6.29921,32,8
"2013","st","Finnmark Finnmárku","Gamvik","Gamvik","2023","Andre2","Andre2",0,0,0,0
"2013","st","Finnmark Finnmárku","Berlevåg","Berlevåg","2024","A","Arbeiderpartiet",1,46.62813,242,55
"2013","st","Finnmark Finnmárku","Berlevåg","Berlevåg","2024","SV","Sosialistisk Venstreparti",1,5.00963,26,5
"2013","st","Finnmark Finnmárku","Berlevåg","Berlevåg","2024","RØDT","Rødt",1,0.57803,3,2
"2013","st","Finnmark Finnmárku","Berlevåg","Berlevåg","2024","SP","Senterpartiet",1,1.34875,7,2
"2013","st","Finnmark Finnmárku","Berlevåg","Berlevåg","2024","KRF","Kristelig Folkeparti",1,0.96339,5,4
"2013","st","Finnmark Finnmárku","Berlevåg","Berlevåg","2024","V","Venstre",1,1.92678,10,4
"2013","st","Finnmark Finnmárku","Berlevåg","Berlevåg","2024","H","Høyre",1,24.08478,125,35
"2013","st","Finnmark Finnmárku","Berlevåg","Berlevåg","2024","FRP","Fremskrittspartiet",1,14.64355,76,20
"2013","st","Finnmark Finnmárku","Berlevåg","Berlevåg","2024","DEMN","Demokratene i Norge",2,0,0,0
"2013","st","Finnmark Finnmárku","Berlevåg","Berlevåg","2024","KRISTNE","De Kristne",2,0,0,0
"2013","st","Finnmark Finnmárku","Berlevåg","Berlevåg","2024","KSP","Kristent Samlingsparti",2,0,0,0
"2013","st","Finnmark Finnmárku","Berlevåg","Berlevåg","2024","KYST","Kystpartiet",2,2.11946,11,5
"2013","st","Finnmark Finnmárku","Berlevåg","Berlevåg","2024","MDG","Miljøpartiet De Grønne",2,2.11946,11,3
"2013","st","Finnmark Finnmárku","Berlevåg","Berlevåg","2024","PIR","Piratpartiet",2,0.38536,2,1
"2013","st","Finnmark Finnmárku","Berlevåg","Berlevåg","2024","BLANKE","Blanke",3,1.34875,7,2
"2013","st","Finnmark Finnmárku","Berlevåg","Berlevåg","2024","SJALTA","Sykehus til Alta",3,0.19268,1,1
"2013","st","Finnmark Finnmárku","Berlevåg","Berlevåg","2024","Andre","Andre",0,4.81696,25,10
"2013","st","Finnmark Finnmárku","Berlevåg","Berlevåg","2024","Andre2","Andre2",0,0,0,0
"2013","st","Finnmark Finnmárku","Deatnu Tana","Deatnu Tana","2025","A","Arbeiderpartiet",1,36.99314,593,135
"2013","st","Finnmark Finnmárku","Deatnu Tana","Deatnu Tana","2025","SV","Sosialistisk Venstreparti",1,6.05115,97,22
"2013","st","Finnmark Finnmárku","Deatnu Tana","Deatnu Tana","2025","RØDT","Rødt",1,0.62383,10,4
"2013","st","Finnmark Finnmárku","Deatnu Tana","Deatnu Tana","2025","SP","Senterpartiet",1,9.85652,158,41
"2013","st","Finnmark Finnmárku","Deatnu Tana","Deatnu Tana","2025","KRF","Kristelig Folkeparti",1,2.932,47,16
"2013","st","Finnmark Finnmárku","Deatnu Tana","Deatnu Tana","2025","V","Venstre",1,1.99626,32,12
"2013","st","Finnmark Finnmárku","Deatnu Tana","Deatnu Tana","2025","H","Høyre",1,24.6413,395,100
"2013","st","Finnmark Finnmárku","Deatnu Tana","Deatnu Tana","2025","FRP","Fremskrittspartiet",1,11.16656,179,48
"2013","st","Finnmark Finnmárku","Deatnu Tana","Deatnu Tana","2025","DEMN","Demokratene i Norge",2,0.12477,2,0
"2013","st","Finnmark Finnmárku","Deatnu Tana","Deatnu Tana","2025","KRISTNE","De Kristne",2,1.06051,17,11
"2013","st","Finnmark Finnmárku","Deatnu Tana","Deatnu Tana","2025","KSP","Kristent Samlingsparti",2,0.3743,6,2
"2013","st","Finnmark Finnmárku","Deatnu Tana","Deatnu Tana","2025","KYST","Kystpartiet",2,0.81098,13,6
"2013","st","Finnmark Finnmárku","Deatnu Tana","Deatnu Tana","2025","MDG","Miljøpartiet De Grønne",2,3.18153,51,23
"2013","st","Finnmark Finnmárku","Deatnu Tana","Deatnu Tana","2025","PIR","Piratpartiet",2,0.06238,1,0
"2013","st","Finnmark Finnmárku","Deatnu Tana","Deatnu Tana","2025","BLANKE","Blanke",3,0.56145,9,7
"2013","st","Finnmark Finnmárku","Deatnu Tana","Deatnu Tana","2025","SJALTA","Sykehus til Alta",3,0.12477,2,1
"2013","st","Finnmark Finnmárku","Deatnu Tana","Deatnu Tana","2025","Andre","Andre",0,5.73924,92,43
"2013","st","Finnmark Finnmárku","Deatnu Tana","Deatnu Tana","2025","Andre2","Andre2",0,0,0,0
"2013","st","Finnmark Finnmárku","Unjárga Nesseby","Unjárga Nesseby","2027","A","Arbeiderpartiet",1,38.32685,197,86
"2013","st","Finnmark Finnmárku","Unjárga Nesseby","Unjárga Nesseby","2027","SV","Sosialistisk Venstreparti",1,16.14786,83,22
"2013","st","Finnmark Finnmárku","Unjárga Nesseby","Unjárga Nesseby","2027","RØDT","Rødt",1,1.55642,8,3
"2013","st","Finnmark Finnmárku","Unjárga Nesseby","Unjárga Nesseby","2027","SP","Senterpartiet",1,7.00389,36,12
"2013","st","Finnmark Finnmárku","Unjárga Nesseby","Unjárga Nesseby","2027","KRF","Kristelig Folkeparti",1,2.91829,15,2
"2013","st","Finnmark Finnmárku","Unjárga Nesseby","Unjárga Nesseby","2027","V","Venstre",1,2.72374,14,6
"2013","st","Finnmark Finnmárku","Unjárga Nesseby","Unjárga Nesseby","2027","H","Høyre",1,15.75875,81,34
"2013","st","Finnmark Finnmárku","Unjárga Nesseby","Unjárga Nesseby","2027","FRP","Fremskrittspartiet",1,10.89494,56,25
"2013","st","Finnmark Finnmárku","Unjárga Nesseby","Unjárga Nesseby","2027","DEMN","Demokratene i Norge",2,0,0,0
"2013","st","Finnmark Finnmárku","Unjárga Nesseby","Unjárga Nesseby","2027","KRISTNE","De Kristne",2,1.16732,6,2
"2013","st","Finnmark Finnmárku","Unjárga Nesseby","Unjárga Nesseby","2027","KSP","Kristent Samlingsparti",2,0,0,0
"2013","st","Finnmark Finnmárku","Unjárga Nesseby","Unjárga Nesseby","2027","KYST","Kystpartiet",2,0.58366,3,1
"2013","st","Finnmark Finnmárku","Unjárga Nesseby","Unjárga Nesseby","2027","MDG","Miljøpartiet De Grønne",2,2.52918,13,6
"2013","st","Finnmark Finnmárku","Unjárga Nesseby","Unjárga Nesseby","2027","PIR","Piratpartiet",2,0,0,0
"2013","st","Finnmark Finnmárku","Unjárga Nesseby","Unjárga Nesseby","2027","BLANKE","Blanke",3,0.77821,4,2
"2013","st","Finnmark Finnmárku","Unjárga Nesseby","Unjárga Nesseby","2027","SJALTA","Sykehus til Alta",3,0.38911,2,0
"2013","st","Finnmark Finnmárku","Unjárga Nesseby","Unjárga Nesseby","2027","Andre","Andre",0,4.66926,24,9
"2013","st","Finnmark Finnmárku","Unjárga Nesseby","Unjárga Nesseby","2027","Andre2","Andre2",0,0,0,0
"2013","st","Finnmark Finnmárku","Båtsfjord","Båtsfjord","2028","A","Arbeiderpartiet",1,45.11819,439,113
"2013","st","Finnmark Finnmárku","Båtsfjord","Båtsfjord","2028","SV","Sosialistisk Venstreparti",1,2.26105,22,7
"2013","st","Finnmark Finnmárku","Båtsfjord","Båtsfjord","2028","RØDT","Rødt",1,0.30832,3,1
"2013","st","Finnmark Finnmárku","Båtsfjord","Båtsfjord","2028","SP","Senterpartiet",1,1.43885,14,7
"2013","st","Finnmark Finnmárku","Båtsfjord","Båtsfjord","2028","KRF","Kristelig Folkeparti",1,0.4111,4,4
"2013","st","Finnmark Finnmárku","Båtsfjord","Båtsfjord","2028","V","Venstre",1,1.02775,10,7
"2013","st","Finnmark Finnmárku","Båtsfjord","Båtsfjord","2028","H","Høyre",1,33.91572,330,90
"2013","st","Finnmark Finnmárku","Båtsfjord","Båtsfjord","2028","FRP","Fremskrittspartiet",1,12.64132,123,40
"2013","st","Finnmark Finnmárku","Båtsfjord","Båtsfjord","2028","DEMN","Demokratene i Norge",2,0.10277,1,0
"2013","st","Finnmark Finnmárku","Båtsfjord","Båtsfjord","2028","KRISTNE","De Kristne",2,0.4111,4,0
"2013","st","Finnmark Finnmárku","Båtsfjord","Båtsfjord","2028","KSP","Kristent Samlingsparti",2,0,0,0
"2013","st","Finnmark Finnmárku","Båtsfjord","Båtsfjord","2028","KYST","Kystpartiet",2,1.33607,13,3
"2013","st","Finnmark Finnmárku","Båtsfjord","Båtsfjord","2028","MDG","Miljøpartiet De Grønne",2,0.61665,6,3
"2013","st","Finnmark Finnmárku","Båtsfjord","Båtsfjord","2028","PIR","Piratpartiet",2,0.4111,4,1
"2013","st","Finnmark Finnmárku","Båtsfjord","Båtsfjord","2028","BLANKE","Blanke",3,0.92497,9,1
"2013","st","Finnmark Finnmárku","Båtsfjord","Båtsfjord","2028","SJALTA","Sykehus til Alta",3,0,0,0
"2013","st","Finnmark Finnmárku","Båtsfjord","Båtsfjord","2028","Andre","Andre",0,2.8777,28,7
"2013","st","Finnmark Finnmárku","Båtsfjord","Båtsfjord","2028","Andre2","Andre2",0,0,0,0
"2013","st","Finnmark Finnmárku","Sør-Varanger","Sør-Varanger","2030","A","Arbeiderpartiet",1,41.48625,2127,602
"2013","st","Finnmark Finnmárku","Sør-Varanger","Sør-Varanger","2030","SV","Sosialistisk Venstreparti",1,6.69007,343,112
"2013","st","Finnmark Finnmárku","Sør-Varanger","Sør-Varanger","2030","RØDT","Rødt",1,1.09226,56,22
"2013","st","Finnmark Finnmárku","Sør-Varanger","Sør-Varanger","2030","SP","Senterpartiet",1,4.19349,215,56
"2013","st","Finnmark Finnmárku","Sør-Varanger","Sør-Varanger","2030","KRF","Kristelig Folkeparti",1,2.06749,106,23
"2013","st","Finnmark Finnmárku","Sør-Varanger","Sør-Varanger","2030","V","Venstre",1,2.5356,130,43
"2013","st","Finnmark Finnmárku","Sør-Varanger","Sør-Varanger","2030","H","Høyre",1,21.59157,1107,343
"2013","st","Finnmark Finnmárku","Sør-Varanger","Sør-Varanger","2030","FRP","Fremskrittspartiet",1,16.1888,830,246
"2013","st","Finnmark Finnmárku","Sør-Varanger","Sør-Varanger","2030","DEMN","Demokratene i Norge",2,0.0195,1,0
"2013","st","Finnmark Finnmárku","Sør-Varanger","Sør-Varanger","2030","KRISTNE","De Kristne",2,0.62415,32,15
"2013","st","Finnmark Finnmárku","Sør-Varanger","Sør-Varanger","2030","KSP","Kristent Samlingsparti",2,0.07802,4,2
"2013","st","Finnmark Finnmárku","Sør-Varanger","Sør-Varanger","2030","KYST","Kystpartiet",2,1.36532,70,22
"2013","st","Finnmark Finnmárku","Sør-Varanger","Sør-Varanger","2030","MDG","Miljøpartiet De Grønne",2,1.75541,90,28
"2013","st","Finnmark Finnmárku","Sør-Varanger","Sør-Varanger","2030","PIR","Piratpartiet",2,0.29257,15,4
"2013","st","Finnmark Finnmárku","Sør-Varanger","Sør-Varanger","2030","BLANKE","Blanke",3,0.54613,28,5
"2013","st","Finnmark Finnmárku","Sør-Varanger","Sør-Varanger","2030","SJALTA","Sykehus til Alta",3,0.0195,1,0
"2013","st","Finnmark Finnmárku","Sør-Varanger","Sør-Varanger","2030","Andre","Andre",0,4.15448,213,71
"2013","st","Finnmark Finnmárku","Sør-Varanger","Sør-Varanger","2030","Andre2","Andre2",0,0,0,0
