"region","nivå","kjønn","statistikkvariabel","år","antall"
"Hele landet","Utdanningsnivå i alt","Begge kjønn","Personer 16 år og over","2021",4448313
"Hele landet","Utdanningsnivå i alt","Begge kjønn","Personer 16 år og over (prosent)","2021",100
"Hele landet","Videregående skolenivå","Begge kjønn","Personer 16 år og over","2021",1624640
"Hele landet","Videregående skolenivå","Begge kjønn","Personer 16 år og over (prosent)","2021",36.7
"Hele landet","Universitets- og høgskolenivå, kort","Begge kjønn","Personer 16 år og over","2021",1105260
"Hele landet","Universitets- og høgskolenivå, kort","Begge kjønn","Personer 16 år og over (prosent)","2021",25
"Hele landet","Universitets- og høgskolenivå, lang","Begge kjønn","Personer 16 år og over","2021",486113
"Hele landet","Universitets- og høgskolenivå, lang","Begge kjønn","Personer 16 år og over (prosent)","2021",11
"Østfold","Utdanningsnivå i alt","Begge kjønn","Personer 16 år og over","2021",0
"Østfold","Utdanningsnivå i alt","Begge kjønn","Personer 16 år og over (prosent)","2021",0
"Østfold","Videregående skolenivå","Begge kjønn","Personer 16 år og over","2021",0
"Østfold","Videregående skolenivå","Begge kjønn","Personer 16 år og over (prosent)","2021",0
"Østfold","Universitets- og høgskolenivå, kort","Begge kjønn","Personer 16 år og over","2021",0
"Østfold","Universitets- og høgskolenivå, kort","Begge kjønn","Personer 16 år og over (prosent)","2021",0
"Østfold","Universitets- og høgskolenivå, lang","Begge kjønn","Personer 16 år og over","2021",0
"Østfold","Universitets- og høgskolenivå, lang","Begge kjønn","Personer 16 år og over (prosent)","2021",0
"Halden","Utdanningsnivå i alt","Begge kjønn","Personer 16 år og over","2021",0
"Halden","Utdanningsnivå i alt","Begge kjønn","Personer 16 år og over (prosent)","2021",0
"Halden","Videregående skolenivå","Begge kjønn","Personer 16 år og over","2021",0
"Halden","Videregående skolenivå","Begge kjønn","Personer 16 år og over (prosent)","2021",0
"Halden","Universitets- og høgskolenivå, kort","Begge kjønn","Personer 16 år og over","2021",0
"Halden","Universitets- og høgskolenivå, kort","Begge kjønn","Personer 16 år og over (prosent)","2021",0
"Halden","Universitets- og høgskolenivå, lang","Begge kjønn","Personer 16 år og over","2021",0
"Halden","Universitets- og høgskolenivå, lang","Begge kjønn","Personer 16 år og over (prosent)","2021",0
"Moss","Utdanningsnivå i alt","Begge kjønn","Personer 16 år og over","2021",0
"Moss","Utdanningsnivå i alt","Begge kjønn","Personer 16 år og over (prosent)","2021",0
"Moss","Videregående skolenivå","Begge kjønn","Personer 16 år og over","2021",0
"Moss","Videregående skolenivå","Begge kjønn","Personer 16 år og over (prosent)","2021",0
"Moss","Universitets- og høgskolenivå, kort","Begge kjønn","Personer 16 år og over","2021",0
"Moss","Universitets- og høgskolenivå, kort","Begge kjønn","Personer 16 år og over (prosent)","2021",0
"Moss","Universitets- og høgskolenivå, lang","Begge kjønn","Personer 16 år og over","2021",0
"Moss","Universitets- og høgskolenivå, lang","Begge kjønn","Personer 16 år og over (prosent)","2021",0
"Sarpsborg","Utdanningsnivå i alt","Begge kjønn","Personer 16 år og over","2021",0
"Sarpsborg","Utdanningsnivå i alt","Begge kjønn","Personer 16 år og over (prosent)","2021",0
"Sarpsborg","Videregående skolenivå","Begge kjønn","Personer 16 år og over","2021",0
"Sarpsborg","Videregående skolenivå","Begge kjønn","Personer 16 år og over (prosent)","2021",0
"Sarpsborg","Universitets- og høgskolenivå, kort","Begge kjønn","Personer 16 år og over","2021",0
"Sarpsborg","Universitets- og høgskolenivå, kort","Begge kjønn","Personer 16 år og over (prosent)","2021",0
"Sarpsborg","Universitets- og høgskolenivå, lang","Begge kjønn","Personer 16 år og over","2021",0
"Sarpsborg","Universitets- og høgskolenivå, lang","Begge kjønn","Personer 16 år og over (prosent)","2021",0
"Fredrikstad","Utdanningsnivå i alt","Begge kjønn","Personer 16 år og over","2021",0
"Fredrikstad","Utdanningsnivå i alt","Begge kjønn","Personer 16 år og over (prosent)","2021",0
"Fredrikstad","Videregående skolenivå","Begge kjønn","Personer 16 år og over","2021",0
"Fredrikstad","Videregående skolenivå","Begge kjønn","Personer 16 år og over (prosent)","2021",0
"Fredrikstad","Universitets- og høgskolenivå, kort","Begge kjønn","Personer 16 år og over","2021",0
"Fredrikstad","Universitets- og høgskolenivå, kort","Begge kjønn","Personer 16 år og over (prosent)","2021",0
"Fredrikstad","Universitets- og høgskolenivå, lang","Begge kjønn","Personer 16 år og over","2021",0
"Fredrikstad","Universitets- og høgskolenivå, lang","Begge kjønn","Personer 16 år og over (prosent)","2021",0
"Hvaler","Utdanningsnivå i alt","Begge kjønn","Personer 16 år og over","2021",0
"Hvaler","Utdanningsnivå i alt","Begge kjønn","Personer 16 år og over (prosent)","2021",0
"Hvaler","Videregående skolenivå","Begge kjønn","Personer 16 år og over","2021",0
"Hvaler","Videregående skolenivå","Begge kjønn","Personer 16 år og over (prosent)","2021",0
"Hvaler","Universitets- og høgskolenivå, kort","Begge kjønn","Personer 16 år og over","2021",0
"Hvaler","Universitets- og høgskolenivå, kort","Begge kjønn","Personer 16 år og over (prosent)","2021",0
"Hvaler","Universitets- og høgskolenivå, lang","Begge kjønn","Personer 16 år og over","2021",0
"Hvaler","Universitets- og høgskolenivå, lang","Begge kjønn","Personer 16 år og over (prosent)","2021",0
"Råde","Utdanningsnivå i alt","Begge kjønn","Personer 16 år og over","2021",0
"Råde","Utdanningsnivå i alt","Begge kjønn","Personer 16 år og over (prosent)","2021",0
"Råde","Videregående skolenivå","Begge kjønn","Personer 16 år og over","2021",0
"Råde","Videregående skolenivå","Begge kjønn","Personer 16 år og over (prosent)","2021",0
"Råde","Universitets- og høgskolenivå, kort","Begge kjønn","Personer 16 år og over","2021",0
"Råde","Universitets- og høgskolenivå, kort","Begge kjønn","Personer 16 år og over (prosent)","2021",0
"Råde","Universitets- og høgskolenivå, lang","Begge kjønn","Personer 16 år og over","2021",0
"Råde","Universitets- og høgskolenivå, lang","Begge kjønn","Personer 16 år og over (prosent)","2021",0
"Våler (Østfold)","Utdanningsnivå i alt","Begge kjønn","Personer 16 år og over","2021",0
"Våler (Østfold)","Utdanningsnivå i alt","Begge kjønn","Personer 16 år og over (prosent)","2021",0
"Våler (Østfold)","Videregående skolenivå","Begge kjønn","Personer 16 år og over","2021",0
"Våler (Østfold)","Videregående skolenivå","Begge kjønn","Personer 16 år og over (prosent)","2021",0
"Våler (Østfold)","Universitets- og høgskolenivå, kort","Begge kjønn","Personer 16 år og over","2021",0
"Våler (Østfold)","Universitets- og høgskolenivå, kort","Begge kjønn","Personer 16 år og over (prosent)","2021",0
"Våler (Østfold)","Universitets- og høgskolenivå, lang","Begge kjønn","Personer 16 år og over","2021",0
"Våler (Østfold)","Universitets- og høgskolenivå, lang","Begge kjønn","Personer 16 år og over (prosent)","2021",0
"Skiptvet","Utdanningsnivå i alt","Begge kjønn","Personer 16 år og over","2021",0
"Skiptvet","Utdanningsnivå i alt","Begge kjønn","Personer 16 år og over (prosent)","2021",0
"Skiptvet","Videregående skolenivå","Begge kjønn","Personer 16 år og over","2021",0
"Skiptvet","Videregående skolenivå","Begge kjønn","Personer 16 år og over (prosent)","2021",0
"Skiptvet","Universitets- og høgskolenivå, kort","Begge kjønn","Personer 16 år og over","2021",0
"Skiptvet","Universitets- og høgskolenivå, kort","Begge kjønn","Personer 16 år og over (prosent)","2021",0
"Skiptvet","Universitets- og høgskolenivå, lang","Begge kjønn","Personer 16 år og over","2021",0
"Skiptvet","Universitets- og høgskolenivå, lang","Begge kjønn","Personer 16 år og over (prosent)","2021",0
"Indre Østfold","Utdanningsnivå i alt","Begge kjønn","Personer 16 år og over","2021",0
"Indre Østfold","Utdanningsnivå i alt","Begge kjønn","Personer 16 år og over (prosent)","2021",0
"Indre Østfold","Videregående skolenivå","Begge kjønn","Personer 16 år og over","2021",0
"Indre Østfold","Videregående skolenivå","Begge kjønn","Personer 16 år og over (prosent)","2021",0
"Indre Østfold","Universitets- og høgskolenivå, kort","Begge kjønn","Personer 16 år og over","2021",0
"Indre Østfold","Universitets- og høgskolenivå, kort","Begge kjønn","Personer 16 år og over (prosent)","2021",0
"Indre Østfold","Universitets- og høgskolenivå, lang","Begge kjønn","Personer 16 år og over","2021",0
"Indre Østfold","Universitets- og høgskolenivå, lang","Begge kjønn","Personer 16 år og over (prosent)","2021",0
"Rakkestad","Utdanningsnivå i alt","Begge kjønn","Personer 16 år og over","2021",0
"Rakkestad","Utdanningsnivå i alt","Begge kjønn","Personer 16 år og over (prosent)","2021",0
"Rakkestad","Videregående skolenivå","Begge kjønn","Personer 16 år og over","2021",0
"Rakkestad","Videregående skolenivå","Begge kjønn","Personer 16 år og over (prosent)","2021",0
"Rakkestad","Universitets- og høgskolenivå, kort","Begge kjønn","Personer 16 år og over","2021",0
"Rakkestad","Universitets- og høgskolenivå, kort","Begge kjønn","Personer 16 år og over (prosent)","2021",0
"Rakkestad","Universitets- og høgskolenivå, lang","Begge kjønn","Personer 16 år og over","2021",0
"Rakkestad","Universitets- og høgskolenivå, lang","Begge kjønn","Personer 16 år og over (prosent)","2021",0
"Marker","Utdanningsnivå i alt","Begge kjønn","Personer 16 år og over","2021",0
"Marker","Utdanningsnivå i alt","Begge kjønn","Personer 16 år og over (prosent)","2021",0
"Marker","Videregående skolenivå","Begge kjønn","Personer 16 år og over","2021",0
"Marker","Videregående skolenivå","Begge kjønn","Personer 16 år og over (prosent)","2021",0
"Marker","Universitets- og høgskolenivå, kort","Begge kjønn","Personer 16 år og over","2021",0
"Marker","Universitets- og høgskolenivå, kort","Begge kjønn","Personer 16 år og over (prosent)","2021",0
"Marker","Universitets- og høgskolenivå, lang","Begge kjønn","Personer 16 år og over","2021",0
"Marker","Universitets- og høgskolenivå, lang","Begge kjønn","Personer 16 år og over (prosent)","2021",0
"Aremark","Utdanningsnivå i alt","Begge kjønn","Personer 16 år og over","2021",0
"Aremark","Utdanningsnivå i alt","Begge kjønn","Personer 16 år og over (prosent)","2021",0
"Aremark","Videregående skolenivå","Begge kjønn","Personer 16 år og over","2021",0
"Aremark","Videregående skolenivå","Begge kjønn","Personer 16 år og over (prosent)","2021",0
"Aremark","Universitets- og høgskolenivå, kort","Begge kjønn","Personer 16 år og over","2021",0
"Aremark","Universitets- og høgskolenivå, kort","Begge kjønn","Personer 16 år og over (prosent)","2021",0
"Aremark","Universitets- og høgskolenivå, lang","Begge kjønn","Personer 16 år og over","2021",0
"Aremark","Universitets- og høgskolenivå, lang","Begge kjønn","Personer 16 år og over (prosent)","2021",0
"Akershus","Utdanningsnivå i alt","Begge kjønn","Personer 16 år og over","2021",0
"Akershus","Utdanningsnivå i alt","Begge kjønn","Personer 16 år og over (prosent)","2021",0
"Akershus","Videregående skolenivå","Begge kjønn","Personer 16 år og over","2021",0
"Akershus","Videregående skolenivå","Begge kjønn","Personer 16 år og over (prosent)","2021",0
"Akershus","Universitets- og høgskolenivå, kort","Begge kjønn","Personer 16 år og over","2021",0
"Akershus","Universitets- og høgskolenivå, kort","Begge kjønn","Personer 16 år og over (prosent)","2021",0
"Akershus","Universitets- og høgskolenivå, lang","Begge kjønn","Personer 16 år og over","2021",0
"Akershus","Universitets- og høgskolenivå, lang","Begge kjønn","Personer 16 år og over (prosent)","2021",0
"Bærum","Utdanningsnivå i alt","Begge kjønn","Personer 16 år og over","2021",0
"Bærum","Utdanningsnivå i alt","Begge kjønn","Personer 16 år og over (prosent)","2021",0
"Bærum","Videregående skolenivå","Begge kjønn","Personer 16 år og over","2021",0
"Bærum","Videregående skolenivå","Begge kjønn","Personer 16 år og over (prosent)","2021",0
"Bærum","Universitets- og høgskolenivå, kort","Begge kjønn","Personer 16 år og over","2021",0
"Bærum","Universitets- og høgskolenivå, kort","Begge kjønn","Personer 16 år og over (prosent)","2021",0
"Bærum","Universitets- og høgskolenivå, lang","Begge kjønn","Personer 16 år og over","2021",0
"Bærum","Universitets- og høgskolenivå, lang","Begge kjønn","Personer 16 år og over (prosent)","2021",0
"Asker","Utdanningsnivå i alt","Begge kjønn","Personer 16 år og over","2021",0
"Asker","Utdanningsnivå i alt","Begge kjønn","Personer 16 år og over (prosent)","2021",0
"Asker","Videregående skolenivå","Begge kjønn","Personer 16 år og over","2021",0
"Asker","Videregående skolenivå","Begge kjønn","Personer 16 år og over (prosent)","2021",0
"Asker","Universitets- og høgskolenivå, kort","Begge kjønn","Personer 16 år og over","2021",0
"Asker","Universitets- og høgskolenivå, kort","Begge kjønn","Personer 16 år og over (prosent)","2021",0
"Asker","Universitets- og høgskolenivå, lang","Begge kjønn","Personer 16 år og over","2021",0
"Asker","Universitets- og høgskolenivå, lang","Begge kjønn","Personer 16 år og over (prosent)","2021",0
"Lillestrøm","Utdanningsnivå i alt","Begge kjønn","Personer 16 år og over","2021",0
"Lillestrøm","Utdanningsnivå i alt","Begge kjønn","Personer 16 år og over (prosent)","2021",0
"Lillestrøm","Videregående skolenivå","Begge kjønn","Personer 16 år og over","2021",0
"Lillestrøm","Videregående skolenivå","Begge kjønn","Personer 16 år og over (prosent)","2021",0
"Lillestrøm","Universitets- og høgskolenivå, kort","Begge kjønn","Personer 16 år og over","2021",0
"Lillestrøm","Universitets- og høgskolenivå, kort","Begge kjønn","Personer 16 år og over (prosent)","2021",0
"Lillestrøm","Universitets- og høgskolenivå, lang","Begge kjønn","Personer 16 år og over","2021",0
"Lillestrøm","Universitets- og høgskolenivå, lang","Begge kjønn","Personer 16 år og over (prosent)","2021",0
"Nordre Follo","Utdanningsnivå i alt","Begge kjønn","Personer 16 år og over","2021",0
"Nordre Follo","Utdanningsnivå i alt","Begge kjønn","Personer 16 år og over (prosent)","2021",0
"Nordre Follo","Videregående skolenivå","Begge kjønn","Personer 16 år og over","2021",0
"Nordre Follo","Videregående skolenivå","Begge kjønn","Personer 16 år og over (prosent)","2021",0
"Nordre Follo","Universitets- og høgskolenivå, kort","Begge kjønn","Personer 16 år og over","2021",0
"Nordre Follo","Universitets- og høgskolenivå, kort","Begge kjønn","Personer 16 år og over (prosent)","2021",0
"Nordre Follo","Universitets- og høgskolenivå, lang","Begge kjønn","Personer 16 år og over","2021",0
"Nordre Follo","Universitets- og høgskolenivå, lang","Begge kjønn","Personer 16 år og over (prosent)","2021",0
"Ullensaker","Utdanningsnivå i alt","Begge kjønn","Personer 16 år og over","2021",0
"Ullensaker","Utdanningsnivå i alt","Begge kjønn","Personer 16 år og over (prosent)","2021",0
"Ullensaker","Videregående skolenivå","Begge kjønn","Personer 16 år og over","2021",0
"Ullensaker","Videregående skolenivå","Begge kjønn","Personer 16 år og over (prosent)","2021",0
"Ullensaker","Universitets- og høgskolenivå, kort","Begge kjønn","Personer 16 år og over","2021",0
"Ullensaker","Universitets- og høgskolenivå, kort","Begge kjønn","Personer 16 år og over (prosent)","2021",0
"Ullensaker","Universitets- og høgskolenivå, lang","Begge kjønn","Personer 16 år og over","2021",0
"Ullensaker","Universitets- og høgskolenivå, lang","Begge kjønn","Personer 16 år og over (prosent)","2021",0
"Nesodden","Utdanningsnivå i alt","Begge kjønn","Personer 16 år og over","2021",0
"Nesodden","Utdanningsnivå i alt","Begge kjønn","Personer 16 år og over (prosent)","2021",0
"Nesodden","Videregående skolenivå","Begge kjønn","Personer 16 år og over","2021",0
"Nesodden","Videregående skolenivå","Begge kjønn","Personer 16 år og over (prosent)","2021",0
"Nesodden","Universitets- og høgskolenivå, kort","Begge kjønn","Personer 16 år og over","2021",0
"Nesodden","Universitets- og høgskolenivå, kort","Begge kjønn","Personer 16 år og over (prosent)","2021",0
"Nesodden","Universitets- og høgskolenivå, lang","Begge kjønn","Personer 16 år og over","2021",0
"Nesodden","Universitets- og høgskolenivå, lang","Begge kjønn","Personer 16 år og over (prosent)","2021",0
"Frogn","Utdanningsnivå i alt","Begge kjønn","Personer 16 år og over","2021",0
"Frogn","Utdanningsnivå i alt","Begge kjønn","Personer 16 år og over (prosent)","2021",0
"Frogn","Videregående skolenivå","Begge kjønn","Personer 16 år og over","2021",0
"Frogn","Videregående skolenivå","Begge kjønn","Personer 16 år og over (prosent)","2021",0
"Frogn","Universitets- og høgskolenivå, kort","Begge kjønn","Personer 16 år og over","2021",0
"Frogn","Universitets- og høgskolenivå, kort","Begge kjønn","Personer 16 år og over (prosent)","2021",0
"Frogn","Universitets- og høgskolenivå, lang","Begge kjønn","Personer 16 år og over","2021",0
"Frogn","Universitets- og høgskolenivå, lang","Begge kjønn","Personer 16 år og over (prosent)","2021",0
"Vestby","Utdanningsnivå i alt","Begge kjønn","Personer 16 år og over","2021",0
"Vestby","Utdanningsnivå i alt","Begge kjønn","Personer 16 år og over (prosent)","2021",0
"Vestby","Videregående skolenivå","Begge kjønn","Personer 16 år og over","2021",0
"Vestby","Videregående skolenivå","Begge kjønn","Personer 16 år og over (prosent)","2021",0
"Vestby","Universitets- og høgskolenivå, kort","Begge kjønn","Personer 16 år og over","2021",0
"Vestby","Universitets- og høgskolenivå, kort","Begge kjønn","Personer 16 år og over (prosent)","2021",0
"Vestby","Universitets- og høgskolenivå, lang","Begge kjønn","Personer 16 år og over","2021",0
"Vestby","Universitets- og høgskolenivå, lang","Begge kjønn","Personer 16 år og over (prosent)","2021",0
"Ås","Utdanningsnivå i alt","Begge kjønn","Personer 16 år og over","2021",0
"Ås","Utdanningsnivå i alt","Begge kjønn","Personer 16 år og over (prosent)","2021",0
"Ås","Videregående skolenivå","Begge kjønn","Personer 16 år og over","2021",0
"Ås","Videregående skolenivå","Begge kjønn","Personer 16 år og over (prosent)","2021",0
"Ås","Universitets- og høgskolenivå, kort","Begge kjønn","Personer 16 år og over","2021",0
"Ås","Universitets- og høgskolenivå, kort","Begge kjønn","Personer 16 år og over (prosent)","2021",0
"Ås","Universitets- og høgskolenivå, lang","Begge kjønn","Personer 16 år og over","2021",0
"Ås","Universitets- og høgskolenivå, lang","Begge kjønn","Personer 16 år og over (prosent)","2021",0
"Enebakk","Utdanningsnivå i alt","Begge kjønn","Personer 16 år og over","2021",0
"Enebakk","Utdanningsnivå i alt","Begge kjønn","Personer 16 år og over (prosent)","2021",0
"Enebakk","Videregående skolenivå","Begge kjønn","Personer 16 år og over","2021",0
"Enebakk","Videregående skolenivå","Begge kjønn","Personer 16 år og over (prosent)","2021",0
"Enebakk","Universitets- og høgskolenivå, kort","Begge kjønn","Personer 16 år og over","2021",0
"Enebakk","Universitets- og høgskolenivå, kort","Begge kjønn","Personer 16 år og over (prosent)","2021",0
"Enebakk","Universitets- og høgskolenivå, lang","Begge kjønn","Personer 16 år og over","2021",0
"Enebakk","Universitets- og høgskolenivå, lang","Begge kjønn","Personer 16 år og over (prosent)","2021",0
"Lørenskog","Utdanningsnivå i alt","Begge kjønn","Personer 16 år og over","2021",0
"Lørenskog","Utdanningsnivå i alt","Begge kjønn","Personer 16 år og over (prosent)","2021",0
"Lørenskog","Videregående skolenivå","Begge kjønn","Personer 16 år og over","2021",0
"Lørenskog","Videregående skolenivå","Begge kjønn","Personer 16 år og over (prosent)","2021",0
"Lørenskog","Universitets- og høgskolenivå, kort","Begge kjønn","Personer 16 år og over","2021",0
"Lørenskog","Universitets- og høgskolenivå, kort","Begge kjønn","Personer 16 år og over (prosent)","2021",0
"Lørenskog","Universitets- og høgskolenivå, lang","Begge kjønn","Personer 16 år og over","2021",0
"Lørenskog","Universitets- og høgskolenivå, lang","Begge kjønn","Personer 16 år og over (prosent)","2021",0
"Rælingen","Utdanningsnivå i alt","Begge kjønn","Personer 16 år og over","2021",0
"Rælingen","Utdanningsnivå i alt","Begge kjønn","Personer 16 år og over (prosent)","2021",0
"Rælingen","Videregående skolenivå","Begge kjønn","Personer 16 år og over","2021",0
"Rælingen","Videregående skolenivå","Begge kjønn","Personer 16 år og over (prosent)","2021",0
"Rælingen","Universitets- og høgskolenivå, kort","Begge kjønn","Personer 16 år og over","2021",0
"Rælingen","Universitets- og høgskolenivå, kort","Begge kjønn","Personer 16 år og over (prosent)","2021",0
"Rælingen","Universitets- og høgskolenivå, lang","Begge kjønn","Personer 16 år og over","2021",0
"Rælingen","Universitets- og høgskolenivå, lang","Begge kjønn","Personer 16 år og over (prosent)","2021",0
"Aurskog-Høland","Utdanningsnivå i alt","Begge kjønn","Personer 16 år og over","2021",0
"Aurskog-Høland","Utdanningsnivå i alt","Begge kjønn","Personer 16 år og over (prosent)","2021",0
"Aurskog-Høland","Videregående skolenivå","Begge kjønn","Personer 16 år og over","2021",0
"Aurskog-Høland","Videregående skolenivå","Begge kjønn","Personer 16 år og over (prosent)","2021",0
"Aurskog-Høland","Universitets- og høgskolenivå, kort","Begge kjønn","Personer 16 år og over","2021",0
"Aurskog-Høland","Universitets- og høgskolenivå, kort","Begge kjønn","Personer 16 år og over (prosent)","2021",0
"Aurskog-Høland","Universitets- og høgskolenivå, lang","Begge kjønn","Personer 16 år og over","2021",0
"Aurskog-Høland","Universitets- og høgskolenivå, lang","Begge kjønn","Personer 16 år og over (prosent)","2021",0
"Nes","Utdanningsnivå i alt","Begge kjønn","Personer 16 år og over","2021",0
"Nes","Utdanningsnivå i alt","Begge kjønn","Personer 16 år og over (prosent)","2021",0
"Nes","Videregående skolenivå","Begge kjønn","Personer 16 år og over","2021",0
"Nes","Videregående skolenivå","Begge kjønn","Personer 16 år og over (prosent)","2021",0
"Nes","Universitets- og høgskolenivå, kort","Begge kjønn","Personer 16 år og over","2021",0
"Nes","Universitets- og høgskolenivå, kort","Begge kjønn","Personer 16 år og over (prosent)","2021",0
"Nes","Universitets- og høgskolenivå, lang","Begge kjønn","Personer 16 år og over","2021",0
"Nes","Universitets- og høgskolenivå, lang","Begge kjønn","Personer 16 år og over (prosent)","2021",0
"Gjerdrum","Utdanningsnivå i alt","Begge kjønn","Personer 16 år og over","2021",0
"Gjerdrum","Utdanningsnivå i alt","Begge kjønn","Personer 16 år og over (prosent)","2021",0
"Gjerdrum","Videregående skolenivå","Begge kjønn","Personer 16 år og over","2021",0
"Gjerdrum","Videregående skolenivå","Begge kjønn","Personer 16 år og over (prosent)","2021",0
"Gjerdrum","Universitets- og høgskolenivå, kort","Begge kjønn","Personer 16 år og over","2021",0
"Gjerdrum","Universitets- og høgskolenivå, kort","Begge kjønn","Personer 16 år og over (prosent)","2021",0
"Gjerdrum","Universitets- og høgskolenivå, lang","Begge kjønn","Personer 16 år og over","2021",0
"Gjerdrum","Universitets- og høgskolenivå, lang","Begge kjønn","Personer 16 år og over (prosent)","2021",0
"Nittedal","Utdanningsnivå i alt","Begge kjønn","Personer 16 år og over","2021",0
"Nittedal","Utdanningsnivå i alt","Begge kjønn","Personer 16 år og over (prosent)","2021",0
"Nittedal","Videregående skolenivå","Begge kjønn","Personer 16 år og over","2021",0
"Nittedal","Videregående skolenivå","Begge kjønn","Personer 16 år og over (prosent)","2021",0
"Nittedal","Universitets- og høgskolenivå, kort","Begge kjønn","Personer 16 år og over","2021",0
"Nittedal","Universitets- og høgskolenivå, kort","Begge kjønn","Personer 16 år og over (prosent)","2021",0
"Nittedal","Universitets- og høgskolenivå, lang","Begge kjønn","Personer 16 år og over","2021",0
"Nittedal","Universitets- og høgskolenivå, lang","Begge kjønn","Personer 16 år og over (prosent)","2021",0
"Lunner","Utdanningsnivå i alt","Begge kjønn","Personer 16 år og over","2021",0
"Lunner","Utdanningsnivå i alt","Begge kjønn","Personer 16 år og over (prosent)","2021",0
"Lunner","Videregående skolenivå","Begge kjønn","Personer 16 år og over","2021",0
"Lunner","Videregående skolenivå","Begge kjønn","Personer 16 år og over (prosent)","2021",0
"Lunner","Universitets- og høgskolenivå, kort","Begge kjønn","Personer 16 år og over","2021",0
"Lunner","Universitets- og høgskolenivå, kort","Begge kjønn","Personer 16 år og over (prosent)","2021",0
"Lunner","Universitets- og høgskolenivå, lang","Begge kjønn","Personer 16 år og over","2021",0
"Lunner","Universitets- og høgskolenivå, lang","Begge kjønn","Personer 16 år og over (prosent)","2021",0
"Jevnaker","Utdanningsnivå i alt","Begge kjønn","Personer 16 år og over","2021",0
"Jevnaker","Utdanningsnivå i alt","Begge kjønn","Personer 16 år og over (prosent)","2021",0
"Jevnaker","Videregående skolenivå","Begge kjønn","Personer 16 år og over","2021",0
"Jevnaker","Videregående skolenivå","Begge kjønn","Personer 16 år og over (prosent)","2021",0
"Jevnaker","Universitets- og høgskolenivå, kort","Begge kjønn","Personer 16 år og over","2021",0
"Jevnaker","Universitets- og høgskolenivå, kort","Begge kjønn","Personer 16 år og over (prosent)","2021",0
"Jevnaker","Universitets- og høgskolenivå, lang","Begge kjønn","Personer 16 år og over","2021",0
"Jevnaker","Universitets- og høgskolenivå, lang","Begge kjønn","Personer 16 år og over (prosent)","2021",0
"Nannestad","Utdanningsnivå i alt","Begge kjønn","Personer 16 år og over","2021",0
"Nannestad","Utdanningsnivå i alt","Begge kjønn","Personer 16 år og over (prosent)","2021",0
"Nannestad","Videregående skolenivå","Begge kjønn","Personer 16 år og over","2021",0
"Nannestad","Videregående skolenivå","Begge kjønn","Personer 16 år og over (prosent)","2021",0
"Nannestad","Universitets- og høgskolenivå, kort","Begge kjønn","Personer 16 år og over","2021",0
"Nannestad","Universitets- og høgskolenivå, kort","Begge kjønn","Personer 16 år og over (prosent)","2021",0
"Nannestad","Universitets- og høgskolenivå, lang","Begge kjønn","Personer 16 år og over","2021",0
"Nannestad","Universitets- og høgskolenivå, lang","Begge kjønn","Personer 16 år og over (prosent)","2021",0
"Eidsvoll","Utdanningsnivå i alt","Begge kjønn","Personer 16 år og over","2021",0
"Eidsvoll","Utdanningsnivå i alt","Begge kjønn","Personer 16 år og over (prosent)","2021",0
"Eidsvoll","Videregående skolenivå","Begge kjønn","Personer 16 år og over","2021",0
"Eidsvoll","Videregående skolenivå","Begge kjønn","Personer 16 år og over (prosent)","2021",0
"Eidsvoll","Universitets- og høgskolenivå, kort","Begge kjønn","Personer 16 år og over","2021",0
"Eidsvoll","Universitets- og høgskolenivå, kort","Begge kjønn","Personer 16 år og over (prosent)","2021",0
"Eidsvoll","Universitets- og høgskolenivå, lang","Begge kjønn","Personer 16 år og over","2021",0
"Eidsvoll","Universitets- og høgskolenivå, lang","Begge kjønn","Personer 16 år og over (prosent)","2021",0
"Hurdal","Utdanningsnivå i alt","Begge kjønn","Personer 16 år og over","2021",0
"Hurdal","Utdanningsnivå i alt","Begge kjønn","Personer 16 år og over (prosent)","2021",0
"Hurdal","Videregående skolenivå","Begge kjønn","Personer 16 år og over","2021",0
"Hurdal","Videregående skolenivå","Begge kjønn","Personer 16 år og over (prosent)","2021",0
"Hurdal","Universitets- og høgskolenivå, kort","Begge kjønn","Personer 16 år og over","2021",0
"Hurdal","Universitets- og høgskolenivå, kort","Begge kjønn","Personer 16 år og over (prosent)","2021",0
"Hurdal","Universitets- og høgskolenivå, lang","Begge kjønn","Personer 16 år og over","2021",0
"Hurdal","Universitets- og høgskolenivå, lang","Begge kjønn","Personer 16 år og over (prosent)","2021",0
"Viken (2020-2023)","Utdanningsnivå i alt","Begge kjønn","Personer 16 år og over","2021",1029640
"Viken (2020-2023)","Utdanningsnivå i alt","Begge kjønn","Personer 16 år og over (prosent)","2021",100
"Viken (2020-2023)","Videregående skolenivå","Begge kjønn","Personer 16 år og over","2021",373069
"Viken (2020-2023)","Videregående skolenivå","Begge kjønn","Personer 16 år og over (prosent)","2021",36.4
"Viken (2020-2023)","Universitets- og høgskolenivå, kort","Begge kjønn","Personer 16 år og over","2021",252686
"Viken (2020-2023)","Universitets- og høgskolenivå, kort","Begge kjønn","Personer 16 år og over (prosent)","2021",24.7
"Viken (2020-2023)","Universitets- og høgskolenivå, lang","Begge kjønn","Personer 16 år og over","2021",107197
"Viken (2020-2023)","Universitets- og høgskolenivå, lang","Begge kjønn","Personer 16 år og over (prosent)","2021",10.5
"Østfold (-2019)","Utdanningsnivå i alt","Begge kjønn","Personer 16 år og over","2021",0
"Østfold (-2019)","Utdanningsnivå i alt","Begge kjønn","Personer 16 år og over (prosent)","2021",0
"Østfold (-2019)","Videregående skolenivå","Begge kjønn","Personer 16 år og over","2021",0
"Østfold (-2019)","Videregående skolenivå","Begge kjønn","Personer 16 år og over (prosent)","2021",0
"Østfold (-2019)","Universitets- og høgskolenivå, kort","Begge kjønn","Personer 16 år og over","2021",0
"Østfold (-2019)","Universitets- og høgskolenivå, kort","Begge kjønn","Personer 16 år og over (prosent)","2021",0
"Østfold (-2019)","Universitets- og høgskolenivå, lang","Begge kjønn","Personer 16 år og over","2021",0
"Østfold (-2019)","Universitets- og høgskolenivå, lang","Begge kjønn","Personer 16 år og over (prosent)","2021",0
"Halden (2020-2023)","Utdanningsnivå i alt","Begge kjønn","Personer 16 år og over","2021",26194
"Halden (2020-2023)","Utdanningsnivå i alt","Begge kjønn","Personer 16 år og over (prosent)","2021",100
"Halden (2020-2023)","Videregående skolenivå","Begge kjønn","Personer 16 år og over","2021",10284
"Halden (2020-2023)","Videregående skolenivå","Begge kjønn","Personer 16 år og over (prosent)","2021",39.5
"Halden (2020-2023)","Universitets- og høgskolenivå, kort","Begge kjønn","Personer 16 år og over","2021",5919
"Halden (2020-2023)","Universitets- og høgskolenivå, kort","Begge kjønn","Personer 16 år og over (prosent)","2021",22.7
"Halden (2020-2023)","Universitets- og høgskolenivå, lang","Begge kjønn","Personer 16 år og over","2021",1622
"Halden (2020-2023)","Universitets- og høgskolenivå, lang","Begge kjønn","Personer 16 år og over (prosent)","2021",6.2
"Moss (2020-2023)","Utdanningsnivå i alt","Begge kjønn","Personer 16 år og over","2021",41662
"Moss (2020-2023)","Utdanningsnivå i alt","Begge kjønn","Personer 16 år og over (prosent)","2021",100
"Moss (2020-2023)","Videregående skolenivå","Begge kjønn","Personer 16 år og over","2021",15443
"Moss (2020-2023)","Videregående skolenivå","Begge kjønn","Personer 16 år og over (prosent)","2021",37.3
"Moss (2020-2023)","Universitets- og høgskolenivå, kort","Begge kjønn","Personer 16 år og over","2021",9584
"Moss (2020-2023)","Universitets- og høgskolenivå, kort","Begge kjønn","Personer 16 år og over (prosent)","2021",23.2
"Moss (2020-2023)","Universitets- og høgskolenivå, lang","Begge kjønn","Personer 16 år og over","2021",3657
"Moss (2020-2023)","Universitets- og høgskolenivå, lang","Begge kjønn","Personer 16 år og over (prosent)","2021",8.8
"Sarpsborg (2020-2023)","Utdanningsnivå i alt","Begge kjønn","Personer 16 år og over","2021",47522
"Sarpsborg (2020-2023)","Utdanningsnivå i alt","Begge kjønn","Personer 16 år og over (prosent)","2021",100
"Sarpsborg (2020-2023)","Videregående skolenivå","Begge kjønn","Personer 16 år og over","2021",18913
"Sarpsborg (2020-2023)","Videregående skolenivå","Begge kjønn","Personer 16 år og over (prosent)","2021",40
"Sarpsborg (2020-2023)","Universitets- og høgskolenivå, kort","Begge kjønn","Personer 16 år og over","2021",10167
"Sarpsborg (2020-2023)","Universitets- og høgskolenivå, kort","Begge kjønn","Personer 16 år og over (prosent)","2021",21.5
"Sarpsborg (2020-2023)","Universitets- og høgskolenivå, lang","Begge kjønn","Personer 16 år og over","2021",2298
"Sarpsborg (2020-2023)","Universitets- og høgskolenivå, lang","Begge kjønn","Personer 16 år og over (prosent)","2021",4.9
"Fredrikstad (2020-2023)","Utdanningsnivå i alt","Begge kjønn","Personer 16 år og over","2021",69515
"Fredrikstad (2020-2023)","Utdanningsnivå i alt","Begge kjønn","Personer 16 år og over (prosent)","2021",100
"Fredrikstad (2020-2023)","Videregående skolenivå","Begge kjønn","Personer 16 år og over","2021",26140
"Fredrikstad (2020-2023)","Videregående skolenivå","Begge kjønn","Personer 16 år og over (prosent)","2021",37.9
"Fredrikstad (2020-2023)","Universitets- og høgskolenivå, kort","Begge kjønn","Personer 16 år og over","2021",16681
"Fredrikstad (2020-2023)","Universitets- og høgskolenivå, kort","Begge kjønn","Personer 16 år og over (prosent)","2021",24.2
"Fredrikstad (2020-2023)","Universitets- og høgskolenivå, lang","Begge kjønn","Personer 16 år og over","2021",4965
"Fredrikstad (2020-2023)","Universitets- og høgskolenivå, lang","Begge kjønn","Personer 16 år og over (prosent)","2021",7.2
"Drammen (2020-2023)","Utdanningsnivå i alt","Begge kjønn","Personer 16 år og over","2021",84233
"Drammen (2020-2023)","Utdanningsnivå i alt","Begge kjønn","Personer 16 år og over (prosent)","2021",100
"Drammen (2020-2023)","Videregående skolenivå","Begge kjønn","Personer 16 år og over","2021",29791
"Drammen (2020-2023)","Videregående skolenivå","Begge kjønn","Personer 16 år og over (prosent)","2021",35.6
"Drammen (2020-2023)","Universitets- og høgskolenivå, kort","Begge kjønn","Personer 16 år og over","2021",20098
"Drammen (2020-2023)","Universitets- og høgskolenivå, kort","Begge kjønn","Personer 16 år og over (prosent)","2021",24
"Drammen (2020-2023)","Universitets- og høgskolenivå, lang","Begge kjønn","Personer 16 år og over","2021",7329
"Drammen (2020-2023)","Universitets- og høgskolenivå, lang","Begge kjønn","Personer 16 år og over (prosent)","2021",8.8
"Kongsberg (2020-2023)","Utdanningsnivå i alt","Begge kjønn","Personer 16 år og over","2021",22991
"Kongsberg (2020-2023)","Utdanningsnivå i alt","Begge kjønn","Personer 16 år og over (prosent)","2021",100
"Kongsberg (2020-2023)","Videregående skolenivå","Begge kjønn","Personer 16 år og over","2021",8202
"Kongsberg (2020-2023)","Videregående skolenivå","Begge kjønn","Personer 16 år og over (prosent)","2021",35.8
"Kongsberg (2020-2023)","Universitets- og høgskolenivå, kort","Begge kjønn","Personer 16 år og over","2021",6283
"Kongsberg (2020-2023)","Universitets- og høgskolenivå, kort","Begge kjønn","Personer 16 år og over (prosent)","2021",27.5
"Kongsberg (2020-2023)","Universitets- og høgskolenivå, lang","Begge kjønn","Personer 16 år og over","2021",2659
"Kongsberg (2020-2023)","Universitets- og høgskolenivå, lang","Begge kjønn","Personer 16 år og over (prosent)","2021",11.6
"Ringerike (2020-2023)","Utdanningsnivå i alt","Begge kjønn","Personer 16 år og over","2021",26083
"Ringerike (2020-2023)","Utdanningsnivå i alt","Begge kjønn","Personer 16 år og over (prosent)","2021",100
"Ringerike (2020-2023)","Videregående skolenivå","Begge kjønn","Personer 16 år og over","2021",10457
"Ringerike (2020-2023)","Videregående skolenivå","Begge kjønn","Personer 16 år og over (prosent)","2021",40.3
"Ringerike (2020-2023)","Universitets- og høgskolenivå, kort","Begge kjønn","Personer 16 år og over","2021",5657
"Ringerike (2020-2023)","Universitets- og høgskolenivå, kort","Begge kjønn","Personer 16 år og over (prosent)","2021",21.8
"Ringerike (2020-2023)","Universitets- og høgskolenivå, lang","Begge kjønn","Personer 16 år og over","2021",1714
"Ringerike (2020-2023)","Universitets- og høgskolenivå, lang","Begge kjønn","Personer 16 år og over (prosent)","2021",6.6
"Hvaler (2020-2023)","Utdanningsnivå i alt","Begge kjønn","Personer 16 år og over","2021",4122
"Hvaler (2020-2023)","Utdanningsnivå i alt","Begge kjønn","Personer 16 år og over (prosent)","2021",100
"Hvaler (2020-2023)","Videregående skolenivå","Begge kjønn","Personer 16 år og over","2021",1717
"Hvaler (2020-2023)","Videregående skolenivå","Begge kjønn","Personer 16 år og over (prosent)","2021",41.8
"Hvaler (2020-2023)","Universitets- og høgskolenivå, kort","Begge kjønn","Personer 16 år og over","2021",961
"Hvaler (2020-2023)","Universitets- og høgskolenivå, kort","Begge kjønn","Personer 16 år og over (prosent)","2021",23.4
"Hvaler (2020-2023)","Universitets- og høgskolenivå, lang","Begge kjønn","Personer 16 år og over","2021",305
"Hvaler (2020-2023)","Universitets- og høgskolenivå, lang","Begge kjønn","Personer 16 år og over (prosent)","2021",7.4
"Aremark (2020-2023)","Utdanningsnivå i alt","Begge kjønn","Personer 16 år og over","2021",1133
"Aremark (2020-2023)","Utdanningsnivå i alt","Begge kjønn","Personer 16 år og over (prosent)","2021",100
"Aremark (2020-2023)","Videregående skolenivå","Begge kjønn","Personer 16 år og over","2021",538
"Aremark (2020-2023)","Videregående skolenivå","Begge kjønn","Personer 16 år og over (prosent)","2021",47.6
"Aremark (2020-2023)","Universitets- og høgskolenivå, kort","Begge kjønn","Personer 16 år og over","2021",194
"Aremark (2020-2023)","Universitets- og høgskolenivå, kort","Begge kjønn","Personer 16 år og over (prosent)","2021",17.2
"Aremark (2020-2023)","Universitets- og høgskolenivå, lang","Begge kjønn","Personer 16 år og over","2021",36
"Aremark (2020-2023)","Universitets- og høgskolenivå, lang","Begge kjønn","Personer 16 år og over (prosent)","2021",3.2
"Marker (2020-2023)","Utdanningsnivå i alt","Begge kjønn","Personer 16 år og over","2021",3064
"Marker (2020-2023)","Utdanningsnivå i alt","Begge kjønn","Personer 16 år og over (prosent)","2021",100
"Marker (2020-2023)","Videregående skolenivå","Begge kjønn","Personer 16 år og over","2021",1285
"Marker (2020-2023)","Videregående skolenivå","Begge kjønn","Personer 16 år og over (prosent)","2021",42.2
"Marker (2020-2023)","Universitets- og høgskolenivå, kort","Begge kjønn","Personer 16 år og over","2021",519
"Marker (2020-2023)","Universitets- og høgskolenivå, kort","Begge kjønn","Personer 16 år og over (prosent)","2021",17
"Marker (2020-2023)","Universitets- og høgskolenivå, lang","Begge kjønn","Personer 16 år og over","2021",121
"Marker (2020-2023)","Universitets- og høgskolenivå, lang","Begge kjønn","Personer 16 år og over (prosent)","2021",4
"Indre Østfold (2020-2023)","Utdanningsnivå i alt","Begge kjønn","Personer 16 år og over","2021",37338
"Indre Østfold (2020-2023)","Utdanningsnivå i alt","Begge kjønn","Personer 16 år og over (prosent)","2021",100
"Indre Østfold (2020-2023)","Videregående skolenivå","Begge kjønn","Personer 16 år og over","2021",15290
"Indre Østfold (2020-2023)","Videregående skolenivå","Begge kjønn","Personer 16 år og over (prosent)","2021",41.2
"Indre Østfold (2020-2023)","Universitets- og høgskolenivå, kort","Begge kjønn","Personer 16 år og over","2021",6910
"Indre Østfold (2020-2023)","Universitets- og høgskolenivå, kort","Begge kjønn","Personer 16 år og over (prosent)","2021",18.6
"Indre Østfold (2020-2023)","Universitets- og høgskolenivå, lang","Begge kjønn","Personer 16 år og over","2021",1913
"Indre Østfold (2020-2023)","Universitets- og høgskolenivå, lang","Begge kjønn","Personer 16 år og over (prosent)","2021",5.2
"Skiptvet (2020-2023)","Utdanningsnivå i alt","Begge kjønn","Personer 16 år og over","2021",3124
"Skiptvet (2020-2023)","Utdanningsnivå i alt","Begge kjønn","Personer 16 år og over (prosent)","2021",100
"Skiptvet (2020-2023)","Videregående skolenivå","Begge kjønn","Personer 16 år og over","2021",1363
"Skiptvet (2020-2023)","Videregående skolenivå","Begge kjønn","Personer 16 år og over (prosent)","2021",43.8
"Skiptvet (2020-2023)","Universitets- og høgskolenivå, kort","Begge kjønn","Personer 16 år og over","2021",523
"Skiptvet (2020-2023)","Universitets- og høgskolenivå, kort","Begge kjønn","Personer 16 år og over (prosent)","2021",16.8
"Skiptvet (2020-2023)","Universitets- og høgskolenivå, lang","Begge kjønn","Personer 16 år og over","2021",101
"Skiptvet (2020-2023)","Universitets- og høgskolenivå, lang","Begge kjønn","Personer 16 år og over (prosent)","2021",3.2
"Rakkestad (2020-2023)","Utdanningsnivå i alt","Begge kjønn","Personer 16 år og over","2021",6882
"Rakkestad (2020-2023)","Utdanningsnivå i alt","Begge kjønn","Personer 16 år og over (prosent)","2021",100
"Rakkestad (2020-2023)","Videregående skolenivå","Begge kjønn","Personer 16 år og over","2021",3065
"Rakkestad (2020-2023)","Videregående skolenivå","Begge kjønn","Personer 16 år og over (prosent)","2021",44.8
"Rakkestad (2020-2023)","Universitets- og høgskolenivå, kort","Begge kjønn","Personer 16 år og over","2021",1134
"Rakkestad (2020-2023)","Universitets- og høgskolenivå, kort","Begge kjønn","Personer 16 år og over (prosent)","2021",16.6
"Rakkestad (2020-2023)","Universitets- og høgskolenivå, lang","Begge kjønn","Personer 16 år og over","2021",243
"Rakkestad (2020-2023)","Universitets- og høgskolenivå, lang","Begge kjønn","Personer 16 år og over (prosent)","2021",3.6
"Råde (2020-2023)","Utdanningsnivå i alt","Begge kjønn","Personer 16 år og over","2021",6302
"Råde (2020-2023)","Utdanningsnivå i alt","Begge kjønn","Personer 16 år og over (prosent)","2021",100
"Råde (2020-2023)","Videregående skolenivå","Begge kjønn","Personer 16 år og over","2021",2666
"Råde (2020-2023)","Videregående skolenivå","Begge kjønn","Personer 16 år og over (prosent)","2021",42.5
"Råde (2020-2023)","Universitets- og høgskolenivå, kort","Begge kjønn","Personer 16 år og over","2021",1328
"Råde (2020-2023)","Universitets- og høgskolenivå, kort","Begge kjønn","Personer 16 år og over (prosent)","2021",21.2
"Råde (2020-2023)","Universitets- og høgskolenivå, lang","Begge kjønn","Personer 16 år og over","2021",389
"Råde (2020-2023)","Universitets- og høgskolenivå, lang","Begge kjønn","Personer 16 år og over (prosent)","2021",6.2
"Våler (Viken) (2020-2023)","Utdanningsnivå i alt","Begge kjønn","Personer 16 år og over","2021",4586
"Våler (Viken) (2020-2023)","Utdanningsnivå i alt","Begge kjønn","Personer 16 år og over (prosent)","2021",100
"Våler (Viken) (2020-2023)","Videregående skolenivå","Begge kjønn","Personer 16 år og over","2021",1997
"Våler (Viken) (2020-2023)","Videregående skolenivå","Begge kjønn","Personer 16 år og over (prosent)","2021",43.7
"Våler (Viken) (2020-2023)","Universitets- og høgskolenivå, kort","Begge kjønn","Personer 16 år og over","2021",959
"Våler (Viken) (2020-2023)","Universitets- og høgskolenivå, kort","Begge kjønn","Personer 16 år og over (prosent)","2021",21
"Våler (Viken) (2020-2023)","Universitets- og høgskolenivå, lang","Begge kjønn","Personer 16 år og over","2021",246
"Våler (Viken) (2020-2023)","Universitets- og høgskolenivå, lang","Begge kjønn","Personer 16 år og over (prosent)","2021",5.4
"Vestby (2020-2023)","Utdanningsnivå i alt","Begge kjønn","Personer 16 år og over","2021",14796
"Vestby (2020-2023)","Utdanningsnivå i alt","Begge kjønn","Personer 16 år og over (prosent)","2021",100
"Vestby (2020-2023)","Videregående skolenivå","Begge kjønn","Personer 16 år og over","2021",5518
"Vestby (2020-2023)","Videregående skolenivå","Begge kjønn","Personer 16 år og over (prosent)","2021",37.5
"Vestby (2020-2023)","Universitets- og høgskolenivå, kort","Begge kjønn","Personer 16 år og over","2021",3703
"Vestby (2020-2023)","Universitets- og høgskolenivå, kort","Begge kjønn","Personer 16 år og over (prosent)","2021",25.2
"Vestby (2020-2023)","Universitets- og høgskolenivå, lang","Begge kjønn","Personer 16 år og over","2021",1517
"Vestby (2020-2023)","Universitets- og høgskolenivå, lang","Begge kjønn","Personer 16 år og over (prosent)","2021",10.3
"Nordre Follo (2020-2023)","Utdanningsnivå i alt","Begge kjønn","Personer 16 år og over","2021",48445
"Nordre Follo (2020-2023)","Utdanningsnivå i alt","Begge kjønn","Personer 16 år og over (prosent)","2021",100
"Nordre Follo (2020-2023)","Videregående skolenivå","Begge kjønn","Personer 16 år og over","2021",16164
"Nordre Follo (2020-2023)","Videregående skolenivå","Begge kjønn","Personer 16 år og over (prosent)","2021",33.5
"Nordre Follo (2020-2023)","Universitets- og høgskolenivå, kort","Begge kjønn","Personer 16 år og over","2021",14002
"Nordre Follo (2020-2023)","Universitets- og høgskolenivå, kort","Begge kjønn","Personer 16 år og over (prosent)","2021",29.1
"Nordre Follo (2020-2023)","Universitets- og høgskolenivå, lang","Begge kjønn","Personer 16 år og over","2021",6458
"Nordre Follo (2020-2023)","Universitets- og høgskolenivå, lang","Begge kjønn","Personer 16 år og over (prosent)","2021",13.4
"Ås (2020-2023)","Utdanningsnivå i alt","Begge kjønn","Personer 16 år og over","2021",16710
"Ås (2020-2023)","Utdanningsnivå i alt","Begge kjønn","Personer 16 år og over (prosent)","2021",100
"Ås (2020-2023)","Videregående skolenivå","Begge kjønn","Personer 16 år og over","2021",5342
"Ås (2020-2023)","Videregående skolenivå","Begge kjønn","Personer 16 år og over (prosent)","2021",32.1
"Ås (2020-2023)","Universitets- og høgskolenivå, kort","Begge kjønn","Personer 16 år og over","2021",4680
"Ås (2020-2023)","Universitets- og høgskolenivå, kort","Begge kjønn","Personer 16 år og over (prosent)","2021",28.2
"Ås (2020-2023)","Universitets- og høgskolenivå, lang","Begge kjønn","Personer 16 år og over","2021",3012
"Ås (2020-2023)","Universitets- og høgskolenivå, lang","Begge kjønn","Personer 16 år og over (prosent)","2021",18.1
"Frogn (2020-2023)","Utdanningsnivå i alt","Begge kjønn","Personer 16 år og over","2021",13382
"Frogn (2020-2023)","Utdanningsnivå i alt","Begge kjønn","Personer 16 år og over (prosent)","2021",100
"Frogn (2020-2023)","Videregående skolenivå","Begge kjønn","Personer 16 år og over","2021",4961
"Frogn (2020-2023)","Videregående skolenivå","Begge kjønn","Personer 16 år og over (prosent)","2021",37.3
"Frogn (2020-2023)","Universitets- og høgskolenivå, kort","Begge kjønn","Personer 16 år og over","2021",3699
"Frogn (2020-2023)","Universitets- og høgskolenivå, kort","Begge kjønn","Personer 16 år og over (prosent)","2021",27.8
"Frogn (2020-2023)","Universitets- og høgskolenivå, lang","Begge kjønn","Personer 16 år og over","2021",1521
"Frogn (2020-2023)","Universitets- og høgskolenivå, lang","Begge kjønn","Personer 16 år og over (prosent)","2021",11.4
"Nesodden (2020-2023)","Utdanningsnivå i alt","Begge kjønn","Personer 16 år og over","2021",15827
"Nesodden (2020-2023)","Utdanningsnivå i alt","Begge kjønn","Personer 16 år og over (prosent)","2021",100
"Nesodden (2020-2023)","Videregående skolenivå","Begge kjønn","Personer 16 år og over","2021",4714
"Nesodden (2020-2023)","Videregående skolenivå","Begge kjønn","Personer 16 år og over (prosent)","2021",29.9
"Nesodden (2020-2023)","Universitets- og høgskolenivå, kort","Begge kjønn","Personer 16 år og over","2021",4821
"Nesodden (2020-2023)","Universitets- og høgskolenivå, kort","Begge kjønn","Personer 16 år og over (prosent)","2021",30.6
"Nesodden (2020-2023)","Universitets- og høgskolenivå, lang","Begge kjønn","Personer 16 år og over","2021",2838
"Nesodden (2020-2023)","Universitets- og høgskolenivå, lang","Begge kjønn","Personer 16 år og over (prosent)","2021",18
"Bærum (2020-2023)","Utdanningsnivå i alt","Begge kjønn","Personer 16 år og over","2021",102917
"Bærum (2020-2023)","Utdanningsnivå i alt","Begge kjønn","Personer 16 år og over (prosent)","2021",100
"Bærum (2020-2023)","Videregående skolenivå","Begge kjønn","Personer 16 år og over","2021",27510
"Bærum (2020-2023)","Videregående skolenivå","Begge kjønn","Personer 16 år og over (prosent)","2021",26.9
"Bærum (2020-2023)","Universitets- og høgskolenivå, kort","Begge kjønn","Personer 16 år og over","2021",32624
"Bærum (2020-2023)","Universitets- og høgskolenivå, kort","Begge kjønn","Personer 16 år og over (prosent)","2021",31.9
"Bærum (2020-2023)","Universitets- og høgskolenivå, lang","Begge kjønn","Personer 16 år og over","2021",23209
"Bærum (2020-2023)","Universitets- og høgskolenivå, lang","Begge kjønn","Personer 16 år og over (prosent)","2021",22.7
"Asker (2020-2023)","Utdanningsnivå i alt","Begge kjønn","Personer 16 år og over","2021",77001
"Asker (2020-2023)","Utdanningsnivå i alt","Begge kjønn","Personer 16 år og over (prosent)","2021",100
"Asker (2020-2023)","Videregående skolenivå","Begge kjønn","Personer 16 år og over","2021",24138
"Asker (2020-2023)","Videregående skolenivå","Begge kjønn","Personer 16 år og over (prosent)","2021",31.5
"Asker (2020-2023)","Universitets- og høgskolenivå, kort","Begge kjønn","Personer 16 år og over","2021",22571
"Asker (2020-2023)","Universitets- og høgskolenivå, kort","Begge kjønn","Personer 16 år og over (prosent)","2021",29.5
"Asker (2020-2023)","Universitets- og høgskolenivå, lang","Begge kjønn","Personer 16 år og over","2021",12793
"Asker (2020-2023)","Universitets- og høgskolenivå, lang","Begge kjønn","Personer 16 år og over (prosent)","2021",16.7
"Aurskog-Høland (2020-2023)","Utdanningsnivå i alt","Begge kjønn","Personer 16 år og over","2021",14647
"Aurskog-Høland (2020-2023)","Utdanningsnivå i alt","Begge kjønn","Personer 16 år og over (prosent)","2021",100
"Aurskog-Høland (2020-2023)","Videregående skolenivå","Begge kjønn","Personer 16 år og over","2021",6199
"Aurskog-Høland (2020-2023)","Videregående skolenivå","Begge kjønn","Personer 16 år og over (prosent)","2021",42.5
"Aurskog-Høland (2020-2023)","Universitets- og høgskolenivå, kort","Begge kjønn","Personer 16 år og over","2021",2439
"Aurskog-Høland (2020-2023)","Universitets- og høgskolenivå, kort","Begge kjønn","Personer 16 år og over (prosent)","2021",16.7
"Aurskog-Høland (2020-2023)","Universitets- og høgskolenivå, lang","Begge kjønn","Personer 16 år og over","2021",632
"Aurskog-Høland (2020-2023)","Universitets- og høgskolenivå, lang","Begge kjønn","Personer 16 år og over (prosent)","2021",4.3
"Rælingen (2020-2023)","Utdanningsnivå i alt","Begge kjønn","Personer 16 år og over","2021",15003
"Rælingen (2020-2023)","Utdanningsnivå i alt","Begge kjønn","Personer 16 år og over (prosent)","2021",100
"Rælingen (2020-2023)","Videregående skolenivå","Begge kjønn","Personer 16 år og over","2021",5486
"Rælingen (2020-2023)","Videregående skolenivå","Begge kjønn","Personer 16 år og over (prosent)","2021",36.8
"Rælingen (2020-2023)","Universitets- og høgskolenivå, kort","Begge kjønn","Personer 16 år og over","2021",3724
"Rælingen (2020-2023)","Universitets- og høgskolenivå, kort","Begge kjønn","Personer 16 år og over (prosent)","2021",25
"Rælingen (2020-2023)","Universitets- og høgskolenivå, lang","Begge kjønn","Personer 16 år og over","2021",1400
"Rælingen (2020-2023)","Universitets- og høgskolenivå, lang","Begge kjønn","Personer 16 år og over (prosent)","2021",9.4
"Enebakk (2020-2023)","Utdanningsnivå i alt","Begge kjønn","Personer 16 år og over","2021",8928
"Enebakk (2020-2023)","Utdanningsnivå i alt","Begge kjønn","Personer 16 år og over (prosent)","2021",100
"Enebakk (2020-2023)","Videregående skolenivå","Begge kjønn","Personer 16 år og over","2021",3675
"Enebakk (2020-2023)","Videregående skolenivå","Begge kjønn","Personer 16 år og over (prosent)","2021",41.4
"Enebakk (2020-2023)","Universitets- og høgskolenivå, kort","Begge kjønn","Personer 16 år og over","2021",1776
"Enebakk (2020-2023)","Universitets- og høgskolenivå, kort","Begge kjønn","Personer 16 år og over (prosent)","2021",20
"Enebakk (2020-2023)","Universitets- og høgskolenivå, lang","Begge kjønn","Personer 16 år og over","2021",502
"Enebakk (2020-2023)","Universitets- og høgskolenivå, lang","Begge kjønn","Personer 16 år og over (prosent)","2021",5.7
"Lørenskog (2020-2023)","Utdanningsnivå i alt","Begge kjønn","Personer 16 år og over","2021",35776
"Lørenskog (2020-2023)","Utdanningsnivå i alt","Begge kjønn","Personer 16 år og over (prosent)","2021",100
"Lørenskog (2020-2023)","Videregående skolenivå","Begge kjønn","Personer 16 år og over","2021",12303
"Lørenskog (2020-2023)","Videregående skolenivå","Begge kjønn","Personer 16 år og over (prosent)","2021",34.7
"Lørenskog (2020-2023)","Universitets- og høgskolenivå, kort","Begge kjønn","Personer 16 år og over","2021",9289
"Lørenskog (2020-2023)","Universitets- og høgskolenivå, kort","Begge kjønn","Personer 16 år og over (prosent)","2021",26.2
"Lørenskog (2020-2023)","Universitets- og høgskolenivå, lang","Begge kjønn","Personer 16 år og over","2021",3746
"Lørenskog (2020-2023)","Universitets- og høgskolenivå, lang","Begge kjønn","Personer 16 år og over (prosent)","2021",10.6
"Lillestrøm (2020-2023)","Utdanningsnivå i alt","Begge kjønn","Personer 16 år og over","2021",71541
"Lillestrøm (2020-2023)","Utdanningsnivå i alt","Begge kjønn","Personer 16 år og over (prosent)","2021",100
"Lillestrøm (2020-2023)","Videregående skolenivå","Begge kjønn","Personer 16 år og over","2021",26444
"Lillestrøm (2020-2023)","Videregående skolenivå","Begge kjønn","Personer 16 år og over (prosent)","2021",37.2
"Lillestrøm (2020-2023)","Universitets- og høgskolenivå, kort","Begge kjønn","Personer 16 år og over","2021",17118
"Lillestrøm (2020-2023)","Universitets- og høgskolenivå, kort","Begge kjønn","Personer 16 år og over (prosent)","2021",24.1
"Lillestrøm (2020-2023)","Universitets- og høgskolenivå, lang","Begge kjønn","Personer 16 år og over","2021",6714
"Lillestrøm (2020-2023)","Universitets- og høgskolenivå, lang","Begge kjønn","Personer 16 år og over (prosent)","2021",9.4
"Nittedal (2020-2023)","Utdanningsnivå i alt","Begge kjønn","Personer 16 år og over","2021",19624
"Nittedal (2020-2023)","Utdanningsnivå i alt","Begge kjønn","Personer 16 år og over (prosent)","2021",100
"Nittedal (2020-2023)","Videregående skolenivå","Begge kjønn","Personer 16 år og over","2021",6762
"Nittedal (2020-2023)","Videregående skolenivå","Begge kjønn","Personer 16 år og over (prosent)","2021",34.6
"Nittedal (2020-2023)","Universitets- og høgskolenivå, kort","Begge kjønn","Personer 16 år og over","2021",5156
"Nittedal (2020-2023)","Universitets- og høgskolenivå, kort","Begge kjønn","Personer 16 år og over (prosent)","2021",26.4
"Nittedal (2020-2023)","Universitets- og høgskolenivå, lang","Begge kjønn","Personer 16 år og over","2021",2303
"Nittedal (2020-2023)","Universitets- og høgskolenivå, lang","Begge kjønn","Personer 16 år og over (prosent)","2021",11.8
"Gjerdrum (2020-2023)","Utdanningsnivå i alt","Begge kjønn","Personer 16 år og over","2021",5621
"Gjerdrum (2020-2023)","Utdanningsnivå i alt","Begge kjønn","Personer 16 år og over (prosent)","2021",100
"Gjerdrum (2020-2023)","Videregående skolenivå","Begge kjønn","Personer 16 år og over","2021",2196
"Gjerdrum (2020-2023)","Videregående skolenivå","Begge kjønn","Personer 16 år og over (prosent)","2021",39.2
"Gjerdrum (2020-2023)","Universitets- og høgskolenivå, kort","Begge kjønn","Personer 16 år og over","2021",1359
"Gjerdrum (2020-2023)","Universitets- og høgskolenivå, kort","Begge kjønn","Personer 16 år og over (prosent)","2021",24.3
"Gjerdrum (2020-2023)","Universitets- og høgskolenivå, lang","Begge kjønn","Personer 16 år og over","2021",440
"Gjerdrum (2020-2023)","Universitets- og høgskolenivå, lang","Begge kjønn","Personer 16 år og over (prosent)","2021",7.9
"Ullensaker (2020-2023)","Utdanningsnivå i alt","Begge kjønn","Personer 16 år og over","2021",32825
"Ullensaker (2020-2023)","Utdanningsnivå i alt","Begge kjønn","Personer 16 år og over (prosent)","2021",100
"Ullensaker (2020-2023)","Videregående skolenivå","Begge kjønn","Personer 16 år og over","2021",12623
"Ullensaker (2020-2023)","Videregående skolenivå","Begge kjønn","Personer 16 år og over (prosent)","2021",38.7
"Ullensaker (2020-2023)","Universitets- og høgskolenivå, kort","Begge kjønn","Personer 16 år og over","2021",7191
"Ullensaker (2020-2023)","Universitets- og høgskolenivå, kort","Begge kjønn","Personer 16 år og over (prosent)","2021",22.1
"Ullensaker (2020-2023)","Universitets- og høgskolenivå, lang","Begge kjønn","Personer 16 år og over","2021",2338
"Ullensaker (2020-2023)","Universitets- og høgskolenivå, lang","Begge kjønn","Personer 16 år og over (prosent)","2021",7.2
"Nes (2020-2023)","Utdanningsnivå i alt","Begge kjønn","Personer 16 år og over","2021",19309
"Nes (2020-2023)","Utdanningsnivå i alt","Begge kjønn","Personer 16 år og over (prosent)","2021",100
"Nes (2020-2023)","Videregående skolenivå","Begge kjønn","Personer 16 år og over","2021",8161
"Nes (2020-2023)","Videregående skolenivå","Begge kjønn","Personer 16 år og over (prosent)","2021",42.5
"Nes (2020-2023)","Universitets- og høgskolenivå, kort","Begge kjønn","Personer 16 år og over","2021",3625
"Nes (2020-2023)","Universitets- og høgskolenivå, kort","Begge kjønn","Personer 16 år og over (prosent)","2021",18.9
"Nes (2020-2023)","Universitets- og høgskolenivå, lang","Begge kjønn","Personer 16 år og over","2021",993
"Nes (2020-2023)","Universitets- og høgskolenivå, lang","Begge kjønn","Personer 16 år og over (prosent)","2021",5.2
"Eidsvoll (2020-2023)","Utdanningsnivå i alt","Begge kjønn","Personer 16 år og over","2021",21388
"Eidsvoll (2020-2023)","Utdanningsnivå i alt","Begge kjønn","Personer 16 år og over (prosent)","2021",100
"Eidsvoll (2020-2023)","Videregående skolenivå","Begge kjønn","Personer 16 år og over","2021",8348
"Eidsvoll (2020-2023)","Videregående skolenivå","Begge kjønn","Personer 16 år og over (prosent)","2021",39.3
"Eidsvoll (2020-2023)","Universitets- og høgskolenivå, kort","Begge kjønn","Personer 16 år og over","2021",4330
"Eidsvoll (2020-2023)","Universitets- og høgskolenivå, kort","Begge kjønn","Personer 16 år og over (prosent)","2021",20.4
"Eidsvoll (2020-2023)","Universitets- og høgskolenivå, lang","Begge kjønn","Personer 16 år og over","2021",1517
"Eidsvoll (2020-2023)","Universitets- og høgskolenivå, lang","Begge kjønn","Personer 16 år og over (prosent)","2021",7.1
"Nannestad (2020-2023)","Utdanningsnivå i alt","Begge kjønn","Personer 16 år og over","2021",11966
"Nannestad (2020-2023)","Utdanningsnivå i alt","Begge kjønn","Personer 16 år og over (prosent)","2021",100
"Nannestad (2020-2023)","Videregående skolenivå","Begge kjønn","Personer 16 år og over","2021",4968
"Nannestad (2020-2023)","Videregående skolenivå","Begge kjønn","Personer 16 år og over (prosent)","2021",41.8
"Nannestad (2020-2023)","Universitets- og høgskolenivå, kort","Begge kjønn","Personer 16 år og over","2021",2255
"Nannestad (2020-2023)","Universitets- og høgskolenivå, kort","Begge kjønn","Personer 16 år og over (prosent)","2021",19
"Nannestad (2020-2023)","Universitets- og høgskolenivå, lang","Begge kjønn","Personer 16 år og over","2021",691
"Nannestad (2020-2023)","Universitets- og høgskolenivå, lang","Begge kjønn","Personer 16 år og over (prosent)","2021",5.8
"Hurdal (2020-2023)","Utdanningsnivå i alt","Begge kjønn","Personer 16 år og over","2021",2372
"Hurdal (2020-2023)","Utdanningsnivå i alt","Begge kjønn","Personer 16 år og over (prosent)","2021",100
"Hurdal (2020-2023)","Videregående skolenivå","Begge kjønn","Personer 16 år og over","2021",992
"Hurdal (2020-2023)","Videregående skolenivå","Begge kjønn","Personer 16 år og over (prosent)","2021",41.9
"Hurdal (2020-2023)","Universitets- og høgskolenivå, kort","Begge kjønn","Personer 16 år og over","2021",393
"Hurdal (2020-2023)","Universitets- og høgskolenivå, kort","Begge kjønn","Personer 16 år og over (prosent)","2021",16.6
"Hurdal (2020-2023)","Universitets- og høgskolenivå, lang","Begge kjønn","Personer 16 år og over","2021",142
"Hurdal (2020-2023)","Universitets- og høgskolenivå, lang","Begge kjønn","Personer 16 år og over (prosent)","2021",6
"Hole (2020-2023)","Utdanningsnivå i alt","Begge kjønn","Personer 16 år og over","2021",5498
"Hole (2020-2023)","Utdanningsnivå i alt","Begge kjønn","Personer 16 år og over (prosent)","2021",100
"Hole (2020-2023)","Videregående skolenivå","Begge kjønn","Personer 16 år og over","2021",1972
"Hole (2020-2023)","Videregående skolenivå","Begge kjønn","Personer 16 år og over (prosent)","2021",36
"Hole (2020-2023)","Universitets- og høgskolenivå, kort","Begge kjønn","Personer 16 år og over","2021",1523
"Hole (2020-2023)","Universitets- og høgskolenivå, kort","Begge kjønn","Personer 16 år og over (prosent)","2021",27.8
"Hole (2020-2023)","Universitets- og høgskolenivå, lang","Begge kjønn","Personer 16 år og over","2021",707
"Hole (2020-2023)","Universitets- og høgskolenivå, lang","Begge kjønn","Personer 16 år og over (prosent)","2021",12.9
"Flå (2020-2023)","Utdanningsnivå i alt","Begge kjønn","Personer 16 år og over","2021",894
"Flå (2020-2023)","Utdanningsnivå i alt","Begge kjønn","Personer 16 år og over (prosent)","2021",100
"Flå (2020-2023)","Videregående skolenivå","Begge kjønn","Personer 16 år og over","2021",361
"Flå (2020-2023)","Videregående skolenivå","Begge kjønn","Personer 16 år og over (prosent)","2021",40.6
"Flå (2020-2023)","Universitets- og høgskolenivå, kort","Begge kjønn","Personer 16 år og over","2021",153
"Flå (2020-2023)","Universitets- og høgskolenivå, kort","Begge kjønn","Personer 16 år og over (prosent)","2021",17.2
"Flå (2020-2023)","Universitets- og høgskolenivå, lang","Begge kjønn","Personer 16 år og over","2021",44
"Flå (2020-2023)","Universitets- og høgskolenivå, lang","Begge kjønn","Personer 16 år og over (prosent)","2021",4.9
"Nesbyen (2020-2023)","Utdanningsnivå i alt","Begge kjønn","Personer 16 år og over","2021",2839
"Nesbyen (2020-2023)","Utdanningsnivå i alt","Begge kjønn","Personer 16 år og over (prosent)","2021",100
"Nesbyen (2020-2023)","Videregående skolenivå","Begge kjønn","Personer 16 år og over","2021",1247
"Nesbyen (2020-2023)","Videregående skolenivå","Begge kjønn","Personer 16 år og over (prosent)","2021",44
"Nesbyen (2020-2023)","Universitets- og høgskolenivå, kort","Begge kjønn","Personer 16 år og over","2021",550
"Nesbyen (2020-2023)","Universitets- og høgskolenivå, kort","Begge kjønn","Personer 16 år og over (prosent)","2021",19.4
"Nesbyen (2020-2023)","Universitets- og høgskolenivå, lang","Begge kjønn","Personer 16 år og over","2021",140
"Nesbyen (2020-2023)","Universitets- og høgskolenivå, lang","Begge kjønn","Personer 16 år og over (prosent)","2021",4.9
"Gol (2020-2023)","Utdanningsnivå i alt","Begge kjønn","Personer 16 år og over","2021",3938
"Gol (2020-2023)","Utdanningsnivå i alt","Begge kjønn","Personer 16 år og over (prosent)","2021",100
"Gol (2020-2023)","Videregående skolenivå","Begge kjønn","Personer 16 år og over","2021",1735
"Gol (2020-2023)","Videregående skolenivå","Begge kjønn","Personer 16 år og over (prosent)","2021",44.3
"Gol (2020-2023)","Universitets- og høgskolenivå, kort","Begge kjønn","Personer 16 år og over","2021",724
"Gol (2020-2023)","Universitets- og høgskolenivå, kort","Begge kjønn","Personer 16 år og over (prosent)","2021",18.5
"Gol (2020-2023)","Universitets- og høgskolenivå, lang","Begge kjønn","Personer 16 år og over","2021",199
"Gol (2020-2023)","Universitets- og høgskolenivå, lang","Begge kjønn","Personer 16 år og over (prosent)","2021",5.1
"Hemsedal (2020-2023)","Utdanningsnivå i alt","Begge kjønn","Personer 16 år og over","2021",2097
"Hemsedal (2020-2023)","Utdanningsnivå i alt","Begge kjønn","Personer 16 år og over (prosent)","2021",100
"Hemsedal (2020-2023)","Videregående skolenivå","Begge kjønn","Personer 16 år og over","2021",899
"Hemsedal (2020-2023)","Videregående skolenivå","Begge kjønn","Personer 16 år og over (prosent)","2021",43
"Hemsedal (2020-2023)","Universitets- og høgskolenivå, kort","Begge kjønn","Personer 16 år og over","2021",521
"Hemsedal (2020-2023)","Universitets- og høgskolenivå, kort","Begge kjønn","Personer 16 år og over (prosent)","2021",24.9
"Hemsedal (2020-2023)","Universitets- og høgskolenivå, lang","Begge kjønn","Personer 16 år og over","2021",182
"Hemsedal (2020-2023)","Universitets- og høgskolenivå, lang","Begge kjønn","Personer 16 år og over (prosent)","2021",8.7
"Ål (2020-2023)","Utdanningsnivå i alt","Begge kjønn","Personer 16 år og over","2021",3898
"Ål (2020-2023)","Utdanningsnivå i alt","Begge kjønn","Personer 16 år og over (prosent)","2021",100
"Ål (2020-2023)","Videregående skolenivå","Begge kjønn","Personer 16 år og over","2021",1792
"Ål (2020-2023)","Videregående skolenivå","Begge kjønn","Personer 16 år og over (prosent)","2021",46.2
"Ål (2020-2023)","Universitets- og høgskolenivå, kort","Begge kjønn","Personer 16 år og over","2021",850
"Ål (2020-2023)","Universitets- og høgskolenivå, kort","Begge kjønn","Personer 16 år og over (prosent)","2021",21.9
"Ål (2020-2023)","Universitets- og høgskolenivå, lang","Begge kjønn","Personer 16 år og over","2021",217
"Ål (2020-2023)","Universitets- og høgskolenivå, lang","Begge kjønn","Personer 16 år og over (prosent)","2021",5.6
"Hol (2020-2023)","Utdanningsnivå i alt","Begge kjønn","Personer 16 år og over","2021",3840
"Hol (2020-2023)","Utdanningsnivå i alt","Begge kjønn","Personer 16 år og over (prosent)","2021",100
"Hol (2020-2023)","Videregående skolenivå","Begge kjønn","Personer 16 år og over","2021",1711
"Hol (2020-2023)","Videregående skolenivå","Begge kjønn","Personer 16 år og over (prosent)","2021",44.8
"Hol (2020-2023)","Universitets- og høgskolenivå, kort","Begge kjønn","Personer 16 år og over","2021",835
"Hol (2020-2023)","Universitets- og høgskolenivå, kort","Begge kjønn","Personer 16 år og over (prosent)","2021",21.9
"Hol (2020-2023)","Universitets- og høgskolenivå, lang","Begge kjønn","Personer 16 år og over","2021",220
"Hol (2020-2023)","Universitets- og høgskolenivå, lang","Begge kjønn","Personer 16 år og over (prosent)","2021",5.8
"Sigdal (2020-2023)","Utdanningsnivå i alt","Begge kjønn","Personer 16 år og over","2021",2957
"Sigdal (2020-2023)","Utdanningsnivå i alt","Begge kjønn","Personer 16 år og over (prosent)","2021",100
"Sigdal (2020-2023)","Videregående skolenivå","Begge kjønn","Personer 16 år og over","2021",1418
"Sigdal (2020-2023)","Videregående skolenivå","Begge kjønn","Personer 16 år og over (prosent)","2021",48.1
"Sigdal (2020-2023)","Universitets- og høgskolenivå, kort","Begge kjønn","Personer 16 år og over","2021",434
"Sigdal (2020-2023)","Universitets- og høgskolenivå, kort","Begge kjønn","Personer 16 år og over (prosent)","2021",14.7
"Sigdal (2020-2023)","Universitets- og høgskolenivå, lang","Begge kjønn","Personer 16 år og over","2021",109
"Sigdal (2020-2023)","Universitets- og høgskolenivå, lang","Begge kjønn","Personer 16 år og over (prosent)","2021",3.7
"Krødsherad (2020-2023)","Utdanningsnivå i alt","Begge kjønn","Personer 16 år og over","2021",1806
"Krødsherad (2020-2023)","Utdanningsnivå i alt","Begge kjønn","Personer 16 år og over (prosent)","2021",100
"Krødsherad (2020-2023)","Videregående skolenivå","Begge kjønn","Personer 16 år og over","2021",781
"Krødsherad (2020-2023)","Videregående skolenivå","Begge kjønn","Personer 16 år og over (prosent)","2021",43.6
"Krødsherad (2020-2023)","Universitets- og høgskolenivå, kort","Begge kjønn","Personer 16 år og over","2021",341
"Krødsherad (2020-2023)","Universitets- og høgskolenivå, kort","Begge kjønn","Personer 16 år og over (prosent)","2021",19
"Krødsherad (2020-2023)","Universitets- og høgskolenivå, lang","Begge kjønn","Personer 16 år og over","2021",88
"Krødsherad (2020-2023)","Universitets- og høgskolenivå, lang","Begge kjønn","Personer 16 år og over (prosent)","2021",4.9
"Modum (2020-2023)","Utdanningsnivå i alt","Begge kjønn","Personer 16 år og over","2021",11897
"Modum (2020-2023)","Utdanningsnivå i alt","Begge kjønn","Personer 16 år og over (prosent)","2021",100
"Modum (2020-2023)","Videregående skolenivå","Begge kjønn","Personer 16 år og over","2021",4923
"Modum (2020-2023)","Videregående skolenivå","Begge kjønn","Personer 16 år og over (prosent)","2021",41.6
"Modum (2020-2023)","Universitets- og høgskolenivå, kort","Begge kjønn","Personer 16 år og over","2021",2185
"Modum (2020-2023)","Universitets- og høgskolenivå, kort","Begge kjønn","Personer 16 år og over (prosent)","2021",18.5
"Modum (2020-2023)","Universitets- og høgskolenivå, lang","Begge kjønn","Personer 16 år og over","2021",568
"Modum (2020-2023)","Universitets- og høgskolenivå, lang","Begge kjønn","Personer 16 år og over (prosent)","2021",4.8
"Øvre Eiker (2020-2023)","Utdanningsnivå i alt","Begge kjønn","Personer 16 år og over","2021",16340
"Øvre Eiker (2020-2023)","Utdanningsnivå i alt","Begge kjønn","Personer 16 år og over (prosent)","2021",100
"Øvre Eiker (2020-2023)","Videregående skolenivå","Begge kjønn","Personer 16 år og over","2021",6616
"Øvre Eiker (2020-2023)","Videregående skolenivå","Begge kjønn","Personer 16 år og over (prosent)","2021",40.7
"Øvre Eiker (2020-2023)","Universitets- og høgskolenivå, kort","Begge kjønn","Personer 16 år og over","2021",3434
"Øvre Eiker (2020-2023)","Universitets- og høgskolenivå, kort","Begge kjønn","Personer 16 år og over (prosent)","2021",21.1
"Øvre Eiker (2020-2023)","Universitets- og høgskolenivå, lang","Begge kjønn","Personer 16 år og over","2021",948
"Øvre Eiker (2020-2023)","Universitets- og høgskolenivå, lang","Begge kjønn","Personer 16 år og over (prosent)","2021",5.8
"Lier (2020-2023)","Utdanningsnivå i alt","Begge kjønn","Personer 16 år og over","2021",22078
"Lier (2020-2023)","Utdanningsnivå i alt","Begge kjønn","Personer 16 år og over (prosent)","2021",100
"Lier (2020-2023)","Videregående skolenivå","Begge kjønn","Personer 16 år og over","2021",7878
"Lier (2020-2023)","Videregående skolenivå","Begge kjønn","Personer 16 år og over (prosent)","2021",35.9
"Lier (2020-2023)","Universitets- og høgskolenivå, kort","Begge kjønn","Personer 16 år og over","2021",5816
"Lier (2020-2023)","Universitets- og høgskolenivå, kort","Begge kjønn","Personer 16 år og over (prosent)","2021",26.5
"Lier (2020-2023)","Universitets- og høgskolenivå, lang","Begge kjønn","Personer 16 år og over","2021",2442
"Lier (2020-2023)","Universitets- og høgskolenivå, lang","Begge kjønn","Personer 16 år og over (prosent)","2021",11.1
"Flesberg (2020-2023)","Utdanningsnivå i alt","Begge kjønn","Personer 16 år og over","2021",2222
"Flesberg (2020-2023)","Utdanningsnivå i alt","Begge kjønn","Personer 16 år og over (prosent)","2021",100
"Flesberg (2020-2023)","Videregående skolenivå","Begge kjønn","Personer 16 år og over","2021",1025
"Flesberg (2020-2023)","Videregående skolenivå","Begge kjønn","Personer 16 år og over (prosent)","2021",46.3
"Flesberg (2020-2023)","Universitets- og høgskolenivå, kort","Begge kjønn","Personer 16 år og over","2021",415
"Flesberg (2020-2023)","Universitets- og høgskolenivå, kort","Begge kjønn","Personer 16 år og over (prosent)","2021",18.7
"Flesberg (2020-2023)","Universitets- og høgskolenivå, lang","Begge kjønn","Personer 16 år og over","2021",88
"Flesberg (2020-2023)","Universitets- og høgskolenivå, lang","Begge kjønn","Personer 16 år og over (prosent)","2021",4
"Rollag (2020-2023)","Utdanningsnivå i alt","Begge kjønn","Personer 16 år og over","2021",1174
"Rollag (2020-2023)","Utdanningsnivå i alt","Begge kjønn","Personer 16 år og over (prosent)","2021",100
"Rollag (2020-2023)","Videregående skolenivå","Begge kjønn","Personer 16 år og over","2021",551
"Rollag (2020-2023)","Videregående skolenivå","Begge kjønn","Personer 16 år og over (prosent)","2021",47.1
"Rollag (2020-2023)","Universitets- og høgskolenivå, kort","Begge kjønn","Personer 16 år og over","2021",213
"Rollag (2020-2023)","Universitets- og høgskolenivå, kort","Begge kjønn","Personer 16 år og over (prosent)","2021",18.2
"Rollag (2020-2023)","Universitets- og høgskolenivå, lang","Begge kjønn","Personer 16 år og over","2021",63
"Rollag (2020-2023)","Universitets- og høgskolenivå, lang","Begge kjønn","Personer 16 år og over (prosent)","2021",5.4
"Nore og Uvdal (2020-2023)","Utdanningsnivå i alt","Begge kjønn","Personer 16 år og over","2021",2106
"Nore og Uvdal (2020-2023)","Utdanningsnivå i alt","Begge kjønn","Personer 16 år og over (prosent)","2021",100
"Nore og Uvdal (2020-2023)","Videregående skolenivå","Begge kjønn","Personer 16 år og over","2021",1003
"Nore og Uvdal (2020-2023)","Videregående skolenivå","Begge kjønn","Personer 16 år og over (prosent)","2021",47.9
"Nore og Uvdal (2020-2023)","Universitets- og høgskolenivå, kort","Begge kjønn","Personer 16 år og over","2021",328
"Nore og Uvdal (2020-2023)","Universitets- og høgskolenivå, kort","Begge kjønn","Personer 16 år og over (prosent)","2021",15.6
"Nore og Uvdal (2020-2023)","Universitets- og høgskolenivå, lang","Begge kjønn","Personer 16 år og over","2021",95
"Nore og Uvdal (2020-2023)","Universitets- og høgskolenivå, lang","Begge kjønn","Personer 16 år og over (prosent)","2021",4.5
"Jevnaker (2020-2023)","Utdanningsnivå i alt","Begge kjønn","Personer 16 år og over","2021",5720
"Jevnaker (2020-2023)","Utdanningsnivå i alt","Begge kjønn","Personer 16 år og over (prosent)","2021",100
"Jevnaker (2020-2023)","Videregående skolenivå","Begge kjønn","Personer 16 år og over","2021",2413
"Jevnaker (2020-2023)","Videregående skolenivå","Begge kjønn","Personer 16 år og over (prosent)","2021",42.4
"Jevnaker (2020-2023)","Universitets- og høgskolenivå, kort","Begge kjønn","Personer 16 år og over","2021",1144
"Jevnaker (2020-2023)","Universitets- og høgskolenivå, kort","Begge kjønn","Personer 16 år og over (prosent)","2021",20.1
"Jevnaker (2020-2023)","Universitets- og høgskolenivå, lang","Begge kjønn","Personer 16 år og over","2021",265
"Jevnaker (2020-2023)","Universitets- og høgskolenivå, lang","Begge kjønn","Personer 16 år og over (prosent)","2021",4.7
"Lunner (2020-2023)","Utdanningsnivå i alt","Begge kjønn","Personer 16 år og over","2021",7507
"Lunner (2020-2023)","Utdanningsnivå i alt","Begge kjønn","Personer 16 år og over (prosent)","2021",100
"Lunner (2020-2023)","Videregående skolenivå","Begge kjønn","Personer 16 år og over","2021",3089
"Lunner (2020-2023)","Videregående skolenivå","Begge kjønn","Personer 16 år og over (prosent)","2021",41.3
"Lunner (2020-2023)","Universitets- og høgskolenivå, kort","Begge kjønn","Personer 16 år og over","2021",1548
"Lunner (2020-2023)","Universitets- og høgskolenivå, kort","Begge kjønn","Personer 16 år og over (prosent)","2021",20.7
"Lunner (2020-2023)","Universitets- og høgskolenivå, lang","Begge kjønn","Personer 16 år og over","2021",458
"Lunner (2020-2023)","Universitets- og høgskolenivå, lang","Begge kjønn","Personer 16 år og over (prosent)","2021",6.1
"Halden (-2019)","Utdanningsnivå i alt","Begge kjønn","Personer 16 år og over","2021",0
"Halden (-2019)","Utdanningsnivå i alt","Begge kjønn","Personer 16 år og over (prosent)","2021",0
"Halden (-2019)","Videregående skolenivå","Begge kjønn","Personer 16 år og over","2021",0
"Halden (-2019)","Videregående skolenivå","Begge kjønn","Personer 16 år og over (prosent)","2021",0
"Halden (-2019)","Universitets- og høgskolenivå, kort","Begge kjønn","Personer 16 år og over","2021",0
"Halden (-2019)","Universitets- og høgskolenivå, kort","Begge kjønn","Personer 16 år og over (prosent)","2021",0
"Halden (-2019)","Universitets- og høgskolenivå, lang","Begge kjønn","Personer 16 år og over","2021",0
"Halden (-2019)","Universitets- og høgskolenivå, lang","Begge kjønn","Personer 16 år og over (prosent)","2021",0
"Sarpsborg (-1991)","Utdanningsnivå i alt","Begge kjønn","Personer 16 år og over","2021",0
"Sarpsborg (-1991)","Utdanningsnivå i alt","Begge kjønn","Personer 16 år og over (prosent)","2021",0
"Sarpsborg (-1991)","Videregående skolenivå","Begge kjønn","Personer 16 år og over","2021",0
"Sarpsborg (-1991)","Videregående skolenivå","Begge kjønn","Personer 16 år og over (prosent)","2021",0
"Sarpsborg (-1991)","Universitets- og høgskolenivå, kort","Begge kjønn","Personer 16 år og over","2021",0
"Sarpsborg (-1991)","Universitets- og høgskolenivå, kort","Begge kjønn","Personer 16 år og over (prosent)","2021",0
"Sarpsborg (-1991)","Universitets- og høgskolenivå, lang","Begge kjønn","Personer 16 år og over","2021",0
"Sarpsborg (-1991)","Universitets- og høgskolenivå, lang","Begge kjønn","Personer 16 år og over (prosent)","2021",0
"Fredrikstad (-1993)","Utdanningsnivå i alt","Begge kjønn","Personer 16 år og over","2021",0
"Fredrikstad (-1993)","Utdanningsnivå i alt","Begge kjønn","Personer 16 år og over (prosent)","2021",0
"Fredrikstad (-1993)","Videregående skolenivå","Begge kjønn","Personer 16 år og over","2021",0
"Fredrikstad (-1993)","Videregående skolenivå","Begge kjønn","Personer 16 år og over (prosent)","2021",0
"Fredrikstad (-1993)","Universitets- og høgskolenivå, kort","Begge kjønn","Personer 16 år og over","2021",0
"Fredrikstad (-1993)","Universitets- og høgskolenivå, kort","Begge kjønn","Personer 16 år og over (prosent)","2021",0
"Fredrikstad (-1993)","Universitets- og høgskolenivå, lang","Begge kjønn","Personer 16 år og over","2021",0
"Fredrikstad (-1993)","Universitets- og høgskolenivå, lang","Begge kjønn","Personer 16 år og over (prosent)","2021",0
"Moss (-2019)","Utdanningsnivå i alt","Begge kjønn","Personer 16 år og over","2021",0
"Moss (-2019)","Utdanningsnivå i alt","Begge kjønn","Personer 16 år og over (prosent)","2021",0
"Moss (-2019)","Videregående skolenivå","Begge kjønn","Personer 16 år og over","2021",0
"Moss (-2019)","Videregående skolenivå","Begge kjønn","Personer 16 år og over (prosent)","2021",0
"Moss (-2019)","Universitets- og høgskolenivå, kort","Begge kjønn","Personer 16 år og over","2021",0
"Moss (-2019)","Universitets- og høgskolenivå, kort","Begge kjønn","Personer 16 år og over (prosent)","2021",0
"Moss (-2019)","Universitets- og høgskolenivå, lang","Begge kjønn","Personer 16 år og over","2021",0
"Moss (-2019)","Universitets- og høgskolenivå, lang","Begge kjønn","Personer 16 år og over (prosent)","2021",0
"Sarpsborg (1992-2019)","Utdanningsnivå i alt","Begge kjønn","Personer 16 år og over","2021",0
"Sarpsborg (1992-2019)","Utdanningsnivå i alt","Begge kjønn","Personer 16 år og over (prosent)","2021",0
"Sarpsborg (1992-2019)","Videregående skolenivå","Begge kjønn","Personer 16 år og over","2021",0
"Sarpsborg (1992-2019)","Videregående skolenivå","Begge kjønn","Personer 16 år og over (prosent)","2021",0
"Sarpsborg (1992-2019)","Universitets- og høgskolenivå, kort","Begge kjønn","Personer 16 år og over","2021",0
"Sarpsborg (1992-2019)","Universitets- og høgskolenivå, kort","Begge kjønn","Personer 16 år og over (prosent)","2021",0
"Sarpsborg (1992-2019)","Universitets- og høgskolenivå, lang","Begge kjønn","Personer 16 år og over","2021",0
"Sarpsborg (1992-2019)","Universitets- og høgskolenivå, lang","Begge kjønn","Personer 16 år og over (prosent)","2021",0
"Fredrikstad (1994-2019)","Utdanningsnivå i alt","Begge kjønn","Personer 16 år og over","2021",0
"Fredrikstad (1994-2019)","Utdanningsnivå i alt","Begge kjønn","Personer 16 år og over (prosent)","2021",0
"Fredrikstad (1994-2019)","Videregående skolenivå","Begge kjønn","Personer 16 år og over","2021",0
"Fredrikstad (1994-2019)","Videregående skolenivå","Begge kjønn","Personer 16 år og over (prosent)","2021",0
"Fredrikstad (1994-2019)","Universitets- og høgskolenivå, kort","Begge kjønn","Personer 16 år og over","2021",0
"Fredrikstad (1994-2019)","Universitets- og høgskolenivå, kort","Begge kjønn","Personer 16 år og over (prosent)","2021",0
"Fredrikstad (1994-2019)","Universitets- og høgskolenivå, lang","Begge kjønn","Personer 16 år og over","2021",0
"Fredrikstad (1994-2019)","Universitets- og høgskolenivå, lang","Begge kjønn","Personer 16 år og over (prosent)","2021",0
"Hvaler (-2019)","Utdanningsnivå i alt","Begge kjønn","Personer 16 år og over","2021",0
"Hvaler (-2019)","Utdanningsnivå i alt","Begge kjønn","Personer 16 år og over (prosent)","2021",0
"Hvaler (-2019)","Videregående skolenivå","Begge kjønn","Personer 16 år og over","2021",0
"Hvaler (-2019)","Videregående skolenivå","Begge kjønn","Personer 16 år og over (prosent)","2021",0
"Hvaler (-2019)","Universitets- og høgskolenivå, kort","Begge kjønn","Personer 16 år og over","2021",0
"Hvaler (-2019)","Universitets- og høgskolenivå, kort","Begge kjønn","Personer 16 år og over (prosent)","2021",0
"Hvaler (-2019)","Universitets- og høgskolenivå, lang","Begge kjønn","Personer 16 år og over","2021",0
"Hvaler (-2019)","Universitets- og høgskolenivå, lang","Begge kjønn","Personer 16 år og over (prosent)","2021",0
"Borge (-1993)","Utdanningsnivå i alt","Begge kjønn","Personer 16 år og over","2021",0
"Borge (-1993)","Utdanningsnivå i alt","Begge kjønn","Personer 16 år og over (prosent)","2021",0
"Borge (-1993)","Videregående skolenivå","Begge kjønn","Personer 16 år og over","2021",0
"Borge (-1993)","Videregående skolenivå","Begge kjønn","Personer 16 år og over (prosent)","2021",0
"Borge (-1993)","Universitets- og høgskolenivå, kort","Begge kjønn","Personer 16 år og over","2021",0
"Borge (-1993)","Universitets- og høgskolenivå, kort","Begge kjønn","Personer 16 år og over (prosent)","2021",0
"Borge (-1993)","Universitets- og høgskolenivå, lang","Begge kjønn","Personer 16 år og over","2021",0
"Borge (-1993)","Universitets- og høgskolenivå, lang","Begge kjønn","Personer 16 år og over (prosent)","2021",0
"Varteig (-1991)","Utdanningsnivå i alt","Begge kjønn","Personer 16 år og over","2021",0
"Varteig (-1991)","Utdanningsnivå i alt","Begge kjønn","Personer 16 år og over (prosent)","2021",0
"Varteig (-1991)","Videregående skolenivå","Begge kjønn","Personer 16 år og over","2021",0
"Varteig (-1991)","Videregående skolenivå","Begge kjønn","Personer 16 år og over (prosent)","2021",0
"Varteig (-1991)","Universitets- og høgskolenivå, kort","Begge kjønn","Personer 16 år og over","2021",0
"Varteig (-1991)","Universitets- og høgskolenivå, kort","Begge kjønn","Personer 16 år og over (prosent)","2021",0
"Varteig (-1991)","Universitets- og høgskolenivå, lang","Begge kjønn","Personer 16 år og over","2021",0
"Varteig (-1991)","Universitets- og høgskolenivå, lang","Begge kjønn","Personer 16 år og over (prosent)","2021",0
"Skjeberg (-1991)","Utdanningsnivå i alt","Begge kjønn","Personer 16 år og over","2021",0
"Skjeberg (-1991)","Utdanningsnivå i alt","Begge kjønn","Personer 16 år og over (prosent)","2021",0
"Skjeberg (-1991)","Videregående skolenivå","Begge kjønn","Personer 16 år og over","2021",0
"Skjeberg (-1991)","Videregående skolenivå","Begge kjønn","Personer 16 år og over (prosent)","2021",0
"Skjeberg (-1991)","Universitets- og høgskolenivå, kort","Begge kjønn","Personer 16 år og over","2021",0
"Skjeberg (-1991)","Universitets- og høgskolenivå, kort","Begge kjønn","Personer 16 år og over (prosent)","2021",0
"Skjeberg (-1991)","Universitets- og høgskolenivå, lang","Begge kjønn","Personer 16 år og over","2021",0
"Skjeberg (-1991)","Universitets- og høgskolenivå, lang","Begge kjønn","Personer 16 år og over (prosent)","2021",0
"Berg  (-1966)","Utdanningsnivå i alt","Begge kjønn","Personer 16 år og over","2021",0
"Berg  (-1966)","Utdanningsnivå i alt","Begge kjønn","Personer 16 år og over (prosent)","2021",0
"Berg  (-1966)","Videregående skolenivå","Begge kjønn","Personer 16 år og over","2021",0
"Berg  (-1966)","Videregående skolenivå","Begge kjønn","Personer 16 år og over (prosent)","2021",0
"Berg  (-1966)","Universitets- og høgskolenivå, kort","Begge kjønn","Personer 16 år og over","2021",0
"Berg  (-1966)","Universitets- og høgskolenivå, kort","Begge kjønn","Personer 16 år og over (prosent)","2021",0
"Berg  (-1966)","Universitets- og høgskolenivå, lang","Begge kjønn","Personer 16 år og over","2021",0
"Berg  (-1966)","Universitets- og høgskolenivå, lang","Begge kjønn","Personer 16 år og over (prosent)","2021",0
"Idd (-1966)","Utdanningsnivå i alt","Begge kjønn","Personer 16 år og over","2021",0
"Idd (-1966)","Utdanningsnivå i alt","Begge kjønn","Personer 16 år og over (prosent)","2021",0
"Idd (-1966)","Videregående skolenivå","Begge kjønn","Personer 16 år og over","2021",0
"Idd (-1966)","Videregående skolenivå","Begge kjønn","Personer 16 år og over (prosent)","2021",0
"Idd (-1966)","Universitets- og høgskolenivå, kort","Begge kjønn","Personer 16 år og over","2021",0
"Idd (-1966)","Universitets- og høgskolenivå, kort","Begge kjønn","Personer 16 år og over (prosent)","2021",0
"Idd (-1966)","Universitets- og høgskolenivå, lang","Begge kjønn","Personer 16 år og over","2021",0
"Idd (-1966)","Universitets- og høgskolenivå, lang","Begge kjønn","Personer 16 år og over (prosent)","2021",0
"Aremark (-2019)","Utdanningsnivå i alt","Begge kjønn","Personer 16 år og over","2021",0
"Aremark (-2019)","Utdanningsnivå i alt","Begge kjønn","Personer 16 år og over (prosent)","2021",0
"Aremark (-2019)","Videregående skolenivå","Begge kjønn","Personer 16 år og over","2021",0
"Aremark (-2019)","Videregående skolenivå","Begge kjønn","Personer 16 år og over (prosent)","2021",0
"Aremark (-2019)","Universitets- og høgskolenivå, kort","Begge kjønn","Personer 16 år og over","2021",0
"Aremark (-2019)","Universitets- og høgskolenivå, kort","Begge kjønn","Personer 16 år og over (prosent)","2021",0
"Aremark (-2019)","Universitets- og høgskolenivå, lang","Begge kjønn","Personer 16 år og over","2021",0
"Aremark (-2019)","Universitets- og høgskolenivå, lang","Begge kjønn","Personer 16 år og over (prosent)","2021",0
"Marker (1964-2019)","Utdanningsnivå i alt","Begge kjønn","Personer 16 år og over","2021",0
"Marker (1964-2019)","Utdanningsnivå i alt","Begge kjønn","Personer 16 år og over (prosent)","2021",0
"Marker (1964-2019)","Videregående skolenivå","Begge kjønn","Personer 16 år og over","2021",0
"Marker (1964-2019)","Videregående skolenivå","Begge kjønn","Personer 16 år og over (prosent)","2021",0
"Marker (1964-2019)","Universitets- og høgskolenivå, kort","Begge kjønn","Personer 16 år og over","2021",0
"Marker (1964-2019)","Universitets- og høgskolenivå, kort","Begge kjønn","Personer 16 år og over (prosent)","2021",0
"Marker (1964-2019)","Universitets- og høgskolenivå, lang","Begge kjønn","Personer 16 år og over","2021",0
"Marker (1964-2019)","Universitets- og høgskolenivå, lang","Begge kjønn","Personer 16 år og over (prosent)","2021",0
"Rømskog (-2019)","Utdanningsnivå i alt","Begge kjønn","Personer 16 år og over","2021",0
"Rømskog (-2019)","Utdanningsnivå i alt","Begge kjønn","Personer 16 år og over (prosent)","2021",0
"Rømskog (-2019)","Videregående skolenivå","Begge kjønn","Personer 16 år og over","2021",0
"Rømskog (-2019)","Videregående skolenivå","Begge kjønn","Personer 16 år og over (prosent)","2021",0
"Rømskog (-2019)","Universitets- og høgskolenivå, kort","Begge kjønn","Personer 16 år og over","2021",0
"Rømskog (-2019)","Universitets- og høgskolenivå, kort","Begge kjønn","Personer 16 år og over (prosent)","2021",0
"Rømskog (-2019)","Universitets- og høgskolenivå, lang","Begge kjønn","Personer 16 år og over","2021",0
"Rømskog (-2019)","Universitets- og høgskolenivå, lang","Begge kjønn","Personer 16 år og over (prosent)","2021",0
"Trøgstad (-2019)","Utdanningsnivå i alt","Begge kjønn","Personer 16 år og over","2021",0
"Trøgstad (-2019)","Utdanningsnivå i alt","Begge kjønn","Personer 16 år og over (prosent)","2021",0
"Trøgstad (-2019)","Videregående skolenivå","Begge kjønn","Personer 16 år og over","2021",0
"Trøgstad (-2019)","Videregående skolenivå","Begge kjønn","Personer 16 år og over (prosent)","2021",0
"Trøgstad (-2019)","Universitets- og høgskolenivå, kort","Begge kjønn","Personer 16 år og over","2021",0
"Trøgstad (-2019)","Universitets- og høgskolenivå, kort","Begge kjønn","Personer 16 år og over (prosent)","2021",0
"Trøgstad (-2019)","Universitets- og høgskolenivå, lang","Begge kjønn","Personer 16 år og over","2021",0
"Trøgstad (-2019)","Universitets- og høgskolenivå, lang","Begge kjønn","Personer 16 år og over (prosent)","2021",0
"Spydeberg (-2019)","Utdanningsnivå i alt","Begge kjønn","Personer 16 år og over","2021",0
"Spydeberg (-2019)","Utdanningsnivå i alt","Begge kjønn","Personer 16 år og over (prosent)","2021",0
"Spydeberg (-2019)","Videregående skolenivå","Begge kjønn","Personer 16 år og over","2021",0
"Spydeberg (-2019)","Videregående skolenivå","Begge kjønn","Personer 16 år og over (prosent)","2021",0
"Spydeberg (-2019)","Universitets- og høgskolenivå, kort","Begge kjønn","Personer 16 år og over","2021",0
"Spydeberg (-2019)","Universitets- og høgskolenivå, kort","Begge kjønn","Personer 16 år og over (prosent)","2021",0
"Spydeberg (-2019)","Universitets- og høgskolenivå, lang","Begge kjønn","Personer 16 år og over","2021",0
"Spydeberg (-2019)","Universitets- og høgskolenivå, lang","Begge kjønn","Personer 16 år og over (prosent)","2021",0
"Askim (-2019)","Utdanningsnivå i alt","Begge kjønn","Personer 16 år og over","2021",0
"Askim (-2019)","Utdanningsnivå i alt","Begge kjønn","Personer 16 år og over (prosent)","2021",0
"Askim (-2019)","Videregående skolenivå","Begge kjønn","Personer 16 år og over","2021",0
"Askim (-2019)","Videregående skolenivå","Begge kjønn","Personer 16 år og over (prosent)","2021",0
"Askim (-2019)","Universitets- og høgskolenivå, kort","Begge kjønn","Personer 16 år og over","2021",0
"Askim (-2019)","Universitets- og høgskolenivå, kort","Begge kjønn","Personer 16 år og over (prosent)","2021",0
"Askim (-2019)","Universitets- og høgskolenivå, lang","Begge kjønn","Personer 16 år og over","2021",0
"Askim (-2019)","Universitets- og høgskolenivå, lang","Begge kjønn","Personer 16 år og over (prosent)","2021",0
"Eidsberg (-2019)","Utdanningsnivå i alt","Begge kjønn","Personer 16 år og over","2021",0
"Eidsberg (-2019)","Utdanningsnivå i alt","Begge kjønn","Personer 16 år og over (prosent)","2021",0
"Eidsberg (-2019)","Videregående skolenivå","Begge kjønn","Personer 16 år og over","2021",0
"Eidsberg (-2019)","Videregående skolenivå","Begge kjønn","Personer 16 år og over (prosent)","2021",0
"Eidsberg (-2019)","Universitets- og høgskolenivå, kort","Begge kjønn","Personer 16 år og over","2021",0
"Eidsberg (-2019)","Universitets- og høgskolenivå, kort","Begge kjønn","Personer 16 år og over (prosent)","2021",0
"Eidsberg (-2019)","Universitets- og høgskolenivå, lang","Begge kjønn","Personer 16 år og over","2021",0
"Eidsberg (-2019)","Universitets- og høgskolenivå, lang","Begge kjønn","Personer 16 år og over (prosent)","2021",0
"Skiptvet (-2019)","Utdanningsnivå i alt","Begge kjønn","Personer 16 år og over","2021",0
"Skiptvet (-2019)","Utdanningsnivå i alt","Begge kjønn","Personer 16 år og over (prosent)","2021",0
"Skiptvet (-2019)","Videregående skolenivå","Begge kjønn","Personer 16 år og over","2021",0
"Skiptvet (-2019)","Videregående skolenivå","Begge kjønn","Personer 16 år og over (prosent)","2021",0
"Skiptvet (-2019)","Universitets- og høgskolenivå, kort","Begge kjønn","Personer 16 år og over","2021",0
"Skiptvet (-2019)","Universitets- og høgskolenivå, kort","Begge kjønn","Personer 16 år og over (prosent)","2021",0
"Skiptvet (-2019)","Universitets- og høgskolenivå, lang","Begge kjønn","Personer 16 år og over","2021",0
"Skiptvet (-2019)","Universitets- og høgskolenivå, lang","Begge kjønn","Personer 16 år og over (prosent)","2021",0
"Rakkestad (-2019)","Utdanningsnivå i alt","Begge kjønn","Personer 16 år og over","2021",0
"Rakkestad (-2019)","Utdanningsnivå i alt","Begge kjønn","Personer 16 år og over (prosent)","2021",0
"Rakkestad (-2019)","Videregående skolenivå","Begge kjønn","Personer 16 år og over","2021",0
"Rakkestad (-2019)","Videregående skolenivå","Begge kjønn","Personer 16 år og over (prosent)","2021",0
"Rakkestad (-2019)","Universitets- og høgskolenivå, kort","Begge kjønn","Personer 16 år og over","2021",0
"Rakkestad (-2019)","Universitets- og høgskolenivå, kort","Begge kjønn","Personer 16 år og over (prosent)","2021",0
"Rakkestad (-2019)","Universitets- og høgskolenivå, lang","Begge kjønn","Personer 16 år og over","2021",0
"Rakkestad (-2019)","Universitets- og høgskolenivå, lang","Begge kjønn","Personer 16 år og over (prosent)","2021",0
"Tune (-1991)","Utdanningsnivå i alt","Begge kjønn","Personer 16 år og over","2021",0
"Tune (-1991)","Utdanningsnivå i alt","Begge kjønn","Personer 16 år og over (prosent)","2021",0
"Tune (-1991)","Videregående skolenivå","Begge kjønn","Personer 16 år og over","2021",0
"Tune (-1991)","Videregående skolenivå","Begge kjønn","Personer 16 år og over (prosent)","2021",0
"Tune (-1991)","Universitets- og høgskolenivå, kort","Begge kjønn","Personer 16 år og over","2021",0
"Tune (-1991)","Universitets- og høgskolenivå, kort","Begge kjønn","Personer 16 år og over (prosent)","2021",0
"Tune (-1991)","Universitets- og høgskolenivå, lang","Begge kjønn","Personer 16 år og over","2021",0
"Tune (-1991)","Universitets- og høgskolenivå, lang","Begge kjønn","Personer 16 år og over (prosent)","2021",0
"Rolvsøy (1911-1993)","Utdanningsnivå i alt","Begge kjønn","Personer 16 år og over","2021",0
"Rolvsøy (1911-1993)","Utdanningsnivå i alt","Begge kjønn","Personer 16 år og over (prosent)","2021",0
"Rolvsøy (1911-1993)","Videregående skolenivå","Begge kjønn","Personer 16 år og over","2021",0
"Rolvsøy (1911-1993)","Videregående skolenivå","Begge kjønn","Personer 16 år og over (prosent)","2021",0
"Rolvsøy (1911-1993)","Universitets- og høgskolenivå, kort","Begge kjønn","Personer 16 år og over","2021",0
"Rolvsøy (1911-1993)","Universitets- og høgskolenivå, kort","Begge kjønn","Personer 16 år og over (prosent)","2021",0
"Rolvsøy (1911-1993)","Universitets- og høgskolenivå, lang","Begge kjønn","Personer 16 år og over","2021",0
"Rolvsøy (1911-1993)","Universitets- og høgskolenivå, lang","Begge kjønn","Personer 16 år og over (prosent)","2021",0
"Kråkerøy (1908-1993)","Utdanningsnivå i alt","Begge kjønn","Personer 16 år og over","2021",0
"Kråkerøy (1908-1993)","Utdanningsnivå i alt","Begge kjønn","Personer 16 år og over (prosent)","2021",0
"Kråkerøy (1908-1993)","Videregående skolenivå","Begge kjønn","Personer 16 år og over","2021",0
"Kråkerøy (1908-1993)","Videregående skolenivå","Begge kjønn","Personer 16 år og over (prosent)","2021",0
"Kråkerøy (1908-1993)","Universitets- og høgskolenivå, kort","Begge kjønn","Personer 16 år og over","2021",0
"Kråkerøy (1908-1993)","Universitets- og høgskolenivå, kort","Begge kjønn","Personer 16 år og over (prosent)","2021",0
"Kråkerøy (1908-1993)","Universitets- og høgskolenivå, lang","Begge kjønn","Personer 16 år og over","2021",0
"Kråkerøy (1908-1993)","Universitets- og høgskolenivå, lang","Begge kjønn","Personer 16 år og over (prosent)","2021",0
"Onsøy (-1993)","Utdanningsnivå i alt","Begge kjønn","Personer 16 år og over","2021",0
"Onsøy (-1993)","Utdanningsnivå i alt","Begge kjønn","Personer 16 år og over (prosent)","2021",0
"Onsøy (-1993)","Videregående skolenivå","Begge kjønn","Personer 16 år og over","2021",0
"Onsøy (-1993)","Videregående skolenivå","Begge kjønn","Personer 16 år og over (prosent)","2021",0
"Onsøy (-1993)","Universitets- og høgskolenivå, kort","Begge kjønn","Personer 16 år og over","2021",0
"Onsøy (-1993)","Universitets- og høgskolenivå, kort","Begge kjønn","Personer 16 år og over (prosent)","2021",0
"Onsøy (-1993)","Universitets- og høgskolenivå, lang","Begge kjønn","Personer 16 år og over","2021",0
"Onsøy (-1993)","Universitets- og høgskolenivå, lang","Begge kjønn","Personer 16 år og over (prosent)","2021",0
"Råde (-2019)","Utdanningsnivå i alt","Begge kjønn","Personer 16 år og over","2021",0
"Råde (-2019)","Utdanningsnivå i alt","Begge kjønn","Personer 16 år og over (prosent)","2021",0
"Råde (-2019)","Videregående skolenivå","Begge kjønn","Personer 16 år og over","2021",0
"Råde (-2019)","Videregående skolenivå","Begge kjønn","Personer 16 år og over (prosent)","2021",0
"Råde (-2019)","Universitets- og høgskolenivå, kort","Begge kjønn","Personer 16 år og over","2021",0
"Råde (-2019)","Universitets- og høgskolenivå, kort","Begge kjønn","Personer 16 år og over (prosent)","2021",0
"Råde (-2019)","Universitets- og høgskolenivå, lang","Begge kjønn","Personer 16 år og over","2021",0
"Råde (-2019)","Universitets- og høgskolenivå, lang","Begge kjønn","Personer 16 år og over (prosent)","2021",0
"Rygge (-2019)","Utdanningsnivå i alt","Begge kjønn","Personer 16 år og over","2021",0
"Rygge (-2019)","Utdanningsnivå i alt","Begge kjønn","Personer 16 år og over (prosent)","2021",0
"Rygge (-2019)","Videregående skolenivå","Begge kjønn","Personer 16 år og over","2021",0
"Rygge (-2019)","Videregående skolenivå","Begge kjønn","Personer 16 år og over (prosent)","2021",0
"Rygge (-2019)","Universitets- og høgskolenivå, kort","Begge kjønn","Personer 16 år og over","2021",0
"Rygge (-2019)","Universitets- og høgskolenivå, kort","Begge kjønn","Personer 16 år og over (prosent)","2021",0
"Rygge (-2019)","Universitets- og høgskolenivå, lang","Begge kjønn","Personer 16 år og over","2021",0
"Rygge (-2019)","Universitets- og høgskolenivå, lang","Begge kjønn","Personer 16 år og over (prosent)","2021",0
"Våler (Østfold) (-2019)","Utdanningsnivå i alt","Begge kjønn","Personer 16 år og over","2021",0
"Våler (Østfold) (-2019)","Utdanningsnivå i alt","Begge kjønn","Personer 16 år og over (prosent)","2021",0
"Våler (Østfold) (-2019)","Videregående skolenivå","Begge kjønn","Personer 16 år og over","2021",0
"Våler (Østfold) (-2019)","Videregående skolenivå","Begge kjønn","Personer 16 år og over (prosent)","2021",0
"Våler (Østfold) (-2019)","Universitets- og høgskolenivå, kort","Begge kjønn","Personer 16 år og over","2021",0
"Våler (Østfold) (-2019)","Universitets- og høgskolenivå, kort","Begge kjønn","Personer 16 år og over (prosent)","2021",0
"Våler (Østfold) (-2019)","Universitets- og høgskolenivå, lang","Begge kjønn","Personer 16 år og over","2021",0
"Våler (Østfold) (-2019)","Universitets- og høgskolenivå, lang","Begge kjønn","Personer 16 år og over (prosent)","2021",0
"Hobøl (-2019)","Utdanningsnivå i alt","Begge kjønn","Personer 16 år og over","2021",0
"Hobøl (-2019)","Utdanningsnivå i alt","Begge kjønn","Personer 16 år og over (prosent)","2021",0
"Hobøl (-2019)","Videregående skolenivå","Begge kjønn","Personer 16 år og over","2021",0
"Hobøl (-2019)","Videregående skolenivå","Begge kjønn","Personer 16 år og over (prosent)","2021",0
"Hobøl (-2019)","Universitets- og høgskolenivå, kort","Begge kjønn","Personer 16 år og over","2021",0
"Hobøl (-2019)","Universitets- og høgskolenivå, kort","Begge kjønn","Personer 16 år og over (prosent)","2021",0
"Hobøl (-2019)","Universitets- og høgskolenivå, lang","Begge kjønn","Personer 16 år og over","2021",0
"Hobøl (-2019)","Universitets- og høgskolenivå, lang","Begge kjønn","Personer 16 år og over (prosent)","2021",0
"Uoppgitt kommune Østfold","Utdanningsnivå i alt","Begge kjønn","Personer 16 år og over","2021",0
"Uoppgitt kommune Østfold","Utdanningsnivå i alt","Begge kjønn","Personer 16 år og over (prosent)","2021",0
"Uoppgitt kommune Østfold","Videregående skolenivå","Begge kjønn","Personer 16 år og over","2021",0
"Uoppgitt kommune Østfold","Videregående skolenivå","Begge kjønn","Personer 16 år og over (prosent)","2021",0
"Uoppgitt kommune Østfold","Universitets- og høgskolenivå, kort","Begge kjønn","Personer 16 år og over","2021",0
"Uoppgitt kommune Østfold","Universitets- og høgskolenivå, kort","Begge kjønn","Personer 16 år og over (prosent)","2021",0
"Uoppgitt kommune Østfold","Universitets- og høgskolenivå, lang","Begge kjønn","Personer 16 år og over","2021",0
"Uoppgitt kommune Østfold","Universitets- og høgskolenivå, lang","Begge kjønn","Personer 16 år og over (prosent)","2021",0
"Akershus (-2019)","Utdanningsnivå i alt","Begge kjønn","Personer 16 år og over","2021",0
"Akershus (-2019)","Utdanningsnivå i alt","Begge kjønn","Personer 16 år og over (prosent)","2021",0
"Akershus (-2019)","Videregående skolenivå","Begge kjønn","Personer 16 år og over","2021",0
"Akershus (-2019)","Videregående skolenivå","Begge kjønn","Personer 16 år og over (prosent)","2021",0
"Akershus (-2019)","Universitets- og høgskolenivå, kort","Begge kjønn","Personer 16 år og over","2021",0
"Akershus (-2019)","Universitets- og høgskolenivå, kort","Begge kjønn","Personer 16 år og over (prosent)","2021",0
"Akershus (-2019)","Universitets- og høgskolenivå, lang","Begge kjønn","Personer 16 år og over","2021",0
"Akershus (-2019)","Universitets- og høgskolenivå, lang","Begge kjønn","Personer 16 år og over (prosent)","2021",0
"Vestby (-2019)","Utdanningsnivå i alt","Begge kjønn","Personer 16 år og over","2021",0
"Vestby (-2019)","Utdanningsnivå i alt","Begge kjønn","Personer 16 år og over (prosent)","2021",0
"Vestby (-2019)","Videregående skolenivå","Begge kjønn","Personer 16 år og over","2021",0
"Vestby (-2019)","Videregående skolenivå","Begge kjønn","Personer 16 år og over (prosent)","2021",0
"Vestby (-2019)","Universitets- og høgskolenivå, kort","Begge kjønn","Personer 16 år og over","2021",0
"Vestby (-2019)","Universitets- og høgskolenivå, kort","Begge kjønn","Personer 16 år og over (prosent)","2021",0
"Vestby (-2019)","Universitets- og høgskolenivå, lang","Begge kjønn","Personer 16 år og over","2021",0
"Vestby (-2019)","Universitets- og høgskolenivå, lang","Begge kjønn","Personer 16 år og over (prosent)","2021",0
"Ski (1931-2019)","Utdanningsnivå i alt","Begge kjønn","Personer 16 år og over","2021",0
"Ski (1931-2019)","Utdanningsnivå i alt","Begge kjønn","Personer 16 år og over (prosent)","2021",0
"Ski (1931-2019)","Videregående skolenivå","Begge kjønn","Personer 16 år og over","2021",0
"Ski (1931-2019)","Videregående skolenivå","Begge kjønn","Personer 16 år og over (prosent)","2021",0
"Ski (1931-2019)","Universitets- og høgskolenivå, kort","Begge kjønn","Personer 16 år og over","2021",0
"Ski (1931-2019)","Universitets- og høgskolenivå, kort","Begge kjønn","Personer 16 år og over (prosent)","2021",0
"Ski (1931-2019)","Universitets- og høgskolenivå, lang","Begge kjønn","Personer 16 år og over","2021",0
"Ski (1931-2019)","Universitets- og høgskolenivå, lang","Begge kjønn","Personer 16 år og over (prosent)","2021",0
"Ås (-2019)","Utdanningsnivå i alt","Begge kjønn","Personer 16 år og over","2021",0
"Ås (-2019)","Utdanningsnivå i alt","Begge kjønn","Personer 16 år og over (prosent)","2021",0
"Ås (-2019)","Videregående skolenivå","Begge kjønn","Personer 16 år og over","2021",0
"Ås (-2019)","Videregående skolenivå","Begge kjønn","Personer 16 år og over (prosent)","2021",0
"Ås (-2019)","Universitets- og høgskolenivå, kort","Begge kjønn","Personer 16 år og over","2021",0
"Ås (-2019)","Universitets- og høgskolenivå, kort","Begge kjønn","Personer 16 år og over (prosent)","2021",0
"Ås (-2019)","Universitets- og høgskolenivå, lang","Begge kjønn","Personer 16 år og over","2021",0
"Ås (-2019)","Universitets- og høgskolenivå, lang","Begge kjønn","Personer 16 år og over (prosent)","2021",0
"Frogn (-2019)","Utdanningsnivå i alt","Begge kjønn","Personer 16 år og over","2021",0
"Frogn (-2019)","Utdanningsnivå i alt","Begge kjønn","Personer 16 år og over (prosent)","2021",0
"Frogn (-2019)","Videregående skolenivå","Begge kjønn","Personer 16 år og over","2021",0
"Frogn (-2019)","Videregående skolenivå","Begge kjønn","Personer 16 år og over (prosent)","2021",0
"Frogn (-2019)","Universitets- og høgskolenivå, kort","Begge kjønn","Personer 16 år og over","2021",0
"Frogn (-2019)","Universitets- og høgskolenivå, kort","Begge kjønn","Personer 16 år og over (prosent)","2021",0
"Frogn (-2019)","Universitets- og høgskolenivå, lang","Begge kjønn","Personer 16 år og over","2021",0
"Frogn (-2019)","Universitets- og høgskolenivå, lang","Begge kjønn","Personer 16 år og over (prosent)","2021",0
"Nesodden (-2019)","Utdanningsnivå i alt","Begge kjønn","Personer 16 år og over","2021",0
"Nesodden (-2019)","Utdanningsnivå i alt","Begge kjønn","Personer 16 år og over (prosent)","2021",0
"Nesodden (-2019)","Videregående skolenivå","Begge kjønn","Personer 16 år og over","2021",0
"Nesodden (-2019)","Videregående skolenivå","Begge kjønn","Personer 16 år og over (prosent)","2021",0
"Nesodden (-2019)","Universitets- og høgskolenivå, kort","Begge kjønn","Personer 16 år og over","2021",0
"Nesodden (-2019)","Universitets- og høgskolenivå, kort","Begge kjønn","Personer 16 år og over (prosent)","2021",0
"Nesodden (-2019)","Universitets- og høgskolenivå, lang","Begge kjønn","Personer 16 år og over","2021",0
"Nesodden (-2019)","Universitets- og høgskolenivå, lang","Begge kjønn","Personer 16 år og over (prosent)","2021",0
"Oppegård (1915-2019)","Utdanningsnivå i alt","Begge kjønn","Personer 16 år og over","2021",0
"Oppegård (1915-2019)","Utdanningsnivå i alt","Begge kjønn","Personer 16 år og over (prosent)","2021",0
"Oppegård (1915-2019)","Videregående skolenivå","Begge kjønn","Personer 16 år og over","2021",0
"Oppegård (1915-2019)","Videregående skolenivå","Begge kjønn","Personer 16 år og over (prosent)","2021",0
"Oppegård (1915-2019)","Universitets- og høgskolenivå, kort","Begge kjønn","Personer 16 år og over","2021",0
"Oppegård (1915-2019)","Universitets- og høgskolenivå, kort","Begge kjønn","Personer 16 år og over (prosent)","2021",0
"Oppegård (1915-2019)","Universitets- og høgskolenivå, lang","Begge kjønn","Personer 16 år og over","2021",0
"Oppegård (1915-2019)","Universitets- og høgskolenivå, lang","Begge kjønn","Personer 16 år og over (prosent)","2021",0
"Bærum (-2019)","Utdanningsnivå i alt","Begge kjønn","Personer 16 år og over","2021",0
"Bærum (-2019)","Utdanningsnivå i alt","Begge kjønn","Personer 16 år og over (prosent)","2021",0
"Bærum (-2019)","Videregående skolenivå","Begge kjønn","Personer 16 år og over","2021",0
"Bærum (-2019)","Videregående skolenivå","Begge kjønn","Personer 16 år og over (prosent)","2021",0
"Bærum (-2019)","Universitets- og høgskolenivå, kort","Begge kjønn","Personer 16 år og over","2021",0
"Bærum (-2019)","Universitets- og høgskolenivå, kort","Begge kjønn","Personer 16 år og over (prosent)","2021",0
"Bærum (-2019)","Universitets- og høgskolenivå, lang","Begge kjønn","Personer 16 år og over","2021",0
"Bærum (-2019)","Universitets- og høgskolenivå, lang","Begge kjønn","Personer 16 år og over (prosent)","2021",0
"Asker (-2019)","Utdanningsnivå i alt","Begge kjønn","Personer 16 år og over","2021",0
"Asker (-2019)","Utdanningsnivå i alt","Begge kjønn","Personer 16 år og over (prosent)","2021",0
"Asker (-2019)","Videregående skolenivå","Begge kjønn","Personer 16 år og over","2021",0
"Asker (-2019)","Videregående skolenivå","Begge kjønn","Personer 16 år og over (prosent)","2021",0
"Asker (-2019)","Universitets- og høgskolenivå, kort","Begge kjønn","Personer 16 år og over","2021",0
"Asker (-2019)","Universitets- og høgskolenivå, kort","Begge kjønn","Personer 16 år og over (prosent)","2021",0
"Asker (-2019)","Universitets- og høgskolenivå, lang","Begge kjønn","Personer 16 år og over","2021",0
"Asker (-2019)","Universitets- og høgskolenivå, lang","Begge kjønn","Personer 16 år og over (prosent)","2021",0
"Aurskog-Høland (1966-2019)","Utdanningsnivå i alt","Begge kjønn","Personer 16 år og over","2021",0
"Aurskog-Høland (1966-2019)","Utdanningsnivå i alt","Begge kjønn","Personer 16 år og over (prosent)","2021",0
"Aurskog-Høland (1966-2019)","Videregående skolenivå","Begge kjønn","Personer 16 år og over","2021",0
"Aurskog-Høland (1966-2019)","Videregående skolenivå","Begge kjønn","Personer 16 år og over (prosent)","2021",0
"Aurskog-Høland (1966-2019)","Universitets- og høgskolenivå, kort","Begge kjønn","Personer 16 år og over","2021",0
"Aurskog-Høland (1966-2019)","Universitets- og høgskolenivå, kort","Begge kjønn","Personer 16 år og over (prosent)","2021",0
"Aurskog-Høland (1966-2019)","Universitets- og høgskolenivå, lang","Begge kjønn","Personer 16 år og over","2021",0
"Aurskog-Høland (1966-2019)","Universitets- og høgskolenivå, lang","Begge kjønn","Personer 16 år og over (prosent)","2021",0
"Sørum (-2019)","Utdanningsnivå i alt","Begge kjønn","Personer 16 år og over","2021",0
"Sørum (-2019)","Utdanningsnivå i alt","Begge kjønn","Personer 16 år og over (prosent)","2021",0
"Sørum (-2019)","Videregående skolenivå","Begge kjønn","Personer 16 år og over","2021",0
"Sørum (-2019)","Videregående skolenivå","Begge kjønn","Personer 16 år og over (prosent)","2021",0
"Sørum (-2019)","Universitets- og høgskolenivå, kort","Begge kjønn","Personer 16 år og over","2021",0
"Sørum (-2019)","Universitets- og høgskolenivå, kort","Begge kjønn","Personer 16 år og over (prosent)","2021",0
"Sørum (-2019)","Universitets- og høgskolenivå, lang","Begge kjønn","Personer 16 år og over","2021",0
"Sørum (-2019)","Universitets- og høgskolenivå, lang","Begge kjønn","Personer 16 år og over (prosent)","2021",0
"Fet (-2019)","Utdanningsnivå i alt","Begge kjønn","Personer 16 år og over","2021",0
"Fet (-2019)","Utdanningsnivå i alt","Begge kjønn","Personer 16 år og over (prosent)","2021",0
"Fet (-2019)","Videregående skolenivå","Begge kjønn","Personer 16 år og over","2021",0
"Fet (-2019)","Videregående skolenivå","Begge kjønn","Personer 16 år og over (prosent)","2021",0
"Fet (-2019)","Universitets- og høgskolenivå, kort","Begge kjønn","Personer 16 år og over","2021",0
"Fet (-2019)","Universitets- og høgskolenivå, kort","Begge kjønn","Personer 16 år og over (prosent)","2021",0
"Fet (-2019)","Universitets- og høgskolenivå, lang","Begge kjønn","Personer 16 år og over","2021",0
"Fet (-2019)","Universitets- og høgskolenivå, lang","Begge kjønn","Personer 16 år og over (prosent)","2021",0
"Rælingen (1929-2019)","Utdanningsnivå i alt","Begge kjønn","Personer 16 år og over","2021",0
"Rælingen (1929-2019)","Utdanningsnivå i alt","Begge kjønn","Personer 16 år og over (prosent)","2021",0
"Rælingen (1929-2019)","Videregående skolenivå","Begge kjønn","Personer 16 år og over","2021",0
"Rælingen (1929-2019)","Videregående skolenivå","Begge kjønn","Personer 16 år og over (prosent)","2021",0
"Rælingen (1929-2019)","Universitets- og høgskolenivå, kort","Begge kjønn","Personer 16 år og over","2021",0
"Rælingen (1929-2019)","Universitets- og høgskolenivå, kort","Begge kjønn","Personer 16 år og over (prosent)","2021",0
"Rælingen (1929-2019)","Universitets- og høgskolenivå, lang","Begge kjønn","Personer 16 år og over","2021",0
"Rælingen (1929-2019)","Universitets- og høgskolenivå, lang","Begge kjønn","Personer 16 år og over (prosent)","2021",0
"Enebakk (-2019)","Utdanningsnivå i alt","Begge kjønn","Personer 16 år og over","2021",0
"Enebakk (-2019)","Utdanningsnivå i alt","Begge kjønn","Personer 16 år og over (prosent)","2021",0
"Enebakk (-2019)","Videregående skolenivå","Begge kjønn","Personer 16 år og over","2021",0
"Enebakk (-2019)","Videregående skolenivå","Begge kjønn","Personer 16 år og over (prosent)","2021",0
"Enebakk (-2019)","Universitets- og høgskolenivå, kort","Begge kjønn","Personer 16 år og over","2021",0
"Enebakk (-2019)","Universitets- og høgskolenivå, kort","Begge kjønn","Personer 16 år og over (prosent)","2021",0
"Enebakk (-2019)","Universitets- og høgskolenivå, lang","Begge kjønn","Personer 16 år og over","2021",0
"Enebakk (-2019)","Universitets- og høgskolenivå, lang","Begge kjønn","Personer 16 år og over (prosent)","2021",0
"Lørenskog (1908-2019)","Utdanningsnivå i alt","Begge kjønn","Personer 16 år og over","2021",0
"Lørenskog (1908-2019)","Utdanningsnivå i alt","Begge kjønn","Personer 16 år og over (prosent)","2021",0
"Lørenskog (1908-2019)","Videregående skolenivå","Begge kjønn","Personer 16 år og over","2021",0
"Lørenskog (1908-2019)","Videregående skolenivå","Begge kjønn","Personer 16 år og over (prosent)","2021",0
"Lørenskog (1908-2019)","Universitets- og høgskolenivå, kort","Begge kjønn","Personer 16 år og over","2021",0
"Lørenskog (1908-2019)","Universitets- og høgskolenivå, kort","Begge kjønn","Personer 16 år og over (prosent)","2021",0
"Lørenskog (1908-2019)","Universitets- og høgskolenivå, lang","Begge kjønn","Personer 16 år og over","2021",0
"Lørenskog (1908-2019)","Universitets- og høgskolenivå, lang","Begge kjønn","Personer 16 år og over (prosent)","2021",0
"Skedsmo (-2019)","Utdanningsnivå i alt","Begge kjønn","Personer 16 år og over","2021",0
"Skedsmo (-2019)","Utdanningsnivå i alt","Begge kjønn","Personer 16 år og over (prosent)","2021",0
"Skedsmo (-2019)","Videregående skolenivå","Begge kjønn","Personer 16 år og over","2021",0
"Skedsmo (-2019)","Videregående skolenivå","Begge kjønn","Personer 16 år og over (prosent)","2021",0
"Skedsmo (-2019)","Universitets- og høgskolenivå, kort","Begge kjønn","Personer 16 år og over","2021",0
"Skedsmo (-2019)","Universitets- og høgskolenivå, kort","Begge kjønn","Personer 16 år og over (prosent)","2021",0
"Skedsmo (-2019)","Universitets- og høgskolenivå, lang","Begge kjønn","Personer 16 år og over","2021",0
"Skedsmo (-2019)","Universitets- og høgskolenivå, lang","Begge kjønn","Personer 16 år og over (prosent)","2021",0
"Nittedal (-2019)","Utdanningsnivå i alt","Begge kjønn","Personer 16 år og over","2021",0
"Nittedal (-2019)","Utdanningsnivå i alt","Begge kjønn","Personer 16 år og over (prosent)","2021",0
"Nittedal (-2019)","Videregående skolenivå","Begge kjønn","Personer 16 år og over","2021",0
"Nittedal (-2019)","Videregående skolenivå","Begge kjønn","Personer 16 år og over (prosent)","2021",0
"Nittedal (-2019)","Universitets- og høgskolenivå, kort","Begge kjønn","Personer 16 år og over","2021",0
"Nittedal (-2019)","Universitets- og høgskolenivå, kort","Begge kjønn","Personer 16 år og over (prosent)","2021",0
"Nittedal (-2019)","Universitets- og høgskolenivå, lang","Begge kjønn","Personer 16 år og over","2021",0
"Nittedal (-2019)","Universitets- og høgskolenivå, lang","Begge kjønn","Personer 16 år og over (prosent)","2021",0
"Gjerdrum (-2019)","Utdanningsnivå i alt","Begge kjønn","Personer 16 år og over","2021",0
"Gjerdrum (-2019)","Utdanningsnivå i alt","Begge kjønn","Personer 16 år og over (prosent)","2021",0
"Gjerdrum (-2019)","Videregående skolenivå","Begge kjønn","Personer 16 år og over","2021",0
"Gjerdrum (-2019)","Videregående skolenivå","Begge kjønn","Personer 16 år og over (prosent)","2021",0
"Gjerdrum (-2019)","Universitets- og høgskolenivå, kort","Begge kjønn","Personer 16 år og over","2021",0
"Gjerdrum (-2019)","Universitets- og høgskolenivå, kort","Begge kjønn","Personer 16 år og over (prosent)","2021",0
"Gjerdrum (-2019)","Universitets- og høgskolenivå, lang","Begge kjønn","Personer 16 år og over","2021",0
"Gjerdrum (-2019)","Universitets- og høgskolenivå, lang","Begge kjønn","Personer 16 år og over (prosent)","2021",0
"Ullensaker (-2019)","Utdanningsnivå i alt","Begge kjønn","Personer 16 år og over","2021",0
"Ullensaker (-2019)","Utdanningsnivå i alt","Begge kjønn","Personer 16 år og over (prosent)","2021",0
"Ullensaker (-2019)","Videregående skolenivå","Begge kjønn","Personer 16 år og over","2021",0
"Ullensaker (-2019)","Videregående skolenivå","Begge kjønn","Personer 16 år og over (prosent)","2021",0
"Ullensaker (-2019)","Universitets- og høgskolenivå, kort","Begge kjønn","Personer 16 år og over","2021",0
"Ullensaker (-2019)","Universitets- og høgskolenivå, kort","Begge kjønn","Personer 16 år og over (prosent)","2021",0
"Ullensaker (-2019)","Universitets- og høgskolenivå, lang","Begge kjønn","Personer 16 år og over","2021",0
"Ullensaker (-2019)","Universitets- og høgskolenivå, lang","Begge kjønn","Personer 16 år og over (prosent)","2021",0
"Nes (Akershus) (-2019)","Utdanningsnivå i alt","Begge kjønn","Personer 16 år og over","2021",0
"Nes (Akershus) (-2019)","Utdanningsnivå i alt","Begge kjønn","Personer 16 år og over (prosent)","2021",0
"Nes (Akershus) (-2019)","Videregående skolenivå","Begge kjønn","Personer 16 år og over","2021",0
"Nes (Akershus) (-2019)","Videregående skolenivå","Begge kjønn","Personer 16 år og over (prosent)","2021",0
"Nes (Akershus) (-2019)","Universitets- og høgskolenivå, kort","Begge kjønn","Personer 16 år og over","2021",0
"Nes (Akershus) (-2019)","Universitets- og høgskolenivå, kort","Begge kjønn","Personer 16 år og over (prosent)","2021",0
"Nes (Akershus) (-2019)","Universitets- og høgskolenivå, lang","Begge kjønn","Personer 16 år og over","2021",0
"Nes (Akershus) (-2019)","Universitets- og høgskolenivå, lang","Begge kjønn","Personer 16 år og over (prosent)","2021",0
"Eidsvoll (-2019)","Utdanningsnivå i alt","Begge kjønn","Personer 16 år og over","2021",0
"Eidsvoll (-2019)","Utdanningsnivå i alt","Begge kjønn","Personer 16 år og over (prosent)","2021",0
"Eidsvoll (-2019)","Videregående skolenivå","Begge kjønn","Personer 16 år og over","2021",0
"Eidsvoll (-2019)","Videregående skolenivå","Begge kjønn","Personer 16 år og over (prosent)","2021",0
"Eidsvoll (-2019)","Universitets- og høgskolenivå, kort","Begge kjønn","Personer 16 år og over","2021",0
"Eidsvoll (-2019)","Universitets- og høgskolenivå, kort","Begge kjønn","Personer 16 år og over (prosent)","2021",0
"Eidsvoll (-2019)","Universitets- og høgskolenivå, lang","Begge kjønn","Personer 16 år og over","2021",0
"Eidsvoll (-2019)","Universitets- og høgskolenivå, lang","Begge kjønn","Personer 16 år og over (prosent)","2021",0
"Nannestad (-2019)","Utdanningsnivå i alt","Begge kjønn","Personer 16 år og over","2021",0
"Nannestad (-2019)","Utdanningsnivå i alt","Begge kjønn","Personer 16 år og over (prosent)","2021",0
"Nannestad (-2019)","Videregående skolenivå","Begge kjønn","Personer 16 år og over","2021",0
"Nannestad (-2019)","Videregående skolenivå","Begge kjønn","Personer 16 år og over (prosent)","2021",0
"Nannestad (-2019)","Universitets- og høgskolenivå, kort","Begge kjønn","Personer 16 år og over","2021",0
"Nannestad (-2019)","Universitets- og høgskolenivå, kort","Begge kjønn","Personer 16 år og over (prosent)","2021",0
"Nannestad (-2019)","Universitets- og høgskolenivå, lang","Begge kjønn","Personer 16 år og over","2021",0
"Nannestad (-2019)","Universitets- og høgskolenivå, lang","Begge kjønn","Personer 16 år og over (prosent)","2021",0
"Hurdal (-2019)","Utdanningsnivå i alt","Begge kjønn","Personer 16 år og over","2021",0
"Hurdal (-2019)","Utdanningsnivå i alt","Begge kjønn","Personer 16 år og over (prosent)","2021",0
"Hurdal (-2019)","Videregående skolenivå","Begge kjønn","Personer 16 år og over","2021",0
"Hurdal (-2019)","Videregående skolenivå","Begge kjønn","Personer 16 år og over (prosent)","2021",0
"Hurdal (-2019)","Universitets- og høgskolenivå, kort","Begge kjønn","Personer 16 år og over","2021",0
"Hurdal (-2019)","Universitets- og høgskolenivå, kort","Begge kjønn","Personer 16 år og over (prosent)","2021",0
"Hurdal (-2019)","Universitets- og høgskolenivå, lang","Begge kjønn","Personer 16 år og over","2021",0
"Hurdal (-2019)","Universitets- og høgskolenivå, lang","Begge kjønn","Personer 16 år og over (prosent)","2021",0
"Uoppgitt kommune Akershus","Utdanningsnivå i alt","Begge kjønn","Personer 16 år og over","2021",0
"Uoppgitt kommune Akershus","Utdanningsnivå i alt","Begge kjønn","Personer 16 år og over (prosent)","2021",0
"Uoppgitt kommune Akershus","Videregående skolenivå","Begge kjønn","Personer 16 år og over","2021",0
"Uoppgitt kommune Akershus","Videregående skolenivå","Begge kjønn","Personer 16 år og over (prosent)","2021",0
"Uoppgitt kommune Akershus","Universitets- og høgskolenivå, kort","Begge kjønn","Personer 16 år og over","2021",0
"Uoppgitt kommune Akershus","Universitets- og høgskolenivå, kort","Begge kjønn","Personer 16 år og over (prosent)","2021",0
"Uoppgitt kommune Akershus","Universitets- og høgskolenivå, lang","Begge kjønn","Personer 16 år og over","2021",0
"Uoppgitt kommune Akershus","Universitets- og høgskolenivå, lang","Begge kjønn","Personer 16 år og over (prosent)","2021",0
"Oslo","Utdanningsnivå i alt","Begge kjønn","Personer 16 år og over","2021",581170
"Oslo","Utdanningsnivå i alt","Begge kjønn","Personer 16 år og over (prosent)","2021",100
"Oslo","Videregående skolenivå","Begge kjønn","Personer 16 år og over","2021",141831
"Oslo","Videregående skolenivå","Begge kjønn","Personer 16 år og over (prosent)","2021",24.6
"Oslo","Universitets- og høgskolenivå, kort","Begge kjønn","Personer 16 år og over","2021",180838
"Oslo","Universitets- og høgskolenivå, kort","Begge kjønn","Personer 16 år og over (prosent)","2021",31.4
"Oslo","Universitets- og høgskolenivå, lang","Begge kjønn","Personer 16 år og over","2021",130346
"Oslo","Universitets- og høgskolenivå, lang","Begge kjønn","Personer 16 år og over (prosent)","2021",22.6
"Oslo","Utdanningsnivå i alt","Begge kjønn","Personer 16 år og over","2021",581170
"Oslo","Utdanningsnivå i alt","Begge kjønn","Personer 16 år og over (prosent)","2021",100
"Oslo","Videregående skolenivå","Begge kjønn","Personer 16 år og over","2021",141831
"Oslo","Videregående skolenivå","Begge kjønn","Personer 16 år og over (prosent)","2021",24.6
"Oslo","Universitets- og høgskolenivå, kort","Begge kjønn","Personer 16 år og over","2021",180838
"Oslo","Universitets- og høgskolenivå, kort","Begge kjønn","Personer 16 år og over (prosent)","2021",31.4
"Oslo","Universitets- og høgskolenivå, lang","Begge kjønn","Personer 16 år og over","2021",130346
"Oslo","Universitets- og høgskolenivå, lang","Begge kjønn","Personer 16 år og over (prosent)","2021",22.6
"Buskerud","Utdanningsnivå i alt","Begge kjønn","Personer 16 år og over","2021",0
"Buskerud","Utdanningsnivå i alt","Begge kjønn","Personer 16 år og over (prosent)","2021",0
"Buskerud","Videregående skolenivå","Begge kjønn","Personer 16 år og over","2021",0
"Buskerud","Videregående skolenivå","Begge kjønn","Personer 16 år og over (prosent)","2021",0
"Buskerud","Universitets- og høgskolenivå, kort","Begge kjønn","Personer 16 år og over","2021",0
"Buskerud","Universitets- og høgskolenivå, kort","Begge kjønn","Personer 16 år og over (prosent)","2021",0
"Buskerud","Universitets- og høgskolenivå, lang","Begge kjønn","Personer 16 år og over","2021",0
"Buskerud","Universitets- og høgskolenivå, lang","Begge kjønn","Personer 16 år og over (prosent)","2021",0
"Uoppgitt komm. Oslo","Utdanningsnivå i alt","Begge kjønn","Personer 16 år og over","2021",0
"Uoppgitt komm. Oslo","Utdanningsnivå i alt","Begge kjønn","Personer 16 år og over (prosent)","2021",0
"Uoppgitt komm. Oslo","Videregående skolenivå","Begge kjønn","Personer 16 år og over","2021",0
"Uoppgitt komm. Oslo","Videregående skolenivå","Begge kjønn","Personer 16 år og over (prosent)","2021",0
"Uoppgitt komm. Oslo","Universitets- og høgskolenivå, kort","Begge kjønn","Personer 16 år og over","2021",0
"Uoppgitt komm. Oslo","Universitets- og høgskolenivå, kort","Begge kjønn","Personer 16 år og over (prosent)","2021",0
"Uoppgitt komm. Oslo","Universitets- og høgskolenivå, lang","Begge kjønn","Personer 16 år og over","2021",0
"Uoppgitt komm. Oslo","Universitets- og høgskolenivå, lang","Begge kjønn","Personer 16 år og over (prosent)","2021",0
"Drammen","Utdanningsnivå i alt","Begge kjønn","Personer 16 år og over","2021",0
"Drammen","Utdanningsnivå i alt","Begge kjønn","Personer 16 år og over (prosent)","2021",0
"Drammen","Videregående skolenivå","Begge kjønn","Personer 16 år og over","2021",0
"Drammen","Videregående skolenivå","Begge kjønn","Personer 16 år og over (prosent)","2021",0
"Drammen","Universitets- og høgskolenivå, kort","Begge kjønn","Personer 16 år og over","2021",0
"Drammen","Universitets- og høgskolenivå, kort","Begge kjønn","Personer 16 år og over (prosent)","2021",0
"Drammen","Universitets- og høgskolenivå, lang","Begge kjønn","Personer 16 år og over","2021",0
"Drammen","Universitets- og høgskolenivå, lang","Begge kjønn","Personer 16 år og over (prosent)","2021",0
"Kongsberg","Utdanningsnivå i alt","Begge kjønn","Personer 16 år og over","2021",0
"Kongsberg","Utdanningsnivå i alt","Begge kjønn","Personer 16 år og over (prosent)","2021",0
"Kongsberg","Videregående skolenivå","Begge kjønn","Personer 16 år og over","2021",0
"Kongsberg","Videregående skolenivå","Begge kjønn","Personer 16 år og over (prosent)","2021",0
"Kongsberg","Universitets- og høgskolenivå, kort","Begge kjønn","Personer 16 år og over","2021",0
"Kongsberg","Universitets- og høgskolenivå, kort","Begge kjønn","Personer 16 år og over (prosent)","2021",0
"Kongsberg","Universitets- og høgskolenivå, lang","Begge kjønn","Personer 16 år og over","2021",0
"Kongsberg","Universitets- og høgskolenivå, lang","Begge kjønn","Personer 16 år og over (prosent)","2021",0
"Ringerike","Utdanningsnivå i alt","Begge kjønn","Personer 16 år og over","2021",0
"Ringerike","Utdanningsnivå i alt","Begge kjønn","Personer 16 år og over (prosent)","2021",0
"Ringerike","Videregående skolenivå","Begge kjønn","Personer 16 år og over","2021",0
"Ringerike","Videregående skolenivå","Begge kjønn","Personer 16 år og over (prosent)","2021",0
"Ringerike","Universitets- og høgskolenivå, kort","Begge kjønn","Personer 16 år og over","2021",0
"Ringerike","Universitets- og høgskolenivå, kort","Begge kjønn","Personer 16 år og over (prosent)","2021",0
"Ringerike","Universitets- og høgskolenivå, lang","Begge kjønn","Personer 16 år og over","2021",0
"Ringerike","Universitets- og høgskolenivå, lang","Begge kjønn","Personer 16 år og over (prosent)","2021",0
"Hole","Utdanningsnivå i alt","Begge kjønn","Personer 16 år og over","2021",0
"Hole","Utdanningsnivå i alt","Begge kjønn","Personer 16 år og over (prosent)","2021",0
"Hole","Videregående skolenivå","Begge kjønn","Personer 16 år og over","2021",0
"Hole","Videregående skolenivå","Begge kjønn","Personer 16 år og over (prosent)","2021",0
"Hole","Universitets- og høgskolenivå, kort","Begge kjønn","Personer 16 år og over","2021",0
"Hole","Universitets- og høgskolenivå, kort","Begge kjønn","Personer 16 år og over (prosent)","2021",0
"Hole","Universitets- og høgskolenivå, lang","Begge kjønn","Personer 16 år og over","2021",0
"Hole","Universitets- og høgskolenivå, lang","Begge kjønn","Personer 16 år og over (prosent)","2021",0
"Lier","Utdanningsnivå i alt","Begge kjønn","Personer 16 år og over","2021",0
"Lier","Utdanningsnivå i alt","Begge kjønn","Personer 16 år og over (prosent)","2021",0
"Lier","Videregående skolenivå","Begge kjønn","Personer 16 år og over","2021",0
"Lier","Videregående skolenivå","Begge kjønn","Personer 16 år og over (prosent)","2021",0
"Lier","Universitets- og høgskolenivå, kort","Begge kjønn","Personer 16 år og over","2021",0
"Lier","Universitets- og høgskolenivå, kort","Begge kjønn","Personer 16 år og over (prosent)","2021",0
"Lier","Universitets- og høgskolenivå, lang","Begge kjønn","Personer 16 år og over","2021",0
"Lier","Universitets- og høgskolenivå, lang","Begge kjønn","Personer 16 år og over (prosent)","2021",0
"Øvre Eiker","Utdanningsnivå i alt","Begge kjønn","Personer 16 år og over","2021",0
"Øvre Eiker","Utdanningsnivå i alt","Begge kjønn","Personer 16 år og over (prosent)","2021",0
"Øvre Eiker","Videregående skolenivå","Begge kjønn","Personer 16 år og over","2021",0
"Øvre Eiker","Videregående skolenivå","Begge kjønn","Personer 16 år og over (prosent)","2021",0
"Øvre Eiker","Universitets- og høgskolenivå, kort","Begge kjønn","Personer 16 år og over","2021",0
"Øvre Eiker","Universitets- og høgskolenivå, kort","Begge kjønn","Personer 16 år og over (prosent)","2021",0
"Øvre Eiker","Universitets- og høgskolenivå, lang","Begge kjønn","Personer 16 år og over","2021",0
"Øvre Eiker","Universitets- og høgskolenivå, lang","Begge kjønn","Personer 16 år og over (prosent)","2021",0
"Modum","Utdanningsnivå i alt","Begge kjønn","Personer 16 år og over","2021",0
"Modum","Utdanningsnivå i alt","Begge kjønn","Personer 16 år og over (prosent)","2021",0
"Modum","Videregående skolenivå","Begge kjønn","Personer 16 år og over","2021",0
"Modum","Videregående skolenivå","Begge kjønn","Personer 16 år og over (prosent)","2021",0
"Modum","Universitets- og høgskolenivå, kort","Begge kjønn","Personer 16 år og over","2021",0
"Modum","Universitets- og høgskolenivå, kort","Begge kjønn","Personer 16 år og over (prosent)","2021",0
"Modum","Universitets- og høgskolenivå, lang","Begge kjønn","Personer 16 år og over","2021",0
"Modum","Universitets- og høgskolenivå, lang","Begge kjønn","Personer 16 år og over (prosent)","2021",0
"Krødsherad","Utdanningsnivå i alt","Begge kjønn","Personer 16 år og over","2021",0
"Krødsherad","Utdanningsnivå i alt","Begge kjønn","Personer 16 år og over (prosent)","2021",0
"Krødsherad","Videregående skolenivå","Begge kjønn","Personer 16 år og over","2021",0
"Krødsherad","Videregående skolenivå","Begge kjønn","Personer 16 år og over (prosent)","2021",0
"Krødsherad","Universitets- og høgskolenivå, kort","Begge kjønn","Personer 16 år og over","2021",0
"Krødsherad","Universitets- og høgskolenivå, kort","Begge kjønn","Personer 16 år og over (prosent)","2021",0
"Krødsherad","Universitets- og høgskolenivå, lang","Begge kjønn","Personer 16 år og over","2021",0
"Krødsherad","Universitets- og høgskolenivå, lang","Begge kjønn","Personer 16 år og over (prosent)","2021",0
"Flå","Utdanningsnivå i alt","Begge kjønn","Personer 16 år og over","2021",0
"Flå","Utdanningsnivå i alt","Begge kjønn","Personer 16 år og over (prosent)","2021",0
"Flå","Videregående skolenivå","Begge kjønn","Personer 16 år og over","2021",0
"Flå","Videregående skolenivå","Begge kjønn","Personer 16 år og over (prosent)","2021",0
"Flå","Universitets- og høgskolenivå, kort","Begge kjønn","Personer 16 år og over","2021",0
"Flå","Universitets- og høgskolenivå, kort","Begge kjønn","Personer 16 år og over (prosent)","2021",0
"Flå","Universitets- og høgskolenivå, lang","Begge kjønn","Personer 16 år og over","2021",0
"Flå","Universitets- og høgskolenivå, lang","Begge kjønn","Personer 16 år og over (prosent)","2021",0
"Nesbyen","Utdanningsnivå i alt","Begge kjønn","Personer 16 år og over","2021",0
"Nesbyen","Utdanningsnivå i alt","Begge kjønn","Personer 16 år og over (prosent)","2021",0
"Nesbyen","Videregående skolenivå","Begge kjønn","Personer 16 år og over","2021",0
"Nesbyen","Videregående skolenivå","Begge kjønn","Personer 16 år og over (prosent)","2021",0
"Nesbyen","Universitets- og høgskolenivå, kort","Begge kjønn","Personer 16 år og over","2021",0
"Nesbyen","Universitets- og høgskolenivå, kort","Begge kjønn","Personer 16 år og over (prosent)","2021",0
"Nesbyen","Universitets- og høgskolenivå, lang","Begge kjønn","Personer 16 år og over","2021",0
"Nesbyen","Universitets- og høgskolenivå, lang","Begge kjønn","Personer 16 år og over (prosent)","2021",0
"Gol","Utdanningsnivå i alt","Begge kjønn","Personer 16 år og over","2021",0
"Gol","Utdanningsnivå i alt","Begge kjønn","Personer 16 år og over (prosent)","2021",0
"Gol","Videregående skolenivå","Begge kjønn","Personer 16 år og over","2021",0
"Gol","Videregående skolenivå","Begge kjønn","Personer 16 år og over (prosent)","2021",0
"Gol","Universitets- og høgskolenivå, kort","Begge kjønn","Personer 16 år og over","2021",0
"Gol","Universitets- og høgskolenivå, kort","Begge kjønn","Personer 16 år og over (prosent)","2021",0
"Gol","Universitets- og høgskolenivå, lang","Begge kjønn","Personer 16 år og over","2021",0
"Gol","Universitets- og høgskolenivå, lang","Begge kjønn","Personer 16 år og over (prosent)","2021",0
"Hemsedal","Utdanningsnivå i alt","Begge kjønn","Personer 16 år og over","2021",0
"Hemsedal","Utdanningsnivå i alt","Begge kjønn","Personer 16 år og over (prosent)","2021",0
"Hemsedal","Videregående skolenivå","Begge kjønn","Personer 16 år og over","2021",0
"Hemsedal","Videregående skolenivå","Begge kjønn","Personer 16 år og over (prosent)","2021",0
"Hemsedal","Universitets- og høgskolenivå, kort","Begge kjønn","Personer 16 år og over","2021",0
"Hemsedal","Universitets- og høgskolenivå, kort","Begge kjønn","Personer 16 år og over (prosent)","2021",0
"Hemsedal","Universitets- og høgskolenivå, lang","Begge kjønn","Personer 16 år og over","2021",0
"Hemsedal","Universitets- og høgskolenivå, lang","Begge kjønn","Personer 16 år og over (prosent)","2021",0
"Ål","Utdanningsnivå i alt","Begge kjønn","Personer 16 år og over","2021",0
"Ål","Utdanningsnivå i alt","Begge kjønn","Personer 16 år og over (prosent)","2021",0
"Ål","Videregående skolenivå","Begge kjønn","Personer 16 år og over","2021",0
"Ål","Videregående skolenivå","Begge kjønn","Personer 16 år og over (prosent)","2021",0
"Ål","Universitets- og høgskolenivå, kort","Begge kjønn","Personer 16 år og over","2021",0
"Ål","Universitets- og høgskolenivå, kort","Begge kjønn","Personer 16 år og over (prosent)","2021",0
"Ål","Universitets- og høgskolenivå, lang","Begge kjønn","Personer 16 år og over","2021",0
"Ål","Universitets- og høgskolenivå, lang","Begge kjønn","Personer 16 år og over (prosent)","2021",0
"Hol","Utdanningsnivå i alt","Begge kjønn","Personer 16 år og over","2021",0
"Hol","Utdanningsnivå i alt","Begge kjønn","Personer 16 år og over (prosent)","2021",0
"Hol","Videregående skolenivå","Begge kjønn","Personer 16 år og over","2021",0
"Hol","Videregående skolenivå","Begge kjønn","Personer 16 år og over (prosent)","2021",0
"Hol","Universitets- og høgskolenivå, kort","Begge kjønn","Personer 16 år og over","2021",0
"Hol","Universitets- og høgskolenivå, kort","Begge kjønn","Personer 16 år og over (prosent)","2021",0
"Hol","Universitets- og høgskolenivå, lang","Begge kjønn","Personer 16 år og over","2021",0
"Hol","Universitets- og høgskolenivå, lang","Begge kjønn","Personer 16 år og over (prosent)","2021",0
"Sigdal","Utdanningsnivå i alt","Begge kjønn","Personer 16 år og over","2021",0
"Sigdal","Utdanningsnivå i alt","Begge kjønn","Personer 16 år og over (prosent)","2021",0
"Sigdal","Videregående skolenivå","Begge kjønn","Personer 16 år og over","2021",0
"Sigdal","Videregående skolenivå","Begge kjønn","Personer 16 år og over (prosent)","2021",0
"Sigdal","Universitets- og høgskolenivå, kort","Begge kjønn","Personer 16 år og over","2021",0
"Sigdal","Universitets- og høgskolenivå, kort","Begge kjønn","Personer 16 år og over (prosent)","2021",0
"Sigdal","Universitets- og høgskolenivå, lang","Begge kjønn","Personer 16 år og over","2021",0
"Sigdal","Universitets- og høgskolenivå, lang","Begge kjønn","Personer 16 år og over (prosent)","2021",0
"Flesberg","Utdanningsnivå i alt","Begge kjønn","Personer 16 år og over","2021",0
"Flesberg","Utdanningsnivå i alt","Begge kjønn","Personer 16 år og over (prosent)","2021",0
"Flesberg","Videregående skolenivå","Begge kjønn","Personer 16 år og over","2021",0
"Flesberg","Videregående skolenivå","Begge kjønn","Personer 16 år og over (prosent)","2021",0
"Flesberg","Universitets- og høgskolenivå, kort","Begge kjønn","Personer 16 år og over","2021",0
"Flesberg","Universitets- og høgskolenivå, kort","Begge kjønn","Personer 16 år og over (prosent)","2021",0
"Flesberg","Universitets- og høgskolenivå, lang","Begge kjønn","Personer 16 år og over","2021",0
"Flesberg","Universitets- og høgskolenivå, lang","Begge kjønn","Personer 16 år og over (prosent)","2021",0
"Rollag","Utdanningsnivå i alt","Begge kjønn","Personer 16 år og over","2021",0
"Rollag","Utdanningsnivå i alt","Begge kjønn","Personer 16 år og over (prosent)","2021",0
"Rollag","Videregående skolenivå","Begge kjønn","Personer 16 år og over","2021",0
"Rollag","Videregående skolenivå","Begge kjønn","Personer 16 år og over (prosent)","2021",0
"Rollag","Universitets- og høgskolenivå, kort","Begge kjønn","Personer 16 år og over","2021",0
"Rollag","Universitets- og høgskolenivå, kort","Begge kjønn","Personer 16 år og over (prosent)","2021",0
"Rollag","Universitets- og høgskolenivå, lang","Begge kjønn","Personer 16 år og over","2021",0
"Rollag","Universitets- og høgskolenivå, lang","Begge kjønn","Personer 16 år og over (prosent)","2021",0
"Nore og Uvdal","Utdanningsnivå i alt","Begge kjønn","Personer 16 år og over","2021",0
"Nore og Uvdal","Utdanningsnivå i alt","Begge kjønn","Personer 16 år og over (prosent)","2021",0
"Nore og Uvdal","Videregående skolenivå","Begge kjønn","Personer 16 år og over","2021",0
"Nore og Uvdal","Videregående skolenivå","Begge kjønn","Personer 16 år og over (prosent)","2021",0
"Nore og Uvdal","Universitets- og høgskolenivå, kort","Begge kjønn","Personer 16 år og over","2021",0
"Nore og Uvdal","Universitets- og høgskolenivå, kort","Begge kjønn","Personer 16 år og over (prosent)","2021",0
"Nore og Uvdal","Universitets- og høgskolenivå, lang","Begge kjønn","Personer 16 år og over","2021",0
"Nore og Uvdal","Universitets- og høgskolenivå, lang","Begge kjønn","Personer 16 år og over (prosent)","2021",0
"Innlandet","Utdanningsnivå i alt","Begge kjønn","Personer 16 år og over","2021",312520
"Innlandet","Utdanningsnivå i alt","Begge kjønn","Personer 16 år og over (prosent)","2021",100
"Innlandet","Videregående skolenivå","Begge kjønn","Personer 16 år og over","2021",127309
"Innlandet","Videregående skolenivå","Begge kjønn","Personer 16 år og over (prosent)","2021",40.9
"Innlandet","Universitets- og høgskolenivå, kort","Begge kjønn","Personer 16 år og over","2021",67851
"Innlandet","Universitets- og høgskolenivå, kort","Begge kjønn","Personer 16 år og over (prosent)","2021",21.8
"Innlandet","Universitets- og høgskolenivå, lang","Begge kjønn","Personer 16 år og over","2021",19245
"Innlandet","Universitets- og høgskolenivå, lang","Begge kjønn","Personer 16 år og over (prosent)","2021",6.2
"Hedmark (-2019)","Utdanningsnivå i alt","Begge kjønn","Personer 16 år og over","2021",0
"Hedmark (-2019)","Utdanningsnivå i alt","Begge kjønn","Personer 16 år og over (prosent)","2021",0
"Hedmark (-2019)","Videregående skolenivå","Begge kjønn","Personer 16 år og over","2021",0
"Hedmark (-2019)","Videregående skolenivå","Begge kjønn","Personer 16 år og over (prosent)","2021",0
"Hedmark (-2019)","Universitets- og høgskolenivå, kort","Begge kjønn","Personer 16 år og over","2021",0
"Hedmark (-2019)","Universitets- og høgskolenivå, kort","Begge kjønn","Personer 16 år og over (prosent)","2021",0
"Hedmark (-2019)","Universitets- og høgskolenivå, lang","Begge kjønn","Personer 16 år og over","2021",0
"Hedmark (-2019)","Universitets- og høgskolenivå, lang","Begge kjønn","Personer 16 år og over (prosent)","2021",0
"Kongsvinger","Utdanningsnivå i alt","Begge kjønn","Personer 16 år og over","2021",15165
"Kongsvinger","Utdanningsnivå i alt","Begge kjønn","Personer 16 år og over (prosent)","2021",100
"Kongsvinger","Videregående skolenivå","Begge kjønn","Personer 16 år og over","2021",6032
"Kongsvinger","Videregående skolenivå","Begge kjønn","Personer 16 år og over (prosent)","2021",40
"Kongsvinger","Universitets- og høgskolenivå, kort","Begge kjønn","Personer 16 år og over","2021",2975
"Kongsvinger","Universitets- og høgskolenivå, kort","Begge kjønn","Personer 16 år og over (prosent)","2021",19.7
"Kongsvinger","Universitets- og høgskolenivå, lang","Begge kjønn","Personer 16 år og over","2021",821
"Kongsvinger","Universitets- og høgskolenivå, lang","Begge kjønn","Personer 16 år og over (prosent)","2021",5.4
"Hamar","Utdanningsnivå i alt","Begge kjønn","Personer 16 år og over","2021",26784
"Hamar","Utdanningsnivå i alt","Begge kjønn","Personer 16 år og over (prosent)","2021",100
"Hamar","Videregående skolenivå","Begge kjønn","Personer 16 år og over","2021",9102
"Hamar","Videregående skolenivå","Begge kjønn","Personer 16 år og over (prosent)","2021",34.2
"Hamar","Universitets- og høgskolenivå, kort","Begge kjønn","Personer 16 år og over","2021",7769
"Hamar","Universitets- og høgskolenivå, kort","Begge kjønn","Personer 16 år og over (prosent)","2021",29.2
"Hamar","Universitets- og høgskolenivå, lang","Begge kjønn","Personer 16 år og over","2021",3011
"Hamar","Universitets- og høgskolenivå, lang","Begge kjønn","Personer 16 år og over (prosent)","2021",11.3
"Lillehammer","Utdanningsnivå i alt","Begge kjønn","Personer 16 år og over","2021",23817
"Lillehammer","Utdanningsnivå i alt","Begge kjønn","Personer 16 år og over (prosent)","2021",100
"Lillehammer","Videregående skolenivå","Begge kjønn","Personer 16 år og over","2021",8234
"Lillehammer","Videregående skolenivå","Begge kjønn","Personer 16 år og over (prosent)","2021",34.7
"Lillehammer","Universitets- og høgskolenivå, kort","Begge kjønn","Personer 16 år og over","2021",7332
"Lillehammer","Universitets- og høgskolenivå, kort","Begge kjønn","Personer 16 år og over (prosent)","2021",30.9
"Lillehammer","Universitets- og høgskolenivå, lang","Begge kjønn","Personer 16 år og over","2021",2772
"Lillehammer","Universitets- og høgskolenivå, lang","Begge kjønn","Personer 16 år og over (prosent)","2021",11.7
"Gjøvik","Utdanningsnivå i alt","Begge kjønn","Personer 16 år og over","2021",25461
"Gjøvik","Utdanningsnivå i alt","Begge kjønn","Personer 16 år og over (prosent)","2021",100
"Gjøvik","Videregående skolenivå","Begge kjønn","Personer 16 år og over","2021",9689
"Gjøvik","Videregående skolenivå","Begge kjønn","Personer 16 år og over (prosent)","2021",38.3
"Gjøvik","Universitets- og høgskolenivå, kort","Begge kjønn","Personer 16 år og over","2021",6214
"Gjøvik","Universitets- og høgskolenivå, kort","Begge kjønn","Personer 16 år og over (prosent)","2021",24.5
"Gjøvik","Universitets- og høgskolenivå, lang","Begge kjønn","Personer 16 år og over","2021",1939
"Gjøvik","Universitets- og høgskolenivå, lang","Begge kjønn","Personer 16 år og over (prosent)","2021",7.7
"Ringsaker","Utdanningsnivå i alt","Begge kjønn","Personer 16 år og over","2021",29117
"Ringsaker","Utdanningsnivå i alt","Begge kjønn","Personer 16 år og over (prosent)","2021",100
"Ringsaker","Videregående skolenivå","Begge kjønn","Personer 16 år og over","2021",11976
"Ringsaker","Videregående skolenivå","Begge kjønn","Personer 16 år og over (prosent)","2021",41.4
"Ringsaker","Universitets- og høgskolenivå, kort","Begge kjønn","Personer 16 år og over","2021",5936
"Ringsaker","Universitets- og høgskolenivå, kort","Begge kjønn","Personer 16 år og over (prosent)","2021",20.5
"Ringsaker","Universitets- og høgskolenivå, lang","Begge kjønn","Personer 16 år og over","2021",1540
"Ringsaker","Universitets- og høgskolenivå, lang","Begge kjønn","Personer 16 år og over (prosent)","2021",5.3
"Løten","Utdanningsnivå i alt","Begge kjønn","Personer 16 år og over","2021",6397
"Løten","Utdanningsnivå i alt","Begge kjønn","Personer 16 år og over (prosent)","2021",100
"Løten","Videregående skolenivå","Begge kjønn","Personer 16 år og over","2021",2635
"Løten","Videregående skolenivå","Begge kjønn","Personer 16 år og over (prosent)","2021",41.3
"Løten","Universitets- og høgskolenivå, kort","Begge kjønn","Personer 16 år og over","2021",1222
"Løten","Universitets- og høgskolenivå, kort","Begge kjønn","Personer 16 år og over (prosent)","2021",19.1
"Løten","Universitets- og høgskolenivå, lang","Begge kjønn","Personer 16 år og over","2021",286
"Løten","Universitets- og høgskolenivå, lang","Begge kjønn","Personer 16 år og over (prosent)","2021",4.5
"Stange","Utdanningsnivå i alt","Begge kjønn","Personer 16 år og over","2021",17374
"Stange","Utdanningsnivå i alt","Begge kjønn","Personer 16 år og over (prosent)","2021",100
"Stange","Videregående skolenivå","Begge kjønn","Personer 16 år og over","2021",6559
"Stange","Videregående skolenivå","Begge kjønn","Personer 16 år og over (prosent)","2021",38
"Stange","Universitets- og høgskolenivå, kort","Begge kjønn","Personer 16 år og over","2021",4063
"Stange","Universitets- og høgskolenivå, kort","Begge kjønn","Personer 16 år og over (prosent)","2021",23.5
"Stange","Universitets- og høgskolenivå, lang","Begge kjønn","Personer 16 år og over","2021",1248
"Stange","Universitets- og høgskolenivå, lang","Begge kjønn","Personer 16 år og over (prosent)","2021",7.2
"Nord-Odal","Utdanningsnivå i alt","Begge kjønn","Personer 16 år og over","2021",4350
"Nord-Odal","Utdanningsnivå i alt","Begge kjønn","Personer 16 år og over (prosent)","2021",100
"Nord-Odal","Videregående skolenivå","Begge kjønn","Personer 16 år og over","2021",1780
"Nord-Odal","Videregående skolenivå","Begge kjønn","Personer 16 år og over (prosent)","2021",41.2
"Nord-Odal","Universitets- og høgskolenivå, kort","Begge kjønn","Personer 16 år og over","2021",655
"Nord-Odal","Universitets- og høgskolenivå, kort","Begge kjønn","Personer 16 år og over (prosent)","2021",15.1
"Nord-Odal","Universitets- og høgskolenivå, lang","Begge kjønn","Personer 16 år og over","2021",136
"Nord-Odal","Universitets- og høgskolenivå, lang","Begge kjønn","Personer 16 år og over (prosent)","2021",3.1
"Sør-Odal","Utdanningsnivå i alt","Begge kjønn","Personer 16 år og over","2021",6747
"Sør-Odal","Utdanningsnivå i alt","Begge kjønn","Personer 16 år og over (prosent)","2021",100
"Sør-Odal","Videregående skolenivå","Begge kjønn","Personer 16 år og over","2021",2800
"Sør-Odal","Videregående skolenivå","Begge kjønn","Personer 16 år og over (prosent)","2021",41.7
"Sør-Odal","Universitets- og høgskolenivå, kort","Begge kjønn","Personer 16 år og over","2021",1157
"Sør-Odal","Universitets- og høgskolenivå, kort","Begge kjønn","Personer 16 år og over (prosent)","2021",17.2
"Sør-Odal","Universitets- og høgskolenivå, lang","Begge kjønn","Personer 16 år og over","2021",298
"Sør-Odal","Universitets- og høgskolenivå, lang","Begge kjønn","Personer 16 år og over (prosent)","2021",4.4
"Eidskog","Utdanningsnivå i alt","Begge kjønn","Personer 16 år og over","2021",5269
"Eidskog","Utdanningsnivå i alt","Begge kjønn","Personer 16 år og over (prosent)","2021",100
"Eidskog","Videregående skolenivå","Begge kjønn","Personer 16 år og over","2021",2207
"Eidskog","Videregående skolenivå","Begge kjønn","Personer 16 år og over (prosent)","2021",42.2
"Eidskog","Universitets- og høgskolenivå, kort","Begge kjønn","Personer 16 år og over","2021",758
"Eidskog","Universitets- og høgskolenivå, kort","Begge kjønn","Personer 16 år og over (prosent)","2021",14.5
"Eidskog","Universitets- og høgskolenivå, lang","Begge kjønn","Personer 16 år og over","2021",170
"Eidskog","Universitets- og høgskolenivå, lang","Begge kjønn","Personer 16 år og over (prosent)","2021",3.3
"Grue","Utdanningsnivå i alt","Begge kjønn","Personer 16 år og over","2021",4014
"Grue","Utdanningsnivå i alt","Begge kjønn","Personer 16 år og over (prosent)","2021",100
"Grue","Videregående skolenivå","Begge kjønn","Personer 16 år og over","2021",1751
"Grue","Videregående skolenivå","Begge kjønn","Personer 16 år og over (prosent)","2021",43.9
"Grue","Universitets- og høgskolenivå, kort","Begge kjønn","Personer 16 år og over","2021",636
"Grue","Universitets- og høgskolenivå, kort","Begge kjønn","Personer 16 år og over (prosent)","2021",15.9
"Grue","Universitets- og høgskolenivå, lang","Begge kjønn","Personer 16 år og over","2021",130
"Grue","Universitets- og høgskolenivå, lang","Begge kjønn","Personer 16 år og over (prosent)","2021",3.3
"Åsnes","Utdanningsnivå i alt","Begge kjønn","Personer 16 år og over","2021",6263
"Åsnes","Utdanningsnivå i alt","Begge kjønn","Personer 16 år og over (prosent)","2021",100
"Åsnes","Videregående skolenivå","Begge kjønn","Personer 16 år og over","2021",2676
"Åsnes","Videregående skolenivå","Begge kjønn","Personer 16 år og over (prosent)","2021",43
"Åsnes","Universitets- og høgskolenivå, kort","Begge kjønn","Personer 16 år og over","2021",1090
"Åsnes","Universitets- og høgskolenivå, kort","Begge kjønn","Personer 16 år og over (prosent)","2021",17.5
"Åsnes","Universitets- og høgskolenivå, lang","Begge kjønn","Personer 16 år og over","2021",179
"Åsnes","Universitets- og høgskolenivå, lang","Begge kjønn","Personer 16 år og over (prosent)","2021",2.9
"Våler (Innlandet)","Utdanningsnivå i alt","Begge kjønn","Personer 16 år og over","2021",3137
"Våler (Innlandet)","Utdanningsnivå i alt","Begge kjønn","Personer 16 år og over (prosent)","2021",100
"Våler (Innlandet)","Videregående skolenivå","Begge kjønn","Personer 16 år og over","2021",1359
"Våler (Innlandet)","Videregående skolenivå","Begge kjønn","Personer 16 år og over (prosent)","2021",43.5
"Våler (Innlandet)","Universitets- og høgskolenivå, kort","Begge kjønn","Personer 16 år og over","2021",527
"Våler (Innlandet)","Universitets- og høgskolenivå, kort","Begge kjønn","Personer 16 år og over (prosent)","2021",16.9
"Våler (Innlandet)","Universitets- og høgskolenivå, lang","Begge kjønn","Personer 16 år og over","2021",83
"Våler (Innlandet)","Universitets- og høgskolenivå, lang","Begge kjønn","Personer 16 år og over (prosent)","2021",2.7
"Elverum","Utdanningsnivå i alt","Begge kjønn","Personer 16 år og over","2021",17764
"Elverum","Utdanningsnivå i alt","Begge kjønn","Personer 16 år og over (prosent)","2021",100
"Elverum","Videregående skolenivå","Begge kjønn","Personer 16 år og over","2021",6682
"Elverum","Videregående skolenivå","Begge kjønn","Personer 16 år og over (prosent)","2021",37.9
"Elverum","Universitets- og høgskolenivå, kort","Begge kjønn","Personer 16 år og over","2021",4473
"Elverum","Universitets- og høgskolenivå, kort","Begge kjønn","Personer 16 år og over (prosent)","2021",25.3
"Elverum","Universitets- og høgskolenivå, lang","Begge kjønn","Personer 16 år og over","2021",1128
"Elverum","Universitets- og høgskolenivå, lang","Begge kjønn","Personer 16 år og over (prosent)","2021",6.4
"Trysil","Utdanningsnivå i alt","Begge kjønn","Personer 16 år og over","2021",5635
"Trysil","Utdanningsnivå i alt","Begge kjønn","Personer 16 år og over (prosent)","2021",100
"Trysil","Videregående skolenivå","Begge kjønn","Personer 16 år og over","2021",2398
"Trysil","Videregående skolenivå","Begge kjønn","Personer 16 år og over (prosent)","2021",42.9
"Trysil","Universitets- og høgskolenivå, kort","Begge kjønn","Personer 16 år og over","2021",1046
"Trysil","Universitets- og høgskolenivå, kort","Begge kjønn","Personer 16 år og over (prosent)","2021",18.7
"Trysil","Universitets- og høgskolenivå, lang","Begge kjønn","Personer 16 år og over","2021",252
"Trysil","Universitets- og høgskolenivå, lang","Begge kjønn","Personer 16 år og over (prosent)","2021",4.5
"Åmot","Utdanningsnivå i alt","Begge kjønn","Personer 16 år og over","2021",3616
"Åmot","Utdanningsnivå i alt","Begge kjønn","Personer 16 år og over (prosent)","2021",100
"Åmot","Videregående skolenivå","Begge kjønn","Personer 16 år og over","2021",1416
"Åmot","Videregående skolenivå","Begge kjønn","Personer 16 år og over (prosent)","2021",39.3
"Åmot","Universitets- og høgskolenivå, kort","Begge kjønn","Personer 16 år og over","2021",703
"Åmot","Universitets- og høgskolenivå, kort","Begge kjønn","Personer 16 år og over (prosent)","2021",19.5
"Åmot","Universitets- og høgskolenivå, lang","Begge kjønn","Personer 16 år og over","2021",168
"Åmot","Universitets- og høgskolenivå, lang","Begge kjønn","Personer 16 år og over (prosent)","2021",4.7
"Stor-Elvdal","Utdanningsnivå i alt","Begge kjønn","Personer 16 år og over","2021",2042
"Stor-Elvdal","Utdanningsnivå i alt","Begge kjønn","Personer 16 år og over (prosent)","2021",100
"Stor-Elvdal","Videregående skolenivå","Begge kjønn","Personer 16 år og over","2021",855
"Stor-Elvdal","Videregående skolenivå","Begge kjønn","Personer 16 år og over (prosent)","2021",42.1
"Stor-Elvdal","Universitets- og høgskolenivå, kort","Begge kjønn","Personer 16 år og over","2021",382
"Stor-Elvdal","Universitets- og høgskolenivå, kort","Begge kjønn","Personer 16 år og over (prosent)","2021",18.8
"Stor-Elvdal","Universitets- og høgskolenivå, lang","Begge kjønn","Personer 16 år og over","2021",128
"Stor-Elvdal","Universitets- og høgskolenivå, lang","Begge kjønn","Personer 16 år og over (prosent)","2021",6.3
"Rendalen","Utdanningsnivå i alt","Begge kjønn","Personer 16 år og over","2021",1511
"Rendalen","Utdanningsnivå i alt","Begge kjønn","Personer 16 år og over (prosent)","2021",100
"Rendalen","Videregående skolenivå","Begge kjønn","Personer 16 år og over","2021",697
"Rendalen","Videregående skolenivå","Begge kjønn","Personer 16 år og over (prosent)","2021",46.3
"Rendalen","Universitets- og høgskolenivå, kort","Begge kjønn","Personer 16 år og over","2021",257
"Rendalen","Universitets- og høgskolenivå, kort","Begge kjønn","Personer 16 år og over (prosent)","2021",17.1
"Rendalen","Universitets- og høgskolenivå, lang","Begge kjønn","Personer 16 år og over","2021",60
"Rendalen","Universitets- og høgskolenivå, lang","Begge kjønn","Personer 16 år og over (prosent)","2021",4
"Engerdal","Utdanningsnivå i alt","Begge kjønn","Personer 16 år og over","2021",1118
"Engerdal","Utdanningsnivå i alt","Begge kjønn","Personer 16 år og over (prosent)","2021",100
"Engerdal","Videregående skolenivå","Begge kjønn","Personer 16 år og over","2021",513
"Engerdal","Videregående skolenivå","Begge kjønn","Personer 16 år og over (prosent)","2021",46.3
"Engerdal","Universitets- og høgskolenivå, kort","Begge kjønn","Personer 16 år og over","2021",188
"Engerdal","Universitets- og høgskolenivå, kort","Begge kjønn","Personer 16 år og over (prosent)","2021",17
"Engerdal","Universitets- og høgskolenivå, lang","Begge kjønn","Personer 16 år og over","2021",41
"Engerdal","Universitets- og høgskolenivå, lang","Begge kjønn","Personer 16 år og over (prosent)","2021",3.7
"Tolga","Utdanningsnivå i alt","Begge kjønn","Personer 16 år og over","2021",1263
"Tolga","Utdanningsnivå i alt","Begge kjønn","Personer 16 år og over (prosent)","2021",100
"Tolga","Videregående skolenivå","Begge kjønn","Personer 16 år og over","2021",574
"Tolga","Videregående skolenivå","Begge kjønn","Personer 16 år og over (prosent)","2021",45.6
"Tolga","Universitets- og høgskolenivå, kort","Begge kjønn","Personer 16 år og over","2021",323
"Tolga","Universitets- og høgskolenivå, kort","Begge kjønn","Personer 16 år og over (prosent)","2021",25.7
"Tolga","Universitets- og høgskolenivå, lang","Begge kjønn","Personer 16 år og over","2021",93
"Tolga","Universitets- og høgskolenivå, lang","Begge kjønn","Personer 16 år og over (prosent)","2021",7.4
"Tynset","Utdanningsnivå i alt","Begge kjønn","Personer 16 år og over","2021",4630
"Tynset","Utdanningsnivå i alt","Begge kjønn","Personer 16 år og over (prosent)","2021",100
"Tynset","Videregående skolenivå","Begge kjønn","Personer 16 år og over","2021",2038
"Tynset","Videregående skolenivå","Begge kjønn","Personer 16 år og over (prosent)","2021",44.3
"Tynset","Universitets- og høgskolenivå, kort","Begge kjønn","Personer 16 år og over","2021",1124
"Tynset","Universitets- og høgskolenivå, kort","Begge kjønn","Personer 16 år og over (prosent)","2021",24.4
"Tynset","Universitets- og høgskolenivå, lang","Begge kjønn","Personer 16 år og over","2021",312
"Tynset","Universitets- og høgskolenivå, lang","Begge kjønn","Personer 16 år og over (prosent)","2021",6.8
"Alvdal","Utdanningsnivå i alt","Begge kjønn","Personer 16 år og over","2021",1954
"Alvdal","Utdanningsnivå i alt","Begge kjønn","Personer 16 år og over (prosent)","2021",100
"Alvdal","Videregående skolenivå","Begge kjønn","Personer 16 år og over","2021",956
"Alvdal","Videregående skolenivå","Begge kjønn","Personer 16 år og over (prosent)","2021",49.1
"Alvdal","Universitets- og høgskolenivå, kort","Begge kjønn","Personer 16 år og over","2021",386
"Alvdal","Universitets- og høgskolenivå, kort","Begge kjønn","Personer 16 år og over (prosent)","2021",19.8
"Alvdal","Universitets- og høgskolenivå, lang","Begge kjønn","Personer 16 år og over","2021",82
"Alvdal","Universitets- og høgskolenivå, lang","Begge kjønn","Personer 16 år og over (prosent)","2021",4.2
"Folldal","Utdanningsnivå i alt","Begge kjønn","Personer 16 år og over","2021",1325
"Folldal","Utdanningsnivå i alt","Begge kjønn","Personer 16 år og over (prosent)","2021",100
"Folldal","Videregående skolenivå","Begge kjønn","Personer 16 år og over","2021",635
"Folldal","Videregående skolenivå","Begge kjønn","Personer 16 år og over (prosent)","2021",48
"Folldal","Universitets- og høgskolenivå, kort","Begge kjønn","Personer 16 år og over","2021",295
"Folldal","Universitets- og høgskolenivå, kort","Begge kjønn","Personer 16 år og over (prosent)","2021",22.3
"Folldal","Universitets- og høgskolenivå, lang","Begge kjønn","Personer 16 år og over","2021",57
"Folldal","Universitets- og høgskolenivå, lang","Begge kjønn","Personer 16 år og over (prosent)","2021",4.3
"Os","Utdanningsnivå i alt","Begge kjønn","Personer 16 år og over","2021",1621
"Os","Utdanningsnivå i alt","Begge kjønn","Personer 16 år og over (prosent)","2021",100
"Os","Videregående skolenivå","Begge kjønn","Personer 16 år og over","2021",762
"Os","Videregående skolenivå","Begge kjønn","Personer 16 år og over (prosent)","2021",47.1
"Os","Universitets- og høgskolenivå, kort","Begge kjønn","Personer 16 år og over","2021",385
"Os","Universitets- og høgskolenivå, kort","Begge kjønn","Personer 16 år og over (prosent)","2021",23.8
"Os","Universitets- og høgskolenivå, lang","Begge kjønn","Personer 16 år og over","2021",60
"Os","Universitets- og høgskolenivå, lang","Begge kjønn","Personer 16 år og over (prosent)","2021",3.7
"Dovre","Utdanningsnivå i alt","Begge kjønn","Personer 16 år og over","2021",2161
"Dovre","Utdanningsnivå i alt","Begge kjønn","Personer 16 år og over (prosent)","2021",100
"Dovre","Videregående skolenivå","Begge kjønn","Personer 16 år og over","2021",1096
"Dovre","Videregående skolenivå","Begge kjønn","Personer 16 år og over (prosent)","2021",50.8
"Dovre","Universitets- og høgskolenivå, kort","Begge kjønn","Personer 16 år og over","2021",354
"Dovre","Universitets- og høgskolenivå, kort","Begge kjønn","Personer 16 år og over (prosent)","2021",16.4
"Dovre","Universitets- og høgskolenivå, lang","Begge kjønn","Personer 16 år og over","2021",100
"Dovre","Universitets- og høgskolenivå, lang","Begge kjønn","Personer 16 år og over (prosent)","2021",4.6
"Lesja","Utdanningsnivå i alt","Begge kjønn","Personer 16 år og over","2021",1641
"Lesja","Utdanningsnivå i alt","Begge kjønn","Personer 16 år og over (prosent)","2021",100
"Lesja","Videregående skolenivå","Begge kjønn","Personer 16 år og over","2021",810
"Lesja","Videregående skolenivå","Begge kjønn","Personer 16 år og over (prosent)","2021",49.5
"Lesja","Universitets- og høgskolenivå, kort","Begge kjønn","Personer 16 år og over","2021",326
"Lesja","Universitets- og høgskolenivå, kort","Begge kjønn","Personer 16 år og over (prosent)","2021",19.9
"Lesja","Universitets- og høgskolenivå, lang","Begge kjønn","Personer 16 år og over","2021",81
"Lesja","Universitets- og høgskolenivå, lang","Begge kjønn","Personer 16 år og over (prosent)","2021",4.9
"Skjåk","Utdanningsnivå i alt","Begge kjønn","Personer 16 år og over","2021",1862
"Skjåk","Utdanningsnivå i alt","Begge kjønn","Personer 16 år og over (prosent)","2021",100
"Skjåk","Videregående skolenivå","Begge kjønn","Personer 16 år og over","2021",924
"Skjåk","Videregående skolenivå","Begge kjønn","Personer 16 år og over (prosent)","2021",49.7
"Skjåk","Universitets- og høgskolenivå, kort","Begge kjønn","Personer 16 år og over","2021",339
"Skjåk","Universitets- og høgskolenivå, kort","Begge kjønn","Personer 16 år og over (prosent)","2021",18.2
"Skjåk","Universitets- og høgskolenivå, lang","Begge kjønn","Personer 16 år og over","2021",73
"Skjåk","Universitets- og høgskolenivå, lang","Begge kjønn","Personer 16 år og over (prosent)","2021",3.9
"Lom","Utdanningsnivå i alt","Begge kjønn","Personer 16 år og over","2021",1886
"Lom","Utdanningsnivå i alt","Begge kjønn","Personer 16 år og over (prosent)","2021",100
"Lom","Videregående skolenivå","Begge kjønn","Personer 16 år og over","2021",947
"Lom","Videregående skolenivå","Begge kjønn","Personer 16 år og over (prosent)","2021",50.2
"Lom","Universitets- og høgskolenivå, kort","Begge kjønn","Personer 16 år og over","2021",360
"Lom","Universitets- og høgskolenivå, kort","Begge kjønn","Personer 16 år og over (prosent)","2021",19.1
"Lom","Universitets- og høgskolenivå, lang","Begge kjønn","Personer 16 år og over","2021",90
"Lom","Universitets- og høgskolenivå, lang","Begge kjønn","Personer 16 år og over (prosent)","2021",4.8
"Vågå","Utdanningsnivå i alt","Begge kjønn","Personer 16 år og over","2021",3001
"Vågå","Utdanningsnivå i alt","Begge kjønn","Personer 16 år og over (prosent)","2021",100
"Vågå","Videregående skolenivå","Begge kjønn","Personer 16 år og over","2021",1370
"Vågå","Videregående skolenivå","Begge kjønn","Personer 16 år og over (prosent)","2021",45.9
"Vågå","Universitets- og høgskolenivå, kort","Begge kjønn","Personer 16 år og over","2021",532
"Vågå","Universitets- og høgskolenivå, kort","Begge kjønn","Personer 16 år og over (prosent)","2021",17.8
"Vågå","Universitets- og høgskolenivå, lang","Begge kjønn","Personer 16 år og over","2021",134
"Vågå","Universitets- og høgskolenivå, lang","Begge kjønn","Personer 16 år og over (prosent)","2021",4.5
"Nord-Fron","Utdanningsnivå i alt","Begge kjønn","Personer 16 år og over","2021",4794
"Nord-Fron","Utdanningsnivå i alt","Begge kjønn","Personer 16 år og over (prosent)","2021",100
"Nord-Fron","Videregående skolenivå","Begge kjønn","Personer 16 år og over","2021",2121
"Nord-Fron","Videregående skolenivå","Begge kjønn","Personer 16 år og over (prosent)","2021",44.4
"Nord-Fron","Universitets- og høgskolenivå, kort","Begge kjønn","Personer 16 år og over","2021",868
"Nord-Fron","Universitets- og høgskolenivå, kort","Begge kjønn","Personer 16 år og over (prosent)","2021",18.2
"Nord-Fron","Universitets- og høgskolenivå, lang","Begge kjønn","Personer 16 år og over","2021",168
"Nord-Fron","Universitets- og høgskolenivå, lang","Begge kjønn","Personer 16 år og over (prosent)","2021",3.5
"Sel","Utdanningsnivå i alt","Begge kjønn","Personer 16 år og over","2021",4735
"Sel","Utdanningsnivå i alt","Begge kjønn","Personer 16 år og over (prosent)","2021",100
"Sel","Videregående skolenivå","Begge kjønn","Personer 16 år og over","2021",2239
"Sel","Videregående skolenivå","Begge kjønn","Personer 16 år og over (prosent)","2021",47.4
"Sel","Universitets- og høgskolenivå, kort","Begge kjønn","Personer 16 år og over","2021",837
"Sel","Universitets- og høgskolenivå, kort","Begge kjønn","Personer 16 år og over (prosent)","2021",17.7
"Sel","Universitets- og høgskolenivå, lang","Begge kjønn","Personer 16 år og over","2021",171
"Sel","Universitets- og høgskolenivå, lang","Begge kjønn","Personer 16 år og over (prosent)","2021",3.6
"Sør-Fron","Utdanningsnivå i alt","Begge kjønn","Personer 16 år og over","2021",2564
"Sør-Fron","Utdanningsnivå i alt","Begge kjønn","Personer 16 år og over (prosent)","2021",100
"Sør-Fron","Videregående skolenivå","Begge kjønn","Personer 16 år og over","2021",1230
"Sør-Fron","Videregående skolenivå","Begge kjønn","Personer 16 år og over (prosent)","2021",48.1
"Sør-Fron","Universitets- og høgskolenivå, kort","Begge kjønn","Personer 16 år og over","2021",451
"Sør-Fron","Universitets- og høgskolenivå, kort","Begge kjønn","Personer 16 år og over (prosent)","2021",17.6
"Sør-Fron","Universitets- og høgskolenivå, lang","Begge kjønn","Personer 16 år og over","2021",100
"Sør-Fron","Universitets- og høgskolenivå, lang","Begge kjønn","Personer 16 år og over (prosent)","2021",3.9
"Ringebu","Utdanningsnivå i alt","Begge kjønn","Personer 16 år og over","2021",3720
"Ringebu","Utdanningsnivå i alt","Begge kjønn","Personer 16 år og over (prosent)","2021",100
"Ringebu","Videregående skolenivå","Begge kjønn","Personer 16 år og over","2021",1706
"Ringebu","Videregående skolenivå","Begge kjønn","Personer 16 år og over (prosent)","2021",46.1
"Ringebu","Universitets- og høgskolenivå, kort","Begge kjønn","Personer 16 år og over","2021",662
"Ringebu","Universitets- og høgskolenivå, kort","Begge kjønn","Personer 16 år og over (prosent)","2021",17.9
"Ringebu","Universitets- og høgskolenivå, lang","Begge kjønn","Personer 16 år og over","2021",139
"Ringebu","Universitets- og høgskolenivå, lang","Begge kjønn","Personer 16 år og over (prosent)","2021",3.8
"Øyer","Utdanningsnivå i alt","Begge kjønn","Personer 16 år og over","2021",4234
"Øyer","Utdanningsnivå i alt","Begge kjønn","Personer 16 år og over (prosent)","2021",100
"Øyer","Videregående skolenivå","Begge kjønn","Personer 16 år og over","2021",1910
"Øyer","Videregående skolenivå","Begge kjønn","Personer 16 år og over (prosent)","2021",45.2
"Øyer","Universitets- og høgskolenivå, kort","Begge kjønn","Personer 16 år og over","2021",875
"Øyer","Universitets- og høgskolenivå, kort","Begge kjønn","Personer 16 år og over (prosent)","2021",20.7
"Øyer","Universitets- og høgskolenivå, lang","Begge kjønn","Personer 16 år og over","2021",235
"Øyer","Universitets- og høgskolenivå, lang","Begge kjønn","Personer 16 år og over (prosent)","2021",5.6
"Gausdal","Utdanningsnivå i alt","Begge kjønn","Personer 16 år og over","2021",5146
"Gausdal","Utdanningsnivå i alt","Begge kjønn","Personer 16 år og over (prosent)","2021",100
"Gausdal","Videregående skolenivå","Begge kjønn","Personer 16 år og over","2021",2382
"Gausdal","Videregående skolenivå","Begge kjønn","Personer 16 år og over (prosent)","2021",46.5
"Gausdal","Universitets- og høgskolenivå, kort","Begge kjønn","Personer 16 år og over","2021",963
"Gausdal","Universitets- og høgskolenivå, kort","Begge kjønn","Personer 16 år og over (prosent)","2021",18.8
"Gausdal","Universitets- og høgskolenivå, lang","Begge kjønn","Personer 16 år og over","2021",217
"Gausdal","Universitets- og høgskolenivå, lang","Begge kjønn","Personer 16 år og over (prosent)","2021",4.2
"Østre Toten","Utdanningsnivå i alt","Begge kjønn","Personer 16 år og over","2021",12439
"Østre Toten","Utdanningsnivå i alt","Begge kjønn","Personer 16 år og over (prosent)","2021",100
"Østre Toten","Videregående skolenivå","Begge kjønn","Personer 16 år og over","2021",5285
"Østre Toten","Videregående skolenivå","Begge kjønn","Personer 16 år og over (prosent)","2021",42.7
"Østre Toten","Universitets- og høgskolenivå, kort","Begge kjønn","Personer 16 år og over","2021",2511
"Østre Toten","Universitets- og høgskolenivå, kort","Begge kjønn","Personer 16 år og over (prosent)","2021",20.3
"Østre Toten","Universitets- og høgskolenivå, lang","Begge kjønn","Personer 16 år og over","2021",614
"Østre Toten","Universitets- og høgskolenivå, lang","Begge kjønn","Personer 16 år og over (prosent)","2021",5
"Vestre Toten","Utdanningsnivå i alt","Begge kjønn","Personer 16 år og over","2021",11428
"Vestre Toten","Utdanningsnivå i alt","Begge kjønn","Personer 16 år og over (prosent)","2021",100
"Vestre Toten","Videregående skolenivå","Begge kjønn","Personer 16 år og over","2021",4833
"Vestre Toten","Videregående skolenivå","Begge kjønn","Personer 16 år og over (prosent)","2021",42.5
"Vestre Toten","Universitets- og høgskolenivå, kort","Begge kjønn","Personer 16 år og over","2021",2145
"Vestre Toten","Universitets- og høgskolenivå, kort","Begge kjønn","Personer 16 år og over (prosent)","2021",18.8
"Vestre Toten","Universitets- og høgskolenivå, lang","Begge kjønn","Personer 16 år og over","2021",479
"Vestre Toten","Universitets- og høgskolenivå, lang","Begge kjønn","Personer 16 år og over (prosent)","2021",4.2
"Gran","Utdanningsnivå i alt","Begge kjønn","Personer 16 år og over","2021",11477
"Gran","Utdanningsnivå i alt","Begge kjønn","Personer 16 år og over (prosent)","2021",100
"Gran","Videregående skolenivå","Begge kjønn","Personer 16 år og over","2021",4925
"Gran","Videregående skolenivå","Begge kjønn","Personer 16 år og over (prosent)","2021",43.3
"Gran","Universitets- og høgskolenivå, kort","Begge kjønn","Personer 16 år og over","2021",2127
"Gran","Universitets- og høgskolenivå, kort","Begge kjønn","Personer 16 år og over (prosent)","2021",18.7
"Gran","Universitets- og høgskolenivå, lang","Begge kjønn","Personer 16 år og over","2021",553
"Gran","Universitets- og høgskolenivå, lang","Begge kjønn","Personer 16 år og over (prosent)","2021",4.9
"Søndre Land","Utdanningsnivå i alt","Begge kjønn","Personer 16 år og over","2021",4734
"Søndre Land","Utdanningsnivå i alt","Begge kjønn","Personer 16 år og over (prosent)","2021",100
"Søndre Land","Videregående skolenivå","Begge kjønn","Personer 16 år og over","2021",2023
"Søndre Land","Videregående skolenivå","Begge kjønn","Personer 16 år og over (prosent)","2021",43.2
"Søndre Land","Universitets- og høgskolenivå, kort","Begge kjønn","Personer 16 år og over","2021",806
"Søndre Land","Universitets- og høgskolenivå, kort","Begge kjønn","Personer 16 år og over (prosent)","2021",17.2
"Søndre Land","Universitets- og høgskolenivå, lang","Begge kjønn","Personer 16 år og over","2021",192
"Søndre Land","Universitets- og høgskolenivå, lang","Begge kjønn","Personer 16 år og over (prosent)","2021",4.1
"Nordre Land","Utdanningsnivå i alt","Begge kjønn","Personer 16 år og over","2021",5549
"Nordre Land","Utdanningsnivå i alt","Begge kjønn","Personer 16 år og over (prosent)","2021",100
"Nordre Land","Videregående skolenivå","Begge kjønn","Personer 16 år og over","2021",2392
"Nordre Land","Videregående skolenivå","Begge kjønn","Personer 16 år og over (prosent)","2021",43.2
"Nordre Land","Universitets- og høgskolenivå, kort","Begge kjønn","Personer 16 år og over","2021",916
"Nordre Land","Universitets- og høgskolenivå, kort","Begge kjønn","Personer 16 år og over (prosent)","2021",16.6
"Nordre Land","Universitets- og høgskolenivå, lang","Begge kjønn","Personer 16 år og over","2021",164
"Nordre Land","Universitets- og høgskolenivå, lang","Begge kjønn","Personer 16 år og over (prosent)","2021",3
"Sør-Aurdal","Utdanningsnivå i alt","Begge kjønn","Personer 16 år og over","2021",2479
"Sør-Aurdal","Utdanningsnivå i alt","Begge kjønn","Personer 16 år og over (prosent)","2021",100
"Sør-Aurdal","Videregående skolenivå","Begge kjønn","Personer 16 år og over","2021",1131
"Sør-Aurdal","Videregående skolenivå","Begge kjønn","Personer 16 år og over (prosent)","2021",45.8
"Sør-Aurdal","Universitets- og høgskolenivå, kort","Begge kjønn","Personer 16 år og over","2021",431
"Sør-Aurdal","Universitets- og høgskolenivå, kort","Begge kjønn","Personer 16 år og over (prosent)","2021",17.5
"Sør-Aurdal","Universitets- og høgskolenivå, lang","Begge kjønn","Personer 16 år og over","2021",97
"Sør-Aurdal","Universitets- og høgskolenivå, lang","Begge kjønn","Personer 16 år og over (prosent)","2021",3.9
"Etnedal","Utdanningsnivå i alt","Begge kjønn","Personer 16 år og over","2021",1079
"Etnedal","Utdanningsnivå i alt","Begge kjønn","Personer 16 år og over (prosent)","2021",100
"Etnedal","Videregående skolenivå","Begge kjønn","Personer 16 år og over","2021",448
"Etnedal","Videregående skolenivå","Begge kjønn","Personer 16 år og over (prosent)","2021",41.7
"Etnedal","Universitets- og høgskolenivå, kort","Begge kjønn","Personer 16 år og over","2021",192
"Etnedal","Universitets- og høgskolenivå, kort","Begge kjønn","Personer 16 år og over (prosent)","2021",17.9
"Etnedal","Universitets- og høgskolenivå, lang","Begge kjønn","Personer 16 år og over","2021",45
"Etnedal","Universitets- og høgskolenivå, lang","Begge kjønn","Personer 16 år og over (prosent)","2021",4.2
"Nord-Aurdal","Utdanningsnivå i alt","Begge kjønn","Personer 16 år og over","2021",5375
"Nord-Aurdal","Utdanningsnivå i alt","Begge kjønn","Personer 16 år og over (prosent)","2021",100
"Nord-Aurdal","Videregående skolenivå","Begge kjønn","Personer 16 år og over","2021",2435
"Nord-Aurdal","Videregående skolenivå","Begge kjønn","Personer 16 år og over (prosent)","2021",45.5
"Nord-Aurdal","Universitets- og høgskolenivå, kort","Begge kjønn","Personer 16 år og over","2021",1089
"Nord-Aurdal","Universitets- og høgskolenivå, kort","Begge kjønn","Personer 16 år og over (prosent)","2021",20.4
"Nord-Aurdal","Universitets- og høgskolenivå, lang","Begge kjønn","Personer 16 år og over","2021",256
"Nord-Aurdal","Universitets- og høgskolenivå, lang","Begge kjønn","Personer 16 år og over (prosent)","2021",4.8
"Vestre Slidre","Utdanningsnivå i alt","Begge kjønn","Personer 16 år og over","2021",1797
"Vestre Slidre","Utdanningsnivå i alt","Begge kjønn","Personer 16 år og over (prosent)","2021",100
"Vestre Slidre","Videregående skolenivå","Begge kjønn","Personer 16 år og over","2021",864
"Vestre Slidre","Videregående skolenivå","Begge kjønn","Personer 16 år og over (prosent)","2021",48.3
"Vestre Slidre","Universitets- og høgskolenivå, kort","Begge kjønn","Personer 16 år og over","2021",334
"Vestre Slidre","Universitets- og høgskolenivå, kort","Begge kjønn","Personer 16 år og over (prosent)","2021",18.7
"Vestre Slidre","Universitets- og høgskolenivå, lang","Begge kjønn","Personer 16 år og over","2021",89
"Vestre Slidre","Universitets- og høgskolenivå, lang","Begge kjønn","Personer 16 år og over (prosent)","2021",5
"Øystre Slidre","Utdanningsnivå i alt","Begge kjønn","Personer 16 år og over","2021",2731
"Øystre Slidre","Utdanningsnivå i alt","Begge kjønn","Personer 16 år og over (prosent)","2021",100
"Øystre Slidre","Videregående skolenivå","Begge kjønn","Personer 16 år og over","2021",1319
"Øystre Slidre","Videregående skolenivå","Begge kjønn","Personer 16 år og over (prosent)","2021",48.5
"Øystre Slidre","Universitets- og høgskolenivå, kort","Begge kjønn","Personer 16 år og over","2021",568
"Øystre Slidre","Universitets- og høgskolenivå, kort","Begge kjønn","Personer 16 år og over (prosent)","2021",20.9
"Øystre Slidre","Universitets- og høgskolenivå, lang","Begge kjønn","Personer 16 år og over","2021",156
"Øystre Slidre","Universitets- og høgskolenivå, lang","Begge kjønn","Personer 16 år og over (prosent)","2021",5.7
"Vang","Utdanningsnivå i alt","Begge kjønn","Personer 16 år og over","2021",1314
"Vang","Utdanningsnivå i alt","Begge kjønn","Personer 16 år og over (prosent)","2021",100
"Vang","Videregående skolenivå","Begge kjønn","Personer 16 år og over","2021",593
"Vang","Videregående skolenivå","Begge kjønn","Personer 16 år og over (prosent)","2021",45.3
"Vang","Universitets- og høgskolenivå, kort","Begge kjønn","Personer 16 år og over","2021",269
"Vang","Universitets- og høgskolenivå, kort","Begge kjønn","Personer 16 år og over (prosent)","2021",20.5
"Vang","Universitets- og høgskolenivå, lang","Begge kjønn","Personer 16 år og over","2021",98
"Vang","Universitets- og høgskolenivå, lang","Begge kjønn","Personer 16 år og over (prosent)","2021",7.5
"Hamar (-1991)","Utdanningsnivå i alt","Begge kjønn","Personer 16 år og over","2021",0
"Hamar (-1991)","Utdanningsnivå i alt","Begge kjønn","Personer 16 år og over (prosent)","2021",0
"Hamar (-1991)","Videregående skolenivå","Begge kjønn","Personer 16 år og over","2021",0
"Hamar (-1991)","Videregående skolenivå","Begge kjønn","Personer 16 år og over (prosent)","2021",0
"Hamar (-1991)","Universitets- og høgskolenivå, kort","Begge kjønn","Personer 16 år og over","2021",0
"Hamar (-1991)","Universitets- og høgskolenivå, kort","Begge kjønn","Personer 16 år og over (prosent)","2021",0
"Hamar (-1991)","Universitets- og høgskolenivå, lang","Begge kjønn","Personer 16 år og over","2021",0
"Hamar (-1991)","Universitets- og høgskolenivå, lang","Begge kjønn","Personer 16 år og over (prosent)","2021",0
"Kongsvinger (-2019)","Utdanningsnivå i alt","Begge kjønn","Personer 16 år og over","2021",0
"Kongsvinger (-2019)","Utdanningsnivå i alt","Begge kjønn","Personer 16 år og over (prosent)","2021",0
"Kongsvinger (-2019)","Videregående skolenivå","Begge kjønn","Personer 16 år og over","2021",0
"Kongsvinger (-2019)","Videregående skolenivå","Begge kjønn","Personer 16 år og over (prosent)","2021",0
"Kongsvinger (-2019)","Universitets- og høgskolenivå, kort","Begge kjønn","Personer 16 år og over","2021",0
"Kongsvinger (-2019)","Universitets- og høgskolenivå, kort","Begge kjønn","Personer 16 år og over (prosent)","2021",0
"Kongsvinger (-2019)","Universitets- og høgskolenivå, lang","Begge kjønn","Personer 16 år og over","2021",0
"Kongsvinger (-2019)","Universitets- og høgskolenivå, lang","Begge kjønn","Personer 16 år og over (prosent)","2021",0
"Hamar (1992-2019)","Utdanningsnivå i alt","Begge kjønn","Personer 16 år og over","2021",0
"Hamar (1992-2019)","Utdanningsnivå i alt","Begge kjønn","Personer 16 år og over (prosent)","2021",0
"Hamar (1992-2019)","Videregående skolenivå","Begge kjønn","Personer 16 år og over","2021",0
"Hamar (1992-2019)","Videregående skolenivå","Begge kjønn","Personer 16 år og over (prosent)","2021",0
"Hamar (1992-2019)","Universitets- og høgskolenivå, kort","Begge kjønn","Personer 16 år og over","2021",0
"Hamar (1992-2019)","Universitets- og høgskolenivå, kort","Begge kjønn","Personer 16 år og over (prosent)","2021",0
"Hamar (1992-2019)","Universitets- og høgskolenivå, lang","Begge kjønn","Personer 16 år og over","2021",0
"Hamar (1992-2019)","Universitets- og høgskolenivå, lang","Begge kjønn","Personer 16 år og over (prosent)","2021",0
"Ringsaker (-2019)","Utdanningsnivå i alt","Begge kjønn","Personer 16 år og over","2021",0
"Ringsaker (-2019)","Utdanningsnivå i alt","Begge kjønn","Personer 16 år og over (prosent)","2021",0
"Ringsaker (-2019)","Videregående skolenivå","Begge kjønn","Personer 16 år og over","2021",0
"Ringsaker (-2019)","Videregående skolenivå","Begge kjønn","Personer 16 år og over (prosent)","2021",0
"Ringsaker (-2019)","Universitets- og høgskolenivå, kort","Begge kjønn","Personer 16 år og over","2021",0
"Ringsaker (-2019)","Universitets- og høgskolenivå, kort","Begge kjønn","Personer 16 år og over (prosent)","2021",0
"Ringsaker (-2019)","Universitets- og høgskolenivå, lang","Begge kjønn","Personer 16 år og over","2021",0
"Ringsaker (-2019)","Universitets- og høgskolenivå, lang","Begge kjønn","Personer 16 år og over (prosent)","2021",0
"Vang (-1991)","Utdanningsnivå i alt","Begge kjønn","Personer 16 år og over","2021",0
"Vang (-1991)","Utdanningsnivå i alt","Begge kjønn","Personer 16 år og over (prosent)","2021",0
"Vang (-1991)","Videregående skolenivå","Begge kjønn","Personer 16 år og over","2021",0
"Vang (-1991)","Videregående skolenivå","Begge kjønn","Personer 16 år og over (prosent)","2021",0
"Vang (-1991)","Universitets- og høgskolenivå, kort","Begge kjønn","Personer 16 år og over","2021",0
"Vang (-1991)","Universitets- og høgskolenivå, kort","Begge kjønn","Personer 16 år og over (prosent)","2021",0
"Vang (-1991)","Universitets- og høgskolenivå, lang","Begge kjønn","Personer 16 år og over","2021",0
"Vang (-1991)","Universitets- og høgskolenivå, lang","Begge kjønn","Personer 16 år og over (prosent)","2021",0
"Løten (-2019)","Utdanningsnivå i alt","Begge kjønn","Personer 16 år og over","2021",0
"Løten (-2019)","Utdanningsnivå i alt","Begge kjønn","Personer 16 år og over (prosent)","2021",0
"Løten (-2019)","Videregående skolenivå","Begge kjønn","Personer 16 år og over","2021",0
"Løten (-2019)","Videregående skolenivå","Begge kjønn","Personer 16 år og over (prosent)","2021",0
"Løten (-2019)","Universitets- og høgskolenivå, kort","Begge kjønn","Personer 16 år og over","2021",0
"Løten (-2019)","Universitets- og høgskolenivå, kort","Begge kjønn","Personer 16 år og over (prosent)","2021",0
"Løten (-2019)","Universitets- og høgskolenivå, lang","Begge kjønn","Personer 16 år og over","2021",0
"Løten (-2019)","Universitets- og høgskolenivå, lang","Begge kjønn","Personer 16 år og over (prosent)","2021",0
"Stange (-2019)","Utdanningsnivå i alt","Begge kjønn","Personer 16 år og over","2021",0
"Stange (-2019)","Utdanningsnivå i alt","Begge kjønn","Personer 16 år og over (prosent)","2021",0
"Stange (-2019)","Videregående skolenivå","Begge kjønn","Personer 16 år og over","2021",0
"Stange (-2019)","Videregående skolenivå","Begge kjønn","Personer 16 år og over (prosent)","2021",0
"Stange (-2019)","Universitets- og høgskolenivå, kort","Begge kjønn","Personer 16 år og over","2021",0
"Stange (-2019)","Universitets- og høgskolenivå, kort","Begge kjønn","Personer 16 år og over (prosent)","2021",0
"Stange (-2019)","Universitets- og høgskolenivå, lang","Begge kjønn","Personer 16 år og over","2021",0
"Stange (-2019)","Universitets- og høgskolenivå, lang","Begge kjønn","Personer 16 år og over (prosent)","2021",0
"Nord-Odal (-2019)","Utdanningsnivå i alt","Begge kjønn","Personer 16 år og over","2021",0
"Nord-Odal (-2019)","Utdanningsnivå i alt","Begge kjønn","Personer 16 år og over (prosent)","2021",0
"Nord-Odal (-2019)","Videregående skolenivå","Begge kjønn","Personer 16 år og over","2021",0
"Nord-Odal (-2019)","Videregående skolenivå","Begge kjønn","Personer 16 år og over (prosent)","2021",0
"Nord-Odal (-2019)","Universitets- og høgskolenivå, kort","Begge kjønn","Personer 16 år og over","2021",0
"Nord-Odal (-2019)","Universitets- og høgskolenivå, kort","Begge kjønn","Personer 16 år og over (prosent)","2021",0
"Nord-Odal (-2019)","Universitets- og høgskolenivå, lang","Begge kjønn","Personer 16 år og over","2021",0
"Nord-Odal (-2019)","Universitets- og høgskolenivå, lang","Begge kjønn","Personer 16 år og over (prosent)","2021",0
"Sør-Odal (-2019)","Utdanningsnivå i alt","Begge kjønn","Personer 16 år og over","2021",0
"Sør-Odal (-2019)","Utdanningsnivå i alt","Begge kjønn","Personer 16 år og over (prosent)","2021",0
"Sør-Odal (-2019)","Videregående skolenivå","Begge kjønn","Personer 16 år og over","2021",0
"Sør-Odal (-2019)","Videregående skolenivå","Begge kjønn","Personer 16 år og over (prosent)","2021",0
"Sør-Odal (-2019)","Universitets- og høgskolenivå, kort","Begge kjønn","Personer 16 år og over","2021",0
"Sør-Odal (-2019)","Universitets- og høgskolenivå, kort","Begge kjønn","Personer 16 år og over (prosent)","2021",0
"Sør-Odal (-2019)","Universitets- og høgskolenivå, lang","Begge kjønn","Personer 16 år og over","2021",0
"Sør-Odal (-2019)","Universitets- og høgskolenivå, lang","Begge kjønn","Personer 16 år og over (prosent)","2021",0
"Eidskog (-2019)","Utdanningsnivå i alt","Begge kjønn","Personer 16 år og over","2021",0
"Eidskog (-2019)","Utdanningsnivå i alt","Begge kjønn","Personer 16 år og over (prosent)","2021",0
"Eidskog (-2019)","Videregående skolenivå","Begge kjønn","Personer 16 år og over","2021",0
"Eidskog (-2019)","Videregående skolenivå","Begge kjønn","Personer 16 år og over (prosent)","2021",0
"Eidskog (-2019)","Universitets- og høgskolenivå, kort","Begge kjønn","Personer 16 år og over","2021",0
"Eidskog (-2019)","Universitets- og høgskolenivå, kort","Begge kjønn","Personer 16 år og over (prosent)","2021",0
"Eidskog (-2019)","Universitets- og høgskolenivå, lang","Begge kjønn","Personer 16 år og over","2021",0
"Eidskog (-2019)","Universitets- og høgskolenivå, lang","Begge kjønn","Personer 16 år og over (prosent)","2021",0
"Grue (-2019)","Utdanningsnivå i alt","Begge kjønn","Personer 16 år og over","2021",0
"Grue (-2019)","Utdanningsnivå i alt","Begge kjønn","Personer 16 år og over (prosent)","2021",0
"Grue (-2019)","Videregående skolenivå","Begge kjønn","Personer 16 år og over","2021",0
"Grue (-2019)","Videregående skolenivå","Begge kjønn","Personer 16 år og over (prosent)","2021",0
"Grue (-2019)","Universitets- og høgskolenivå, kort","Begge kjønn","Personer 16 år og over","2021",0
"Grue (-2019)","Universitets- og høgskolenivå, kort","Begge kjønn","Personer 16 år og over (prosent)","2021",0
"Grue (-2019)","Universitets- og høgskolenivå, lang","Begge kjønn","Personer 16 år og over","2021",0
"Grue (-2019)","Universitets- og høgskolenivå, lang","Begge kjønn","Personer 16 år og over (prosent)","2021",0
"Åsnes (-2019)","Utdanningsnivå i alt","Begge kjønn","Personer 16 år og over","2021",0
"Åsnes (-2019)","Utdanningsnivå i alt","Begge kjønn","Personer 16 år og over (prosent)","2021",0
"Åsnes (-2019)","Videregående skolenivå","Begge kjønn","Personer 16 år og over","2021",0
"Åsnes (-2019)","Videregående skolenivå","Begge kjønn","Personer 16 år og over (prosent)","2021",0
"Åsnes (-2019)","Universitets- og høgskolenivå, kort","Begge kjønn","Personer 16 år og over","2021",0
"Åsnes (-2019)","Universitets- og høgskolenivå, kort","Begge kjønn","Personer 16 år og over (prosent)","2021",0
"Åsnes (-2019)","Universitets- og høgskolenivå, lang","Begge kjønn","Personer 16 år og over","2021",0
"Åsnes (-2019)","Universitets- og høgskolenivå, lang","Begge kjønn","Personer 16 år og over (prosent)","2021",0
"Våler (Hedmark) (-2019)","Utdanningsnivå i alt","Begge kjønn","Personer 16 år og over","2021",0
"Våler (Hedmark) (-2019)","Utdanningsnivå i alt","Begge kjønn","Personer 16 år og over (prosent)","2021",0
"Våler (Hedmark) (-2019)","Videregående skolenivå","Begge kjønn","Personer 16 år og over","2021",0
"Våler (Hedmark) (-2019)","Videregående skolenivå","Begge kjønn","Personer 16 år og over (prosent)","2021",0
"Våler (Hedmark) (-2019)","Universitets- og høgskolenivå, kort","Begge kjønn","Personer 16 år og over","2021",0
"Våler (Hedmark) (-2019)","Universitets- og høgskolenivå, kort","Begge kjønn","Personer 16 år og over (prosent)","2021",0
"Våler (Hedmark) (-2019)","Universitets- og høgskolenivå, lang","Begge kjønn","Personer 16 år og over","2021",0
"Våler (Hedmark) (-2019)","Universitets- og høgskolenivå, lang","Begge kjønn","Personer 16 år og over (prosent)","2021",0
"Elverum (-2019)","Utdanningsnivå i alt","Begge kjønn","Personer 16 år og over","2021",0
"Elverum (-2019)","Utdanningsnivå i alt","Begge kjønn","Personer 16 år og over (prosent)","2021",0
"Elverum (-2019)","Videregående skolenivå","Begge kjønn","Personer 16 år og over","2021",0
"Elverum (-2019)","Videregående skolenivå","Begge kjønn","Personer 16 år og over (prosent)","2021",0
"Elverum (-2019)","Universitets- og høgskolenivå, kort","Begge kjønn","Personer 16 år og over","2021",0
"Elverum (-2019)","Universitets- og høgskolenivå, kort","Begge kjønn","Personer 16 år og over (prosent)","2021",0
"Elverum (-2019)","Universitets- og høgskolenivå, lang","Begge kjønn","Personer 16 år og over","2021",0
"Elverum (-2019)","Universitets- og høgskolenivå, lang","Begge kjønn","Personer 16 år og over (prosent)","2021",0
"Trysil (-2019)","Utdanningsnivå i alt","Begge kjønn","Personer 16 år og over","2021",0
"Trysil (-2019)","Utdanningsnivå i alt","Begge kjønn","Personer 16 år og over (prosent)","2021",0
"Trysil (-2019)","Videregående skolenivå","Begge kjønn","Personer 16 år og over","2021",0
"Trysil (-2019)","Videregående skolenivå","Begge kjønn","Personer 16 år og over (prosent)","2021",0
"Trysil (-2019)","Universitets- og høgskolenivå, kort","Begge kjønn","Personer 16 år og over","2021",0
"Trysil (-2019)","Universitets- og høgskolenivå, kort","Begge kjønn","Personer 16 år og over (prosent)","2021",0
"Trysil (-2019)","Universitets- og høgskolenivå, lang","Begge kjønn","Personer 16 år og over","2021",0
"Trysil (-2019)","Universitets- og høgskolenivå, lang","Begge kjønn","Personer 16 år og over (prosent)","2021",0
"Åmot (-2019)","Utdanningsnivå i alt","Begge kjønn","Personer 16 år og over","2021",0
"Åmot (-2019)","Utdanningsnivå i alt","Begge kjønn","Personer 16 år og over (prosent)","2021",0
"Åmot (-2019)","Videregående skolenivå","Begge kjønn","Personer 16 år og over","2021",0
"Åmot (-2019)","Videregående skolenivå","Begge kjønn","Personer 16 år og over (prosent)","2021",0
"Åmot (-2019)","Universitets- og høgskolenivå, kort","Begge kjønn","Personer 16 år og over","2021",0
"Åmot (-2019)","Universitets- og høgskolenivå, kort","Begge kjønn","Personer 16 år og over (prosent)","2021",0
"Åmot (-2019)","Universitets- og høgskolenivå, lang","Begge kjønn","Personer 16 år og over","2021",0
"Åmot (-2019)","Universitets- og høgskolenivå, lang","Begge kjønn","Personer 16 år og over (prosent)","2021",0
"Stor-Elvdal (-2019)","Utdanningsnivå i alt","Begge kjønn","Personer 16 år og over","2021",0
"Stor-Elvdal (-2019)","Utdanningsnivå i alt","Begge kjønn","Personer 16 år og over (prosent)","2021",0
"Stor-Elvdal (-2019)","Videregående skolenivå","Begge kjønn","Personer 16 år og over","2021",0
"Stor-Elvdal (-2019)","Videregående skolenivå","Begge kjønn","Personer 16 år og over (prosent)","2021",0
"Stor-Elvdal (-2019)","Universitets- og høgskolenivå, kort","Begge kjønn","Personer 16 år og over","2021",0
"Stor-Elvdal (-2019)","Universitets- og høgskolenivå, kort","Begge kjønn","Personer 16 år og over (prosent)","2021",0
"Stor-Elvdal (-2019)","Universitets- og høgskolenivå, lang","Begge kjønn","Personer 16 år og over","2021",0
"Stor-Elvdal (-2019)","Universitets- og høgskolenivå, lang","Begge kjønn","Personer 16 år og over (prosent)","2021",0
"Rendalen (1965-2019)","Utdanningsnivå i alt","Begge kjønn","Personer 16 år og over","2021",0
"Rendalen (1965-2019)","Utdanningsnivå i alt","Begge kjønn","Personer 16 år og over (prosent)","2021",0
"Rendalen (1965-2019)","Videregående skolenivå","Begge kjønn","Personer 16 år og over","2021",0
"Rendalen (1965-2019)","Videregående skolenivå","Begge kjønn","Personer 16 år og over (prosent)","2021",0
"Rendalen (1965-2019)","Universitets- og høgskolenivå, kort","Begge kjønn","Personer 16 år og over","2021",0
"Rendalen (1965-2019)","Universitets- og høgskolenivå, kort","Begge kjønn","Personer 16 år og over (prosent)","2021",0
"Rendalen (1965-2019)","Universitets- og høgskolenivå, lang","Begge kjønn","Personer 16 år og over","2021",0
"Rendalen (1965-2019)","Universitets- og høgskolenivå, lang","Begge kjønn","Personer 16 år og over (prosent)","2021",0
"Engerdal (1911-2019)","Utdanningsnivå i alt","Begge kjønn","Personer 16 år og over","2021",0
"Engerdal (1911-2019)","Utdanningsnivå i alt","Begge kjønn","Personer 16 år og over (prosent)","2021",0
"Engerdal (1911-2019)","Videregående skolenivå","Begge kjønn","Personer 16 år og over","2021",0
"Engerdal (1911-2019)","Videregående skolenivå","Begge kjønn","Personer 16 år og over (prosent)","2021",0
"Engerdal (1911-2019)","Universitets- og høgskolenivå, kort","Begge kjønn","Personer 16 år og over","2021",0
"Engerdal (1911-2019)","Universitets- og høgskolenivå, kort","Begge kjønn","Personer 16 år og over (prosent)","2021",0
"Engerdal (1911-2019)","Universitets- og høgskolenivå, lang","Begge kjønn","Personer 16 år og over","2021",0
"Engerdal (1911-2019)","Universitets- og høgskolenivå, lang","Begge kjønn","Personer 16 år og over (prosent)","2021",0
"Tolga-Os (1966-1975)","Utdanningsnivå i alt","Begge kjønn","Personer 16 år og over","2021",0
"Tolga-Os (1966-1975)","Utdanningsnivå i alt","Begge kjønn","Personer 16 år og over (prosent)","2021",0
"Tolga-Os (1966-1975)","Videregående skolenivå","Begge kjønn","Personer 16 år og over","2021",0
"Tolga-Os (1966-1975)","Videregående skolenivå","Begge kjønn","Personer 16 år og over (prosent)","2021",0
"Tolga-Os (1966-1975)","Universitets- og høgskolenivå, kort","Begge kjønn","Personer 16 år og over","2021",0
"Tolga-Os (1966-1975)","Universitets- og høgskolenivå, kort","Begge kjønn","Personer 16 år og over (prosent)","2021",0
"Tolga-Os (1966-1975)","Universitets- og høgskolenivå, lang","Begge kjønn","Personer 16 år og over","2021",0
"Tolga-Os (1966-1975)","Universitets- og høgskolenivå, lang","Begge kjønn","Personer 16 år og over (prosent)","2021",0
"Tolga (-2019)","Utdanningsnivå i alt","Begge kjønn","Personer 16 år og over","2021",0
"Tolga (-2019)","Utdanningsnivå i alt","Begge kjønn","Personer 16 år og over (prosent)","2021",0
"Tolga (-2019)","Videregående skolenivå","Begge kjønn","Personer 16 år og over","2021",0
"Tolga (-2019)","Videregående skolenivå","Begge kjønn","Personer 16 år og over (prosent)","2021",0
"Tolga (-2019)","Universitets- og høgskolenivå, kort","Begge kjønn","Personer 16 år og over","2021",0
"Tolga (-2019)","Universitets- og høgskolenivå, kort","Begge kjønn","Personer 16 år og over (prosent)","2021",0
"Tolga (-2019)","Universitets- og høgskolenivå, lang","Begge kjønn","Personer 16 år og over","2021",0
"Tolga (-2019)","Universitets- og høgskolenivå, lang","Begge kjønn","Personer 16 år og over (prosent)","2021",0
"Tynset (-2019)","Utdanningsnivå i alt","Begge kjønn","Personer 16 år og over","2021",0
"Tynset (-2019)","Utdanningsnivå i alt","Begge kjønn","Personer 16 år og over (prosent)","2021",0
"Tynset (-2019)","Videregående skolenivå","Begge kjønn","Personer 16 år og over","2021",0
"Tynset (-2019)","Videregående skolenivå","Begge kjønn","Personer 16 år og over (prosent)","2021",0
"Tynset (-2019)","Universitets- og høgskolenivå, kort","Begge kjønn","Personer 16 år og over","2021",0
"Tynset (-2019)","Universitets- og høgskolenivå, kort","Begge kjønn","Personer 16 år og over (prosent)","2021",0
"Tynset (-2019)","Universitets- og høgskolenivå, lang","Begge kjønn","Personer 16 år og over","2021",0
"Tynset (-2019)","Universitets- og høgskolenivå, lang","Begge kjønn","Personer 16 år og over (prosent)","2021",0
"Alvdal (-2019)","Utdanningsnivå i alt","Begge kjønn","Personer 16 år og over","2021",0
"Alvdal (-2019)","Utdanningsnivå i alt","Begge kjønn","Personer 16 år og over (prosent)","2021",0
"Alvdal (-2019)","Videregående skolenivå","Begge kjønn","Personer 16 år og over","2021",0
"Alvdal (-2019)","Videregående skolenivå","Begge kjønn","Personer 16 år og over (prosent)","2021",0
"Alvdal (-2019)","Universitets- og høgskolenivå, kort","Begge kjønn","Personer 16 år og over","2021",0
"Alvdal (-2019)","Universitets- og høgskolenivå, kort","Begge kjønn","Personer 16 år og over (prosent)","2021",0
"Alvdal (-2019)","Universitets- og høgskolenivå, lang","Begge kjønn","Personer 16 år og over","2021",0
"Alvdal (-2019)","Universitets- og høgskolenivå, lang","Begge kjønn","Personer 16 år og over (prosent)","2021",0
"Folldal (1914-2019)","Utdanningsnivå i alt","Begge kjønn","Personer 16 år og over","2021",0
"Folldal (1914-2019)","Utdanningsnivå i alt","Begge kjønn","Personer 16 år og over (prosent)","2021",0
"Folldal (1914-2019)","Videregående skolenivå","Begge kjønn","Personer 16 år og over","2021",0
"Folldal (1914-2019)","Videregående skolenivå","Begge kjønn","Personer 16 år og over (prosent)","2021",0
"Folldal (1914-2019)","Universitets- og høgskolenivå, kort","Begge kjønn","Personer 16 år og over","2021",0
"Folldal (1914-2019)","Universitets- og høgskolenivå, kort","Begge kjønn","Personer 16 år og over (prosent)","2021",0
"Folldal (1914-2019)","Universitets- og høgskolenivå, lang","Begge kjønn","Personer 16 år og over","2021",0
"Folldal (1914-2019)","Universitets- og høgskolenivå, lang","Begge kjønn","Personer 16 år og over (prosent)","2021",0
"Os (Hedmark) (1976-2019)","Utdanningsnivå i alt","Begge kjønn","Personer 16 år og over","2021",0
"Os (Hedmark) (1976-2019)","Utdanningsnivå i alt","Begge kjønn","Personer 16 år og over (prosent)","2021",0
"Os (Hedmark) (1976-2019)","Videregående skolenivå","Begge kjønn","Personer 16 år og over","2021",0
"Os (Hedmark) (1976-2019)","Videregående skolenivå","Begge kjønn","Personer 16 år og over (prosent)","2021",0
"Os (Hedmark) (1976-2019)","Universitets- og høgskolenivå, kort","Begge kjønn","Personer 16 år og over","2021",0
"Os (Hedmark) (1976-2019)","Universitets- og høgskolenivå, kort","Begge kjønn","Personer 16 år og over (prosent)","2021",0
"Os (Hedmark) (1976-2019)","Universitets- og høgskolenivå, lang","Begge kjønn","Personer 16 år og over","2021",0
"Os (Hedmark) (1976-2019)","Universitets- og høgskolenivå, lang","Begge kjønn","Personer 16 år og over (prosent)","2021",0
"Uoppgitt kommune Hedmark","Utdanningsnivå i alt","Begge kjønn","Personer 16 år og over","2021",0
"Uoppgitt kommune Hedmark","Utdanningsnivå i alt","Begge kjønn","Personer 16 år og over (prosent)","2021",0
"Uoppgitt kommune Hedmark","Videregående skolenivå","Begge kjønn","Personer 16 år og over","2021",0
"Uoppgitt kommune Hedmark","Videregående skolenivå","Begge kjønn","Personer 16 år og over (prosent)","2021",0
"Uoppgitt kommune Hedmark","Universitets- og høgskolenivå, kort","Begge kjønn","Personer 16 år og over","2021",0
"Uoppgitt kommune Hedmark","Universitets- og høgskolenivå, kort","Begge kjønn","Personer 16 år og over (prosent)","2021",0
"Uoppgitt kommune Hedmark","Universitets- og høgskolenivå, lang","Begge kjønn","Personer 16 år og over","2021",0
"Uoppgitt kommune Hedmark","Universitets- og høgskolenivå, lang","Begge kjønn","Personer 16 år og over (prosent)","2021",0
"Oppland (-2019)","Utdanningsnivå i alt","Begge kjønn","Personer 16 år og over","2021",0
"Oppland (-2019)","Utdanningsnivå i alt","Begge kjønn","Personer 16 år og over (prosent)","2021",0
"Oppland (-2019)","Videregående skolenivå","Begge kjønn","Personer 16 år og over","2021",0
"Oppland (-2019)","Videregående skolenivå","Begge kjønn","Personer 16 år og over (prosent)","2021",0
"Oppland (-2019)","Universitets- og høgskolenivå, kort","Begge kjønn","Personer 16 år og over","2021",0
"Oppland (-2019)","Universitets- og høgskolenivå, kort","Begge kjønn","Personer 16 år og over (prosent)","2021",0
"Oppland (-2019)","Universitets- og høgskolenivå, lang","Begge kjønn","Personer 16 år og over","2021",0
"Oppland (-2019)","Universitets- og høgskolenivå, lang","Begge kjønn","Personer 16 år og over (prosent)","2021",0
"Lillehammer (-2019)","Utdanningsnivå i alt","Begge kjønn","Personer 16 år og over","2021",0
"Lillehammer (-2019)","Utdanningsnivå i alt","Begge kjønn","Personer 16 år og over (prosent)","2021",0
"Lillehammer (-2019)","Videregående skolenivå","Begge kjønn","Personer 16 år og over","2021",0
"Lillehammer (-2019)","Videregående skolenivå","Begge kjønn","Personer 16 år og over (prosent)","2021",0
"Lillehammer (-2019)","Universitets- og høgskolenivå, kort","Begge kjønn","Personer 16 år og over","2021",0
"Lillehammer (-2019)","Universitets- og høgskolenivå, kort","Begge kjønn","Personer 16 år og over (prosent)","2021",0
"Lillehammer (-2019)","Universitets- og høgskolenivå, lang","Begge kjønn","Personer 16 år og over","2021",0
"Lillehammer (-2019)","Universitets- og høgskolenivå, lang","Begge kjønn","Personer 16 år og over (prosent)","2021",0
"Gjøvik (-2019)","Utdanningsnivå i alt","Begge kjønn","Personer 16 år og over","2021",0
"Gjøvik (-2019)","Utdanningsnivå i alt","Begge kjønn","Personer 16 år og over (prosent)","2021",0
"Gjøvik (-2019)","Videregående skolenivå","Begge kjønn","Personer 16 år og over","2021",0
"Gjøvik (-2019)","Videregående skolenivå","Begge kjønn","Personer 16 år og over (prosent)","2021",0
"Gjøvik (-2019)","Universitets- og høgskolenivå, kort","Begge kjønn","Personer 16 år og over","2021",0
"Gjøvik (-2019)","Universitets- og høgskolenivå, kort","Begge kjønn","Personer 16 år og over (prosent)","2021",0
"Gjøvik (-2019)","Universitets- og høgskolenivå, lang","Begge kjønn","Personer 16 år og over","2021",0
"Gjøvik (-2019)","Universitets- og høgskolenivå, lang","Begge kjønn","Personer 16 år og over (prosent)","2021",0
"Dovre (-2019)","Utdanningsnivå i alt","Begge kjønn","Personer 16 år og over","2021",0
"Dovre (-2019)","Utdanningsnivå i alt","Begge kjønn","Personer 16 år og over (prosent)","2021",0
"Dovre (-2019)","Videregående skolenivå","Begge kjønn","Personer 16 år og over","2021",0
"Dovre (-2019)","Videregående skolenivå","Begge kjønn","Personer 16 år og over (prosent)","2021",0
"Dovre (-2019)","Universitets- og høgskolenivå, kort","Begge kjønn","Personer 16 år og over","2021",0
"Dovre (-2019)","Universitets- og høgskolenivå, kort","Begge kjønn","Personer 16 år og over (prosent)","2021",0
"Dovre (-2019)","Universitets- og høgskolenivå, lang","Begge kjønn","Personer 16 år og over","2021",0
"Dovre (-2019)","Universitets- og høgskolenivå, lang","Begge kjønn","Personer 16 år og over (prosent)","2021",0
"Lesja (-2019)","Utdanningsnivå i alt","Begge kjønn","Personer 16 år og over","2021",0
"Lesja (-2019)","Utdanningsnivå i alt","Begge kjønn","Personer 16 år og over (prosent)","2021",0
"Lesja (-2019)","Videregående skolenivå","Begge kjønn","Personer 16 år og over","2021",0
"Lesja (-2019)","Videregående skolenivå","Begge kjønn","Personer 16 år og over (prosent)","2021",0
"Lesja (-2019)","Universitets- og høgskolenivå, kort","Begge kjønn","Personer 16 år og over","2021",0
"Lesja (-2019)","Universitets- og høgskolenivå, kort","Begge kjønn","Personer 16 år og over (prosent)","2021",0
"Lesja (-2019)","Universitets- og høgskolenivå, lang","Begge kjønn","Personer 16 år og over","2021",0
"Lesja (-2019)","Universitets- og høgskolenivå, lang","Begge kjønn","Personer 16 år og over (prosent)","2021",0
"Skjåk (-2019)","Utdanningsnivå i alt","Begge kjønn","Personer 16 år og over","2021",0
"Skjåk (-2019)","Utdanningsnivå i alt","Begge kjønn","Personer 16 år og over (prosent)","2021",0
"Skjåk (-2019)","Videregående skolenivå","Begge kjønn","Personer 16 år og over","2021",0
"Skjåk (-2019)","Videregående skolenivå","Begge kjønn","Personer 16 år og over (prosent)","2021",0
"Skjåk (-2019)","Universitets- og høgskolenivå, kort","Begge kjønn","Personer 16 år og over","2021",0
"Skjåk (-2019)","Universitets- og høgskolenivå, kort","Begge kjønn","Personer 16 år og over (prosent)","2021",0
"Skjåk (-2019)","Universitets- og høgskolenivå, lang","Begge kjønn","Personer 16 år og over","2021",0
"Skjåk (-2019)","Universitets- og høgskolenivå, lang","Begge kjønn","Personer 16 år og over (prosent)","2021",0
"Lom (-2019)","Utdanningsnivå i alt","Begge kjønn","Personer 16 år og over","2021",0
"Lom (-2019)","Utdanningsnivå i alt","Begge kjønn","Personer 16 år og over (prosent)","2021",0
"Lom (-2019)","Videregående skolenivå","Begge kjønn","Personer 16 år og over","2021",0
"Lom (-2019)","Videregående skolenivå","Begge kjønn","Personer 16 år og over (prosent)","2021",0
"Lom (-2019)","Universitets- og høgskolenivå, kort","Begge kjønn","Personer 16 år og over","2021",0
"Lom (-2019)","Universitets- og høgskolenivå, kort","Begge kjønn","Personer 16 år og over (prosent)","2021",0
"Lom (-2019)","Universitets- og høgskolenivå, lang","Begge kjønn","Personer 16 år og over","2021",0
"Lom (-2019)","Universitets- og høgskolenivå, lang","Begge kjønn","Personer 16 år og over (prosent)","2021",0
"Vågå (-2019)","Utdanningsnivå i alt","Begge kjønn","Personer 16 år og over","2021",0
"Vågå (-2019)","Utdanningsnivå i alt","Begge kjønn","Personer 16 år og over (prosent)","2021",0
"Vågå (-2019)","Videregående skolenivå","Begge kjønn","Personer 16 år og over","2021",0
"Vågå (-2019)","Videregående skolenivå","Begge kjønn","Personer 16 år og over (prosent)","2021",0
"Vågå (-2019)","Universitets- og høgskolenivå, kort","Begge kjønn","Personer 16 år og over","2021",0
"Vågå (-2019)","Universitets- og høgskolenivå, kort","Begge kjønn","Personer 16 år og over (prosent)","2021",0
"Vågå (-2019)","Universitets- og høgskolenivå, lang","Begge kjønn","Personer 16 år og over","2021",0
"Vågå (-2019)","Universitets- og høgskolenivå, lang","Begge kjønn","Personer 16 år og over (prosent)","2021",0
"Nord-Fron (1977-2019)","Utdanningsnivå i alt","Begge kjønn","Personer 16 år og over","2021",0
"Nord-Fron (1977-2019)","Utdanningsnivå i alt","Begge kjønn","Personer 16 år og over (prosent)","2021",0
"Nord-Fron (1977-2019)","Videregående skolenivå","Begge kjønn","Personer 16 år og over","2021",0
"Nord-Fron (1977-2019)","Videregående skolenivå","Begge kjønn","Personer 16 år og over (prosent)","2021",0
"Nord-Fron (1977-2019)","Universitets- og høgskolenivå, kort","Begge kjønn","Personer 16 år og over","2021",0
"Nord-Fron (1977-2019)","Universitets- og høgskolenivå, kort","Begge kjønn","Personer 16 år og over (prosent)","2021",0
"Nord-Fron (1977-2019)","Universitets- og høgskolenivå, lang","Begge kjønn","Personer 16 år og over","2021",0
"Nord-Fron (1977-2019)","Universitets- og høgskolenivå, lang","Begge kjønn","Personer 16 år og over (prosent)","2021",0
"Sel (1908-2019)","Utdanningsnivå i alt","Begge kjønn","Personer 16 år og over","2021",0
"Sel (1908-2019)","Utdanningsnivå i alt","Begge kjønn","Personer 16 år og over (prosent)","2021",0
"Sel (1908-2019)","Videregående skolenivå","Begge kjønn","Personer 16 år og over","2021",0
"Sel (1908-2019)","Videregående skolenivå","Begge kjønn","Personer 16 år og over (prosent)","2021",0
"Sel (1908-2019)","Universitets- og høgskolenivå, kort","Begge kjønn","Personer 16 år og over","2021",0
"Sel (1908-2019)","Universitets- og høgskolenivå, kort","Begge kjønn","Personer 16 år og over (prosent)","2021",0
"Sel (1908-2019)","Universitets- og høgskolenivå, lang","Begge kjønn","Personer 16 år og over","2021",0
"Sel (1908-2019)","Universitets- og høgskolenivå, lang","Begge kjønn","Personer 16 år og over (prosent)","2021",0
"Fron (1966-1976)","Utdanningsnivå i alt","Begge kjønn","Personer 16 år og over","2021",0
"Fron (1966-1976)","Utdanningsnivå i alt","Begge kjønn","Personer 16 år og over (prosent)","2021",0
"Fron (1966-1976)","Videregående skolenivå","Begge kjønn","Personer 16 år og over","2021",0
"Fron (1966-1976)","Videregående skolenivå","Begge kjønn","Personer 16 år og over (prosent)","2021",0
"Fron (1966-1976)","Universitets- og høgskolenivå, kort","Begge kjønn","Personer 16 år og over","2021",0
"Fron (1966-1976)","Universitets- og høgskolenivå, kort","Begge kjønn","Personer 16 år og over (prosent)","2021",0
"Fron (1966-1976)","Universitets- og høgskolenivå, lang","Begge kjønn","Personer 16 år og over","2021",0
"Fron (1966-1976)","Universitets- og høgskolenivå, lang","Begge kjønn","Personer 16 år og over (prosent)","2021",0
"Sør-Fron (-2019)","Utdanningsnivå i alt","Begge kjønn","Personer 16 år og over","2021",0
"Sør-Fron (-2019)","Utdanningsnivå i alt","Begge kjønn","Personer 16 år og over (prosent)","2021",0
"Sør-Fron (-2019)","Videregående skolenivå","Begge kjønn","Personer 16 år og over","2021",0
"Sør-Fron (-2019)","Videregående skolenivå","Begge kjønn","Personer 16 år og over (prosent)","2021",0
"Sør-Fron (-2019)","Universitets- og høgskolenivå, kort","Begge kjønn","Personer 16 år og over","2021",0
"Sør-Fron (-2019)","Universitets- og høgskolenivå, kort","Begge kjønn","Personer 16 år og over (prosent)","2021",0
"Sør-Fron (-2019)","Universitets- og høgskolenivå, lang","Begge kjønn","Personer 16 år og over","2021",0
"Sør-Fron (-2019)","Universitets- og høgskolenivå, lang","Begge kjønn","Personer 16 år og over (prosent)","2021",0
"Ringebu (-2019)","Utdanningsnivå i alt","Begge kjønn","Personer 16 år og over","2021",0
"Ringebu (-2019)","Utdanningsnivå i alt","Begge kjønn","Personer 16 år og over (prosent)","2021",0
"Ringebu (-2019)","Videregående skolenivå","Begge kjønn","Personer 16 år og over","2021",0
"Ringebu (-2019)","Videregående skolenivå","Begge kjønn","Personer 16 år og over (prosent)","2021",0
"Ringebu (-2019)","Universitets- og høgskolenivå, kort","Begge kjønn","Personer 16 år og over","2021",0
"Ringebu (-2019)","Universitets- og høgskolenivå, kort","Begge kjønn","Personer 16 år og over (prosent)","2021",0
"Ringebu (-2019)","Universitets- og høgskolenivå, lang","Begge kjønn","Personer 16 år og over","2021",0
"Ringebu (-2019)","Universitets- og høgskolenivå, lang","Begge kjønn","Personer 16 år og over (prosent)","2021",0
"Øyer (-2019)","Utdanningsnivå i alt","Begge kjønn","Personer 16 år og over","2021",0
"Øyer (-2019)","Utdanningsnivå i alt","Begge kjønn","Personer 16 år og over (prosent)","2021",0
"Øyer (-2019)","Videregående skolenivå","Begge kjønn","Personer 16 år og over","2021",0
"Øyer (-2019)","Videregående skolenivå","Begge kjønn","Personer 16 år og over (prosent)","2021",0
"Øyer (-2019)","Universitets- og høgskolenivå, kort","Begge kjønn","Personer 16 år og over","2021",0
"Øyer (-2019)","Universitets- og høgskolenivå, kort","Begge kjønn","Personer 16 år og over (prosent)","2021",0
"Øyer (-2019)","Universitets- og høgskolenivå, lang","Begge kjønn","Personer 16 år og over","2021",0
"Øyer (-2019)","Universitets- og høgskolenivå, lang","Begge kjønn","Personer 16 år og over (prosent)","2021",0
"Gausdal (1962-2019)","Utdanningsnivå i alt","Begge kjønn","Personer 16 år og over","2021",0
"Gausdal (1962-2019)","Utdanningsnivå i alt","Begge kjønn","Personer 16 år og over (prosent)","2021",0
"Gausdal (1962-2019)","Videregående skolenivå","Begge kjønn","Personer 16 år og over","2021",0
"Gausdal (1962-2019)","Videregående skolenivå","Begge kjønn","Personer 16 år og over (prosent)","2021",0
"Gausdal (1962-2019)","Universitets- og høgskolenivå, kort","Begge kjønn","Personer 16 år og over","2021",0
"Gausdal (1962-2019)","Universitets- og høgskolenivå, kort","Begge kjønn","Personer 16 år og over (prosent)","2021",0
"Gausdal (1962-2019)","Universitets- og høgskolenivå, lang","Begge kjønn","Personer 16 år og over","2021",0
"Gausdal (1962-2019)","Universitets- og høgskolenivå, lang","Begge kjønn","Personer 16 år og over (prosent)","2021",0
"Østre Toten (-2019)","Utdanningsnivå i alt","Begge kjønn","Personer 16 år og over","2021",0
"Østre Toten (-2019)","Utdanningsnivå i alt","Begge kjønn","Personer 16 år og over (prosent)","2021",0
"Østre Toten (-2019)","Videregående skolenivå","Begge kjønn","Personer 16 år og over","2021",0
"Østre Toten (-2019)","Videregående skolenivå","Begge kjønn","Personer 16 år og over (prosent)","2021",0
"Østre Toten (-2019)","Universitets- og høgskolenivå, kort","Begge kjønn","Personer 16 år og over","2021",0
"Østre Toten (-2019)","Universitets- og høgskolenivå, kort","Begge kjønn","Personer 16 år og over (prosent)","2021",0
"Østre Toten (-2019)","Universitets- og høgskolenivå, lang","Begge kjønn","Personer 16 år og over","2021",0
"Østre Toten (-2019)","Universitets- og høgskolenivå, lang","Begge kjønn","Personer 16 år og over (prosent)","2021",0
"Vestre Toten (-2019)","Utdanningsnivå i alt","Begge kjønn","Personer 16 år og over","2021",0
"Vestre Toten (-2019)","Utdanningsnivå i alt","Begge kjønn","Personer 16 år og over (prosent)","2021",0
"Vestre Toten (-2019)","Videregående skolenivå","Begge kjønn","Personer 16 år og over","2021",0
"Vestre Toten (-2019)","Videregående skolenivå","Begge kjønn","Personer 16 år og over (prosent)","2021",0
"Vestre Toten (-2019)","Universitets- og høgskolenivå, kort","Begge kjønn","Personer 16 år og over","2021",0
"Vestre Toten (-2019)","Universitets- og høgskolenivå, kort","Begge kjønn","Personer 16 år og over (prosent)","2021",0
"Vestre Toten (-2019)","Universitets- og høgskolenivå, lang","Begge kjønn","Personer 16 år og over","2021",0
"Vestre Toten (-2019)","Universitets- og høgskolenivå, lang","Begge kjønn","Personer 16 år og over (prosent)","2021",0
"Jevnaker (-2019)","Utdanningsnivå i alt","Begge kjønn","Personer 16 år og over","2021",0
"Jevnaker (-2019)","Utdanningsnivå i alt","Begge kjønn","Personer 16 år og over (prosent)","2021",0
"Jevnaker (-2019)","Videregående skolenivå","Begge kjønn","Personer 16 år og over","2021",0
"Jevnaker (-2019)","Videregående skolenivå","Begge kjønn","Personer 16 år og over (prosent)","2021",0
"Jevnaker (-2019)","Universitets- og høgskolenivå, kort","Begge kjønn","Personer 16 år og over","2021",0
"Jevnaker (-2019)","Universitets- og høgskolenivå, kort","Begge kjønn","Personer 16 år og over (prosent)","2021",0
"Jevnaker (-2019)","Universitets- og høgskolenivå, lang","Begge kjønn","Personer 16 år og over","2021",0
"Jevnaker (-2019)","Universitets- og høgskolenivå, lang","Begge kjønn","Personer 16 år og over (prosent)","2021",0
"Lunner (-2019)","Utdanningsnivå i alt","Begge kjønn","Personer 16 år og over","2021",0
"Lunner (-2019)","Utdanningsnivå i alt","Begge kjønn","Personer 16 år og over (prosent)","2021",0
"Lunner (-2019)","Videregående skolenivå","Begge kjønn","Personer 16 år og over","2021",0
"Lunner (-2019)","Videregående skolenivå","Begge kjønn","Personer 16 år og over (prosent)","2021",0
"Lunner (-2019)","Universitets- og høgskolenivå, kort","Begge kjønn","Personer 16 år og over","2021",0
"Lunner (-2019)","Universitets- og høgskolenivå, kort","Begge kjønn","Personer 16 år og over (prosent)","2021",0
"Lunner (-2019)","Universitets- og høgskolenivå, lang","Begge kjønn","Personer 16 år og over","2021",0
"Lunner (-2019)","Universitets- og høgskolenivå, lang","Begge kjønn","Personer 16 år og over (prosent)","2021",0
"Gran (-2019)","Utdanningsnivå i alt","Begge kjønn","Personer 16 år og over","2021",0
"Gran (-2019)","Utdanningsnivå i alt","Begge kjønn","Personer 16 år og over (prosent)","2021",0
"Gran (-2019)","Videregående skolenivå","Begge kjønn","Personer 16 år og over","2021",0
"Gran (-2019)","Videregående skolenivå","Begge kjønn","Personer 16 år og over (prosent)","2021",0
"Gran (-2019)","Universitets- og høgskolenivå, kort","Begge kjønn","Personer 16 år og over","2021",0
"Gran (-2019)","Universitets- og høgskolenivå, kort","Begge kjønn","Personer 16 år og over (prosent)","2021",0
"Gran (-2019)","Universitets- og høgskolenivå, lang","Begge kjønn","Personer 16 år og over","2021",0
"Gran (-2019)","Universitets- og høgskolenivå, lang","Begge kjønn","Personer 16 år og over (prosent)","2021",0
"Søndre Land (-2019)","Utdanningsnivå i alt","Begge kjønn","Personer 16 år og over","2021",0
"Søndre Land (-2019)","Utdanningsnivå i alt","Begge kjønn","Personer 16 år og over (prosent)","2021",0
"Søndre Land (-2019)","Videregående skolenivå","Begge kjønn","Personer 16 år og over","2021",0
"Søndre Land (-2019)","Videregående skolenivå","Begge kjønn","Personer 16 år og over (prosent)","2021",0
"Søndre Land (-2019)","Universitets- og høgskolenivå, kort","Begge kjønn","Personer 16 år og over","2021",0
"Søndre Land (-2019)","Universitets- og høgskolenivå, kort","Begge kjønn","Personer 16 år og over (prosent)","2021",0
"Søndre Land (-2019)","Universitets- og høgskolenivå, lang","Begge kjønn","Personer 16 år og over","2021",0
"Søndre Land (-2019)","Universitets- og høgskolenivå, lang","Begge kjønn","Personer 16 år og over (prosent)","2021",0
"Nordre Land (-2019)","Utdanningsnivå i alt","Begge kjønn","Personer 16 år og over","2021",0
"Nordre Land (-2019)","Utdanningsnivå i alt","Begge kjønn","Personer 16 år og over (prosent)","2021",0
"Nordre Land (-2019)","Videregående skolenivå","Begge kjønn","Personer 16 år og over","2021",0
"Nordre Land (-2019)","Videregående skolenivå","Begge kjønn","Personer 16 år og over (prosent)","2021",0
"Nordre Land (-2019)","Universitets- og høgskolenivå, kort","Begge kjønn","Personer 16 år og over","2021",0
"Nordre Land (-2019)","Universitets- og høgskolenivå, kort","Begge kjønn","Personer 16 år og over (prosent)","2021",0
"Nordre Land (-2019)","Universitets- og høgskolenivå, lang","Begge kjønn","Personer 16 år og over","2021",0
"Nordre Land (-2019)","Universitets- og høgskolenivå, lang","Begge kjønn","Personer 16 år og over (prosent)","2021",0
"Sør-Aurdal (-2019)","Utdanningsnivå i alt","Begge kjønn","Personer 16 år og over","2021",0
"Sør-Aurdal (-2019)","Utdanningsnivå i alt","Begge kjønn","Personer 16 år og over (prosent)","2021",0
"Sør-Aurdal (-2019)","Videregående skolenivå","Begge kjønn","Personer 16 år og over","2021",0
"Sør-Aurdal (-2019)","Videregående skolenivå","Begge kjønn","Personer 16 år og over (prosent)","2021",0
"Sør-Aurdal (-2019)","Universitets- og høgskolenivå, kort","Begge kjønn","Personer 16 år og over","2021",0
"Sør-Aurdal (-2019)","Universitets- og høgskolenivå, kort","Begge kjønn","Personer 16 år og over (prosent)","2021",0
"Sør-Aurdal (-2019)","Universitets- og høgskolenivå, lang","Begge kjønn","Personer 16 år og over","2021",0
"Sør-Aurdal (-2019)","Universitets- og høgskolenivå, lang","Begge kjønn","Personer 16 år og over (prosent)","2021",0
"Etnedal (-2019)","Utdanningsnivå i alt","Begge kjønn","Personer 16 år og over","2021",0
"Etnedal (-2019)","Utdanningsnivå i alt","Begge kjønn","Personer 16 år og over (prosent)","2021",0
"Etnedal (-2019)","Videregående skolenivå","Begge kjønn","Personer 16 år og over","2021",0
"Etnedal (-2019)","Videregående skolenivå","Begge kjønn","Personer 16 år og over (prosent)","2021",0
"Etnedal (-2019)","Universitets- og høgskolenivå, kort","Begge kjønn","Personer 16 år og over","2021",0
"Etnedal (-2019)","Universitets- og høgskolenivå, kort","Begge kjønn","Personer 16 år og over (prosent)","2021",0
"Etnedal (-2019)","Universitets- og høgskolenivå, lang","Begge kjønn","Personer 16 år og over","2021",0
"Etnedal (-2019)","Universitets- og høgskolenivå, lang","Begge kjønn","Personer 16 år og over (prosent)","2021",0
"Nord-Aurdal (-2019)","Utdanningsnivå i alt","Begge kjønn","Personer 16 år og over","2021",0
"Nord-Aurdal (-2019)","Utdanningsnivå i alt","Begge kjønn","Personer 16 år og over (prosent)","2021",0
"Nord-Aurdal (-2019)","Videregående skolenivå","Begge kjønn","Personer 16 år og over","2021",0
"Nord-Aurdal (-2019)","Videregående skolenivå","Begge kjønn","Personer 16 år og over (prosent)","2021",0
"Nord-Aurdal (-2019)","Universitets- og høgskolenivå, kort","Begge kjønn","Personer 16 år og over","2021",0
"Nord-Aurdal (-2019)","Universitets- og høgskolenivå, kort","Begge kjønn","Personer 16 år og over (prosent)","2021",0
"Nord-Aurdal (-2019)","Universitets- og høgskolenivå, lang","Begge kjønn","Personer 16 år og over","2021",0
"Nord-Aurdal (-2019)","Universitets- og høgskolenivå, lang","Begge kjønn","Personer 16 år og over (prosent)","2021",0
"Vestre Slidre (-2019)","Utdanningsnivå i alt","Begge kjønn","Personer 16 år og over","2021",0
"Vestre Slidre (-2019)","Utdanningsnivå i alt","Begge kjønn","Personer 16 år og over (prosent)","2021",0
"Vestre Slidre (-2019)","Videregående skolenivå","Begge kjønn","Personer 16 år og over","2021",0
"Vestre Slidre (-2019)","Videregående skolenivå","Begge kjønn","Personer 16 år og over (prosent)","2021",0
"Vestre Slidre (-2019)","Universitets- og høgskolenivå, kort","Begge kjønn","Personer 16 år og over","2021",0
"Vestre Slidre (-2019)","Universitets- og høgskolenivå, kort","Begge kjønn","Personer 16 år og over (prosent)","2021",0
"Vestre Slidre (-2019)","Universitets- og høgskolenivå, lang","Begge kjønn","Personer 16 år og over","2021",0
"Vestre Slidre (-2019)","Universitets- og høgskolenivå, lang","Begge kjønn","Personer 16 år og over (prosent)","2021",0
"Øystre Slidre (-2019)","Utdanningsnivå i alt","Begge kjønn","Personer 16 år og over","2021",0
"Øystre Slidre (-2019)","Utdanningsnivå i alt","Begge kjønn","Personer 16 år og over (prosent)","2021",0
"Øystre Slidre (-2019)","Videregående skolenivå","Begge kjønn","Personer 16 år og over","2021",0
"Øystre Slidre (-2019)","Videregående skolenivå","Begge kjønn","Personer 16 år og over (prosent)","2021",0
"Øystre Slidre (-2019)","Universitets- og høgskolenivå, kort","Begge kjønn","Personer 16 år og over","2021",0
"Øystre Slidre (-2019)","Universitets- og høgskolenivå, kort","Begge kjønn","Personer 16 år og over (prosent)","2021",0
"Øystre Slidre (-2019)","Universitets- og høgskolenivå, lang","Begge kjønn","Personer 16 år og over","2021",0
"Øystre Slidre (-2019)","Universitets- og høgskolenivå, lang","Begge kjønn","Personer 16 år og over (prosent)","2021",0
"Vang (-2019)","Utdanningsnivå i alt","Begge kjønn","Personer 16 år og over","2021",0
"Vang (-2019)","Utdanningsnivå i alt","Begge kjønn","Personer 16 år og over (prosent)","2021",0
"Vang (-2019)","Videregående skolenivå","Begge kjønn","Personer 16 år og over","2021",0
"Vang (-2019)","Videregående skolenivå","Begge kjønn","Personer 16 år og over (prosent)","2021",0
"Vang (-2019)","Universitets- og høgskolenivå, kort","Begge kjønn","Personer 16 år og over","2021",0
"Vang (-2019)","Universitets- og høgskolenivå, kort","Begge kjønn","Personer 16 år og over (prosent)","2021",0
"Vang (-2019)","Universitets- og høgskolenivå, lang","Begge kjønn","Personer 16 år og over","2021",0
"Vang (-2019)","Universitets- og høgskolenivå, lang","Begge kjønn","Personer 16 år og over (prosent)","2021",0
"Uoppgitt kommune Oppland","Utdanningsnivå i alt","Begge kjønn","Personer 16 år og over","2021",0
"Uoppgitt kommune Oppland","Utdanningsnivå i alt","Begge kjønn","Personer 16 år og over (prosent)","2021",0
"Uoppgitt kommune Oppland","Videregående skolenivå","Begge kjønn","Personer 16 år og over","2021",0
"Uoppgitt kommune Oppland","Videregående skolenivå","Begge kjønn","Personer 16 år og over (prosent)","2021",0
"Uoppgitt kommune Oppland","Universitets- og høgskolenivå, kort","Begge kjønn","Personer 16 år og over","2021",0
"Uoppgitt kommune Oppland","Universitets- og høgskolenivå, kort","Begge kjønn","Personer 16 år og over (prosent)","2021",0
"Uoppgitt kommune Oppland","Universitets- og høgskolenivå, lang","Begge kjønn","Personer 16 år og over","2021",0
"Uoppgitt kommune Oppland","Universitets- og høgskolenivå, lang","Begge kjønn","Personer 16 år og over (prosent)","2021",0
"Buskerud (-2019)","Utdanningsnivå i alt","Begge kjønn","Personer 16 år og over","2021",0
"Buskerud (-2019)","Utdanningsnivå i alt","Begge kjønn","Personer 16 år og over (prosent)","2021",0
"Buskerud (-2019)","Videregående skolenivå","Begge kjønn","Personer 16 år og over","2021",0
"Buskerud (-2019)","Videregående skolenivå","Begge kjønn","Personer 16 år og over (prosent)","2021",0
"Buskerud (-2019)","Universitets- og høgskolenivå, kort","Begge kjønn","Personer 16 år og over","2021",0
"Buskerud (-2019)","Universitets- og høgskolenivå, kort","Begge kjønn","Personer 16 år og over (prosent)","2021",0
"Buskerud (-2019)","Universitets- og høgskolenivå, lang","Begge kjønn","Personer 16 år og over","2021",0
"Buskerud (-2019)","Universitets- og høgskolenivå, lang","Begge kjønn","Personer 16 år og over (prosent)","2021",0
"Vestfold og Telemark (2020-2023)","Utdanningsnivå i alt","Begge kjønn","Personer 16 år og over","2021",352002
"Vestfold og Telemark (2020-2023)","Utdanningsnivå i alt","Begge kjønn","Personer 16 år og over (prosent)","2021",100
"Vestfold og Telemark (2020-2023)","Videregående skolenivå","Begge kjønn","Personer 16 år og over","2021",139758
"Vestfold og Telemark (2020-2023)","Videregående skolenivå","Begge kjønn","Personer 16 år og over (prosent)","2021",39.9
"Vestfold og Telemark (2020-2023)","Universitets- og høgskolenivå, kort","Begge kjønn","Personer 16 år og over","2021",83252
"Vestfold og Telemark (2020-2023)","Universitets- og høgskolenivå, kort","Begge kjønn","Personer 16 år og over (prosent)","2021",23.8
"Vestfold og Telemark (2020-2023)","Universitets- og høgskolenivå, lang","Begge kjønn","Personer 16 år og over","2021",25662
"Vestfold og Telemark (2020-2023)","Universitets- og høgskolenivå, lang","Begge kjønn","Personer 16 år og over (prosent)","2021",7.3
"Horten (2020-2023)","Utdanningsnivå i alt","Begge kjønn","Personer 16 år og over","2021",23026
"Horten (2020-2023)","Utdanningsnivå i alt","Begge kjønn","Personer 16 år og over (prosent)","2021",100
"Horten (2020-2023)","Videregående skolenivå","Begge kjønn","Personer 16 år og over","2021",8827
"Horten (2020-2023)","Videregående skolenivå","Begge kjønn","Personer 16 år og over (prosent)","2021",38.6
"Horten (2020-2023)","Universitets- og høgskolenivå, kort","Begge kjønn","Personer 16 år og over","2021",5932
"Horten (2020-2023)","Universitets- og høgskolenivå, kort","Begge kjønn","Personer 16 år og over (prosent)","2021",25.9
"Horten (2020-2023)","Universitets- og høgskolenivå, lang","Begge kjønn","Personer 16 år og over","2021",1837
"Horten (2020-2023)","Universitets- og høgskolenivå, lang","Begge kjønn","Personer 16 år og over (prosent)","2021",8
"Holmestrand (2020-2023)","Utdanningsnivå i alt","Begge kjønn","Personer 16 år og over","2021",21062
"Holmestrand (2020-2023)","Utdanningsnivå i alt","Begge kjønn","Personer 16 år og over (prosent)","2021",100
"Holmestrand (2020-2023)","Videregående skolenivå","Begge kjønn","Personer 16 år og over","2021",8671
"Holmestrand (2020-2023)","Videregående skolenivå","Begge kjønn","Personer 16 år og over (prosent)","2021",41.4
"Holmestrand (2020-2023)","Universitets- og høgskolenivå, kort","Begge kjønn","Personer 16 år og over","2021",4698
"Holmestrand (2020-2023)","Universitets- og høgskolenivå, kort","Begge kjønn","Personer 16 år og over (prosent)","2021",22.4
"Holmestrand (2020-2023)","Universitets- og høgskolenivå, lang","Begge kjønn","Personer 16 år og over","2021",1420
"Holmestrand (2020-2023)","Universitets- og høgskolenivå, lang","Begge kjønn","Personer 16 år og over (prosent)","2021",6.8
"Tønsberg (2020-2023)","Utdanningsnivå i alt","Begge kjønn","Personer 16 år og over","2021",47526
"Tønsberg (2020-2023)","Utdanningsnivå i alt","Begge kjønn","Personer 16 år og over (prosent)","2021",100
"Tønsberg (2020-2023)","Videregående skolenivå","Begge kjønn","Personer 16 år og over","2021",17516
"Tønsberg (2020-2023)","Videregående skolenivå","Begge kjønn","Personer 16 år og over (prosent)","2021",37
"Tønsberg (2020-2023)","Universitets- og høgskolenivå, kort","Begge kjønn","Personer 16 år og over","2021",13007
"Tønsberg (2020-2023)","Universitets- og høgskolenivå, kort","Begge kjønn","Personer 16 år og over (prosent)","2021",27.5
"Tønsberg (2020-2023)","Universitets- og høgskolenivå, lang","Begge kjønn","Personer 16 år og over","2021",4507
"Tønsberg (2020-2023)","Universitets- og høgskolenivå, lang","Begge kjønn","Personer 16 år og over (prosent)","2021",9.5
"Sandefjord (2020-2023)","Utdanningsnivå i alt","Begge kjønn","Personer 16 år og over","2021",53420
"Sandefjord (2020-2023)","Utdanningsnivå i alt","Begge kjønn","Personer 16 år og over (prosent)","2021",100
"Sandefjord (2020-2023)","Videregående skolenivå","Begge kjønn","Personer 16 år og over","2021",21141
"Sandefjord (2020-2023)","Videregående skolenivå","Begge kjønn","Personer 16 år og over (prosent)","2021",39.9
"Sandefjord (2020-2023)","Universitets- og høgskolenivå, kort","Begge kjønn","Personer 16 år og over","2021",12272
"Sandefjord (2020-2023)","Universitets- og høgskolenivå, kort","Begge kjønn","Personer 16 år og over (prosent)","2021",23.1
"Sandefjord (2020-2023)","Universitets- og høgskolenivå, lang","Begge kjønn","Personer 16 år og over","2021",3710
"Sandefjord (2020-2023)","Universitets- og høgskolenivå, lang","Begge kjønn","Personer 16 år og over (prosent)","2021",7
"Larvik (2020-2023)","Utdanningsnivå i alt","Begge kjønn","Personer 16 år og over","2021",39727
"Larvik (2020-2023)","Utdanningsnivå i alt","Begge kjønn","Personer 16 år og over (prosent)","2021",100
"Larvik (2020-2023)","Videregående skolenivå","Begge kjønn","Personer 16 år og over","2021",16310
"Larvik (2020-2023)","Videregående skolenivå","Begge kjønn","Personer 16 år og over (prosent)","2021",41.3
"Larvik (2020-2023)","Universitets- og høgskolenivå, kort","Begge kjønn","Personer 16 år og over","2021",8881
"Larvik (2020-2023)","Universitets- og høgskolenivå, kort","Begge kjønn","Personer 16 år og over (prosent)","2021",22.5
"Larvik (2020-2023)","Universitets- og høgskolenivå, lang","Begge kjønn","Personer 16 år og over","2021",2562
"Larvik (2020-2023)","Universitets- og høgskolenivå, lang","Begge kjønn","Personer 16 år og over (prosent)","2021",6.5
"Porsgrunn (2020-2023)","Utdanningsnivå i alt","Begge kjønn","Personer 16 år og over","2021",30510
"Porsgrunn (2020-2023)","Utdanningsnivå i alt","Begge kjønn","Personer 16 år og over (prosent)","2021",100
"Porsgrunn (2020-2023)","Videregående skolenivå","Begge kjønn","Personer 16 år og over","2021",11927
"Porsgrunn (2020-2023)","Videregående skolenivå","Begge kjønn","Personer 16 år og over (prosent)","2021",39.3
"Porsgrunn (2020-2023)","Universitets- og høgskolenivå, kort","Begge kjønn","Personer 16 år og over","2021",7015
"Porsgrunn (2020-2023)","Universitets- og høgskolenivå, kort","Begge kjønn","Personer 16 år og over (prosent)","2021",23.1
"Porsgrunn (2020-2023)","Universitets- og høgskolenivå, lang","Begge kjønn","Personer 16 år og over","2021",2377
"Porsgrunn (2020-2023)","Universitets- og høgskolenivå, lang","Begge kjønn","Personer 16 år og over (prosent)","2021",7.8
"Skien (2020-2023)","Utdanningsnivå i alt","Begge kjønn","Personer 16 år og over","2021",45788
"Skien (2020-2023)","Utdanningsnivå i alt","Begge kjønn","Personer 16 år og over (prosent)","2021",100
"Skien (2020-2023)","Videregående skolenivå","Begge kjønn","Personer 16 år og over","2021",17749
"Skien (2020-2023)","Videregående skolenivå","Begge kjønn","Personer 16 år og over (prosent)","2021",39
"Skien (2020-2023)","Universitets- og høgskolenivå, kort","Begge kjønn","Personer 16 år og over","2021",10559
"Skien (2020-2023)","Universitets- og høgskolenivå, kort","Begge kjønn","Personer 16 år og over (prosent)","2021",23.2
"Skien (2020-2023)","Universitets- og høgskolenivå, lang","Begge kjønn","Personer 16 år og over","2021",3232
"Skien (2020-2023)","Universitets- og høgskolenivå, lang","Begge kjønn","Personer 16 år og over (prosent)","2021",7.1
"Notodden (2020-2023)","Utdanningsnivå i alt","Begge kjønn","Personer 16 år og over","2021",10892
"Notodden (2020-2023)","Utdanningsnivå i alt","Begge kjønn","Personer 16 år og over (prosent)","2021",100
"Notodden (2020-2023)","Videregående skolenivå","Begge kjønn","Personer 16 år og over","2021",4479
"Notodden (2020-2023)","Videregående skolenivå","Begge kjønn","Personer 16 år og over (prosent)","2021",41.3
"Notodden (2020-2023)","Universitets- og høgskolenivå, kort","Begge kjønn","Personer 16 år og over","2021",2422
"Notodden (2020-2023)","Universitets- og høgskolenivå, kort","Begge kjønn","Personer 16 år og over (prosent)","2021",22.3
"Notodden (2020-2023)","Universitets- og høgskolenivå, lang","Begge kjønn","Personer 16 år og over","2021",607
"Notodden (2020-2023)","Universitets- og høgskolenivå, lang","Begge kjønn","Personer 16 år og over (prosent)","2021",5.6
"Færder (2020-2023)","Utdanningsnivå i alt","Begge kjønn","Personer 16 år og over","2021",22382
"Færder (2020-2023)","Utdanningsnivå i alt","Begge kjønn","Personer 16 år og over (prosent)","2021",100
"Færder (2020-2023)","Videregående skolenivå","Begge kjønn","Personer 16 år og over","2021",8170
"Færder (2020-2023)","Videregående skolenivå","Begge kjønn","Personer 16 år og over (prosent)","2021",36.7
"Færder (2020-2023)","Universitets- og høgskolenivå, kort","Begge kjønn","Personer 16 år og over","2021",6266
"Færder (2020-2023)","Universitets- og høgskolenivå, kort","Begge kjønn","Personer 16 år og over (prosent)","2021",28.1
"Færder (2020-2023)","Universitets- og høgskolenivå, lang","Begge kjønn","Personer 16 år og over","2021",2356
"Færder (2020-2023)","Universitets- og høgskolenivå, lang","Begge kjønn","Personer 16 år og over (prosent)","2021",10.6
"Siljan (2020-2023)","Utdanningsnivå i alt","Begge kjønn","Personer 16 år og over","2021",1927
"Siljan (2020-2023)","Utdanningsnivå i alt","Begge kjønn","Personer 16 år og over (prosent)","2021",100
"Siljan (2020-2023)","Videregående skolenivå","Begge kjønn","Personer 16 år og over","2021",891
"Siljan (2020-2023)","Videregående skolenivå","Begge kjønn","Personer 16 år og over (prosent)","2021",46.3
"Siljan (2020-2023)","Universitets- og høgskolenivå, kort","Begge kjønn","Personer 16 år og over","2021",401
"Siljan (2020-2023)","Universitets- og høgskolenivå, kort","Begge kjønn","Personer 16 år og over (prosent)","2021",20.9
"Siljan (2020-2023)","Universitets- og høgskolenivå, lang","Begge kjønn","Personer 16 år og over","2021",77
"Siljan (2020-2023)","Universitets- og høgskolenivå, lang","Begge kjønn","Personer 16 år og over (prosent)","2021",4
"Bamble (2020-2023)","Utdanningsnivå i alt","Begge kjønn","Personer 16 år og over","2021",11685
"Bamble (2020-2023)","Utdanningsnivå i alt","Begge kjønn","Personer 16 år og over (prosent)","2021",100
"Bamble (2020-2023)","Videregående skolenivå","Begge kjønn","Personer 16 år og over","2021",5027
"Bamble (2020-2023)","Videregående skolenivå","Begge kjønn","Personer 16 år og over (prosent)","2021",43.3
"Bamble (2020-2023)","Universitets- og høgskolenivå, kort","Begge kjønn","Personer 16 år og over","2021",2331
"Bamble (2020-2023)","Universitets- og høgskolenivå, kort","Begge kjønn","Personer 16 år og over (prosent)","2021",20.1
"Bamble (2020-2023)","Universitets- og høgskolenivå, lang","Begge kjønn","Personer 16 år og over","2021",559
"Bamble (2020-2023)","Universitets- og høgskolenivå, lang","Begge kjønn","Personer 16 år og over (prosent)","2021",4.8
"Kragerø (2020-2023)","Utdanningsnivå i alt","Begge kjønn","Personer 16 år og over","2021",8803
"Kragerø (2020-2023)","Utdanningsnivå i alt","Begge kjønn","Personer 16 år og over (prosent)","2021",100
"Kragerø (2020-2023)","Videregående skolenivå","Begge kjønn","Personer 16 år og over","2021",3705
"Kragerø (2020-2023)","Videregående skolenivå","Begge kjønn","Personer 16 år og over (prosent)","2021",42.3
"Kragerø (2020-2023)","Universitets- og høgskolenivå, kort","Begge kjønn","Personer 16 år og over","2021",1891
"Kragerø (2020-2023)","Universitets- og høgskolenivå, kort","Begge kjønn","Personer 16 år og over (prosent)","2021",21.6
"Kragerø (2020-2023)","Universitets- og høgskolenivå, lang","Begge kjønn","Personer 16 år og over","2021",440
"Kragerø (2020-2023)","Universitets- og høgskolenivå, lang","Begge kjønn","Personer 16 år og over (prosent)","2021",5
"Drangedal (2020-2023)","Utdanningsnivå i alt","Begge kjønn","Personer 16 år og over","2021",3436
"Drangedal (2020-2023)","Utdanningsnivå i alt","Begge kjønn","Personer 16 år og over (prosent)","2021",100
"Drangedal (2020-2023)","Videregående skolenivå","Begge kjønn","Personer 16 år og over","2021",1587
"Drangedal (2020-2023)","Videregående skolenivå","Begge kjønn","Personer 16 år og over (prosent)","2021",46.4
"Drangedal (2020-2023)","Universitets- og høgskolenivå, kort","Begge kjønn","Personer 16 år og over","2021",554
"Drangedal (2020-2023)","Universitets- og høgskolenivå, kort","Begge kjønn","Personer 16 år og over (prosent)","2021",16.2
"Drangedal (2020-2023)","Universitets- og høgskolenivå, lang","Begge kjønn","Personer 16 år og over","2021",115
"Drangedal (2020-2023)","Universitets- og høgskolenivå, lang","Begge kjønn","Personer 16 år og over (prosent)","2021",3.4
"Nome (2020-2023)","Utdanningsnivå i alt","Begge kjønn","Personer 16 år og over","2021",5465
"Nome (2020-2023)","Utdanningsnivå i alt","Begge kjønn","Personer 16 år og over (prosent)","2021",100
"Nome (2020-2023)","Videregående skolenivå","Begge kjønn","Personer 16 år og over","2021",2401
"Nome (2020-2023)","Videregående skolenivå","Begge kjønn","Personer 16 år og over (prosent)","2021",44.2
"Nome (2020-2023)","Universitets- og høgskolenivå, kort","Begge kjønn","Personer 16 år og over","2021",1117
"Nome (2020-2023)","Universitets- og høgskolenivå, kort","Begge kjønn","Personer 16 år og over (prosent)","2021",20.6
"Nome (2020-2023)","Universitets- og høgskolenivå, lang","Begge kjønn","Personer 16 år og over","2021",240
"Nome (2020-2023)","Universitets- og høgskolenivå, lang","Begge kjønn","Personer 16 år og over (prosent)","2021",4.4
"Midt-Telemark (2020-2023)","Utdanningsnivå i alt","Begge kjønn","Personer 16 år og over","2021",8649
"Midt-Telemark (2020-2023)","Utdanningsnivå i alt","Begge kjønn","Personer 16 år og over (prosent)","2021",100
"Midt-Telemark (2020-2023)","Videregående skolenivå","Begge kjønn","Personer 16 år og over","2021",3298
"Midt-Telemark (2020-2023)","Videregående skolenivå","Begge kjønn","Personer 16 år og over (prosent)","2021",38.4
"Midt-Telemark (2020-2023)","Universitets- og høgskolenivå, kort","Begge kjønn","Personer 16 år og over","2021",2254
"Midt-Telemark (2020-2023)","Universitets- og høgskolenivå, kort","Begge kjønn","Personer 16 år og over (prosent)","2021",26.2
"Midt-Telemark (2020-2023)","Universitets- og høgskolenivå, lang","Begge kjønn","Personer 16 år og over","2021",718
"Midt-Telemark (2020-2023)","Universitets- og høgskolenivå, lang","Begge kjønn","Personer 16 år og over (prosent)","2021",8.4
"Tinn (2020-2023)","Utdanningsnivå i alt","Begge kjønn","Personer 16 år og over","2021",4756
"Tinn (2020-2023)","Utdanningsnivå i alt","Begge kjønn","Personer 16 år og over (prosent)","2021",100
"Tinn (2020-2023)","Videregående skolenivå","Begge kjønn","Personer 16 år og over","2021",2270
"Tinn (2020-2023)","Videregående skolenivå","Begge kjønn","Personer 16 år og over (prosent)","2021",48
"Tinn (2020-2023)","Universitets- og høgskolenivå, kort","Begge kjønn","Personer 16 år og over","2021",879
"Tinn (2020-2023)","Universitets- og høgskolenivå, kort","Begge kjønn","Personer 16 år og over (prosent)","2021",18.6
"Tinn (2020-2023)","Universitets- og høgskolenivå, lang","Begge kjønn","Personer 16 år og over","2021",183
"Tinn (2020-2023)","Universitets- og høgskolenivå, lang","Begge kjønn","Personer 16 år og over (prosent)","2021",3.9
"Hjartdal (2020-2023)","Utdanningsnivå i alt","Begge kjønn","Personer 16 år og over","2021",1310
"Hjartdal (2020-2023)","Utdanningsnivå i alt","Begge kjønn","Personer 16 år og over (prosent)","2021",100
"Hjartdal (2020-2023)","Videregående skolenivå","Begge kjønn","Personer 16 år og over","2021",624
"Hjartdal (2020-2023)","Videregående skolenivå","Begge kjønn","Personer 16 år og over (prosent)","2021",47.8
"Hjartdal (2020-2023)","Universitets- og høgskolenivå, kort","Begge kjønn","Personer 16 år og over","2021",226
"Hjartdal (2020-2023)","Universitets- og høgskolenivå, kort","Begge kjønn","Personer 16 år og over (prosent)","2021",17.3
"Hjartdal (2020-2023)","Universitets- og høgskolenivå, lang","Begge kjønn","Personer 16 år og over","2021",47
"Hjartdal (2020-2023)","Universitets- og høgskolenivå, lang","Begge kjønn","Personer 16 år og over (prosent)","2021",3.6
"Seljord (2020-2023)","Utdanningsnivå i alt","Begge kjønn","Personer 16 år og over","2021",2401
"Seljord (2020-2023)","Utdanningsnivå i alt","Begge kjønn","Personer 16 år og over (prosent)","2021",100
"Seljord (2020-2023)","Videregående skolenivå","Begge kjønn","Personer 16 år og over","2021",1060
"Seljord (2020-2023)","Videregående skolenivå","Begge kjønn","Personer 16 år og over (prosent)","2021",44.3
"Seljord (2020-2023)","Universitets- og høgskolenivå, kort","Begge kjønn","Personer 16 år og over","2021",500
"Seljord (2020-2023)","Universitets- og høgskolenivå, kort","Begge kjønn","Personer 16 år og over (prosent)","2021",20.9
"Seljord (2020-2023)","Universitets- og høgskolenivå, lang","Begge kjønn","Personer 16 år og over","2021",152
"Seljord (2020-2023)","Universitets- og høgskolenivå, lang","Begge kjønn","Personer 16 år og over (prosent)","2021",6.4
"Kviteseid (2020-2023)","Utdanningsnivå i alt","Begge kjønn","Personer 16 år og over","2021",2108
"Kviteseid (2020-2023)","Utdanningsnivå i alt","Begge kjønn","Personer 16 år og over (prosent)","2021",100
"Kviteseid (2020-2023)","Videregående skolenivå","Begge kjønn","Personer 16 år og over","2021",891
"Kviteseid (2020-2023)","Videregående skolenivå","Begge kjønn","Personer 16 år og over (prosent)","2021",42.6
"Kviteseid (2020-2023)","Universitets- og høgskolenivå, kort","Begge kjønn","Personer 16 år og over","2021",456
"Kviteseid (2020-2023)","Universitets- og høgskolenivå, kort","Begge kjønn","Personer 16 år og over (prosent)","2021",21.8
"Kviteseid (2020-2023)","Universitets- og høgskolenivå, lang","Begge kjønn","Personer 16 år og over","2021",153
"Kviteseid (2020-2023)","Universitets- og høgskolenivå, lang","Begge kjønn","Personer 16 år og over (prosent)","2021",7.3
"Nissedal (2020-2023)","Utdanningsnivå i alt","Begge kjønn","Personer 16 år og over","2021",1169
"Nissedal (2020-2023)","Utdanningsnivå i alt","Begge kjønn","Personer 16 år og over (prosent)","2021",100
"Nissedal (2020-2023)","Videregående skolenivå","Begge kjønn","Personer 16 år og over","2021",496
"Nissedal (2020-2023)","Videregående skolenivå","Begge kjønn","Personer 16 år og over (prosent)","2021",42.9
"Nissedal (2020-2023)","Universitets- og høgskolenivå, kort","Begge kjønn","Personer 16 år og over","2021",254
"Nissedal (2020-2023)","Universitets- og høgskolenivå, kort","Begge kjønn","Personer 16 år og over (prosent)","2021",22
"Nissedal (2020-2023)","Universitets- og høgskolenivå, lang","Begge kjønn","Personer 16 år og over","2021",46
"Nissedal (2020-2023)","Universitets- og høgskolenivå, lang","Begge kjønn","Personer 16 år og over (prosent)","2021",4
"Fyresdal (2020-2023)","Utdanningsnivå i alt","Begge kjønn","Personer 16 år og over","2021",1020
"Fyresdal (2020-2023)","Utdanningsnivå i alt","Begge kjønn","Personer 16 år og over (prosent)","2021",100
"Fyresdal (2020-2023)","Videregående skolenivå","Begge kjønn","Personer 16 år og over","2021",483
"Fyresdal (2020-2023)","Videregående skolenivå","Begge kjønn","Personer 16 år og over (prosent)","2021",47.4
"Fyresdal (2020-2023)","Universitets- og høgskolenivå, kort","Begge kjønn","Personer 16 år og over","2021",228
"Fyresdal (2020-2023)","Universitets- og høgskolenivå, kort","Begge kjønn","Personer 16 år og over (prosent)","2021",22.4
"Fyresdal (2020-2023)","Universitets- og høgskolenivå, lang","Begge kjønn","Personer 16 år og over","2021",56
"Fyresdal (2020-2023)","Universitets- og høgskolenivå, lang","Begge kjønn","Personer 16 år og over (prosent)","2021",5.5
"Tokke (2020-2023)","Utdanningsnivå i alt","Begge kjønn","Personer 16 år og over","2021",1825
"Tokke (2020-2023)","Utdanningsnivå i alt","Begge kjønn","Personer 16 år og over (prosent)","2021",100
"Tokke (2020-2023)","Videregående skolenivå","Begge kjønn","Personer 16 år og over","2021",857
"Tokke (2020-2023)","Videregående skolenivå","Begge kjønn","Personer 16 år og over (prosent)","2021",47.2
"Tokke (2020-2023)","Universitets- og høgskolenivå, kort","Begge kjønn","Personer 16 år og over","2021",397
"Tokke (2020-2023)","Universitets- og høgskolenivå, kort","Begge kjønn","Personer 16 år og over (prosent)","2021",21.9
"Tokke (2020-2023)","Universitets- og høgskolenivå, lang","Begge kjønn","Personer 16 år og over","2021",83
"Tokke (2020-2023)","Universitets- og høgskolenivå, lang","Begge kjønn","Personer 16 år og over (prosent)","2021",4.6
"Vinje (2020-2023)","Utdanningsnivå i alt","Begge kjønn","Personer 16 år og over","2021",3115
"Vinje (2020-2023)","Utdanningsnivå i alt","Begge kjønn","Personer 16 år og over (prosent)","2021",100
"Vinje (2020-2023)","Videregående skolenivå","Begge kjønn","Personer 16 år og over","2021",1378
"Vinje (2020-2023)","Videregående skolenivå","Begge kjønn","Personer 16 år og over (prosent)","2021",44.5
"Vinje (2020-2023)","Universitets- og høgskolenivå, kort","Begge kjønn","Personer 16 år og over","2021",712
"Vinje (2020-2023)","Universitets- og høgskolenivå, kort","Begge kjønn","Personer 16 år og over (prosent)","2021",23
"Vinje (2020-2023)","Universitets- og høgskolenivå, lang","Begge kjønn","Personer 16 år og over","2021",185
"Vinje (2020-2023)","Universitets- og høgskolenivå, lang","Begge kjønn","Personer 16 år og over (prosent)","2021",6
"Ringerike (1964-1976)","Utdanningsnivå i alt","Begge kjønn","Personer 16 år og over","2021",0
"Ringerike (1964-1976)","Utdanningsnivå i alt","Begge kjønn","Personer 16 år og over (prosent)","2021",0
"Ringerike (1964-1976)","Videregående skolenivå","Begge kjønn","Personer 16 år og over","2021",0
"Ringerike (1964-1976)","Videregående skolenivå","Begge kjønn","Personer 16 år og over (prosent)","2021",0
"Ringerike (1964-1976)","Universitets- og høgskolenivå, kort","Begge kjønn","Personer 16 år og over","2021",0
"Ringerike (1964-1976)","Universitets- og høgskolenivå, kort","Begge kjønn","Personer 16 år og over (prosent)","2021",0
"Ringerike (1964-1976)","Universitets- og høgskolenivå, lang","Begge kjønn","Personer 16 år og over","2021",0
"Ringerike (1964-1976)","Universitets- og høgskolenivå, lang","Begge kjønn","Personer 16 år og over (prosent)","2021",0
"Drammen (-2019)","Utdanningsnivå i alt","Begge kjønn","Personer 16 år og over","2021",0
"Drammen (-2019)","Utdanningsnivå i alt","Begge kjønn","Personer 16 år og over (prosent)","2021",0
"Drammen (-2019)","Videregående skolenivå","Begge kjønn","Personer 16 år og over","2021",0
"Drammen (-2019)","Videregående skolenivå","Begge kjønn","Personer 16 år og over (prosent)","2021",0
"Drammen (-2019)","Universitets- og høgskolenivå, kort","Begge kjønn","Personer 16 år og over","2021",0
"Drammen (-2019)","Universitets- og høgskolenivå, kort","Begge kjønn","Personer 16 år og over (prosent)","2021",0
"Drammen (-2019)","Universitets- og høgskolenivå, lang","Begge kjønn","Personer 16 år og over","2021",0
"Drammen (-2019)","Universitets- og høgskolenivå, lang","Begge kjønn","Personer 16 år og over (prosent)","2021",0
"Kongsberg (-2019)","Utdanningsnivå i alt","Begge kjønn","Personer 16 år og over","2021",0
"Kongsberg (-2019)","Utdanningsnivå i alt","Begge kjønn","Personer 16 år og over (prosent)","2021",0
"Kongsberg (-2019)","Videregående skolenivå","Begge kjønn","Personer 16 år og over","2021",0
"Kongsberg (-2019)","Videregående skolenivå","Begge kjønn","Personer 16 år og over (prosent)","2021",0
"Kongsberg (-2019)","Universitets- og høgskolenivå, kort","Begge kjønn","Personer 16 år og over","2021",0
"Kongsberg (-2019)","Universitets- og høgskolenivå, kort","Begge kjønn","Personer 16 år og over (prosent)","2021",0
"Kongsberg (-2019)","Universitets- og høgskolenivå, lang","Begge kjønn","Personer 16 år og over","2021",0
"Kongsberg (-2019)","Universitets- og høgskolenivå, lang","Begge kjønn","Personer 16 år og over (prosent)","2021",0
"Ringerike (1977-2019)","Utdanningsnivå i alt","Begge kjønn","Personer 16 år og over","2021",0
"Ringerike (1977-2019)","Utdanningsnivå i alt","Begge kjønn","Personer 16 år og over (prosent)","2021",0
"Ringerike (1977-2019)","Videregående skolenivå","Begge kjønn","Personer 16 år og over","2021",0
"Ringerike (1977-2019)","Videregående skolenivå","Begge kjønn","Personer 16 år og over (prosent)","2021",0
"Ringerike (1977-2019)","Universitets- og høgskolenivå, kort","Begge kjønn","Personer 16 år og over","2021",0
"Ringerike (1977-2019)","Universitets- og høgskolenivå, kort","Begge kjønn","Personer 16 år og over (prosent)","2021",0
"Ringerike (1977-2019)","Universitets- og høgskolenivå, lang","Begge kjønn","Personer 16 år og over","2021",0
"Ringerike (1977-2019)","Universitets- og høgskolenivå, lang","Begge kjønn","Personer 16 år og over (prosent)","2021",0
"Hole (1977-2019)","Utdanningsnivå i alt","Begge kjønn","Personer 16 år og over","2021",0
"Hole (1977-2019)","Utdanningsnivå i alt","Begge kjønn","Personer 16 år og over (prosent)","2021",0
"Hole (1977-2019)","Videregående skolenivå","Begge kjønn","Personer 16 år og over","2021",0
"Hole (1977-2019)","Videregående skolenivå","Begge kjønn","Personer 16 år og over (prosent)","2021",0
"Hole (1977-2019)","Universitets- og høgskolenivå, kort","Begge kjønn","Personer 16 år og over","2021",0
"Hole (1977-2019)","Universitets- og høgskolenivå, kort","Begge kjønn","Personer 16 år og over (prosent)","2021",0
"Hole (1977-2019)","Universitets- og høgskolenivå, lang","Begge kjønn","Personer 16 år og over","2021",0
"Hole (1977-2019)","Universitets- og høgskolenivå, lang","Begge kjønn","Personer 16 år og over (prosent)","2021",0
"Flå (-2019)","Utdanningsnivå i alt","Begge kjønn","Personer 16 år og over","2021",0
"Flå (-2019)","Utdanningsnivå i alt","Begge kjønn","Personer 16 år og over (prosent)","2021",0
"Flå (-2019)","Videregående skolenivå","Begge kjønn","Personer 16 år og over","2021",0
"Flå (-2019)","Videregående skolenivå","Begge kjønn","Personer 16 år og over (prosent)","2021",0
"Flå (-2019)","Universitets- og høgskolenivå, kort","Begge kjønn","Personer 16 år og over","2021",0
"Flå (-2019)","Universitets- og høgskolenivå, kort","Begge kjønn","Personer 16 år og over (prosent)","2021",0
"Flå (-2019)","Universitets- og høgskolenivå, lang","Begge kjønn","Personer 16 år og over","2021",0
"Flå (-2019)","Universitets- og høgskolenivå, lang","Begge kjønn","Personer 16 år og over (prosent)","2021",0
"Nes (Buskerud) (-2019)","Utdanningsnivå i alt","Begge kjønn","Personer 16 år og over","2021",0
"Nes (Buskerud) (-2019)","Utdanningsnivå i alt","Begge kjønn","Personer 16 år og over (prosent)","2021",0
"Nes (Buskerud) (-2019)","Videregående skolenivå","Begge kjønn","Personer 16 år og over","2021",0
"Nes (Buskerud) (-2019)","Videregående skolenivå","Begge kjønn","Personer 16 år og over (prosent)","2021",0
"Nes (Buskerud) (-2019)","Universitets- og høgskolenivå, kort","Begge kjønn","Personer 16 år og over","2021",0
"Nes (Buskerud) (-2019)","Universitets- og høgskolenivå, kort","Begge kjønn","Personer 16 år og over (prosent)","2021",0
"Nes (Buskerud) (-2019)","Universitets- og høgskolenivå, lang","Begge kjønn","Personer 16 år og over","2021",0
"Nes (Buskerud) (-2019)","Universitets- og høgskolenivå, lang","Begge kjønn","Personer 16 år og over (prosent)","2021",0
"Gol (-2019)","Utdanningsnivå i alt","Begge kjønn","Personer 16 år og over","2021",0
"Gol (-2019)","Utdanningsnivå i alt","Begge kjønn","Personer 16 år og over (prosent)","2021",0
"Gol (-2019)","Videregående skolenivå","Begge kjønn","Personer 16 år og over","2021",0
"Gol (-2019)","Videregående skolenivå","Begge kjønn","Personer 16 år og over (prosent)","2021",0
"Gol (-2019)","Universitets- og høgskolenivå, kort","Begge kjønn","Personer 16 år og over","2021",0
"Gol (-2019)","Universitets- og høgskolenivå, kort","Begge kjønn","Personer 16 år og over (prosent)","2021",0
"Gol (-2019)","Universitets- og høgskolenivå, lang","Begge kjønn","Personer 16 år og over","2021",0
"Gol (-2019)","Universitets- og høgskolenivå, lang","Begge kjønn","Personer 16 år og over (prosent)","2021",0
"Hemsedal (-2019)","Utdanningsnivå i alt","Begge kjønn","Personer 16 år og over","2021",0
"Hemsedal (-2019)","Utdanningsnivå i alt","Begge kjønn","Personer 16 år og over (prosent)","2021",0
"Hemsedal (-2019)","Videregående skolenivå","Begge kjønn","Personer 16 år og over","2021",0
"Hemsedal (-2019)","Videregående skolenivå","Begge kjønn","Personer 16 år og over (prosent)","2021",0
"Hemsedal (-2019)","Universitets- og høgskolenivå, kort","Begge kjønn","Personer 16 år og over","2021",0
"Hemsedal (-2019)","Universitets- og høgskolenivå, kort","Begge kjønn","Personer 16 år og over (prosent)","2021",0
"Hemsedal (-2019)","Universitets- og høgskolenivå, lang","Begge kjønn","Personer 16 år og over","2021",0
"Hemsedal (-2019)","Universitets- og høgskolenivå, lang","Begge kjønn","Personer 16 år og over (prosent)","2021",0
"Ål (-2019)","Utdanningsnivå i alt","Begge kjønn","Personer 16 år og over","2021",0
"Ål (-2019)","Utdanningsnivå i alt","Begge kjønn","Personer 16 år og over (prosent)","2021",0
"Ål (-2019)","Videregående skolenivå","Begge kjønn","Personer 16 år og over","2021",0
"Ål (-2019)","Videregående skolenivå","Begge kjønn","Personer 16 år og over (prosent)","2021",0
"Ål (-2019)","Universitets- og høgskolenivå, kort","Begge kjønn","Personer 16 år og over","2021",0
"Ål (-2019)","Universitets- og høgskolenivå, kort","Begge kjønn","Personer 16 år og over (prosent)","2021",0
"Ål (-2019)","Universitets- og høgskolenivå, lang","Begge kjønn","Personer 16 år og over","2021",0
"Ål (-2019)","Universitets- og høgskolenivå, lang","Begge kjønn","Personer 16 år og over (prosent)","2021",0
"Hol (-2019)","Utdanningsnivå i alt","Begge kjønn","Personer 16 år og over","2021",0
"Hol (-2019)","Utdanningsnivå i alt","Begge kjønn","Personer 16 år og over (prosent)","2021",0
"Hol (-2019)","Videregående skolenivå","Begge kjønn","Personer 16 år og over","2021",0
"Hol (-2019)","Videregående skolenivå","Begge kjønn","Personer 16 år og over (prosent)","2021",0
"Hol (-2019)","Universitets- og høgskolenivå, kort","Begge kjønn","Personer 16 år og over","2021",0
"Hol (-2019)","Universitets- og høgskolenivå, kort","Begge kjønn","Personer 16 år og over (prosent)","2021",0
"Hol (-2019)","Universitets- og høgskolenivå, lang","Begge kjønn","Personer 16 år og over","2021",0
"Hol (-2019)","Universitets- og høgskolenivå, lang","Begge kjønn","Personer 16 år og over (prosent)","2021",0
"Sigdal (-2019)","Utdanningsnivå i alt","Begge kjønn","Personer 16 år og over","2021",0
"Sigdal (-2019)","Utdanningsnivå i alt","Begge kjønn","Personer 16 år og over (prosent)","2021",0
"Sigdal (-2019)","Videregående skolenivå","Begge kjønn","Personer 16 år og over","2021",0
"Sigdal (-2019)","Videregående skolenivå","Begge kjønn","Personer 16 år og over (prosent)","2021",0
"Sigdal (-2019)","Universitets- og høgskolenivå, kort","Begge kjønn","Personer 16 år og over","2021",0
"Sigdal (-2019)","Universitets- og høgskolenivå, kort","Begge kjønn","Personer 16 år og over (prosent)","2021",0
"Sigdal (-2019)","Universitets- og høgskolenivå, lang","Begge kjønn","Personer 16 år og over","2021",0
"Sigdal (-2019)","Universitets- og høgskolenivå, lang","Begge kjønn","Personer 16 år og over (prosent)","2021",0
"Krødsherad (-2019)","Utdanningsnivå i alt","Begge kjønn","Personer 16 år og over","2021",0
"Krødsherad (-2019)","Utdanningsnivå i alt","Begge kjønn","Personer 16 år og over (prosent)","2021",0
"Krødsherad (-2019)","Videregående skolenivå","Begge kjønn","Personer 16 år og over","2021",0
"Krødsherad (-2019)","Videregående skolenivå","Begge kjønn","Personer 16 år og over (prosent)","2021",0
"Krødsherad (-2019)","Universitets- og høgskolenivå, kort","Begge kjønn","Personer 16 år og over","2021",0
"Krødsherad (-2019)","Universitets- og høgskolenivå, kort","Begge kjønn","Personer 16 år og over (prosent)","2021",0
"Krødsherad (-2019)","Universitets- og høgskolenivå, lang","Begge kjønn","Personer 16 år og over","2021",0
"Krødsherad (-2019)","Universitets- og høgskolenivå, lang","Begge kjønn","Personer 16 år og over (prosent)","2021",0
"Modum (-2019)","Utdanningsnivå i alt","Begge kjønn","Personer 16 år og over","2021",0
"Modum (-2019)","Utdanningsnivå i alt","Begge kjønn","Personer 16 år og over (prosent)","2021",0
"Modum (-2019)","Videregående skolenivå","Begge kjønn","Personer 16 år og over","2021",0
"Modum (-2019)","Videregående skolenivå","Begge kjønn","Personer 16 år og over (prosent)","2021",0
"Modum (-2019)","Universitets- og høgskolenivå, kort","Begge kjønn","Personer 16 år og over","2021",0
"Modum (-2019)","Universitets- og høgskolenivå, kort","Begge kjønn","Personer 16 år og over (prosent)","2021",0
"Modum (-2019)","Universitets- og høgskolenivå, lang","Begge kjønn","Personer 16 år og over","2021",0
"Modum (-2019)","Universitets- og høgskolenivå, lang","Begge kjønn","Personer 16 år og over (prosent)","2021",0
"Øvre Eiker (-2019)","Utdanningsnivå i alt","Begge kjønn","Personer 16 år og over","2021",0
"Øvre Eiker (-2019)","Utdanningsnivå i alt","Begge kjønn","Personer 16 år og over (prosent)","2021",0
"Øvre Eiker (-2019)","Videregående skolenivå","Begge kjønn","Personer 16 år og over","2021",0
"Øvre Eiker (-2019)","Videregående skolenivå","Begge kjønn","Personer 16 år og over (prosent)","2021",0
"Øvre Eiker (-2019)","Universitets- og høgskolenivå, kort","Begge kjønn","Personer 16 år og over","2021",0
"Øvre Eiker (-2019)","Universitets- og høgskolenivå, kort","Begge kjønn","Personer 16 år og over (prosent)","2021",0
"Øvre Eiker (-2019)","Universitets- og høgskolenivå, lang","Begge kjønn","Personer 16 år og over","2021",0
"Øvre Eiker (-2019)","Universitets- og høgskolenivå, lang","Begge kjønn","Personer 16 år og over (prosent)","2021",0
"Nedre Eiker (-2019)","Utdanningsnivå i alt","Begge kjønn","Personer 16 år og over","2021",0
"Nedre Eiker (-2019)","Utdanningsnivå i alt","Begge kjønn","Personer 16 år og over (prosent)","2021",0
"Nedre Eiker (-2019)","Videregående skolenivå","Begge kjønn","Personer 16 år og over","2021",0
"Nedre Eiker (-2019)","Videregående skolenivå","Begge kjønn","Personer 16 år og over (prosent)","2021",0
"Nedre Eiker (-2019)","Universitets- og høgskolenivå, kort","Begge kjønn","Personer 16 år og over","2021",0
"Nedre Eiker (-2019)","Universitets- og høgskolenivå, kort","Begge kjønn","Personer 16 år og over (prosent)","2021",0
"Nedre Eiker (-2019)","Universitets- og høgskolenivå, lang","Begge kjønn","Personer 16 år og over","2021",0
"Nedre Eiker (-2019)","Universitets- og høgskolenivå, lang","Begge kjønn","Personer 16 år og over (prosent)","2021",0
"Lier (-2019)","Utdanningsnivå i alt","Begge kjønn","Personer 16 år og over","2021",0
"Lier (-2019)","Utdanningsnivå i alt","Begge kjønn","Personer 16 år og over (prosent)","2021",0
"Lier (-2019)","Videregående skolenivå","Begge kjønn","Personer 16 år og over","2021",0
"Lier (-2019)","Videregående skolenivå","Begge kjønn","Personer 16 år og over (prosent)","2021",0
"Lier (-2019)","Universitets- og høgskolenivå, kort","Begge kjønn","Personer 16 år og over","2021",0
"Lier (-2019)","Universitets- og høgskolenivå, kort","Begge kjønn","Personer 16 år og over (prosent)","2021",0
"Lier (-2019)","Universitets- og høgskolenivå, lang","Begge kjønn","Personer 16 år og over","2021",0
"Lier (-2019)","Universitets- og høgskolenivå, lang","Begge kjønn","Personer 16 år og over (prosent)","2021",0
"Røyken (-2019)","Utdanningsnivå i alt","Begge kjønn","Personer 16 år og over","2021",0
"Røyken (-2019)","Utdanningsnivå i alt","Begge kjønn","Personer 16 år og over (prosent)","2021",0
"Røyken (-2019)","Videregående skolenivå","Begge kjønn","Personer 16 år og over","2021",0
"Røyken (-2019)","Videregående skolenivå","Begge kjønn","Personer 16 år og over (prosent)","2021",0
"Røyken (-2019)","Universitets- og høgskolenivå, kort","Begge kjønn","Personer 16 år og over","2021",0
"Røyken (-2019)","Universitets- og høgskolenivå, kort","Begge kjønn","Personer 16 år og over (prosent)","2021",0
"Røyken (-2019)","Universitets- og høgskolenivå, lang","Begge kjønn","Personer 16 år og over","2021",0
"Røyken (-2019)","Universitets- og høgskolenivå, lang","Begge kjønn","Personer 16 år og over (prosent)","2021",0
"Hurum (-2019)","Utdanningsnivå i alt","Begge kjønn","Personer 16 år og over","2021",0
"Hurum (-2019)","Utdanningsnivå i alt","Begge kjønn","Personer 16 år og over (prosent)","2021",0
"Hurum (-2019)","Videregående skolenivå","Begge kjønn","Personer 16 år og over","2021",0
"Hurum (-2019)","Videregående skolenivå","Begge kjønn","Personer 16 år og over (prosent)","2021",0
"Hurum (-2019)","Universitets- og høgskolenivå, kort","Begge kjønn","Personer 16 år og over","2021",0
"Hurum (-2019)","Universitets- og høgskolenivå, kort","Begge kjønn","Personer 16 år og over (prosent)","2021",0
"Hurum (-2019)","Universitets- og høgskolenivå, lang","Begge kjønn","Personer 16 år og over","2021",0
"Hurum (-2019)","Universitets- og høgskolenivå, lang","Begge kjønn","Personer 16 år og over (prosent)","2021",0
"Flesberg (-2019)","Utdanningsnivå i alt","Begge kjønn","Personer 16 år og over","2021",0
"Flesberg (-2019)","Utdanningsnivå i alt","Begge kjønn","Personer 16 år og over (prosent)","2021",0
"Flesberg (-2019)","Videregående skolenivå","Begge kjønn","Personer 16 år og over","2021",0
"Flesberg (-2019)","Videregående skolenivå","Begge kjønn","Personer 16 år og over (prosent)","2021",0
"Flesberg (-2019)","Universitets- og høgskolenivå, kort","Begge kjønn","Personer 16 år og over","2021",0
"Flesberg (-2019)","Universitets- og høgskolenivå, kort","Begge kjønn","Personer 16 år og over (prosent)","2021",0
"Flesberg (-2019)","Universitets- og høgskolenivå, lang","Begge kjønn","Personer 16 år og over","2021",0
"Flesberg (-2019)","Universitets- og høgskolenivå, lang","Begge kjønn","Personer 16 år og over (prosent)","2021",0
"Rollag (-2019)","Utdanningsnivå i alt","Begge kjønn","Personer 16 år og over","2021",0
"Rollag (-2019)","Utdanningsnivå i alt","Begge kjønn","Personer 16 år og over (prosent)","2021",0
"Rollag (-2019)","Videregående skolenivå","Begge kjønn","Personer 16 år og over","2021",0
"Rollag (-2019)","Videregående skolenivå","Begge kjønn","Personer 16 år og over (prosent)","2021",0
"Rollag (-2019)","Universitets- og høgskolenivå, kort","Begge kjønn","Personer 16 år og over","2021",0
"Rollag (-2019)","Universitets- og høgskolenivå, kort","Begge kjønn","Personer 16 år og over (prosent)","2021",0
"Rollag (-2019)","Universitets- og høgskolenivå, lang","Begge kjønn","Personer 16 år og over","2021",0
"Rollag (-2019)","Universitets- og høgskolenivå, lang","Begge kjønn","Personer 16 år og over (prosent)","2021",0
"Nore og Uvdal (1962-2019)","Utdanningsnivå i alt","Begge kjønn","Personer 16 år og over","2021",0
"Nore og Uvdal (1962-2019)","Utdanningsnivå i alt","Begge kjønn","Personer 16 år og over (prosent)","2021",0
"Nore og Uvdal (1962-2019)","Videregående skolenivå","Begge kjønn","Personer 16 år og over","2021",0
"Nore og Uvdal (1962-2019)","Videregående skolenivå","Begge kjønn","Personer 16 år og over (prosent)","2021",0
"Nore og Uvdal (1962-2019)","Universitets- og høgskolenivå, kort","Begge kjønn","Personer 16 år og over","2021",0
"Nore og Uvdal (1962-2019)","Universitets- og høgskolenivå, kort","Begge kjønn","Personer 16 år og over (prosent)","2021",0
"Nore og Uvdal (1962-2019)","Universitets- og høgskolenivå, lang","Begge kjønn","Personer 16 år og over","2021",0
"Nore og Uvdal (1962-2019)","Universitets- og høgskolenivå, lang","Begge kjønn","Personer 16 år og over (prosent)","2021",0
"Vestfold","Utdanningsnivå i alt","Begge kjønn","Personer 16 år og over","2021",0
"Vestfold","Utdanningsnivå i alt","Begge kjønn","Personer 16 år og over (prosent)","2021",0
"Vestfold","Videregående skolenivå","Begge kjønn","Personer 16 år og over","2021",0
"Vestfold","Videregående skolenivå","Begge kjønn","Personer 16 år og over (prosent)","2021",0
"Vestfold","Universitets- og høgskolenivå, kort","Begge kjønn","Personer 16 år og over","2021",0
"Vestfold","Universitets- og høgskolenivå, kort","Begge kjønn","Personer 16 år og over (prosent)","2021",0
"Vestfold","Universitets- og høgskolenivå, lang","Begge kjønn","Personer 16 år og over","2021",0
"Vestfold","Universitets- og høgskolenivå, lang","Begge kjønn","Personer 16 år og over (prosent)","2021",0
"Uoppgitt kommune Buskerud","Utdanningsnivå i alt","Begge kjønn","Personer 16 år og over","2021",0
"Uoppgitt kommune Buskerud","Utdanningsnivå i alt","Begge kjønn","Personer 16 år og over (prosent)","2021",0
"Uoppgitt kommune Buskerud","Videregående skolenivå","Begge kjønn","Personer 16 år og over","2021",0
"Uoppgitt kommune Buskerud","Videregående skolenivå","Begge kjønn","Personer 16 år og over (prosent)","2021",0
"Uoppgitt kommune Buskerud","Universitets- og høgskolenivå, kort","Begge kjønn","Personer 16 år og over","2021",0
"Uoppgitt kommune Buskerud","Universitets- og høgskolenivå, kort","Begge kjønn","Personer 16 år og over (prosent)","2021",0
"Uoppgitt kommune Buskerud","Universitets- og høgskolenivå, lang","Begge kjønn","Personer 16 år og over","2021",0
"Uoppgitt kommune Buskerud","Universitets- og høgskolenivå, lang","Begge kjønn","Personer 16 år og over (prosent)","2021",0
"Horten","Utdanningsnivå i alt","Begge kjønn","Personer 16 år og over","2021",0
"Horten","Utdanningsnivå i alt","Begge kjønn","Personer 16 år og over (prosent)","2021",0
"Horten","Videregående skolenivå","Begge kjønn","Personer 16 år og over","2021",0
"Horten","Videregående skolenivå","Begge kjønn","Personer 16 år og over (prosent)","2021",0
"Horten","Universitets- og høgskolenivå, kort","Begge kjønn","Personer 16 år og over","2021",0
"Horten","Universitets- og høgskolenivå, kort","Begge kjønn","Personer 16 år og over (prosent)","2021",0
"Horten","Universitets- og høgskolenivå, lang","Begge kjønn","Personer 16 år og over","2021",0
"Horten","Universitets- og høgskolenivå, lang","Begge kjønn","Personer 16 år og over (prosent)","2021",0
"Holmestrand","Utdanningsnivå i alt","Begge kjønn","Personer 16 år og over","2021",0
"Holmestrand","Utdanningsnivå i alt","Begge kjønn","Personer 16 år og over (prosent)","2021",0
"Holmestrand","Videregående skolenivå","Begge kjønn","Personer 16 år og over","2021",0
"Holmestrand","Videregående skolenivå","Begge kjønn","Personer 16 år og over (prosent)","2021",0
"Holmestrand","Universitets- og høgskolenivå, kort","Begge kjønn","Personer 16 år og over","2021",0
"Holmestrand","Universitets- og høgskolenivå, kort","Begge kjønn","Personer 16 år og over (prosent)","2021",0
"Holmestrand","Universitets- og høgskolenivå, lang","Begge kjønn","Personer 16 år og over","2021",0
"Holmestrand","Universitets- og høgskolenivå, lang","Begge kjønn","Personer 16 år og over (prosent)","2021",0
"Tønsberg","Utdanningsnivå i alt","Begge kjønn","Personer 16 år og over","2021",0
"Tønsberg","Utdanningsnivå i alt","Begge kjønn","Personer 16 år og over (prosent)","2021",0
"Tønsberg","Videregående skolenivå","Begge kjønn","Personer 16 år og over","2021",0
"Tønsberg","Videregående skolenivå","Begge kjønn","Personer 16 år og over (prosent)","2021",0
"Tønsberg","Universitets- og høgskolenivå, kort","Begge kjønn","Personer 16 år og over","2021",0
"Tønsberg","Universitets- og høgskolenivå, kort","Begge kjønn","Personer 16 år og over (prosent)","2021",0
"Tønsberg","Universitets- og høgskolenivå, lang","Begge kjønn","Personer 16 år og over","2021",0
"Tønsberg","Universitets- og høgskolenivå, lang","Begge kjønn","Personer 16 år og over (prosent)","2021",0
"Sandefjord","Utdanningsnivå i alt","Begge kjønn","Personer 16 år og over","2021",0
"Sandefjord","Utdanningsnivå i alt","Begge kjønn","Personer 16 år og over (prosent)","2021",0
"Sandefjord","Videregående skolenivå","Begge kjønn","Personer 16 år og over","2021",0
"Sandefjord","Videregående skolenivå","Begge kjønn","Personer 16 år og over (prosent)","2021",0
"Sandefjord","Universitets- og høgskolenivå, kort","Begge kjønn","Personer 16 år og over","2021",0
"Sandefjord","Universitets- og høgskolenivå, kort","Begge kjønn","Personer 16 år og over (prosent)","2021",0
"Sandefjord","Universitets- og høgskolenivå, lang","Begge kjønn","Personer 16 år og over","2021",0
"Sandefjord","Universitets- og høgskolenivå, lang","Begge kjønn","Personer 16 år og over (prosent)","2021",0
"Larvik","Utdanningsnivå i alt","Begge kjønn","Personer 16 år og over","2021",0
"Larvik","Utdanningsnivå i alt","Begge kjønn","Personer 16 år og over (prosent)","2021",0
"Larvik","Videregående skolenivå","Begge kjønn","Personer 16 år og over","2021",0
"Larvik","Videregående skolenivå","Begge kjønn","Personer 16 år og over (prosent)","2021",0
"Larvik","Universitets- og høgskolenivå, kort","Begge kjønn","Personer 16 år og over","2021",0
"Larvik","Universitets- og høgskolenivå, kort","Begge kjønn","Personer 16 år og over (prosent)","2021",0
"Larvik","Universitets- og høgskolenivå, lang","Begge kjønn","Personer 16 år og over","2021",0
"Larvik","Universitets- og høgskolenivå, lang","Begge kjønn","Personer 16 år og over (prosent)","2021",0
"Færder","Utdanningsnivå i alt","Begge kjønn","Personer 16 år og over","2021",0
"Færder","Utdanningsnivå i alt","Begge kjønn","Personer 16 år og over (prosent)","2021",0
"Færder","Videregående skolenivå","Begge kjønn","Personer 16 år og over","2021",0
"Færder","Videregående skolenivå","Begge kjønn","Personer 16 år og over (prosent)","2021",0
"Færder","Universitets- og høgskolenivå, kort","Begge kjønn","Personer 16 år og over","2021",0
"Færder","Universitets- og høgskolenivå, kort","Begge kjønn","Personer 16 år og over (prosent)","2021",0
"Færder","Universitets- og høgskolenivå, lang","Begge kjønn","Personer 16 år og over","2021",0
"Færder","Universitets- og høgskolenivå, lang","Begge kjønn","Personer 16 år og over (prosent)","2021",0
"Telemark","Utdanningsnivå i alt","Begge kjønn","Personer 16 år og over","2021",0
"Telemark","Utdanningsnivå i alt","Begge kjønn","Personer 16 år og over (prosent)","2021",0
"Telemark","Videregående skolenivå","Begge kjønn","Personer 16 år og over","2021",0
"Telemark","Videregående skolenivå","Begge kjønn","Personer 16 år og over (prosent)","2021",0
"Telemark","Universitets- og høgskolenivå, kort","Begge kjønn","Personer 16 år og over","2021",0
"Telemark","Universitets- og høgskolenivå, kort","Begge kjønn","Personer 16 år og over (prosent)","2021",0
"Telemark","Universitets- og høgskolenivå, lang","Begge kjønn","Personer 16 år og over","2021",0
"Telemark","Universitets- og høgskolenivå, lang","Begge kjønn","Personer 16 år og over (prosent)","2021",0
"Porsgrunn","Utdanningsnivå i alt","Begge kjønn","Personer 16 år og over","2021",0
"Porsgrunn","Utdanningsnivå i alt","Begge kjønn","Personer 16 år og over (prosent)","2021",0
"Porsgrunn","Videregående skolenivå","Begge kjønn","Personer 16 år og over","2021",0
"Porsgrunn","Videregående skolenivå","Begge kjønn","Personer 16 år og over (prosent)","2021",0
"Porsgrunn","Universitets- og høgskolenivå, kort","Begge kjønn","Personer 16 år og over","2021",0
"Porsgrunn","Universitets- og høgskolenivå, kort","Begge kjønn","Personer 16 år og over (prosent)","2021",0
"Porsgrunn","Universitets- og høgskolenivå, lang","Begge kjønn","Personer 16 år og over","2021",0
"Porsgrunn","Universitets- og høgskolenivå, lang","Begge kjønn","Personer 16 år og over (prosent)","2021",0
"Skien","Utdanningsnivå i alt","Begge kjønn","Personer 16 år og over","2021",0
"Skien","Utdanningsnivå i alt","Begge kjønn","Personer 16 år og over (prosent)","2021",0
"Skien","Videregående skolenivå","Begge kjønn","Personer 16 år og over","2021",0
"Skien","Videregående skolenivå","Begge kjønn","Personer 16 år og over (prosent)","2021",0
"Skien","Universitets- og høgskolenivå, kort","Begge kjønn","Personer 16 år og over","2021",0
"Skien","Universitets- og høgskolenivå, kort","Begge kjønn","Personer 16 år og over (prosent)","2021",0
"Skien","Universitets- og høgskolenivå, lang","Begge kjønn","Personer 16 år og over","2021",0
"Skien","Universitets- og høgskolenivå, lang","Begge kjønn","Personer 16 år og over (prosent)","2021",0
"Notodden","Utdanningsnivå i alt","Begge kjønn","Personer 16 år og over","2021",0
"Notodden","Utdanningsnivå i alt","Begge kjønn","Personer 16 år og over (prosent)","2021",0
"Notodden","Videregående skolenivå","Begge kjønn","Personer 16 år og over","2021",0
"Notodden","Videregående skolenivå","Begge kjønn","Personer 16 år og over (prosent)","2021",0
"Notodden","Universitets- og høgskolenivå, kort","Begge kjønn","Personer 16 år og over","2021",0
"Notodden","Universitets- og høgskolenivå, kort","Begge kjønn","Personer 16 år og over (prosent)","2021",0
"Notodden","Universitets- og høgskolenivå, lang","Begge kjønn","Personer 16 år og over","2021",0
"Notodden","Universitets- og høgskolenivå, lang","Begge kjønn","Personer 16 år og over (prosent)","2021",0
"Siljan","Utdanningsnivå i alt","Begge kjønn","Personer 16 år og over","2021",0
"Siljan","Utdanningsnivå i alt","Begge kjønn","Personer 16 år og over (prosent)","2021",0
"Siljan","Videregående skolenivå","Begge kjønn","Personer 16 år og over","2021",0
"Siljan","Videregående skolenivå","Begge kjønn","Personer 16 år og over (prosent)","2021",0
"Siljan","Universitets- og høgskolenivå, kort","Begge kjønn","Personer 16 år og over","2021",0
"Siljan","Universitets- og høgskolenivå, kort","Begge kjønn","Personer 16 år og over (prosent)","2021",0
"Siljan","Universitets- og høgskolenivå, lang","Begge kjønn","Personer 16 år og over","2021",0
"Siljan","Universitets- og høgskolenivå, lang","Begge kjønn","Personer 16 år og over (prosent)","2021",0
"Bamble","Utdanningsnivå i alt","Begge kjønn","Personer 16 år og over","2021",0
"Bamble","Utdanningsnivå i alt","Begge kjønn","Personer 16 år og over (prosent)","2021",0
"Bamble","Videregående skolenivå","Begge kjønn","Personer 16 år og over","2021",0
"Bamble","Videregående skolenivå","Begge kjønn","Personer 16 år og over (prosent)","2021",0
"Bamble","Universitets- og høgskolenivå, kort","Begge kjønn","Personer 16 år og over","2021",0
"Bamble","Universitets- og høgskolenivå, kort","Begge kjønn","Personer 16 år og over (prosent)","2021",0
"Bamble","Universitets- og høgskolenivå, lang","Begge kjønn","Personer 16 år og over","2021",0
"Bamble","Universitets- og høgskolenivå, lang","Begge kjønn","Personer 16 år og over (prosent)","2021",0
"Kragerø","Utdanningsnivå i alt","Begge kjønn","Personer 16 år og over","2021",0
"Kragerø","Utdanningsnivå i alt","Begge kjønn","Personer 16 år og over (prosent)","2021",0
"Kragerø","Videregående skolenivå","Begge kjønn","Personer 16 år og over","2021",0
"Kragerø","Videregående skolenivå","Begge kjønn","Personer 16 år og over (prosent)","2021",0
"Kragerø","Universitets- og høgskolenivå, kort","Begge kjønn","Personer 16 år og over","2021",0
"Kragerø","Universitets- og høgskolenivå, kort","Begge kjønn","Personer 16 år og over (prosent)","2021",0
"Kragerø","Universitets- og høgskolenivå, lang","Begge kjønn","Personer 16 år og over","2021",0
"Kragerø","Universitets- og høgskolenivå, lang","Begge kjønn","Personer 16 år og over (prosent)","2021",0
"Drangedal","Utdanningsnivå i alt","Begge kjønn","Personer 16 år og over","2021",0
"Drangedal","Utdanningsnivå i alt","Begge kjønn","Personer 16 år og over (prosent)","2021",0
"Drangedal","Videregående skolenivå","Begge kjønn","Personer 16 år og over","2021",0
"Drangedal","Videregående skolenivå","Begge kjønn","Personer 16 år og over (prosent)","2021",0
"Drangedal","Universitets- og høgskolenivå, kort","Begge kjønn","Personer 16 år og over","2021",0
"Drangedal","Universitets- og høgskolenivå, kort","Begge kjønn","Personer 16 år og over (prosent)","2021",0
"Drangedal","Universitets- og høgskolenivå, lang","Begge kjønn","Personer 16 år og over","2021",0
"Drangedal","Universitets- og høgskolenivå, lang","Begge kjønn","Personer 16 år og over (prosent)","2021",0
"Nome","Utdanningsnivå i alt","Begge kjønn","Personer 16 år og over","2021",0
"Nome","Utdanningsnivå i alt","Begge kjønn","Personer 16 år og over (prosent)","2021",0
"Nome","Videregående skolenivå","Begge kjønn","Personer 16 år og over","2021",0
"Nome","Videregående skolenivå","Begge kjønn","Personer 16 år og over (prosent)","2021",0
"Nome","Universitets- og høgskolenivå, kort","Begge kjønn","Personer 16 år og over","2021",0
"Nome","Universitets- og høgskolenivå, kort","Begge kjønn","Personer 16 år og over (prosent)","2021",0
"Nome","Universitets- og høgskolenivå, lang","Begge kjønn","Personer 16 år og over","2021",0
"Nome","Universitets- og høgskolenivå, lang","Begge kjønn","Personer 16 år og over (prosent)","2021",0
"Midt-Telemark","Utdanningsnivå i alt","Begge kjønn","Personer 16 år og over","2021",0
"Midt-Telemark","Utdanningsnivå i alt","Begge kjønn","Personer 16 år og over (prosent)","2021",0
"Midt-Telemark","Videregående skolenivå","Begge kjønn","Personer 16 år og over","2021",0
"Midt-Telemark","Videregående skolenivå","Begge kjønn","Personer 16 år og over (prosent)","2021",0
"Midt-Telemark","Universitets- og høgskolenivå, kort","Begge kjønn","Personer 16 år og over","2021",0
"Midt-Telemark","Universitets- og høgskolenivå, kort","Begge kjønn","Personer 16 år og over (prosent)","2021",0
"Midt-Telemark","Universitets- og høgskolenivå, lang","Begge kjønn","Personer 16 år og over","2021",0
"Midt-Telemark","Universitets- og høgskolenivå, lang","Begge kjønn","Personer 16 år og over (prosent)","2021",0
"Seljord","Utdanningsnivå i alt","Begge kjønn","Personer 16 år og over","2021",0
"Seljord","Utdanningsnivå i alt","Begge kjønn","Personer 16 år og over (prosent)","2021",0
"Seljord","Videregående skolenivå","Begge kjønn","Personer 16 år og over","2021",0
"Seljord","Videregående skolenivå","Begge kjønn","Personer 16 år og over (prosent)","2021",0
"Seljord","Universitets- og høgskolenivå, kort","Begge kjønn","Personer 16 år og over","2021",0
"Seljord","Universitets- og høgskolenivå, kort","Begge kjønn","Personer 16 år og over (prosent)","2021",0
"Seljord","Universitets- og høgskolenivå, lang","Begge kjønn","Personer 16 år og over","2021",0
"Seljord","Universitets- og høgskolenivå, lang","Begge kjønn","Personer 16 år og over (prosent)","2021",0
"Hjartdal","Utdanningsnivå i alt","Begge kjønn","Personer 16 år og over","2021",0
"Hjartdal","Utdanningsnivå i alt","Begge kjønn","Personer 16 år og over (prosent)","2021",0
"Hjartdal","Videregående skolenivå","Begge kjønn","Personer 16 år og over","2021",0
"Hjartdal","Videregående skolenivå","Begge kjønn","Personer 16 år og over (prosent)","2021",0
"Hjartdal","Universitets- og høgskolenivå, kort","Begge kjønn","Personer 16 år og over","2021",0
"Hjartdal","Universitets- og høgskolenivå, kort","Begge kjønn","Personer 16 år og over (prosent)","2021",0
"Hjartdal","Universitets- og høgskolenivå, lang","Begge kjønn","Personer 16 år og over","2021",0
"Hjartdal","Universitets- og høgskolenivå, lang","Begge kjønn","Personer 16 år og over (prosent)","2021",0
"Tinn","Utdanningsnivå i alt","Begge kjønn","Personer 16 år og over","2021",0
"Tinn","Utdanningsnivå i alt","Begge kjønn","Personer 16 år og over (prosent)","2021",0
"Tinn","Videregående skolenivå","Begge kjønn","Personer 16 år og over","2021",0
"Tinn","Videregående skolenivå","Begge kjønn","Personer 16 år og over (prosent)","2021",0
"Tinn","Universitets- og høgskolenivå, kort","Begge kjønn","Personer 16 år og over","2021",0
"Tinn","Universitets- og høgskolenivå, kort","Begge kjønn","Personer 16 år og over (prosent)","2021",0
"Tinn","Universitets- og høgskolenivå, lang","Begge kjønn","Personer 16 år og over","2021",0
"Tinn","Universitets- og høgskolenivå, lang","Begge kjønn","Personer 16 år og over (prosent)","2021",0
"Kviteseid","Utdanningsnivå i alt","Begge kjønn","Personer 16 år og over","2021",0
"Kviteseid","Utdanningsnivå i alt","Begge kjønn","Personer 16 år og over (prosent)","2021",0
"Kviteseid","Videregående skolenivå","Begge kjønn","Personer 16 år og over","2021",0
"Kviteseid","Videregående skolenivå","Begge kjønn","Personer 16 år og over (prosent)","2021",0
"Kviteseid","Universitets- og høgskolenivå, kort","Begge kjønn","Personer 16 år og over","2021",0
"Kviteseid","Universitets- og høgskolenivå, kort","Begge kjønn","Personer 16 år og over (prosent)","2021",0
"Kviteseid","Universitets- og høgskolenivå, lang","Begge kjønn","Personer 16 år og over","2021",0
"Kviteseid","Universitets- og høgskolenivå, lang","Begge kjønn","Personer 16 år og over (prosent)","2021",0
"Nissedal","Utdanningsnivå i alt","Begge kjønn","Personer 16 år og over","2021",0
"Nissedal","Utdanningsnivå i alt","Begge kjønn","Personer 16 år og over (prosent)","2021",0
"Nissedal","Videregående skolenivå","Begge kjønn","Personer 16 år og over","2021",0
"Nissedal","Videregående skolenivå","Begge kjønn","Personer 16 år og over (prosent)","2021",0
"Nissedal","Universitets- og høgskolenivå, kort","Begge kjønn","Personer 16 år og over","2021",0
"Nissedal","Universitets- og høgskolenivå, kort","Begge kjønn","Personer 16 år og over (prosent)","2021",0
"Nissedal","Universitets- og høgskolenivå, lang","Begge kjønn","Personer 16 år og over","2021",0
"Nissedal","Universitets- og høgskolenivå, lang","Begge kjønn","Personer 16 år og over (prosent)","2021",0
"Fyresdal","Utdanningsnivå i alt","Begge kjønn","Personer 16 år og over","2021",0
"Fyresdal","Utdanningsnivå i alt","Begge kjønn","Personer 16 år og over (prosent)","2021",0
"Fyresdal","Videregående skolenivå","Begge kjønn","Personer 16 år og over","2021",0
"Fyresdal","Videregående skolenivå","Begge kjønn","Personer 16 år og over (prosent)","2021",0
"Fyresdal","Universitets- og høgskolenivå, kort","Begge kjønn","Personer 16 år og over","2021",0
"Fyresdal","Universitets- og høgskolenivå, kort","Begge kjønn","Personer 16 år og over (prosent)","2021",0
"Fyresdal","Universitets- og høgskolenivå, lang","Begge kjønn","Personer 16 år og over","2021",0
"Fyresdal","Universitets- og høgskolenivå, lang","Begge kjønn","Personer 16 år og over (prosent)","2021",0
"Tokke","Utdanningsnivå i alt","Begge kjønn","Personer 16 år og over","2021",0
"Tokke","Utdanningsnivå i alt","Begge kjønn","Personer 16 år og over (prosent)","2021",0
"Tokke","Videregående skolenivå","Begge kjønn","Personer 16 år og over","2021",0
"Tokke","Videregående skolenivå","Begge kjønn","Personer 16 år og over (prosent)","2021",0
"Tokke","Universitets- og høgskolenivå, kort","Begge kjønn","Personer 16 år og over","2021",0
"Tokke","Universitets- og høgskolenivå, kort","Begge kjønn","Personer 16 år og over (prosent)","2021",0
"Tokke","Universitets- og høgskolenivå, lang","Begge kjønn","Personer 16 år og over","2021",0
"Tokke","Universitets- og høgskolenivå, lang","Begge kjønn","Personer 16 år og over (prosent)","2021",0
"Vinje","Utdanningsnivå i alt","Begge kjønn","Personer 16 år og over","2021",0
"Vinje","Utdanningsnivå i alt","Begge kjønn","Personer 16 år og over (prosent)","2021",0
"Vinje","Videregående skolenivå","Begge kjønn","Personer 16 år og over","2021",0
"Vinje","Videregående skolenivå","Begge kjønn","Personer 16 år og over (prosent)","2021",0
"Vinje","Universitets- og høgskolenivå, kort","Begge kjønn","Personer 16 år og over","2021",0
"Vinje","Universitets- og høgskolenivå, kort","Begge kjønn","Personer 16 år og over (prosent)","2021",0
"Vinje","Universitets- og høgskolenivå, lang","Begge kjønn","Personer 16 år og over","2021",0
"Vinje","Universitets- og høgskolenivå, lang","Begge kjønn","Personer 16 år og over (prosent)","2021",0
"Vestfold (-2019)","Utdanningsnivå i alt","Begge kjønn","Personer 16 år og over","2021",0
"Vestfold (-2019)","Utdanningsnivå i alt","Begge kjønn","Personer 16 år og over (prosent)","2021",0
"Vestfold (-2019)","Videregående skolenivå","Begge kjønn","Personer 16 år og over","2021",0
"Vestfold (-2019)","Videregående skolenivå","Begge kjønn","Personer 16 år og over (prosent)","2021",0
"Vestfold (-2019)","Universitets- og høgskolenivå, kort","Begge kjønn","Personer 16 år og over","2021",0
"Vestfold (-2019)","Universitets- og høgskolenivå, kort","Begge kjønn","Personer 16 år og over (prosent)","2021",0
"Vestfold (-2019)","Universitets- og høgskolenivå, lang","Begge kjønn","Personer 16 år og over","2021",0
"Vestfold (-2019)","Universitets- og høgskolenivå, lang","Begge kjønn","Personer 16 år og over (prosent)","2021",0
"Horten (2002-2019)","Utdanningsnivå i alt","Begge kjønn","Personer 16 år og over","2021",0
"Horten (2002-2019)","Utdanningsnivå i alt","Begge kjønn","Personer 16 år og over (prosent)","2021",0
"Horten (2002-2019)","Videregående skolenivå","Begge kjønn","Personer 16 år og over","2021",0
"Horten (2002-2019)","Videregående skolenivå","Begge kjønn","Personer 16 år og over (prosent)","2021",0
"Horten (2002-2019)","Universitets- og høgskolenivå, kort","Begge kjønn","Personer 16 år og over","2021",0
"Horten (2002-2019)","Universitets- og høgskolenivå, kort","Begge kjønn","Personer 16 år og over (prosent)","2021",0
"Horten (2002-2019)","Universitets- og høgskolenivå, lang","Begge kjønn","Personer 16 år og over","2021",0
"Horten (2002-2019)","Universitets- og høgskolenivå, lang","Begge kjønn","Personer 16 år og over (prosent)","2021",0
"Holmestrand (-2017)","Utdanningsnivå i alt","Begge kjønn","Personer 16 år og over","2021",0
"Holmestrand (-2017)","Utdanningsnivå i alt","Begge kjønn","Personer 16 år og over (prosent)","2021",0
"Holmestrand (-2017)","Videregående skolenivå","Begge kjønn","Personer 16 år og over","2021",0
"Holmestrand (-2017)","Videregående skolenivå","Begge kjønn","Personer 16 år og over (prosent)","2021",0
"Holmestrand (-2017)","Universitets- og høgskolenivå, kort","Begge kjønn","Personer 16 år og over","2021",0
"Holmestrand (-2017)","Universitets- og høgskolenivå, kort","Begge kjønn","Personer 16 år og over (prosent)","2021",0
"Holmestrand (-2017)","Universitets- og høgskolenivå, lang","Begge kjønn","Personer 16 år og over","2021",0
"Holmestrand (-2017)","Universitets- og høgskolenivå, lang","Begge kjønn","Personer 16 år og over (prosent)","2021",0
"Horten (-1987)","Utdanningsnivå i alt","Begge kjønn","Personer 16 år og over","2021",0
"Horten (-1987)","Utdanningsnivå i alt","Begge kjønn","Personer 16 år og over (prosent)","2021",0
"Horten (-1987)","Videregående skolenivå","Begge kjønn","Personer 16 år og over","2021",0
"Horten (-1987)","Videregående skolenivå","Begge kjønn","Personer 16 år og over (prosent)","2021",0
"Horten (-1987)","Universitets- og høgskolenivå, kort","Begge kjønn","Personer 16 år og over","2021",0
"Horten (-1987)","Universitets- og høgskolenivå, kort","Begge kjønn","Personer 16 år og over (prosent)","2021",0
"Horten (-1987)","Universitets- og høgskolenivå, lang","Begge kjønn","Personer 16 år og over","2021",0
"Horten (-1987)","Universitets- og høgskolenivå, lang","Begge kjønn","Personer 16 år og over (prosent)","2021",0
"Tønsberg (1988-2019)","Utdanningsnivå i alt","Begge kjønn","Personer 16 år og over","2021",0
"Tønsberg (1988-2019)","Utdanningsnivå i alt","Begge kjønn","Personer 16 år og over (prosent)","2021",0
"Tønsberg (1988-2019)","Videregående skolenivå","Begge kjønn","Personer 16 år og over","2021",0
"Tønsberg (1988-2019)","Videregående skolenivå","Begge kjønn","Personer 16 år og over (prosent)","2021",0
"Tønsberg (1988-2019)","Universitets- og høgskolenivå, kort","Begge kjønn","Personer 16 år og over","2021",0
"Tønsberg (1988-2019)","Universitets- og høgskolenivå, kort","Begge kjønn","Personer 16 år og over (prosent)","2021",0
"Tønsberg (1988-2019)","Universitets- og høgskolenivå, lang","Begge kjønn","Personer 16 år og over","2021",0
"Tønsberg (1988-2019)","Universitets- og høgskolenivå, lang","Begge kjønn","Personer 16 år og over (prosent)","2021",0
"Tønsberg (-1987)","Utdanningsnivå i alt","Begge kjønn","Personer 16 år og over","2021",0
"Tønsberg (-1987)","Utdanningsnivå i alt","Begge kjønn","Personer 16 år og over (prosent)","2021",0
"Tønsberg (-1987)","Videregående skolenivå","Begge kjønn","Personer 16 år og over","2021",0
"Tønsberg (-1987)","Videregående skolenivå","Begge kjønn","Personer 16 år og over (prosent)","2021",0
"Tønsberg (-1987)","Universitets- og høgskolenivå, kort","Begge kjønn","Personer 16 år og over","2021",0
"Tønsberg (-1987)","Universitets- og høgskolenivå, kort","Begge kjønn","Personer 16 år og over (prosent)","2021",0
"Tønsberg (-1987)","Universitets- og høgskolenivå, lang","Begge kjønn","Personer 16 år og over","2021",0
"Tønsberg (-1987)","Universitets- og høgskolenivå, lang","Begge kjønn","Personer 16 år og over (prosent)","2021",0
"Sandefjord (-2016)","Utdanningsnivå i alt","Begge kjønn","Personer 16 år og over","2021",0
"Sandefjord (-2016)","Utdanningsnivå i alt","Begge kjønn","Personer 16 år og over (prosent)","2021",0
"Sandefjord (-2016)","Videregående skolenivå","Begge kjønn","Personer 16 år og over","2021",0
"Sandefjord (-2016)","Videregående skolenivå","Begge kjønn","Personer 16 år og over (prosent)","2021",0
"Sandefjord (-2016)","Universitets- og høgskolenivå, kort","Begge kjønn","Personer 16 år og over","2021",0
"Sandefjord (-2016)","Universitets- og høgskolenivå, kort","Begge kjønn","Personer 16 år og over (prosent)","2021",0
"Sandefjord (-2016)","Universitets- og høgskolenivå, lang","Begge kjønn","Personer 16 år og over","2021",0
"Sandefjord (-2016)","Universitets- og høgskolenivå, lang","Begge kjønn","Personer 16 år og over (prosent)","2021",0
"Larvik (-1987)","Utdanningsnivå i alt","Begge kjønn","Personer 16 år og over","2021",0
"Larvik (-1987)","Utdanningsnivå i alt","Begge kjønn","Personer 16 år og over (prosent)","2021",0
"Larvik (-1987)","Videregående skolenivå","Begge kjønn","Personer 16 år og over","2021",0
"Larvik (-1987)","Videregående skolenivå","Begge kjønn","Personer 16 år og over (prosent)","2021",0
"Larvik (-1987)","Universitets- og høgskolenivå, kort","Begge kjønn","Personer 16 år og over","2021",0
"Larvik (-1987)","Universitets- og høgskolenivå, kort","Begge kjønn","Personer 16 år og over (prosent)","2021",0
"Larvik (-1987)","Universitets- og høgskolenivå, lang","Begge kjønn","Personer 16 år og over","2021",0
"Larvik (-1987)","Universitets- og høgskolenivå, lang","Begge kjønn","Personer 16 år og over (prosent)","2021",0
"Stavern (1944-1987)","Utdanningsnivå i alt","Begge kjønn","Personer 16 år og over","2021",0
"Stavern (1944-1987)","Utdanningsnivå i alt","Begge kjønn","Personer 16 år og over (prosent)","2021",0
"Stavern (1944-1987)","Videregående skolenivå","Begge kjønn","Personer 16 år og over","2021",0
"Stavern (1944-1987)","Videregående skolenivå","Begge kjønn","Personer 16 år og over (prosent)","2021",0
"Stavern (1944-1987)","Universitets- og høgskolenivå, kort","Begge kjønn","Personer 16 år og over","2021",0
"Stavern (1944-1987)","Universitets- og høgskolenivå, kort","Begge kjønn","Personer 16 år og over (prosent)","2021",0
"Stavern (1944-1987)","Universitets- og høgskolenivå, lang","Begge kjønn","Personer 16 år og over","2021",0
"Stavern (1944-1987)","Universitets- og høgskolenivå, lang","Begge kjønn","Personer 16 år og over (prosent)","2021",0
"Larvik (1988-2017)","Utdanningsnivå i alt","Begge kjønn","Personer 16 år og over","2021",0
"Larvik (1988-2017)","Utdanningsnivå i alt","Begge kjønn","Personer 16 år og over (prosent)","2021",0
"Larvik (1988-2017)","Videregående skolenivå","Begge kjønn","Personer 16 år og over","2021",0
"Larvik (1988-2017)","Videregående skolenivå","Begge kjønn","Personer 16 år og over (prosent)","2021",0
"Larvik (1988-2017)","Universitets- og høgskolenivå, kort","Begge kjønn","Personer 16 år og over","2021",0
"Larvik (1988-2017)","Universitets- og høgskolenivå, kort","Begge kjønn","Personer 16 år og over (prosent)","2021",0
"Larvik (1988-2017)","Universitets- og høgskolenivå, lang","Begge kjønn","Personer 16 år og over","2021",0
"Larvik (1988-2017)","Universitets- og høgskolenivå, lang","Begge kjønn","Personer 16 år og over (prosent)","2021",0
"Sandefjord (2017-2019)","Utdanningsnivå i alt","Begge kjønn","Personer 16 år og over","2021",0
"Sandefjord (2017-2019)","Utdanningsnivå i alt","Begge kjønn","Personer 16 år og over (prosent)","2021",0
"Sandefjord (2017-2019)","Videregående skolenivå","Begge kjønn","Personer 16 år og over","2021",0
"Sandefjord (2017-2019)","Videregående skolenivå","Begge kjønn","Personer 16 år og over (prosent)","2021",0
"Sandefjord (2017-2019)","Universitets- og høgskolenivå, kort","Begge kjønn","Personer 16 år og over","2021",0
"Sandefjord (2017-2019)","Universitets- og høgskolenivå, kort","Begge kjønn","Personer 16 år og over (prosent)","2021",0
"Sandefjord (2017-2019)","Universitets- og høgskolenivå, lang","Begge kjønn","Personer 16 år og over","2021",0
"Sandefjord (2017-2019)","Universitets- og høgskolenivå, lang","Begge kjønn","Personer 16 år og over (prosent)","2021",0
"Svelvik (1964-2019)","Utdanningsnivå i alt","Begge kjønn","Personer 16 år og over","2021",0
"Svelvik (1964-2019)","Utdanningsnivå i alt","Begge kjønn","Personer 16 år og over (prosent)","2021",0
"Svelvik (1964-2019)","Videregående skolenivå","Begge kjønn","Personer 16 år og over","2021",0
"Svelvik (1964-2019)","Videregående skolenivå","Begge kjønn","Personer 16 år og over (prosent)","2021",0
"Svelvik (1964-2019)","Universitets- og høgskolenivå, kort","Begge kjønn","Personer 16 år og over","2021",0
"Svelvik (1964-2019)","Universitets- og høgskolenivå, kort","Begge kjønn","Personer 16 år og over (prosent)","2021",0
"Svelvik (1964-2019)","Universitets- og høgskolenivå, lang","Begge kjønn","Personer 16 år og over","2021",0
"Svelvik (1964-2019)","Universitets- og høgskolenivå, lang","Begge kjønn","Personer 16 år og over (prosent)","2021",0
"Larvik (2018-2019)","Utdanningsnivå i alt","Begge kjønn","Personer 16 år og over","2021",0
"Larvik (2018-2019)","Utdanningsnivå i alt","Begge kjønn","Personer 16 år og over (prosent)","2021",0
"Larvik (2018-2019)","Videregående skolenivå","Begge kjønn","Personer 16 år og over","2021",0
"Larvik (2018-2019)","Videregående skolenivå","Begge kjønn","Personer 16 år og over (prosent)","2021",0
"Larvik (2018-2019)","Universitets- og høgskolenivå, kort","Begge kjønn","Personer 16 år og over","2021",0
"Larvik (2018-2019)","Universitets- og høgskolenivå, kort","Begge kjønn","Personer 16 år og over (prosent)","2021",0
"Larvik (2018-2019)","Universitets- og høgskolenivå, lang","Begge kjønn","Personer 16 år og over","2021",0
"Larvik (2018-2019)","Universitets- og høgskolenivå, lang","Begge kjønn","Personer 16 år og over (prosent)","2021",0
"Sande (Vestfold) (-2019)","Utdanningsnivå i alt","Begge kjønn","Personer 16 år og over","2021",0
"Sande (Vestfold) (-2019)","Utdanningsnivå i alt","Begge kjønn","Personer 16 år og over (prosent)","2021",0
"Sande (Vestfold) (-2019)","Videregående skolenivå","Begge kjønn","Personer 16 år og over","2021",0
"Sande (Vestfold) (-2019)","Videregående skolenivå","Begge kjønn","Personer 16 år og over (prosent)","2021",0
"Sande (Vestfold) (-2019)","Universitets- og høgskolenivå, kort","Begge kjønn","Personer 16 år og over","2021",0
"Sande (Vestfold) (-2019)","Universitets- og høgskolenivå, kort","Begge kjønn","Personer 16 år og over (prosent)","2021",0
"Sande (Vestfold) (-2019)","Universitets- og høgskolenivå, lang","Begge kjønn","Personer 16 år og over","2021",0
"Sande (Vestfold) (-2019)","Universitets- og høgskolenivå, lang","Begge kjønn","Personer 16 år og over (prosent)","2021",0
"Hof (-2017)","Utdanningsnivå i alt","Begge kjønn","Personer 16 år og over","2021",0
"Hof (-2017)","Utdanningsnivå i alt","Begge kjønn","Personer 16 år og over (prosent)","2021",0
"Hof (-2017)","Videregående skolenivå","Begge kjønn","Personer 16 år og over","2021",0
"Hof (-2017)","Videregående skolenivå","Begge kjønn","Personer 16 år og over (prosent)","2021",0
"Hof (-2017)","Universitets- og høgskolenivå, kort","Begge kjønn","Personer 16 år og over","2021",0
"Hof (-2017)","Universitets- og høgskolenivå, kort","Begge kjønn","Personer 16 år og over (prosent)","2021",0
"Hof (-2017)","Universitets- og høgskolenivå, lang","Begge kjønn","Personer 16 år og over","2021",0
"Hof (-2017)","Universitets- og høgskolenivå, lang","Begge kjønn","Personer 16 år og over (prosent)","2021",0
"Holmestrand (2018-2019)","Utdanningsnivå i alt","Begge kjønn","Personer 16 år og over","2021",0
"Holmestrand (2018-2019)","Utdanningsnivå i alt","Begge kjønn","Personer 16 år og over (prosent)","2021",0
"Holmestrand (2018-2019)","Videregående skolenivå","Begge kjønn","Personer 16 år og over","2021",0
"Holmestrand (2018-2019)","Videregående skolenivå","Begge kjønn","Personer 16 år og over (prosent)","2021",0
"Holmestrand (2018-2019)","Universitets- og høgskolenivå, kort","Begge kjønn","Personer 16 år og over","2021",0
"Holmestrand (2018-2019)","Universitets- og høgskolenivå, kort","Begge kjønn","Personer 16 år og over (prosent)","2021",0
"Holmestrand (2018-2019)","Universitets- og høgskolenivå, lang","Begge kjønn","Personer 16 år og over","2021",0
"Holmestrand (2018-2019)","Universitets- og høgskolenivå, lang","Begge kjønn","Personer 16 år og over (prosent)","2021",0
"Re (2002-2019)","Utdanningsnivå i alt","Begge kjønn","Personer 16 år og over","2021",0
"Re (2002-2019)","Utdanningsnivå i alt","Begge kjønn","Personer 16 år og over (prosent)","2021",0
"Re (2002-2019)","Videregående skolenivå","Begge kjønn","Personer 16 år og over","2021",0
"Re (2002-2019)","Videregående skolenivå","Begge kjønn","Personer 16 år og over (prosent)","2021",0
"Re (2002-2019)","Universitets- og høgskolenivå, kort","Begge kjønn","Personer 16 år og over","2021",0
"Re (2002-2019)","Universitets- og høgskolenivå, kort","Begge kjønn","Personer 16 år og over (prosent)","2021",0
"Re (2002-2019)","Universitets- og høgskolenivå, lang","Begge kjønn","Personer 16 år og over","2021",0
"Re (2002-2019)","Universitets- og høgskolenivå, lang","Begge kjønn","Personer 16 år og over (prosent)","2021",0
"Våle (-2001)","Utdanningsnivå i alt","Begge kjønn","Personer 16 år og over","2021",0
"Våle (-2001)","Utdanningsnivå i alt","Begge kjønn","Personer 16 år og over (prosent)","2021",0
"Våle (-2001)","Videregående skolenivå","Begge kjønn","Personer 16 år og over","2021",0
"Våle (-2001)","Videregående skolenivå","Begge kjønn","Personer 16 år og over (prosent)","2021",0
"Våle (-2001)","Universitets- og høgskolenivå, kort","Begge kjønn","Personer 16 år og over","2021",0
"Våle (-2001)","Universitets- og høgskolenivå, kort","Begge kjønn","Personer 16 år og over (prosent)","2021",0
"Våle (-2001)","Universitets- og høgskolenivå, lang","Begge kjønn","Personer 16 år og over","2021",0
"Våle (-2001)","Universitets- og høgskolenivå, lang","Begge kjønn","Personer 16 år og over (prosent)","2021",0
"Borre (-1987)","Utdanningsnivå i alt","Begge kjønn","Personer 16 år og over","2021",0
"Borre (-1987)","Utdanningsnivå i alt","Begge kjønn","Personer 16 år og over (prosent)","2021",0
"Borre (-1987)","Videregående skolenivå","Begge kjønn","Personer 16 år og over","2021",0
"Borre (-1987)","Videregående skolenivå","Begge kjønn","Personer 16 år og over (prosent)","2021",0
"Borre (-1987)","Universitets- og høgskolenivå, kort","Begge kjønn","Personer 16 år og over","2021",0
"Borre (-1987)","Universitets- og høgskolenivå, kort","Begge kjønn","Personer 16 år og over (prosent)","2021",0
"Borre (-1987)","Universitets- og høgskolenivå, lang","Begge kjønn","Personer 16 år og over","2021",0
"Borre (-1987)","Universitets- og høgskolenivå, lang","Begge kjønn","Personer 16 år og over (prosent)","2021",0
"Ramnes (-2001)","Utdanningsnivå i alt","Begge kjønn","Personer 16 år og over","2021",0
"Ramnes (-2001)","Utdanningsnivå i alt","Begge kjønn","Personer 16 år og over (prosent)","2021",0
"Ramnes (-2001)","Videregående skolenivå","Begge kjønn","Personer 16 år og over","2021",0
"Ramnes (-2001)","Videregående skolenivå","Begge kjønn","Personer 16 år og over (prosent)","2021",0
"Ramnes (-2001)","Universitets- og høgskolenivå, kort","Begge kjønn","Personer 16 år og over","2021",0
"Ramnes (-2001)","Universitets- og høgskolenivå, kort","Begge kjønn","Personer 16 år og over (prosent)","2021",0
"Ramnes (-2001)","Universitets- og høgskolenivå, lang","Begge kjønn","Personer 16 år og over","2021",0
"Ramnes (-2001)","Universitets- og høgskolenivå, lang","Begge kjønn","Personer 16 år og over (prosent)","2021",0
"Andebu (-2016)","Utdanningsnivå i alt","Begge kjønn","Personer 16 år og over","2021",0
"Andebu (-2016)","Utdanningsnivå i alt","Begge kjønn","Personer 16 år og over (prosent)","2021",0
"Andebu (-2016)","Videregående skolenivå","Begge kjønn","Personer 16 år og over","2021",0
"Andebu (-2016)","Videregående skolenivå","Begge kjønn","Personer 16 år og over (prosent)","2021",0
"Andebu (-2016)","Universitets- og høgskolenivå, kort","Begge kjønn","Personer 16 år og over","2021",0
"Andebu (-2016)","Universitets- og høgskolenivå, kort","Begge kjønn","Personer 16 år og over (prosent)","2021",0
"Andebu (-2016)","Universitets- og høgskolenivå, lang","Begge kjønn","Personer 16 år og over","2021",0
"Andebu (-2016)","Universitets- og høgskolenivå, lang","Begge kjønn","Personer 16 år og over (prosent)","2021",0
"Stokke (-2016)","Utdanningsnivå i alt","Begge kjønn","Personer 16 år og over","2021",0
"Stokke (-2016)","Utdanningsnivå i alt","Begge kjønn","Personer 16 år og over (prosent)","2021",0
"Stokke (-2016)","Videregående skolenivå","Begge kjønn","Personer 16 år og over","2021",0
"Stokke (-2016)","Videregående skolenivå","Begge kjønn","Personer 16 år og over (prosent)","2021",0
"Stokke (-2016)","Universitets- og høgskolenivå, kort","Begge kjønn","Personer 16 år og over","2021",0
"Stokke (-2016)","Universitets- og høgskolenivå, kort","Begge kjønn","Personer 16 år og over (prosent)","2021",0
"Stokke (-2016)","Universitets- og høgskolenivå, lang","Begge kjønn","Personer 16 år og over","2021",0
"Stokke (-2016)","Universitets- og høgskolenivå, lang","Begge kjønn","Personer 16 år og over (prosent)","2021",0
"Sem (-1987)","Utdanningsnivå i alt","Begge kjønn","Personer 16 år og over","2021",0
"Sem (-1987)","Utdanningsnivå i alt","Begge kjønn","Personer 16 år og over (prosent)","2021",0
"Sem (-1987)","Videregående skolenivå","Begge kjønn","Personer 16 år og over","2021",0
"Sem (-1987)","Videregående skolenivå","Begge kjønn","Personer 16 år og over (prosent)","2021",0
"Sem (-1987)","Universitets- og høgskolenivå, kort","Begge kjønn","Personer 16 år og over","2021",0
"Sem (-1987)","Universitets- og høgskolenivå, kort","Begge kjønn","Personer 16 år og over (prosent)","2021",0
"Sem (-1987)","Universitets- og høgskolenivå, lang","Begge kjønn","Personer 16 år og over","2021",0
"Sem (-1987)","Universitets- og høgskolenivå, lang","Begge kjønn","Personer 16 år og over (prosent)","2021",0
"Nøtterøy (-2017)","Utdanningsnivå i alt","Begge kjønn","Personer 16 år og over","2021",0
"Nøtterøy (-2017)","Utdanningsnivå i alt","Begge kjønn","Personer 16 år og over (prosent)","2021",0
"Nøtterøy (-2017)","Videregående skolenivå","Begge kjønn","Personer 16 år og over","2021",0
"Nøtterøy (-2017)","Videregående skolenivå","Begge kjønn","Personer 16 år og over (prosent)","2021",0
"Nøtterøy (-2017)","Universitets- og høgskolenivå, kort","Begge kjønn","Personer 16 år og over","2021",0
"Nøtterøy (-2017)","Universitets- og høgskolenivå, kort","Begge kjønn","Personer 16 år og over (prosent)","2021",0
"Nøtterøy (-2017)","Universitets- og høgskolenivå, lang","Begge kjønn","Personer 16 år og over","2021",0
"Nøtterøy (-2017)","Universitets- og høgskolenivå, lang","Begge kjønn","Personer 16 år og over (prosent)","2021",0
"Tjøme (-2017)","Utdanningsnivå i alt","Begge kjønn","Personer 16 år og over","2021",0
"Tjøme (-2017)","Utdanningsnivå i alt","Begge kjønn","Personer 16 år og over (prosent)","2021",0
"Tjøme (-2017)","Videregående skolenivå","Begge kjønn","Personer 16 år og over","2021",0
"Tjøme (-2017)","Videregående skolenivå","Begge kjønn","Personer 16 år og over (prosent)","2021",0
"Tjøme (-2017)","Universitets- og høgskolenivå, kort","Begge kjønn","Personer 16 år og over","2021",0
"Tjøme (-2017)","Universitets- og høgskolenivå, kort","Begge kjønn","Personer 16 år og over (prosent)","2021",0
"Tjøme (-2017)","Universitets- og høgskolenivå, lang","Begge kjønn","Personer 16 år og over","2021",0
"Tjøme (-2017)","Universitets- og høgskolenivå, lang","Begge kjønn","Personer 16 år og over (prosent)","2021",0
"Sandar (-1967)","Utdanningsnivå i alt","Begge kjønn","Personer 16 år og over","2021",0
"Sandar (-1967)","Utdanningsnivå i alt","Begge kjønn","Personer 16 år og over (prosent)","2021",0
"Sandar (-1967)","Videregående skolenivå","Begge kjønn","Personer 16 år og over","2021",0
"Sandar (-1967)","Videregående skolenivå","Begge kjønn","Personer 16 år og over (prosent)","2021",0
"Sandar (-1967)","Universitets- og høgskolenivå, kort","Begge kjønn","Personer 16 år og over","2021",0
"Sandar (-1967)","Universitets- og høgskolenivå, kort","Begge kjønn","Personer 16 år og over (prosent)","2021",0
"Sandar (-1967)","Universitets- og høgskolenivå, lang","Begge kjønn","Personer 16 år og over","2021",0
"Sandar (-1967)","Universitets- og høgskolenivå, lang","Begge kjønn","Personer 16 år og over (prosent)","2021",0
"Tjølling (-1987)","Utdanningsnivå i alt","Begge kjønn","Personer 16 år og over","2021",0
"Tjølling (-1987)","Utdanningsnivå i alt","Begge kjønn","Personer 16 år og over (prosent)","2021",0
"Tjølling (-1987)","Videregående skolenivå","Begge kjønn","Personer 16 år og over","2021",0
"Tjølling (-1987)","Videregående skolenivå","Begge kjønn","Personer 16 år og over (prosent)","2021",0
"Tjølling (-1987)","Universitets- og høgskolenivå, kort","Begge kjønn","Personer 16 år og over","2021",0
"Tjølling (-1987)","Universitets- og høgskolenivå, kort","Begge kjønn","Personer 16 år og over (prosent)","2021",0
"Tjølling (-1987)","Universitets- og høgskolenivå, lang","Begge kjønn","Personer 16 år og over","2021",0
"Tjølling (-1987)","Universitets- og høgskolenivå, lang","Begge kjønn","Personer 16 år og over (prosent)","2021",0
"Brunlanes (-1987)","Utdanningsnivå i alt","Begge kjønn","Personer 16 år og over","2021",0
"Brunlanes (-1987)","Utdanningsnivå i alt","Begge kjønn","Personer 16 år og over (prosent)","2021",0
"Brunlanes (-1987)","Videregående skolenivå","Begge kjønn","Personer 16 år og over","2021",0
"Brunlanes (-1987)","Videregående skolenivå","Begge kjønn","Personer 16 år og over (prosent)","2021",0
"Brunlanes (-1987)","Universitets- og høgskolenivå, kort","Begge kjønn","Personer 16 år og over","2021",0
"Brunlanes (-1987)","Universitets- og høgskolenivå, kort","Begge kjønn","Personer 16 år og over (prosent)","2021",0
"Brunlanes (-1987)","Universitets- og høgskolenivå, lang","Begge kjønn","Personer 16 år og over","2021",0
"Brunlanes (-1987)","Universitets- og høgskolenivå, lang","Begge kjønn","Personer 16 år og over (prosent)","2021",0
"Hedrum (-1987)","Utdanningsnivå i alt","Begge kjønn","Personer 16 år og over","2021",0
"Hedrum (-1987)","Utdanningsnivå i alt","Begge kjønn","Personer 16 år og over (prosent)","2021",0
"Hedrum (-1987)","Videregående skolenivå","Begge kjønn","Personer 16 år og over","2021",0
"Hedrum (-1987)","Videregående skolenivå","Begge kjønn","Personer 16 år og over (prosent)","2021",0
"Hedrum (-1987)","Universitets- og høgskolenivå, kort","Begge kjønn","Personer 16 år og over","2021",0
"Hedrum (-1987)","Universitets- og høgskolenivå, kort","Begge kjønn","Personer 16 år og over (prosent)","2021",0
"Hedrum (-1987)","Universitets- og høgskolenivå, lang","Begge kjønn","Personer 16 år og over","2021",0
"Hedrum (-1987)","Universitets- og høgskolenivå, lang","Begge kjønn","Personer 16 år og over (prosent)","2021",0
"Lardal (-2017)","Utdanningsnivå i alt","Begge kjønn","Personer 16 år og over","2021",0
"Lardal (-2017)","Utdanningsnivå i alt","Begge kjønn","Personer 16 år og over (prosent)","2021",0
"Lardal (-2017)","Videregående skolenivå","Begge kjønn","Personer 16 år og over","2021",0
"Lardal (-2017)","Videregående skolenivå","Begge kjønn","Personer 16 år og over (prosent)","2021",0
"Lardal (-2017)","Universitets- og høgskolenivå, kort","Begge kjønn","Personer 16 år og over","2021",0
"Lardal (-2017)","Universitets- og høgskolenivå, kort","Begge kjønn","Personer 16 år og over (prosent)","2021",0
"Lardal (-2017)","Universitets- og høgskolenivå, lang","Begge kjønn","Personer 16 år og over","2021",0
"Lardal (-2017)","Universitets- og høgskolenivå, lang","Begge kjønn","Personer 16 år og over (prosent)","2021",0
"Færder (2018-2019)","Utdanningsnivå i alt","Begge kjønn","Personer 16 år og over","2021",0
"Færder (2018-2019)","Utdanningsnivå i alt","Begge kjønn","Personer 16 år og over (prosent)","2021",0
"Færder (2018-2019)","Videregående skolenivå","Begge kjønn","Personer 16 år og over","2021",0
"Færder (2018-2019)","Videregående skolenivå","Begge kjønn","Personer 16 år og over (prosent)","2021",0
"Færder (2018-2019)","Universitets- og høgskolenivå, kort","Begge kjønn","Personer 16 år og over","2021",0
"Færder (2018-2019)","Universitets- og høgskolenivå, kort","Begge kjønn","Personer 16 år og over (prosent)","2021",0
"Færder (2018-2019)","Universitets- og høgskolenivå, lang","Begge kjønn","Personer 16 år og over","2021",0
"Færder (2018-2019)","Universitets- og høgskolenivå, lang","Begge kjønn","Personer 16 år og over (prosent)","2021",0
"Uoppgitt kommune Vestfold","Utdanningsnivå i alt","Begge kjønn","Personer 16 år og over","2021",0
"Uoppgitt kommune Vestfold","Utdanningsnivå i alt","Begge kjønn","Personer 16 år og over (prosent)","2021",0
"Uoppgitt kommune Vestfold","Videregående skolenivå","Begge kjønn","Personer 16 år og over","2021",0
"Uoppgitt kommune Vestfold","Videregående skolenivå","Begge kjønn","Personer 16 år og over (prosent)","2021",0
"Uoppgitt kommune Vestfold","Universitets- og høgskolenivå, kort","Begge kjønn","Personer 16 år og over","2021",0
"Uoppgitt kommune Vestfold","Universitets- og høgskolenivå, kort","Begge kjønn","Personer 16 år og over (prosent)","2021",0
"Uoppgitt kommune Vestfold","Universitets- og høgskolenivå, lang","Begge kjønn","Personer 16 år og over","2021",0
"Uoppgitt kommune Vestfold","Universitets- og høgskolenivå, lang","Begge kjønn","Personer 16 år og over (prosent)","2021",0
"Telemark (-2019)","Utdanningsnivå i alt","Begge kjønn","Personer 16 år og over","2021",0
"Telemark (-2019)","Utdanningsnivå i alt","Begge kjønn","Personer 16 år og over (prosent)","2021",0
"Telemark (-2019)","Videregående skolenivå","Begge kjønn","Personer 16 år og over","2021",0
"Telemark (-2019)","Videregående skolenivå","Begge kjønn","Personer 16 år og over (prosent)","2021",0
"Telemark (-2019)","Universitets- og høgskolenivå, kort","Begge kjønn","Personer 16 år og over","2021",0
"Telemark (-2019)","Universitets- og høgskolenivå, kort","Begge kjønn","Personer 16 år og over (prosent)","2021",0
"Telemark (-2019)","Universitets- og høgskolenivå, lang","Begge kjønn","Personer 16 år og over","2021",0
"Telemark (-2019)","Universitets- og høgskolenivå, lang","Begge kjønn","Personer 16 år og over (prosent)","2021",0
"Porsgrunn (-2019)","Utdanningsnivå i alt","Begge kjønn","Personer 16 år og over","2021",0
"Porsgrunn (-2019)","Utdanningsnivå i alt","Begge kjønn","Personer 16 år og over (prosent)","2021",0
"Porsgrunn (-2019)","Videregående skolenivå","Begge kjønn","Personer 16 år og over","2021",0
"Porsgrunn (-2019)","Videregående skolenivå","Begge kjønn","Personer 16 år og over (prosent)","2021",0
"Porsgrunn (-2019)","Universitets- og høgskolenivå, kort","Begge kjønn","Personer 16 år og over","2021",0
"Porsgrunn (-2019)","Universitets- og høgskolenivå, kort","Begge kjønn","Personer 16 år og over (prosent)","2021",0
"Porsgrunn (-2019)","Universitets- og høgskolenivå, lang","Begge kjønn","Personer 16 år og over","2021",0
"Porsgrunn (-2019)","Universitets- og høgskolenivå, lang","Begge kjønn","Personer 16 år og over (prosent)","2021",0
"Skien (-2019)","Utdanningsnivå i alt","Begge kjønn","Personer 16 år og over","2021",0
"Skien (-2019)","Utdanningsnivå i alt","Begge kjønn","Personer 16 år og over (prosent)","2021",0
"Skien (-2019)","Videregående skolenivå","Begge kjønn","Personer 16 år og over","2021",0
"Skien (-2019)","Videregående skolenivå","Begge kjønn","Personer 16 år og over (prosent)","2021",0
"Skien (-2019)","Universitets- og høgskolenivå, kort","Begge kjønn","Personer 16 år og over","2021",0
"Skien (-2019)","Universitets- og høgskolenivå, kort","Begge kjønn","Personer 16 år og over (prosent)","2021",0
"Skien (-2019)","Universitets- og høgskolenivå, lang","Begge kjønn","Personer 16 år og over","2021",0
"Skien (-2019)","Universitets- og høgskolenivå, lang","Begge kjønn","Personer 16 år og over (prosent)","2021",0
"Notodden (1913-2019)","Utdanningsnivå i alt","Begge kjønn","Personer 16 år og over","2021",0
"Notodden (1913-2019)","Utdanningsnivå i alt","Begge kjønn","Personer 16 år og over (prosent)","2021",0
"Notodden (1913-2019)","Videregående skolenivå","Begge kjønn","Personer 16 år og over","2021",0
"Notodden (1913-2019)","Videregående skolenivå","Begge kjønn","Personer 16 år og over (prosent)","2021",0
"Notodden (1913-2019)","Universitets- og høgskolenivå, kort","Begge kjønn","Personer 16 år og over","2021",0
"Notodden (1913-2019)","Universitets- og høgskolenivå, kort","Begge kjønn","Personer 16 år og over (prosent)","2021",0
"Notodden (1913-2019)","Universitets- og høgskolenivå, lang","Begge kjønn","Personer 16 år og over","2021",0
"Notodden (1913-2019)","Universitets- og høgskolenivå, lang","Begge kjønn","Personer 16 år og over (prosent)","2021",0
"Siljan (-2019)","Utdanningsnivå i alt","Begge kjønn","Personer 16 år og over","2021",0
"Siljan (-2019)","Utdanningsnivå i alt","Begge kjønn","Personer 16 år og over (prosent)","2021",0
"Siljan (-2019)","Videregående skolenivå","Begge kjønn","Personer 16 år og over","2021",0
"Siljan (-2019)","Videregående skolenivå","Begge kjønn","Personer 16 år og over (prosent)","2021",0
"Siljan (-2019)","Universitets- og høgskolenivå, kort","Begge kjønn","Personer 16 år og over","2021",0
"Siljan (-2019)","Universitets- og høgskolenivå, kort","Begge kjønn","Personer 16 år og over (prosent)","2021",0
"Siljan (-2019)","Universitets- og høgskolenivå, lang","Begge kjønn","Personer 16 år og over","2021",0
"Siljan (-2019)","Universitets- og høgskolenivå, lang","Begge kjønn","Personer 16 år og over (prosent)","2021",0
"Bamble (-2019)","Utdanningsnivå i alt","Begge kjønn","Personer 16 år og over","2021",0
"Bamble (-2019)","Utdanningsnivå i alt","Begge kjønn","Personer 16 år og over (prosent)","2021",0
"Bamble (-2019)","Videregående skolenivå","Begge kjønn","Personer 16 år og over","2021",0
"Bamble (-2019)","Videregående skolenivå","Begge kjønn","Personer 16 år og over (prosent)","2021",0
"Bamble (-2019)","Universitets- og høgskolenivå, kort","Begge kjønn","Personer 16 år og over","2021",0
"Bamble (-2019)","Universitets- og høgskolenivå, kort","Begge kjønn","Personer 16 år og over (prosent)","2021",0
"Bamble (-2019)","Universitets- og høgskolenivå, lang","Begge kjønn","Personer 16 år og over","2021",0
"Bamble (-2019)","Universitets- og høgskolenivå, lang","Begge kjønn","Personer 16 år og over (prosent)","2021",0
"Kragerø (1960-2019)","Utdanningsnivå i alt","Begge kjønn","Personer 16 år og over","2021",0
"Kragerø (1960-2019)","Utdanningsnivå i alt","Begge kjønn","Personer 16 år og over (prosent)","2021",0
"Kragerø (1960-2019)","Videregående skolenivå","Begge kjønn","Personer 16 år og over","2021",0
"Kragerø (1960-2019)","Videregående skolenivå","Begge kjønn","Personer 16 år og over (prosent)","2021",0
"Kragerø (1960-2019)","Universitets- og høgskolenivå, kort","Begge kjønn","Personer 16 år og over","2021",0
"Kragerø (1960-2019)","Universitets- og høgskolenivå, kort","Begge kjønn","Personer 16 år og over (prosent)","2021",0
"Kragerø (1960-2019)","Universitets- og høgskolenivå, lang","Begge kjønn","Personer 16 år og over","2021",0
"Kragerø (1960-2019)","Universitets- og høgskolenivå, lang","Begge kjønn","Personer 16 år og over (prosent)","2021",0
"Drangedal (-2019)","Utdanningsnivå i alt","Begge kjønn","Personer 16 år og over","2021",0
"Drangedal (-2019)","Utdanningsnivå i alt","Begge kjønn","Personer 16 år og over (prosent)","2021",0
"Drangedal (-2019)","Videregående skolenivå","Begge kjønn","Personer 16 år og over","2021",0
"Drangedal (-2019)","Videregående skolenivå","Begge kjønn","Personer 16 år og over (prosent)","2021",0
"Drangedal (-2019)","Universitets- og høgskolenivå, kort","Begge kjønn","Personer 16 år og over","2021",0
"Drangedal (-2019)","Universitets- og høgskolenivå, kort","Begge kjønn","Personer 16 år og over (prosent)","2021",0
"Drangedal (-2019)","Universitets- og høgskolenivå, lang","Begge kjønn","Personer 16 år og over","2021",0
"Drangedal (-2019)","Universitets- og høgskolenivå, lang","Begge kjønn","Personer 16 år og over (prosent)","2021",0
"Nome (1964-2019)","Utdanningsnivå i alt","Begge kjønn","Personer 16 år og over","2021",0
"Nome (1964-2019)","Utdanningsnivå i alt","Begge kjønn","Personer 16 år og over (prosent)","2021",0
"Nome (1964-2019)","Videregående skolenivå","Begge kjønn","Personer 16 år og over","2021",0
"Nome (1964-2019)","Videregående skolenivå","Begge kjønn","Personer 16 år og over (prosent)","2021",0
"Nome (1964-2019)","Universitets- og høgskolenivå, kort","Begge kjønn","Personer 16 år og over","2021",0
"Nome (1964-2019)","Universitets- og høgskolenivå, kort","Begge kjønn","Personer 16 år og over (prosent)","2021",0
"Nome (1964-2019)","Universitets- og høgskolenivå, lang","Begge kjønn","Personer 16 år og over","2021",0
"Nome (1964-2019)","Universitets- og høgskolenivå, lang","Begge kjønn","Personer 16 år og over (prosent)","2021",0
"Bø (Telemark) (-2019)","Utdanningsnivå i alt","Begge kjønn","Personer 16 år og over","2021",0
"Bø (Telemark) (-2019)","Utdanningsnivå i alt","Begge kjønn","Personer 16 år og over (prosent)","2021",0
"Bø (Telemark) (-2019)","Videregående skolenivå","Begge kjønn","Personer 16 år og over","2021",0
"Bø (Telemark) (-2019)","Videregående skolenivå","Begge kjønn","Personer 16 år og over (prosent)","2021",0
"Bø (Telemark) (-2019)","Universitets- og høgskolenivå, kort","Begge kjønn","Personer 16 år og over","2021",0
"Bø (Telemark) (-2019)","Universitets- og høgskolenivå, kort","Begge kjønn","Personer 16 år og over (prosent)","2021",0
"Bø (Telemark) (-2019)","Universitets- og høgskolenivå, lang","Begge kjønn","Personer 16 år og over","2021",0
"Bø (Telemark) (-2019)","Universitets- og høgskolenivå, lang","Begge kjønn","Personer 16 år og over (prosent)","2021",0
"Sauherad (-2019)","Utdanningsnivå i alt","Begge kjønn","Personer 16 år og over","2021",0
"Sauherad (-2019)","Utdanningsnivå i alt","Begge kjønn","Personer 16 år og over (prosent)","2021",0
"Sauherad (-2019)","Videregående skolenivå","Begge kjønn","Personer 16 år og over","2021",0
"Sauherad (-2019)","Videregående skolenivå","Begge kjønn","Personer 16 år og over (prosent)","2021",0
"Sauherad (-2019)","Universitets- og høgskolenivå, kort","Begge kjønn","Personer 16 år og over","2021",0
"Sauherad (-2019)","Universitets- og høgskolenivå, kort","Begge kjønn","Personer 16 år og over (prosent)","2021",0
"Sauherad (-2019)","Universitets- og høgskolenivå, lang","Begge kjønn","Personer 16 år og over","2021",0
"Sauherad (-2019)","Universitets- og høgskolenivå, lang","Begge kjønn","Personer 16 år og over (prosent)","2021",0
"Tinn (-2019)","Utdanningsnivå i alt","Begge kjønn","Personer 16 år og over","2021",0
"Tinn (-2019)","Utdanningsnivå i alt","Begge kjønn","Personer 16 år og over (prosent)","2021",0
"Tinn (-2019)","Videregående skolenivå","Begge kjønn","Personer 16 år og over","2021",0
"Tinn (-2019)","Videregående skolenivå","Begge kjønn","Personer 16 år og over (prosent)","2021",0
"Tinn (-2019)","Universitets- og høgskolenivå, kort","Begge kjønn","Personer 16 år og over","2021",0
"Tinn (-2019)","Universitets- og høgskolenivå, kort","Begge kjønn","Personer 16 år og over (prosent)","2021",0
"Tinn (-2019)","Universitets- og høgskolenivå, lang","Begge kjønn","Personer 16 år og over","2021",0
"Tinn (-2019)","Universitets- og høgskolenivå, lang","Begge kjønn","Personer 16 år og over (prosent)","2021",0
"Hjartdal (-2019)","Utdanningsnivå i alt","Begge kjønn","Personer 16 år og over","2021",0
"Hjartdal (-2019)","Utdanningsnivå i alt","Begge kjønn","Personer 16 år og over (prosent)","2021",0
"Hjartdal (-2019)","Videregående skolenivå","Begge kjønn","Personer 16 år og over","2021",0
"Hjartdal (-2019)","Videregående skolenivå","Begge kjønn","Personer 16 år og over (prosent)","2021",0
"Hjartdal (-2019)","Universitets- og høgskolenivå, kort","Begge kjønn","Personer 16 år og over","2021",0
"Hjartdal (-2019)","Universitets- og høgskolenivå, kort","Begge kjønn","Personer 16 år og over (prosent)","2021",0
"Hjartdal (-2019)","Universitets- og høgskolenivå, lang","Begge kjønn","Personer 16 år og over","2021",0
"Hjartdal (-2019)","Universitets- og høgskolenivå, lang","Begge kjønn","Personer 16 år og over (prosent)","2021",0
"Seljord (-2019)","Utdanningsnivå i alt","Begge kjønn","Personer 16 år og over","2021",0
"Seljord (-2019)","Utdanningsnivå i alt","Begge kjønn","Personer 16 år og over (prosent)","2021",0
"Seljord (-2019)","Videregående skolenivå","Begge kjønn","Personer 16 år og over","2021",0
"Seljord (-2019)","Videregående skolenivå","Begge kjønn","Personer 16 år og over (prosent)","2021",0
"Seljord (-2019)","Universitets- og høgskolenivå, kort","Begge kjønn","Personer 16 år og over","2021",0
"Seljord (-2019)","Universitets- og høgskolenivå, kort","Begge kjønn","Personer 16 år og over (prosent)","2021",0
"Seljord (-2019)","Universitets- og høgskolenivå, lang","Begge kjønn","Personer 16 år og over","2021",0
"Seljord (-2019)","Universitets- og høgskolenivå, lang","Begge kjønn","Personer 16 år og over (prosent)","2021",0
"Kviteseid (-2019)","Utdanningsnivå i alt","Begge kjønn","Personer 16 år og over","2021",0
"Kviteseid (-2019)","Utdanningsnivå i alt","Begge kjønn","Personer 16 år og over (prosent)","2021",0
"Kviteseid (-2019)","Videregående skolenivå","Begge kjønn","Personer 16 år og over","2021",0
"Kviteseid (-2019)","Videregående skolenivå","Begge kjønn","Personer 16 år og over (prosent)","2021",0
"Kviteseid (-2019)","Universitets- og høgskolenivå, kort","Begge kjønn","Personer 16 år og over","2021",0
"Kviteseid (-2019)","Universitets- og høgskolenivå, kort","Begge kjønn","Personer 16 år og over (prosent)","2021",0
"Kviteseid (-2019)","Universitets- og høgskolenivå, lang","Begge kjønn","Personer 16 år og over","2021",0
"Kviteseid (-2019)","Universitets- og høgskolenivå, lang","Begge kjønn","Personer 16 år og over (prosent)","2021",0
"Nissedal (-2019)","Utdanningsnivå i alt","Begge kjønn","Personer 16 år og over","2021",0
"Nissedal (-2019)","Utdanningsnivå i alt","Begge kjønn","Personer 16 år og over (prosent)","2021",0
"Nissedal (-2019)","Videregående skolenivå","Begge kjønn","Personer 16 år og over","2021",0
"Nissedal (-2019)","Videregående skolenivå","Begge kjønn","Personer 16 år og over (prosent)","2021",0
"Nissedal (-2019)","Universitets- og høgskolenivå, kort","Begge kjønn","Personer 16 år og over","2021",0
"Nissedal (-2019)","Universitets- og høgskolenivå, kort","Begge kjønn","Personer 16 år og over (prosent)","2021",0
"Nissedal (-2019)","Universitets- og høgskolenivå, lang","Begge kjønn","Personer 16 år og over","2021",0
"Nissedal (-2019)","Universitets- og høgskolenivå, lang","Begge kjønn","Personer 16 år og over (prosent)","2021",0
"Fyresdal (-2019)","Utdanningsnivå i alt","Begge kjønn","Personer 16 år og over","2021",0
"Fyresdal (-2019)","Utdanningsnivå i alt","Begge kjønn","Personer 16 år og over (prosent)","2021",0
"Fyresdal (-2019)","Videregående skolenivå","Begge kjønn","Personer 16 år og over","2021",0
"Fyresdal (-2019)","Videregående skolenivå","Begge kjønn","Personer 16 år og over (prosent)","2021",0
"Fyresdal (-2019)","Universitets- og høgskolenivå, kort","Begge kjønn","Personer 16 år og over","2021",0
"Fyresdal (-2019)","Universitets- og høgskolenivå, kort","Begge kjønn","Personer 16 år og over (prosent)","2021",0
"Fyresdal (-2019)","Universitets- og høgskolenivå, lang","Begge kjønn","Personer 16 år og over","2021",0
"Fyresdal (-2019)","Universitets- og høgskolenivå, lang","Begge kjønn","Personer 16 år og over (prosent)","2021",0
"Tokke (1964-2019)","Utdanningsnivå i alt","Begge kjønn","Personer 16 år og over","2021",0
"Tokke (1964-2019)","Utdanningsnivå i alt","Begge kjønn","Personer 16 år og over (prosent)","2021",0
"Tokke (1964-2019)","Videregående skolenivå","Begge kjønn","Personer 16 år og over","2021",0
"Tokke (1964-2019)","Videregående skolenivå","Begge kjønn","Personer 16 år og over (prosent)","2021",0
"Tokke (1964-2019)","Universitets- og høgskolenivå, kort","Begge kjønn","Personer 16 år og over","2021",0
"Tokke (1964-2019)","Universitets- og høgskolenivå, kort","Begge kjønn","Personer 16 år og over (prosent)","2021",0
"Tokke (1964-2019)","Universitets- og høgskolenivå, lang","Begge kjønn","Personer 16 år og over","2021",0
"Tokke (1964-2019)","Universitets- og høgskolenivå, lang","Begge kjønn","Personer 16 år og over (prosent)","2021",0
"Vinje (-2019)","Utdanningsnivå i alt","Begge kjønn","Personer 16 år og over","2021",0
"Vinje (-2019)","Utdanningsnivå i alt","Begge kjønn","Personer 16 år og over (prosent)","2021",0
"Vinje (-2019)","Videregående skolenivå","Begge kjønn","Personer 16 år og over","2021",0
"Vinje (-2019)","Videregående skolenivå","Begge kjønn","Personer 16 år og over (prosent)","2021",0
"Vinje (-2019)","Universitets- og høgskolenivå, kort","Begge kjønn","Personer 16 år og over","2021",0
"Vinje (-2019)","Universitets- og høgskolenivå, kort","Begge kjønn","Personer 16 år og over (prosent)","2021",0
"Vinje (-2019)","Universitets- og høgskolenivå, lang","Begge kjønn","Personer 16 år og over","2021",0
"Vinje (-2019)","Universitets- og høgskolenivå, lang","Begge kjønn","Personer 16 år og over (prosent)","2021",0
"Uoppgitt kommune Telemark","Utdanningsnivå i alt","Begge kjønn","Personer 16 år og over","2021",0
"Uoppgitt kommune Telemark","Utdanningsnivå i alt","Begge kjønn","Personer 16 år og over (prosent)","2021",0
"Uoppgitt kommune Telemark","Videregående skolenivå","Begge kjønn","Personer 16 år og over","2021",0
"Uoppgitt kommune Telemark","Videregående skolenivå","Begge kjønn","Personer 16 år og over (prosent)","2021",0
"Uoppgitt kommune Telemark","Universitets- og høgskolenivå, kort","Begge kjønn","Personer 16 år og over","2021",0
"Uoppgitt kommune Telemark","Universitets- og høgskolenivå, kort","Begge kjønn","Personer 16 år og over (prosent)","2021",0
"Uoppgitt kommune Telemark","Universitets- og høgskolenivå, lang","Begge kjønn","Personer 16 år og over","2021",0
"Uoppgitt kommune Telemark","Universitets- og høgskolenivå, lang","Begge kjønn","Personer 16 år og over (prosent)","2021",0
"Agder","Utdanningsnivå i alt","Begge kjønn","Personer 16 år og over","2021",252394
"Agder","Utdanningsnivå i alt","Begge kjønn","Personer 16 år og over (prosent)","2021",100
"Agder","Videregående skolenivå","Begge kjønn","Personer 16 år og over","2021",101472
"Agder","Videregående skolenivå","Begge kjønn","Personer 16 år og over (prosent)","2021",40.4
"Agder","Universitets- og høgskolenivå, kort","Begge kjønn","Personer 16 år og over","2021",60199
"Agder","Universitets- og høgskolenivå, kort","Begge kjønn","Personer 16 år og over (prosent)","2021",24
"Agder","Universitets- og høgskolenivå, lang","Begge kjønn","Personer 16 år og over","2021",19748
"Agder","Universitets- og høgskolenivå, lang","Begge kjønn","Personer 16 år og over (prosent)","2021",7.9
"Aust-Agder (-2019)","Utdanningsnivå i alt","Begge kjønn","Personer 16 år og over","2021",0
"Aust-Agder (-2019)","Utdanningsnivå i alt","Begge kjønn","Personer 16 år og over (prosent)","2021",0
"Aust-Agder (-2019)","Videregående skolenivå","Begge kjønn","Personer 16 år og over","2021",0
"Aust-Agder (-2019)","Videregående skolenivå","Begge kjønn","Personer 16 år og over (prosent)","2021",0
"Aust-Agder (-2019)","Universitets- og høgskolenivå, kort","Begge kjønn","Personer 16 år og over","2021",0
"Aust-Agder (-2019)","Universitets- og høgskolenivå, kort","Begge kjønn","Personer 16 år og over (prosent)","2021",0
"Aust-Agder (-2019)","Universitets- og høgskolenivå, lang","Begge kjønn","Personer 16 år og over","2021",0
"Aust-Agder (-2019)","Universitets- og høgskolenivå, lang","Begge kjønn","Personer 16 år og over (prosent)","2021",0
"Risør","Utdanningsnivå i alt","Begge kjønn","Personer 16 år og over","2021",5724
"Risør","Utdanningsnivå i alt","Begge kjønn","Personer 16 år og over (prosent)","2021",100
"Risør","Videregående skolenivå","Begge kjønn","Personer 16 år og over","2021",2401
"Risør","Videregående skolenivå","Begge kjønn","Personer 16 år og over (prosent)","2021",42.3
"Risør","Universitets- og høgskolenivå, kort","Begge kjønn","Personer 16 år og over","2021",1241
"Risør","Universitets- og høgskolenivå, kort","Begge kjønn","Personer 16 år og over (prosent)","2021",21.8
"Risør","Universitets- og høgskolenivå, lang","Begge kjønn","Personer 16 år og over","2021",336
"Risør","Universitets- og høgskolenivå, lang","Begge kjønn","Personer 16 år og over (prosent)","2021",5.9
"Grimstad","Utdanningsnivå i alt","Begge kjønn","Personer 16 år og over","2021",19439
"Grimstad","Utdanningsnivå i alt","Begge kjønn","Personer 16 år og over (prosent)","2021",100
"Grimstad","Videregående skolenivå","Begge kjønn","Personer 16 år og over","2021",7095
"Grimstad","Videregående skolenivå","Begge kjønn","Personer 16 år og over (prosent)","2021",36.7
"Grimstad","Universitets- og høgskolenivå, kort","Begge kjønn","Personer 16 år og over","2021",5140
"Grimstad","Universitets- og høgskolenivå, kort","Begge kjønn","Personer 16 år og over (prosent)","2021",26.6
"Grimstad","Universitets- og høgskolenivå, lang","Begge kjønn","Personer 16 år og over","2021",1804
"Grimstad","Universitets- og høgskolenivå, lang","Begge kjønn","Personer 16 år og over (prosent)","2021",9.3
"Arendal","Utdanningsnivå i alt","Begge kjønn","Personer 16 år og over","2021",37434
"Arendal","Utdanningsnivå i alt","Begge kjønn","Personer 16 år og over (prosent)","2021",100
"Arendal","Videregående skolenivå","Begge kjønn","Personer 16 år og over","2021",14280
"Arendal","Videregående skolenivå","Begge kjønn","Personer 16 år og over (prosent)","2021",38.3
"Arendal","Universitets- og høgskolenivå, kort","Begge kjønn","Personer 16 år og over","2021",8980
"Arendal","Universitets- og høgskolenivå, kort","Begge kjønn","Personer 16 år og over (prosent)","2021",24.1
"Arendal","Universitets- og høgskolenivå, lang","Begge kjønn","Personer 16 år og over","2021",3146
"Arendal","Universitets- og høgskolenivå, lang","Begge kjønn","Personer 16 år og over (prosent)","2021",8.4
"Kristiansand","Utdanningsnivå i alt","Begge kjønn","Personer 16 år og over","2021",91954
"Kristiansand","Utdanningsnivå i alt","Begge kjønn","Personer 16 år og over (prosent)","2021",100
"Kristiansand","Videregående skolenivå","Begge kjønn","Personer 16 år og over","2021",34111
"Kristiansand","Videregående skolenivå","Begge kjønn","Personer 16 år og over (prosent)","2021",37.3
"Kristiansand","Universitets- og høgskolenivå, kort","Begge kjønn","Personer 16 år og over","2021",24785
"Kristiansand","Universitets- og høgskolenivå, kort","Begge kjønn","Personer 16 år og over (prosent)","2021",27.1
"Kristiansand","Universitets- og høgskolenivå, lang","Begge kjønn","Personer 16 år og over","2021",9486
"Kristiansand","Universitets- og høgskolenivå, lang","Begge kjønn","Personer 16 år og over (prosent)","2021",10.4
"Lindesnes","Utdanningsnivå i alt","Begge kjønn","Personer 16 år og over","2021",18711
"Lindesnes","Utdanningsnivå i alt","Begge kjønn","Personer 16 år og over (prosent)","2021",100
"Lindesnes","Videregående skolenivå","Begge kjønn","Personer 16 år og over","2021",8251
"Lindesnes","Videregående skolenivå","Begge kjønn","Personer 16 år og over (prosent)","2021",44.3
"Lindesnes","Universitets- og høgskolenivå, kort","Begge kjønn","Personer 16 år og over","2021",4224
"Lindesnes","Universitets- og høgskolenivå, kort","Begge kjønn","Personer 16 år og over (prosent)","2021",22.7
"Lindesnes","Universitets- og høgskolenivå, lang","Begge kjønn","Personer 16 år og over","2021",1076
"Lindesnes","Universitets- og høgskolenivå, lang","Begge kjønn","Personer 16 år og over (prosent)","2021",5.8
"Farsund","Utdanningsnivå i alt","Begge kjønn","Personer 16 år og over","2021",7861
"Farsund","Utdanningsnivå i alt","Begge kjønn","Personer 16 år og over (prosent)","2021",100
"Farsund","Videregående skolenivå","Begge kjønn","Personer 16 år og over","2021",3632
"Farsund","Videregående skolenivå","Begge kjønn","Personer 16 år og over (prosent)","2021",46.4
"Farsund","Universitets- og høgskolenivå, kort","Begge kjønn","Personer 16 år og over","2021",1494
"Farsund","Universitets- og høgskolenivå, kort","Begge kjønn","Personer 16 år og over (prosent)","2021",19.1
"Farsund","Universitets- og høgskolenivå, lang","Begge kjønn","Personer 16 år og over","2021",364
"Farsund","Universitets- og høgskolenivå, lang","Begge kjønn","Personer 16 år og over (prosent)","2021",4.7
"Flekkefjord","Utdanningsnivå i alt","Begge kjønn","Personer 16 år og over","2021",7369
"Flekkefjord","Utdanningsnivå i alt","Begge kjønn","Personer 16 år og over (prosent)","2021",100
"Flekkefjord","Videregående skolenivå","Begge kjønn","Personer 16 år og over","2021",3269
"Flekkefjord","Videregående skolenivå","Begge kjønn","Personer 16 år og over (prosent)","2021",44.6
"Flekkefjord","Universitets- og høgskolenivå, kort","Begge kjønn","Personer 16 år og over","2021",1574
"Flekkefjord","Universitets- og høgskolenivå, kort","Begge kjønn","Personer 16 år og over (prosent)","2021",21.5
"Flekkefjord","Universitets- og høgskolenivå, lang","Begge kjønn","Personer 16 år og over","2021",427
"Flekkefjord","Universitets- og høgskolenivå, lang","Begge kjønn","Personer 16 år og over (prosent)","2021",5.8
"Gjerstad","Utdanningsnivå i alt","Begge kjønn","Personer 16 år og over","2021",2062
"Gjerstad","Utdanningsnivå i alt","Begge kjønn","Personer 16 år og over (prosent)","2021",100
"Gjerstad","Videregående skolenivå","Begge kjønn","Personer 16 år og over","2021",949
"Gjerstad","Videregående skolenivå","Begge kjønn","Personer 16 år og over (prosent)","2021",46.5
"Gjerstad","Universitets- og høgskolenivå, kort","Begge kjønn","Personer 16 år og over","2021",306
"Gjerstad","Universitets- og høgskolenivå, kort","Begge kjønn","Personer 16 år og over (prosent)","2021",15
"Gjerstad","Universitets- og høgskolenivå, lang","Begge kjønn","Personer 16 år og over","2021",51
"Gjerstad","Universitets- og høgskolenivå, lang","Begge kjønn","Personer 16 år og over (prosent)","2021",2.5
"Vegårshei","Utdanningsnivå i alt","Begge kjønn","Personer 16 år og over","2021",1710
"Vegårshei","Utdanningsnivå i alt","Begge kjønn","Personer 16 år og over (prosent)","2021",100
"Vegårshei","Videregående skolenivå","Begge kjønn","Personer 16 år og over","2021",785
"Vegårshei","Videregående skolenivå","Begge kjønn","Personer 16 år og over (prosent)","2021",46
"Vegårshei","Universitets- og høgskolenivå, kort","Begge kjønn","Personer 16 år og over","2021",363
"Vegårshei","Universitets- og høgskolenivå, kort","Begge kjønn","Personer 16 år og over (prosent)","2021",21.3
"Vegårshei","Universitets- og høgskolenivå, lang","Begge kjønn","Personer 16 år og over","2021",81
"Vegårshei","Universitets- og høgskolenivå, lang","Begge kjønn","Personer 16 år og over (prosent)","2021",4.8
"Tvedestrand","Utdanningsnivå i alt","Begge kjønn","Personer 16 år og over","2021",5126
"Tvedestrand","Utdanningsnivå i alt","Begge kjønn","Personer 16 år og over (prosent)","2021",100
"Tvedestrand","Videregående skolenivå","Begge kjønn","Personer 16 år og over","2021",2179
"Tvedestrand","Videregående skolenivå","Begge kjønn","Personer 16 år og over (prosent)","2021",42.7
"Tvedestrand","Universitets- og høgskolenivå, kort","Begge kjønn","Personer 16 år og over","2021",1108
"Tvedestrand","Universitets- og høgskolenivå, kort","Begge kjønn","Personer 16 år og over (prosent)","2021",21.7
"Tvedestrand","Universitets- og høgskolenivå, lang","Begge kjønn","Personer 16 år og over","2021",292
"Tvedestrand","Universitets- og høgskolenivå, lang","Begge kjønn","Personer 16 år og over (prosent)","2021",5.7
"Froland","Utdanningsnivå i alt","Begge kjønn","Personer 16 år og over","2021",4837
"Froland","Utdanningsnivå i alt","Begge kjønn","Personer 16 år og over (prosent)","2021",100
"Froland","Videregående skolenivå","Begge kjønn","Personer 16 år og over","2021",2201
"Froland","Videregående skolenivå","Begge kjønn","Personer 16 år og over (prosent)","2021",45.7
"Froland","Universitets- og høgskolenivå, kort","Begge kjønn","Personer 16 år og over","2021",859
"Froland","Universitets- og høgskolenivå, kort","Begge kjønn","Personer 16 år og over (prosent)","2021",17.8
"Froland","Universitets- og høgskolenivå, lang","Begge kjønn","Personer 16 år og over","2021",186
"Froland","Universitets- og høgskolenivå, lang","Begge kjønn","Personer 16 år og over (prosent)","2021",3.9
"Lillesand","Utdanningsnivå i alt","Begge kjønn","Personer 16 år og over","2021",9104
"Lillesand","Utdanningsnivå i alt","Begge kjønn","Personer 16 år og over (prosent)","2021",100
"Lillesand","Videregående skolenivå","Begge kjønn","Personer 16 år og over","2021",3533
"Lillesand","Videregående skolenivå","Begge kjønn","Personer 16 år og over (prosent)","2021",39
"Lillesand","Universitets- og høgskolenivå, kort","Begge kjønn","Personer 16 år og over","2021",2338
"Lillesand","Universitets- og høgskolenivå, kort","Begge kjønn","Personer 16 år og over (prosent)","2021",25.8
"Lillesand","Universitets- og høgskolenivå, lang","Begge kjønn","Personer 16 år og over","2021",814
"Lillesand","Universitets- og høgskolenivå, lang","Begge kjønn","Personer 16 år og over (prosent)","2021",9
"Birkenes","Utdanningsnivå i alt","Begge kjønn","Personer 16 år og over","2021",4166
"Birkenes","Utdanningsnivå i alt","Begge kjønn","Personer 16 år og over (prosent)","2021",100
"Birkenes","Videregående skolenivå","Begge kjønn","Personer 16 år og over","2021",1848
"Birkenes","Videregående skolenivå","Begge kjønn","Personer 16 år og over (prosent)","2021",44.5
"Birkenes","Universitets- og høgskolenivå, kort","Begge kjønn","Personer 16 år og over","2021",822
"Birkenes","Universitets- og høgskolenivå, kort","Begge kjønn","Personer 16 år og over (prosent)","2021",19.8
"Birkenes","Universitets- og høgskolenivå, lang","Begge kjønn","Personer 16 år og over","2021",201
"Birkenes","Universitets- og høgskolenivå, lang","Begge kjønn","Personer 16 år og over (prosent)","2021",4.8
"Åmli","Utdanningsnivå i alt","Begge kjønn","Personer 16 år og over","2021",1467
"Åmli","Utdanningsnivå i alt","Begge kjønn","Personer 16 år og over (prosent)","2021",100
"Åmli","Videregående skolenivå","Begge kjønn","Personer 16 år og over","2021",643
"Åmli","Videregående skolenivå","Begge kjønn","Personer 16 år og over (prosent)","2021",44.2
"Åmli","Universitets- og høgskolenivå, kort","Begge kjønn","Personer 16 år og over","2021",281
"Åmli","Universitets- og høgskolenivå, kort","Begge kjønn","Personer 16 år og over (prosent)","2021",19.3
"Åmli","Universitets- og høgskolenivå, lang","Begge kjønn","Personer 16 år og over","2021",68
"Åmli","Universitets- og høgskolenivå, lang","Begge kjønn","Personer 16 år og over (prosent)","2021",4.7
"Iveland","Utdanningsnivå i alt","Begge kjønn","Personer 16 år og over","2021",1037
"Iveland","Utdanningsnivå i alt","Begge kjønn","Personer 16 år og over (prosent)","2021",100
"Iveland","Videregående skolenivå","Begge kjønn","Personer 16 år og over","2021",503
"Iveland","Videregående skolenivå","Begge kjønn","Personer 16 år og over (prosent)","2021",48.8
"Iveland","Universitets- og høgskolenivå, kort","Begge kjønn","Personer 16 år og over","2021",157
"Iveland","Universitets- og høgskolenivå, kort","Begge kjønn","Personer 16 år og over (prosent)","2021",15.2
"Iveland","Universitets- og høgskolenivå, lang","Begge kjønn","Personer 16 år og over","2021",27
"Iveland","Universitets- og høgskolenivå, lang","Begge kjønn","Personer 16 år og over (prosent)","2021",2.6
"Evje og Hornnes","Utdanningsnivå i alt","Begge kjønn","Personer 16 år og over","2021",2949
"Evje og Hornnes","Utdanningsnivå i alt","Begge kjønn","Personer 16 år og over (prosent)","2021",100
"Evje og Hornnes","Videregående skolenivå","Begge kjønn","Personer 16 år og over","2021",1320
"Evje og Hornnes","Videregående skolenivå","Begge kjønn","Personer 16 år og over (prosent)","2021",44.9
"Evje og Hornnes","Universitets- og høgskolenivå, kort","Begge kjønn","Personer 16 år og over","2021",577
"Evje og Hornnes","Universitets- og høgskolenivå, kort","Begge kjønn","Personer 16 år og over (prosent)","2021",19.6
"Evje og Hornnes","Universitets- og høgskolenivå, lang","Begge kjønn","Personer 16 år og over","2021",152
"Evje og Hornnes","Universitets- og høgskolenivå, lang","Begge kjønn","Personer 16 år og over (prosent)","2021",5.2
"Bygland","Utdanningsnivå i alt","Begge kjønn","Personer 16 år og over","2021",966
"Bygland","Utdanningsnivå i alt","Begge kjønn","Personer 16 år og over (prosent)","2021",100
"Bygland","Videregående skolenivå","Begge kjønn","Personer 16 år og over","2021",436
"Bygland","Videregående skolenivå","Begge kjønn","Personer 16 år og over (prosent)","2021",45.3
"Bygland","Universitets- og høgskolenivå, kort","Begge kjønn","Personer 16 år og over","2021",219
"Bygland","Universitets- og høgskolenivå, kort","Begge kjønn","Personer 16 år og over (prosent)","2021",22.8
"Bygland","Universitets- og høgskolenivå, lang","Begge kjønn","Personer 16 år og over","2021",53
"Bygland","Universitets- og høgskolenivå, lang","Begge kjønn","Personer 16 år og over (prosent)","2021",5.5
"Valle","Utdanningsnivå i alt","Begge kjønn","Personer 16 år og over","2021",991
"Valle","Utdanningsnivå i alt","Begge kjønn","Personer 16 år og over (prosent)","2021",100
"Valle","Videregående skolenivå","Begge kjønn","Personer 16 år og over","2021",490
"Valle","Videregående skolenivå","Begge kjønn","Personer 16 år og over (prosent)","2021",49.5
"Valle","Universitets- og høgskolenivå, kort","Begge kjønn","Personer 16 år og over","2021",200
"Valle","Universitets- og høgskolenivå, kort","Begge kjønn","Personer 16 år og over (prosent)","2021",20.2
"Valle","Universitets- og høgskolenivå, lang","Begge kjønn","Personer 16 år og over","2021",58
"Valle","Universitets- og høgskolenivå, lang","Begge kjønn","Personer 16 år og over (prosent)","2021",5.9
"Bykle","Utdanningsnivå i alt","Begge kjønn","Personer 16 år og over","2021",787
"Bykle","Utdanningsnivå i alt","Begge kjønn","Personer 16 år og over (prosent)","2021",100
"Bykle","Videregående skolenivå","Begge kjønn","Personer 16 år og over","2021",342
"Bykle","Videregående skolenivå","Begge kjønn","Personer 16 år og over (prosent)","2021",43.6
"Bykle","Universitets- og høgskolenivå, kort","Begge kjønn","Personer 16 år og over","2021",207
"Bykle","Universitets- og høgskolenivå, kort","Begge kjønn","Personer 16 år og over (prosent)","2021",26.4
"Bykle","Universitets- og høgskolenivå, lang","Begge kjønn","Personer 16 år og over","2021",52
"Bykle","Universitets- og høgskolenivå, lang","Begge kjønn","Personer 16 år og over (prosent)","2021",6.6
"Vennesla","Utdanningsnivå i alt","Begge kjønn","Personer 16 år og over","2021",12084
"Vennesla","Utdanningsnivå i alt","Begge kjønn","Personer 16 år og over (prosent)","2021",100
"Vennesla","Videregående skolenivå","Begge kjønn","Personer 16 år og over","2021",5494
"Vennesla","Videregående skolenivå","Begge kjønn","Personer 16 år og over (prosent)","2021",45.7
"Vennesla","Universitets- og høgskolenivå, kort","Begge kjønn","Personer 16 år og over","2021",2177
"Vennesla","Universitets- og høgskolenivå, kort","Begge kjønn","Personer 16 år og over (prosent)","2021",18.1
"Vennesla","Universitets- og høgskolenivå, lang","Begge kjønn","Personer 16 år og over","2021",426
"Vennesla","Universitets- og høgskolenivå, lang","Begge kjønn","Personer 16 år og over (prosent)","2021",3.5
"Åseral","Utdanningsnivå i alt","Begge kjønn","Personer 16 år og over","2021",748
"Åseral","Utdanningsnivå i alt","Begge kjønn","Personer 16 år og over (prosent)","2021",100
"Åseral","Videregående skolenivå","Begge kjønn","Personer 16 år og over","2021",370
"Åseral","Videregående skolenivå","Begge kjønn","Personer 16 år og over (prosent)","2021",49.7
"Åseral","Universitets- og høgskolenivå, kort","Begge kjønn","Personer 16 år og over","2021",130
"Åseral","Universitets- og høgskolenivå, kort","Begge kjønn","Personer 16 år og over (prosent)","2021",17.4
"Åseral","Universitets- og høgskolenivå, lang","Begge kjønn","Personer 16 år og over","2021",16
"Åseral","Universitets- og høgskolenivå, lang","Begge kjønn","Personer 16 år og over (prosent)","2021",2.1
"Lyngdal","Utdanningsnivå i alt","Begge kjønn","Personer 16 år og over","2021",8250
"Lyngdal","Utdanningsnivå i alt","Begge kjønn","Personer 16 år og over (prosent)","2021",100
"Lyngdal","Videregående skolenivå","Begge kjønn","Personer 16 år og over","2021",3742
"Lyngdal","Videregående skolenivå","Begge kjønn","Personer 16 år og over (prosent)","2021",45.6
"Lyngdal","Universitets- og høgskolenivå, kort","Begge kjønn","Personer 16 år og over","2021",1624
"Lyngdal","Universitets- og høgskolenivå, kort","Begge kjønn","Personer 16 år og over (prosent)","2021",19.8
"Lyngdal","Universitets- og høgskolenivå, lang","Begge kjønn","Personer 16 år og over","2021",336
"Lyngdal","Universitets- og høgskolenivå, lang","Begge kjønn","Personer 16 år og over (prosent)","2021",4.1
"Hægebostad","Utdanningsnivå i alt","Begge kjønn","Personer 16 år og over","2021",1367
"Hægebostad","Utdanningsnivå i alt","Begge kjønn","Personer 16 år og over (prosent)","2021",100
"Hægebostad","Videregående skolenivå","Begge kjønn","Personer 16 år og over","2021",652
"Hægebostad","Videregående skolenivå","Begge kjønn","Personer 16 år og over (prosent)","2021",48
"Hægebostad","Universitets- og høgskolenivå, kort","Begge kjønn","Personer 16 år og over","2021",277
"Hægebostad","Universitets- og høgskolenivå, kort","Begge kjønn","Personer 16 år og over (prosent)","2021",20.4
"Hægebostad","Universitets- og høgskolenivå, lang","Begge kjønn","Personer 16 år og over","2021",41
"Hægebostad","Universitets- og høgskolenivå, lang","Begge kjønn","Personer 16 år og over (prosent)","2021",3
"Kvinesdal","Utdanningsnivå i alt","Begge kjønn","Personer 16 år og over","2021",4798
"Kvinesdal","Utdanningsnivå i alt","Begge kjønn","Personer 16 år og over (prosent)","2021",100
"Kvinesdal","Videregående skolenivå","Begge kjønn","Personer 16 år og over","2021",2259
"Kvinesdal","Videregående skolenivå","Begge kjønn","Personer 16 år og over (prosent)","2021",47.4
"Kvinesdal","Universitets- og høgskolenivå, kort","Begge kjønn","Personer 16 år og over","2021",808
"Kvinesdal","Universitets- og høgskolenivå, kort","Begge kjønn","Personer 16 år og over (prosent)","2021",16.9
"Kvinesdal","Universitets- og høgskolenivå, lang","Begge kjønn","Personer 16 år og over","2021",176
"Kvinesdal","Universitets- og høgskolenivå, lang","Begge kjønn","Personer 16 år og over (prosent)","2021",3.7
"Sirdal","Utdanningsnivå i alt","Begge kjønn","Personer 16 år og over","2021",1453
"Sirdal","Utdanningsnivå i alt","Begge kjønn","Personer 16 år og over (prosent)","2021",100
"Sirdal","Videregående skolenivå","Begge kjønn","Personer 16 år og over","2021",687
"Sirdal","Videregående skolenivå","Begge kjønn","Personer 16 år og over (prosent)","2021",47.3
"Sirdal","Universitets- og høgskolenivå, kort","Begge kjønn","Personer 16 år og over","2021",308
"Sirdal","Universitets- og høgskolenivå, kort","Begge kjønn","Personer 16 år og over (prosent)","2021",21.2
"Sirdal","Universitets- og høgskolenivå, lang","Begge kjønn","Personer 16 år og over","2021",79
"Sirdal","Universitets- og høgskolenivå, lang","Begge kjønn","Personer 16 år og over (prosent)","2021",5.4
"Risør (-2019)","Utdanningsnivå i alt","Begge kjønn","Personer 16 år og over","2021",0
"Risør (-2019)","Utdanningsnivå i alt","Begge kjønn","Personer 16 år og over (prosent)","2021",0
"Risør (-2019)","Videregående skolenivå","Begge kjønn","Personer 16 år og over","2021",0
"Risør (-2019)","Videregående skolenivå","Begge kjønn","Personer 16 år og over (prosent)","2021",0
"Risør (-2019)","Universitets- og høgskolenivå, kort","Begge kjønn","Personer 16 år og over","2021",0
"Risør (-2019)","Universitets- og høgskolenivå, kort","Begge kjønn","Personer 16 år og over (prosent)","2021",0
"Risør (-2019)","Universitets- og høgskolenivå, lang","Begge kjønn","Personer 16 år og over","2021",0
"Risør (-2019)","Universitets- og høgskolenivå, lang","Begge kjønn","Personer 16 år og over (prosent)","2021",0
"Arendal (-1991)","Utdanningsnivå i alt","Begge kjønn","Personer 16 år og over","2021",0
"Arendal (-1991)","Utdanningsnivå i alt","Begge kjønn","Personer 16 år og over (prosent)","2021",0
"Arendal (-1991)","Videregående skolenivå","Begge kjønn","Personer 16 år og over","2021",0
"Arendal (-1991)","Videregående skolenivå","Begge kjønn","Personer 16 år og over (prosent)","2021",0
"Arendal (-1991)","Universitets- og høgskolenivå, kort","Begge kjønn","Personer 16 år og over","2021",0
"Arendal (-1991)","Universitets- og høgskolenivå, kort","Begge kjønn","Personer 16 år og over (prosent)","2021",0
"Arendal (-1991)","Universitets- og høgskolenivå, lang","Begge kjønn","Personer 16 år og over","2021",0
"Arendal (-1991)","Universitets- og høgskolenivå, lang","Begge kjønn","Personer 16 år og over (prosent)","2021",0
"Grimstad (-2019)","Utdanningsnivå i alt","Begge kjønn","Personer 16 år og over","2021",0
"Grimstad (-2019)","Utdanningsnivå i alt","Begge kjønn","Personer 16 år og over (prosent)","2021",0
"Grimstad (-2019)","Videregående skolenivå","Begge kjønn","Personer 16 år og over","2021",0
"Grimstad (-2019)","Videregående skolenivå","Begge kjønn","Personer 16 år og over (prosent)","2021",0
"Grimstad (-2019)","Universitets- og høgskolenivå, kort","Begge kjønn","Personer 16 år og over","2021",0
"Grimstad (-2019)","Universitets- og høgskolenivå, kort","Begge kjønn","Personer 16 år og over (prosent)","2021",0
"Grimstad (-2019)","Universitets- og høgskolenivå, lang","Begge kjønn","Personer 16 år og over","2021",0
"Grimstad (-2019)","Universitets- og høgskolenivå, lang","Begge kjønn","Personer 16 år og over (prosent)","2021",0
"Arendal (1992-2019)","Utdanningsnivå i alt","Begge kjønn","Personer 16 år og over","2021",0
"Arendal (1992-2019)","Utdanningsnivå i alt","Begge kjønn","Personer 16 år og over (prosent)","2021",0
"Arendal (1992-2019)","Videregående skolenivå","Begge kjønn","Personer 16 år og over","2021",0
"Arendal (1992-2019)","Videregående skolenivå","Begge kjønn","Personer 16 år og over (prosent)","2021",0
"Arendal (1992-2019)","Universitets- og høgskolenivå, kort","Begge kjønn","Personer 16 år og over","2021",0
"Arendal (1992-2019)","Universitets- og høgskolenivå, kort","Begge kjønn","Personer 16 år og over (prosent)","2021",0
"Arendal (1992-2019)","Universitets- og høgskolenivå, lang","Begge kjønn","Personer 16 år og over","2021",0
"Arendal (1992-2019)","Universitets- og høgskolenivå, lang","Begge kjønn","Personer 16 år og over (prosent)","2021",0
"Gjerstad (-2019)","Utdanningsnivå i alt","Begge kjønn","Personer 16 år og over","2021",0
"Gjerstad (-2019)","Utdanningsnivå i alt","Begge kjønn","Personer 16 år og over (prosent)","2021",0
"Gjerstad (-2019)","Videregående skolenivå","Begge kjønn","Personer 16 år og over","2021",0
"Gjerstad (-2019)","Videregående skolenivå","Begge kjønn","Personer 16 år og over (prosent)","2021",0
"Gjerstad (-2019)","Universitets- og høgskolenivå, kort","Begge kjønn","Personer 16 år og over","2021",0
"Gjerstad (-2019)","Universitets- og høgskolenivå, kort","Begge kjønn","Personer 16 år og over (prosent)","2021",0
"Gjerstad (-2019)","Universitets- og høgskolenivå, lang","Begge kjønn","Personer 16 år og over","2021",0
"Gjerstad (-2019)","Universitets- og høgskolenivå, lang","Begge kjønn","Personer 16 år og over (prosent)","2021",0
"Vegårshei (-2019)","Utdanningsnivå i alt","Begge kjønn","Personer 16 år og over","2021",0
"Vegårshei (-2019)","Utdanningsnivå i alt","Begge kjønn","Personer 16 år og over (prosent)","2021",0
"Vegårshei (-2019)","Videregående skolenivå","Begge kjønn","Personer 16 år og over","2021",0
"Vegårshei (-2019)","Videregående skolenivå","Begge kjønn","Personer 16 år og over (prosent)","2021",0
"Vegårshei (-2019)","Universitets- og høgskolenivå, kort","Begge kjønn","Personer 16 år og over","2021",0
"Vegårshei (-2019)","Universitets- og høgskolenivå, kort","Begge kjønn","Personer 16 år og over (prosent)","2021",0
"Vegårshei (-2019)","Universitets- og høgskolenivå, lang","Begge kjønn","Personer 16 år og over","2021",0
"Vegårshei (-2019)","Universitets- og høgskolenivå, lang","Begge kjønn","Personer 16 år og over (prosent)","2021",0
"Tvedestrand (-2019)","Utdanningsnivå i alt","Begge kjønn","Personer 16 år og over","2021",0
"Tvedestrand (-2019)","Utdanningsnivå i alt","Begge kjønn","Personer 16 år og over (prosent)","2021",0
"Tvedestrand (-2019)","Videregående skolenivå","Begge kjønn","Personer 16 år og over","2021",0
"Tvedestrand (-2019)","Videregående skolenivå","Begge kjønn","Personer 16 år og over (prosent)","2021",0
"Tvedestrand (-2019)","Universitets- og høgskolenivå, kort","Begge kjønn","Personer 16 år og over","2021",0
"Tvedestrand (-2019)","Universitets- og høgskolenivå, kort","Begge kjønn","Personer 16 år og over (prosent)","2021",0
"Tvedestrand (-2019)","Universitets- og høgskolenivå, lang","Begge kjønn","Personer 16 år og over","2021",0
"Tvedestrand (-2019)","Universitets- og høgskolenivå, lang","Begge kjønn","Personer 16 år og over (prosent)","2021",0
"Moland (1962-1991)","Utdanningsnivå i alt","Begge kjønn","Personer 16 år og over","2021",0
"Moland (1962-1991)","Utdanningsnivå i alt","Begge kjønn","Personer 16 år og over (prosent)","2021",0
"Moland (1962-1991)","Videregående skolenivå","Begge kjønn","Personer 16 år og over","2021",0
"Moland (1962-1991)","Videregående skolenivå","Begge kjønn","Personer 16 år og over (prosent)","2021",0
"Moland (1962-1991)","Universitets- og høgskolenivå, kort","Begge kjønn","Personer 16 år og over","2021",0
"Moland (1962-1991)","Universitets- og høgskolenivå, kort","Begge kjønn","Personer 16 år og over (prosent)","2021",0
"Moland (1962-1991)","Universitets- og høgskolenivå, lang","Begge kjønn","Personer 16 år og over","2021",0
"Moland (1962-1991)","Universitets- og høgskolenivå, lang","Begge kjønn","Personer 16 år og over (prosent)","2021",0
"Froland (-2019)","Utdanningsnivå i alt","Begge kjønn","Personer 16 år og over","2021",0
"Froland (-2019)","Utdanningsnivå i alt","Begge kjønn","Personer 16 år og over (prosent)","2021",0
"Froland (-2019)","Videregående skolenivå","Begge kjønn","Personer 16 år og over","2021",0
"Froland (-2019)","Videregående skolenivå","Begge kjønn","Personer 16 år og over (prosent)","2021",0
"Froland (-2019)","Universitets- og høgskolenivå, kort","Begge kjønn","Personer 16 år og over","2021",0
"Froland (-2019)","Universitets- og høgskolenivå, kort","Begge kjønn","Personer 16 år og over (prosent)","2021",0
"Froland (-2019)","Universitets- og høgskolenivå, lang","Begge kjønn","Personer 16 år og over","2021",0
"Froland (-2019)","Universitets- og høgskolenivå, lang","Begge kjønn","Personer 16 år og over (prosent)","2021",0
"Øyestad (-1991)","Utdanningsnivå i alt","Begge kjønn","Personer 16 år og over","2021",0
"Øyestad (-1991)","Utdanningsnivå i alt","Begge kjønn","Personer 16 år og over (prosent)","2021",0
"Øyestad (-1991)","Videregående skolenivå","Begge kjønn","Personer 16 år og over","2021",0
"Øyestad (-1991)","Videregående skolenivå","Begge kjønn","Personer 16 år og over (prosent)","2021",0
"Øyestad (-1991)","Universitets- og høgskolenivå, kort","Begge kjønn","Personer 16 år og over","2021",0
"Øyestad (-1991)","Universitets- og høgskolenivå, kort","Begge kjønn","Personer 16 år og over (prosent)","2021",0
"Øyestad (-1991)","Universitets- og høgskolenivå, lang","Begge kjønn","Personer 16 år og over","2021",0
"Øyestad (-1991)","Universitets- og høgskolenivå, lang","Begge kjønn","Personer 16 år og over (prosent)","2021",0
"Tromøy (-1991)","Utdanningsnivå i alt","Begge kjønn","Personer 16 år og over","2021",0
"Tromøy (-1991)","Utdanningsnivå i alt","Begge kjønn","Personer 16 år og over (prosent)","2021",0
"Tromøy (-1991)","Videregående skolenivå","Begge kjønn","Personer 16 år og over","2021",0
"Tromøy (-1991)","Videregående skolenivå","Begge kjønn","Personer 16 år og over (prosent)","2021",0
"Tromøy (-1991)","Universitets- og høgskolenivå, kort","Begge kjønn","Personer 16 år og over","2021",0
"Tromøy (-1991)","Universitets- og høgskolenivå, kort","Begge kjønn","Personer 16 år og over (prosent)","2021",0
"Tromøy (-1991)","Universitets- og høgskolenivå, lang","Begge kjønn","Personer 16 år og over","2021",0
"Tromøy (-1991)","Universitets- og høgskolenivå, lang","Begge kjønn","Personer 16 år og over (prosent)","2021",0
"Hisøy (-1991)","Utdanningsnivå i alt","Begge kjønn","Personer 16 år og over","2021",0
"Hisøy (-1991)","Utdanningsnivå i alt","Begge kjønn","Personer 16 år og over (prosent)","2021",0
"Hisøy (-1991)","Videregående skolenivå","Begge kjønn","Personer 16 år og over","2021",0
"Hisøy (-1991)","Videregående skolenivå","Begge kjønn","Personer 16 år og over (prosent)","2021",0
"Hisøy (-1991)","Universitets- og høgskolenivå, kort","Begge kjønn","Personer 16 år og over","2021",0
"Hisøy (-1991)","Universitets- og høgskolenivå, kort","Begge kjønn","Personer 16 år og over (prosent)","2021",0
"Hisøy (-1991)","Universitets- og høgskolenivå, lang","Begge kjønn","Personer 16 år og over","2021",0
"Hisøy (-1991)","Universitets- og høgskolenivå, lang","Begge kjønn","Personer 16 år og over (prosent)","2021",0
"Fjære (-1970)","Utdanningsnivå i alt","Begge kjønn","Personer 16 år og over","2021",0
"Fjære (-1970)","Utdanningsnivå i alt","Begge kjønn","Personer 16 år og over (prosent)","2021",0
"Fjære (-1970)","Videregående skolenivå","Begge kjønn","Personer 16 år og over","2021",0
"Fjære (-1970)","Videregående skolenivå","Begge kjønn","Personer 16 år og over (prosent)","2021",0
"Fjære (-1970)","Universitets- og høgskolenivå, kort","Begge kjønn","Personer 16 år og over","2021",0
"Fjære (-1970)","Universitets- og høgskolenivå, kort","Begge kjønn","Personer 16 år og over (prosent)","2021",0
"Fjære (-1970)","Universitets- og høgskolenivå, lang","Begge kjønn","Personer 16 år og over","2021",0
"Fjære (-1970)","Universitets- og høgskolenivå, lang","Begge kjønn","Personer 16 år og over (prosent)","2021",0
"Landvik (-1970)","Utdanningsnivå i alt","Begge kjønn","Personer 16 år og over","2021",0
"Landvik (-1970)","Utdanningsnivå i alt","Begge kjønn","Personer 16 år og over (prosent)","2021",0
"Landvik (-1970)","Videregående skolenivå","Begge kjønn","Personer 16 år og over","2021",0
"Landvik (-1970)","Videregående skolenivå","Begge kjønn","Personer 16 år og over (prosent)","2021",0
"Landvik (-1970)","Universitets- og høgskolenivå, kort","Begge kjønn","Personer 16 år og over","2021",0
"Landvik (-1970)","Universitets- og høgskolenivå, kort","Begge kjønn","Personer 16 år og over (prosent)","2021",0
"Landvik (-1970)","Universitets- og høgskolenivå, lang","Begge kjønn","Personer 16 år og over","2021",0
"Landvik (-1970)","Universitets- og høgskolenivå, lang","Begge kjønn","Personer 16 år og over (prosent)","2021",0
"Lillesand (1962-2019)","Utdanningsnivå i alt","Begge kjønn","Personer 16 år og over","2021",0
"Lillesand (1962-2019)","Utdanningsnivå i alt","Begge kjønn","Personer 16 år og over (prosent)","2021",0
"Lillesand (1962-2019)","Videregående skolenivå","Begge kjønn","Personer 16 år og over","2021",0
"Lillesand (1962-2019)","Videregående skolenivå","Begge kjønn","Personer 16 år og over (prosent)","2021",0
"Lillesand (1962-2019)","Universitets- og høgskolenivå, kort","Begge kjønn","Personer 16 år og over","2021",0
"Lillesand (1962-2019)","Universitets- og høgskolenivå, kort","Begge kjønn","Personer 16 år og over (prosent)","2021",0
"Lillesand (1962-2019)","Universitets- og høgskolenivå, lang","Begge kjønn","Personer 16 år og over","2021",0
"Lillesand (1962-2019)","Universitets- og høgskolenivå, lang","Begge kjønn","Personer 16 år og over (prosent)","2021",0
"Birkenes (-2019)","Utdanningsnivå i alt","Begge kjønn","Personer 16 år og over","2021",0
"Birkenes (-2019)","Utdanningsnivå i alt","Begge kjønn","Personer 16 år og over (prosent)","2021",0
"Birkenes (-2019)","Videregående skolenivå","Begge kjønn","Personer 16 år og over","2021",0
"Birkenes (-2019)","Videregående skolenivå","Begge kjønn","Personer 16 år og over (prosent)","2021",0
"Birkenes (-2019)","Universitets- og høgskolenivå, kort","Begge kjønn","Personer 16 år og over","2021",0
"Birkenes (-2019)","Universitets- og høgskolenivå, kort","Begge kjønn","Personer 16 år og over (prosent)","2021",0
"Birkenes (-2019)","Universitets- og høgskolenivå, lang","Begge kjønn","Personer 16 år og over","2021",0
"Birkenes (-2019)","Universitets- og høgskolenivå, lang","Begge kjønn","Personer 16 år og over (prosent)","2021",0
"Åmli (-2019)","Utdanningsnivå i alt","Begge kjønn","Personer 16 år og over","2021",0
"Åmli (-2019)","Utdanningsnivå i alt","Begge kjønn","Personer 16 år og over (prosent)","2021",0
"Åmli (-2019)","Videregående skolenivå","Begge kjønn","Personer 16 år og over","2021",0
"Åmli (-2019)","Videregående skolenivå","Begge kjønn","Personer 16 år og over (prosent)","2021",0
"Åmli (-2019)","Universitets- og høgskolenivå, kort","Begge kjønn","Personer 16 år og over","2021",0
"Åmli (-2019)","Universitets- og høgskolenivå, kort","Begge kjønn","Personer 16 år og over (prosent)","2021",0
"Åmli (-2019)","Universitets- og høgskolenivå, lang","Begge kjønn","Personer 16 år og over","2021",0
"Åmli (-2019)","Universitets- og høgskolenivå, lang","Begge kjønn","Personer 16 år og over (prosent)","2021",0
"Mykland (-1966)","Utdanningsnivå i alt","Begge kjønn","Personer 16 år og over","2021",0
"Mykland (-1966)","Utdanningsnivå i alt","Begge kjønn","Personer 16 år og over (prosent)","2021",0
"Mykland (-1966)","Videregående skolenivå","Begge kjønn","Personer 16 år og over","2021",0
"Mykland (-1966)","Videregående skolenivå","Begge kjønn","Personer 16 år og over (prosent)","2021",0
"Mykland (-1966)","Universitets- og høgskolenivå, kort","Begge kjønn","Personer 16 år og over","2021",0
"Mykland (-1966)","Universitets- og høgskolenivå, kort","Begge kjønn","Personer 16 år og over (prosent)","2021",0
"Mykland (-1966)","Universitets- og høgskolenivå, lang","Begge kjønn","Personer 16 år og over","2021",0
"Mykland (-1966)","Universitets- og høgskolenivå, lang","Begge kjønn","Personer 16 år og over (prosent)","2021",0
"Herefoss (-1966)","Utdanningsnivå i alt","Begge kjønn","Personer 16 år og over","2021",0
"Herefoss (-1966)","Utdanningsnivå i alt","Begge kjønn","Personer 16 år og over (prosent)","2021",0
"Herefoss (-1966)","Videregående skolenivå","Begge kjønn","Personer 16 år og over","2021",0
"Herefoss (-1966)","Videregående skolenivå","Begge kjønn","Personer 16 år og over (prosent)","2021",0
"Herefoss (-1966)","Universitets- og høgskolenivå, kort","Begge kjønn","Personer 16 år og over","2021",0
"Herefoss (-1966)","Universitets- og høgskolenivå, kort","Begge kjønn","Personer 16 år og over (prosent)","2021",0
"Herefoss (-1966)","Universitets- og høgskolenivå, lang","Begge kjønn","Personer 16 år og over","2021",0
"Herefoss (-1966)","Universitets- og høgskolenivå, lang","Begge kjønn","Personer 16 år og over (prosent)","2021",0
"Iveland (-2019)","Utdanningsnivå i alt","Begge kjønn","Personer 16 år og over","2021",0
"Iveland (-2019)","Utdanningsnivå i alt","Begge kjønn","Personer 16 år og over (prosent)","2021",0
"Iveland (-2019)","Videregående skolenivå","Begge kjønn","Personer 16 år og over","2021",0
"Iveland (-2019)","Videregående skolenivå","Begge kjønn","Personer 16 år og over (prosent)","2021",0
"Iveland (-2019)","Universitets- og høgskolenivå, kort","Begge kjønn","Personer 16 år og over","2021",0
"Iveland (-2019)","Universitets- og høgskolenivå, kort","Begge kjønn","Personer 16 år og over (prosent)","2021",0
"Iveland (-2019)","Universitets- og høgskolenivå, lang","Begge kjønn","Personer 16 år og over","2021",0
"Iveland (-2019)","Universitets- og høgskolenivå, lang","Begge kjønn","Personer 16 år og over (prosent)","2021",0
"Evje og Hornnes (1960-2019)","Utdanningsnivå i alt","Begge kjønn","Personer 16 år og over","2021",0
"Evje og Hornnes (1960-2019)","Utdanningsnivå i alt","Begge kjønn","Personer 16 år og over (prosent)","2021",0
"Evje og Hornnes (1960-2019)","Videregående skolenivå","Begge kjønn","Personer 16 år og over","2021",0
"Evje og Hornnes (1960-2019)","Videregående skolenivå","Begge kjønn","Personer 16 år og over (prosent)","2021",0
"Evje og Hornnes (1960-2019)","Universitets- og høgskolenivå, kort","Begge kjønn","Personer 16 år og over","2021",0
"Evje og Hornnes (1960-2019)","Universitets- og høgskolenivå, kort","Begge kjønn","Personer 16 år og over (prosent)","2021",0
"Evje og Hornnes (1960-2019)","Universitets- og høgskolenivå, lang","Begge kjønn","Personer 16 år og over","2021",0
"Evje og Hornnes (1960-2019)","Universitets- og høgskolenivå, lang","Begge kjønn","Personer 16 år og over (prosent)","2021",0
"Bygland (-2019)","Utdanningsnivå i alt","Begge kjønn","Personer 16 år og over","2021",0
"Bygland (-2019)","Utdanningsnivå i alt","Begge kjønn","Personer 16 år og over (prosent)","2021",0
"Bygland (-2019)","Videregående skolenivå","Begge kjønn","Personer 16 år og over","2021",0
"Bygland (-2019)","Videregående skolenivå","Begge kjønn","Personer 16 år og over (prosent)","2021",0
"Bygland (-2019)","Universitets- og høgskolenivå, kort","Begge kjønn","Personer 16 år og over","2021",0
"Bygland (-2019)","Universitets- og høgskolenivå, kort","Begge kjønn","Personer 16 år og over (prosent)","2021",0
"Bygland (-2019)","Universitets- og høgskolenivå, lang","Begge kjønn","Personer 16 år og over","2021",0
"Bygland (-2019)","Universitets- og høgskolenivå, lang","Begge kjønn","Personer 16 år og over (prosent)","2021",0
"Valle (-2019)","Utdanningsnivå i alt","Begge kjønn","Personer 16 år og over","2021",0
"Valle (-2019)","Utdanningsnivå i alt","Begge kjønn","Personer 16 år og over (prosent)","2021",0
"Valle (-2019)","Videregående skolenivå","Begge kjønn","Personer 16 år og over","2021",0
"Valle (-2019)","Videregående skolenivå","Begge kjønn","Personer 16 år og over (prosent)","2021",0
"Valle (-2019)","Universitets- og høgskolenivå, kort","Begge kjønn","Personer 16 år og over","2021",0
"Valle (-2019)","Universitets- og høgskolenivå, kort","Begge kjønn","Personer 16 år og over (prosent)","2021",0
"Valle (-2019)","Universitets- og høgskolenivå, lang","Begge kjønn","Personer 16 år og over","2021",0
"Valle (-2019)","Universitets- og høgskolenivå, lang","Begge kjønn","Personer 16 år og over (prosent)","2021",0
"Bykle (-2019)","Utdanningsnivå i alt","Begge kjønn","Personer 16 år og over","2021",0
"Bykle (-2019)","Utdanningsnivå i alt","Begge kjønn","Personer 16 år og over (prosent)","2021",0
"Bykle (-2019)","Videregående skolenivå","Begge kjønn","Personer 16 år og over","2021",0
"Bykle (-2019)","Videregående skolenivå","Begge kjønn","Personer 16 år og over (prosent)","2021",0
"Bykle (-2019)","Universitets- og høgskolenivå, kort","Begge kjønn","Personer 16 år og over","2021",0
"Bykle (-2019)","Universitets- og høgskolenivå, kort","Begge kjønn","Personer 16 år og over (prosent)","2021",0
"Bykle (-2019)","Universitets- og høgskolenivå, lang","Begge kjønn","Personer 16 år og over","2021",0
"Bykle (-2019)","Universitets- og høgskolenivå, lang","Begge kjønn","Personer 16 år og over (prosent)","2021",0
"Uoppgitt kommune Aust-Agder","Utdanningsnivå i alt","Begge kjønn","Personer 16 år og over","2021",0
"Uoppgitt kommune Aust-Agder","Utdanningsnivå i alt","Begge kjønn","Personer 16 år og over (prosent)","2021",0
"Uoppgitt kommune Aust-Agder","Videregående skolenivå","Begge kjønn","Personer 16 år og over","2021",0
"Uoppgitt kommune Aust-Agder","Videregående skolenivå","Begge kjønn","Personer 16 år og over (prosent)","2021",0
"Uoppgitt kommune Aust-Agder","Universitets- og høgskolenivå, kort","Begge kjønn","Personer 16 år og over","2021",0
"Uoppgitt kommune Aust-Agder","Universitets- og høgskolenivå, kort","Begge kjønn","Personer 16 år og over (prosent)","2021",0
"Uoppgitt kommune Aust-Agder","Universitets- og høgskolenivå, lang","Begge kjønn","Personer 16 år og over","2021",0
"Uoppgitt kommune Aust-Agder","Universitets- og høgskolenivå, lang","Begge kjønn","Personer 16 år og over (prosent)","2021",0
"Vest-Agder (-2019)","Utdanningsnivå i alt","Begge kjønn","Personer 16 år og over","2021",0
"Vest-Agder (-2019)","Utdanningsnivå i alt","Begge kjønn","Personer 16 år og over (prosent)","2021",0
"Vest-Agder (-2019)","Videregående skolenivå","Begge kjønn","Personer 16 år og over","2021",0
"Vest-Agder (-2019)","Videregående skolenivå","Begge kjønn","Personer 16 år og over (prosent)","2021",0
"Vest-Agder (-2019)","Universitets- og høgskolenivå, kort","Begge kjønn","Personer 16 år og over","2021",0
"Vest-Agder (-2019)","Universitets- og høgskolenivå, kort","Begge kjønn","Personer 16 år og over (prosent)","2021",0
"Vest-Agder (-2019)","Universitets- og høgskolenivå, lang","Begge kjønn","Personer 16 år og over","2021",0
"Vest-Agder (-2019)","Universitets- og høgskolenivå, lang","Begge kjønn","Personer 16 år og over (prosent)","2021",0
"Kristiansand (-2019)","Utdanningsnivå i alt","Begge kjønn","Personer 16 år og over","2021",0
"Kristiansand (-2019)","Utdanningsnivå i alt","Begge kjønn","Personer 16 år og over (prosent)","2021",0
"Kristiansand (-2019)","Videregående skolenivå","Begge kjønn","Personer 16 år og over","2021",0
"Kristiansand (-2019)","Videregående skolenivå","Begge kjønn","Personer 16 år og over (prosent)","2021",0
"Kristiansand (-2019)","Universitets- og høgskolenivå, kort","Begge kjønn","Personer 16 år og over","2021",0
"Kristiansand (-2019)","Universitets- og høgskolenivå, kort","Begge kjønn","Personer 16 år og over (prosent)","2021",0
"Kristiansand (-2019)","Universitets- og høgskolenivå, lang","Begge kjønn","Personer 16 år og over","2021",0
"Kristiansand (-2019)","Universitets- og høgskolenivå, lang","Begge kjønn","Personer 16 år og over (prosent)","2021",0
"Mandal (-2019)","Utdanningsnivå i alt","Begge kjønn","Personer 16 år og over","2021",0
"Mandal (-2019)","Utdanningsnivå i alt","Begge kjønn","Personer 16 år og over (prosent)","2021",0
"Mandal (-2019)","Videregående skolenivå","Begge kjønn","Personer 16 år og over","2021",0
"Mandal (-2019)","Videregående skolenivå","Begge kjønn","Personer 16 år og over (prosent)","2021",0
"Mandal (-2019)","Universitets- og høgskolenivå, kort","Begge kjønn","Personer 16 år og over","2021",0
"Mandal (-2019)","Universitets- og høgskolenivå, kort","Begge kjønn","Personer 16 år og over (prosent)","2021",0
"Mandal (-2019)","Universitets- og høgskolenivå, lang","Begge kjønn","Personer 16 år og over","2021",0
"Mandal (-2019)","Universitets- og høgskolenivå, lang","Begge kjønn","Personer 16 år og over (prosent)","2021",0
"Farsund (-2019)","Utdanningsnivå i alt","Begge kjønn","Personer 16 år og over","2021",0
"Farsund (-2019)","Utdanningsnivå i alt","Begge kjønn","Personer 16 år og over (prosent)","2021",0
"Farsund (-2019)","Videregående skolenivå","Begge kjønn","Personer 16 år og over","2021",0
"Farsund (-2019)","Videregående skolenivå","Begge kjønn","Personer 16 år og over (prosent)","2021",0
"Farsund (-2019)","Universitets- og høgskolenivå, kort","Begge kjønn","Personer 16 år og over","2021",0
"Farsund (-2019)","Universitets- og høgskolenivå, kort","Begge kjønn","Personer 16 år og over (prosent)","2021",0
"Farsund (-2019)","Universitets- og høgskolenivå, lang","Begge kjønn","Personer 16 år og over","2021",0
"Farsund (-2019)","Universitets- og høgskolenivå, lang","Begge kjønn","Personer 16 år og over (prosent)","2021",0
"Flekkefjord (-2019)","Utdanningsnivå i alt","Begge kjønn","Personer 16 år og over","2021",0
"Flekkefjord (-2019)","Utdanningsnivå i alt","Begge kjønn","Personer 16 år og over (prosent)","2021",0
"Flekkefjord (-2019)","Videregående skolenivå","Begge kjønn","Personer 16 år og over","2021",0
"Flekkefjord (-2019)","Videregående skolenivå","Begge kjønn","Personer 16 år og over (prosent)","2021",0
"Flekkefjord (-2019)","Universitets- og høgskolenivå, kort","Begge kjønn","Personer 16 år og over","2021",0
"Flekkefjord (-2019)","Universitets- og høgskolenivå, kort","Begge kjønn","Personer 16 år og over (prosent)","2021",0
"Flekkefjord (-2019)","Universitets- og høgskolenivå, lang","Begge kjønn","Personer 16 år og over","2021",0
"Flekkefjord (-2019)","Universitets- og høgskolenivå, lang","Begge kjønn","Personer 16 år og over (prosent)","2021",0
"Vennesla (-2019)","Utdanningsnivå i alt","Begge kjønn","Personer 16 år og over","2021",0
"Vennesla (-2019)","Utdanningsnivå i alt","Begge kjønn","Personer 16 år og over (prosent)","2021",0
"Vennesla (-2019)","Videregående skolenivå","Begge kjønn","Personer 16 år og over","2021",0
"Vennesla (-2019)","Videregående skolenivå","Begge kjønn","Personer 16 år og over (prosent)","2021",0
"Vennesla (-2019)","Universitets- og høgskolenivå, kort","Begge kjønn","Personer 16 år og over","2021",0
"Vennesla (-2019)","Universitets- og høgskolenivå, kort","Begge kjønn","Personer 16 år og over (prosent)","2021",0
"Vennesla (-2019)","Universitets- og høgskolenivå, lang","Begge kjønn","Personer 16 år og over","2021",0
"Vennesla (-2019)","Universitets- og høgskolenivå, lang","Begge kjønn","Personer 16 år og over (prosent)","2021",0
"Songdalen (1964-2019)","Utdanningsnivå i alt","Begge kjønn","Personer 16 år og over","2021",0
"Songdalen (1964-2019)","Utdanningsnivå i alt","Begge kjønn","Personer 16 år og over (prosent)","2021",0
"Songdalen (1964-2019)","Videregående skolenivå","Begge kjønn","Personer 16 år og over","2021",0
"Songdalen (1964-2019)","Videregående skolenivå","Begge kjønn","Personer 16 år og over (prosent)","2021",0
"Songdalen (1964-2019)","Universitets- og høgskolenivå, kort","Begge kjønn","Personer 16 år og over","2021",0
"Songdalen (1964-2019)","Universitets- og høgskolenivå, kort","Begge kjønn","Personer 16 år og over (prosent)","2021",0
"Songdalen (1964-2019)","Universitets- og høgskolenivå, lang","Begge kjønn","Personer 16 år og over","2021",0
"Songdalen (1964-2019)","Universitets- og høgskolenivå, lang","Begge kjønn","Personer 16 år og over (prosent)","2021",0
"Søgne (-2019)","Utdanningsnivå i alt","Begge kjønn","Personer 16 år og over","2021",0
"Søgne (-2019)","Utdanningsnivå i alt","Begge kjønn","Personer 16 år og over (prosent)","2021",0
"Søgne (-2019)","Videregående skolenivå","Begge kjønn","Personer 16 år og over","2021",0
"Søgne (-2019)","Videregående skolenivå","Begge kjønn","Personer 16 år og over (prosent)","2021",0
"Søgne (-2019)","Universitets- og høgskolenivå, kort","Begge kjønn","Personer 16 år og over","2021",0
"Søgne (-2019)","Universitets- og høgskolenivå, kort","Begge kjønn","Personer 16 år og over (prosent)","2021",0
"Søgne (-2019)","Universitets- og høgskolenivå, lang","Begge kjønn","Personer 16 år og over","2021",0
"Søgne (-2019)","Universitets- og høgskolenivå, lang","Begge kjønn","Personer 16 år og over (prosent)","2021",0
"Marnardal (1964-2019)","Utdanningsnivå i alt","Begge kjønn","Personer 16 år og over","2021",0
"Marnardal (1964-2019)","Utdanningsnivå i alt","Begge kjønn","Personer 16 år og over (prosent)","2021",0
"Marnardal (1964-2019)","Videregående skolenivå","Begge kjønn","Personer 16 år og over","2021",0
"Marnardal (1964-2019)","Videregående skolenivå","Begge kjønn","Personer 16 år og over (prosent)","2021",0
"Marnardal (1964-2019)","Universitets- og høgskolenivå, kort","Begge kjønn","Personer 16 år og over","2021",0
"Marnardal (1964-2019)","Universitets- og høgskolenivå, kort","Begge kjønn","Personer 16 år og over (prosent)","2021",0
"Marnardal (1964-2019)","Universitets- og høgskolenivå, lang","Begge kjønn","Personer 16 år og over","2021",0
"Marnardal (1964-2019)","Universitets- og høgskolenivå, lang","Begge kjønn","Personer 16 år og over (prosent)","2021",0
"Åseral (-2019)","Utdanningsnivå i alt","Begge kjønn","Personer 16 år og over","2021",0
"Åseral (-2019)","Utdanningsnivå i alt","Begge kjønn","Personer 16 år og over (prosent)","2021",0
"Åseral (-2019)","Videregående skolenivå","Begge kjønn","Personer 16 år og over","2021",0
"Åseral (-2019)","Videregående skolenivå","Begge kjønn","Personer 16 år og over (prosent)","2021",0
"Åseral (-2019)","Universitets- og høgskolenivå, kort","Begge kjønn","Personer 16 år og over","2021",0
"Åseral (-2019)","Universitets- og høgskolenivå, kort","Begge kjønn","Personer 16 år og over (prosent)","2021",0
"Åseral (-2019)","Universitets- og høgskolenivå, lang","Begge kjønn","Personer 16 år og over","2021",0
"Åseral (-2019)","Universitets- og høgskolenivå, lang","Begge kjønn","Personer 16 år og over (prosent)","2021",0
"Audnedal (1964-2019)","Utdanningsnivå i alt","Begge kjønn","Personer 16 år og over","2021",0
"Audnedal (1964-2019)","Utdanningsnivå i alt","Begge kjønn","Personer 16 år og over (prosent)","2021",0
"Audnedal (1964-2019)","Videregående skolenivå","Begge kjønn","Personer 16 år og over","2021",0
"Audnedal (1964-2019)","Videregående skolenivå","Begge kjønn","Personer 16 år og over (prosent)","2021",0
"Audnedal (1964-2019)","Universitets- og høgskolenivå, kort","Begge kjønn","Personer 16 år og over","2021",0
"Audnedal (1964-2019)","Universitets- og høgskolenivå, kort","Begge kjønn","Personer 16 år og over (prosent)","2021",0
"Audnedal (1964-2019)","Universitets- og høgskolenivå, lang","Begge kjønn","Personer 16 år og over","2021",0
"Audnedal (1964-2019)","Universitets- og høgskolenivå, lang","Begge kjønn","Personer 16 år og over (prosent)","2021",0
"Lindesnes (1964-2019)","Utdanningsnivå i alt","Begge kjønn","Personer 16 år og over","2021",0
"Lindesnes (1964-2019)","Utdanningsnivå i alt","Begge kjønn","Personer 16 år og over (prosent)","2021",0
"Lindesnes (1964-2019)","Videregående skolenivå","Begge kjønn","Personer 16 år og over","2021",0
"Lindesnes (1964-2019)","Videregående skolenivå","Begge kjønn","Personer 16 år og over (prosent)","2021",0
"Lindesnes (1964-2019)","Universitets- og høgskolenivå, kort","Begge kjønn","Personer 16 år og over","2021",0
"Lindesnes (1964-2019)","Universitets- og høgskolenivå, kort","Begge kjønn","Personer 16 år og over (prosent)","2021",0
"Lindesnes (1964-2019)","Universitets- og høgskolenivå, lang","Begge kjønn","Personer 16 år og over","2021",0
"Lindesnes (1964-2019)","Universitets- og høgskolenivå, lang","Begge kjønn","Personer 16 år og over (prosent)","2021",0
"Lyngdal (-2019)","Utdanningsnivå i alt","Begge kjønn","Personer 16 år og over","2021",0
"Lyngdal (-2019)","Utdanningsnivå i alt","Begge kjønn","Personer 16 år og over (prosent)","2021",0
"Lyngdal (-2019)","Videregående skolenivå","Begge kjønn","Personer 16 år og over","2021",0
"Lyngdal (-2019)","Videregående skolenivå","Begge kjønn","Personer 16 år og over (prosent)","2021",0
"Lyngdal (-2019)","Universitets- og høgskolenivå, kort","Begge kjønn","Personer 16 år og over","2021",0
"Lyngdal (-2019)","Universitets- og høgskolenivå, kort","Begge kjønn","Personer 16 år og over (prosent)","2021",0
"Lyngdal (-2019)","Universitets- og høgskolenivå, lang","Begge kjønn","Personer 16 år og over","2021",0
"Lyngdal (-2019)","Universitets- og høgskolenivå, lang","Begge kjønn","Personer 16 år og over (prosent)","2021",0
"Hægebostad (-2019)","Utdanningsnivå i alt","Begge kjønn","Personer 16 år og over","2021",0
"Hægebostad (-2019)","Utdanningsnivå i alt","Begge kjønn","Personer 16 år og over (prosent)","2021",0
"Hægebostad (-2019)","Videregående skolenivå","Begge kjønn","Personer 16 år og over","2021",0
"Hægebostad (-2019)","Videregående skolenivå","Begge kjønn","Personer 16 år og over (prosent)","2021",0
"Hægebostad (-2019)","Universitets- og høgskolenivå, kort","Begge kjønn","Personer 16 år og over","2021",0
"Hægebostad (-2019)","Universitets- og høgskolenivå, kort","Begge kjønn","Personer 16 år og over (prosent)","2021",0
"Hægebostad (-2019)","Universitets- og høgskolenivå, lang","Begge kjønn","Personer 16 år og over","2021",0
"Hægebostad (-2019)","Universitets- og høgskolenivå, lang","Begge kjønn","Personer 16 år og over (prosent)","2021",0
"Kvinesdal (-2019)","Utdanningsnivå i alt","Begge kjønn","Personer 16 år og over","2021",0
"Kvinesdal (-2019)","Utdanningsnivå i alt","Begge kjønn","Personer 16 år og over (prosent)","2021",0
"Kvinesdal (-2019)","Videregående skolenivå","Begge kjønn","Personer 16 år og over","2021",0
"Kvinesdal (-2019)","Videregående skolenivå","Begge kjønn","Personer 16 år og over (prosent)","2021",0
"Kvinesdal (-2019)","Universitets- og høgskolenivå, kort","Begge kjønn","Personer 16 år og over","2021",0
"Kvinesdal (-2019)","Universitets- og høgskolenivå, kort","Begge kjønn","Personer 16 år og over (prosent)","2021",0
"Kvinesdal (-2019)","Universitets- og høgskolenivå, lang","Begge kjønn","Personer 16 år og over","2021",0
"Kvinesdal (-2019)","Universitets- og høgskolenivå, lang","Begge kjønn","Personer 16 år og over (prosent)","2021",0
"Sirdal (1960-2019)","Utdanningsnivå i alt","Begge kjønn","Personer 16 år og over","2021",0
"Sirdal (1960-2019)","Utdanningsnivå i alt","Begge kjønn","Personer 16 år og over (prosent)","2021",0
"Sirdal (1960-2019)","Videregående skolenivå","Begge kjønn","Personer 16 år og over","2021",0
"Sirdal (1960-2019)","Videregående skolenivå","Begge kjønn","Personer 16 år og over (prosent)","2021",0
"Sirdal (1960-2019)","Universitets- og høgskolenivå, kort","Begge kjønn","Personer 16 år og over","2021",0
"Sirdal (1960-2019)","Universitets- og høgskolenivå, kort","Begge kjønn","Personer 16 år og over (prosent)","2021",0
"Sirdal (1960-2019)","Universitets- og høgskolenivå, lang","Begge kjønn","Personer 16 år og over","2021",0
"Sirdal (1960-2019)","Universitets- og høgskolenivå, lang","Begge kjønn","Personer 16 år og over (prosent)","2021",0
"Uoppgitt kommune Vest-Agder","Utdanningsnivå i alt","Begge kjønn","Personer 16 år og over","2021",0
"Uoppgitt kommune Vest-Agder","Utdanningsnivå i alt","Begge kjønn","Personer 16 år og over (prosent)","2021",0
"Uoppgitt kommune Vest-Agder","Videregående skolenivå","Begge kjønn","Personer 16 år og over","2021",0
"Uoppgitt kommune Vest-Agder","Videregående skolenivå","Begge kjønn","Personer 16 år og over (prosent)","2021",0
"Uoppgitt kommune Vest-Agder","Universitets- og høgskolenivå, kort","Begge kjønn","Personer 16 år og over","2021",0
"Uoppgitt kommune Vest-Agder","Universitets- og høgskolenivå, kort","Begge kjønn","Personer 16 år og over (prosent)","2021",0
"Uoppgitt kommune Vest-Agder","Universitets- og høgskolenivå, lang","Begge kjønn","Personer 16 år og over","2021",0
"Uoppgitt kommune Vest-Agder","Universitets- og høgskolenivå, lang","Begge kjønn","Personer 16 år og over (prosent)","2021",0
"Rogaland","Utdanningsnivå i alt","Begge kjønn","Personer 16 år og over","2021",386854
"Rogaland","Utdanningsnivå i alt","Begge kjønn","Personer 16 år og over (prosent)","2021",100
"Rogaland","Videregående skolenivå","Begge kjønn","Personer 16 år og over","2021",148737
"Rogaland","Videregående skolenivå","Begge kjønn","Personer 16 år og over (prosent)","2021",38.6
"Rogaland","Universitets- og høgskolenivå, kort","Begge kjønn","Personer 16 år og over","2021",91479
"Rogaland","Universitets- og høgskolenivå, kort","Begge kjønn","Personer 16 år og over (prosent)","2021",23.8
"Rogaland","Universitets- og høgskolenivå, lang","Begge kjønn","Personer 16 år og over","2021",41448
"Rogaland","Universitets- og høgskolenivå, lang","Begge kjønn","Personer 16 år og over (prosent)","2021",10.8
"Eigersund","Utdanningsnivå i alt","Begge kjønn","Personer 16 år og over","2021",11997
"Eigersund","Utdanningsnivå i alt","Begge kjønn","Personer 16 år og over (prosent)","2021",100
"Eigersund","Videregående skolenivå","Begge kjønn","Personer 16 år og over","2021",5286
"Eigersund","Videregående skolenivå","Begge kjønn","Personer 16 år og over (prosent)","2021",44.3
"Eigersund","Universitets- og høgskolenivå, kort","Begge kjønn","Personer 16 år og over","2021",2315
"Eigersund","Universitets- og høgskolenivå, kort","Begge kjønn","Personer 16 år og over (prosent)","2021",19.4
"Eigersund","Universitets- og høgskolenivå, lang","Begge kjønn","Personer 16 år og over","2021",650
"Eigersund","Universitets- og høgskolenivå, lang","Begge kjønn","Personer 16 år og over (prosent)","2021",5.4
"Sandnes (-2019)","Utdanningsnivå i alt","Begge kjønn","Personer 16 år og over","2021",0
"Sandnes (-2019)","Utdanningsnivå i alt","Begge kjønn","Personer 16 år og over (prosent)","2021",0
"Sandnes (-2019)","Videregående skolenivå","Begge kjønn","Personer 16 år og over","2021",0
"Sandnes (-2019)","Videregående skolenivå","Begge kjønn","Personer 16 år og over (prosent)","2021",0
"Sandnes (-2019)","Universitets- og høgskolenivå, kort","Begge kjønn","Personer 16 år og over","2021",0
"Sandnes (-2019)","Universitets- og høgskolenivå, kort","Begge kjønn","Personer 16 år og over (prosent)","2021",0
"Sandnes (-2019)","Universitets- og høgskolenivå, lang","Begge kjønn","Personer 16 år og over","2021",0
"Sandnes (-2019)","Universitets- og høgskolenivå, lang","Begge kjønn","Personer 16 år og over (prosent)","2021",0
"Stavanger","Utdanningsnivå i alt","Begge kjønn","Personer 16 år og over","2021",116981
"Stavanger","Utdanningsnivå i alt","Begge kjønn","Personer 16 år og over (prosent)","2021",100
"Stavanger","Videregående skolenivå","Begge kjønn","Personer 16 år og over","2021",36843
"Stavanger","Videregående skolenivå","Begge kjønn","Personer 16 år og over (prosent)","2021",31.7
"Stavanger","Universitets- og høgskolenivå, kort","Begge kjønn","Personer 16 år og over","2021",31988
"Stavanger","Universitets- og høgskolenivå, kort","Begge kjønn","Personer 16 år og over (prosent)","2021",27.5
"Stavanger","Universitets- og høgskolenivå, lang","Begge kjønn","Personer 16 år og over","2021",20199
"Stavanger","Universitets- og høgskolenivå, lang","Begge kjønn","Personer 16 år og over (prosent)","2021",17.4
"Haugesund","Utdanningsnivå i alt","Begge kjønn","Personer 16 år og over","2021",30927
"Haugesund","Utdanningsnivå i alt","Begge kjønn","Personer 16 år og over (prosent)","2021",100
"Haugesund","Videregående skolenivå","Begge kjønn","Personer 16 år og over","2021",11916
"Haugesund","Videregående skolenivå","Begge kjønn","Personer 16 år og over (prosent)","2021",38.7
"Haugesund","Universitets- og høgskolenivå, kort","Begge kjønn","Personer 16 år og over","2021",7813
"Haugesund","Universitets- og høgskolenivå, kort","Begge kjønn","Personer 16 år og over (prosent)","2021",25.4
"Haugesund","Universitets- og høgskolenivå, lang","Begge kjønn","Personer 16 år og over","2021",2810
"Haugesund","Universitets- og høgskolenivå, lang","Begge kjønn","Personer 16 år og over (prosent)","2021",9.1
"Sandnes","Utdanningsnivå i alt","Begge kjønn","Personer 16 år og over","2021",63637
"Sandnes","Utdanningsnivå i alt","Begge kjønn","Personer 16 år og over (prosent)","2021",100
"Sandnes","Videregående skolenivå","Begge kjønn","Personer 16 år og over","2021",23755
"Sandnes","Videregående skolenivå","Begge kjønn","Personer 16 år og over (prosent)","2021",37.5
"Sandnes","Universitets- og høgskolenivå, kort","Begge kjønn","Personer 16 år og over","2021",15284
"Sandnes","Universitets- og høgskolenivå, kort","Begge kjønn","Personer 16 år og over (prosent)","2021",24.2
"Sandnes","Universitets- og høgskolenivå, lang","Begge kjønn","Personer 16 år og over","2021",7112
"Sandnes","Universitets- og høgskolenivå, lang","Begge kjønn","Personer 16 år og over (prosent)","2021",11.2
"Sokndal","Utdanningsnivå i alt","Begge kjønn","Personer 16 år og over","2021",2618
"Sokndal","Utdanningsnivå i alt","Begge kjønn","Personer 16 år og over (prosent)","2021",100
"Sokndal","Videregående skolenivå","Begge kjønn","Personer 16 år og over","2021",1319
"Sokndal","Videregående skolenivå","Begge kjønn","Personer 16 år og over (prosent)","2021",50.5
"Sokndal","Universitets- og høgskolenivå, kort","Begge kjønn","Personer 16 år og over","2021",407
"Sokndal","Universitets- og høgskolenivå, kort","Begge kjønn","Personer 16 år og over (prosent)","2021",15.6
"Sokndal","Universitets- og høgskolenivå, lang","Begge kjønn","Personer 16 år og over","2021",85
"Sokndal","Universitets- og høgskolenivå, lang","Begge kjønn","Personer 16 år og over (prosent)","2021",3.3
"Lund","Utdanningsnivå i alt","Begge kjønn","Personer 16 år og over","2021",2519
"Lund","Utdanningsnivå i alt","Begge kjønn","Personer 16 år og over (prosent)","2021",100
"Lund","Videregående skolenivå","Begge kjønn","Personer 16 år og over","2021",1190
"Lund","Videregående skolenivå","Begge kjønn","Personer 16 år og over (prosent)","2021",47.5
"Lund","Universitets- og høgskolenivå, kort","Begge kjønn","Personer 16 år og over","2021",442
"Lund","Universitets- og høgskolenivå, kort","Begge kjønn","Personer 16 år og over (prosent)","2021",17.6
"Lund","Universitets- og høgskolenivå, lang","Begge kjønn","Personer 16 år og over","2021",70
"Lund","Universitets- og høgskolenivå, lang","Begge kjønn","Personer 16 år og over (prosent)","2021",2.8
"Bjerkreim","Utdanningsnivå i alt","Begge kjønn","Personer 16 år og over","2021",2207
"Bjerkreim","Utdanningsnivå i alt","Begge kjønn","Personer 16 år og over (prosent)","2021",100
"Bjerkreim","Videregående skolenivå","Begge kjønn","Personer 16 år og over","2021",1070
"Bjerkreim","Videregående skolenivå","Begge kjønn","Personer 16 år og over (prosent)","2021",48.6
"Bjerkreim","Universitets- og høgskolenivå, kort","Begge kjønn","Personer 16 år og over","2021",370
"Bjerkreim","Universitets- og høgskolenivå, kort","Begge kjønn","Personer 16 år og over (prosent)","2021",16.8
"Bjerkreim","Universitets- og høgskolenivå, lang","Begge kjønn","Personer 16 år og over","2021",110
"Bjerkreim","Universitets- og høgskolenivå, lang","Begge kjønn","Personer 16 år og over (prosent)","2021",5
"Hå","Utdanningsnivå i alt","Begge kjønn","Personer 16 år og over","2021",14809
"Hå","Utdanningsnivå i alt","Begge kjønn","Personer 16 år og over (prosent)","2021",100
"Hå","Videregående skolenivå","Begge kjønn","Personer 16 år og over","2021",6762
"Hå","Videregående skolenivå","Begge kjønn","Personer 16 år og over (prosent)","2021",45.9
"Hå","Universitets- og høgskolenivå, kort","Begge kjønn","Personer 16 år og over","2021",2635
"Hå","Universitets- og høgskolenivå, kort","Begge kjønn","Personer 16 år og over (prosent)","2021",17.9
"Hå","Universitets- og høgskolenivå, lang","Begge kjønn","Personer 16 år og over","2021",660
"Hå","Universitets- og høgskolenivå, lang","Begge kjønn","Personer 16 år og over (prosent)","2021",4.5
"Klepp","Utdanningsnivå i alt","Begge kjønn","Personer 16 år og over","2021",15690
"Klepp","Utdanningsnivå i alt","Begge kjønn","Personer 16 år og over (prosent)","2021",100
"Klepp","Videregående skolenivå","Begge kjønn","Personer 16 år og over","2021",6925
"Klepp","Videregående skolenivå","Begge kjønn","Personer 16 år og over (prosent)","2021",44.3
"Klepp","Universitets- og høgskolenivå, kort","Begge kjønn","Personer 16 år og over","2021",3027
"Klepp","Universitets- og høgskolenivå, kort","Begge kjønn","Personer 16 år og over (prosent)","2021",19.4
"Klepp","Universitets- og høgskolenivå, lang","Begge kjønn","Personer 16 år og over","2021",1021
"Klepp","Universitets- og høgskolenivå, lang","Begge kjønn","Personer 16 år og over (prosent)","2021",6.5
"Time","Utdanningsnivå i alt","Begge kjønn","Personer 16 år og over","2021",15124
"Time","Utdanningsnivå i alt","Begge kjønn","Personer 16 år og over (prosent)","2021",100
"Time","Videregående skolenivå","Begge kjønn","Personer 16 år og over","2021",6217
"Time","Videregående skolenivå","Begge kjønn","Personer 16 år og over (prosent)","2021",41.2
"Time","Universitets- og høgskolenivå, kort","Begge kjønn","Personer 16 år og over","2021",3557
"Time","Universitets- og høgskolenivå, kort","Begge kjønn","Personer 16 år og over (prosent)","2021",23.6
"Time","Universitets- og høgskolenivå, lang","Begge kjønn","Personer 16 år og over","2021",1176
"Time","Universitets- og høgskolenivå, lang","Begge kjønn","Personer 16 år og over (prosent)","2021",7.8
"Gjesdal","Utdanningsnivå i alt","Begge kjønn","Personer 16 år og over","2021",9295
"Gjesdal","Utdanningsnivå i alt","Begge kjønn","Personer 16 år og over (prosent)","2021",100
"Gjesdal","Videregående skolenivå","Begge kjønn","Personer 16 år og over","2021",4084
"Gjesdal","Videregående skolenivå","Begge kjønn","Personer 16 år og over (prosent)","2021",44.1
"Gjesdal","Universitets- og høgskolenivå, kort","Begge kjønn","Personer 16 år og over","2021",1912
"Gjesdal","Universitets- og høgskolenivå, kort","Begge kjønn","Personer 16 år og over (prosent)","2021",20.6
"Gjesdal","Universitets- og høgskolenivå, lang","Begge kjønn","Personer 16 år og over","2021",510
"Gjesdal","Universitets- og høgskolenivå, lang","Begge kjønn","Personer 16 år og over (prosent)","2021",5.5
"Sola","Utdanningsnivå i alt","Begge kjønn","Personer 16 år og over","2021",21635
"Sola","Utdanningsnivå i alt","Begge kjønn","Personer 16 år og over (prosent)","2021",100
"Sola","Videregående skolenivå","Begge kjønn","Personer 16 år og over","2021",7968
"Sola","Videregående skolenivå","Begge kjønn","Personer 16 år og over (prosent)","2021",37
"Sola","Universitets- og høgskolenivå, kort","Begge kjønn","Personer 16 år og over","2021",5250
"Sola","Universitets- og høgskolenivå, kort","Begge kjønn","Personer 16 år og over (prosent)","2021",24.4
"Sola","Universitets- og høgskolenivå, lang","Begge kjønn","Personer 16 år og over","2021",3000
"Sola","Universitets- og høgskolenivå, lang","Begge kjønn","Personer 16 år og over (prosent)","2021",13.9
"Randaberg","Utdanningsnivå i alt","Begge kjønn","Personer 16 år og over","2021",9086
"Randaberg","Utdanningsnivå i alt","Begge kjønn","Personer 16 år og over (prosent)","2021",100
"Randaberg","Videregående skolenivå","Begge kjønn","Personer 16 år og over","2021",3611
"Randaberg","Videregående skolenivå","Begge kjønn","Personer 16 år og over (prosent)","2021",39.9
"Randaberg","Universitets- og høgskolenivå, kort","Begge kjønn","Personer 16 år og over","2021",2159
"Randaberg","Universitets- og høgskolenivå, kort","Begge kjønn","Personer 16 år og over (prosent)","2021",23.9
"Randaberg","Universitets- og høgskolenivå, lang","Begge kjønn","Personer 16 år og over","2021",786
"Randaberg","Universitets- og høgskolenivå, lang","Begge kjønn","Personer 16 år og over (prosent)","2021",8.7
"Forsand (-2019)","Utdanningsnivå i alt","Begge kjønn","Personer 16 år og over","2021",0
"Forsand (-2019)","Utdanningsnivå i alt","Begge kjønn","Personer 16 år og over (prosent)","2021",0
"Forsand (-2019)","Videregående skolenivå","Begge kjønn","Personer 16 år og over","2021",0
"Forsand (-2019)","Videregående skolenivå","Begge kjønn","Personer 16 år og over (prosent)","2021",0
"Forsand (-2019)","Universitets- og høgskolenivå, kort","Begge kjønn","Personer 16 år og over","2021",0
"Forsand (-2019)","Universitets- og høgskolenivå, kort","Begge kjønn","Personer 16 år og over (prosent)","2021",0
"Forsand (-2019)","Universitets- og høgskolenivå, lang","Begge kjønn","Personer 16 år og over","2021",0
"Forsand (-2019)","Universitets- og høgskolenivå, lang","Begge kjønn","Personer 16 år og over (prosent)","2021",0
"Strand","Utdanningsnivå i alt","Begge kjønn","Personer 16 år og over","2021",10354
"Strand","Utdanningsnivå i alt","Begge kjønn","Personer 16 år og over (prosent)","2021",100
"Strand","Videregående skolenivå","Begge kjønn","Personer 16 år og over","2021",4463
"Strand","Videregående skolenivå","Begge kjønn","Personer 16 år og over (prosent)","2021",43.3
"Strand","Universitets- og høgskolenivå, kort","Begge kjønn","Personer 16 år og over","2021",2088
"Strand","Universitets- og høgskolenivå, kort","Begge kjønn","Personer 16 år og over (prosent)","2021",20.2
"Strand","Universitets- og høgskolenivå, lang","Begge kjønn","Personer 16 år og over","2021",598
"Strand","Universitets- og høgskolenivå, lang","Begge kjønn","Personer 16 år og over (prosent)","2021",5.8
"Hjelmeland","Utdanningsnivå i alt","Begge kjønn","Personer 16 år og over","2021",2030
"Hjelmeland","Utdanningsnivå i alt","Begge kjønn","Personer 16 år og over (prosent)","2021",100
"Hjelmeland","Videregående skolenivå","Begge kjønn","Personer 16 år og over","2021",925
"Hjelmeland","Videregående skolenivå","Begge kjønn","Personer 16 år og over (prosent)","2021",45.7
"Hjelmeland","Universitets- og høgskolenivå, kort","Begge kjønn","Personer 16 år og over","2021",424
"Hjelmeland","Universitets- og høgskolenivå, kort","Begge kjønn","Personer 16 år og over (prosent)","2021",21
"Hjelmeland","Universitets- og høgskolenivå, lang","Begge kjønn","Personer 16 år og over","2021",128
"Hjelmeland","Universitets- og høgskolenivå, lang","Begge kjønn","Personer 16 år og over (prosent)","2021",6.3
"Suldal","Utdanningsnivå i alt","Begge kjønn","Personer 16 år og over","2021",3045
"Suldal","Utdanningsnivå i alt","Begge kjønn","Personer 16 år og over (prosent)","2021",100
"Suldal","Videregående skolenivå","Begge kjønn","Personer 16 år og over","2021",1463
"Suldal","Videregående skolenivå","Begge kjønn","Personer 16 år og over (prosent)","2021",48.2
"Suldal","Universitets- og høgskolenivå, kort","Begge kjønn","Personer 16 år og over","2021",627
"Suldal","Universitets- og høgskolenivå, kort","Begge kjønn","Personer 16 år og over (prosent)","2021",20.7
"Suldal","Universitets- og høgskolenivå, lang","Begge kjønn","Personer 16 år og over","2021",144
"Suldal","Universitets- og høgskolenivå, lang","Begge kjønn","Personer 16 år og over (prosent)","2021",4.7
"Sauda","Utdanningsnivå i alt","Begge kjønn","Personer 16 år og over","2021",3715
"Sauda","Utdanningsnivå i alt","Begge kjønn","Personer 16 år og over (prosent)","2021",100
"Sauda","Videregående skolenivå","Begge kjønn","Personer 16 år og over","2021",1749
"Sauda","Videregående skolenivå","Begge kjønn","Personer 16 år og over (prosent)","2021",47.2
"Sauda","Universitets- og høgskolenivå, kort","Begge kjønn","Personer 16 år og over","2021",726
"Sauda","Universitets- og høgskolenivå, kort","Begge kjønn","Personer 16 år og over (prosent)","2021",19.6
"Sauda","Universitets- og høgskolenivå, lang","Begge kjønn","Personer 16 år og over","2021",179
"Sauda","Universitets- og høgskolenivå, lang","Begge kjønn","Personer 16 år og over (prosent)","2021",4.8
"Finnøy (-2019)","Utdanningsnivå i alt","Begge kjønn","Personer 16 år og over","2021",0
"Finnøy (-2019)","Utdanningsnivå i alt","Begge kjønn","Personer 16 år og over (prosent)","2021",0
"Finnøy (-2019)","Videregående skolenivå","Begge kjønn","Personer 16 år og over","2021",0
"Finnøy (-2019)","Videregående skolenivå","Begge kjønn","Personer 16 år og over (prosent)","2021",0
"Finnøy (-2019)","Universitets- og høgskolenivå, kort","Begge kjønn","Personer 16 år og over","2021",0
"Finnøy (-2019)","Universitets- og høgskolenivå, kort","Begge kjønn","Personer 16 år og over (prosent)","2021",0
"Finnøy (-2019)","Universitets- og høgskolenivå, lang","Begge kjønn","Personer 16 år og over","2021",0
"Finnøy (-2019)","Universitets- og høgskolenivå, lang","Begge kjønn","Personer 16 år og over (prosent)","2021",0
"Rennesøy (-2019)","Utdanningsnivå i alt","Begge kjønn","Personer 16 år og over","2021",0
"Rennesøy (-2019)","Utdanningsnivå i alt","Begge kjønn","Personer 16 år og over (prosent)","2021",0
"Rennesøy (-2019)","Videregående skolenivå","Begge kjønn","Personer 16 år og over","2021",0
"Rennesøy (-2019)","Videregående skolenivå","Begge kjønn","Personer 16 år og over (prosent)","2021",0
"Rennesøy (-2019)","Universitets- og høgskolenivå, kort","Begge kjønn","Personer 16 år og over","2021",0
"Rennesøy (-2019)","Universitets- og høgskolenivå, kort","Begge kjønn","Personer 16 år og over (prosent)","2021",0
"Rennesøy (-2019)","Universitets- og høgskolenivå, lang","Begge kjønn","Personer 16 år og over","2021",0
"Rennesøy (-2019)","Universitets- og høgskolenivå, lang","Begge kjønn","Personer 16 år og over (prosent)","2021",0
"Kvitsøy","Utdanningsnivå i alt","Begge kjønn","Personer 16 år og over","2021",434
"Kvitsøy","Utdanningsnivå i alt","Begge kjønn","Personer 16 år og over (prosent)","2021",100
"Kvitsøy","Videregående skolenivå","Begge kjønn","Personer 16 år og over","2021",199
"Kvitsøy","Videregående skolenivå","Begge kjønn","Personer 16 år og over (prosent)","2021",45.9
"Kvitsøy","Universitets- og høgskolenivå, kort","Begge kjønn","Personer 16 år og over","2021",77
"Kvitsøy","Universitets- og høgskolenivå, kort","Begge kjønn","Personer 16 år og over (prosent)","2021",17.7
"Kvitsøy","Universitets- og høgskolenivå, lang","Begge kjønn","Personer 16 år og over","2021",24
"Kvitsøy","Universitets- og høgskolenivå, lang","Begge kjønn","Personer 16 år og over (prosent)","2021",5.5
"Bokn","Utdanningsnivå i alt","Begge kjønn","Personer 16 år og over","2021",720
"Bokn","Utdanningsnivå i alt","Begge kjønn","Personer 16 år og over (prosent)","2021",100
"Bokn","Videregående skolenivå","Begge kjønn","Personer 16 år og over","2021",363
"Bokn","Videregående skolenivå","Begge kjønn","Personer 16 år og over (prosent)","2021",50.5
"Bokn","Universitets- og høgskolenivå, kort","Begge kjønn","Personer 16 år og over","2021",114
"Bokn","Universitets- og høgskolenivå, kort","Begge kjønn","Personer 16 år og over (prosent)","2021",15.9
"Bokn","Universitets- og høgskolenivå, lang","Begge kjønn","Personer 16 år og over","2021",19
"Bokn","Universitets- og høgskolenivå, lang","Begge kjønn","Personer 16 år og over (prosent)","2021",2.6
"Tysvær","Utdanningsnivå i alt","Begge kjønn","Personer 16 år og over","2021",8807
"Tysvær","Utdanningsnivå i alt","Begge kjønn","Personer 16 år og over (prosent)","2021",100
"Tysvær","Videregående skolenivå","Begge kjønn","Personer 16 år og over","2021",4009
"Tysvær","Videregående skolenivå","Begge kjønn","Personer 16 år og over (prosent)","2021",45.7
"Tysvær","Universitets- og høgskolenivå, kort","Begge kjønn","Personer 16 år og over","2021",1872
"Tysvær","Universitets- og høgskolenivå, kort","Begge kjønn","Personer 16 år og over (prosent)","2021",21.3
"Tysvær","Universitets- og høgskolenivå, lang","Begge kjønn","Personer 16 år og over","2021",432
"Tysvær","Universitets- og høgskolenivå, lang","Begge kjønn","Personer 16 år og over (prosent)","2021",4.9
"Karmøy","Utdanningsnivå i alt","Begge kjønn","Personer 16 år og over","2021",33985
"Karmøy","Utdanningsnivå i alt","Begge kjønn","Personer 16 år og over (prosent)","2021",100
"Karmøy","Videregående skolenivå","Begge kjønn","Personer 16 år og over","2021",15171
"Karmøy","Videregående skolenivå","Begge kjønn","Personer 16 år og over (prosent)","2021",44.8
"Karmøy","Universitets- og høgskolenivå, kort","Begge kjønn","Personer 16 år og over","2021",6929
"Karmøy","Universitets- og høgskolenivå, kort","Begge kjønn","Personer 16 år og over (prosent)","2021",20.5
"Karmøy","Universitets- og høgskolenivå, lang","Begge kjønn","Personer 16 år og over","2021",1403
"Karmøy","Universitets- og høgskolenivå, lang","Begge kjønn","Personer 16 år og over (prosent)","2021",4.1
"Utsira","Utdanningsnivå i alt","Begge kjønn","Personer 16 år og over","2021",162
"Utsira","Utdanningsnivå i alt","Begge kjønn","Personer 16 år og over (prosent)","2021",100
"Utsira","Videregående skolenivå","Begge kjønn","Personer 16 år og over","2021",68
"Utsira","Videregående skolenivå","Begge kjønn","Personer 16 år og over (prosent)","2021",42
"Utsira","Universitets- og høgskolenivå, kort","Begge kjønn","Personer 16 år og over","2021",35
"Utsira","Universitets- og høgskolenivå, kort","Begge kjønn","Personer 16 år og over (prosent)","2021",21.6
"Utsira","Universitets- og høgskolenivå, lang","Begge kjønn","Personer 16 år og over","2021",8
"Utsira","Universitets- og høgskolenivå, lang","Begge kjønn","Personer 16 år og over (prosent)","2021",4.9
"Vindafjord (1965-2005)","Utdanningsnivå i alt","Begge kjønn","Personer 16 år og over","2021",0
"Vindafjord (1965-2005)","Utdanningsnivå i alt","Begge kjønn","Personer 16 år og over (prosent)","2021",0
"Vindafjord (1965-2005)","Videregående skolenivå","Begge kjønn","Personer 16 år og over","2021",0
"Vindafjord (1965-2005)","Videregående skolenivå","Begge kjønn","Personer 16 år og over (prosent)","2021",0
"Vindafjord (1965-2005)","Universitets- og høgskolenivå, kort","Begge kjønn","Personer 16 år og over","2021",0
"Vindafjord (1965-2005)","Universitets- og høgskolenivå, kort","Begge kjønn","Personer 16 år og over (prosent)","2021",0
"Vindafjord (1965-2005)","Universitets- og høgskolenivå, lang","Begge kjønn","Personer 16 år og over","2021",0
"Vindafjord (1965-2005)","Universitets- og høgskolenivå, lang","Begge kjønn","Personer 16 år og over (prosent)","2021",0
"Ølen (2002-2005)","Utdanningsnivå i alt","Begge kjønn","Personer 16 år og over","2021",0
"Ølen (2002-2005)","Utdanningsnivå i alt","Begge kjønn","Personer 16 år og over (prosent)","2021",0
"Ølen (2002-2005)","Videregående skolenivå","Begge kjønn","Personer 16 år og over","2021",0
"Ølen (2002-2005)","Videregående skolenivå","Begge kjønn","Personer 16 år og over (prosent)","2021",0
"Ølen (2002-2005)","Universitets- og høgskolenivå, kort","Begge kjønn","Personer 16 år og over","2021",0
"Ølen (2002-2005)","Universitets- og høgskolenivå, kort","Begge kjønn","Personer 16 år og over (prosent)","2021",0
"Ølen (2002-2005)","Universitets- og høgskolenivå, lang","Begge kjønn","Personer 16 år og over","2021",0
"Ølen (2002-2005)","Universitets- og høgskolenivå, lang","Begge kjønn","Personer 16 år og over (prosent)","2021",0
"Vindafjord","Utdanningsnivå i alt","Begge kjønn","Personer 16 år og over","2021",7077
"Vindafjord","Utdanningsnivå i alt","Begge kjønn","Personer 16 år og over (prosent)","2021",100
"Vindafjord","Videregående skolenivå","Begge kjønn","Personer 16 år og over","2021",3381
"Vindafjord","Videregående skolenivå","Begge kjønn","Personer 16 år og over (prosent)","2021",48
"Vindafjord","Universitets- og høgskolenivå, kort","Begge kjønn","Personer 16 år og over","2021",1428
"Vindafjord","Universitets- og høgskolenivå, kort","Begge kjønn","Personer 16 år og over (prosent)","2021",20.3
"Vindafjord","Universitets- og høgskolenivå, lang","Begge kjønn","Personer 16 år og over","2021",324
"Vindafjord","Universitets- og høgskolenivå, lang","Begge kjønn","Personer 16 år og over (prosent)","2021",4.6
"Uoppgitt kommune Rogaland","Utdanningsnivå i alt","Begge kjønn","Personer 16 år og over","2021",0
"Uoppgitt kommune Rogaland","Utdanningsnivå i alt","Begge kjønn","Personer 16 år og over (prosent)","2021",0
"Uoppgitt kommune Rogaland","Videregående skolenivå","Begge kjønn","Personer 16 år og over","2021",0
"Uoppgitt kommune Rogaland","Videregående skolenivå","Begge kjønn","Personer 16 år og over (prosent)","2021",0
"Uoppgitt kommune Rogaland","Universitets- og høgskolenivå, kort","Begge kjønn","Personer 16 år og over","2021",0
"Uoppgitt kommune Rogaland","Universitets- og høgskolenivå, kort","Begge kjønn","Personer 16 år og over (prosent)","2021",0
"Uoppgitt kommune Rogaland","Universitets- og høgskolenivå, lang","Begge kjønn","Personer 16 år og over","2021",0
"Uoppgitt kommune Rogaland","Universitets- og høgskolenivå, lang","Begge kjønn","Personer 16 år og over (prosent)","2021",0
"Vestland","Utdanningsnivå i alt","Begge kjønn","Personer 16 år og over","2021",523163
"Vestland","Utdanningsnivå i alt","Begge kjønn","Personer 16 år og over (prosent)","2021",100
"Vestland","Videregående skolenivå","Begge kjønn","Personer 16 år og over","2021",200029
"Vestland","Videregående skolenivå","Begge kjønn","Personer 16 år og over (prosent)","2021",38.4
"Vestland","Universitets- og høgskolenivå, kort","Begge kjønn","Personer 16 år og over","2021",131173
"Vestland","Universitets- og høgskolenivå, kort","Begge kjønn","Personer 16 år og over (prosent)","2021",25.2
"Vestland","Universitets- og høgskolenivå, lang","Begge kjønn","Personer 16 år og over","2021",53857
"Vestland","Universitets- og høgskolenivå, lang","Begge kjønn","Personer 16 år og over (prosent)","2021",10.3
"Hordaland (-2019)","Utdanningsnivå i alt","Begge kjønn","Personer 16 år og over","2021",0
"Hordaland (-2019)","Utdanningsnivå i alt","Begge kjønn","Personer 16 år og over (prosent)","2021",0
"Hordaland (-2019)","Videregående skolenivå","Begge kjønn","Personer 16 år og over","2021",0
"Hordaland (-2019)","Videregående skolenivå","Begge kjønn","Personer 16 år og over (prosent)","2021",0
"Hordaland (-2019)","Universitets- og høgskolenivå, kort","Begge kjønn","Personer 16 år og over","2021",0
"Hordaland (-2019)","Universitets- og høgskolenivå, kort","Begge kjønn","Personer 16 år og over (prosent)","2021",0
"Hordaland (-2019)","Universitets- og høgskolenivå, lang","Begge kjønn","Personer 16 år og over","2021",0
"Hordaland (-2019)","Universitets- og høgskolenivå, lang","Begge kjønn","Personer 16 år og over (prosent)","2021",0
"Bergen","Utdanningsnivå i alt","Begge kjønn","Personer 16 år og over","2021",237807
"Bergen","Utdanningsnivå i alt","Begge kjønn","Personer 16 år og over (prosent)","2021",100
"Bergen","Videregående skolenivå","Begge kjønn","Personer 16 år og over","2021",76069
"Bergen","Videregående skolenivå","Begge kjønn","Personer 16 år og over (prosent)","2021",32.1
"Bergen","Universitets- og høgskolenivå, kort","Begge kjønn","Personer 16 år og over","2021",68295
"Bergen","Universitets- og høgskolenivå, kort","Begge kjønn","Personer 16 år og over (prosent)","2021",28.9
"Bergen","Universitets- og høgskolenivå, lang","Begge kjønn","Personer 16 år og over","2021",36614
"Bergen","Universitets- og høgskolenivå, lang","Begge kjønn","Personer 16 år og over (prosent)","2021",15.5
"Kinn","Utdanningsnivå i alt","Begge kjønn","Personer 16 år og over","2021",13990
"Kinn","Utdanningsnivå i alt","Begge kjønn","Personer 16 år og over (prosent)","2021",100
"Kinn","Videregående skolenivå","Begge kjønn","Personer 16 år og over","2021",5777
"Kinn","Videregående skolenivå","Begge kjønn","Personer 16 år og over (prosent)","2021",41.5
"Kinn","Universitets- og høgskolenivå, kort","Begge kjønn","Personer 16 år og over","2021",3056
"Kinn","Universitets- og høgskolenivå, kort","Begge kjønn","Personer 16 år og over (prosent)","2021",22
"Kinn","Universitets- og høgskolenivå, lang","Begge kjønn","Personer 16 år og over","2021",765
"Kinn","Universitets- og høgskolenivå, lang","Begge kjønn","Personer 16 år og over (prosent)","2021",5.5
"Etne","Utdanningsnivå i alt","Begge kjønn","Personer 16 år og over","2021",3280
"Etne","Utdanningsnivå i alt","Begge kjønn","Personer 16 år og over (prosent)","2021",100
"Etne","Videregående skolenivå","Begge kjønn","Personer 16 år og over","2021",1584
"Etne","Videregående skolenivå","Begge kjønn","Personer 16 år og over (prosent)","2021",48.5
"Etne","Universitets- og høgskolenivå, kort","Begge kjønn","Personer 16 år og over","2021",644
"Etne","Universitets- og høgskolenivå, kort","Begge kjønn","Personer 16 år og over (prosent)","2021",19.7
"Etne","Universitets- og høgskolenivå, lang","Begge kjønn","Personer 16 år og over","2021",151
"Etne","Universitets- og høgskolenivå, lang","Begge kjønn","Personer 16 år og over (prosent)","2021",4.6
"Sveio","Utdanningsnivå i alt","Begge kjønn","Personer 16 år og over","2021",4530
"Sveio","Utdanningsnivå i alt","Begge kjønn","Personer 16 år og over (prosent)","2021",100
"Sveio","Videregående skolenivå","Begge kjønn","Personer 16 år og over","2021",1990
"Sveio","Videregående skolenivå","Begge kjønn","Personer 16 år og over (prosent)","2021",44
"Sveio","Universitets- og høgskolenivå, kort","Begge kjønn","Personer 16 år og over","2021",961
"Sveio","Universitets- og høgskolenivå, kort","Begge kjønn","Personer 16 år og over (prosent)","2021",21.3
"Sveio","Universitets- og høgskolenivå, lang","Begge kjønn","Personer 16 år og over","2021",230
"Sveio","Universitets- og høgskolenivå, lang","Begge kjønn","Personer 16 år og over (prosent)","2021",5.1
"Bømlo","Utdanningsnivå i alt","Begge kjønn","Personer 16 år og over","2021",9560
"Bømlo","Utdanningsnivå i alt","Begge kjønn","Personer 16 år og over (prosent)","2021",100
"Bømlo","Videregående skolenivå","Begge kjønn","Personer 16 år og over","2021",4245
"Bømlo","Videregående skolenivå","Begge kjønn","Personer 16 år og over (prosent)","2021",44.5
"Bømlo","Universitets- og høgskolenivå, kort","Begge kjønn","Personer 16 år og over","2021",2010
"Bømlo","Universitets- og høgskolenivå, kort","Begge kjønn","Personer 16 år og over (prosent)","2021",21.1
"Bømlo","Universitets- og høgskolenivå, lang","Begge kjønn","Personer 16 år og over","2021",399
"Bømlo","Universitets- og høgskolenivå, lang","Begge kjønn","Personer 16 år og over (prosent)","2021",4.2
"Stord","Utdanningsnivå i alt","Begge kjønn","Personer 16 år og over","2021",15110
"Stord","Utdanningsnivå i alt","Begge kjønn","Personer 16 år og over (prosent)","2021",100
"Stord","Videregående skolenivå","Begge kjønn","Personer 16 år og over","2021",6280
"Stord","Videregående skolenivå","Begge kjønn","Personer 16 år og over (prosent)","2021",41.7
"Stord","Universitets- og høgskolenivå, kort","Begge kjønn","Personer 16 år og over","2021",3736
"Stord","Universitets- og høgskolenivå, kort","Begge kjønn","Personer 16 år og over (prosent)","2021",24.8
"Stord","Universitets- og høgskolenivå, lang","Begge kjønn","Personer 16 år og over","2021",1097
"Stord","Universitets- og høgskolenivå, lang","Begge kjønn","Personer 16 år og over (prosent)","2021",7.3
"Fitjar","Utdanningsnivå i alt","Begge kjønn","Personer 16 år og over","2021",2511
"Fitjar","Utdanningsnivå i alt","Begge kjønn","Personer 16 år og over (prosent)","2021",100
"Fitjar","Videregående skolenivå","Begge kjønn","Personer 16 år og over","2021",1202
"Fitjar","Videregående skolenivå","Begge kjønn","Personer 16 år og over (prosent)","2021",48
"Fitjar","Universitets- og høgskolenivå, kort","Begge kjønn","Personer 16 år og over","2021",478
"Fitjar","Universitets- og høgskolenivå, kort","Begge kjønn","Personer 16 år og over (prosent)","2021",19.1
"Fitjar","Universitets- og høgskolenivå, lang","Begge kjønn","Personer 16 år og over","2021",111
"Fitjar","Universitets- og høgskolenivå, lang","Begge kjønn","Personer 16 år og over (prosent)","2021",4.4
"Tysnes","Utdanningsnivå i alt","Begge kjønn","Personer 16 år og over","2021",2382
"Tysnes","Utdanningsnivå i alt","Begge kjønn","Personer 16 år og over (prosent)","2021",100
"Tysnes","Videregående skolenivå","Begge kjønn","Personer 16 år og over","2021",1067
"Tysnes","Videregående skolenivå","Begge kjønn","Personer 16 år og over (prosent)","2021",44.9
"Tysnes","Universitets- og høgskolenivå, kort","Begge kjønn","Personer 16 år og over","2021",490
"Tysnes","Universitets- og høgskolenivå, kort","Begge kjønn","Personer 16 år og over (prosent)","2021",20.6
"Tysnes","Universitets- og høgskolenivå, lang","Begge kjønn","Personer 16 år og over","2021",96
"Tysnes","Universitets- og høgskolenivå, lang","Begge kjønn","Personer 16 år og over (prosent)","2021",4
"Kvinnherad","Utdanningsnivå i alt","Begge kjønn","Personer 16 år og over","2021",10738
"Kvinnherad","Utdanningsnivå i alt","Begge kjønn","Personer 16 år og over (prosent)","2021",100
"Kvinnherad","Videregående skolenivå","Begge kjønn","Personer 16 år og over","2021",5021
"Kvinnherad","Videregående skolenivå","Begge kjønn","Personer 16 år og over (prosent)","2021",46.9
"Kvinnherad","Universitets- og høgskolenivå, kort","Begge kjønn","Personer 16 år og over","2021",2201
"Kvinnherad","Universitets- og høgskolenivå, kort","Begge kjønn","Personer 16 år og over (prosent)","2021",20.6
"Kvinnherad","Universitets- og høgskolenivå, lang","Begge kjønn","Personer 16 år og over","2021",445
"Kvinnherad","Universitets- og høgskolenivå, lang","Begge kjønn","Personer 16 år og over (prosent)","2021",4.2
"Ullensvang","Utdanningsnivå i alt","Begge kjønn","Personer 16 år og over","2021",9214
"Ullensvang","Utdanningsnivå i alt","Begge kjønn","Personer 16 år og over (prosent)","2021",100
"Ullensvang","Videregående skolenivå","Begge kjønn","Personer 16 år og over","2021",4572
"Ullensvang","Videregående skolenivå","Begge kjønn","Personer 16 år og over (prosent)","2021",49.8
"Ullensvang","Universitets- og høgskolenivå, kort","Begge kjønn","Personer 16 år og over","2021",1887
"Ullensvang","Universitets- og høgskolenivå, kort","Begge kjønn","Personer 16 år og over (prosent)","2021",20.6
"Ullensvang","Universitets- og høgskolenivå, lang","Begge kjønn","Personer 16 år og over","2021",486
"Ullensvang","Universitets- og høgskolenivå, lang","Begge kjønn","Personer 16 år og over (prosent)","2021",5.3
"Eidfjord","Utdanningsnivå i alt","Begge kjønn","Personer 16 år og over","2021",762
"Eidfjord","Utdanningsnivå i alt","Begge kjønn","Personer 16 år og over (prosent)","2021",100
"Eidfjord","Videregående skolenivå","Begge kjønn","Personer 16 år og over","2021",349
"Eidfjord","Videregående skolenivå","Begge kjønn","Personer 16 år og over (prosent)","2021",45.9
"Eidfjord","Universitets- og høgskolenivå, kort","Begge kjønn","Personer 16 år og over","2021",165
"Eidfjord","Universitets- og høgskolenivå, kort","Begge kjønn","Personer 16 år og over (prosent)","2021",21.7
"Eidfjord","Universitets- og høgskolenivå, lang","Begge kjønn","Personer 16 år og over","2021",33
"Eidfjord","Universitets- og høgskolenivå, lang","Begge kjønn","Personer 16 år og over (prosent)","2021",4.3
"Ulvik","Utdanningsnivå i alt","Begge kjønn","Personer 16 år og over","2021",884
"Ulvik","Utdanningsnivå i alt","Begge kjønn","Personer 16 år og over (prosent)","2021",100
"Ulvik","Videregående skolenivå","Begge kjønn","Personer 16 år og over","2021",388
"Ulvik","Videregående skolenivå","Begge kjønn","Personer 16 år og over (prosent)","2021",44
"Ulvik","Universitets- og høgskolenivå, kort","Begge kjønn","Personer 16 år og over","2021",197
"Ulvik","Universitets- og høgskolenivå, kort","Begge kjønn","Personer 16 år og over (prosent)","2021",22.3
"Ulvik","Universitets- og høgskolenivå, lang","Begge kjønn","Personer 16 år og over","2021",68
"Ulvik","Universitets- og høgskolenivå, lang","Begge kjønn","Personer 16 år og over (prosent)","2021",7.7
"Voss","Utdanningsnivå i alt","Begge kjønn","Personer 16 år og over","2021",12971
"Voss","Utdanningsnivå i alt","Begge kjønn","Personer 16 år og over (prosent)","2021",100
"Voss","Videregående skolenivå","Begge kjønn","Personer 16 år og over","2021",5747
"Voss","Videregående skolenivå","Begge kjønn","Personer 16 år og over (prosent)","2021",44.4
"Voss","Universitets- og høgskolenivå, kort","Begge kjønn","Personer 16 år og over","2021",3063
"Voss","Universitets- og høgskolenivå, kort","Begge kjønn","Personer 16 år og over (prosent)","2021",23.7
"Voss","Universitets- og høgskolenivå, lang","Begge kjønn","Personer 16 år og over","2021",923
"Voss","Universitets- og høgskolenivå, lang","Begge kjønn","Personer 16 år og over (prosent)","2021",7.1
"Kvam","Utdanningsnivå i alt","Begge kjønn","Personer 16 år og over","2021",6948
"Kvam","Utdanningsnivå i alt","Begge kjønn","Personer 16 år og over (prosent)","2021",100
"Kvam","Videregående skolenivå","Begge kjønn","Personer 16 år og over","2021",3237
"Kvam","Videregående skolenivå","Begge kjønn","Personer 16 år og over (prosent)","2021",46.7
"Kvam","Universitets- og høgskolenivå, kort","Begge kjønn","Personer 16 år og over","2021",1528
"Kvam","Universitets- og høgskolenivå, kort","Begge kjønn","Personer 16 år og over (prosent)","2021",22.1
"Kvam","Universitets- og høgskolenivå, lang","Begge kjønn","Personer 16 år og over","2021",412
"Kvam","Universitets- og høgskolenivå, lang","Begge kjønn","Personer 16 år og over (prosent)","2021",5.9
"Samnanger","Utdanningsnivå i alt","Begge kjønn","Personer 16 år og over","2021",2046
"Samnanger","Utdanningsnivå i alt","Begge kjønn","Personer 16 år og over (prosent)","2021",100
"Samnanger","Videregående skolenivå","Begge kjønn","Personer 16 år og over","2021",946
"Samnanger","Videregående skolenivå","Begge kjønn","Personer 16 år og over (prosent)","2021",46.5
"Samnanger","Universitets- og høgskolenivå, kort","Begge kjønn","Personer 16 år og over","2021",416
"Samnanger","Universitets- og høgskolenivå, kort","Begge kjønn","Personer 16 år og over (prosent)","2021",20.5
"Samnanger","Universitets- og høgskolenivå, lang","Begge kjønn","Personer 16 år og over","2021",96
"Samnanger","Universitets- og høgskolenivå, lang","Begge kjønn","Personer 16 år og over (prosent)","2021",4.7
"Bjørnafjorden","Utdanningsnivå i alt","Begge kjønn","Personer 16 år og over","2021",19877
"Bjørnafjorden","Utdanningsnivå i alt","Begge kjønn","Personer 16 år og over (prosent)","2021",100
"Bjørnafjorden","Videregående skolenivå","Begge kjønn","Personer 16 år og over","2021",8071
"Bjørnafjorden","Videregående skolenivå","Begge kjønn","Personer 16 år og over (prosent)","2021",40.8
"Bjørnafjorden","Universitets- og høgskolenivå, kort","Begge kjønn","Personer 16 år og over","2021",4737
"Bjørnafjorden","Universitets- og høgskolenivå, kort","Begge kjønn","Personer 16 år og over (prosent)","2021",23.9
"Bjørnafjorden","Universitets- og høgskolenivå, lang","Begge kjønn","Personer 16 år og over","2021",1427
"Bjørnafjorden","Universitets- og høgskolenivå, lang","Begge kjønn","Personer 16 år og over (prosent)","2021",7.2
"Austevoll","Utdanningsnivå i alt","Begge kjønn","Personer 16 år og over","2021",4114
"Austevoll","Utdanningsnivå i alt","Begge kjønn","Personer 16 år og over (prosent)","2021",100
"Austevoll","Videregående skolenivå","Begge kjønn","Personer 16 år og over","2021",1780
"Austevoll","Videregående skolenivå","Begge kjønn","Personer 16 år og over (prosent)","2021",43.4
"Austevoll","Universitets- og høgskolenivå, kort","Begge kjønn","Personer 16 år og over","2021",821
"Austevoll","Universitets- og høgskolenivå, kort","Begge kjønn","Personer 16 år og over (prosent)","2021",20
"Austevoll","Universitets- og høgskolenivå, lang","Begge kjønn","Personer 16 år og over","2021",206
"Austevoll","Universitets- og høgskolenivå, lang","Begge kjønn","Personer 16 år og over (prosent)","2021",5
"Øygarden","Utdanningsnivå i alt","Begge kjønn","Personer 16 år og over","2021",30727
"Øygarden","Utdanningsnivå i alt","Begge kjønn","Personer 16 år og over (prosent)","2021",100
"Øygarden","Videregående skolenivå","Begge kjønn","Personer 16 år og over","2021",12931
"Øygarden","Videregående skolenivå","Begge kjønn","Personer 16 år og over (prosent)","2021",42.3
"Øygarden","Universitets- og høgskolenivå, kort","Begge kjønn","Personer 16 år og over","2021",6304
"Øygarden","Universitets- og høgskolenivå, kort","Begge kjønn","Personer 16 år og over (prosent)","2021",20.6
"Øygarden","Universitets- og høgskolenivå, lang","Begge kjønn","Personer 16 år og over","2021",1672
"Øygarden","Universitets- og høgskolenivå, lang","Begge kjønn","Personer 16 år og over (prosent)","2021",5.5
"Askøy","Utdanningsnivå i alt","Begge kjønn","Personer 16 år og over","2021",23120
"Askøy","Utdanningsnivå i alt","Begge kjønn","Personer 16 år og over (prosent)","2021",100
"Askøy","Videregående skolenivå","Begge kjønn","Personer 16 år og over","2021",9244
"Askøy","Videregående skolenivå","Begge kjønn","Personer 16 år og over (prosent)","2021",40.2
"Askøy","Universitets- og høgskolenivå, kort","Begge kjønn","Personer 16 år og over","2021",5408
"Askøy","Universitets- og høgskolenivå, kort","Begge kjønn","Personer 16 år og over (prosent)","2021",23.5
"Askøy","Universitets- og høgskolenivå, lang","Begge kjønn","Personer 16 år og over","2021",1646
"Askøy","Universitets- og høgskolenivå, lang","Begge kjønn","Personer 16 år og over (prosent)","2021",7.2
"Vaksdal","Utdanningsnivå i alt","Begge kjønn","Personer 16 år og over","2021",3218
"Vaksdal","Utdanningsnivå i alt","Begge kjønn","Personer 16 år og over (prosent)","2021",100
"Vaksdal","Videregående skolenivå","Begge kjønn","Personer 16 år og over","2021",1453
"Vaksdal","Videregående skolenivå","Begge kjønn","Personer 16 år og over (prosent)","2021",45.3
"Vaksdal","Universitets- og høgskolenivå, kort","Begge kjønn","Personer 16 år og over","2021",585
"Vaksdal","Universitets- og høgskolenivå, kort","Begge kjønn","Personer 16 år og over (prosent)","2021",18.2
"Vaksdal","Universitets- og høgskolenivå, lang","Begge kjønn","Personer 16 år og over","2021",146
"Vaksdal","Universitets- og høgskolenivå, lang","Begge kjønn","Personer 16 år og over (prosent)","2021",4.5
"Modalen","Utdanningsnivå i alt","Begge kjønn","Personer 16 år og over","2021",303
"Modalen","Utdanningsnivå i alt","Begge kjønn","Personer 16 år og over (prosent)","2021",100
"Modalen","Videregående skolenivå","Begge kjønn","Personer 16 år og over","2021",141
"Modalen","Videregående skolenivå","Begge kjønn","Personer 16 år og over (prosent)","2021",46.7
"Modalen","Universitets- og høgskolenivå, kort","Begge kjønn","Personer 16 år og over","2021",60
"Modalen","Universitets- og høgskolenivå, kort","Begge kjønn","Personer 16 år og over (prosent)","2021",19.9
"Modalen","Universitets- og høgskolenivå, lang","Begge kjønn","Personer 16 år og over","2021",15
"Modalen","Universitets- og høgskolenivå, lang","Begge kjønn","Personer 16 år og over (prosent)","2021",5
"Osterøy","Utdanningsnivå i alt","Begge kjønn","Personer 16 år og over","2021",6566
"Osterøy","Utdanningsnivå i alt","Begge kjønn","Personer 16 år og over (prosent)","2021",100
"Osterøy","Videregående skolenivå","Begge kjønn","Personer 16 år og over","2021",3024
"Osterøy","Videregående skolenivå","Begge kjønn","Personer 16 år og over (prosent)","2021",46.2
"Osterøy","Universitets- og høgskolenivå, kort","Begge kjønn","Personer 16 år og over","2021",1158
"Osterøy","Universitets- og høgskolenivå, kort","Begge kjønn","Personer 16 år og over (prosent)","2021",17.7
"Osterøy","Universitets- og høgskolenivå, lang","Begge kjønn","Personer 16 år og over","2021",297
"Osterøy","Universitets- og høgskolenivå, lang","Begge kjønn","Personer 16 år og over (prosent)","2021",4.5
"Alver","Utdanningsnivå i alt","Begge kjønn","Personer 16 år og over","2021",23543
"Alver","Utdanningsnivå i alt","Begge kjønn","Personer 16 år og over (prosent)","2021",100
"Alver","Videregående skolenivå","Begge kjønn","Personer 16 år og over","2021",10535
"Alver","Videregående skolenivå","Begge kjønn","Personer 16 år og over (prosent)","2021",44.9
"Alver","Universitets- og høgskolenivå, kort","Begge kjønn","Personer 16 år og over","2021",4841
"Alver","Universitets- og høgskolenivå, kort","Begge kjønn","Personer 16 år og over (prosent)","2021",20.6
"Alver","Universitets- og høgskolenivå, lang","Begge kjønn","Personer 16 år og over","2021",1209
"Alver","Universitets- og høgskolenivå, lang","Begge kjønn","Personer 16 år og over (prosent)","2021",5.2
"Austrheim","Utdanningsnivå i alt","Begge kjønn","Personer 16 år og over","2021",2371
"Austrheim","Utdanningsnivå i alt","Begge kjønn","Personer 16 år og over (prosent)","2021",100
"Austrheim","Videregående skolenivå","Begge kjønn","Personer 16 år og over","2021",1160
"Austrheim","Videregående skolenivå","Begge kjønn","Personer 16 år og over (prosent)","2021",49.2
"Austrheim","Universitets- og høgskolenivå, kort","Begge kjønn","Personer 16 år og over","2021",371
"Austrheim","Universitets- og høgskolenivå, kort","Begge kjønn","Personer 16 år og over (prosent)","2021",15.7
"Austrheim","Universitets- og høgskolenivå, lang","Begge kjønn","Personer 16 år og over","2021",96
"Austrheim","Universitets- og høgskolenivå, lang","Begge kjønn","Personer 16 år og over (prosent)","2021",4.1
"Fedje","Utdanningsnivå i alt","Begge kjønn","Personer 16 år og over","2021",432
"Fedje","Utdanningsnivå i alt","Begge kjønn","Personer 16 år og over (prosent)","2021",100
"Fedje","Videregående skolenivå","Begge kjønn","Personer 16 år og over","2021",184
"Fedje","Videregående skolenivå","Begge kjønn","Personer 16 år og over (prosent)","2021",43
"Fedje","Universitets- og høgskolenivå, kort","Begge kjønn","Personer 16 år og over","2021",85
"Fedje","Universitets- og høgskolenivå, kort","Begge kjønn","Personer 16 år og over (prosent)","2021",19.9
"Fedje","Universitets- og høgskolenivå, lang","Begge kjønn","Personer 16 år og over","2021",20
"Fedje","Universitets- og høgskolenivå, lang","Begge kjønn","Personer 16 år og over (prosent)","2021",4.7
"Masfjorden","Utdanningsnivå i alt","Begge kjønn","Personer 16 år og over","2021",1346
"Masfjorden","Utdanningsnivå i alt","Begge kjønn","Personer 16 år og over (prosent)","2021",100
"Masfjorden","Videregående skolenivå","Begge kjønn","Personer 16 år og over","2021",649
"Masfjorden","Videregående skolenivå","Begge kjønn","Personer 16 år og over (prosent)","2021",48.5
"Masfjorden","Universitets- og høgskolenivå, kort","Begge kjønn","Personer 16 år og over","2021",216
"Masfjorden","Universitets- og høgskolenivå, kort","Begge kjønn","Personer 16 år og over (prosent)","2021",16.1
"Masfjorden","Universitets- og høgskolenivå, lang","Begge kjønn","Personer 16 år og over","2021",57
"Masfjorden","Universitets- og høgskolenivå, lang","Begge kjønn","Personer 16 år og over (prosent)","2021",4.3
"Gulen","Utdanningsnivå i alt","Begge kjønn","Personer 16 år og over","2021",1880
"Gulen","Utdanningsnivå i alt","Begge kjønn","Personer 16 år og over (prosent)","2021",100
"Gulen","Videregående skolenivå","Begge kjønn","Personer 16 år og over","2021",880
"Gulen","Videregående skolenivå","Begge kjønn","Personer 16 år og over (prosent)","2021",46.9
"Gulen","Universitets- og høgskolenivå, kort","Begge kjønn","Personer 16 år og over","2021",375
"Gulen","Universitets- og høgskolenivå, kort","Begge kjønn","Personer 16 år og over (prosent)","2021",20
"Gulen","Universitets- og høgskolenivå, lang","Begge kjønn","Personer 16 år og over","2021",74
"Gulen","Universitets- og høgskolenivå, lang","Begge kjønn","Personer 16 år og over (prosent)","2021",3.9
"Solund","Utdanningsnivå i alt","Begge kjønn","Personer 16 år og over","2021",669
"Solund","Utdanningsnivå i alt","Begge kjønn","Personer 16 år og over (prosent)","2021",100
"Solund","Videregående skolenivå","Begge kjønn","Personer 16 år og over","2021",303
"Solund","Videregående skolenivå","Begge kjønn","Personer 16 år og over (prosent)","2021",45.4
"Solund","Universitets- og høgskolenivå, kort","Begge kjønn","Personer 16 år og over","2021",124
"Solund","Universitets- og høgskolenivå, kort","Begge kjønn","Personer 16 år og over (prosent)","2021",18.6
"Solund","Universitets- og høgskolenivå, lang","Begge kjønn","Personer 16 år og over","2021",23
"Solund","Universitets- og høgskolenivå, lang","Begge kjønn","Personer 16 år og over (prosent)","2021",3.4
"Hyllestad","Utdanningsnivå i alt","Begge kjønn","Personer 16 år og over","2021",1125
"Hyllestad","Utdanningsnivå i alt","Begge kjønn","Personer 16 år og over (prosent)","2021",100
"Hyllestad","Videregående skolenivå","Begge kjønn","Personer 16 år og over","2021",578
"Hyllestad","Videregående skolenivå","Begge kjønn","Personer 16 år og over (prosent)","2021",51.7
"Hyllestad","Universitets- og høgskolenivå, kort","Begge kjønn","Personer 16 år og over","2021",197
"Hyllestad","Universitets- og høgskolenivå, kort","Begge kjønn","Personer 16 år og over (prosent)","2021",17.6
"Hyllestad","Universitets- og høgskolenivå, lang","Begge kjønn","Personer 16 år og over","2021",36
"Hyllestad","Universitets- og høgskolenivå, lang","Begge kjønn","Personer 16 år og over (prosent)","2021",3.2
"Høyanger","Utdanningsnivå i alt","Begge kjønn","Personer 16 år og over","2021",3409
"Høyanger","Utdanningsnivå i alt","Begge kjønn","Personer 16 år og over (prosent)","2021",100
"Høyanger","Videregående skolenivå","Begge kjønn","Personer 16 år og over","2021",1701
"Høyanger","Videregående skolenivå","Begge kjønn","Personer 16 år og over (prosent)","2021",50
"Høyanger","Universitets- og høgskolenivå, kort","Begge kjønn","Personer 16 år og over","2021",604
"Høyanger","Universitets- og høgskolenivå, kort","Begge kjønn","Personer 16 år og over (prosent)","2021",17.8
"Høyanger","Universitets- og høgskolenivå, lang","Begge kjønn","Personer 16 år og over","2021",162
"Høyanger","Universitets- og høgskolenivå, lang","Begge kjønn","Personer 16 år og over (prosent)","2021",4.8
"Vik","Utdanningsnivå i alt","Begge kjønn","Personer 16 år og over","2021",2144
"Vik","Utdanningsnivå i alt","Begge kjønn","Personer 16 år og over (prosent)","2021",100
"Vik","Videregående skolenivå","Begge kjønn","Personer 16 år og over","2021",1037
"Vik","Videregående skolenivå","Begge kjønn","Personer 16 år og over (prosent)","2021",48.6
"Vik","Universitets- og høgskolenivå, kort","Begge kjønn","Personer 16 år og over","2021",413
"Vik","Universitets- og høgskolenivå, kort","Begge kjønn","Personer 16 år og over (prosent)","2021",19.3
"Vik","Universitets- og høgskolenivå, lang","Begge kjønn","Personer 16 år og over","2021",128
"Vik","Universitets- og høgskolenivå, lang","Begge kjønn","Personer 16 år og over (prosent)","2021",6
"Sogndal","Utdanningsnivå i alt","Begge kjønn","Personer 16 år og over","2021",9805
"Sogndal","Utdanningsnivå i alt","Begge kjønn","Personer 16 år og over (prosent)","2021",100
"Sogndal","Videregående skolenivå","Begge kjønn","Personer 16 år og over","2021",3657
"Sogndal","Videregående skolenivå","Begge kjønn","Personer 16 år og over (prosent)","2021",37.5
"Sogndal","Universitets- og høgskolenivå, kort","Begge kjønn","Personer 16 år og over","2021",2843
"Sogndal","Universitets- og høgskolenivå, kort","Begge kjønn","Personer 16 år og over (prosent)","2021",29.1
"Sogndal","Universitets- og høgskolenivå, lang","Begge kjønn","Personer 16 år og over","2021",1176
"Sogndal","Universitets- og høgskolenivå, lang","Begge kjønn","Personer 16 år og over (prosent)","2021",12
"Aurland","Utdanningsnivå i alt","Begge kjønn","Personer 16 år og over","2021",1513
"Aurland","Utdanningsnivå i alt","Begge kjønn","Personer 16 år og over (prosent)","2021",100
"Aurland","Videregående skolenivå","Begge kjønn","Personer 16 år og over","2021",680
"Aurland","Videregående skolenivå","Begge kjønn","Personer 16 år og over (prosent)","2021",45.1
"Aurland","Universitets- og høgskolenivå, kort","Begge kjønn","Personer 16 år og over","2021",332
"Aurland","Universitets- og høgskolenivå, kort","Begge kjønn","Personer 16 år og over (prosent)","2021",22
"Aurland","Universitets- og høgskolenivå, lang","Begge kjønn","Personer 16 år og over","2021",103
"Aurland","Universitets- og høgskolenivå, lang","Begge kjønn","Personer 16 år og over (prosent)","2021",6.8
"Lærdal","Utdanningsnivå i alt","Begge kjønn","Personer 16 år og over","2021",1785
"Lærdal","Utdanningsnivå i alt","Begge kjønn","Personer 16 år og over (prosent)","2021",100
"Lærdal","Videregående skolenivå","Begge kjønn","Personer 16 år og over","2021",765
"Lærdal","Videregående skolenivå","Begge kjønn","Personer 16 år og over (prosent)","2021",43.1
"Lærdal","Universitets- og høgskolenivå, kort","Begge kjønn","Personer 16 år og over","2021",386
"Lærdal","Universitets- og høgskolenivå, kort","Begge kjønn","Personer 16 år og over (prosent)","2021",21.7
"Lærdal","Universitets- og høgskolenivå, lang","Begge kjønn","Personer 16 år og over","2021",125
"Lærdal","Universitets- og høgskolenivå, lang","Begge kjønn","Personer 16 år og over (prosent)","2021",7
"Årdal","Utdanningsnivå i alt","Begge kjønn","Personer 16 år og over","2021",4386
"Årdal","Utdanningsnivå i alt","Begge kjønn","Personer 16 år og over (prosent)","2021",100
"Årdal","Videregående skolenivå","Begge kjønn","Personer 16 år og over","2021",2278
"Årdal","Videregående skolenivå","Begge kjønn","Personer 16 år og over (prosent)","2021",52.1
"Årdal","Universitets- og høgskolenivå, kort","Begge kjønn","Personer 16 år og over","2021",799
"Årdal","Universitets- og høgskolenivå, kort","Begge kjønn","Personer 16 år og over (prosent)","2021",18.3
"Årdal","Universitets- og høgskolenivå, lang","Begge kjønn","Personer 16 år og over","2021",205
"Årdal","Universitets- og høgskolenivå, lang","Begge kjønn","Personer 16 år og over (prosent)","2021",4.7
"Luster","Utdanningsnivå i alt","Begge kjønn","Personer 16 år og over","2021",4271
"Luster","Utdanningsnivå i alt","Begge kjønn","Personer 16 år og over (prosent)","2021",100
"Luster","Videregående skolenivå","Begge kjønn","Personer 16 år og over","2021",1865
"Luster","Videregående skolenivå","Begge kjønn","Personer 16 år og over (prosent)","2021",43.8
"Luster","Universitets- og høgskolenivå, kort","Begge kjønn","Personer 16 år og over","2021",1023
"Luster","Universitets- og høgskolenivå, kort","Begge kjønn","Personer 16 år og over (prosent)","2021",24
"Luster","Universitets- og høgskolenivå, lang","Begge kjønn","Personer 16 år og over","2021",246
"Luster","Universitets- og høgskolenivå, lang","Begge kjønn","Personer 16 år og over (prosent)","2021",5.8
"Askvoll","Utdanningsnivå i alt","Begge kjønn","Personer 16 år og over","2021",2452
"Askvoll","Utdanningsnivå i alt","Begge kjønn","Personer 16 år og over (prosent)","2021",100
"Askvoll","Videregående skolenivå","Begge kjønn","Personer 16 år og over","2021",1055
"Askvoll","Videregående skolenivå","Begge kjønn","Personer 16 år og over (prosent)","2021",43.1
"Askvoll","Universitets- og høgskolenivå, kort","Begge kjønn","Personer 16 år og over","2021",482
"Askvoll","Universitets- og høgskolenivå, kort","Begge kjønn","Personer 16 år og over (prosent)","2021",19.7
"Askvoll","Universitets- og høgskolenivå, lang","Begge kjønn","Personer 16 år og over","2021",133
"Askvoll","Universitets- og høgskolenivå, lang","Begge kjønn","Personer 16 år og over (prosent)","2021",5.4
"Fjaler","Utdanningsnivå i alt","Begge kjønn","Personer 16 år og over","2021",2385
"Fjaler","Utdanningsnivå i alt","Begge kjønn","Personer 16 år og over (prosent)","2021",100
"Fjaler","Videregående skolenivå","Begge kjønn","Personer 16 år og over","2021",881
"Fjaler","Videregående skolenivå","Begge kjønn","Personer 16 år og over (prosent)","2021",37.2
"Fjaler","Universitets- og høgskolenivå, kort","Begge kjønn","Personer 16 år og over","2021",512
"Fjaler","Universitets- og høgskolenivå, kort","Begge kjønn","Personer 16 år og over (prosent)","2021",21.6
"Fjaler","Universitets- og høgskolenivå, lang","Begge kjønn","Personer 16 år og over","2021",154
"Fjaler","Universitets- og høgskolenivå, lang","Begge kjønn","Personer 16 år og over (prosent)","2021",6.5
"Sunnfjord","Utdanningsnivå i alt","Begge kjønn","Personer 16 år og over","2021",17634
"Sunnfjord","Utdanningsnivå i alt","Begge kjønn","Personer 16 år og over (prosent)","2021",100
"Sunnfjord","Videregående skolenivå","Begge kjønn","Personer 16 år og over","2021",7176
"Sunnfjord","Videregående skolenivå","Begge kjønn","Personer 16 år og over (prosent)","2021",40.8
"Sunnfjord","Universitets- og høgskolenivå, kort","Begge kjønn","Personer 16 år og over","2021",4631
"Sunnfjord","Universitets- og høgskolenivå, kort","Begge kjønn","Personer 16 år og over (prosent)","2021",26.3
"Sunnfjord","Universitets- og høgskolenivå, lang","Begge kjønn","Personer 16 år og over","2021",1403
"Sunnfjord","Universitets- og høgskolenivå, lang","Begge kjønn","Personer 16 år og over (prosent)","2021",8
"Bremanger","Utdanningsnivå i alt","Begge kjønn","Personer 16 år og over","2021",2990
"Bremanger","Utdanningsnivå i alt","Begge kjønn","Personer 16 år og over (prosent)","2021",100
"Bremanger","Videregående skolenivå","Begge kjønn","Personer 16 år og over","2021",1401
"Bremanger","Videregående skolenivå","Begge kjønn","Personer 16 år og over (prosent)","2021",47.1
"Bremanger","Universitets- og høgskolenivå, kort","Begge kjønn","Personer 16 år og over","2021",528
"Bremanger","Universitets- og høgskolenivå, kort","Begge kjønn","Personer 16 år og over (prosent)","2021",17.7
"Bremanger","Universitets- og høgskolenivå, lang","Begge kjønn","Personer 16 år og over","2021",98
"Bremanger","Universitets- og høgskolenivå, lang","Begge kjønn","Personer 16 år og over (prosent)","2021",3.3
"Stad","Utdanningsnivå i alt","Begge kjønn","Personer 16 år og over","2021",7742
"Stad","Utdanningsnivå i alt","Begge kjønn","Personer 16 år og over (prosent)","2021",100
"Stad","Videregående skolenivå","Begge kjønn","Personer 16 år og over","2021",3445
"Stad","Videregående skolenivå","Begge kjønn","Personer 16 år og over (prosent)","2021",44.7
"Stad","Universitets- og høgskolenivå, kort","Begge kjønn","Personer 16 år og over","2021",1730
"Stad","Universitets- og høgskolenivå, kort","Begge kjønn","Personer 16 år og over (prosent)","2021",22.4
"Stad","Universitets- og høgskolenivå, lang","Begge kjønn","Personer 16 år og over","2021",411
"Stad","Universitets- og høgskolenivå, lang","Begge kjønn","Personer 16 år og over (prosent)","2021",5.3
"Gloppen","Utdanningsnivå i alt","Begge kjønn","Personer 16 år og over","2021",4809
"Gloppen","Utdanningsnivå i alt","Begge kjønn","Personer 16 år og over (prosent)","2021",100
"Gloppen","Videregående skolenivå","Begge kjønn","Personer 16 år og over","2021",2016
"Gloppen","Videregående skolenivå","Begge kjønn","Personer 16 år og over (prosent)","2021",42.1
"Gloppen","Universitets- og høgskolenivå, kort","Begge kjønn","Personer 16 år og over","2021",1213
"Gloppen","Universitets- og høgskolenivå, kort","Begge kjønn","Personer 16 år og over (prosent)","2021",25.3
"Gloppen","Universitets- og høgskolenivå, lang","Begge kjønn","Personer 16 år og over","2021",363
"Gloppen","Universitets- og høgskolenivå, lang","Begge kjønn","Personer 16 år og over (prosent)","2021",7.6
"Stryn","Utdanningsnivå i alt","Begge kjønn","Personer 16 år og over","2021",5814
"Stryn","Utdanningsnivå i alt","Begge kjønn","Personer 16 år og over (prosent)","2021",100
"Stryn","Videregående skolenivå","Begge kjønn","Personer 16 år og over","2021",2665
"Stryn","Videregående skolenivå","Begge kjønn","Personer 16 år og over (prosent)","2021",46
"Stryn","Universitets- og høgskolenivå, kort","Begge kjønn","Personer 16 år og over","2021",1268
"Stryn","Universitets- og høgskolenivå, kort","Begge kjønn","Personer 16 år og over (prosent)","2021",21.9
"Stryn","Universitets- og høgskolenivå, lang","Begge kjønn","Personer 16 år og over","2021",300
"Stryn","Universitets- og høgskolenivå, lang","Begge kjønn","Personer 16 år og over (prosent)","2021",5.2
"Bergen (1972-2019)","Utdanningsnivå i alt","Begge kjønn","Personer 16 år og over","2021",0
"Bergen (1972-2019)","Utdanningsnivå i alt","Begge kjønn","Personer 16 år og over (prosent)","2021",0
"Bergen (1972-2019)","Videregående skolenivå","Begge kjønn","Personer 16 år og over","2021",0
"Bergen (1972-2019)","Videregående skolenivå","Begge kjønn","Personer 16 år og over (prosent)","2021",0
"Bergen (1972-2019)","Universitets- og høgskolenivå, kort","Begge kjønn","Personer 16 år og over","2021",0
"Bergen (1972-2019)","Universitets- og høgskolenivå, kort","Begge kjønn","Personer 16 år og over (prosent)","2021",0
"Bergen (1972-2019)","Universitets- og høgskolenivå, lang","Begge kjønn","Personer 16 år og over","2021",0
"Bergen (1972-2019)","Universitets- og høgskolenivå, lang","Begge kjønn","Personer 16 år og over (prosent)","2021",0
"Etne (-2019)","Utdanningsnivå i alt","Begge kjønn","Personer 16 år og over","2021",0
"Etne (-2019)","Utdanningsnivå i alt","Begge kjønn","Personer 16 år og over (prosent)","2021",0
"Etne (-2019)","Videregående skolenivå","Begge kjønn","Personer 16 år og over","2021",0
"Etne (-2019)","Videregående skolenivå","Begge kjønn","Personer 16 år og over (prosent)","2021",0
"Etne (-2019)","Universitets- og høgskolenivå, kort","Begge kjønn","Personer 16 år og over","2021",0
"Etne (-2019)","Universitets- og høgskolenivå, kort","Begge kjønn","Personer 16 år og over (prosent)","2021",0
"Etne (-2019)","Universitets- og høgskolenivå, lang","Begge kjønn","Personer 16 år og over","2021",0
"Etne (-2019)","Universitets- og høgskolenivå, lang","Begge kjønn","Personer 16 år og over (prosent)","2021",0
"Ølen (1916-2001)","Utdanningsnivå i alt","Begge kjønn","Personer 16 år og over","2021",0
"Ølen (1916-2001)","Utdanningsnivå i alt","Begge kjønn","Personer 16 år og over (prosent)","2021",0
"Ølen (1916-2001)","Videregående skolenivå","Begge kjønn","Personer 16 år og over","2021",0
"Ølen (1916-2001)","Videregående skolenivå","Begge kjønn","Personer 16 år og over (prosent)","2021",0
"Ølen (1916-2001)","Universitets- og høgskolenivå, kort","Begge kjønn","Personer 16 år og over","2021",0
"Ølen (1916-2001)","Universitets- og høgskolenivå, kort","Begge kjønn","Personer 16 år og over (prosent)","2021",0
"Ølen (1916-2001)","Universitets- og høgskolenivå, lang","Begge kjønn","Personer 16 år og over","2021",0
"Ølen (1916-2001)","Universitets- og høgskolenivå, lang","Begge kjønn","Personer 16 år og over (prosent)","2021",0
"Sveio (-2019)","Utdanningsnivå i alt","Begge kjønn","Personer 16 år og over","2021",0
"Sveio (-2019)","Utdanningsnivå i alt","Begge kjønn","Personer 16 år og over (prosent)","2021",0
"Sveio (-2019)","Videregående skolenivå","Begge kjønn","Personer 16 år og over","2021",0
"Sveio (-2019)","Videregående skolenivå","Begge kjønn","Personer 16 år og over (prosent)","2021",0
"Sveio (-2019)","Universitets- og høgskolenivå, kort","Begge kjønn","Personer 16 år og over","2021",0
"Sveio (-2019)","Universitets- og høgskolenivå, kort","Begge kjønn","Personer 16 år og over (prosent)","2021",0
"Sveio (-2019)","Universitets- og høgskolenivå, lang","Begge kjønn","Personer 16 år og over","2021",0
"Sveio (-2019)","Universitets- og høgskolenivå, lang","Begge kjønn","Personer 16 år og over (prosent)","2021",0
"Bømlo (1916-2019)","Utdanningsnivå i alt","Begge kjønn","Personer 16 år og over","2021",0
"Bømlo (1916-2019)","Utdanningsnivå i alt","Begge kjønn","Personer 16 år og over (prosent)","2021",0
"Bømlo (1916-2019)","Videregående skolenivå","Begge kjønn","Personer 16 år og over","2021",0
"Bømlo (1916-2019)","Videregående skolenivå","Begge kjønn","Personer 16 år og over (prosent)","2021",0
"Bømlo (1916-2019)","Universitets- og høgskolenivå, kort","Begge kjønn","Personer 16 år og over","2021",0
"Bømlo (1916-2019)","Universitets- og høgskolenivå, kort","Begge kjønn","Personer 16 år og over (prosent)","2021",0
"Bømlo (1916-2019)","Universitets- og høgskolenivå, lang","Begge kjønn","Personer 16 år og over","2021",0
"Bømlo (1916-2019)","Universitets- og høgskolenivå, lang","Begge kjønn","Personer 16 år og over (prosent)","2021",0
"Stord (-2019)","Utdanningsnivå i alt","Begge kjønn","Personer 16 år og over","2021",0
"Stord (-2019)","Utdanningsnivå i alt","Begge kjønn","Personer 16 år og over (prosent)","2021",0
"Stord (-2019)","Videregående skolenivå","Begge kjønn","Personer 16 år og over","2021",0
"Stord (-2019)","Videregående skolenivå","Begge kjønn","Personer 16 år og over (prosent)","2021",0
"Stord (-2019)","Universitets- og høgskolenivå, kort","Begge kjønn","Personer 16 år og over","2021",0
"Stord (-2019)","Universitets- og høgskolenivå, kort","Begge kjønn","Personer 16 år og over (prosent)","2021",0
"Stord (-2019)","Universitets- og høgskolenivå, lang","Begge kjønn","Personer 16 år og over","2021",0
"Stord (-2019)","Universitets- og høgskolenivå, lang","Begge kjønn","Personer 16 år og over (prosent)","2021",0
"Fitjar (-2019)","Utdanningsnivå i alt","Begge kjønn","Personer 16 år og over","2021",0
"Fitjar (-2019)","Utdanningsnivå i alt","Begge kjønn","Personer 16 år og over (prosent)","2021",0
"Fitjar (-2019)","Videregående skolenivå","Begge kjønn","Personer 16 år og over","2021",0
"Fitjar (-2019)","Videregående skolenivå","Begge kjønn","Personer 16 år og over (prosent)","2021",0
"Fitjar (-2019)","Universitets- og høgskolenivå, kort","Begge kjønn","Personer 16 år og over","2021",0
"Fitjar (-2019)","Universitets- og høgskolenivå, kort","Begge kjønn","Personer 16 år og over (prosent)","2021",0
"Fitjar (-2019)","Universitets- og høgskolenivå, lang","Begge kjønn","Personer 16 år og over","2021",0
"Fitjar (-2019)","Universitets- og høgskolenivå, lang","Begge kjønn","Personer 16 år og over (prosent)","2021",0
"Tysnes (-2019)","Utdanningsnivå i alt","Begge kjønn","Personer 16 år og over","2021",0
"Tysnes (-2019)","Utdanningsnivå i alt","Begge kjønn","Personer 16 år og over (prosent)","2021",0
"Tysnes (-2019)","Videregående skolenivå","Begge kjønn","Personer 16 år og over","2021",0
"Tysnes (-2019)","Videregående skolenivå","Begge kjønn","Personer 16 år og over (prosent)","2021",0
"Tysnes (-2019)","Universitets- og høgskolenivå, kort","Begge kjønn","Personer 16 år og over","2021",0
"Tysnes (-2019)","Universitets- og høgskolenivå, kort","Begge kjønn","Personer 16 år og over (prosent)","2021",0
"Tysnes (-2019)","Universitets- og høgskolenivå, lang","Begge kjønn","Personer 16 år og over","2021",0
"Tysnes (-2019)","Universitets- og høgskolenivå, lang","Begge kjønn","Personer 16 år og over (prosent)","2021",0
"Kvinnherad (-2019)","Utdanningsnivå i alt","Begge kjønn","Personer 16 år og over","2021",0
"Kvinnherad (-2019)","Utdanningsnivå i alt","Begge kjønn","Personer 16 år og over (prosent)","2021",0
"Kvinnherad (-2019)","Videregående skolenivå","Begge kjønn","Personer 16 år og over","2021",0
"Kvinnherad (-2019)","Videregående skolenivå","Begge kjønn","Personer 16 år og over (prosent)","2021",0
"Kvinnherad (-2019)","Universitets- og høgskolenivå, kort","Begge kjønn","Personer 16 år og over","2021",0
"Kvinnherad (-2019)","Universitets- og høgskolenivå, kort","Begge kjønn","Personer 16 år og over (prosent)","2021",0
"Kvinnherad (-2019)","Universitets- og høgskolenivå, lang","Begge kjønn","Personer 16 år og over","2021",0
"Kvinnherad (-2019)","Universitets- og høgskolenivå, lang","Begge kjønn","Personer 16 år og over (prosent)","2021",0
"Jondal (-2019)","Utdanningsnivå i alt","Begge kjønn","Personer 16 år og over","2021",0
"Jondal (-2019)","Utdanningsnivå i alt","Begge kjønn","Personer 16 år og over (prosent)","2021",0
"Jondal (-2019)","Videregående skolenivå","Begge kjønn","Personer 16 år og over","2021",0
"Jondal (-2019)","Videregående skolenivå","Begge kjønn","Personer 16 år og over (prosent)","2021",0
"Jondal (-2019)","Universitets- og høgskolenivå, kort","Begge kjønn","Personer 16 år og over","2021",0
"Jondal (-2019)","Universitets- og høgskolenivå, kort","Begge kjønn","Personer 16 år og over (prosent)","2021",0
"Jondal (-2019)","Universitets- og høgskolenivå, lang","Begge kjønn","Personer 16 år og over","2021",0
"Jondal (-2019)","Universitets- og høgskolenivå, lang","Begge kjønn","Personer 16 år og over (prosent)","2021",0
"Odda (1913-2019)","Utdanningsnivå i alt","Begge kjønn","Personer 16 år og over","2021",0
"Odda (1913-2019)","Utdanningsnivå i alt","Begge kjønn","Personer 16 år og over (prosent)","2021",0
"Odda (1913-2019)","Videregående skolenivå","Begge kjønn","Personer 16 år og over","2021",0
"Odda (1913-2019)","Videregående skolenivå","Begge kjønn","Personer 16 år og over (prosent)","2021",0
"Odda (1913-2019)","Universitets- og høgskolenivå, kort","Begge kjønn","Personer 16 år og over","2021",0
"Odda (1913-2019)","Universitets- og høgskolenivå, kort","Begge kjønn","Personer 16 år og over (prosent)","2021",0
"Odda (1913-2019)","Universitets- og høgskolenivå, lang","Begge kjønn","Personer 16 år og over","2021",0
"Odda (1913-2019)","Universitets- og høgskolenivå, lang","Begge kjønn","Personer 16 år og over (prosent)","2021",0
"Ullensvang (-1976)","Utdanningsnivå i alt","Begge kjønn","Personer 16 år og over","2021",0
"Ullensvang (-1976)","Utdanningsnivå i alt","Begge kjønn","Personer 16 år og over (prosent)","2021",0
"Ullensvang (-1976)","Videregående skolenivå","Begge kjønn","Personer 16 år og over","2021",0
"Ullensvang (-1976)","Videregående skolenivå","Begge kjønn","Personer 16 år og over (prosent)","2021",0
"Ullensvang (-1976)","Universitets- og høgskolenivå, kort","Begge kjønn","Personer 16 år og over","2021",0
"Ullensvang (-1976)","Universitets- og høgskolenivå, kort","Begge kjønn","Personer 16 år og over (prosent)","2021",0
"Ullensvang (-1976)","Universitets- og høgskolenivå, lang","Begge kjønn","Personer 16 år og over","2021",0
"Ullensvang (-1976)","Universitets- og høgskolenivå, lang","Begge kjønn","Personer 16 år og over (prosent)","2021",0
"Ullensvang (1977-2019)","Utdanningsnivå i alt","Begge kjønn","Personer 16 år og over","2021",0
"Ullensvang (1977-2019)","Utdanningsnivå i alt","Begge kjønn","Personer 16 år og over (prosent)","2021",0
"Ullensvang (1977-2019)","Videregående skolenivå","Begge kjønn","Personer 16 år og over","2021",0
"Ullensvang (1977-2019)","Videregående skolenivå","Begge kjønn","Personer 16 år og over (prosent)","2021",0
"Ullensvang (1977-2019)","Universitets- og høgskolenivå, kort","Begge kjønn","Personer 16 år og over","2021",0
"Ullensvang (1977-2019)","Universitets- og høgskolenivå, kort","Begge kjønn","Personer 16 år og over (prosent)","2021",0
"Ullensvang (1977-2019)","Universitets- og høgskolenivå, lang","Begge kjønn","Personer 16 år og over","2021",0
"Ullensvang (1977-2019)","Universitets- og høgskolenivå, lang","Begge kjønn","Personer 16 år og over (prosent)","2021",0
"Eidfjord (-2019)","Utdanningsnivå i alt","Begge kjønn","Personer 16 år og over","2021",0
"Eidfjord (-2019)","Utdanningsnivå i alt","Begge kjønn","Personer 16 år og over (prosent)","2021",0
"Eidfjord (-2019)","Videregående skolenivå","Begge kjønn","Personer 16 år og over","2021",0
"Eidfjord (-2019)","Videregående skolenivå","Begge kjønn","Personer 16 år og over (prosent)","2021",0
"Eidfjord (-2019)","Universitets- og høgskolenivå, kort","Begge kjønn","Personer 16 år og over","2021",0
"Eidfjord (-2019)","Universitets- og høgskolenivå, kort","Begge kjønn","Personer 16 år og over (prosent)","2021",0
"Eidfjord (-2019)","Universitets- og høgskolenivå, lang","Begge kjønn","Personer 16 år og over","2021",0
"Eidfjord (-2019)","Universitets- og høgskolenivå, lang","Begge kjønn","Personer 16 år og over (prosent)","2021",0
"Ulvik (-2019)","Utdanningsnivå i alt","Begge kjønn","Personer 16 år og over","2021",0
"Ulvik (-2019)","Utdanningsnivå i alt","Begge kjønn","Personer 16 år og over (prosent)","2021",0
"Ulvik (-2019)","Videregående skolenivå","Begge kjønn","Personer 16 år og over","2021",0
"Ulvik (-2019)","Videregående skolenivå","Begge kjønn","Personer 16 år og over (prosent)","2021",0
"Ulvik (-2019)","Universitets- og høgskolenivå, kort","Begge kjønn","Personer 16 år og over","2021",0
"Ulvik (-2019)","Universitets- og høgskolenivå, kort","Begge kjønn","Personer 16 år og over (prosent)","2021",0
"Ulvik (-2019)","Universitets- og høgskolenivå, lang","Begge kjønn","Personer 16 år og over","2021",0
"Ulvik (-2019)","Universitets- og høgskolenivå, lang","Begge kjønn","Personer 16 år og over (prosent)","2021",0
"Granvin (-2019)","Utdanningsnivå i alt","Begge kjønn","Personer 16 år og over","2021",0
"Granvin (-2019)","Utdanningsnivå i alt","Begge kjønn","Personer 16 år og over (prosent)","2021",0
"Granvin (-2019)","Videregående skolenivå","Begge kjønn","Personer 16 år og over","2021",0
"Granvin (-2019)","Videregående skolenivå","Begge kjønn","Personer 16 år og over (prosent)","2021",0
"Granvin (-2019)","Universitets- og høgskolenivå, kort","Begge kjønn","Personer 16 år og over","2021",0
"Granvin (-2019)","Universitets- og høgskolenivå, kort","Begge kjønn","Personer 16 år og over (prosent)","2021",0
"Granvin (-2019)","Universitets- og høgskolenivå, lang","Begge kjønn","Personer 16 år og over","2021",0
"Granvin (-2019)","Universitets- og høgskolenivå, lang","Begge kjønn","Personer 16 år og over (prosent)","2021",0
"Voss (-2019)","Utdanningsnivå i alt","Begge kjønn","Personer 16 år og over","2021",0
"Voss (-2019)","Utdanningsnivå i alt","Begge kjønn","Personer 16 år og over (prosent)","2021",0
"Voss (-2019)","Videregående skolenivå","Begge kjønn","Personer 16 år og over","2021",0
"Voss (-2019)","Videregående skolenivå","Begge kjønn","Personer 16 år og over (prosent)","2021",0
"Voss (-2019)","Universitets- og høgskolenivå, kort","Begge kjønn","Personer 16 år og over","2021",0
"Voss (-2019)","Universitets- og høgskolenivå, kort","Begge kjønn","Personer 16 år og over (prosent)","2021",0
"Voss (-2019)","Universitets- og høgskolenivå, lang","Begge kjønn","Personer 16 år og over","2021",0
"Voss (-2019)","Universitets- og høgskolenivå, lang","Begge kjønn","Personer 16 år og over (prosent)","2021",0
"Kvam (-2019)","Utdanningsnivå i alt","Begge kjønn","Personer 16 år og over","2021",0
"Kvam (-2019)","Utdanningsnivå i alt","Begge kjønn","Personer 16 år og over (prosent)","2021",0
"Kvam (-2019)","Videregående skolenivå","Begge kjønn","Personer 16 år og over","2021",0
"Kvam (-2019)","Videregående skolenivå","Begge kjønn","Personer 16 år og over (prosent)","2021",0
"Kvam (-2019)","Universitets- og høgskolenivå, kort","Begge kjønn","Personer 16 år og over","2021",0
"Kvam (-2019)","Universitets- og høgskolenivå, kort","Begge kjønn","Personer 16 år og over (prosent)","2021",0
"Kvam (-2019)","Universitets- og høgskolenivå, lang","Begge kjønn","Personer 16 år og over","2021",0
"Kvam (-2019)","Universitets- og høgskolenivå, lang","Begge kjønn","Personer 16 år og over (prosent)","2021",0
"Fusa (-2019)","Utdanningsnivå i alt","Begge kjønn","Personer 16 år og over","2021",0
"Fusa (-2019)","Utdanningsnivå i alt","Begge kjønn","Personer 16 år og over (prosent)","2021",0
"Fusa (-2019)","Videregående skolenivå","Begge kjønn","Personer 16 år og over","2021",0
"Fusa (-2019)","Videregående skolenivå","Begge kjønn","Personer 16 år og over (prosent)","2021",0
"Fusa (-2019)","Universitets- og høgskolenivå, kort","Begge kjønn","Personer 16 år og over","2021",0
"Fusa (-2019)","Universitets- og høgskolenivå, kort","Begge kjønn","Personer 16 år og over (prosent)","2021",0
"Fusa (-2019)","Universitets- og høgskolenivå, lang","Begge kjønn","Personer 16 år og over","2021",0
"Fusa (-2019)","Universitets- og høgskolenivå, lang","Begge kjønn","Personer 16 år og over (prosent)","2021",0
"Samnanger (1907-2019)","Utdanningsnivå i alt","Begge kjønn","Personer 16 år og over","2021",0
"Samnanger (1907-2019)","Utdanningsnivå i alt","Begge kjønn","Personer 16 år og over (prosent)","2021",0
"Samnanger (1907-2019)","Videregående skolenivå","Begge kjønn","Personer 16 år og over","2021",0
"Samnanger (1907-2019)","Videregående skolenivå","Begge kjønn","Personer 16 år og over (prosent)","2021",0
"Samnanger (1907-2019)","Universitets- og høgskolenivå, kort","Begge kjønn","Personer 16 år og over","2021",0
"Samnanger (1907-2019)","Universitets- og høgskolenivå, kort","Begge kjønn","Personer 16 år og over (prosent)","2021",0
"Samnanger (1907-2019)","Universitets- og høgskolenivå, lang","Begge kjønn","Personer 16 år og over","2021",0
"Samnanger (1907-2019)","Universitets- og høgskolenivå, lang","Begge kjønn","Personer 16 år og over (prosent)","2021",0
"Os (Hordaland) (-2019)","Utdanningsnivå i alt","Begge kjønn","Personer 16 år og over","2021",0
"Os (Hordaland) (-2019)","Utdanningsnivå i alt","Begge kjønn","Personer 16 år og over (prosent)","2021",0
"Os (Hordaland) (-2019)","Videregående skolenivå","Begge kjønn","Personer 16 år og over","2021",0
"Os (Hordaland) (-2019)","Videregående skolenivå","Begge kjønn","Personer 16 år og over (prosent)","2021",0
"Os (Hordaland) (-2019)","Universitets- og høgskolenivå, kort","Begge kjønn","Personer 16 år og over","2021",0
"Os (Hordaland) (-2019)","Universitets- og høgskolenivå, kort","Begge kjønn","Personer 16 år og over (prosent)","2021",0
"Os (Hordaland) (-2019)","Universitets- og høgskolenivå, lang","Begge kjønn","Personer 16 år og over","2021",0
"Os (Hordaland) (-2019)","Universitets- og høgskolenivå, lang","Begge kjønn","Personer 16 år og over (prosent)","2021",0
"Austevoll (-2019)","Utdanningsnivå i alt","Begge kjønn","Personer 16 år og over","2021",0
"Austevoll (-2019)","Utdanningsnivå i alt","Begge kjønn","Personer 16 år og over (prosent)","2021",0
"Austevoll (-2019)","Videregående skolenivå","Begge kjønn","Personer 16 år og over","2021",0
"Austevoll (-2019)","Videregående skolenivå","Begge kjønn","Personer 16 år og over (prosent)","2021",0
"Austevoll (-2019)","Universitets- og høgskolenivå, kort","Begge kjønn","Personer 16 år og over","2021",0
"Austevoll (-2019)","Universitets- og høgskolenivå, kort","Begge kjønn","Personer 16 år og over (prosent)","2021",0
"Austevoll (-2019)","Universitets- og høgskolenivå, lang","Begge kjønn","Personer 16 år og over","2021",0
"Austevoll (-2019)","Universitets- og høgskolenivå, lang","Begge kjønn","Personer 16 år og over (prosent)","2021",0
"Sund (-2019)","Utdanningsnivå i alt","Begge kjønn","Personer 16 år og over","2021",0
"Sund (-2019)","Utdanningsnivå i alt","Begge kjønn","Personer 16 år og over (prosent)","2021",0
"Sund (-2019)","Videregående skolenivå","Begge kjønn","Personer 16 år og over","2021",0
"Sund (-2019)","Videregående skolenivå","Begge kjønn","Personer 16 år og over (prosent)","2021",0
"Sund (-2019)","Universitets- og høgskolenivå, kort","Begge kjønn","Personer 16 år og over","2021",0
"Sund (-2019)","Universitets- og høgskolenivå, kort","Begge kjønn","Personer 16 år og over (prosent)","2021",0
"Sund (-2019)","Universitets- og høgskolenivå, lang","Begge kjønn","Personer 16 år og over","2021",0
"Sund (-2019)","Universitets- og høgskolenivå, lang","Begge kjønn","Personer 16 år og over (prosent)","2021",0
"Fjell (-2019)","Utdanningsnivå i alt","Begge kjønn","Personer 16 år og over","2021",0
"Fjell (-2019)","Utdanningsnivå i alt","Begge kjønn","Personer 16 år og over (prosent)","2021",0
"Fjell (-2019)","Videregående skolenivå","Begge kjønn","Personer 16 år og over","2021",0
"Fjell (-2019)","Videregående skolenivå","Begge kjønn","Personer 16 år og over (prosent)","2021",0
"Fjell (-2019)","Universitets- og høgskolenivå, kort","Begge kjønn","Personer 16 år og over","2021",0
"Fjell (-2019)","Universitets- og høgskolenivå, kort","Begge kjønn","Personer 16 år og over (prosent)","2021",0
"Fjell (-2019)","Universitets- og høgskolenivå, lang","Begge kjønn","Personer 16 år og over","2021",0
"Fjell (-2019)","Universitets- og høgskolenivå, lang","Begge kjønn","Personer 16 år og over (prosent)","2021",0
"Askøy (-2019)","Utdanningsnivå i alt","Begge kjønn","Personer 16 år og over","2021",0
"Askøy (-2019)","Utdanningsnivå i alt","Begge kjønn","Personer 16 år og over (prosent)","2021",0
"Askøy (-2019)","Videregående skolenivå","Begge kjønn","Personer 16 år og over","2021",0
"Askøy (-2019)","Videregående skolenivå","Begge kjønn","Personer 16 år og over (prosent)","2021",0
"Askøy (-2019)","Universitets- og høgskolenivå, kort","Begge kjønn","Personer 16 år og over","2021",0
"Askøy (-2019)","Universitets- og høgskolenivå, kort","Begge kjønn","Personer 16 år og over (prosent)","2021",0
"Askøy (-2019)","Universitets- og høgskolenivå, lang","Begge kjønn","Personer 16 år og over","2021",0
"Askøy (-2019)","Universitets- og høgskolenivå, lang","Begge kjønn","Personer 16 år og over (prosent)","2021",0
"Laksevåg (1918-1971)","Utdanningsnivå i alt","Begge kjønn","Personer 16 år og over","2021",0
"Laksevåg (1918-1971)","Utdanningsnivå i alt","Begge kjønn","Personer 16 år og over (prosent)","2021",0
"Laksevåg (1918-1971)","Videregående skolenivå","Begge kjønn","Personer 16 år og over","2021",0
"Laksevåg (1918-1971)","Videregående skolenivå","Begge kjønn","Personer 16 år og over (prosent)","2021",0
"Laksevåg (1918-1971)","Universitets- og høgskolenivå, kort","Begge kjønn","Personer 16 år og over","2021",0
"Laksevåg (1918-1971)","Universitets- og høgskolenivå, kort","Begge kjønn","Personer 16 år og over (prosent)","2021",0
"Laksevåg (1918-1971)","Universitets- og høgskolenivå, lang","Begge kjønn","Personer 16 år og over","2021",0
"Laksevåg (1918-1971)","Universitets- og høgskolenivå, lang","Begge kjønn","Personer 16 år og over (prosent)","2021",0
"Fana (-1971)","Utdanningsnivå i alt","Begge kjønn","Personer 16 år og over","2021",0
"Fana (-1971)","Utdanningsnivå i alt","Begge kjønn","Personer 16 år og over (prosent)","2021",0
"Fana (-1971)","Videregående skolenivå","Begge kjønn","Personer 16 år og over","2021",0
"Fana (-1971)","Videregående skolenivå","Begge kjønn","Personer 16 år og over (prosent)","2021",0
"Fana (-1971)","Universitets- og høgskolenivå, kort","Begge kjønn","Personer 16 år og over","2021",0
"Fana (-1971)","Universitets- og høgskolenivå, kort","Begge kjønn","Personer 16 år og over (prosent)","2021",0
"Fana (-1971)","Universitets- og høgskolenivå, lang","Begge kjønn","Personer 16 år og over","2021",0
"Fana (-1971)","Universitets- og høgskolenivå, lang","Begge kjønn","Personer 16 år og over (prosent)","2021",0
"Arna (1964-1971)","Utdanningsnivå i alt","Begge kjønn","Personer 16 år og over","2021",0
"Arna (1964-1971)","Utdanningsnivå i alt","Begge kjønn","Personer 16 år og over (prosent)","2021",0
"Arna (1964-1971)","Videregående skolenivå","Begge kjønn","Personer 16 år og over","2021",0
"Arna (1964-1971)","Videregående skolenivå","Begge kjønn","Personer 16 år og over (prosent)","2021",0
"Arna (1964-1971)","Universitets- og høgskolenivå, kort","Begge kjønn","Personer 16 år og over","2021",0
"Arna (1964-1971)","Universitets- og høgskolenivå, kort","Begge kjønn","Personer 16 år og over (prosent)","2021",0
"Arna (1964-1971)","Universitets- og høgskolenivå, lang","Begge kjønn","Personer 16 år og over","2021",0
"Arna (1964-1971)","Universitets- og høgskolenivå, lang","Begge kjønn","Personer 16 år og over (prosent)","2021",0
"Vaksdal (1964-2019)","Utdanningsnivå i alt","Begge kjønn","Personer 16 år og over","2021",0
"Vaksdal (1964-2019)","Utdanningsnivå i alt","Begge kjønn","Personer 16 år og over (prosent)","2021",0
"Vaksdal (1964-2019)","Videregående skolenivå","Begge kjønn","Personer 16 år og over","2021",0
"Vaksdal (1964-2019)","Videregående skolenivå","Begge kjønn","Personer 16 år og over (prosent)","2021",0
"Vaksdal (1964-2019)","Universitets- og høgskolenivå, kort","Begge kjønn","Personer 16 år og over","2021",0
"Vaksdal (1964-2019)","Universitets- og høgskolenivå, kort","Begge kjønn","Personer 16 år og over (prosent)","2021",0
"Vaksdal (1964-2019)","Universitets- og høgskolenivå, lang","Begge kjønn","Personer 16 år og over","2021",0
"Vaksdal (1964-2019)","Universitets- og høgskolenivå, lang","Begge kjønn","Personer 16 år og over (prosent)","2021",0
"Modalen (1910-2019)","Utdanningsnivå i alt","Begge kjønn","Personer 16 år og over","2021",0
"Modalen (1910-2019)","Utdanningsnivå i alt","Begge kjønn","Personer 16 år og over (prosent)","2021",0
"Modalen (1910-2019)","Videregående skolenivå","Begge kjønn","Personer 16 år og over","2021",0
"Modalen (1910-2019)","Videregående skolenivå","Begge kjønn","Personer 16 år og over (prosent)","2021",0
"Modalen (1910-2019)","Universitets- og høgskolenivå, kort","Begge kjønn","Personer 16 år og over","2021",0
"Modalen (1910-2019)","Universitets- og høgskolenivå, kort","Begge kjønn","Personer 16 år og over (prosent)","2021",0
"Modalen (1910-2019)","Universitets- og høgskolenivå, lang","Begge kjønn","Personer 16 år og over","2021",0
"Modalen (1910-2019)","Universitets- og høgskolenivå, lang","Begge kjønn","Personer 16 år og over (prosent)","2021",0
"Osterøy (1964-2019)","Utdanningsnivå i alt","Begge kjønn","Personer 16 år og over","2021",0
"Osterøy (1964-2019)","Utdanningsnivå i alt","Begge kjønn","Personer 16 år og over (prosent)","2021",0
"Osterøy (1964-2019)","Videregående skolenivå","Begge kjønn","Personer 16 år og over","2021",0
"Osterøy (1964-2019)","Videregående skolenivå","Begge kjønn","Personer 16 år og over (prosent)","2021",0
"Osterøy (1964-2019)","Universitets- og høgskolenivå, kort","Begge kjønn","Personer 16 år og over","2021",0
"Osterøy (1964-2019)","Universitets- og høgskolenivå, kort","Begge kjønn","Personer 16 år og over (prosent)","2021",0
"Osterøy (1964-2019)","Universitets- og høgskolenivå, lang","Begge kjønn","Personer 16 år og over","2021",0
"Osterøy (1964-2019)","Universitets- og høgskolenivå, lang","Begge kjønn","Personer 16 år og over (prosent)","2021",0
"Åsane (-1971)","Utdanningsnivå i alt","Begge kjønn","Personer 16 år og over","2021",0
"Åsane (-1971)","Utdanningsnivå i alt","Begge kjønn","Personer 16 år og over (prosent)","2021",0
"Åsane (-1971)","Videregående skolenivå","Begge kjønn","Personer 16 år og over","2021",0
"Åsane (-1971)","Videregående skolenivå","Begge kjønn","Personer 16 år og over (prosent)","2021",0
"Åsane (-1971)","Universitets- og høgskolenivå, kort","Begge kjønn","Personer 16 år og over","2021",0
"Åsane (-1971)","Universitets- og høgskolenivå, kort","Begge kjønn","Personer 16 år og over (prosent)","2021",0
"Åsane (-1971)","Universitets- og høgskolenivå, lang","Begge kjønn","Personer 16 år og over","2021",0
"Åsane (-1971)","Universitets- og høgskolenivå, lang","Begge kjønn","Personer 16 år og over (prosent)","2021",0
"Meland (1924-2019)","Utdanningsnivå i alt","Begge kjønn","Personer 16 år og over","2021",0
"Meland (1924-2019)","Utdanningsnivå i alt","Begge kjønn","Personer 16 år og over (prosent)","2021",0
"Meland (1924-2019)","Videregående skolenivå","Begge kjønn","Personer 16 år og over","2021",0
"Meland (1924-2019)","Videregående skolenivå","Begge kjønn","Personer 16 år og over (prosent)","2021",0
"Meland (1924-2019)","Universitets- og høgskolenivå, kort","Begge kjønn","Personer 16 år og over","2021",0
"Meland (1924-2019)","Universitets- og høgskolenivå, kort","Begge kjønn","Personer 16 år og over (prosent)","2021",0
"Meland (1924-2019)","Universitets- og høgskolenivå, lang","Begge kjønn","Personer 16 år og over","2021",0
"Meland (1924-2019)","Universitets- og høgskolenivå, lang","Begge kjønn","Personer 16 år og over (prosent)","2021",0
"Øygarden (1964-2019)","Utdanningsnivå i alt","Begge kjønn","Personer 16 år og over","2021",0
"Øygarden (1964-2019)","Utdanningsnivå i alt","Begge kjønn","Personer 16 år og over (prosent)","2021",0
"Øygarden (1964-2019)","Videregående skolenivå","Begge kjønn","Personer 16 år og over","2021",0
"Øygarden (1964-2019)","Videregående skolenivå","Begge kjønn","Personer 16 år og over (prosent)","2021",0
"Øygarden (1964-2019)","Universitets- og høgskolenivå, kort","Begge kjønn","Personer 16 år og over","2021",0
"Øygarden (1964-2019)","Universitets- og høgskolenivå, kort","Begge kjønn","Personer 16 år og over (prosent)","2021",0
"Øygarden (1964-2019)","Universitets- og høgskolenivå, lang","Begge kjønn","Personer 16 år og over","2021",0
"Øygarden (1964-2019)","Universitets- og høgskolenivå, lang","Begge kjønn","Personer 16 år og over (prosent)","2021",0
"Radøy (1964-2019)","Utdanningsnivå i alt","Begge kjønn","Personer 16 år og over","2021",0
"Radøy (1964-2019)","Utdanningsnivå i alt","Begge kjønn","Personer 16 år og over (prosent)","2021",0
"Radøy (1964-2019)","Videregående skolenivå","Begge kjønn","Personer 16 år og over","2021",0
"Radøy (1964-2019)","Videregående skolenivå","Begge kjønn","Personer 16 år og over (prosent)","2021",0
"Radøy (1964-2019)","Universitets- og høgskolenivå, kort","Begge kjønn","Personer 16 år og over","2021",0
"Radøy (1964-2019)","Universitets- og høgskolenivå, kort","Begge kjønn","Personer 16 år og over (prosent)","2021",0
"Radøy (1964-2019)","Universitets- og høgskolenivå, lang","Begge kjønn","Personer 16 år og over","2021",0
"Radøy (1964-2019)","Universitets- og høgskolenivå, lang","Begge kjønn","Personer 16 år og over (prosent)","2021",0
"Lindås (-2019)","Utdanningsnivå i alt","Begge kjønn","Personer 16 år og over","2021",0
"Lindås (-2019)","Utdanningsnivå i alt","Begge kjønn","Personer 16 år og over (prosent)","2021",0
"Lindås (-2019)","Videregående skolenivå","Begge kjønn","Personer 16 år og over","2021",0
"Lindås (-2019)","Videregående skolenivå","Begge kjønn","Personer 16 år og over (prosent)","2021",0
"Lindås (-2019)","Universitets- og høgskolenivå, kort","Begge kjønn","Personer 16 år og over","2021",0
"Lindås (-2019)","Universitets- og høgskolenivå, kort","Begge kjønn","Personer 16 år og over (prosent)","2021",0
"Lindås (-2019)","Universitets- og høgskolenivå, lang","Begge kjønn","Personer 16 år og over","2021",0
"Lindås (-2019)","Universitets- og høgskolenivå, lang","Begge kjønn","Personer 16 år og over (prosent)","2021",0
"Austrheim (1910-2019)","Utdanningsnivå i alt","Begge kjønn","Personer 16 år og over","2021",0
"Austrheim (1910-2019)","Utdanningsnivå i alt","Begge kjønn","Personer 16 år og over (prosent)","2021",0
"Austrheim (1910-2019)","Videregående skolenivå","Begge kjønn","Personer 16 år og over","2021",0
"Austrheim (1910-2019)","Videregående skolenivå","Begge kjønn","Personer 16 år og over (prosent)","2021",0
"Austrheim (1910-2019)","Universitets- og høgskolenivå, kort","Begge kjønn","Personer 16 år og over","2021",0
"Austrheim (1910-2019)","Universitets- og høgskolenivå, kort","Begge kjønn","Personer 16 år og over (prosent)","2021",0
"Austrheim (1910-2019)","Universitets- og høgskolenivå, lang","Begge kjønn","Personer 16 år og over","2021",0
"Austrheim (1910-2019)","Universitets- og høgskolenivå, lang","Begge kjønn","Personer 16 år og over (prosent)","2021",0
"Fedje (1948-2019)","Utdanningsnivå i alt","Begge kjønn","Personer 16 år og over","2021",0
"Fedje (1948-2019)","Utdanningsnivå i alt","Begge kjønn","Personer 16 år og over (prosent)","2021",0
"Fedje (1948-2019)","Videregående skolenivå","Begge kjønn","Personer 16 år og over","2021",0
"Fedje (1948-2019)","Videregående skolenivå","Begge kjønn","Personer 16 år og over (prosent)","2021",0
"Fedje (1948-2019)","Universitets- og høgskolenivå, kort","Begge kjønn","Personer 16 år og over","2021",0
"Fedje (1948-2019)","Universitets- og høgskolenivå, kort","Begge kjønn","Personer 16 år og over (prosent)","2021",0
"Fedje (1948-2019)","Universitets- og høgskolenivå, lang","Begge kjønn","Personer 16 år og over","2021",0
"Fedje (1948-2019)","Universitets- og høgskolenivå, lang","Begge kjønn","Personer 16 år og over (prosent)","2021",0
"Masfjorden (-2019)","Utdanningsnivå i alt","Begge kjønn","Personer 16 år og over","2021",0
"Masfjorden (-2019)","Utdanningsnivå i alt","Begge kjønn","Personer 16 år og over (prosent)","2021",0
"Masfjorden (-2019)","Videregående skolenivå","Begge kjønn","Personer 16 år og over","2021",0
"Masfjorden (-2019)","Videregående skolenivå","Begge kjønn","Personer 16 år og over (prosent)","2021",0
"Masfjorden (-2019)","Universitets- og høgskolenivå, kort","Begge kjønn","Personer 16 år og over","2021",0
"Masfjorden (-2019)","Universitets- og høgskolenivå, kort","Begge kjønn","Personer 16 år og over (prosent)","2021",0
"Masfjorden (-2019)","Universitets- og høgskolenivå, lang","Begge kjønn","Personer 16 år og over","2021",0
"Masfjorden (-2019)","Universitets- og høgskolenivå, lang","Begge kjønn","Personer 16 år og over (prosent)","2021",0
"Uoppgitt kommune Hordaland","Utdanningsnivå i alt","Begge kjønn","Personer 16 år og over","2021",0
"Uoppgitt kommune Hordaland","Utdanningsnivå i alt","Begge kjønn","Personer 16 år og over (prosent)","2021",0
"Uoppgitt kommune Hordaland","Videregående skolenivå","Begge kjønn","Personer 16 år og over","2021",0
"Uoppgitt kommune Hordaland","Videregående skolenivå","Begge kjønn","Personer 16 år og over (prosent)","2021",0
"Uoppgitt kommune Hordaland","Universitets- og høgskolenivå, kort","Begge kjønn","Personer 16 år og over","2021",0
"Uoppgitt kommune Hordaland","Universitets- og høgskolenivå, kort","Begge kjønn","Personer 16 år og over (prosent)","2021",0
"Uoppgitt kommune Hordaland","Universitets- og høgskolenivå, lang","Begge kjønn","Personer 16 år og over","2021",0
"Uoppgitt kommune Hordaland","Universitets- og høgskolenivå, lang","Begge kjønn","Personer 16 år og over (prosent)","2021",0
"Bergen (-1971)","Utdanningsnivå i alt","Begge kjønn","Personer 16 år og over","2021",0
"Bergen (-1971)","Utdanningsnivå i alt","Begge kjønn","Personer 16 år og over (prosent)","2021",0
"Bergen (-1971)","Videregående skolenivå","Begge kjønn","Personer 16 år og over","2021",0
"Bergen (-1971)","Videregående skolenivå","Begge kjønn","Personer 16 år og over (prosent)","2021",0
"Bergen (-1971)","Universitets- og høgskolenivå, kort","Begge kjønn","Personer 16 år og over","2021",0
"Bergen (-1971)","Universitets- og høgskolenivå, kort","Begge kjønn","Personer 16 år og over (prosent)","2021",0
"Bergen (-1971)","Universitets- og høgskolenivå, lang","Begge kjønn","Personer 16 år og over","2021",0
"Bergen (-1971)","Universitets- og høgskolenivå, lang","Begge kjønn","Personer 16 år og over (prosent)","2021",0
"Bergen (-1971)","Utdanningsnivå i alt","Begge kjønn","Personer 16 år og over","2021",0
"Bergen (-1971)","Utdanningsnivå i alt","Begge kjønn","Personer 16 år og over (prosent)","2021",0
"Bergen (-1971)","Videregående skolenivå","Begge kjønn","Personer 16 år og over","2021",0
"Bergen (-1971)","Videregående skolenivå","Begge kjønn","Personer 16 år og over (prosent)","2021",0
"Bergen (-1971)","Universitets- og høgskolenivå, kort","Begge kjønn","Personer 16 år og over","2021",0
"Bergen (-1971)","Universitets- og høgskolenivå, kort","Begge kjønn","Personer 16 år og over (prosent)","2021",0
"Bergen (-1971)","Universitets- og høgskolenivå, lang","Begge kjønn","Personer 16 år og over","2021",0
"Bergen (-1971)","Universitets- og høgskolenivå, lang","Begge kjønn","Personer 16 år og over (prosent)","2021",0
"Sogn og Fjordane (-2019)","Utdanningsnivå i alt","Begge kjønn","Personer 16 år og over","2021",0
"Sogn og Fjordane (-2019)","Utdanningsnivå i alt","Begge kjønn","Personer 16 år og over (prosent)","2021",0
"Sogn og Fjordane (-2019)","Videregående skolenivå","Begge kjønn","Personer 16 år og over","2021",0
"Sogn og Fjordane (-2019)","Videregående skolenivå","Begge kjønn","Personer 16 år og over (prosent)","2021",0
"Sogn og Fjordane (-2019)","Universitets- og høgskolenivå, kort","Begge kjønn","Personer 16 år og over","2021",0
"Sogn og Fjordane (-2019)","Universitets- og høgskolenivå, kort","Begge kjønn","Personer 16 år og over (prosent)","2021",0
"Sogn og Fjordane (-2019)","Universitets- og høgskolenivå, lang","Begge kjønn","Personer 16 år og over","2021",0
"Sogn og Fjordane (-2019)","Universitets- og høgskolenivå, lang","Begge kjønn","Personer 16 år og over (prosent)","2021",0
"Flora (1964-2019)","Utdanningsnivå i alt","Begge kjønn","Personer 16 år og over","2021",0
"Flora (1964-2019)","Utdanningsnivå i alt","Begge kjønn","Personer 16 år og over (prosent)","2021",0
"Flora (1964-2019)","Videregående skolenivå","Begge kjønn","Personer 16 år og over","2021",0
"Flora (1964-2019)","Videregående skolenivå","Begge kjønn","Personer 16 år og over (prosent)","2021",0
"Flora (1964-2019)","Universitets- og høgskolenivå, kort","Begge kjønn","Personer 16 år og over","2021",0
"Flora (1964-2019)","Universitets- og høgskolenivå, kort","Begge kjønn","Personer 16 år og over (prosent)","2021",0
"Flora (1964-2019)","Universitets- og høgskolenivå, lang","Begge kjønn","Personer 16 år og over","2021",0
"Flora (1964-2019)","Universitets- og høgskolenivå, lang","Begge kjønn","Personer 16 år og over (prosent)","2021",0
"Gulen (-2019)","Utdanningsnivå i alt","Begge kjønn","Personer 16 år og over","2021",0
"Gulen (-2019)","Utdanningsnivå i alt","Begge kjønn","Personer 16 år og over (prosent)","2021",0
"Gulen (-2019)","Videregående skolenivå","Begge kjønn","Personer 16 år og over","2021",0
"Gulen (-2019)","Videregående skolenivå","Begge kjønn","Personer 16 år og over (prosent)","2021",0
"Gulen (-2019)","Universitets- og høgskolenivå, kort","Begge kjønn","Personer 16 år og over","2021",0
"Gulen (-2019)","Universitets- og høgskolenivå, kort","Begge kjønn","Personer 16 år og over (prosent)","2021",0
"Gulen (-2019)","Universitets- og høgskolenivå, lang","Begge kjønn","Personer 16 år og over","2021",0
"Gulen (-2019)","Universitets- og høgskolenivå, lang","Begge kjønn","Personer 16 år og over (prosent)","2021",0
"Solund (-2019)","Utdanningsnivå i alt","Begge kjønn","Personer 16 år og over","2021",0
"Solund (-2019)","Utdanningsnivå i alt","Begge kjønn","Personer 16 år og over (prosent)","2021",0
"Solund (-2019)","Videregående skolenivå","Begge kjønn","Personer 16 år og over","2021",0
"Solund (-2019)","Videregående skolenivå","Begge kjønn","Personer 16 år og over (prosent)","2021",0
"Solund (-2019)","Universitets- og høgskolenivå, kort","Begge kjønn","Personer 16 år og over","2021",0
"Solund (-2019)","Universitets- og høgskolenivå, kort","Begge kjønn","Personer 16 år og over (prosent)","2021",0
"Solund (-2019)","Universitets- og høgskolenivå, lang","Begge kjønn","Personer 16 år og over","2021",0
"Solund (-2019)","Universitets- og høgskolenivå, lang","Begge kjønn","Personer 16 år og over (prosent)","2021",0
"Hyllestad (-2019)","Utdanningsnivå i alt","Begge kjønn","Personer 16 år og over","2021",0
"Hyllestad (-2019)","Utdanningsnivå i alt","Begge kjønn","Personer 16 år og over (prosent)","2021",0
"Hyllestad (-2019)","Videregående skolenivå","Begge kjønn","Personer 16 år og over","2021",0
"Hyllestad (-2019)","Videregående skolenivå","Begge kjønn","Personer 16 år og over (prosent)","2021",0
"Hyllestad (-2019)","Universitets- og høgskolenivå, kort","Begge kjønn","Personer 16 år og over","2021",0
"Hyllestad (-2019)","Universitets- og høgskolenivå, kort","Begge kjønn","Personer 16 år og over (prosent)","2021",0
"Hyllestad (-2019)","Universitets- og høgskolenivå, lang","Begge kjønn","Personer 16 år og over","2021",0
"Hyllestad (-2019)","Universitets- og høgskolenivå, lang","Begge kjønn","Personer 16 år og over (prosent)","2021",0
"Høyanger (1964-2019)","Utdanningsnivå i alt","Begge kjønn","Personer 16 år og over","2021",0
"Høyanger (1964-2019)","Utdanningsnivå i alt","Begge kjønn","Personer 16 år og over (prosent)","2021",0
"Høyanger (1964-2019)","Videregående skolenivå","Begge kjønn","Personer 16 år og over","2021",0
"Høyanger (1964-2019)","Videregående skolenivå","Begge kjønn","Personer 16 år og over (prosent)","2021",0
"Høyanger (1964-2019)","Universitets- og høgskolenivå, kort","Begge kjønn","Personer 16 år og over","2021",0
"Høyanger (1964-2019)","Universitets- og høgskolenivå, kort","Begge kjønn","Personer 16 år og over (prosent)","2021",0
"Høyanger (1964-2019)","Universitets- og høgskolenivå, lang","Begge kjønn","Personer 16 år og over","2021",0
"Høyanger (1964-2019)","Universitets- og høgskolenivå, lang","Begge kjønn","Personer 16 år og over (prosent)","2021",0
"Vik (-2019)","Utdanningsnivå i alt","Begge kjønn","Personer 16 år og over","2021",0
"Vik (-2019)","Utdanningsnivå i alt","Begge kjønn","Personer 16 år og over (prosent)","2021",0
"Vik (-2019)","Videregående skolenivå","Begge kjønn","Personer 16 år og over","2021",0
"Vik (-2019)","Videregående skolenivå","Begge kjønn","Personer 16 år og over (prosent)","2021",0
"Vik (-2019)","Universitets- og høgskolenivå, kort","Begge kjønn","Personer 16 år og over","2021",0
"Vik (-2019)","Universitets- og høgskolenivå, kort","Begge kjønn","Personer 16 år og over (prosent)","2021",0
"Vik (-2019)","Universitets- og høgskolenivå, lang","Begge kjønn","Personer 16 år og over","2021",0
"Vik (-2019)","Universitets- og høgskolenivå, lang","Begge kjønn","Personer 16 år og over (prosent)","2021",0
"Balestrand (-2019)","Utdanningsnivå i alt","Begge kjønn","Personer 16 år og over","2021",0
"Balestrand (-2019)","Utdanningsnivå i alt","Begge kjønn","Personer 16 år og over (prosent)","2021",0
"Balestrand (-2019)","Videregående skolenivå","Begge kjønn","Personer 16 år og over","2021",0
"Balestrand (-2019)","Videregående skolenivå","Begge kjønn","Personer 16 år og over (prosent)","2021",0
"Balestrand (-2019)","Universitets- og høgskolenivå, kort","Begge kjønn","Personer 16 år og over","2021",0
"Balestrand (-2019)","Universitets- og høgskolenivå, kort","Begge kjønn","Personer 16 år og over (prosent)","2021",0
"Balestrand (-2019)","Universitets- og høgskolenivå, lang","Begge kjønn","Personer 16 år og over","2021",0
"Balestrand (-2019)","Universitets- og høgskolenivå, lang","Begge kjønn","Personer 16 år og over (prosent)","2021",0
"Leikanger (-2019)","Utdanningsnivå i alt","Begge kjønn","Personer 16 år og over","2021",0
"Leikanger (-2019)","Utdanningsnivå i alt","Begge kjønn","Personer 16 år og over (prosent)","2021",0
"Leikanger (-2019)","Videregående skolenivå","Begge kjønn","Personer 16 år og over","2021",0
"Leikanger (-2019)","Videregående skolenivå","Begge kjønn","Personer 16 år og over (prosent)","2021",0
"Leikanger (-2019)","Universitets- og høgskolenivå, kort","Begge kjønn","Personer 16 år og over","2021",0
"Leikanger (-2019)","Universitets- og høgskolenivå, kort","Begge kjønn","Personer 16 år og over (prosent)","2021",0
"Leikanger (-2019)","Universitets- og høgskolenivå, lang","Begge kjønn","Personer 16 år og over","2021",0
"Leikanger (-2019)","Universitets- og høgskolenivå, lang","Begge kjønn","Personer 16 år og over (prosent)","2021",0
"Sogndal (-2019)","Utdanningsnivå i alt","Begge kjønn","Personer 16 år og over","2021",0
"Sogndal (-2019)","Utdanningsnivå i alt","Begge kjønn","Personer 16 år og over (prosent)","2021",0
"Sogndal (-2019)","Videregående skolenivå","Begge kjønn","Personer 16 år og over","2021",0
"Sogndal (-2019)","Videregående skolenivå","Begge kjønn","Personer 16 år og over (prosent)","2021",0
"Sogndal (-2019)","Universitets- og høgskolenivå, kort","Begge kjønn","Personer 16 år og over","2021",0
"Sogndal (-2019)","Universitets- og høgskolenivå, kort","Begge kjønn","Personer 16 år og over (prosent)","2021",0
"Sogndal (-2019)","Universitets- og høgskolenivå, lang","Begge kjønn","Personer 16 år og over","2021",0
"Sogndal (-2019)","Universitets- og høgskolenivå, lang","Begge kjønn","Personer 16 år og over (prosent)","2021",0
"Aurland (-2019)","Utdanningsnivå i alt","Begge kjønn","Personer 16 år og over","2021",0
"Aurland (-2019)","Utdanningsnivå i alt","Begge kjønn","Personer 16 år og over (prosent)","2021",0
"Aurland (-2019)","Videregående skolenivå","Begge kjønn","Personer 16 år og over","2021",0
"Aurland (-2019)","Videregående skolenivå","Begge kjønn","Personer 16 år og over (prosent)","2021",0
"Aurland (-2019)","Universitets- og høgskolenivå, kort","Begge kjønn","Personer 16 år og over","2021",0
"Aurland (-2019)","Universitets- og høgskolenivå, kort","Begge kjønn","Personer 16 år og over (prosent)","2021",0
"Aurland (-2019)","Universitets- og høgskolenivå, lang","Begge kjønn","Personer 16 år og over","2021",0
"Aurland (-2019)","Universitets- og høgskolenivå, lang","Begge kjønn","Personer 16 år og over (prosent)","2021",0
"Lærdal (-2019)","Utdanningsnivå i alt","Begge kjønn","Personer 16 år og over","2021",0
"Lærdal (-2019)","Utdanningsnivå i alt","Begge kjønn","Personer 16 år og over (prosent)","2021",0
"Lærdal (-2019)","Videregående skolenivå","Begge kjønn","Personer 16 år og over","2021",0
"Lærdal (-2019)","Videregående skolenivå","Begge kjønn","Personer 16 år og over (prosent)","2021",0
"Lærdal (-2019)","Universitets- og høgskolenivå, kort","Begge kjønn","Personer 16 år og over","2021",0
"Lærdal (-2019)","Universitets- og høgskolenivå, kort","Begge kjønn","Personer 16 år og over (prosent)","2021",0
"Lærdal (-2019)","Universitets- og høgskolenivå, lang","Begge kjønn","Personer 16 år og over","2021",0
"Lærdal (-2019)","Universitets- og høgskolenivå, lang","Begge kjønn","Personer 16 år og over (prosent)","2021",0
"Årdal (-2019)","Utdanningsnivå i alt","Begge kjønn","Personer 16 år og over","2021",0
"Årdal (-2019)","Utdanningsnivå i alt","Begge kjønn","Personer 16 år og over (prosent)","2021",0
"Årdal (-2019)","Videregående skolenivå","Begge kjønn","Personer 16 år og over","2021",0
"Årdal (-2019)","Videregående skolenivå","Begge kjønn","Personer 16 år og over (prosent)","2021",0
"Årdal (-2019)","Universitets- og høgskolenivå, kort","Begge kjønn","Personer 16 år og over","2021",0
"Årdal (-2019)","Universitets- og høgskolenivå, kort","Begge kjønn","Personer 16 år og over (prosent)","2021",0
"Årdal (-2019)","Universitets- og høgskolenivå, lang","Begge kjønn","Personer 16 år og over","2021",0
"Årdal (-2019)","Universitets- og høgskolenivå, lang","Begge kjønn","Personer 16 år og over (prosent)","2021",0
"Luster (-2019)","Utdanningsnivå i alt","Begge kjønn","Personer 16 år og over","2021",0
"Luster (-2019)","Utdanningsnivå i alt","Begge kjønn","Personer 16 år og over (prosent)","2021",0
"Luster (-2019)","Videregående skolenivå","Begge kjønn","Personer 16 år og over","2021",0
"Luster (-2019)","Videregående skolenivå","Begge kjønn","Personer 16 år og over (prosent)","2021",0
"Luster (-2019)","Universitets- og høgskolenivå, kort","Begge kjønn","Personer 16 år og over","2021",0
"Luster (-2019)","Universitets- og høgskolenivå, kort","Begge kjønn","Personer 16 år og over (prosent)","2021",0
"Luster (-2019)","Universitets- og høgskolenivå, lang","Begge kjønn","Personer 16 år og over","2021",0
"Luster (-2019)","Universitets- og høgskolenivå, lang","Begge kjønn","Personer 16 år og over (prosent)","2021",0
"Askvoll (-2019)","Utdanningsnivå i alt","Begge kjønn","Personer 16 år og over","2021",0
"Askvoll (-2019)","Utdanningsnivå i alt","Begge kjønn","Personer 16 år og over (prosent)","2021",0
"Askvoll (-2019)","Videregående skolenivå","Begge kjønn","Personer 16 år og over","2021",0
"Askvoll (-2019)","Videregående skolenivå","Begge kjønn","Personer 16 år og over (prosent)","2021",0
"Askvoll (-2019)","Universitets- og høgskolenivå, kort","Begge kjønn","Personer 16 år og over","2021",0
"Askvoll (-2019)","Universitets- og høgskolenivå, kort","Begge kjønn","Personer 16 år og over (prosent)","2021",0
"Askvoll (-2019)","Universitets- og høgskolenivå, lang","Begge kjønn","Personer 16 år og over","2021",0
"Askvoll (-2019)","Universitets- og høgskolenivå, lang","Begge kjønn","Personer 16 år og over (prosent)","2021",0
"Fjaler (-2019)","Utdanningsnivå i alt","Begge kjønn","Personer 16 år og over","2021",0
"Fjaler (-2019)","Utdanningsnivå i alt","Begge kjønn","Personer 16 år og over (prosent)","2021",0
"Fjaler (-2019)","Videregående skolenivå","Begge kjønn","Personer 16 år og over","2021",0
"Fjaler (-2019)","Videregående skolenivå","Begge kjønn","Personer 16 år og over (prosent)","2021",0
"Fjaler (-2019)","Universitets- og høgskolenivå, kort","Begge kjønn","Personer 16 år og over","2021",0
"Fjaler (-2019)","Universitets- og høgskolenivå, kort","Begge kjønn","Personer 16 år og over (prosent)","2021",0
"Fjaler (-2019)","Universitets- og høgskolenivå, lang","Begge kjønn","Personer 16 år og over","2021",0
"Fjaler (-2019)","Universitets- og høgskolenivå, lang","Begge kjønn","Personer 16 år og over (prosent)","2021",0
"Gaular (-2019)","Utdanningsnivå i alt","Begge kjønn","Personer 16 år og over","2021",0
"Gaular (-2019)","Utdanningsnivå i alt","Begge kjønn","Personer 16 år og over (prosent)","2021",0
"Gaular (-2019)","Videregående skolenivå","Begge kjønn","Personer 16 år og over","2021",0
"Gaular (-2019)","Videregående skolenivå","Begge kjønn","Personer 16 år og over (prosent)","2021",0
"Gaular (-2019)","Universitets- og høgskolenivå, kort","Begge kjønn","Personer 16 år og over","2021",0
"Gaular (-2019)","Universitets- og høgskolenivå, kort","Begge kjønn","Personer 16 år og over (prosent)","2021",0
"Gaular (-2019)","Universitets- og høgskolenivå, lang","Begge kjønn","Personer 16 år og over","2021",0
"Gaular (-2019)","Universitets- og høgskolenivå, lang","Begge kjønn","Personer 16 år og over (prosent)","2021",0
"Jølster (-2019)","Utdanningsnivå i alt","Begge kjønn","Personer 16 år og over","2021",0
"Jølster (-2019)","Utdanningsnivå i alt","Begge kjønn","Personer 16 år og over (prosent)","2021",0
"Jølster (-2019)","Videregående skolenivå","Begge kjønn","Personer 16 år og over","2021",0
"Jølster (-2019)","Videregående skolenivå","Begge kjønn","Personer 16 år og over (prosent)","2021",0
"Jølster (-2019)","Universitets- og høgskolenivå, kort","Begge kjønn","Personer 16 år og over","2021",0
"Jølster (-2019)","Universitets- og høgskolenivå, kort","Begge kjønn","Personer 16 år og over (prosent)","2021",0
"Jølster (-2019)","Universitets- og høgskolenivå, lang","Begge kjønn","Personer 16 år og over","2021",0
"Jølster (-2019)","Universitets- og høgskolenivå, lang","Begge kjønn","Personer 16 år og over (prosent)","2021",0
"Førde (-2019)","Utdanningsnivå i alt","Begge kjønn","Personer 16 år og over","2021",0
"Førde (-2019)","Utdanningsnivå i alt","Begge kjønn","Personer 16 år og over (prosent)","2021",0
"Førde (-2019)","Videregående skolenivå","Begge kjønn","Personer 16 år og over","2021",0
"Førde (-2019)","Videregående skolenivå","Begge kjønn","Personer 16 år og over (prosent)","2021",0
"Førde (-2019)","Universitets- og høgskolenivå, kort","Begge kjønn","Personer 16 år og over","2021",0
"Førde (-2019)","Universitets- og høgskolenivå, kort","Begge kjønn","Personer 16 år og over (prosent)","2021",0
"Førde (-2019)","Universitets- og høgskolenivå, lang","Begge kjønn","Personer 16 år og over","2021",0
"Førde (-2019)","Universitets- og høgskolenivå, lang","Begge kjønn","Personer 16 år og over (prosent)","2021",0
"Naustdal (-2019)","Utdanningsnivå i alt","Begge kjønn","Personer 16 år og over","2021",0
"Naustdal (-2019)","Utdanningsnivå i alt","Begge kjønn","Personer 16 år og over (prosent)","2021",0
"Naustdal (-2019)","Videregående skolenivå","Begge kjønn","Personer 16 år og over","2021",0
"Naustdal (-2019)","Videregående skolenivå","Begge kjønn","Personer 16 år og over (prosent)","2021",0
"Naustdal (-2019)","Universitets- og høgskolenivå, kort","Begge kjønn","Personer 16 år og over","2021",0
"Naustdal (-2019)","Universitets- og høgskolenivå, kort","Begge kjønn","Personer 16 år og over (prosent)","2021",0
"Naustdal (-2019)","Universitets- og høgskolenivå, lang","Begge kjønn","Personer 16 år og over","2021",0
"Naustdal (-2019)","Universitets- og høgskolenivå, lang","Begge kjønn","Personer 16 år og over (prosent)","2021",0
"Bremanger (-2019)","Utdanningsnivå i alt","Begge kjønn","Personer 16 år og over","2021",0
"Bremanger (-2019)","Utdanningsnivå i alt","Begge kjønn","Personer 16 år og over (prosent)","2021",0
"Bremanger (-2019)","Videregående skolenivå","Begge kjønn","Personer 16 år og over","2021",0
"Bremanger (-2019)","Videregående skolenivå","Begge kjønn","Personer 16 år og over (prosent)","2021",0
"Bremanger (-2019)","Universitets- og høgskolenivå, kort","Begge kjønn","Personer 16 år og over","2021",0
"Bremanger (-2019)","Universitets- og høgskolenivå, kort","Begge kjønn","Personer 16 år og over (prosent)","2021",0
"Bremanger (-2019)","Universitets- og høgskolenivå, lang","Begge kjønn","Personer 16 år og over","2021",0
"Bremanger (-2019)","Universitets- og høgskolenivå, lang","Begge kjønn","Personer 16 år og over (prosent)","2021",0
"Vågsøy (1964-2019)","Utdanningsnivå i alt","Begge kjønn","Personer 16 år og over","2021",0
"Vågsøy (1964-2019)","Utdanningsnivå i alt","Begge kjønn","Personer 16 år og over (prosent)","2021",0
"Vågsøy (1964-2019)","Videregående skolenivå","Begge kjønn","Personer 16 år og over","2021",0
"Vågsøy (1964-2019)","Videregående skolenivå","Begge kjønn","Personer 16 år og over (prosent)","2021",0
"Vågsøy (1964-2019)","Universitets- og høgskolenivå, kort","Begge kjønn","Personer 16 år og over","2021",0
"Vågsøy (1964-2019)","Universitets- og høgskolenivå, kort","Begge kjønn","Personer 16 år og over (prosent)","2021",0
"Vågsøy (1964-2019)","Universitets- og høgskolenivå, lang","Begge kjønn","Personer 16 år og over","2021",0
"Vågsøy (1964-2019)","Universitets- og høgskolenivå, lang","Begge kjønn","Personer 16 år og over (prosent)","2021",0
"Selje (-2019)","Utdanningsnivå i alt","Begge kjønn","Personer 16 år og over","2021",0
"Selje (-2019)","Utdanningsnivå i alt","Begge kjønn","Personer 16 år og over (prosent)","2021",0
"Selje (-2019)","Videregående skolenivå","Begge kjønn","Personer 16 år og over","2021",0
"Selje (-2019)","Videregående skolenivå","Begge kjønn","Personer 16 år og over (prosent)","2021",0
"Selje (-2019)","Universitets- og høgskolenivå, kort","Begge kjønn","Personer 16 år og over","2021",0
"Selje (-2019)","Universitets- og høgskolenivå, kort","Begge kjønn","Personer 16 år og over (prosent)","2021",0
"Selje (-2019)","Universitets- og høgskolenivå, lang","Begge kjønn","Personer 16 år og over","2021",0
"Selje (-2019)","Universitets- og høgskolenivå, lang","Begge kjønn","Personer 16 år og over (prosent)","2021",0
"Eid (-2019)","Utdanningsnivå i alt","Begge kjønn","Personer 16 år og over","2021",0
"Eid (-2019)","Utdanningsnivå i alt","Begge kjønn","Personer 16 år og over (prosent)","2021",0
"Eid (-2019)","Videregående skolenivå","Begge kjønn","Personer 16 år og over","2021",0
"Eid (-2019)","Videregående skolenivå","Begge kjønn","Personer 16 år og over (prosent)","2021",0
"Eid (-2019)","Universitets- og høgskolenivå, kort","Begge kjønn","Personer 16 år og over","2021",0
"Eid (-2019)","Universitets- og høgskolenivå, kort","Begge kjønn","Personer 16 år og over (prosent)","2021",0
"Eid (-2019)","Universitets- og høgskolenivå, lang","Begge kjønn","Personer 16 år og over","2021",0
"Eid (-2019)","Universitets- og høgskolenivå, lang","Begge kjønn","Personer 16 år og over (prosent)","2021",0
"Hornindal (-2019)","Utdanningsnivå i alt","Begge kjønn","Personer 16 år og over","2021",0
"Hornindal (-2019)","Utdanningsnivå i alt","Begge kjønn","Personer 16 år og over (prosent)","2021",0
"Hornindal (-2019)","Videregående skolenivå","Begge kjønn","Personer 16 år og over","2021",0
"Hornindal (-2019)","Videregående skolenivå","Begge kjønn","Personer 16 år og over (prosent)","2021",0
"Hornindal (-2019)","Universitets- og høgskolenivå, kort","Begge kjønn","Personer 16 år og over","2021",0
"Hornindal (-2019)","Universitets- og høgskolenivå, kort","Begge kjønn","Personer 16 år og over (prosent)","2021",0
"Hornindal (-2019)","Universitets- og høgskolenivå, lang","Begge kjønn","Personer 16 år og over","2021",0
"Hornindal (-2019)","Universitets- og høgskolenivå, lang","Begge kjønn","Personer 16 år og over (prosent)","2021",0
"Gloppen (-2019)","Utdanningsnivå i alt","Begge kjønn","Personer 16 år og over","2021",0
"Gloppen (-2019)","Utdanningsnivå i alt","Begge kjønn","Personer 16 år og over (prosent)","2021",0
"Gloppen (-2019)","Videregående skolenivå","Begge kjønn","Personer 16 år og over","2021",0
"Gloppen (-2019)","Videregående skolenivå","Begge kjønn","Personer 16 år og over (prosent)","2021",0
"Gloppen (-2019)","Universitets- og høgskolenivå, kort","Begge kjønn","Personer 16 år og over","2021",0
"Gloppen (-2019)","Universitets- og høgskolenivå, kort","Begge kjønn","Personer 16 år og over (prosent)","2021",0
"Gloppen (-2019)","Universitets- og høgskolenivå, lang","Begge kjønn","Personer 16 år og over","2021",0
"Gloppen (-2019)","Universitets- og høgskolenivå, lang","Begge kjønn","Personer 16 år og over (prosent)","2021",0
"Stryn (-1976)","Utdanningsnivå i alt","Begge kjønn","Personer 16 år og over","2021",0
"Stryn (-1976)","Utdanningsnivå i alt","Begge kjønn","Personer 16 år og over (prosent)","2021",0
"Stryn (-1976)","Videregående skolenivå","Begge kjønn","Personer 16 år og over","2021",0
"Stryn (-1976)","Videregående skolenivå","Begge kjønn","Personer 16 år og over (prosent)","2021",0
"Stryn (-1976)","Universitets- og høgskolenivå, kort","Begge kjønn","Personer 16 år og over","2021",0
"Stryn (-1976)","Universitets- og høgskolenivå, kort","Begge kjønn","Personer 16 år og over (prosent)","2021",0
"Stryn (-1976)","Universitets- og høgskolenivå, lang","Begge kjønn","Personer 16 år og over","2021",0
"Stryn (-1976)","Universitets- og høgskolenivå, lang","Begge kjønn","Personer 16 år og over (prosent)","2021",0
"Stryn (1977-2019)","Utdanningsnivå i alt","Begge kjønn","Personer 16 år og over","2021",0
"Stryn (1977-2019)","Utdanningsnivå i alt","Begge kjønn","Personer 16 år og over (prosent)","2021",0
"Stryn (1977-2019)","Videregående skolenivå","Begge kjønn","Personer 16 år og over","2021",0
"Stryn (1977-2019)","Videregående skolenivå","Begge kjønn","Personer 16 år og over (prosent)","2021",0
"Stryn (1977-2019)","Universitets- og høgskolenivå, kort","Begge kjønn","Personer 16 år og over","2021",0
"Stryn (1977-2019)","Universitets- og høgskolenivå, kort","Begge kjønn","Personer 16 år og over (prosent)","2021",0
"Stryn (1977-2019)","Universitets- og høgskolenivå, lang","Begge kjønn","Personer 16 år og over","2021",0
"Stryn (1977-2019)","Universitets- og høgskolenivå, lang","Begge kjønn","Personer 16 år og over (prosent)","2021",0
"Uoppgitt kommune Sogn og Fjordane","Utdanningsnivå i alt","Begge kjønn","Personer 16 år og over","2021",0
"Uoppgitt kommune Sogn og Fjordane","Utdanningsnivå i alt","Begge kjønn","Personer 16 år og over (prosent)","2021",0
"Uoppgitt kommune Sogn og Fjordane","Videregående skolenivå","Begge kjønn","Personer 16 år og over","2021",0
"Uoppgitt kommune Sogn og Fjordane","Videregående skolenivå","Begge kjønn","Personer 16 år og over (prosent)","2021",0
"Uoppgitt kommune Sogn og Fjordane","Universitets- og høgskolenivå, kort","Begge kjønn","Personer 16 år og over","2021",0
"Uoppgitt kommune Sogn og Fjordane","Universitets- og høgskolenivå, kort","Begge kjønn","Personer 16 år og over (prosent)","2021",0
"Uoppgitt kommune Sogn og Fjordane","Universitets- og høgskolenivå, lang","Begge kjønn","Personer 16 år og over","2021",0
"Uoppgitt kommune Sogn og Fjordane","Universitets- og høgskolenivå, lang","Begge kjønn","Personer 16 år og over (prosent)","2021",0
"Møre og Romsdal","Utdanningsnivå i alt","Begge kjønn","Personer 16 år og over","2021",218239
"Møre og Romsdal","Utdanningsnivå i alt","Begge kjønn","Personer 16 år og over (prosent)","2021",100
"Møre og Romsdal","Videregående skolenivå","Begge kjønn","Personer 16 år og over","2021",88737
"Møre og Romsdal","Videregående skolenivå","Begge kjønn","Personer 16 år og over (prosent)","2021",40.8
"Møre og Romsdal","Universitets- og høgskolenivå, kort","Begge kjønn","Personer 16 år og over","2021",51120
"Møre og Romsdal","Universitets- og høgskolenivå, kort","Begge kjønn","Personer 16 år og over (prosent)","2021",23.5
"Møre og Romsdal","Universitets- og høgskolenivå, lang","Begge kjønn","Personer 16 år og over","2021",14120
"Møre og Romsdal","Universitets- og høgskolenivå, lang","Begge kjønn","Personer 16 år og over (prosent)","2021",6.5
"Ålesund (-1976)","Utdanningsnivå i alt","Begge kjønn","Personer 16 år og over","2021",0
"Ålesund (-1976)","Utdanningsnivå i alt","Begge kjønn","Personer 16 år og over (prosent)","2021",0
"Ålesund (-1976)","Videregående skolenivå","Begge kjønn","Personer 16 år og over","2021",0
"Ålesund (-1976)","Videregående skolenivå","Begge kjønn","Personer 16 år og over (prosent)","2021",0
"Ålesund (-1976)","Universitets- og høgskolenivå, kort","Begge kjønn","Personer 16 år og over","2021",0
"Ålesund (-1976)","Universitets- og høgskolenivå, kort","Begge kjønn","Personer 16 år og over (prosent)","2021",0
"Ålesund (-1976)","Universitets- og høgskolenivå, lang","Begge kjønn","Personer 16 år og over","2021",0
"Ålesund (-1976)","Universitets- og høgskolenivå, lang","Begge kjønn","Personer 16 år og over (prosent)","2021",0
"Molde (-2019)","Utdanningsnivå i alt","Begge kjønn","Personer 16 år og over","2021",0
"Molde (-2019)","Utdanningsnivå i alt","Begge kjønn","Personer 16 år og over (prosent)","2021",0
"Molde (-2019)","Videregående skolenivå","Begge kjønn","Personer 16 år og over","2021",0
"Molde (-2019)","Videregående skolenivå","Begge kjønn","Personer 16 år og over (prosent)","2021",0
"Molde (-2019)","Universitets- og høgskolenivå, kort","Begge kjønn","Personer 16 år og over","2021",0
"Molde (-2019)","Universitets- og høgskolenivå, kort","Begge kjønn","Personer 16 år og over (prosent)","2021",0
"Molde (-2019)","Universitets- og høgskolenivå, lang","Begge kjønn","Personer 16 år og over","2021",0
"Molde (-2019)","Universitets- og høgskolenivå, lang","Begge kjønn","Personer 16 år og over (prosent)","2021",0
"Kristiansund  (-2007)","Utdanningsnivå i alt","Begge kjønn","Personer 16 år og over","2021",0
"Kristiansund  (-2007)","Utdanningsnivå i alt","Begge kjønn","Personer 16 år og over (prosent)","2021",0
"Kristiansund  (-2007)","Videregående skolenivå","Begge kjønn","Personer 16 år og over","2021",0
"Kristiansund  (-2007)","Videregående skolenivå","Begge kjønn","Personer 16 år og over (prosent)","2021",0
"Kristiansund  (-2007)","Universitets- og høgskolenivå, kort","Begge kjønn","Personer 16 år og over","2021",0
"Kristiansund  (-2007)","Universitets- og høgskolenivå, kort","Begge kjønn","Personer 16 år og over (prosent)","2021",0
"Kristiansund  (-2007)","Universitets- og høgskolenivå, lang","Begge kjønn","Personer 16 år og over","2021",0
"Kristiansund  (-2007)","Universitets- og høgskolenivå, lang","Begge kjønn","Personer 16 år og over (prosent)","2021",0
"Ålesund (1977-2019)","Utdanningsnivå i alt","Begge kjønn","Personer 16 år og over","2021",0
"Ålesund (1977-2019)","Utdanningsnivå i alt","Begge kjønn","Personer 16 år og over (prosent)","2021",0
"Ålesund (1977-2019)","Videregående skolenivå","Begge kjønn","Personer 16 år og over","2021",0
"Ålesund (1977-2019)","Videregående skolenivå","Begge kjønn","Personer 16 år og over (prosent)","2021",0
"Ålesund (1977-2019)","Universitets- og høgskolenivå, kort","Begge kjønn","Personer 16 år og over","2021",0
"Ålesund (1977-2019)","Universitets- og høgskolenivå, kort","Begge kjønn","Personer 16 år og over (prosent)","2021",0
"Ålesund (1977-2019)","Universitets- og høgskolenivå, lang","Begge kjønn","Personer 16 år og over","2021",0
"Ålesund (1977-2019)","Universitets- og høgskolenivå, lang","Begge kjønn","Personer 16 år og over (prosent)","2021",0
"Kristiansund","Utdanningsnivå i alt","Begge kjønn","Personer 16 år og over","2021",20115
"Kristiansund","Utdanningsnivå i alt","Begge kjønn","Personer 16 år og over (prosent)","2021",100
"Kristiansund","Videregående skolenivå","Begge kjønn","Personer 16 år og over","2021",8144
"Kristiansund","Videregående skolenivå","Begge kjønn","Personer 16 år og over (prosent)","2021",40.7
"Kristiansund","Universitets- og høgskolenivå, kort","Begge kjønn","Personer 16 år og over","2021",4436
"Kristiansund","Universitets- og høgskolenivå, kort","Begge kjønn","Personer 16 år og over (prosent)","2021",22.2
"Kristiansund","Universitets- og høgskolenivå, lang","Begge kjønn","Personer 16 år og over","2021",1201
"Kristiansund","Universitets- og høgskolenivå, lang","Begge kjønn","Personer 16 år og over (prosent)","2021",6
"Molde","Utdanningsnivå i alt","Begge kjønn","Personer 16 år og over","2021",26441
"Molde","Utdanningsnivå i alt","Begge kjønn","Personer 16 år og over (prosent)","2021",100
"Molde","Videregående skolenivå","Begge kjønn","Personer 16 år og over","2021",10068
"Molde","Videregående skolenivå","Begge kjønn","Personer 16 år og over (prosent)","2021",38.2
"Molde","Universitets- og høgskolenivå, kort","Begge kjønn","Personer 16 år og over","2021",7031
"Molde","Universitets- og høgskolenivå, kort","Begge kjønn","Personer 16 år og over (prosent)","2021",26.7
"Molde","Universitets- og høgskolenivå, lang","Begge kjønn","Personer 16 år og over","2021",2550
"Molde","Universitets- og høgskolenivå, lang","Begge kjønn","Personer 16 år og over (prosent)","2021",9.7
"Ålesund (2020-2023)","Utdanningsnivå i alt","Begge kjønn","Personer 16 år og over","2021",54755
"Ålesund (2020-2023)","Utdanningsnivå i alt","Begge kjønn","Personer 16 år og over (prosent)","2021",100
"Ålesund (2020-2023)","Videregående skolenivå","Begge kjønn","Personer 16 år og over","2021",20645
"Ålesund (2020-2023)","Videregående skolenivå","Begge kjønn","Personer 16 år og over (prosent)","2021",37.9
"Ålesund (2020-2023)","Universitets- og høgskolenivå, kort","Begge kjønn","Personer 16 år og over","2021",14294
"Ålesund (2020-2023)","Universitets- og høgskolenivå, kort","Begge kjønn","Personer 16 år og over (prosent)","2021",26.2
"Ålesund (2020-2023)","Universitets- og høgskolenivå, lang","Begge kjønn","Personer 16 år og over","2021",4558
"Ålesund (2020-2023)","Universitets- og høgskolenivå, lang","Begge kjønn","Personer 16 år og over (prosent)","2021",8.4
"Ålesund","Utdanningsnivå i alt","Begge kjønn","Personer 16 år og over","2021",0
"Ålesund","Utdanningsnivå i alt","Begge kjønn","Personer 16 år og over (prosent)","2021",0
"Ålesund","Videregående skolenivå","Begge kjønn","Personer 16 år og over","2021",0
"Ålesund","Videregående skolenivå","Begge kjønn","Personer 16 år og over (prosent)","2021",0
"Ålesund","Universitets- og høgskolenivå, kort","Begge kjønn","Personer 16 år og over","2021",0
"Ålesund","Universitets- og høgskolenivå, kort","Begge kjønn","Personer 16 år og over (prosent)","2021",0
"Ålesund","Universitets- og høgskolenivå, lang","Begge kjønn","Personer 16 år og over","2021",0
"Ålesund","Universitets- og høgskolenivå, lang","Begge kjønn","Personer 16 år og over (prosent)","2021",0
"Vanylven","Utdanningsnivå i alt","Begge kjønn","Personer 16 år og over","2021",2649
"Vanylven","Utdanningsnivå i alt","Begge kjønn","Personer 16 år og over (prosent)","2021",100
"Vanylven","Videregående skolenivå","Begge kjønn","Personer 16 år og over","2021",1224
"Vanylven","Videregående skolenivå","Begge kjønn","Personer 16 år og over (prosent)","2021",46.3
"Vanylven","Universitets- og høgskolenivå, kort","Begge kjønn","Personer 16 år og over","2021",478
"Vanylven","Universitets- og høgskolenivå, kort","Begge kjønn","Personer 16 år og over (prosent)","2021",18.1
"Vanylven","Universitets- og høgskolenivå, lang","Begge kjønn","Personer 16 år og over","2021",75
"Vanylven","Universitets- og høgskolenivå, lang","Begge kjønn","Personer 16 år og over (prosent)","2021",2.8
"Sande","Utdanningsnivå i alt","Begge kjønn","Personer 16 år og over","2021",2033
"Sande","Utdanningsnivå i alt","Begge kjønn","Personer 16 år og over (prosent)","2021",100
"Sande","Videregående skolenivå","Begge kjønn","Personer 16 år og over","2021",882
"Sande","Videregående skolenivå","Begge kjønn","Personer 16 år og over (prosent)","2021",43.6
"Sande","Universitets- og høgskolenivå, kort","Begge kjønn","Personer 16 år og over","2021",344
"Sande","Universitets- og høgskolenivå, kort","Begge kjønn","Personer 16 år og over (prosent)","2021",17
"Sande","Universitets- og høgskolenivå, lang","Begge kjønn","Personer 16 år og over","2021",83
"Sande","Universitets- og høgskolenivå, lang","Begge kjønn","Personer 16 år og over (prosent)","2021",4.1
"Herøy (Møre og Romsdal)","Utdanningsnivå i alt","Begge kjønn","Personer 16 år og over","2021",7220
"Herøy (Møre og Romsdal)","Utdanningsnivå i alt","Begge kjønn","Personer 16 år og over (prosent)","2021",100
"Herøy (Møre og Romsdal)","Videregående skolenivå","Begge kjønn","Personer 16 år og over","2021",3026
"Herøy (Møre og Romsdal)","Videregående skolenivå","Begge kjønn","Personer 16 år og over (prosent)","2021",42
"Herøy (Møre og Romsdal)","Universitets- og høgskolenivå, kort","Begge kjønn","Personer 16 år og over","2021",1412
"Herøy (Møre og Romsdal)","Universitets- og høgskolenivå, kort","Begge kjønn","Personer 16 år og over (prosent)","2021",19.6
"Herøy (Møre og Romsdal)","Universitets- og høgskolenivå, lang","Begge kjønn","Personer 16 år og over","2021",264
"Herøy (Møre og Romsdal)","Universitets- og høgskolenivå, lang","Begge kjønn","Personer 16 år og over (prosent)","2021",3.7
"Ulstein","Utdanningsnivå i alt","Begge kjønn","Personer 16 år og over","2021",6927
"Ulstein","Utdanningsnivå i alt","Begge kjønn","Personer 16 år og over (prosent)","2021",100
"Ulstein","Videregående skolenivå","Begge kjønn","Personer 16 år og over","2021",2688
"Ulstein","Videregående skolenivå","Begge kjønn","Personer 16 år og over (prosent)","2021",39
"Ulstein","Universitets- og høgskolenivå, kort","Begge kjønn","Personer 16 år og over","2021",1824
"Ulstein","Universitets- og høgskolenivå, kort","Begge kjønn","Personer 16 år og over (prosent)","2021",26.5
"Ulstein","Universitets- og høgskolenivå, lang","Begge kjønn","Personer 16 år og over","2021",502
"Ulstein","Universitets- og høgskolenivå, lang","Begge kjønn","Personer 16 år og over (prosent)","2021",7.3
"Hareid","Utdanningsnivå i alt","Begge kjønn","Personer 16 år og over","2021",4121
"Hareid","Utdanningsnivå i alt","Begge kjønn","Personer 16 år og over (prosent)","2021",100
"Hareid","Videregående skolenivå","Begge kjønn","Personer 16 år og over","2021",1694
"Hareid","Videregående skolenivå","Begge kjønn","Personer 16 år og over (prosent)","2021",41.2
"Hareid","Universitets- og høgskolenivå, kort","Begge kjønn","Personer 16 år og over","2021",871
"Hareid","Universitets- og høgskolenivå, kort","Begge kjønn","Personer 16 år og over (prosent)","2021",21.2
"Hareid","Universitets- og høgskolenivå, lang","Begge kjønn","Personer 16 år og over","2021",185
"Hareid","Universitets- og høgskolenivå, lang","Begge kjønn","Personer 16 år og over (prosent)","2021",4.5
"Volda (-2019)","Utdanningsnivå i alt","Begge kjønn","Personer 16 år og over","2021",0
"Volda (-2019)","Utdanningsnivå i alt","Begge kjønn","Personer 16 år og over (prosent)","2021",0
"Volda (-2019)","Videregående skolenivå","Begge kjønn","Personer 16 år og over","2021",0
"Volda (-2019)","Videregående skolenivå","Begge kjønn","Personer 16 år og over (prosent)","2021",0
"Volda (-2019)","Universitets- og høgskolenivå, kort","Begge kjønn","Personer 16 år og over","2021",0
"Volda (-2019)","Universitets- og høgskolenivå, kort","Begge kjønn","Personer 16 år og over (prosent)","2021",0
"Volda (-2019)","Universitets- og høgskolenivå, lang","Begge kjønn","Personer 16 år og over","2021",0
"Volda (-2019)","Universitets- og høgskolenivå, lang","Begge kjønn","Personer 16 år og over (prosent)","2021",0
"Ørsta","Utdanningsnivå i alt","Begge kjønn","Personer 16 år og over","2021",8766
"Ørsta","Utdanningsnivå i alt","Begge kjønn","Personer 16 år og over (prosent)","2021",100
"Ørsta","Videregående skolenivå","Begge kjønn","Personer 16 år og over","2021",3749
"Ørsta","Videregående skolenivå","Begge kjønn","Personer 16 år og over (prosent)","2021",42.9
"Ørsta","Universitets- og høgskolenivå, kort","Begge kjønn","Personer 16 år og over","2021",2014
"Ørsta","Universitets- og høgskolenivå, kort","Begge kjønn","Personer 16 år og over (prosent)","2021",23.1
"Ørsta","Universitets- og høgskolenivå, lang","Begge kjønn","Personer 16 år og over","2021",409
"Ørsta","Universitets- og høgskolenivå, lang","Begge kjønn","Personer 16 år og over (prosent)","2021",4.7
"Ørskog (1977-2019)","Utdanningsnivå i alt","Begge kjønn","Personer 16 år og over","2021",0
"Ørskog (1977-2019)","Utdanningsnivå i alt","Begge kjønn","Personer 16 år og over (prosent)","2021",0
"Ørskog (1977-2019)","Videregående skolenivå","Begge kjønn","Personer 16 år og over","2021",0
"Ørskog (1977-2019)","Videregående skolenivå","Begge kjønn","Personer 16 år og over (prosent)","2021",0
"Ørskog (1977-2019)","Universitets- og høgskolenivå, kort","Begge kjønn","Personer 16 år og over","2021",0
"Ørskog (1977-2019)","Universitets- og høgskolenivå, kort","Begge kjønn","Personer 16 år og over (prosent)","2021",0
"Ørskog (1977-2019)","Universitets- og høgskolenivå, lang","Begge kjønn","Personer 16 år og over","2021",0
"Ørskog (1977-2019)","Universitets- og høgskolenivå, lang","Begge kjønn","Personer 16 år og over (prosent)","2021",0
"Norddal (-2019)","Utdanningsnivå i alt","Begge kjønn","Personer 16 år og over","2021",0
"Norddal (-2019)","Utdanningsnivå i alt","Begge kjønn","Personer 16 år og over (prosent)","2021",0
"Norddal (-2019)","Videregående skolenivå","Begge kjønn","Personer 16 år og over","2021",0
"Norddal (-2019)","Videregående skolenivå","Begge kjønn","Personer 16 år og over (prosent)","2021",0
"Norddal (-2019)","Universitets- og høgskolenivå, kort","Begge kjønn","Personer 16 år og over","2021",0
"Norddal (-2019)","Universitets- og høgskolenivå, kort","Begge kjønn","Personer 16 år og over (prosent)","2021",0
"Norddal (-2019)","Universitets- og høgskolenivå, lang","Begge kjønn","Personer 16 år og over","2021",0
"Norddal (-2019)","Universitets- og høgskolenivå, lang","Begge kjønn","Personer 16 år og over (prosent)","2021",0
"Stranda","Utdanningsnivå i alt","Begge kjønn","Personer 16 år og over","2021",3755
"Stranda","Utdanningsnivå i alt","Begge kjønn","Personer 16 år og over (prosent)","2021",100
"Stranda","Videregående skolenivå","Begge kjønn","Personer 16 år og over","2021",1772
"Stranda","Videregående skolenivå","Begge kjønn","Personer 16 år og over (prosent)","2021",47.3
"Stranda","Universitets- og høgskolenivå, kort","Begge kjønn","Personer 16 år og over","2021",745
"Stranda","Universitets- og høgskolenivå, kort","Begge kjønn","Personer 16 år og over (prosent)","2021",19.9
"Stranda","Universitets- og høgskolenivå, lang","Begge kjønn","Personer 16 år og over","2021",180
"Stranda","Universitets- og høgskolenivå, lang","Begge kjønn","Personer 16 år og over (prosent)","2021",4.8
"Stordal (-2019)","Utdanningsnivå i alt","Begge kjønn","Personer 16 år og over","2021",0
"Stordal (-2019)","Utdanningsnivå i alt","Begge kjønn","Personer 16 år og over (prosent)","2021",0
"Stordal (-2019)","Videregående skolenivå","Begge kjønn","Personer 16 år og over","2021",0
"Stordal (-2019)","Videregående skolenivå","Begge kjønn","Personer 16 år og over (prosent)","2021",0
"Stordal (-2019)","Universitets- og høgskolenivå, kort","Begge kjønn","Personer 16 år og over","2021",0
"Stordal (-2019)","Universitets- og høgskolenivå, kort","Begge kjønn","Personer 16 år og over (prosent)","2021",0
"Stordal (-2019)","Universitets- og høgskolenivå, lang","Begge kjønn","Personer 16 år og over","2021",0
"Stordal (-2019)","Universitets- og høgskolenivå, lang","Begge kjønn","Personer 16 år og over (prosent)","2021",0
"Ørskog (-1976)","Utdanningsnivå i alt","Begge kjønn","Personer 16 år og over","2021",0
"Ørskog (-1976)","Utdanningsnivå i alt","Begge kjønn","Personer 16 år og over (prosent)","2021",0
"Ørskog (-1976)","Videregående skolenivå","Begge kjønn","Personer 16 år og over","2021",0
"Ørskog (-1976)","Videregående skolenivå","Begge kjønn","Personer 16 år og over (prosent)","2021",0
"Ørskog (-1976)","Universitets- og høgskolenivå, kort","Begge kjønn","Personer 16 år og over","2021",0
"Ørskog (-1976)","Universitets- og høgskolenivå, kort","Begge kjønn","Personer 16 år og over (prosent)","2021",0
"Ørskog (-1976)","Universitets- og høgskolenivå, lang","Begge kjønn","Personer 16 år og over","2021",0
"Ørskog (-1976)","Universitets- og høgskolenivå, lang","Begge kjønn","Personer 16 år og over (prosent)","2021",0
"Sykkylven","Utdanningsnivå i alt","Begge kjønn","Personer 16 år og over","2021",6201
"Sykkylven","Utdanningsnivå i alt","Begge kjønn","Personer 16 år og over (prosent)","2021",100
"Sykkylven","Videregående skolenivå","Begge kjønn","Personer 16 år og over","2021",2540
"Sykkylven","Videregående skolenivå","Begge kjønn","Personer 16 år og over (prosent)","2021",41.2
"Sykkylven","Universitets- og høgskolenivå, kort","Begge kjønn","Personer 16 år og over","2021",1395
"Sykkylven","Universitets- og høgskolenivå, kort","Begge kjønn","Personer 16 år og over (prosent)","2021",22.6
"Sykkylven","Universitets- og høgskolenivå, lang","Begge kjønn","Personer 16 år og over","2021",262
"Sykkylven","Universitets- og høgskolenivå, lang","Begge kjønn","Personer 16 år og over (prosent)","2021",4.2
"Skodje (-2019)","Utdanningsnivå i alt","Begge kjønn","Personer 16 år og over","2021",0
"Skodje (-2019)","Utdanningsnivå i alt","Begge kjønn","Personer 16 år og over (prosent)","2021",0
"Skodje (-2019)","Videregående skolenivå","Begge kjønn","Personer 16 år og over","2021",0
"Skodje (-2019)","Videregående skolenivå","Begge kjønn","Personer 16 år og over (prosent)","2021",0
"Skodje (-2019)","Universitets- og høgskolenivå, kort","Begge kjønn","Personer 16 år og over","2021",0
"Skodje (-2019)","Universitets- og høgskolenivå, kort","Begge kjønn","Personer 16 år og over (prosent)","2021",0
"Skodje (-2019)","Universitets- og høgskolenivå, lang","Begge kjønn","Personer 16 år og over","2021",0
"Skodje (-2019)","Universitets- og høgskolenivå, lang","Begge kjønn","Personer 16 år og over (prosent)","2021",0
"Sula","Utdanningsnivå i alt","Begge kjønn","Personer 16 år og over","2021",7434
"Sula","Utdanningsnivå i alt","Begge kjønn","Personer 16 år og over (prosent)","2021",100
"Sula","Videregående skolenivå","Begge kjønn","Personer 16 år og over","2021",2992
"Sula","Videregående skolenivå","Begge kjønn","Personer 16 år og over (prosent)","2021",40.4
"Sula","Universitets- og høgskolenivå, kort","Begge kjønn","Personer 16 år og over","2021",1827
"Sula","Universitets- og høgskolenivå, kort","Begge kjønn","Personer 16 år og over (prosent)","2021",24.7
"Sula","Universitets- og høgskolenivå, lang","Begge kjønn","Personer 16 år og over","2021",333
"Sula","Universitets- og høgskolenivå, lang","Begge kjønn","Personer 16 år og over (prosent)","2021",4.5
"Giske","Utdanningsnivå i alt","Begge kjønn","Personer 16 år og over","2021",6676
"Giske","Utdanningsnivå i alt","Begge kjønn","Personer 16 år og over (prosent)","2021",100
"Giske","Videregående skolenivå","Begge kjønn","Personer 16 år og over","2021",2639
"Giske","Videregående skolenivå","Begge kjønn","Personer 16 år og over (prosent)","2021",39.7
"Giske","Universitets- og høgskolenivå, kort","Begge kjønn","Personer 16 år og over","2021",1587
"Giske","Universitets- og høgskolenivå, kort","Begge kjønn","Personer 16 år og over (prosent)","2021",23.9
"Giske","Universitets- og høgskolenivå, lang","Begge kjønn","Personer 16 år og over","2021",390
"Giske","Universitets- og høgskolenivå, lang","Begge kjønn","Personer 16 år og over (prosent)","2021",5.9
"Haram (-2019)","Utdanningsnivå i alt","Begge kjønn","Personer 16 år og over","2021",0
"Haram (-2019)","Utdanningsnivå i alt","Begge kjønn","Personer 16 år og over (prosent)","2021",0
"Haram (-2019)","Videregående skolenivå","Begge kjønn","Personer 16 år og over","2021",0
"Haram (-2019)","Videregående skolenivå","Begge kjønn","Personer 16 år og over (prosent)","2021",0
"Haram (-2019)","Universitets- og høgskolenivå, kort","Begge kjønn","Personer 16 år og over","2021",0
"Haram (-2019)","Universitets- og høgskolenivå, kort","Begge kjønn","Personer 16 år og over (prosent)","2021",0
"Haram (-2019)","Universitets- og høgskolenivå, lang","Begge kjønn","Personer 16 år og over","2021",0
"Haram (-2019)","Universitets- og høgskolenivå, lang","Begge kjønn","Personer 16 år og over (prosent)","2021",0
"Vestnes","Utdanningsnivå i alt","Begge kjønn","Personer 16 år og over","2021",5773
"Vestnes","Utdanningsnivå i alt","Begge kjønn","Personer 16 år og over (prosent)","2021",100
"Vestnes","Videregående skolenivå","Begge kjønn","Personer 16 år og over","2021",2583
"Vestnes","Videregående skolenivå","Begge kjønn","Personer 16 år og over (prosent)","2021",45.2
"Vestnes","Universitets- og høgskolenivå, kort","Begge kjønn","Personer 16 år og over","2021",1024
"Vestnes","Universitets- og høgskolenivå, kort","Begge kjønn","Personer 16 år og over (prosent)","2021",17.9
"Vestnes","Universitets- og høgskolenivå, lang","Begge kjønn","Personer 16 år og over","2021",240
"Vestnes","Universitets- og høgskolenivå, lang","Begge kjønn","Personer 16 år og over (prosent)","2021",4.2
"Rauma","Utdanningsnivå i alt","Begge kjønn","Personer 16 år og over","2021",5774
"Rauma","Utdanningsnivå i alt","Begge kjønn","Personer 16 år og over (prosent)","2021",100
"Rauma","Videregående skolenivå","Begge kjønn","Personer 16 år og over","2021",2572
"Rauma","Videregående skolenivå","Begge kjønn","Personer 16 år og over (prosent)","2021",44.7
"Rauma","Universitets- og høgskolenivå, kort","Begge kjønn","Personer 16 år og over","2021",1190
"Rauma","Universitets- og høgskolenivå, kort","Begge kjønn","Personer 16 år og over (prosent)","2021",20.7
"Rauma","Universitets- og høgskolenivå, lang","Begge kjønn","Personer 16 år og over","2021",273
"Rauma","Universitets- og høgskolenivå, lang","Begge kjønn","Personer 16 år og over (prosent)","2021",4.7
"Nesset (-2019)","Utdanningsnivå i alt","Begge kjønn","Personer 16 år og over","2021",0
"Nesset (-2019)","Utdanningsnivå i alt","Begge kjønn","Personer 16 år og over (prosent)","2021",0
"Nesset (-2019)","Videregående skolenivå","Begge kjønn","Personer 16 år og over","2021",0
"Nesset (-2019)","Videregående skolenivå","Begge kjønn","Personer 16 år og over (prosent)","2021",0
"Nesset (-2019)","Universitets- og høgskolenivå, kort","Begge kjønn","Personer 16 år og over","2021",0
"Nesset (-2019)","Universitets- og høgskolenivå, kort","Begge kjønn","Personer 16 år og over (prosent)","2021",0
"Nesset (-2019)","Universitets- og høgskolenivå, lang","Begge kjønn","Personer 16 år og over","2021",0
"Nesset (-2019)","Universitets- og høgskolenivå, lang","Begge kjønn","Personer 16 år og over (prosent)","2021",0
"Midsund (1965-2019)","Utdanningsnivå i alt","Begge kjønn","Personer 16 år og over","2021",0
"Midsund (1965-2019)","Utdanningsnivå i alt","Begge kjønn","Personer 16 år og over (prosent)","2021",0
"Midsund (1965-2019)","Videregående skolenivå","Begge kjønn","Personer 16 år og over","2021",0
"Midsund (1965-2019)","Videregående skolenivå","Begge kjønn","Personer 16 år og over (prosent)","2021",0
"Midsund (1965-2019)","Universitets- og høgskolenivå, kort","Begge kjønn","Personer 16 år og over","2021",0
"Midsund (1965-2019)","Universitets- og høgskolenivå, kort","Begge kjønn","Personer 16 år og over (prosent)","2021",0
"Midsund (1965-2019)","Universitets- og høgskolenivå, lang","Begge kjønn","Personer 16 år og over","2021",0
"Midsund (1965-2019)","Universitets- og høgskolenivå, lang","Begge kjønn","Personer 16 år og over (prosent)","2021",0
"Sandøy (-2019)","Utdanningsnivå i alt","Begge kjønn","Personer 16 år og over","2021",0
"Sandøy (-2019)","Utdanningsnivå i alt","Begge kjønn","Personer 16 år og over (prosent)","2021",0
"Sandøy (-2019)","Videregående skolenivå","Begge kjønn","Personer 16 år og over","2021",0
"Sandøy (-2019)","Videregående skolenivå","Begge kjønn","Personer 16 år og over (prosent)","2021",0
"Sandøy (-2019)","Universitets- og høgskolenivå, kort","Begge kjønn","Personer 16 år og over","2021",0
"Sandøy (-2019)","Universitets- og høgskolenivå, kort","Begge kjønn","Personer 16 år og over (prosent)","2021",0
"Sandøy (-2019)","Universitets- og høgskolenivå, lang","Begge kjønn","Personer 16 år og over","2021",0
"Sandøy (-2019)","Universitets- og høgskolenivå, lang","Begge kjønn","Personer 16 år og over (prosent)","2021",0
"Aukra","Utdanningsnivå i alt","Begge kjønn","Personer 16 år og over","2021",2830
"Aukra","Utdanningsnivå i alt","Begge kjønn","Personer 16 år og over (prosent)","2021",100
"Aukra","Videregående skolenivå","Begge kjønn","Personer 16 år og over","2021",1174
"Aukra","Videregående skolenivå","Begge kjønn","Personer 16 år og over (prosent)","2021",41.6
"Aukra","Universitets- og høgskolenivå, kort","Begge kjønn","Personer 16 år og over","2021",633
"Aukra","Universitets- og høgskolenivå, kort","Begge kjønn","Personer 16 år og over (prosent)","2021",22.5
"Aukra","Universitets- og høgskolenivå, lang","Begge kjønn","Personer 16 år og over","2021",131
"Aukra","Universitets- og høgskolenivå, lang","Begge kjønn","Personer 16 år og over (prosent)","2021",4.6
"Fræna (-2019)","Utdanningsnivå i alt","Begge kjønn","Personer 16 år og over","2021",0
"Fræna (-2019)","Utdanningsnivå i alt","Begge kjønn","Personer 16 år og over (prosent)","2021",0
"Fræna (-2019)","Videregående skolenivå","Begge kjønn","Personer 16 år og over","2021",0
"Fræna (-2019)","Videregående skolenivå","Begge kjønn","Personer 16 år og over (prosent)","2021",0
"Fræna (-2019)","Universitets- og høgskolenivå, kort","Begge kjønn","Personer 16 år og over","2021",0
"Fræna (-2019)","Universitets- og høgskolenivå, kort","Begge kjønn","Personer 16 år og over (prosent)","2021",0
"Fræna (-2019)","Universitets- og høgskolenivå, lang","Begge kjønn","Personer 16 år og over","2021",0
"Fræna (-2019)","Universitets- og høgskolenivå, lang","Begge kjønn","Personer 16 år og over (prosent)","2021",0
"Eide (-2019)","Utdanningsnivå i alt","Begge kjønn","Personer 16 år og over","2021",0
"Eide (-2019)","Utdanningsnivå i alt","Begge kjønn","Personer 16 år og over (prosent)","2021",0
"Eide (-2019)","Videregående skolenivå","Begge kjønn","Personer 16 år og over","2021",0
"Eide (-2019)","Videregående skolenivå","Begge kjønn","Personer 16 år og over (prosent)","2021",0
"Eide (-2019)","Universitets- og høgskolenivå, kort","Begge kjønn","Personer 16 år og over","2021",0
"Eide (-2019)","Universitets- og høgskolenivå, kort","Begge kjønn","Personer 16 år og over (prosent)","2021",0
"Eide (-2019)","Universitets- og høgskolenivå, lang","Begge kjønn","Personer 16 år og over","2021",0
"Eide (-2019)","Universitets- og høgskolenivå, lang","Begge kjønn","Personer 16 år og over (prosent)","2021",0
"Averøy","Utdanningsnivå i alt","Begge kjønn","Personer 16 år og over","2021",4814
"Averøy","Utdanningsnivå i alt","Begge kjønn","Personer 16 år og over (prosent)","2021",100
"Averøy","Videregående skolenivå","Begge kjønn","Personer 16 år og over","2021",2019
"Averøy","Videregående skolenivå","Begge kjønn","Personer 16 år og over (prosent)","2021",42.1
"Averøy","Universitets- og høgskolenivå, kort","Begge kjønn","Personer 16 år og over","2021",935
"Averøy","Universitets- og høgskolenivå, kort","Begge kjønn","Personer 16 år og over (prosent)","2021",19.5
"Averøy","Universitets- og høgskolenivå, lang","Begge kjønn","Personer 16 år og over","2021",225
"Averøy","Universitets- og høgskolenivå, lang","Begge kjønn","Personer 16 år og over (prosent)","2021",4.7
"Frei (-2007)","Utdanningsnivå i alt","Begge kjønn","Personer 16 år og over","2021",0
"Frei (-2007)","Utdanningsnivå i alt","Begge kjønn","Personer 16 år og over (prosent)","2021",0
"Frei (-2007)","Videregående skolenivå","Begge kjønn","Personer 16 år og over","2021",0
"Frei (-2007)","Videregående skolenivå","Begge kjønn","Personer 16 år og over (prosent)","2021",0
"Frei (-2007)","Universitets- og høgskolenivå, kort","Begge kjønn","Personer 16 år og over","2021",0
"Frei (-2007)","Universitets- og høgskolenivå, kort","Begge kjønn","Personer 16 år og over (prosent)","2021",0
"Frei (-2007)","Universitets- og høgskolenivå, lang","Begge kjønn","Personer 16 år og over","2021",0
"Frei (-2007)","Universitets- og høgskolenivå, lang","Begge kjønn","Personer 16 år og over (prosent)","2021",0
"Gjemnes","Utdanningsnivå i alt","Begge kjønn","Personer 16 år og over","2021",2189
"Gjemnes","Utdanningsnivå i alt","Begge kjønn","Personer 16 år og over (prosent)","2021",100
"Gjemnes","Videregående skolenivå","Begge kjønn","Personer 16 år og over","2021",1006
"Gjemnes","Videregående skolenivå","Begge kjønn","Personer 16 år og over (prosent)","2021",46.1
"Gjemnes","Universitets- og høgskolenivå, kort","Begge kjønn","Personer 16 år og over","2021",447
"Gjemnes","Universitets- og høgskolenivå, kort","Begge kjønn","Personer 16 år og over (prosent)","2021",20.5
"Gjemnes","Universitets- og høgskolenivå, lang","Begge kjønn","Personer 16 år og over","2021",89
"Gjemnes","Universitets- og høgskolenivå, lang","Begge kjønn","Personer 16 år og over (prosent)","2021",4.1
"Tingvoll","Utdanningsnivå i alt","Begge kjønn","Personer 16 år og over","2021",2523
"Tingvoll","Utdanningsnivå i alt","Begge kjønn","Personer 16 år og over (prosent)","2021",100
"Tingvoll","Videregående skolenivå","Begge kjønn","Personer 16 år og over","2021",1165
"Tingvoll","Videregående skolenivå","Begge kjønn","Personer 16 år og over (prosent)","2021",46.3
"Tingvoll","Universitets- og høgskolenivå, kort","Begge kjønn","Personer 16 år og over","2021",493
"Tingvoll","Universitets- og høgskolenivå, kort","Begge kjønn","Personer 16 år og over (prosent)","2021",19.6
"Tingvoll","Universitets- og høgskolenivå, lang","Begge kjønn","Personer 16 år og over","2021",157
"Tingvoll","Universitets- og høgskolenivå, lang","Begge kjønn","Personer 16 år og over (prosent)","2021",6.2
"Sunndal","Utdanningsnivå i alt","Begge kjønn","Personer 16 år og over","2021",5831
"Sunndal","Utdanningsnivå i alt","Begge kjønn","Personer 16 år og over (prosent)","2021",100
"Sunndal","Videregående skolenivå","Begge kjønn","Personer 16 år og over","2021",2793
"Sunndal","Videregående skolenivå","Begge kjønn","Personer 16 år og over (prosent)","2021",48.1
"Sunndal","Universitets- og høgskolenivå, kort","Begge kjønn","Personer 16 år og over","2021",1166
"Sunndal","Universitets- og høgskolenivå, kort","Begge kjønn","Personer 16 år og over (prosent)","2021",20.1
"Sunndal","Universitets- og høgskolenivå, lang","Begge kjønn","Personer 16 år og over","2021",317
"Sunndal","Universitets- og høgskolenivå, lang","Begge kjønn","Personer 16 år og over (prosent)","2021",5.5
"Surnadal","Utdanningsnivå i alt","Begge kjønn","Personer 16 år og over","2021",4904
"Surnadal","Utdanningsnivå i alt","Begge kjønn","Personer 16 år og over (prosent)","2021",100
"Surnadal","Videregående skolenivå","Begge kjønn","Personer 16 år og over","2021",2282
"Surnadal","Videregående skolenivå","Begge kjønn","Personer 16 år og over (prosent)","2021",46.6
"Surnadal","Universitets- og høgskolenivå, kort","Begge kjønn","Personer 16 år og over","2021",957
"Surnadal","Universitets- og høgskolenivå, kort","Begge kjønn","Personer 16 år og over (prosent)","2021",19.6
"Surnadal","Universitets- og høgskolenivå, lang","Begge kjønn","Personer 16 år og over","2021",226
"Surnadal","Universitets- og høgskolenivå, lang","Begge kjønn","Personer 16 år og over (prosent)","2021",4.6
"Rindal (-2018)","Utdanningsnivå i alt","Begge kjønn","Personer 16 år og over","2021",0
"Rindal (-2018)","Utdanningsnivå i alt","Begge kjønn","Personer 16 år og over (prosent)","2021",0
"Rindal (-2018)","Videregående skolenivå","Begge kjønn","Personer 16 år og over","2021",0
"Rindal (-2018)","Videregående skolenivå","Begge kjønn","Personer 16 år og over (prosent)","2021",0
"Rindal (-2018)","Universitets- og høgskolenivå, kort","Begge kjønn","Personer 16 år og over","2021",0
"Rindal (-2018)","Universitets- og høgskolenivå, kort","Begge kjønn","Personer 16 år og over (prosent)","2021",0
"Rindal (-2018)","Universitets- og høgskolenivå, lang","Begge kjønn","Personer 16 år og over","2021",0
"Rindal (-2018)","Universitets- og høgskolenivå, lang","Begge kjønn","Personer 16 år og over (prosent)","2021",0
"Aure (-2005)","Utdanningsnivå i alt","Begge kjønn","Personer 16 år og over","2021",0
"Aure (-2005)","Utdanningsnivå i alt","Begge kjønn","Personer 16 år og over (prosent)","2021",0
"Aure (-2005)","Videregående skolenivå","Begge kjønn","Personer 16 år og over","2021",0
"Aure (-2005)","Videregående skolenivå","Begge kjønn","Personer 16 år og over (prosent)","2021",0
"Aure (-2005)","Universitets- og høgskolenivå, kort","Begge kjønn","Personer 16 år og over","2021",0
"Aure (-2005)","Universitets- og høgskolenivå, kort","Begge kjønn","Personer 16 år og over (prosent)","2021",0
"Aure (-2005)","Universitets- og høgskolenivå, lang","Begge kjønn","Personer 16 år og over","2021",0
"Aure (-2005)","Universitets- og høgskolenivå, lang","Begge kjønn","Personer 16 år og over (prosent)","2021",0
"Halsa (-2019)","Utdanningsnivå i alt","Begge kjønn","Personer 16 år og over","2021",0
"Halsa (-2019)","Utdanningsnivå i alt","Begge kjønn","Personer 16 år og over (prosent)","2021",0
"Halsa (-2019)","Videregående skolenivå","Begge kjønn","Personer 16 år og over","2021",0
"Halsa (-2019)","Videregående skolenivå","Begge kjønn","Personer 16 år og over (prosent)","2021",0
"Halsa (-2019)","Universitets- og høgskolenivå, kort","Begge kjønn","Personer 16 år og over","2021",0
"Halsa (-2019)","Universitets- og høgskolenivå, kort","Begge kjønn","Personer 16 år og over (prosent)","2021",0
"Halsa (-2019)","Universitets- og høgskolenivå, lang","Begge kjønn","Personer 16 år og over","2021",0
"Halsa (-2019)","Universitets- og høgskolenivå, lang","Begge kjønn","Personer 16 år og over (prosent)","2021",0
"Tustna (-2005)","Utdanningsnivå i alt","Begge kjønn","Personer 16 år og over","2021",0
"Tustna (-2005)","Utdanningsnivå i alt","Begge kjønn","Personer 16 år og over (prosent)","2021",0
"Tustna (-2005)","Videregående skolenivå","Begge kjønn","Personer 16 år og over","2021",0
"Tustna (-2005)","Videregående skolenivå","Begge kjønn","Personer 16 år og over (prosent)","2021",0
"Tustna (-2005)","Universitets- og høgskolenivå, kort","Begge kjønn","Personer 16 år og over","2021",0
"Tustna (-2005)","Universitets- og høgskolenivå, kort","Begge kjønn","Personer 16 år og over (prosent)","2021",0
"Tustna (-2005)","Universitets- og høgskolenivå, lang","Begge kjønn","Personer 16 år og over","2021",0
"Tustna (-2005)","Universitets- og høgskolenivå, lang","Begge kjønn","Personer 16 år og over (prosent)","2021",0
"Smøla","Utdanningsnivå i alt","Begge kjønn","Personer 16 år og over","2021",1803
"Smøla","Utdanningsnivå i alt","Begge kjønn","Personer 16 år og over (prosent)","2021",100
"Smøla","Videregående skolenivå","Begge kjønn","Personer 16 år og over","2021",833
"Smøla","Videregående skolenivå","Begge kjønn","Personer 16 år og over (prosent)","2021",46.4
"Smøla","Universitets- og høgskolenivå, kort","Begge kjønn","Personer 16 år og over","2021",298
"Smøla","Universitets- og høgskolenivå, kort","Begge kjønn","Personer 16 år og over (prosent)","2021",16.6
"Smøla","Universitets- og høgskolenivå, lang","Begge kjønn","Personer 16 år og over","2021",50
"Smøla","Universitets- og høgskolenivå, lang","Begge kjønn","Personer 16 år og over (prosent)","2021",2.8
"Aure","Utdanningsnivå i alt","Begge kjønn","Personer 16 år og over","2021",2879
"Aure","Utdanningsnivå i alt","Begge kjønn","Personer 16 år og over (prosent)","2021",100
"Aure","Videregående skolenivå","Begge kjønn","Personer 16 år og over","2021",1306
"Aure","Videregående skolenivå","Begge kjønn","Personer 16 år og over (prosent)","2021",45.5
"Aure","Universitets- og høgskolenivå, kort","Begge kjønn","Personer 16 år og over","2021",523
"Aure","Universitets- og høgskolenivå, kort","Begge kjønn","Personer 16 år og over (prosent)","2021",18.2
"Aure","Universitets- og høgskolenivå, lang","Begge kjønn","Personer 16 år og over","2021",121
"Aure","Universitets- og høgskolenivå, lang","Begge kjønn","Personer 16 år og over (prosent)","2021",4.2
"Volda","Utdanningsnivå i alt","Begge kjønn","Personer 16 år og over","2021",8908
"Volda","Utdanningsnivå i alt","Begge kjønn","Personer 16 år og over (prosent)","2021",100
"Volda","Videregående skolenivå","Begge kjønn","Personer 16 år og over","2021",3257
"Volda","Videregående skolenivå","Begge kjønn","Personer 16 år og over (prosent)","2021",36.6
"Volda","Universitets- og høgskolenivå, kort","Begge kjønn","Personer 16 år og over","2021",2801
"Volda","Universitets- og høgskolenivå, kort","Begge kjønn","Personer 16 år og over (prosent)","2021",31.5
"Volda","Universitets- og høgskolenivå, lang","Begge kjønn","Personer 16 år og over","2021",784
"Volda","Universitets- og høgskolenivå, lang","Begge kjønn","Personer 16 år og over (prosent)","2021",8.8
"Fjord","Utdanningsnivå i alt","Begge kjønn","Personer 16 år og over","2021",2124
"Fjord","Utdanningsnivå i alt","Begge kjønn","Personer 16 år og over (prosent)","2021",100
"Fjord","Videregående skolenivå","Begge kjønn","Personer 16 år og over","2021",980
"Fjord","Videregående skolenivå","Begge kjønn","Personer 16 år og over (prosent)","2021",46.2
"Fjord","Universitets- og høgskolenivå, kort","Begge kjønn","Personer 16 år og over","2021",414
"Fjord","Universitets- og høgskolenivå, kort","Begge kjønn","Personer 16 år og over (prosent)","2021",19.5
"Fjord","Universitets- og høgskolenivå, lang","Begge kjønn","Personer 16 år og over","2021",109
"Fjord","Universitets- og høgskolenivå, lang","Begge kjønn","Personer 16 år og over (prosent)","2021",5.1
"Hustadvika","Utdanningsnivå i alt","Begge kjønn","Personer 16 år og over","2021",10794
"Hustadvika","Utdanningsnivå i alt","Begge kjønn","Personer 16 år og over (prosent)","2021",100
"Hustadvika","Videregående skolenivå","Begge kjønn","Personer 16 år og over","2021",4704
"Hustadvika","Videregående skolenivå","Begge kjønn","Personer 16 år og over (prosent)","2021",43.8
"Hustadvika","Universitets- og høgskolenivå, kort","Begge kjønn","Personer 16 år og over","2021",1981
"Hustadvika","Universitets- og høgskolenivå, kort","Begge kjønn","Personer 16 år og over (prosent)","2021",18.4
"Hustadvika","Universitets- og høgskolenivå, lang","Begge kjønn","Personer 16 år og over","2021",406
"Hustadvika","Universitets- og høgskolenivå, lang","Begge kjønn","Personer 16 år og over (prosent)","2021",3.8
"Haram","Utdanningsnivå i alt","Begge kjønn","Personer 16 år og over","2021",0
"Haram","Utdanningsnivå i alt","Begge kjønn","Personer 16 år og over (prosent)","2021",0
"Haram","Videregående skolenivå","Begge kjønn","Personer 16 år og over","2021",0
"Haram","Videregående skolenivå","Begge kjønn","Personer 16 år og over (prosent)","2021",0
"Haram","Universitets- og høgskolenivå, kort","Begge kjønn","Personer 16 år og over","2021",0
"Haram","Universitets- og høgskolenivå, kort","Begge kjønn","Personer 16 år og over (prosent)","2021",0
"Haram","Universitets- og høgskolenivå, lang","Begge kjønn","Personer 16 år og over","2021",0
"Haram","Universitets- og høgskolenivå, lang","Begge kjønn","Personer 16 år og over (prosent)","2021",0
"Uoppgitt kommune Møre og Romsdal","Utdanningsnivå i alt","Begge kjønn","Personer 16 år og over","2021",0
"Uoppgitt kommune Møre og Romsdal","Utdanningsnivå i alt","Begge kjønn","Personer 16 år og over (prosent)","2021",0
"Uoppgitt kommune Møre og Romsdal","Videregående skolenivå","Begge kjønn","Personer 16 år og over","2021",0
"Uoppgitt kommune Møre og Romsdal","Videregående skolenivå","Begge kjønn","Personer 16 år og over (prosent)","2021",0
"Uoppgitt kommune Møre og Romsdal","Universitets- og høgskolenivå, kort","Begge kjønn","Personer 16 år og over","2021",0
"Uoppgitt kommune Møre og Romsdal","Universitets- og høgskolenivå, kort","Begge kjønn","Personer 16 år og over (prosent)","2021",0
"Uoppgitt kommune Møre og Romsdal","Universitets- og høgskolenivå, lang","Begge kjønn","Personer 16 år og over","2021",0
"Uoppgitt kommune Møre og Romsdal","Universitets- og høgskolenivå, lang","Begge kjønn","Personer 16 år og over (prosent)","2021",0
"Trøndelag - Trööndelage","Utdanningsnivå i alt","Begge kjønn","Personer 16 år og over","2021",390094
"Trøndelag - Trööndelage","Utdanningsnivå i alt","Begge kjønn","Personer 16 år og over (prosent)","2021",100
"Trøndelag - Trööndelage","Videregående skolenivå","Begge kjønn","Personer 16 år og over","2021",151589
"Trøndelag - Trööndelage","Videregående skolenivå","Begge kjønn","Personer 16 år og over (prosent)","2021",39
"Trøndelag - Trööndelage","Universitets- og høgskolenivå, kort","Begge kjønn","Personer 16 år og over","2021",95506
"Trøndelag - Trööndelage","Universitets- og høgskolenivå, kort","Begge kjønn","Personer 16 år og over (prosent)","2021",24.6
"Trøndelag - Trööndelage","Universitets- og høgskolenivå, lang","Begge kjønn","Personer 16 år og over","2021",42318
"Trøndelag - Trööndelage","Universitets- og høgskolenivå, lang","Begge kjønn","Personer 16 år og over (prosent)","2021",10.9
"Sør-Trøndelag (-2017)","Utdanningsnivå i alt","Begge kjønn","Personer 16 år og over","2021",0
"Sør-Trøndelag (-2017)","Utdanningsnivå i alt","Begge kjønn","Personer 16 år og over (prosent)","2021",0
"Sør-Trøndelag (-2017)","Videregående skolenivå","Begge kjønn","Personer 16 år og over","2021",0
"Sør-Trøndelag (-2017)","Videregående skolenivå","Begge kjønn","Personer 16 år og over (prosent)","2021",0
"Sør-Trøndelag (-2017)","Universitets- og høgskolenivå, kort","Begge kjønn","Personer 16 år og over","2021",0
"Sør-Trøndelag (-2017)","Universitets- og høgskolenivå, kort","Begge kjønn","Personer 16 år og over (prosent)","2021",0
"Sør-Trøndelag (-2017)","Universitets- og høgskolenivå, lang","Begge kjønn","Personer 16 år og over","2021",0
"Sør-Trøndelag (-2017)","Universitets- og høgskolenivå, lang","Begge kjønn","Personer 16 år og over (prosent)","2021",0
"Trondheim - Tråante","Utdanningsnivå i alt","Begge kjønn","Personer 16 år og over","2021",174182
"Trondheim - Tråante","Utdanningsnivå i alt","Begge kjønn","Personer 16 år og over (prosent)","2021",100
"Trondheim - Tråante","Videregående skolenivå","Begge kjønn","Personer 16 år og over","2021",55675
"Trondheim - Tråante","Videregående skolenivå","Begge kjønn","Personer 16 år og over (prosent)","2021",32.1
"Trondheim - Tråante","Universitets- og høgskolenivå, kort","Begge kjønn","Personer 16 år og over","2021",49997
"Trondheim - Tråante","Universitets- og høgskolenivå, kort","Begge kjønn","Personer 16 år og over (prosent)","2021",28.8
"Trondheim - Tråante","Universitets- og høgskolenivå, lang","Begge kjønn","Personer 16 år og over","2021",30136
"Trondheim - Tråante","Universitets- og høgskolenivå, lang","Begge kjønn","Personer 16 år og over (prosent)","2021",17.4
"Steinkjer (2018-2019)","Utdanningsnivå i alt","Begge kjønn","Personer 16 år og over","2021",0
"Steinkjer (2018-2019)","Utdanningsnivå i alt","Begge kjønn","Personer 16 år og over (prosent)","2021",0
"Steinkjer (2018-2019)","Videregående skolenivå","Begge kjønn","Personer 16 år og over","2021",0
"Steinkjer (2018-2019)","Videregående skolenivå","Begge kjønn","Personer 16 år og over (prosent)","2021",0
"Steinkjer (2018-2019)","Universitets- og høgskolenivå, kort","Begge kjønn","Personer 16 år og over","2021",0
"Steinkjer (2018-2019)","Universitets- og høgskolenivå, kort","Begge kjønn","Personer 16 år og over (prosent)","2021",0
"Steinkjer (2018-2019)","Universitets- og høgskolenivå, lang","Begge kjønn","Personer 16 år og over","2021",0
"Steinkjer (2018-2019)","Universitets- og høgskolenivå, lang","Begge kjønn","Personer 16 år og over (prosent)","2021",0
"Namsos (2018-2019)","Utdanningsnivå i alt","Begge kjønn","Personer 16 år og over","2021",0
"Namsos (2018-2019)","Utdanningsnivå i alt","Begge kjønn","Personer 16 år og over (prosent)","2021",0
"Namsos (2018-2019)","Videregående skolenivå","Begge kjønn","Personer 16 år og over","2021",0
"Namsos (2018-2019)","Videregående skolenivå","Begge kjønn","Personer 16 år og over (prosent)","2021",0
"Namsos (2018-2019)","Universitets- og høgskolenivå, kort","Begge kjønn","Personer 16 år og over","2021",0
"Namsos (2018-2019)","Universitets- og høgskolenivå, kort","Begge kjønn","Personer 16 år og over (prosent)","2021",0
"Namsos (2018-2019)","Universitets- og høgskolenivå, lang","Begge kjønn","Personer 16 år og over","2021",0
"Namsos (2018-2019)","Universitets- og høgskolenivå, lang","Begge kjønn","Personer 16 år og over (prosent)","2021",0
"Steinkjer","Utdanningsnivå i alt","Begge kjønn","Personer 16 år og over","2021",19901
"Steinkjer","Utdanningsnivå i alt","Begge kjønn","Personer 16 år og over (prosent)","2021",100
"Steinkjer","Videregående skolenivå","Begge kjønn","Personer 16 år og over","2021",8581
"Steinkjer","Videregående skolenivå","Begge kjønn","Personer 16 år og over (prosent)","2021",43.3
"Steinkjer","Universitets- og høgskolenivå, kort","Begge kjønn","Personer 16 år og over","2021",4497
"Steinkjer","Universitets- og høgskolenivå, kort","Begge kjønn","Personer 16 år og over (prosent)","2021",22.7
"Steinkjer","Universitets- og høgskolenivå, lang","Begge kjønn","Personer 16 år og over","2021",1168
"Steinkjer","Universitets- og høgskolenivå, lang","Begge kjønn","Personer 16 år og over (prosent)","2021",5.9
"Namsos - Nåavmesjenjaelmie","Utdanningsnivå i alt","Begge kjønn","Personer 16 år og over","2021",12418
"Namsos - Nåavmesjenjaelmie","Utdanningsnivå i alt","Begge kjønn","Personer 16 år og over (prosent)","2021",100
"Namsos - Nåavmesjenjaelmie","Videregående skolenivå","Begge kjønn","Personer 16 år og over","2021",5252
"Namsos - Nåavmesjenjaelmie","Videregående skolenivå","Begge kjønn","Personer 16 år og over (prosent)","2021",42.5
"Namsos - Nåavmesjenjaelmie","Universitets- og høgskolenivå, kort","Begge kjønn","Personer 16 år og over","2021",2889
"Namsos - Nåavmesjenjaelmie","Universitets- og høgskolenivå, kort","Begge kjønn","Personer 16 år og over (prosent)","2021",23.4
"Namsos - Nåavmesjenjaelmie","Universitets- og høgskolenivå, lang","Begge kjønn","Personer 16 år og over","2021",713
"Namsos - Nåavmesjenjaelmie","Universitets- og høgskolenivå, lang","Begge kjønn","Personer 16 år og over (prosent)","2021",5.8
"Hemne (2018-2019)","Utdanningsnivå i alt","Begge kjønn","Personer 16 år og over","2021",0
"Hemne (2018-2019)","Utdanningsnivå i alt","Begge kjønn","Personer 16 år og over (prosent)","2021",0
"Hemne (2018-2019)","Videregående skolenivå","Begge kjønn","Personer 16 år og over","2021",0
"Hemne (2018-2019)","Videregående skolenivå","Begge kjønn","Personer 16 år og over (prosent)","2021",0
"Hemne (2018-2019)","Universitets- og høgskolenivå, kort","Begge kjønn","Personer 16 år og over","2021",0
"Hemne (2018-2019)","Universitets- og høgskolenivå, kort","Begge kjønn","Personer 16 år og over (prosent)","2021",0
"Hemne (2018-2019)","Universitets- og høgskolenivå, lang","Begge kjønn","Personer 16 år og over","2021",0
"Hemne (2018-2019)","Universitets- og høgskolenivå, lang","Begge kjønn","Personer 16 år og over (prosent)","2021",0
"Snillfjord (2018-2019)","Utdanningsnivå i alt","Begge kjønn","Personer 16 år og over","2021",0
"Snillfjord (2018-2019)","Utdanningsnivå i alt","Begge kjønn","Personer 16 år og over (prosent)","2021",0
"Snillfjord (2018-2019)","Videregående skolenivå","Begge kjønn","Personer 16 år og over","2021",0
"Snillfjord (2018-2019)","Videregående skolenivå","Begge kjønn","Personer 16 år og over (prosent)","2021",0
"Snillfjord (2018-2019)","Universitets- og høgskolenivå, kort","Begge kjønn","Personer 16 år og over","2021",0
"Snillfjord (2018-2019)","Universitets- og høgskolenivå, kort","Begge kjønn","Personer 16 år og over (prosent)","2021",0
"Snillfjord (2018-2019)","Universitets- og høgskolenivå, lang","Begge kjønn","Personer 16 år og over","2021",0
"Snillfjord (2018-2019)","Universitets- og høgskolenivå, lang","Begge kjønn","Personer 16 år og over (prosent)","2021",0
"Hitra (2018-2019)","Utdanningsnivå i alt","Begge kjønn","Personer 16 år og over","2021",0
"Hitra (2018-2019)","Utdanningsnivå i alt","Begge kjønn","Personer 16 år og over (prosent)","2021",0
"Hitra (2018-2019)","Videregående skolenivå","Begge kjønn","Personer 16 år og over","2021",0
"Hitra (2018-2019)","Videregående skolenivå","Begge kjønn","Personer 16 år og over (prosent)","2021",0
"Hitra (2018-2019)","Universitets- og høgskolenivå, kort","Begge kjønn","Personer 16 år og over","2021",0
"Hitra (2018-2019)","Universitets- og høgskolenivå, kort","Begge kjønn","Personer 16 år og over (prosent)","2021",0
"Hitra (2018-2019)","Universitets- og høgskolenivå, lang","Begge kjønn","Personer 16 år og over","2021",0
"Hitra (2018-2019)","Universitets- og høgskolenivå, lang","Begge kjønn","Personer 16 år og over (prosent)","2021",0
"Frøya","Utdanningsnivå i alt","Begge kjønn","Personer 16 år og over","2021",4311
"Frøya","Utdanningsnivå i alt","Begge kjønn","Personer 16 år og over (prosent)","2021",100
"Frøya","Videregående skolenivå","Begge kjønn","Personer 16 år og over","2021",1716
"Frøya","Videregående skolenivå","Begge kjønn","Personer 16 år og over (prosent)","2021",40
"Frøya","Universitets- og høgskolenivå, kort","Begge kjønn","Personer 16 år og over","2021",806
"Frøya","Universitets- og høgskolenivå, kort","Begge kjønn","Personer 16 år og over (prosent)","2021",18.8
"Frøya","Universitets- og høgskolenivå, lang","Begge kjønn","Personer 16 år og over","2021",206
"Frøya","Universitets- og høgskolenivå, lang","Begge kjønn","Personer 16 år og over (prosent)","2021",4.8
"Ørland (2018-2019)","Utdanningsnivå i alt","Begge kjønn","Personer 16 år og over","2021",0
"Ørland (2018-2019)","Utdanningsnivå i alt","Begge kjønn","Personer 16 år og over (prosent)","2021",0
"Ørland (2018-2019)","Videregående skolenivå","Begge kjønn","Personer 16 år og over","2021",0
"Ørland (2018-2019)","Videregående skolenivå","Begge kjønn","Personer 16 år og over (prosent)","2021",0
"Ørland (2018-2019)","Universitets- og høgskolenivå, kort","Begge kjønn","Personer 16 år og over","2021",0
"Ørland (2018-2019)","Universitets- og høgskolenivå, kort","Begge kjønn","Personer 16 år og over (prosent)","2021",0
"Ørland (2018-2019)","Universitets- og høgskolenivå, lang","Begge kjønn","Personer 16 år og over","2021",0
"Ørland (2018-2019)","Universitets- og høgskolenivå, lang","Begge kjønn","Personer 16 år og over (prosent)","2021",0
"Agdenes (2018-2019)","Utdanningsnivå i alt","Begge kjønn","Personer 16 år og over","2021",0
"Agdenes (2018-2019)","Utdanningsnivå i alt","Begge kjønn","Personer 16 år og over (prosent)","2021",0
"Agdenes (2018-2019)","Videregående skolenivå","Begge kjønn","Personer 16 år og over","2021",0
"Agdenes (2018-2019)","Videregående skolenivå","Begge kjønn","Personer 16 år og over (prosent)","2021",0
"Agdenes (2018-2019)","Universitets- og høgskolenivå, kort","Begge kjønn","Personer 16 år og over","2021",0
"Agdenes (2018-2019)","Universitets- og høgskolenivå, kort","Begge kjønn","Personer 16 år og over (prosent)","2021",0
"Agdenes (2018-2019)","Universitets- og høgskolenivå, lang","Begge kjønn","Personer 16 år og over","2021",0
"Agdenes (2018-2019)","Universitets- og høgskolenivå, lang","Begge kjønn","Personer 16 år og over (prosent)","2021",0
"Bjugn (2018-2019)","Utdanningsnivå i alt","Begge kjønn","Personer 16 år og over","2021",0
"Bjugn (2018-2019)","Utdanningsnivå i alt","Begge kjønn","Personer 16 år og over (prosent)","2021",0
"Bjugn (2018-2019)","Videregående skolenivå","Begge kjønn","Personer 16 år og over","2021",0
"Bjugn (2018-2019)","Videregående skolenivå","Begge kjønn","Personer 16 år og over (prosent)","2021",0
"Bjugn (2018-2019)","Universitets- og høgskolenivå, kort","Begge kjønn","Personer 16 år og over","2021",0
"Bjugn (2018-2019)","Universitets- og høgskolenivå, kort","Begge kjønn","Personer 16 år og over (prosent)","2021",0
"Bjugn (2018-2019)","Universitets- og høgskolenivå, lang","Begge kjønn","Personer 16 år og over","2021",0
"Bjugn (2018-2019)","Universitets- og høgskolenivå, lang","Begge kjønn","Personer 16 år og over (prosent)","2021",0
"Åfjord (2018-2019)","Utdanningsnivå i alt","Begge kjønn","Personer 16 år og over","2021",0
"Åfjord (2018-2019)","Utdanningsnivå i alt","Begge kjønn","Personer 16 år og over (prosent)","2021",0
"Åfjord (2018-2019)","Videregående skolenivå","Begge kjønn","Personer 16 år og over","2021",0
"Åfjord (2018-2019)","Videregående skolenivå","Begge kjønn","Personer 16 år og over (prosent)","2021",0
"Åfjord (2018-2019)","Universitets- og høgskolenivå, kort","Begge kjønn","Personer 16 år og over","2021",0
"Åfjord (2018-2019)","Universitets- og høgskolenivå, kort","Begge kjønn","Personer 16 år og over (prosent)","2021",0
"Åfjord (2018-2019)","Universitets- og høgskolenivå, lang","Begge kjønn","Personer 16 år og over","2021",0
"Åfjord (2018-2019)","Universitets- og høgskolenivå, lang","Begge kjønn","Personer 16 år og over (prosent)","2021",0
"Roan (2018-2019)","Utdanningsnivå i alt","Begge kjønn","Personer 16 år og over","2021",0
"Roan (2018-2019)","Utdanningsnivå i alt","Begge kjønn","Personer 16 år og over (prosent)","2021",0
"Roan (2018-2019)","Videregående skolenivå","Begge kjønn","Personer 16 år og over","2021",0
"Roan (2018-2019)","Videregående skolenivå","Begge kjønn","Personer 16 år og over (prosent)","2021",0
"Roan (2018-2019)","Universitets- og høgskolenivå, kort","Begge kjønn","Personer 16 år og over","2021",0
"Roan (2018-2019)","Universitets- og høgskolenivå, kort","Begge kjønn","Personer 16 år og over (prosent)","2021",0
"Roan (2018-2019)","Universitets- og høgskolenivå, lang","Begge kjønn","Personer 16 år og over","2021",0
"Roan (2018-2019)","Universitets- og høgskolenivå, lang","Begge kjønn","Personer 16 år og over (prosent)","2021",0
"Osen","Utdanningsnivå i alt","Begge kjønn","Personer 16 år og over","2021",779
"Osen","Utdanningsnivå i alt","Begge kjønn","Personer 16 år og over (prosent)","2021",100
"Osen","Videregående skolenivå","Begge kjønn","Personer 16 år og over","2021",353
"Osen","Videregående skolenivå","Begge kjønn","Personer 16 år og over (prosent)","2021",45.4
"Osen","Universitets- og høgskolenivå, kort","Begge kjønn","Personer 16 år og over","2021",125
"Osen","Universitets- og høgskolenivå, kort","Begge kjønn","Personer 16 år og over (prosent)","2021",16.1
"Osen","Universitets- og høgskolenivå, lang","Begge kjønn","Personer 16 år og over","2021",12
"Osen","Universitets- og høgskolenivå, lang","Begge kjønn","Personer 16 år og over (prosent)","2021",1.5
"Oppdal","Utdanningsnivå i alt","Begge kjønn","Personer 16 år og over","2021",5796
"Oppdal","Utdanningsnivå i alt","Begge kjønn","Personer 16 år og over (prosent)","2021",100
"Oppdal","Videregående skolenivå","Begge kjønn","Personer 16 år og over","2021",2609
"Oppdal","Videregående skolenivå","Begge kjønn","Personer 16 år og over (prosent)","2021",45.3
"Oppdal","Universitets- og høgskolenivå, kort","Begge kjønn","Personer 16 år og over","2021",1205
"Oppdal","Universitets- og høgskolenivå, kort","Begge kjønn","Personer 16 år og over (prosent)","2021",20.9
"Oppdal","Universitets- og høgskolenivå, lang","Begge kjønn","Personer 16 år og over","2021",324
"Oppdal","Universitets- og høgskolenivå, lang","Begge kjønn","Personer 16 år og over (prosent)","2021",5.6
"Rennebu","Utdanningsnivå i alt","Begge kjønn","Personer 16 år og over","2021",2055
"Rennebu","Utdanningsnivå i alt","Begge kjønn","Personer 16 år og over (prosent)","2021",100
"Rennebu","Videregående skolenivå","Begge kjønn","Personer 16 år og over","2021",1003
"Rennebu","Videregående skolenivå","Begge kjønn","Personer 16 år og over (prosent)","2021",49.1
"Rennebu","Universitets- og høgskolenivå, kort","Begge kjønn","Personer 16 år og over","2021",327
"Rennebu","Universitets- og høgskolenivå, kort","Begge kjønn","Personer 16 år og over (prosent)","2021",16
"Rennebu","Universitets- og høgskolenivå, lang","Begge kjønn","Personer 16 år og over","2021",66
"Rennebu","Universitets- og høgskolenivå, lang","Begge kjønn","Personer 16 år og over (prosent)","2021",3.2
"Meldal (2018-2019)","Utdanningsnivå i alt","Begge kjønn","Personer 16 år og over","2021",0
"Meldal (2018-2019)","Utdanningsnivå i alt","Begge kjønn","Personer 16 år og over (prosent)","2021",0
"Meldal (2018-2019)","Videregående skolenivå","Begge kjønn","Personer 16 år og over","2021",0
"Meldal (2018-2019)","Videregående skolenivå","Begge kjønn","Personer 16 år og over (prosent)","2021",0
"Meldal (2018-2019)","Universitets- og høgskolenivå, kort","Begge kjønn","Personer 16 år og over","2021",0
"Meldal (2018-2019)","Universitets- og høgskolenivå, kort","Begge kjønn","Personer 16 år og over (prosent)","2021",0
"Meldal (2018-2019)","Universitets- og høgskolenivå, lang","Begge kjønn","Personer 16 år og over","2021",0
"Meldal (2018-2019)","Universitets- og høgskolenivå, lang","Begge kjønn","Personer 16 år og over (prosent)","2021",0
"Orkdal (2018-2019)","Utdanningsnivå i alt","Begge kjønn","Personer 16 år og over","2021",0
"Orkdal (2018-2019)","Utdanningsnivå i alt","Begge kjønn","Personer 16 år og over (prosent)","2021",0
"Orkdal (2018-2019)","Videregående skolenivå","Begge kjønn","Personer 16 år og over","2021",0
"Orkdal (2018-2019)","Videregående skolenivå","Begge kjønn","Personer 16 år og over (prosent)","2021",0
"Orkdal (2018-2019)","Universitets- og høgskolenivå, kort","Begge kjønn","Personer 16 år og over","2021",0
"Orkdal (2018-2019)","Universitets- og høgskolenivå, kort","Begge kjønn","Personer 16 år og over (prosent)","2021",0
"Orkdal (2018-2019)","Universitets- og høgskolenivå, lang","Begge kjønn","Personer 16 år og over","2021",0
"Orkdal (2018-2019)","Universitets- og høgskolenivå, lang","Begge kjønn","Personer 16 år og over (prosent)","2021",0
"Røros - Rosse","Utdanningsnivå i alt","Begge kjønn","Personer 16 år og over","2021",4713
"Røros - Rosse","Utdanningsnivå i alt","Begge kjønn","Personer 16 år og over (prosent)","2021",100
"Røros - Rosse","Videregående skolenivå","Begge kjønn","Personer 16 år og over","2021",2201
"Røros - Rosse","Videregående skolenivå","Begge kjønn","Personer 16 år og over (prosent)","2021",46.9
"Røros - Rosse","Universitets- og høgskolenivå, kort","Begge kjønn","Personer 16 år og over","2021",1084
"Røros - Rosse","Universitets- og høgskolenivå, kort","Begge kjønn","Personer 16 år og over (prosent)","2021",23.1
"Røros - Rosse","Universitets- og høgskolenivå, lang","Begge kjønn","Personer 16 år og over","2021",324
"Røros - Rosse","Universitets- og høgskolenivå, lang","Begge kjønn","Personer 16 år og over (prosent)","2021",6.9
"Holtålen","Utdanningsnivå i alt","Begge kjønn","Personer 16 år og over","2021",1667
"Holtålen","Utdanningsnivå i alt","Begge kjønn","Personer 16 år og over (prosent)","2021",100
"Holtålen","Videregående skolenivå","Begge kjønn","Personer 16 år og over","2021",872
"Holtålen","Videregående skolenivå","Begge kjønn","Personer 16 år og over (prosent)","2021",52.5
"Holtålen","Universitets- og høgskolenivå, kort","Begge kjønn","Personer 16 år og over","2021",314
"Holtålen","Universitets- og høgskolenivå, kort","Begge kjønn","Personer 16 år og over (prosent)","2021",18.9
"Holtålen","Universitets- og høgskolenivå, lang","Begge kjønn","Personer 16 år og over","2021",46
"Holtålen","Universitets- og høgskolenivå, lang","Begge kjønn","Personer 16 år og over (prosent)","2021",2.8
"Midtre Gauldal","Utdanningsnivå i alt","Begge kjønn","Personer 16 år og over","2021",5084
"Midtre Gauldal","Utdanningsnivå i alt","Begge kjønn","Personer 16 år og over (prosent)","2021",100
"Midtre Gauldal","Videregående skolenivå","Begge kjønn","Personer 16 år og over","2021",2644
"Midtre Gauldal","Videregående skolenivå","Begge kjønn","Personer 16 år og over (prosent)","2021",52.2
"Midtre Gauldal","Universitets- og høgskolenivå, kort","Begge kjønn","Personer 16 år og over","2021",822
"Midtre Gauldal","Universitets- og høgskolenivå, kort","Begge kjønn","Personer 16 år og over (prosent)","2021",16.2
"Midtre Gauldal","Universitets- og høgskolenivå, lang","Begge kjønn","Personer 16 år og over","2021",176
"Midtre Gauldal","Universitets- og høgskolenivå, lang","Begge kjønn","Personer 16 år og over (prosent)","2021",3.5
"Melhus","Utdanningsnivå i alt","Begge kjønn","Personer 16 år og over","2021",13717
"Melhus","Utdanningsnivå i alt","Begge kjønn","Personer 16 år og over (prosent)","2021",100
"Melhus","Videregående skolenivå","Begge kjønn","Personer 16 år og over","2021",6257
"Melhus","Videregående skolenivå","Begge kjønn","Personer 16 år og over (prosent)","2021",45.7
"Melhus","Universitets- og høgskolenivå, kort","Begge kjønn","Personer 16 år og over","2021",2710
"Melhus","Universitets- og høgskolenivå, kort","Begge kjønn","Personer 16 år og over (prosent)","2021",19.8
"Melhus","Universitets- og høgskolenivå, lang","Begge kjønn","Personer 16 år og over","2021",769
"Melhus","Universitets- og høgskolenivå, lang","Begge kjønn","Personer 16 år og over (prosent)","2021",5.6
"Skaun","Utdanningsnivå i alt","Begge kjønn","Personer 16 år og over","2021",6448
"Skaun","Utdanningsnivå i alt","Begge kjønn","Personer 16 år og over (prosent)","2021",100
"Skaun","Videregående skolenivå","Begge kjønn","Personer 16 år og over","2021",2794
"Skaun","Videregående skolenivå","Begge kjønn","Personer 16 år og over (prosent)","2021",43.4
"Skaun","Universitets- og høgskolenivå, kort","Begge kjønn","Personer 16 år og over","2021",1443
"Skaun","Universitets- og høgskolenivå, kort","Begge kjønn","Personer 16 år og over (prosent)","2021",22.4
"Skaun","Universitets- og høgskolenivå, lang","Begge kjønn","Personer 16 år og over","2021",452
"Skaun","Universitets- og høgskolenivå, lang","Begge kjønn","Personer 16 år og over (prosent)","2021",7
"Klæbu (2018-2019)","Utdanningsnivå i alt","Begge kjønn","Personer 16 år og over","2021",0
"Klæbu (2018-2019)","Utdanningsnivå i alt","Begge kjønn","Personer 16 år og over (prosent)","2021",0
"Klæbu (2018-2019)","Videregående skolenivå","Begge kjønn","Personer 16 år og over","2021",0
"Klæbu (2018-2019)","Videregående skolenivå","Begge kjønn","Personer 16 år og over (prosent)","2021",0
"Klæbu (2018-2019)","Universitets- og høgskolenivå, kort","Begge kjønn","Personer 16 år og over","2021",0
"Klæbu (2018-2019)","Universitets- og høgskolenivå, kort","Begge kjønn","Personer 16 år og over (prosent)","2021",0
"Klæbu (2018-2019)","Universitets- og høgskolenivå, lang","Begge kjønn","Personer 16 år og over","2021",0
"Klæbu (2018-2019)","Universitets- og høgskolenivå, lang","Begge kjønn","Personer 16 år og over (prosent)","2021",0
"Malvik","Utdanningsnivå i alt","Begge kjønn","Personer 16 år og over","2021",11285
"Malvik","Utdanningsnivå i alt","Begge kjønn","Personer 16 år og over (prosent)","2021",100
"Malvik","Videregående skolenivå","Begge kjønn","Personer 16 år og over","2021",4309
"Malvik","Videregående skolenivå","Begge kjønn","Personer 16 år og over (prosent)","2021",38.3
"Malvik","Universitets- og høgskolenivå, kort","Begge kjønn","Personer 16 år og over","2021",2894
"Malvik","Universitets- og høgskolenivå, kort","Begge kjønn","Personer 16 år og over (prosent)","2021",25.7
"Malvik","Universitets- og høgskolenivå, lang","Begge kjønn","Personer 16 år og over","2021",1322
"Malvik","Universitets- og høgskolenivå, lang","Begge kjønn","Personer 16 år og over (prosent)","2021",11.7
"Selbu","Utdanningsnivå i alt","Begge kjønn","Personer 16 år og over","2021",3389
"Selbu","Utdanningsnivå i alt","Begge kjønn","Personer 16 år og over (prosent)","2021",100
"Selbu","Videregående skolenivå","Begge kjønn","Personer 16 år og over","2021",1675
"Selbu","Videregående skolenivå","Begge kjønn","Personer 16 år og over (prosent)","2021",49.6
"Selbu","Universitets- og høgskolenivå, kort","Begge kjønn","Personer 16 år og over","2021",640
"Selbu","Universitets- og høgskolenivå, kort","Begge kjønn","Personer 16 år og over (prosent)","2021",18.9
"Selbu","Universitets- og høgskolenivå, lang","Begge kjønn","Personer 16 år og over","2021",147
"Selbu","Universitets- og høgskolenivå, lang","Begge kjønn","Personer 16 år og over (prosent)","2021",4.3
"Tydal","Utdanningsnivå i alt","Begge kjønn","Personer 16 år og over","2021",651
"Tydal","Utdanningsnivå i alt","Begge kjønn","Personer 16 år og over (prosent)","2021",100
"Tydal","Videregående skolenivå","Begge kjønn","Personer 16 år og over","2021",330
"Tydal","Videregående skolenivå","Begge kjønn","Personer 16 år og over (prosent)","2021",50.8
"Tydal","Universitets- og høgskolenivå, kort","Begge kjønn","Personer 16 år og over","2021",116
"Tydal","Universitets- og høgskolenivå, kort","Begge kjønn","Personer 16 år og over (prosent)","2021",17.8
"Tydal","Universitets- og høgskolenivå, lang","Begge kjønn","Personer 16 år og over","2021",19
"Tydal","Universitets- og høgskolenivå, lang","Begge kjønn","Personer 16 år og over (prosent)","2021",2.9
"Meråker","Utdanningsnivå i alt","Begge kjønn","Personer 16 år og over","2021",2016
"Meråker","Utdanningsnivå i alt","Begge kjønn","Personer 16 år og over (prosent)","2021",100
"Meråker","Videregående skolenivå","Begge kjønn","Personer 16 år og over","2021",942
"Meråker","Videregående skolenivå","Begge kjønn","Personer 16 år og over (prosent)","2021",47
"Meråker","Universitets- og høgskolenivå, kort","Begge kjønn","Personer 16 år og over","2021",366
"Meråker","Universitets- og høgskolenivå, kort","Begge kjønn","Personer 16 år og over (prosent)","2021",18.3
"Meråker","Universitets- og høgskolenivå, lang","Begge kjønn","Personer 16 år og over","2021",71
"Meråker","Universitets- og høgskolenivå, lang","Begge kjønn","Personer 16 år og over (prosent)","2021",3.5
"Stjørdal","Utdanningsnivå i alt","Begge kjønn","Personer 16 år og over","2021",19625
"Stjørdal","Utdanningsnivå i alt","Begge kjønn","Personer 16 år og over (prosent)","2021",100
"Stjørdal","Videregående skolenivå","Begge kjønn","Personer 16 år og over","2021",8394
"Stjørdal","Videregående skolenivå","Begge kjønn","Personer 16 år og over (prosent)","2021",42.9
"Stjørdal","Universitets- og høgskolenivå, kort","Begge kjønn","Personer 16 år og over","2021",4407
"Stjørdal","Universitets- og høgskolenivå, kort","Begge kjønn","Personer 16 år og over (prosent)","2021",22.5
"Stjørdal","Universitets- og høgskolenivå, lang","Begge kjønn","Personer 16 år og over","2021",1336
"Stjørdal","Universitets- og høgskolenivå, lang","Begge kjønn","Personer 16 år og over (prosent)","2021",6.8
"Frosta","Utdanningsnivå i alt","Begge kjønn","Personer 16 år og over","2021",2188
"Frosta","Utdanningsnivå i alt","Begge kjønn","Personer 16 år og over (prosent)","2021",100
"Frosta","Videregående skolenivå","Begge kjønn","Personer 16 år og over","2021",1063
"Frosta","Videregående skolenivå","Begge kjønn","Personer 16 år og over (prosent)","2021",48.8
"Frosta","Universitets- og høgskolenivå, kort","Begge kjønn","Personer 16 år og over","2021",410
"Frosta","Universitets- og høgskolenivå, kort","Begge kjønn","Personer 16 år og over (prosent)","2021",18.8
"Frosta","Universitets- og høgskolenivå, lang","Begge kjønn","Personer 16 år og over","2021",82
"Frosta","Universitets- og høgskolenivå, lang","Begge kjønn","Personer 16 år og over (prosent)","2021",3.8
"Levanger - Levangke","Utdanningsnivå i alt","Begge kjønn","Personer 16 år og over","2021",16354
"Levanger - Levangke","Utdanningsnivå i alt","Begge kjønn","Personer 16 år og over (prosent)","2021",100
"Levanger - Levangke","Videregående skolenivå","Begge kjønn","Personer 16 år og over","2021",6605
"Levanger - Levangke","Videregående skolenivå","Begge kjønn","Personer 16 år og over (prosent)","2021",40.5
"Levanger - Levangke","Universitets- og høgskolenivå, kort","Begge kjønn","Personer 16 år og over","2021",4474
"Levanger - Levangke","Universitets- og høgskolenivå, kort","Begge kjønn","Personer 16 år og over (prosent)","2021",27.4
"Levanger - Levangke","Universitets- og høgskolenivå, lang","Begge kjønn","Personer 16 år og over","2021",1338
"Levanger - Levangke","Universitets- og høgskolenivå, lang","Begge kjønn","Personer 16 år og over (prosent)","2021",8.2
"Verdal","Utdanningsnivå i alt","Begge kjønn","Personer 16 år og over","2021",12401
"Verdal","Utdanningsnivå i alt","Begge kjønn","Personer 16 år og over (prosent)","2021",100
"Verdal","Videregående skolenivå","Begge kjønn","Personer 16 år og over","2021",5697
"Verdal","Videregående skolenivå","Begge kjønn","Personer 16 år og over (prosent)","2021",46.1
"Verdal","Universitets- og høgskolenivå, kort","Begge kjønn","Personer 16 år og over","2021",2483
"Verdal","Universitets- og høgskolenivå, kort","Begge kjønn","Personer 16 år og over (prosent)","2021",20.1
"Verdal","Universitets- og høgskolenivå, lang","Begge kjønn","Personer 16 år og over","2021",506
"Verdal","Universitets- og høgskolenivå, lang","Begge kjønn","Personer 16 år og over (prosent)","2021",4.1
"Verran (2018-2019)","Utdanningsnivå i alt","Begge kjønn","Personer 16 år og over","2021",0
"Verran (2018-2019)","Utdanningsnivå i alt","Begge kjønn","Personer 16 år og over (prosent)","2021",0
"Verran (2018-2019)","Videregående skolenivå","Begge kjønn","Personer 16 år og over","2021",0
"Verran (2018-2019)","Videregående skolenivå","Begge kjønn","Personer 16 år og over (prosent)","2021",0
"Verran (2018-2019)","Universitets- og høgskolenivå, kort","Begge kjønn","Personer 16 år og over","2021",0
"Verran (2018-2019)","Universitets- og høgskolenivå, kort","Begge kjønn","Personer 16 år og over (prosent)","2021",0
"Verran (2018-2019)","Universitets- og høgskolenivå, lang","Begge kjønn","Personer 16 år og over","2021",0
"Verran (2018-2019)","Universitets- og høgskolenivå, lang","Begge kjønn","Personer 16 år og over (prosent)","2021",0
"Namdalseid (2018-2019)","Utdanningsnivå i alt","Begge kjønn","Personer 16 år og over","2021",0
"Namdalseid (2018-2019)","Utdanningsnivå i alt","Begge kjønn","Personer 16 år og over (prosent)","2021",0
"Namdalseid (2018-2019)","Videregående skolenivå","Begge kjønn","Personer 16 år og over","2021",0
"Namdalseid (2018-2019)","Videregående skolenivå","Begge kjønn","Personer 16 år og over (prosent)","2021",0
"Namdalseid (2018-2019)","Universitets- og høgskolenivå, kort","Begge kjønn","Personer 16 år og over","2021",0
"Namdalseid (2018-2019)","Universitets- og høgskolenivå, kort","Begge kjønn","Personer 16 år og over (prosent)","2021",0
"Namdalseid (2018-2019)","Universitets- og høgskolenivå, lang","Begge kjønn","Personer 16 år og over","2021",0
"Namdalseid (2018-2019)","Universitets- og høgskolenivå, lang","Begge kjønn","Personer 16 år og over (prosent)","2021",0
"Snåase - Snåsa","Utdanningsnivå i alt","Begge kjønn","Personer 16 år og over","2021",1692
"Snåase - Snåsa","Utdanningsnivå i alt","Begge kjønn","Personer 16 år og over (prosent)","2021",100
"Snåase - Snåsa","Videregående skolenivå","Begge kjønn","Personer 16 år og over","2021",777
"Snåase - Snåsa","Videregående skolenivå","Begge kjønn","Personer 16 år og over (prosent)","2021",46.2
"Snåase - Snåsa","Universitets- og høgskolenivå, kort","Begge kjønn","Personer 16 år og over","2021",376
"Snåase - Snåsa","Universitets- og høgskolenivå, kort","Begge kjønn","Personer 16 år og over (prosent)","2021",22.4
"Snåase - Snåsa","Universitets- og høgskolenivå, lang","Begge kjønn","Personer 16 år og over","2021",101
"Snåase - Snåsa","Universitets- og høgskolenivå, lang","Begge kjønn","Personer 16 år og over (prosent)","2021",6
"Lierne","Utdanningsnivå i alt","Begge kjønn","Personer 16 år og over","2021",1131
"Lierne","Utdanningsnivå i alt","Begge kjønn","Personer 16 år og over (prosent)","2021",100
"Lierne","Videregående skolenivå","Begge kjønn","Personer 16 år og over","2021",574
"Lierne","Videregående skolenivå","Begge kjønn","Personer 16 år og over (prosent)","2021",50.9
"Lierne","Universitets- og høgskolenivå, kort","Begge kjønn","Personer 16 år og over","2021",217
"Lierne","Universitets- og høgskolenivå, kort","Begge kjønn","Personer 16 år og over (prosent)","2021",19.3
"Lierne","Universitets- og høgskolenivå, lang","Begge kjønn","Personer 16 år og over","2021",35
"Lierne","Universitets- og høgskolenivå, lang","Begge kjønn","Personer 16 år og over (prosent)","2021",3.1
"Raarvihke - Røyrvik","Utdanningsnivå i alt","Begge kjønn","Personer 16 år og over","2021",377
"Raarvihke - Røyrvik","Utdanningsnivå i alt","Begge kjønn","Personer 16 år og over (prosent)","2021",100
"Raarvihke - Røyrvik","Videregående skolenivå","Begge kjønn","Personer 16 år og over","2021",162
"Raarvihke - Røyrvik","Videregående skolenivå","Begge kjønn","Personer 16 år og over (prosent)","2021",43.1
"Raarvihke - Røyrvik","Universitets- og høgskolenivå, kort","Begge kjønn","Personer 16 år og over","2021",68
"Raarvihke - Røyrvik","Universitets- og høgskolenivå, kort","Begge kjønn","Personer 16 år og over (prosent)","2021",18.1
"Raarvihke - Røyrvik","Universitets- og høgskolenivå, lang","Begge kjønn","Personer 16 år og over","2021",13
"Raarvihke - Røyrvik","Universitets- og høgskolenivå, lang","Begge kjønn","Personer 16 år og over (prosent)","2021",3.5
"Namsskogan","Utdanningsnivå i alt","Begge kjønn","Personer 16 år og over","2021",698
"Namsskogan","Utdanningsnivå i alt","Begge kjønn","Personer 16 år og over (prosent)","2021",100
"Namsskogan","Videregående skolenivå","Begge kjønn","Personer 16 år og over","2021",333
"Namsskogan","Videregående skolenivå","Begge kjønn","Personer 16 år og over (prosent)","2021",47.8
"Namsskogan","Universitets- og høgskolenivå, kort","Begge kjønn","Personer 16 år og over","2021",100
"Namsskogan","Universitets- og høgskolenivå, kort","Begge kjønn","Personer 16 år og over (prosent)","2021",14.4
"Namsskogan","Universitets- og høgskolenivå, lang","Begge kjønn","Personer 16 år og over","2021",10
"Namsskogan","Universitets- og høgskolenivå, lang","Begge kjønn","Personer 16 år og over (prosent)","2021",1.4
"Grong","Utdanningsnivå i alt","Begge kjønn","Personer 16 år og over","2021",1892
"Grong","Utdanningsnivå i alt","Begge kjønn","Personer 16 år og over (prosent)","2021",100
"Grong","Videregående skolenivå","Begge kjønn","Personer 16 år og over","2021",861
"Grong","Videregående skolenivå","Begge kjønn","Personer 16 år og over (prosent)","2021",45.7
"Grong","Universitets- og høgskolenivå, kort","Begge kjønn","Personer 16 år og over","2021",406
"Grong","Universitets- og høgskolenivå, kort","Begge kjønn","Personer 16 år og over (prosent)","2021",21.5
"Grong","Universitets- og høgskolenivå, lang","Begge kjønn","Personer 16 år og over","2021",82
"Grong","Universitets- og høgskolenivå, lang","Begge kjønn","Personer 16 år og over (prosent)","2021",4.3
"Høylandet","Utdanningsnivå i alt","Begge kjønn","Personer 16 år og over","2021",976
"Høylandet","Utdanningsnivå i alt","Begge kjønn","Personer 16 år og over (prosent)","2021",100
"Høylandet","Videregående skolenivå","Begge kjønn","Personer 16 år og over","2021",453
"Høylandet","Videregående skolenivå","Begge kjønn","Personer 16 år og over (prosent)","2021",46.5
"Høylandet","Universitets- og høgskolenivå, kort","Begge kjønn","Personer 16 år og over","2021",233
"Høylandet","Universitets- og høgskolenivå, kort","Begge kjønn","Personer 16 år og over (prosent)","2021",23.9
"Høylandet","Universitets- og høgskolenivå, lang","Begge kjønn","Personer 16 år og over","2021",36
"Høylandet","Universitets- og høgskolenivå, lang","Begge kjønn","Personer 16 år og over (prosent)","2021",3.7
"Overhalla","Utdanningsnivå i alt","Begge kjønn","Personer 16 år og over","2021",3021
"Overhalla","Utdanningsnivå i alt","Begge kjønn","Personer 16 år og over (prosent)","2021",100
"Overhalla","Videregående skolenivå","Begge kjønn","Personer 16 år og over","2021",1400
"Overhalla","Videregående skolenivå","Begge kjønn","Personer 16 år og over (prosent)","2021",46.4
"Overhalla","Universitets- og høgskolenivå, kort","Begge kjønn","Personer 16 år og over","2021",683
"Overhalla","Universitets- og høgskolenivå, kort","Begge kjønn","Personer 16 år og over (prosent)","2021",22.7
"Overhalla","Universitets- og høgskolenivå, lang","Begge kjønn","Personer 16 år og over","2021",142
"Overhalla","Universitets- og høgskolenivå, lang","Begge kjønn","Personer 16 år og over (prosent)","2021",4.7
"Fosnes (2018-2019)","Utdanningsnivå i alt","Begge kjønn","Personer 16 år og over","2021",0
"Fosnes (2018-2019)","Utdanningsnivå i alt","Begge kjønn","Personer 16 år og over (prosent)","2021",0
"Fosnes (2018-2019)","Videregående skolenivå","Begge kjønn","Personer 16 år og over","2021",0
"Fosnes (2018-2019)","Videregående skolenivå","Begge kjønn","Personer 16 år og over (prosent)","2021",0
"Fosnes (2018-2019)","Universitets- og høgskolenivå, kort","Begge kjønn","Personer 16 år og over","2021",0
"Fosnes (2018-2019)","Universitets- og høgskolenivå, kort","Begge kjønn","Personer 16 år og over (prosent)","2021",0
"Fosnes (2018-2019)","Universitets- og høgskolenivå, lang","Begge kjønn","Personer 16 år og over","2021",0
"Fosnes (2018-2019)","Universitets- og høgskolenivå, lang","Begge kjønn","Personer 16 år og over (prosent)","2021",0
"Flatanger","Utdanningsnivå i alt","Begge kjønn","Personer 16 år og over","2021",953
"Flatanger","Utdanningsnivå i alt","Begge kjønn","Personer 16 år og over (prosent)","2021",100
"Flatanger","Videregående skolenivå","Begge kjønn","Personer 16 år og over","2021",433
"Flatanger","Videregående skolenivå","Begge kjønn","Personer 16 år og over (prosent)","2021",45.6
"Flatanger","Universitets- og høgskolenivå, kort","Begge kjønn","Personer 16 år og over","2021",195
"Flatanger","Universitets- og høgskolenivå, kort","Begge kjønn","Personer 16 år og over (prosent)","2021",20.5
"Flatanger","Universitets- og høgskolenivå, lang","Begge kjønn","Personer 16 år og over","2021",55
"Flatanger","Universitets- og høgskolenivå, lang","Begge kjønn","Personer 16 år og over (prosent)","2021",5.8
"Vikna (2018-2019)","Utdanningsnivå i alt","Begge kjønn","Personer 16 år og over","2021",0
"Vikna (2018-2019)","Utdanningsnivå i alt","Begge kjønn","Personer 16 år og over (prosent)","2021",0
"Vikna (2018-2019)","Videregående skolenivå","Begge kjønn","Personer 16 år og over","2021",0
"Vikna (2018-2019)","Videregående skolenivå","Begge kjønn","Personer 16 år og over (prosent)","2021",0
"Vikna (2018-2019)","Universitets- og høgskolenivå, kort","Begge kjønn","Personer 16 år og over","2021",0
"Vikna (2018-2019)","Universitets- og høgskolenivå, kort","Begge kjønn","Personer 16 år og over (prosent)","2021",0
"Vikna (2018-2019)","Universitets- og høgskolenivå, lang","Begge kjønn","Personer 16 år og over","2021",0
"Vikna (2018-2019)","Universitets- og høgskolenivå, lang","Begge kjønn","Personer 16 år og over (prosent)","2021",0
"Nærøy (2018-2019)","Utdanningsnivå i alt","Begge kjønn","Personer 16 år og over","2021",0
"Nærøy (2018-2019)","Utdanningsnivå i alt","Begge kjønn","Personer 16 år og over (prosent)","2021",0
"Nærøy (2018-2019)","Videregående skolenivå","Begge kjønn","Personer 16 år og over","2021",0
"Nærøy (2018-2019)","Videregående skolenivå","Begge kjønn","Personer 16 år og over (prosent)","2021",0
"Nærøy (2018-2019)","Universitets- og høgskolenivå, kort","Begge kjønn","Personer 16 år og over","2021",0
"Nærøy (2018-2019)","Universitets- og høgskolenivå, kort","Begge kjønn","Personer 16 år og over (prosent)","2021",0
"Nærøy (2018-2019)","Universitets- og høgskolenivå, lang","Begge kjønn","Personer 16 år og over","2021",0
"Nærøy (2018-2019)","Universitets- og høgskolenivå, lang","Begge kjønn","Personer 16 år og over (prosent)","2021",0
"Leka","Utdanningsnivå i alt","Begge kjønn","Personer 16 år og over","2021",472
"Leka","Utdanningsnivå i alt","Begge kjønn","Personer 16 år og over (prosent)","2021",100
"Leka","Videregående skolenivå","Begge kjønn","Personer 16 år og over","2021",213
"Leka","Videregående skolenivå","Begge kjønn","Personer 16 år og over (prosent)","2021",45.2
"Leka","Universitets- og høgskolenivå, kort","Begge kjønn","Personer 16 år og over","2021",72
"Leka","Universitets- og høgskolenivå, kort","Begge kjønn","Personer 16 år og over (prosent)","2021",15.3
"Leka","Universitets- og høgskolenivå, lang","Begge kjønn","Personer 16 år og over","2021",10
"Leka","Universitets- og høgskolenivå, lang","Begge kjønn","Personer 16 år og over (prosent)","2021",2.1
"Inderøy","Utdanningsnivå i alt","Begge kjønn","Personer 16 år og over","2021",5551
"Inderøy","Utdanningsnivå i alt","Begge kjønn","Personer 16 år og over (prosent)","2021",100
"Inderøy","Videregående skolenivå","Begge kjønn","Personer 16 år og over","2021",2420
"Inderøy","Videregående skolenivå","Begge kjønn","Personer 16 år og over (prosent)","2021",43.7
"Inderøy","Universitets- og høgskolenivå, kort","Begge kjønn","Personer 16 år og over","2021",1402
"Inderøy","Universitets- og høgskolenivå, kort","Begge kjønn","Personer 16 år og over (prosent)","2021",25.3
"Inderøy","Universitets- og høgskolenivå, lang","Begge kjønn","Personer 16 år og over","2021",367
"Inderøy","Universitets- og høgskolenivå, lang","Begge kjønn","Personer 16 år og over (prosent)","2021",6.6
"Indre Fosen","Utdanningsnivå i alt","Begge kjønn","Personer 16 år og over","2021",8210
"Indre Fosen","Utdanningsnivå i alt","Begge kjønn","Personer 16 år og over (prosent)","2021",100
"Indre Fosen","Videregående skolenivå","Begge kjønn","Personer 16 år og over","2021",3842
"Indre Fosen","Videregående skolenivå","Begge kjønn","Personer 16 år og over (prosent)","2021",46.9
"Indre Fosen","Universitets- og høgskolenivå, kort","Begge kjønn","Personer 16 år og over","2021",1499
"Indre Fosen","Universitets- og høgskolenivå, kort","Begge kjønn","Personer 16 år og over (prosent)","2021",18.3
"Indre Fosen","Universitets- og høgskolenivå, lang","Begge kjønn","Personer 16 år og over","2021",352
"Indre Fosen","Universitets- og høgskolenivå, lang","Begge kjønn","Personer 16 år og over (prosent)","2021",4.3
"Heim","Utdanningsnivå i alt","Begge kjønn","Personer 16 år og over","2021",4947
"Heim","Utdanningsnivå i alt","Begge kjønn","Personer 16 år og over (prosent)","2021",100
"Heim","Videregående skolenivå","Begge kjønn","Personer 16 år og over","2021",2487
"Heim","Videregående skolenivå","Begge kjønn","Personer 16 år og over (prosent)","2021",50.4
"Heim","Universitets- og høgskolenivå, kort","Begge kjønn","Personer 16 år og over","2021",817
"Heim","Universitets- og høgskolenivå, kort","Begge kjønn","Personer 16 år og over (prosent)","2021",16.6
"Heim","Universitets- og høgskolenivå, lang","Begge kjønn","Personer 16 år og over","2021",169
"Heim","Universitets- og høgskolenivå, lang","Begge kjønn","Personer 16 år og over (prosent)","2021",3.4
"Hitra","Utdanningsnivå i alt","Begge kjønn","Personer 16 år og over","2021",4352
"Hitra","Utdanningsnivå i alt","Begge kjønn","Personer 16 år og over (prosent)","2021",100
"Hitra","Videregående skolenivå","Begge kjønn","Personer 16 år og over","2021",1963
"Hitra","Videregående skolenivå","Begge kjønn","Personer 16 år og over (prosent)","2021",45.3
"Hitra","Universitets- og høgskolenivå, kort","Begge kjønn","Personer 16 år og over","2021",754
"Hitra","Universitets- og høgskolenivå, kort","Begge kjønn","Personer 16 år og over (prosent)","2021",17.4
"Hitra","Universitets- og høgskolenivå, lang","Begge kjønn","Personer 16 år og over","2021",223
"Hitra","Universitets- og høgskolenivå, lang","Begge kjønn","Personer 16 år og over (prosent)","2021",5.2
"Ørland","Utdanningsnivå i alt","Begge kjønn","Personer 16 år og over","2021",8504
"Ørland","Utdanningsnivå i alt","Begge kjønn","Personer 16 år og over (prosent)","2021",100
"Ørland","Videregående skolenivå","Begge kjønn","Personer 16 år og over","2021",3761
"Ørland","Videregående skolenivå","Begge kjønn","Personer 16 år og over (prosent)","2021",44.4
"Ørland","Universitets- og høgskolenivå, kort","Begge kjønn","Personer 16 år og over","2021",1630
"Ørland","Universitets- og høgskolenivå, kort","Begge kjønn","Personer 16 år og over (prosent)","2021",19.2
"Ørland","Universitets- og høgskolenivå, lang","Begge kjønn","Personer 16 år og over","2021",369
"Ørland","Universitets- og høgskolenivå, lang","Begge kjønn","Personer 16 år og over (prosent)","2021",4.4
"Åfjord","Utdanningsnivå i alt","Begge kjønn","Personer 16 år og over","2021",3587
"Åfjord","Utdanningsnivå i alt","Begge kjønn","Personer 16 år og over (prosent)","2021",100
"Åfjord","Videregående skolenivå","Begge kjønn","Personer 16 år og over","2021",1702
"Åfjord","Videregående skolenivå","Begge kjønn","Personer 16 år og over (prosent)","2021",47.6
"Åfjord","Universitets- og høgskolenivå, kort","Begge kjønn","Personer 16 år og over","2021",606
"Åfjord","Universitets- og høgskolenivå, kort","Begge kjønn","Personer 16 år og over (prosent)","2021",17
"Åfjord","Universitets- og høgskolenivå, lang","Begge kjønn","Personer 16 år og over","2021",123
"Åfjord","Universitets- og høgskolenivå, lang","Begge kjønn","Personer 16 år og over (prosent)","2021",3.4
"Orkland","Utdanningsnivå i alt","Begge kjønn","Personer 16 år og over","2021",15182
"Orkland","Utdanningsnivå i alt","Begge kjønn","Personer 16 år og over (prosent)","2021",100
"Orkland","Videregående skolenivå","Begge kjønn","Personer 16 år og over","2021",7051
"Orkland","Videregående skolenivå","Begge kjønn","Personer 16 år og over (prosent)","2021",46.6
"Orkland","Universitets- og høgskolenivå, kort","Begge kjønn","Personer 16 år og over","2021",2797
"Orkland","Universitets- og høgskolenivå, kort","Begge kjønn","Personer 16 år og over (prosent)","2021",18.5
"Orkland","Universitets- og høgskolenivå, lang","Begge kjønn","Personer 16 år og over","2021",635
"Orkland","Universitets- og høgskolenivå, lang","Begge kjønn","Personer 16 år og over (prosent)","2021",4.2
"Nærøysund","Utdanningsnivå i alt","Begge kjønn","Personer 16 år og over","2021",7907
"Nærøysund","Utdanningsnivå i alt","Begge kjønn","Personer 16 år og over (prosent)","2021",100
"Nærøysund","Videregående skolenivå","Begge kjønn","Personer 16 år og over","2021",3340
"Nærøysund","Videregående skolenivå","Begge kjønn","Personer 16 år og over (prosent)","2021",42.3
"Nærøysund","Universitets- og høgskolenivå, kort","Begge kjønn","Personer 16 år og over","2021",1340
"Nærøysund","Universitets- og høgskolenivå, kort","Begge kjønn","Personer 16 år og over (prosent)","2021",17
"Nærøysund","Universitets- og høgskolenivå, lang","Begge kjønn","Personer 16 år og over","2021",325
"Nærøysund","Universitets- og høgskolenivå, lang","Begge kjønn","Personer 16 år og over (prosent)","2021",4.1
"Rindal","Utdanningsnivå i alt","Begge kjønn","Personer 16 år og over","2021",1662
"Rindal","Utdanningsnivå i alt","Begge kjønn","Personer 16 år og over (prosent)","2021",100
"Rindal","Videregående skolenivå","Begge kjønn","Personer 16 år og over","2021",845
"Rindal","Videregående skolenivå","Begge kjønn","Personer 16 år og over (prosent)","2021",50.9
"Rindal","Universitets- og høgskolenivå, kort","Begge kjønn","Personer 16 år og over","2021",302
"Rindal","Universitets- og høgskolenivå, kort","Begge kjønn","Personer 16 år og over (prosent)","2021",18.2
"Rindal","Universitets- og høgskolenivå, lang","Begge kjønn","Personer 16 år og over","2021",58
"Rindal","Universitets- og høgskolenivå, lang","Begge kjønn","Personer 16 år og over (prosent)","2021",3.5
"Trondheim (-2017)","Utdanningsnivå i alt","Begge kjønn","Personer 16 år og over","2021",0
"Trondheim (-2017)","Utdanningsnivå i alt","Begge kjønn","Personer 16 år og over (prosent)","2021",0
"Trondheim (-2017)","Videregående skolenivå","Begge kjønn","Personer 16 år og over","2021",0
"Trondheim (-2017)","Videregående skolenivå","Begge kjønn","Personer 16 år og over (prosent)","2021",0
"Trondheim (-2017)","Universitets- og høgskolenivå, kort","Begge kjønn","Personer 16 år og over","2021",0
"Trondheim (-2017)","Universitets- og høgskolenivå, kort","Begge kjønn","Personer 16 år og over (prosent)","2021",0
"Trondheim (-2017)","Universitets- og høgskolenivå, lang","Begge kjønn","Personer 16 år og over","2021",0
"Trondheim (-2017)","Universitets- og høgskolenivå, lang","Begge kjønn","Personer 16 år og over (prosent)","2021",0
"Hemne (-2017)","Utdanningsnivå i alt","Begge kjønn","Personer 16 år og over","2021",0
"Hemne (-2017)","Utdanningsnivå i alt","Begge kjønn","Personer 16 år og over (prosent)","2021",0
"Hemne (-2017)","Videregående skolenivå","Begge kjønn","Personer 16 år og over","2021",0
"Hemne (-2017)","Videregående skolenivå","Begge kjønn","Personer 16 år og over (prosent)","2021",0
"Hemne (-2017)","Universitets- og høgskolenivå, kort","Begge kjønn","Personer 16 år og over","2021",0
"Hemne (-2017)","Universitets- og høgskolenivå, kort","Begge kjønn","Personer 16 år og over (prosent)","2021",0
"Hemne (-2017)","Universitets- og høgskolenivå, lang","Begge kjønn","Personer 16 år og over","2021",0
"Hemne (-2017)","Universitets- og høgskolenivå, lang","Begge kjønn","Personer 16 år og over (prosent)","2021",0
"Snillfjord (1924-2017)","Utdanningsnivå i alt","Begge kjønn","Personer 16 år og over","2021",0
"Snillfjord (1924-2017)","Utdanningsnivå i alt","Begge kjønn","Personer 16 år og over (prosent)","2021",0
"Snillfjord (1924-2017)","Videregående skolenivå","Begge kjønn","Personer 16 år og over","2021",0
"Snillfjord (1924-2017)","Videregående skolenivå","Begge kjønn","Personer 16 år og over (prosent)","2021",0
"Snillfjord (1924-2017)","Universitets- og høgskolenivå, kort","Begge kjønn","Personer 16 år og over","2021",0
"Snillfjord (1924-2017)","Universitets- og høgskolenivå, kort","Begge kjønn","Personer 16 år og over (prosent)","2021",0
"Snillfjord (1924-2017)","Universitets- og høgskolenivå, lang","Begge kjønn","Personer 16 år og over","2021",0
"Snillfjord (1924-2017)","Universitets- og høgskolenivå, lang","Begge kjønn","Personer 16 år og over (prosent)","2021",0
"Hitra (-2017)","Utdanningsnivå i alt","Begge kjønn","Personer 16 år og over","2021",0
"Hitra (-2017)","Utdanningsnivå i alt","Begge kjønn","Personer 16 år og over (prosent)","2021",0
"Hitra (-2017)","Videregående skolenivå","Begge kjønn","Personer 16 år og over","2021",0
"Hitra (-2017)","Videregående skolenivå","Begge kjønn","Personer 16 år og over (prosent)","2021",0
"Hitra (-2017)","Universitets- og høgskolenivå, kort","Begge kjønn","Personer 16 år og over","2021",0
"Hitra (-2017)","Universitets- og høgskolenivå, kort","Begge kjønn","Personer 16 år og over (prosent)","2021",0
"Hitra (-2017)","Universitets- og høgskolenivå, lang","Begge kjønn","Personer 16 år og over","2021",0
"Hitra (-2017)","Universitets- og høgskolenivå, lang","Begge kjønn","Personer 16 år og over (prosent)","2021",0
"Frøya (1964-2017)","Utdanningsnivå i alt","Begge kjønn","Personer 16 år og over","2021",0
"Frøya (1964-2017)","Utdanningsnivå i alt","Begge kjønn","Personer 16 år og over (prosent)","2021",0
"Frøya (1964-2017)","Videregående skolenivå","Begge kjønn","Personer 16 år og over","2021",0
"Frøya (1964-2017)","Videregående skolenivå","Begge kjønn","Personer 16 år og over (prosent)","2021",0
"Frøya (1964-2017)","Universitets- og høgskolenivå, kort","Begge kjønn","Personer 16 år og over","2021",0
"Frøya (1964-2017)","Universitets- og høgskolenivå, kort","Begge kjønn","Personer 16 år og over (prosent)","2021",0
"Frøya (1964-2017)","Universitets- og høgskolenivå, lang","Begge kjønn","Personer 16 år og over","2021",0
"Frøya (1964-2017)","Universitets- og høgskolenivå, lang","Begge kjønn","Personer 16 år og over (prosent)","2021",0
"Ørland (-2017)","Utdanningsnivå i alt","Begge kjønn","Personer 16 år og over","2021",0
"Ørland (-2017)","Utdanningsnivå i alt","Begge kjønn","Personer 16 år og over (prosent)","2021",0
"Ørland (-2017)","Videregående skolenivå","Begge kjønn","Personer 16 år og over","2021",0
"Ørland (-2017)","Videregående skolenivå","Begge kjønn","Personer 16 år og over (prosent)","2021",0
"Ørland (-2017)","Universitets- og høgskolenivå, kort","Begge kjønn","Personer 16 år og over","2021",0
"Ørland (-2017)","Universitets- og høgskolenivå, kort","Begge kjønn","Personer 16 år og over (prosent)","2021",0
"Ørland (-2017)","Universitets- og høgskolenivå, lang","Begge kjønn","Personer 16 år og over","2021",0
"Ørland (-2017)","Universitets- og høgskolenivå, lang","Begge kjønn","Personer 16 år og over (prosent)","2021",0
"Agdenes (-2017)","Utdanningsnivå i alt","Begge kjønn","Personer 16 år og over","2021",0
"Agdenes (-2017)","Utdanningsnivå i alt","Begge kjønn","Personer 16 år og over (prosent)","2021",0
"Agdenes (-2017)","Videregående skolenivå","Begge kjønn","Personer 16 år og over","2021",0
"Agdenes (-2017)","Videregående skolenivå","Begge kjønn","Personer 16 år og over (prosent)","2021",0
"Agdenes (-2017)","Universitets- og høgskolenivå, kort","Begge kjønn","Personer 16 år og over","2021",0
"Agdenes (-2017)","Universitets- og høgskolenivå, kort","Begge kjønn","Personer 16 år og over (prosent)","2021",0
"Agdenes (-2017)","Universitets- og høgskolenivå, lang","Begge kjønn","Personer 16 år og over","2021",0
"Agdenes (-2017)","Universitets- og høgskolenivå, lang","Begge kjønn","Personer 16 år og over (prosent)","2021",0
"Rissa (-2017)","Utdanningsnivå i alt","Begge kjønn","Personer 16 år og over","2021",0
"Rissa (-2017)","Utdanningsnivå i alt","Begge kjønn","Personer 16 år og over (prosent)","2021",0
"Rissa (-2017)","Videregående skolenivå","Begge kjønn","Personer 16 år og over","2021",0
"Rissa (-2017)","Videregående skolenivå","Begge kjønn","Personer 16 år og over (prosent)","2021",0
"Rissa (-2017)","Universitets- og høgskolenivå, kort","Begge kjønn","Personer 16 år og over","2021",0
"Rissa (-2017)","Universitets- og høgskolenivå, kort","Begge kjønn","Personer 16 år og over (prosent)","2021",0
"Rissa (-2017)","Universitets- og høgskolenivå, lang","Begge kjønn","Personer 16 år og over","2021",0
"Rissa (-2017)","Universitets- og høgskolenivå, lang","Begge kjønn","Personer 16 år og over (prosent)","2021",0
"Bjugn (-2017)","Utdanningsnivå i alt","Begge kjønn","Personer 16 år og over","2021",0
"Bjugn (-2017)","Utdanningsnivå i alt","Begge kjønn","Personer 16 år og over (prosent)","2021",0
"Bjugn (-2017)","Videregående skolenivå","Begge kjønn","Personer 16 år og over","2021",0
"Bjugn (-2017)","Videregående skolenivå","Begge kjønn","Personer 16 år og over (prosent)","2021",0
"Bjugn (-2017)","Universitets- og høgskolenivå, kort","Begge kjønn","Personer 16 år og over","2021",0
"Bjugn (-2017)","Universitets- og høgskolenivå, kort","Begge kjønn","Personer 16 år og over (prosent)","2021",0
"Bjugn (-2017)","Universitets- og høgskolenivå, lang","Begge kjønn","Personer 16 år og over","2021",0
"Bjugn (-2017)","Universitets- og høgskolenivå, lang","Begge kjønn","Personer 16 år og over (prosent)","2021",0
"Åfjord (-2017)","Utdanningsnivå i alt","Begge kjønn","Personer 16 år og over","2021",0
"Åfjord (-2017)","Utdanningsnivå i alt","Begge kjønn","Personer 16 år og over (prosent)","2021",0
"Åfjord (-2017)","Videregående skolenivå","Begge kjønn","Personer 16 år og over","2021",0
"Åfjord (-2017)","Videregående skolenivå","Begge kjønn","Personer 16 år og over (prosent)","2021",0
"Åfjord (-2017)","Universitets- og høgskolenivå, kort","Begge kjønn","Personer 16 år og over","2021",0
"Åfjord (-2017)","Universitets- og høgskolenivå, kort","Begge kjønn","Personer 16 år og over (prosent)","2021",0
"Åfjord (-2017)","Universitets- og høgskolenivå, lang","Begge kjønn","Personer 16 år og over","2021",0
"Åfjord (-2017)","Universitets- og høgskolenivå, lang","Begge kjønn","Personer 16 år og over (prosent)","2021",0
"Roan (-2017)","Utdanningsnivå i alt","Begge kjønn","Personer 16 år og over","2021",0
"Roan (-2017)","Utdanningsnivå i alt","Begge kjønn","Personer 16 år og over (prosent)","2021",0
"Roan (-2017)","Videregående skolenivå","Begge kjønn","Personer 16 år og over","2021",0
"Roan (-2017)","Videregående skolenivå","Begge kjønn","Personer 16 år og over (prosent)","2021",0
"Roan (-2017)","Universitets- og høgskolenivå, kort","Begge kjønn","Personer 16 år og over","2021",0
"Roan (-2017)","Universitets- og høgskolenivå, kort","Begge kjønn","Personer 16 år og over (prosent)","2021",0
"Roan (-2017)","Universitets- og høgskolenivå, lang","Begge kjønn","Personer 16 år og over","2021",0
"Roan (-2017)","Universitets- og høgskolenivå, lang","Begge kjønn","Personer 16 år og over (prosent)","2021",0
"Osen (-2017)","Utdanningsnivå i alt","Begge kjønn","Personer 16 år og over","2021",0
"Osen (-2017)","Utdanningsnivå i alt","Begge kjønn","Personer 16 år og over (prosent)","2021",0
"Osen (-2017)","Videregående skolenivå","Begge kjønn","Personer 16 år og over","2021",0
"Osen (-2017)","Videregående skolenivå","Begge kjønn","Personer 16 år og over (prosent)","2021",0
"Osen (-2017)","Universitets- og høgskolenivå, kort","Begge kjønn","Personer 16 år og over","2021",0
"Osen (-2017)","Universitets- og høgskolenivå, kort","Begge kjønn","Personer 16 år og over (prosent)","2021",0
"Osen (-2017)","Universitets- og høgskolenivå, lang","Begge kjønn","Personer 16 år og over","2021",0
"Osen (-2017)","Universitets- og høgskolenivå, lang","Begge kjønn","Personer 16 år og over (prosent)","2021",0
"Oppdal (-2017)","Utdanningsnivå i alt","Begge kjønn","Personer 16 år og over","2021",0
"Oppdal (-2017)","Utdanningsnivå i alt","Begge kjønn","Personer 16 år og over (prosent)","2021",0
"Oppdal (-2017)","Videregående skolenivå","Begge kjønn","Personer 16 år og over","2021",0
"Oppdal (-2017)","Videregående skolenivå","Begge kjønn","Personer 16 år og over (prosent)","2021",0
"Oppdal (-2017)","Universitets- og høgskolenivå, kort","Begge kjønn","Personer 16 år og over","2021",0
"Oppdal (-2017)","Universitets- og høgskolenivå, kort","Begge kjønn","Personer 16 år og over (prosent)","2021",0
"Oppdal (-2017)","Universitets- og høgskolenivå, lang","Begge kjønn","Personer 16 år og over","2021",0
"Oppdal (-2017)","Universitets- og høgskolenivå, lang","Begge kjønn","Personer 16 år og over (prosent)","2021",0
"Rennebu (-2017)","Utdanningsnivå i alt","Begge kjønn","Personer 16 år og over","2021",0
"Rennebu (-2017)","Utdanningsnivå i alt","Begge kjønn","Personer 16 år og over (prosent)","2021",0
"Rennebu (-2017)","Videregående skolenivå","Begge kjønn","Personer 16 år og over","2021",0
"Rennebu (-2017)","Videregående skolenivå","Begge kjønn","Personer 16 år og over (prosent)","2021",0
"Rennebu (-2017)","Universitets- og høgskolenivå, kort","Begge kjønn","Personer 16 år og over","2021",0
"Rennebu (-2017)","Universitets- og høgskolenivå, kort","Begge kjønn","Personer 16 år og over (prosent)","2021",0
"Rennebu (-2017)","Universitets- og høgskolenivå, lang","Begge kjønn","Personer 16 år og over","2021",0
"Rennebu (-2017)","Universitets- og høgskolenivå, lang","Begge kjønn","Personer 16 år og over (prosent)","2021",0
"Meldal (-2017)","Utdanningsnivå i alt","Begge kjønn","Personer 16 år og over","2021",0
"Meldal (-2017)","Utdanningsnivå i alt","Begge kjønn","Personer 16 år og over (prosent)","2021",0
"Meldal (-2017)","Videregående skolenivå","Begge kjønn","Personer 16 år og over","2021",0
"Meldal (-2017)","Videregående skolenivå","Begge kjønn","Personer 16 år og over (prosent)","2021",0
"Meldal (-2017)","Universitets- og høgskolenivå, kort","Begge kjønn","Personer 16 år og over","2021",0
"Meldal (-2017)","Universitets- og høgskolenivå, kort","Begge kjønn","Personer 16 år og over (prosent)","2021",0
"Meldal (-2017)","Universitets- og høgskolenivå, lang","Begge kjønn","Personer 16 år og over","2021",0
"Meldal (-2017)","Universitets- og høgskolenivå, lang","Begge kjønn","Personer 16 år og over (prosent)","2021",0
"Orkdal (-2017)","Utdanningsnivå i alt","Begge kjønn","Personer 16 år og over","2021",0
"Orkdal (-2017)","Utdanningsnivå i alt","Begge kjønn","Personer 16 år og over (prosent)","2021",0
"Orkdal (-2017)","Videregående skolenivå","Begge kjønn","Personer 16 år og over","2021",0
"Orkdal (-2017)","Videregående skolenivå","Begge kjønn","Personer 16 år og over (prosent)","2021",0
"Orkdal (-2017)","Universitets- og høgskolenivå, kort","Begge kjønn","Personer 16 år og over","2021",0
"Orkdal (-2017)","Universitets- og høgskolenivå, kort","Begge kjønn","Personer 16 år og over (prosent)","2021",0
"Orkdal (-2017)","Universitets- og høgskolenivå, lang","Begge kjønn","Personer 16 år og over","2021",0
"Orkdal (-2017)","Universitets- og høgskolenivå, lang","Begge kjønn","Personer 16 år og over (prosent)","2021",0
"Røros (-2017)","Utdanningsnivå i alt","Begge kjønn","Personer 16 år og over","2021",0
"Røros (-2017)","Utdanningsnivå i alt","Begge kjønn","Personer 16 år og over (prosent)","2021",0
"Røros (-2017)","Videregående skolenivå","Begge kjønn","Personer 16 år og over","2021",0
"Røros (-2017)","Videregående skolenivå","Begge kjønn","Personer 16 år og over (prosent)","2021",0
"Røros (-2017)","Universitets- og høgskolenivå, kort","Begge kjønn","Personer 16 år og over","2021",0
"Røros (-2017)","Universitets- og høgskolenivå, kort","Begge kjønn","Personer 16 år og over (prosent)","2021",0
"Røros (-2017)","Universitets- og høgskolenivå, lang","Begge kjønn","Personer 16 år og over","2021",0
"Røros (-2017)","Universitets- og høgskolenivå, lang","Begge kjønn","Personer 16 år og over (prosent)","2021",0
"Holtålen (1972-2017)","Utdanningsnivå i alt","Begge kjønn","Personer 16 år og over","2021",0
"Holtålen (1972-2017)","Utdanningsnivå i alt","Begge kjønn","Personer 16 år og over (prosent)","2021",0
"Holtålen (1972-2017)","Videregående skolenivå","Begge kjønn","Personer 16 år og over","2021",0
"Holtålen (1972-2017)","Videregående skolenivå","Begge kjønn","Personer 16 år og over (prosent)","2021",0
"Holtålen (1972-2017)","Universitets- og høgskolenivå, kort","Begge kjønn","Personer 16 år og over","2021",0
"Holtålen (1972-2017)","Universitets- og høgskolenivå, kort","Begge kjønn","Personer 16 år og over (prosent)","2021",0
"Holtålen (1972-2017)","Universitets- og høgskolenivå, lang","Begge kjønn","Personer 16 år og over","2021",0
"Holtålen (1972-2017)","Universitets- og høgskolenivå, lang","Begge kjønn","Personer 16 år og over (prosent)","2021",0
"Haltdalen (-1971)","Utdanningsnivå i alt","Begge kjønn","Personer 16 år og over","2021",0
"Haltdalen (-1971)","Utdanningsnivå i alt","Begge kjønn","Personer 16 år og over (prosent)","2021",0
"Haltdalen (-1971)","Videregående skolenivå","Begge kjønn","Personer 16 år og over","2021",0
"Haltdalen (-1971)","Videregående skolenivå","Begge kjønn","Personer 16 år og over (prosent)","2021",0
"Haltdalen (-1971)","Universitets- og høgskolenivå, kort","Begge kjønn","Personer 16 år og over","2021",0
"Haltdalen (-1971)","Universitets- og høgskolenivå, kort","Begge kjønn","Personer 16 år og over (prosent)","2021",0
"Haltdalen (-1971)","Universitets- og høgskolenivå, lang","Begge kjønn","Personer 16 år og over","2021",0
"Haltdalen (-1971)","Universitets- og høgskolenivå, lang","Begge kjønn","Personer 16 år og over (prosent)","2021",0
"Midtre Gauldal (1964-2017)","Utdanningsnivå i alt","Begge kjønn","Personer 16 år og over","2021",0
"Midtre Gauldal (1964-2017)","Utdanningsnivå i alt","Begge kjønn","Personer 16 år og over (prosent)","2021",0
"Midtre Gauldal (1964-2017)","Videregående skolenivå","Begge kjønn","Personer 16 år og over","2021",0
"Midtre Gauldal (1964-2017)","Videregående skolenivå","Begge kjønn","Personer 16 år og over (prosent)","2021",0
"Midtre Gauldal (1964-2017)","Universitets- og høgskolenivå, kort","Begge kjønn","Personer 16 år og over","2021",0
"Midtre Gauldal (1964-2017)","Universitets- og høgskolenivå, kort","Begge kjønn","Personer 16 år og over (prosent)","2021",0
"Midtre Gauldal (1964-2017)","Universitets- og høgskolenivå, lang","Begge kjønn","Personer 16 år og over","2021",0
"Midtre Gauldal (1964-2017)","Universitets- og høgskolenivå, lang","Begge kjønn","Personer 16 år og over (prosent)","2021",0
"Melhus (-2017)","Utdanningsnivå i alt","Begge kjønn","Personer 16 år og over","2021",0
"Melhus (-2017)","Utdanningsnivå i alt","Begge kjønn","Personer 16 år og over (prosent)","2021",0
"Melhus (-2017)","Videregående skolenivå","Begge kjønn","Personer 16 år og over","2021",0
"Melhus (-2017)","Videregående skolenivå","Begge kjønn","Personer 16 år og over (prosent)","2021",0
"Melhus (-2017)","Universitets- og høgskolenivå, kort","Begge kjønn","Personer 16 år og over","2021",0
"Melhus (-2017)","Universitets- og høgskolenivå, kort","Begge kjønn","Personer 16 år og over (prosent)","2021",0
"Melhus (-2017)","Universitets- og høgskolenivå, lang","Begge kjønn","Personer 16 år og over","2021",0
"Melhus (-2017)","Universitets- og høgskolenivå, lang","Begge kjønn","Personer 16 år og over (prosent)","2021",0
"Skaun (-2017)","Utdanningsnivå i alt","Begge kjønn","Personer 16 år og over","2021",0
"Skaun (-2017)","Utdanningsnivå i alt","Begge kjønn","Personer 16 år og over (prosent)","2021",0
"Skaun (-2017)","Videregående skolenivå","Begge kjønn","Personer 16 år og over","2021",0
"Skaun (-2017)","Videregående skolenivå","Begge kjønn","Personer 16 år og over (prosent)","2021",0
"Skaun (-2017)","Universitets- og høgskolenivå, kort","Begge kjønn","Personer 16 år og over","2021",0
"Skaun (-2017)","Universitets- og høgskolenivå, kort","Begge kjønn","Personer 16 år og over (prosent)","2021",0
"Skaun (-2017)","Universitets- og høgskolenivå, lang","Begge kjønn","Personer 16 år og over","2021",0
"Skaun (-2017)","Universitets- og høgskolenivå, lang","Begge kjønn","Personer 16 år og over (prosent)","2021",0
"Klæbu (-2017)","Utdanningsnivå i alt","Begge kjønn","Personer 16 år og over","2021",0
"Klæbu (-2017)","Utdanningsnivå i alt","Begge kjønn","Personer 16 år og over (prosent)","2021",0
"Klæbu (-2017)","Videregående skolenivå","Begge kjønn","Personer 16 år og over","2021",0
"Klæbu (-2017)","Videregående skolenivå","Begge kjønn","Personer 16 år og over (prosent)","2021",0
"Klæbu (-2017)","Universitets- og høgskolenivå, kort","Begge kjønn","Personer 16 år og over","2021",0
"Klæbu (-2017)","Universitets- og høgskolenivå, kort","Begge kjønn","Personer 16 år og over (prosent)","2021",0
"Klæbu (-2017)","Universitets- og høgskolenivå, lang","Begge kjønn","Personer 16 år og over","2021",0
"Klæbu (-2017)","Universitets- og høgskolenivå, lang","Begge kjønn","Personer 16 år og over (prosent)","2021",0
"Malvik (-2017)","Utdanningsnivå i alt","Begge kjønn","Personer 16 år og over","2021",0
"Malvik (-2017)","Utdanningsnivå i alt","Begge kjønn","Personer 16 år og over (prosent)","2021",0
"Malvik (-2017)","Videregående skolenivå","Begge kjønn","Personer 16 år og over","2021",0
"Malvik (-2017)","Videregående skolenivå","Begge kjønn","Personer 16 år og over (prosent)","2021",0
"Malvik (-2017)","Universitets- og høgskolenivå, kort","Begge kjønn","Personer 16 år og over","2021",0
"Malvik (-2017)","Universitets- og høgskolenivå, kort","Begge kjønn","Personer 16 år og over (prosent)","2021",0
"Malvik (-2017)","Universitets- og høgskolenivå, lang","Begge kjønn","Personer 16 år og over","2021",0
"Malvik (-2017)","Universitets- og høgskolenivå, lang","Begge kjønn","Personer 16 år og over (prosent)","2021",0
"Selbu (-2017)","Utdanningsnivå i alt","Begge kjønn","Personer 16 år og over","2021",0
"Selbu (-2017)","Utdanningsnivå i alt","Begge kjønn","Personer 16 år og over (prosent)","2021",0
"Selbu (-2017)","Videregående skolenivå","Begge kjønn","Personer 16 år og over","2021",0
"Selbu (-2017)","Videregående skolenivå","Begge kjønn","Personer 16 år og over (prosent)","2021",0
"Selbu (-2017)","Universitets- og høgskolenivå, kort","Begge kjønn","Personer 16 år og over","2021",0
"Selbu (-2017)","Universitets- og høgskolenivå, kort","Begge kjønn","Personer 16 år og over (prosent)","2021",0
"Selbu (-2017)","Universitets- og høgskolenivå, lang","Begge kjønn","Personer 16 år og over","2021",0
"Selbu (-2017)","Universitets- og høgskolenivå, lang","Begge kjønn","Personer 16 år og over (prosent)","2021",0
"Tydal (-2017)","Utdanningsnivå i alt","Begge kjønn","Personer 16 år og over","2021",0
"Tydal (-2017)","Utdanningsnivå i alt","Begge kjønn","Personer 16 år og over (prosent)","2021",0
"Tydal (-2017)","Videregående skolenivå","Begge kjønn","Personer 16 år og over","2021",0
"Tydal (-2017)","Videregående skolenivå","Begge kjønn","Personer 16 år og over (prosent)","2021",0
"Tydal (-2017)","Universitets- og høgskolenivå, kort","Begge kjønn","Personer 16 år og over","2021",0
"Tydal (-2017)","Universitets- og høgskolenivå, kort","Begge kjønn","Personer 16 år og over (prosent)","2021",0
"Tydal (-2017)","Universitets- og høgskolenivå, lang","Begge kjønn","Personer 16 år og over","2021",0
"Tydal (-2017)","Universitets- og høgskolenivå, lang","Begge kjønn","Personer 16 år og over (prosent)","2021",0
"Uoppgitt kommune Sør-Trøndelag","Utdanningsnivå i alt","Begge kjønn","Personer 16 år og over","2021",0
"Uoppgitt kommune Sør-Trøndelag","Utdanningsnivå i alt","Begge kjønn","Personer 16 år og over (prosent)","2021",0
"Uoppgitt kommune Sør-Trøndelag","Videregående skolenivå","Begge kjønn","Personer 16 år og over","2021",0
"Uoppgitt kommune Sør-Trøndelag","Videregående skolenivå","Begge kjønn","Personer 16 år og over (prosent)","2021",0
"Uoppgitt kommune Sør-Trøndelag","Universitets- og høgskolenivå, kort","Begge kjønn","Personer 16 år og over","2021",0
"Uoppgitt kommune Sør-Trøndelag","Universitets- og høgskolenivå, kort","Begge kjønn","Personer 16 år og over (prosent)","2021",0
"Uoppgitt kommune Sør-Trøndelag","Universitets- og høgskolenivå, lang","Begge kjønn","Personer 16 år og over","2021",0
"Uoppgitt kommune Sør-Trøndelag","Universitets- og høgskolenivå, lang","Begge kjønn","Personer 16 år og over (prosent)","2021",0
"Nord-Trøndelag (-2017)","Utdanningsnivå i alt","Begge kjønn","Personer 16 år og over","2021",0
"Nord-Trøndelag (-2017)","Utdanningsnivå i alt","Begge kjønn","Personer 16 år og over (prosent)","2021",0
"Nord-Trøndelag (-2017)","Videregående skolenivå","Begge kjønn","Personer 16 år og over","2021",0
"Nord-Trøndelag (-2017)","Videregående skolenivå","Begge kjønn","Personer 16 år og over (prosent)","2021",0
"Nord-Trøndelag (-2017)","Universitets- og høgskolenivå, kort","Begge kjønn","Personer 16 år og over","2021",0
"Nord-Trøndelag (-2017)","Universitets- og høgskolenivå, kort","Begge kjønn","Personer 16 år og over (prosent)","2021",0
"Nord-Trøndelag (-2017)","Universitets- og høgskolenivå, lang","Begge kjønn","Personer 16 år og over","2021",0
"Nord-Trøndelag (-2017)","Universitets- og høgskolenivå, lang","Begge kjønn","Personer 16 år og over (prosent)","2021",0
"Steinkjer (-2017)","Utdanningsnivå i alt","Begge kjønn","Personer 16 år og over","2021",0
"Steinkjer (-2017)","Utdanningsnivå i alt","Begge kjønn","Personer 16 år og over (prosent)","2021",0
"Steinkjer (-2017)","Videregående skolenivå","Begge kjønn","Personer 16 år og over","2021",0
"Steinkjer (-2017)","Videregående skolenivå","Begge kjønn","Personer 16 år og over (prosent)","2021",0
"Steinkjer (-2017)","Universitets- og høgskolenivå, kort","Begge kjønn","Personer 16 år og over","2021",0
"Steinkjer (-2017)","Universitets- og høgskolenivå, kort","Begge kjønn","Personer 16 år og over (prosent)","2021",0
"Steinkjer (-2017)","Universitets- og høgskolenivå, lang","Begge kjønn","Personer 16 år og over","2021",0
"Steinkjer (-2017)","Universitets- og høgskolenivå, lang","Begge kjønn","Personer 16 år og over (prosent)","2021",0
"Namsos (-2017)","Utdanningsnivå i alt","Begge kjønn","Personer 16 år og over","2021",0
"Namsos (-2017)","Utdanningsnivå i alt","Begge kjønn","Personer 16 år og over (prosent)","2021",0
"Namsos (-2017)","Videregående skolenivå","Begge kjønn","Personer 16 år og over","2021",0
"Namsos (-2017)","Videregående skolenivå","Begge kjønn","Personer 16 år og over (prosent)","2021",0
"Namsos (-2017)","Universitets- og høgskolenivå, kort","Begge kjønn","Personer 16 år og over","2021",0
"Namsos (-2017)","Universitets- og høgskolenivå, kort","Begge kjønn","Personer 16 år og over (prosent)","2021",0
"Namsos (-2017)","Universitets- og høgskolenivå, lang","Begge kjønn","Personer 16 år og over","2021",0
"Namsos (-2017)","Universitets- og høgskolenivå, lang","Begge kjønn","Personer 16 år og over (prosent)","2021",0
"Meråker (-2017)","Utdanningsnivå i alt","Begge kjønn","Personer 16 år og over","2021",0
"Meråker (-2017)","Utdanningsnivå i alt","Begge kjønn","Personer 16 år og over (prosent)","2021",0
"Meråker (-2017)","Videregående skolenivå","Begge kjønn","Personer 16 år og over","2021",0
"Meråker (-2017)","Videregående skolenivå","Begge kjønn","Personer 16 år og over (prosent)","2021",0
"Meråker (-2017)","Universitets- og høgskolenivå, kort","Begge kjønn","Personer 16 år og over","2021",0
"Meråker (-2017)","Universitets- og høgskolenivå, kort","Begge kjønn","Personer 16 år og over (prosent)","2021",0
"Meråker (-2017)","Universitets- og høgskolenivå, lang","Begge kjønn","Personer 16 år og over","2021",0
"Meråker (-2017)","Universitets- og høgskolenivå, lang","Begge kjønn","Personer 16 år og over (prosent)","2021",0
"Stjørdal (-2017)","Utdanningsnivå i alt","Begge kjønn","Personer 16 år og over","2021",0
"Stjørdal (-2017)","Utdanningsnivå i alt","Begge kjønn","Personer 16 år og over (prosent)","2021",0
"Stjørdal (-2017)","Videregående skolenivå","Begge kjønn","Personer 16 år og over","2021",0
"Stjørdal (-2017)","Videregående skolenivå","Begge kjønn","Personer 16 år og over (prosent)","2021",0
"Stjørdal (-2017)","Universitets- og høgskolenivå, kort","Begge kjønn","Personer 16 år og over","2021",0
"Stjørdal (-2017)","Universitets- og høgskolenivå, kort","Begge kjønn","Personer 16 år og over (prosent)","2021",0
"Stjørdal (-2017)","Universitets- og høgskolenivå, lang","Begge kjønn","Personer 16 år og over","2021",0
"Stjørdal (-2017)","Universitets- og høgskolenivå, lang","Begge kjønn","Personer 16 år og over (prosent)","2021",0
"Frosta (-2017)","Utdanningsnivå i alt","Begge kjønn","Personer 16 år og over","2021",0
"Frosta (-2017)","Utdanningsnivå i alt","Begge kjønn","Personer 16 år og over (prosent)","2021",0
"Frosta (-2017)","Videregående skolenivå","Begge kjønn","Personer 16 år og over","2021",0
"Frosta (-2017)","Videregående skolenivå","Begge kjønn","Personer 16 år og over (prosent)","2021",0
"Frosta (-2017)","Universitets- og høgskolenivå, kort","Begge kjønn","Personer 16 år og over","2021",0
"Frosta (-2017)","Universitets- og høgskolenivå, kort","Begge kjønn","Personer 16 år og over (prosent)","2021",0
"Frosta (-2017)","Universitets- og høgskolenivå, lang","Begge kjønn","Personer 16 år og over","2021",0
"Frosta (-2017)","Universitets- og høgskolenivå, lang","Begge kjønn","Personer 16 år og over (prosent)","2021",0
"Leksvik (-2017)","Utdanningsnivå i alt","Begge kjønn","Personer 16 år og over","2021",0
"Leksvik (-2017)","Utdanningsnivå i alt","Begge kjønn","Personer 16 år og over (prosent)","2021",0
"Leksvik (-2017)","Videregående skolenivå","Begge kjønn","Personer 16 år og over","2021",0
"Leksvik (-2017)","Videregående skolenivå","Begge kjønn","Personer 16 år og over (prosent)","2021",0
"Leksvik (-2017)","Universitets- og høgskolenivå, kort","Begge kjønn","Personer 16 år og over","2021",0
"Leksvik (-2017)","Universitets- og høgskolenivå, kort","Begge kjønn","Personer 16 år og over (prosent)","2021",0
"Leksvik (-2017)","Universitets- og høgskolenivå, lang","Begge kjønn","Personer 16 år og over","2021",0
"Leksvik (-2017)","Universitets- og høgskolenivå, lang","Begge kjønn","Personer 16 år og over (prosent)","2021",0
"Levanger (1962-2017)","Utdanningsnivå i alt","Begge kjønn","Personer 16 år og over","2021",0
"Levanger (1962-2017)","Utdanningsnivå i alt","Begge kjønn","Personer 16 år og over (prosent)","2021",0
"Levanger (1962-2017)","Videregående skolenivå","Begge kjønn","Personer 16 år og over","2021",0
"Levanger (1962-2017)","Videregående skolenivå","Begge kjønn","Personer 16 år og over (prosent)","2021",0
"Levanger (1962-2017)","Universitets- og høgskolenivå, kort","Begge kjønn","Personer 16 år og over","2021",0
"Levanger (1962-2017)","Universitets- og høgskolenivå, kort","Begge kjønn","Personer 16 år og over (prosent)","2021",0
"Levanger (1962-2017)","Universitets- og høgskolenivå, lang","Begge kjønn","Personer 16 år og over","2021",0
"Levanger (1962-2017)","Universitets- og høgskolenivå, lang","Begge kjønn","Personer 16 år og over (prosent)","2021",0
"Verdal (-2017)","Utdanningsnivå i alt","Begge kjønn","Personer 16 år og over","2021",0
"Verdal (-2017)","Utdanningsnivå i alt","Begge kjønn","Personer 16 år og over (prosent)","2021",0
"Verdal (-2017)","Videregående skolenivå","Begge kjønn","Personer 16 år og over","2021",0
"Verdal (-2017)","Videregående skolenivå","Begge kjønn","Personer 16 år og over (prosent)","2021",0
"Verdal (-2017)","Universitets- og høgskolenivå, kort","Begge kjønn","Personer 16 år og over","2021",0
"Verdal (-2017)","Universitets- og høgskolenivå, kort","Begge kjønn","Personer 16 år og over (prosent)","2021",0
"Verdal (-2017)","Universitets- og høgskolenivå, lang","Begge kjønn","Personer 16 år og over","2021",0
"Verdal (-2017)","Universitets- og høgskolenivå, lang","Begge kjønn","Personer 16 år og over (prosent)","2021",0
"Mosvik  (-2011)","Utdanningsnivå i alt","Begge kjønn","Personer 16 år og over","2021",0
"Mosvik  (-2011)","Utdanningsnivå i alt","Begge kjønn","Personer 16 år og over (prosent)","2021",0
"Mosvik  (-2011)","Videregående skolenivå","Begge kjønn","Personer 16 år og over","2021",0
"Mosvik  (-2011)","Videregående skolenivå","Begge kjønn","Personer 16 år og over (prosent)","2021",0
"Mosvik  (-2011)","Universitets- og høgskolenivå, kort","Begge kjønn","Personer 16 år og over","2021",0
"Mosvik  (-2011)","Universitets- og høgskolenivå, kort","Begge kjønn","Personer 16 år og over (prosent)","2021",0
"Mosvik  (-2011)","Universitets- og høgskolenivå, lang","Begge kjønn","Personer 16 år og over","2021",0
"Mosvik  (-2011)","Universitets- og høgskolenivå, lang","Begge kjønn","Personer 16 år og over (prosent)","2021",0
"Verran (-2017)","Utdanningsnivå i alt","Begge kjønn","Personer 16 år og over","2021",0
"Verran (-2017)","Utdanningsnivå i alt","Begge kjønn","Personer 16 år og over (prosent)","2021",0
"Verran (-2017)","Videregående skolenivå","Begge kjønn","Personer 16 år og over","2021",0
"Verran (-2017)","Videregående skolenivå","Begge kjønn","Personer 16 år og over (prosent)","2021",0
"Verran (-2017)","Universitets- og høgskolenivå, kort","Begge kjønn","Personer 16 år og over","2021",0
"Verran (-2017)","Universitets- og høgskolenivå, kort","Begge kjønn","Personer 16 år og over (prosent)","2021",0
"Verran (-2017)","Universitets- og høgskolenivå, lang","Begge kjønn","Personer 16 år og over","2021",0
"Verran (-2017)","Universitets- og høgskolenivå, lang","Begge kjønn","Personer 16 år og over (prosent)","2021",0
"Namdalseid (-2017)","Utdanningsnivå i alt","Begge kjønn","Personer 16 år og over","2021",0
"Namdalseid (-2017)","Utdanningsnivå i alt","Begge kjønn","Personer 16 år og over (prosent)","2021",0
"Namdalseid (-2017)","Videregående skolenivå","Begge kjønn","Personer 16 år og over","2021",0
"Namdalseid (-2017)","Videregående skolenivå","Begge kjønn","Personer 16 år og over (prosent)","2021",0
"Namdalseid (-2017)","Universitets- og høgskolenivå, kort","Begge kjønn","Personer 16 år og over","2021",0
"Namdalseid (-2017)","Universitets- og høgskolenivå, kort","Begge kjønn","Personer 16 år og over (prosent)","2021",0
"Namdalseid (-2017)","Universitets- og høgskolenivå, lang","Begge kjønn","Personer 16 år og over","2021",0
"Namdalseid (-2017)","Universitets- og høgskolenivå, lang","Begge kjønn","Personer 16 år og over (prosent)","2021",0
"Inderøy (-2011)","Utdanningsnivå i alt","Begge kjønn","Personer 16 år og over","2021",0
"Inderøy (-2011)","Utdanningsnivå i alt","Begge kjønn","Personer 16 år og over (prosent)","2021",0
"Inderøy (-2011)","Videregående skolenivå","Begge kjønn","Personer 16 år og over","2021",0
"Inderøy (-2011)","Videregående skolenivå","Begge kjønn","Personer 16 år og over (prosent)","2021",0
"Inderøy (-2011)","Universitets- og høgskolenivå, kort","Begge kjønn","Personer 16 år og over","2021",0
"Inderøy (-2011)","Universitets- og høgskolenivå, kort","Begge kjønn","Personer 16 år og over (prosent)","2021",0
"Inderøy (-2011)","Universitets- og høgskolenivå, lang","Begge kjønn","Personer 16 år og over","2021",0
"Inderøy (-2011)","Universitets- og høgskolenivå, lang","Begge kjønn","Personer 16 år og over (prosent)","2021",0
"Snåase - Snåsa (-2017)","Utdanningsnivå i alt","Begge kjønn","Personer 16 år og over","2021",0
"Snåase - Snåsa (-2017)","Utdanningsnivå i alt","Begge kjønn","Personer 16 år og over (prosent)","2021",0
"Snåase - Snåsa (-2017)","Videregående skolenivå","Begge kjønn","Personer 16 år og over","2021",0
"Snåase - Snåsa (-2017)","Videregående skolenivå","Begge kjønn","Personer 16 år og over (prosent)","2021",0
"Snåase - Snåsa (-2017)","Universitets- og høgskolenivå, kort","Begge kjønn","Personer 16 år og over","2021",0
"Snåase - Snåsa (-2017)","Universitets- og høgskolenivå, kort","Begge kjønn","Personer 16 år og over (prosent)","2021",0
"Snåase - Snåsa (-2017)","Universitets- og høgskolenivå, lang","Begge kjønn","Personer 16 år og over","2021",0
"Snåase - Snåsa (-2017)","Universitets- og høgskolenivå, lang","Begge kjønn","Personer 16 år og over (prosent)","2021",0
"Lierne (1964-2017)","Utdanningsnivå i alt","Begge kjønn","Personer 16 år og over","2021",0
"Lierne (1964-2017)","Utdanningsnivå i alt","Begge kjønn","Personer 16 år og over (prosent)","2021",0
"Lierne (1964-2017)","Videregående skolenivå","Begge kjønn","Personer 16 år og over","2021",0
"Lierne (1964-2017)","Videregående skolenivå","Begge kjønn","Personer 16 år og over (prosent)","2021",0
"Lierne (1964-2017)","Universitets- og høgskolenivå, kort","Begge kjønn","Personer 16 år og over","2021",0
"Lierne (1964-2017)","Universitets- og høgskolenivå, kort","Begge kjønn","Personer 16 år og over (prosent)","2021",0
"Lierne (1964-2017)","Universitets- og høgskolenivå, lang","Begge kjønn","Personer 16 år og over","2021",0
"Lierne (1964-2017)","Universitets- og høgskolenivå, lang","Begge kjønn","Personer 16 år og over (prosent)","2021",0
"Raarvihke - Røyrvik (1923-2017)","Utdanningsnivå i alt","Begge kjønn","Personer 16 år og over","2021",0
"Raarvihke - Røyrvik (1923-2017)","Utdanningsnivå i alt","Begge kjønn","Personer 16 år og over (prosent)","2021",0
"Raarvihke - Røyrvik (1923-2017)","Videregående skolenivå","Begge kjønn","Personer 16 år og over","2021",0
"Raarvihke - Røyrvik (1923-2017)","Videregående skolenivå","Begge kjønn","Personer 16 år og over (prosent)","2021",0
"Raarvihke - Røyrvik (1923-2017)","Universitets- og høgskolenivå, kort","Begge kjønn","Personer 16 år og over","2021",0
"Raarvihke - Røyrvik (1923-2017)","Universitets- og høgskolenivå, kort","Begge kjønn","Personer 16 år og over (prosent)","2021",0
"Raarvihke - Røyrvik (1923-2017)","Universitets- og høgskolenivå, lang","Begge kjønn","Personer 16 år og over","2021",0
"Raarvihke - Røyrvik (1923-2017)","Universitets- og høgskolenivå, lang","Begge kjønn","Personer 16 år og over (prosent)","2021",0
"Namsskogan (1923-2017)","Utdanningsnivå i alt","Begge kjønn","Personer 16 år og over","2021",0
"Namsskogan (1923-2017)","Utdanningsnivå i alt","Begge kjønn","Personer 16 år og over (prosent)","2021",0
"Namsskogan (1923-2017)","Videregående skolenivå","Begge kjønn","Personer 16 år og over","2021",0
"Namsskogan (1923-2017)","Videregående skolenivå","Begge kjønn","Personer 16 år og over (prosent)","2021",0
"Namsskogan (1923-2017)","Universitets- og høgskolenivå, kort","Begge kjønn","Personer 16 år og over","2021",0
"Namsskogan (1923-2017)","Universitets- og høgskolenivå, kort","Begge kjønn","Personer 16 år og over (prosent)","2021",0
"Namsskogan (1923-2017)","Universitets- og høgskolenivå, lang","Begge kjønn","Personer 16 år og over","2021",0
"Namsskogan (1923-2017)","Universitets- og høgskolenivå, lang","Begge kjønn","Personer 16 år og over (prosent)","2021",0
"Grong (-2017)","Utdanningsnivå i alt","Begge kjønn","Personer 16 år og over","2021",0
"Grong (-2017)","Utdanningsnivå i alt","Begge kjønn","Personer 16 år og over (prosent)","2021",0
"Grong (-2017)","Videregående skolenivå","Begge kjønn","Personer 16 år og over","2021",0
"Grong (-2017)","Videregående skolenivå","Begge kjønn","Personer 16 år og over (prosent)","2021",0
"Grong (-2017)","Universitets- og høgskolenivå, kort","Begge kjønn","Personer 16 år og over","2021",0
"Grong (-2017)","Universitets- og høgskolenivå, kort","Begge kjønn","Personer 16 år og over (prosent)","2021",0
"Grong (-2017)","Universitets- og høgskolenivå, lang","Begge kjønn","Personer 16 år og over","2021",0
"Grong (-2017)","Universitets- og høgskolenivå, lang","Begge kjønn","Personer 16 år og over (prosent)","2021",0
"Høylandet (-2017)","Utdanningsnivå i alt","Begge kjønn","Personer 16 år og over","2021",0
"Høylandet (-2017)","Utdanningsnivå i alt","Begge kjønn","Personer 16 år og over (prosent)","2021",0
"Høylandet (-2017)","Videregående skolenivå","Begge kjønn","Personer 16 år og over","2021",0
"Høylandet (-2017)","Videregående skolenivå","Begge kjønn","Personer 16 år og over (prosent)","2021",0
"Høylandet (-2017)","Universitets- og høgskolenivå, kort","Begge kjønn","Personer 16 år og over","2021",0
"Høylandet (-2017)","Universitets- og høgskolenivå, kort","Begge kjønn","Personer 16 år og over (prosent)","2021",0
"Høylandet (-2017)","Universitets- og høgskolenivå, lang","Begge kjønn","Personer 16 år og over","2021",0
"Høylandet (-2017)","Universitets- og høgskolenivå, lang","Begge kjønn","Personer 16 år og over (prosent)","2021",0
"Overhalla (-2017)","Utdanningsnivå i alt","Begge kjønn","Personer 16 år og over","2021",0
"Overhalla (-2017)","Utdanningsnivå i alt","Begge kjønn","Personer 16 år og over (prosent)","2021",0
"Overhalla (-2017)","Videregående skolenivå","Begge kjønn","Personer 16 år og over","2021",0
"Overhalla (-2017)","Videregående skolenivå","Begge kjønn","Personer 16 år og over (prosent)","2021",0
"Overhalla (-2017)","Universitets- og høgskolenivå, kort","Begge kjønn","Personer 16 år og over","2021",0
"Overhalla (-2017)","Universitets- og høgskolenivå, kort","Begge kjønn","Personer 16 år og over (prosent)","2021",0
"Overhalla (-2017)","Universitets- og høgskolenivå, lang","Begge kjønn","Personer 16 år og over","2021",0
"Overhalla (-2017)","Universitets- og høgskolenivå, lang","Begge kjønn","Personer 16 år og over (prosent)","2021",0
"Fosnes (-2017)","Utdanningsnivå i alt","Begge kjønn","Personer 16 år og over","2021",0
"Fosnes (-2017)","Utdanningsnivå i alt","Begge kjønn","Personer 16 år og over (prosent)","2021",0
"Fosnes (-2017)","Videregående skolenivå","Begge kjønn","Personer 16 år og over","2021",0
"Fosnes (-2017)","Videregående skolenivå","Begge kjønn","Personer 16 år og over (prosent)","2021",0
"Fosnes (-2017)","Universitets- og høgskolenivå, kort","Begge kjønn","Personer 16 år og over","2021",0
"Fosnes (-2017)","Universitets- og høgskolenivå, kort","Begge kjønn","Personer 16 år og over (prosent)","2021",0
"Fosnes (-2017)","Universitets- og høgskolenivå, lang","Begge kjønn","Personer 16 år og over","2021",0
"Fosnes (-2017)","Universitets- og høgskolenivå, lang","Begge kjønn","Personer 16 år og over (prosent)","2021",0
"Flatanger (-2017)","Utdanningsnivå i alt","Begge kjønn","Personer 16 år og over","2021",0
"Flatanger (-2017)","Utdanningsnivå i alt","Begge kjønn","Personer 16 år og over (prosent)","2021",0
"Flatanger (-2017)","Videregående skolenivå","Begge kjønn","Personer 16 år og over","2021",0
"Flatanger (-2017)","Videregående skolenivå","Begge kjønn","Personer 16 år og over (prosent)","2021",0
"Flatanger (-2017)","Universitets- og høgskolenivå, kort","Begge kjønn","Personer 16 år og over","2021",0
"Flatanger (-2017)","Universitets- og høgskolenivå, kort","Begge kjønn","Personer 16 år og over (prosent)","2021",0
"Flatanger (-2017)","Universitets- og høgskolenivå, lang","Begge kjønn","Personer 16 år og over","2021",0
"Flatanger (-2017)","Universitets- og høgskolenivå, lang","Begge kjønn","Personer 16 år og over (prosent)","2021",0
"Vikna (-2017)","Utdanningsnivå i alt","Begge kjønn","Personer 16 år og over","2021",0
"Vikna (-2017)","Utdanningsnivå i alt","Begge kjønn","Personer 16 år og over (prosent)","2021",0
"Vikna (-2017)","Videregående skolenivå","Begge kjønn","Personer 16 år og over","2021",0
"Vikna (-2017)","Videregående skolenivå","Begge kjønn","Personer 16 år og over (prosent)","2021",0
"Vikna (-2017)","Universitets- og høgskolenivå, kort","Begge kjønn","Personer 16 år og over","2021",0
"Vikna (-2017)","Universitets- og høgskolenivå, kort","Begge kjønn","Personer 16 år og over (prosent)","2021",0
"Vikna (-2017)","Universitets- og høgskolenivå, lang","Begge kjønn","Personer 16 år og over","2021",0
"Vikna (-2017)","Universitets- og høgskolenivå, lang","Begge kjønn","Personer 16 år og over (prosent)","2021",0
"Nærøy (-2017)","Utdanningsnivå i alt","Begge kjønn","Personer 16 år og over","2021",0
"Nærøy (-2017)","Utdanningsnivå i alt","Begge kjønn","Personer 16 år og over (prosent)","2021",0
"Nærøy (-2017)","Videregående skolenivå","Begge kjønn","Personer 16 år og over","2021",0
"Nærøy (-2017)","Videregående skolenivå","Begge kjønn","Personer 16 år og over (prosent)","2021",0
"Nærøy (-2017)","Universitets- og høgskolenivå, kort","Begge kjønn","Personer 16 år og over","2021",0
"Nærøy (-2017)","Universitets- og høgskolenivå, kort","Begge kjønn","Personer 16 år og over (prosent)","2021",0
"Nærøy (-2017)","Universitets- og høgskolenivå, lang","Begge kjønn","Personer 16 år og over","2021",0
"Nærøy (-2017)","Universitets- og høgskolenivå, lang","Begge kjønn","Personer 16 år og over (prosent)","2021",0
"Leka (-2017)","Utdanningsnivå i alt","Begge kjønn","Personer 16 år og over","2021",0
"Leka (-2017)","Utdanningsnivå i alt","Begge kjønn","Personer 16 år og over (prosent)","2021",0
"Leka (-2017)","Videregående skolenivå","Begge kjønn","Personer 16 år og over","2021",0
"Leka (-2017)","Videregående skolenivå","Begge kjønn","Personer 16 år og over (prosent)","2021",0
"Leka (-2017)","Universitets- og høgskolenivå, kort","Begge kjønn","Personer 16 år og over","2021",0
"Leka (-2017)","Universitets- og høgskolenivå, kort","Begge kjønn","Personer 16 år og over (prosent)","2021",0
"Leka (-2017)","Universitets- og høgskolenivå, lang","Begge kjønn","Personer 16 år og over","2021",0
"Leka (-2017)","Universitets- og høgskolenivå, lang","Begge kjønn","Personer 16 år og over (prosent)","2021",0
"Inderøy (2012-2017)","Utdanningsnivå i alt","Begge kjønn","Personer 16 år og over","2021",0
"Inderøy (2012-2017)","Utdanningsnivå i alt","Begge kjønn","Personer 16 år og over (prosent)","2021",0
"Inderøy (2012-2017)","Videregående skolenivå","Begge kjønn","Personer 16 år og over","2021",0
"Inderøy (2012-2017)","Videregående skolenivå","Begge kjønn","Personer 16 år og over (prosent)","2021",0
"Inderøy (2012-2017)","Universitets- og høgskolenivå, kort","Begge kjønn","Personer 16 år og over","2021",0
"Inderøy (2012-2017)","Universitets- og høgskolenivå, kort","Begge kjønn","Personer 16 år og over (prosent)","2021",0
"Inderøy (2012-2017)","Universitets- og høgskolenivå, lang","Begge kjønn","Personer 16 år og over","2021",0
"Inderøy (2012-2017)","Universitets- og høgskolenivå, lang","Begge kjønn","Personer 16 år og over (prosent)","2021",0
"Uoppgitt kommune Nord-Trøndelag","Utdanningsnivå i alt","Begge kjønn","Personer 16 år og over","2021",0
"Uoppgitt kommune Nord-Trøndelag","Utdanningsnivå i alt","Begge kjønn","Personer 16 år og over (prosent)","2021",0
"Uoppgitt kommune Nord-Trøndelag","Videregående skolenivå","Begge kjønn","Personer 16 år og over","2021",0
"Uoppgitt kommune Nord-Trøndelag","Videregående skolenivå","Begge kjønn","Personer 16 år og over (prosent)","2021",0
"Uoppgitt kommune Nord-Trøndelag","Universitets- og høgskolenivå, kort","Begge kjønn","Personer 16 år og over","2021",0
"Uoppgitt kommune Nord-Trøndelag","Universitets- og høgskolenivå, kort","Begge kjønn","Personer 16 år og over (prosent)","2021",0
"Uoppgitt kommune Nord-Trøndelag","Universitets- og høgskolenivå, lang","Begge kjønn","Personer 16 år og over","2021",0
"Uoppgitt kommune Nord-Trøndelag","Universitets- og høgskolenivå, lang","Begge kjønn","Personer 16 år og over (prosent)","2021",0
"Nordland - Nordlánnda","Utdanningsnivå i alt","Begge kjønn","Personer 16 år og over","2021",200380
"Nordland - Nordlánnda","Utdanningsnivå i alt","Begge kjønn","Personer 16 år og over (prosent)","2021",100
"Nordland - Nordlánnda","Videregående skolenivå","Begge kjønn","Personer 16 år og over","2021",79399
"Nordland - Nordlánnda","Videregående skolenivå","Begge kjønn","Personer 16 år og over (prosent)","2021",39.8
"Nordland - Nordlánnda","Universitets- og høgskolenivå, kort","Begge kjønn","Personer 16 år og over","2021",43950
"Nordland - Nordlánnda","Universitets- og høgskolenivå, kort","Begge kjønn","Personer 16 år og over (prosent)","2021",22
"Nordland - Nordlánnda","Universitets- og høgskolenivå, lang","Begge kjønn","Personer 16 år og over","2021",13003
"Nordland - Nordlánnda","Universitets- og høgskolenivå, lang","Begge kjønn","Personer 16 år og over (prosent)","2021",6.5
"Bodø","Utdanningsnivå i alt","Begge kjønn","Personer 16 år og over","2021",43558
"Bodø","Utdanningsnivå i alt","Begge kjønn","Personer 16 år og over (prosent)","2021",100
"Bodø","Videregående skolenivå","Begge kjønn","Personer 16 år og over","2021",15332
"Bodø","Videregående skolenivå","Begge kjønn","Personer 16 år og over (prosent)","2021",35.3
"Bodø","Universitets- og høgskolenivå, kort","Begge kjønn","Personer 16 år og over","2021",12049
"Bodø","Universitets- og høgskolenivå, kort","Begge kjønn","Personer 16 år og over (prosent)","2021",27.8
"Bodø","Universitets- og høgskolenivå, lang","Begge kjønn","Personer 16 år og over","2021",4868
"Bodø","Universitets- og høgskolenivå, lang","Begge kjønn","Personer 16 år og over (prosent)","2021",11.2
"Narvik (-2019)","Utdanningsnivå i alt","Begge kjønn","Personer 16 år og over","2021",0
"Narvik (-2019)","Utdanningsnivå i alt","Begge kjønn","Personer 16 år og over (prosent)","2021",0
"Narvik (-2019)","Videregående skolenivå","Begge kjønn","Personer 16 år og over","2021",0
"Narvik (-2019)","Videregående skolenivå","Begge kjønn","Personer 16 år og over (prosent)","2021",0
"Narvik (-2019)","Universitets- og høgskolenivå, kort","Begge kjønn","Personer 16 år og over","2021",0
"Narvik (-2019)","Universitets- og høgskolenivå, kort","Begge kjønn","Personer 16 år og over (prosent)","2021",0
"Narvik (-2019)","Universitets- og høgskolenivå, lang","Begge kjønn","Personer 16 år og over","2021",0
"Narvik (-2019)","Universitets- og høgskolenivå, lang","Begge kjønn","Personer 16 år og over (prosent)","2021",0
"Narvik","Utdanningsnivå i alt","Begge kjønn","Personer 16 år og over","2021",18037
"Narvik","Utdanningsnivå i alt","Begge kjønn","Personer 16 år og over (prosent)","2021",100
"Narvik","Videregående skolenivå","Begge kjønn","Personer 16 år og over","2021",7363
"Narvik","Videregående skolenivå","Begge kjønn","Personer 16 år og over (prosent)","2021",41
"Narvik","Universitets- og høgskolenivå, kort","Begge kjønn","Personer 16 år og over","2021",4178
"Narvik","Universitets- og høgskolenivå, kort","Begge kjønn","Personer 16 år og over (prosent)","2021",23.3
"Narvik","Universitets- og høgskolenivå, lang","Begge kjønn","Personer 16 år og over","2021",1285
"Narvik","Universitets- og høgskolenivå, lang","Begge kjønn","Personer 16 år og over (prosent)","2021",7.2
"Bindal","Utdanningsnivå i alt","Begge kjønn","Personer 16 år og over","2021",1182
"Bindal","Utdanningsnivå i alt","Begge kjønn","Personer 16 år og over (prosent)","2021",100
"Bindal","Videregående skolenivå","Begge kjønn","Personer 16 år og over","2021",510
"Bindal","Videregående skolenivå","Begge kjønn","Personer 16 år og over (prosent)","2021",43.3
"Bindal","Universitets- og høgskolenivå, kort","Begge kjønn","Personer 16 år og over","2021",209
"Bindal","Universitets- og høgskolenivå, kort","Begge kjønn","Personer 16 år og over (prosent)","2021",17.8
"Bindal","Universitets- og høgskolenivå, lang","Begge kjønn","Personer 16 år og over","2021",32
"Bindal","Universitets- og høgskolenivå, lang","Begge kjønn","Personer 16 år og over (prosent)","2021",2.7
"Sømna","Utdanningsnivå i alt","Begge kjønn","Personer 16 år og over","2021",1660
"Sømna","Utdanningsnivå i alt","Begge kjønn","Personer 16 år og over (prosent)","2021",100
"Sømna","Videregående skolenivå","Begge kjønn","Personer 16 år og over","2021",746
"Sømna","Videregående skolenivå","Begge kjønn","Personer 16 år og over (prosent)","2021",45.2
"Sømna","Universitets- og høgskolenivå, kort","Begge kjønn","Personer 16 år og over","2021",311
"Sømna","Universitets- og høgskolenivå, kort","Begge kjønn","Personer 16 år og over (prosent)","2021",18.8
"Sømna","Universitets- og høgskolenivå, lang","Begge kjønn","Personer 16 år og over","2021",60
"Sømna","Universitets- og høgskolenivå, lang","Begge kjønn","Personer 16 år og over (prosent)","2021",3.6
"Brønnøy","Utdanningsnivå i alt","Begge kjønn","Personer 16 år og over","2021",6416
"Brønnøy","Utdanningsnivå i alt","Begge kjønn","Personer 16 år og over (prosent)","2021",100
"Brønnøy","Videregående skolenivå","Begge kjønn","Personer 16 år og over","2021",2738
"Brønnøy","Videregående skolenivå","Begge kjønn","Personer 16 år og over (prosent)","2021",42.8
"Brønnøy","Universitets- og høgskolenivå, kort","Begge kjønn","Personer 16 år og over","2021",1284
"Brønnøy","Universitets- og høgskolenivå, kort","Begge kjønn","Personer 16 år og over (prosent)","2021",20.1
"Brønnøy","Universitets- og høgskolenivå, lang","Begge kjønn","Personer 16 år og over","2021",338
"Brønnøy","Universitets- og høgskolenivå, lang","Begge kjønn","Personer 16 år og over (prosent)","2021",5.3
"Brønnøy (-1976)","Utdanningsnivå i alt","Begge kjønn","Personer 16 år og over","2021",0
"Brønnøy (-1976)","Utdanningsnivå i alt","Begge kjønn","Personer 16 år og over (prosent)","2021",0
"Brønnøy (-1976)","Videregående skolenivå","Begge kjønn","Personer 16 år og over","2021",0
"Brønnøy (-1976)","Videregående skolenivå","Begge kjønn","Personer 16 år og over (prosent)","2021",0
"Brønnøy (-1976)","Universitets- og høgskolenivå, kort","Begge kjønn","Personer 16 år og over","2021",0
"Brønnøy (-1976)","Universitets- og høgskolenivå, kort","Begge kjønn","Personer 16 år og over (prosent)","2021",0
"Brønnøy (-1976)","Universitets- og høgskolenivå, lang","Begge kjønn","Personer 16 år og over","2021",0
"Brønnøy (-1976)","Universitets- og høgskolenivå, lang","Begge kjønn","Personer 16 år og over (prosent)","2021",0
"Vega","Utdanningsnivå i alt","Begge kjønn","Personer 16 år og over","2021",1005
"Vega","Utdanningsnivå i alt","Begge kjønn","Personer 16 år og over (prosent)","2021",100
"Vega","Videregående skolenivå","Begge kjønn","Personer 16 år og over","2021",385
"Vega","Videregående skolenivå","Begge kjønn","Personer 16 år og over (prosent)","2021",38.4
"Vega","Universitets- og høgskolenivå, kort","Begge kjønn","Personer 16 år og over","2021",178
"Vega","Universitets- og høgskolenivå, kort","Begge kjønn","Personer 16 år og over (prosent)","2021",17.8
"Vega","Universitets- og høgskolenivå, lang","Begge kjønn","Personer 16 år og over","2021",41
"Vega","Universitets- og høgskolenivå, lang","Begge kjønn","Personer 16 år og over (prosent)","2021",4.1
"Vevelstad","Utdanningsnivå i alt","Begge kjønn","Personer 16 år og over","2021",402
"Vevelstad","Utdanningsnivå i alt","Begge kjønn","Personer 16 år og over (prosent)","2021",100
"Vevelstad","Videregående skolenivå","Begge kjønn","Personer 16 år og over","2021",183
"Vevelstad","Videregående skolenivå","Begge kjønn","Personer 16 år og over (prosent)","2021",45.6
"Vevelstad","Universitets- og høgskolenivå, kort","Begge kjønn","Personer 16 år og over","2021",66
"Vevelstad","Universitets- og høgskolenivå, kort","Begge kjønn","Personer 16 år og over (prosent)","2021",16.5
"Vevelstad","Universitets- og høgskolenivå, lang","Begge kjønn","Personer 16 år og over","2021",16
"Vevelstad","Universitets- og høgskolenivå, lang","Begge kjønn","Personer 16 år og over (prosent)","2021",4
"Herøy (Nordland)","Utdanningsnivå i alt","Begge kjønn","Personer 16 år og over","2021",1504
"Herøy (Nordland)","Utdanningsnivå i alt","Begge kjønn","Personer 16 år og over (prosent)","2021",100
"Herøy (Nordland)","Videregående skolenivå","Begge kjønn","Personer 16 år og over","2021",590
"Herøy (Nordland)","Videregående skolenivå","Begge kjønn","Personer 16 år og over (prosent)","2021",39.4
"Herøy (Nordland)","Universitets- og høgskolenivå, kort","Begge kjønn","Personer 16 år og over","2021",256
"Herøy (Nordland)","Universitets- og høgskolenivå, kort","Begge kjønn","Personer 16 år og over (prosent)","2021",17.1
"Herøy (Nordland)","Universitets- og høgskolenivå, lang","Begge kjønn","Personer 16 år og over","2021",43
"Herøy (Nordland)","Universitets- og høgskolenivå, lang","Begge kjønn","Personer 16 år og over (prosent)","2021",2.9
"Alstahaug","Utdanningsnivå i alt","Begge kjønn","Personer 16 år og over","2021",6132
"Alstahaug","Utdanningsnivå i alt","Begge kjønn","Personer 16 år og over (prosent)","2021",100
"Alstahaug","Videregående skolenivå","Begge kjønn","Personer 16 år og over","2021",2429
"Alstahaug","Videregående skolenivå","Begge kjønn","Personer 16 år og over (prosent)","2021",39.8
"Alstahaug","Universitets- og høgskolenivå, kort","Begge kjønn","Personer 16 år og over","2021",1388
"Alstahaug","Universitets- og høgskolenivå, kort","Begge kjønn","Personer 16 år og over (prosent)","2021",22.7
"Alstahaug","Universitets- og høgskolenivå, lang","Begge kjønn","Personer 16 år og over","2021",413
"Alstahaug","Universitets- og høgskolenivå, lang","Begge kjønn","Personer 16 år og over (prosent)","2021",6.8
"Leirfjord","Utdanningsnivå i alt","Begge kjønn","Personer 16 år og over","2021",1785
"Leirfjord","Utdanningsnivå i alt","Begge kjønn","Personer 16 år og over (prosent)","2021",100
"Leirfjord","Videregående skolenivå","Begge kjønn","Personer 16 år og over","2021",724
"Leirfjord","Videregående skolenivå","Begge kjønn","Personer 16 år og over (prosent)","2021",40.8
"Leirfjord","Universitets- og høgskolenivå, kort","Begge kjønn","Personer 16 år og over","2021",337
"Leirfjord","Universitets- og høgskolenivå, kort","Begge kjønn","Personer 16 år og over (prosent)","2021",19
"Leirfjord","Universitets- og høgskolenivå, lang","Begge kjønn","Personer 16 år og over","2021",99
"Leirfjord","Universitets- og høgskolenivå, lang","Begge kjønn","Personer 16 år og over (prosent)","2021",5.6
"Vefsn","Utdanningsnivå i alt","Begge kjønn","Personer 16 år og over","2021",11101
"Vefsn","Utdanningsnivå i alt","Begge kjønn","Personer 16 år og over (prosent)","2021",100
"Vefsn","Videregående skolenivå","Begge kjønn","Personer 16 år og over","2021",4845
"Vefsn","Videregående skolenivå","Begge kjønn","Personer 16 år og over (prosent)","2021",43.8
"Vefsn","Universitets- og høgskolenivå, kort","Begge kjønn","Personer 16 år og over","2021",2266
"Vefsn","Universitets- og høgskolenivå, kort","Begge kjønn","Personer 16 år og over (prosent)","2021",20.5
"Vefsn","Universitets- og høgskolenivå, lang","Begge kjønn","Personer 16 år og over","2021",552
"Vefsn","Universitets- og høgskolenivå, lang","Begge kjønn","Personer 16 år og over (prosent)","2021",5
"Grane","Utdanningsnivå i alt","Begge kjønn","Personer 16 år og over","2021",1233
"Grane","Utdanningsnivå i alt","Begge kjønn","Personer 16 år og over (prosent)","2021",100
"Grane","Videregående skolenivå","Begge kjønn","Personer 16 år og over","2021",549
"Grane","Videregående skolenivå","Begge kjønn","Personer 16 år og over (prosent)","2021",44.8
"Grane","Universitets- og høgskolenivå, kort","Begge kjønn","Personer 16 år og over","2021",179
"Grane","Universitets- og høgskolenivå, kort","Begge kjønn","Personer 16 år og over (prosent)","2021",14.6
"Grane","Universitets- og høgskolenivå, lang","Begge kjønn","Personer 16 år og over","2021",35
"Grane","Universitets- og høgskolenivå, lang","Begge kjønn","Personer 16 år og over (prosent)","2021",2.9
"Aarborte - Hattfjelldal","Utdanningsnivå i alt","Begge kjønn","Personer 16 år og over","2021",1090
"Aarborte - Hattfjelldal","Utdanningsnivå i alt","Begge kjønn","Personer 16 år og over (prosent)","2021",100
"Aarborte - Hattfjelldal","Videregående skolenivå","Begge kjønn","Personer 16 år og over","2021",482
"Aarborte - Hattfjelldal","Videregående skolenivå","Begge kjønn","Personer 16 år og over (prosent)","2021",44.4
"Aarborte - Hattfjelldal","Universitets- og høgskolenivå, kort","Begge kjønn","Personer 16 år og over","2021",179
"Aarborte - Hattfjelldal","Universitets- og høgskolenivå, kort","Begge kjønn","Personer 16 år og over (prosent)","2021",16.5
"Aarborte - Hattfjelldal","Universitets- og høgskolenivå, lang","Begge kjønn","Personer 16 år og over","2021",28
"Aarborte - Hattfjelldal","Universitets- og høgskolenivå, lang","Begge kjønn","Personer 16 år og over (prosent)","2021",2.6
"Dønna","Utdanningsnivå i alt","Begge kjønn","Personer 16 år og over","2021",1167
"Dønna","Utdanningsnivå i alt","Begge kjønn","Personer 16 år og over (prosent)","2021",100
"Dønna","Videregående skolenivå","Begge kjønn","Personer 16 år og over","2021",472
"Dønna","Videregående skolenivå","Begge kjønn","Personer 16 år og over (prosent)","2021",40.7
"Dønna","Universitets- og høgskolenivå, kort","Begge kjønn","Personer 16 år og over","2021",226
"Dønna","Universitets- og høgskolenivå, kort","Begge kjønn","Personer 16 år og over (prosent)","2021",19.5
"Dønna","Universitets- og høgskolenivå, lang","Begge kjønn","Personer 16 år og over","2021",49
"Dønna","Universitets- og høgskolenivå, lang","Begge kjønn","Personer 16 år og over (prosent)","2021",4.2
"Nesna","Utdanningsnivå i alt","Begge kjønn","Personer 16 år og over","2021",1422
"Nesna","Utdanningsnivå i alt","Begge kjønn","Personer 16 år og over (prosent)","2021",100
"Nesna","Videregående skolenivå","Begge kjønn","Personer 16 år og over","2021",523
"Nesna","Videregående skolenivå","Begge kjønn","Personer 16 år og over (prosent)","2021",37.1
"Nesna","Universitets- og høgskolenivå, kort","Begge kjønn","Personer 16 år og over","2021",310
"Nesna","Universitets- og høgskolenivå, kort","Begge kjønn","Personer 16 år og over (prosent)","2021",22
"Nesna","Universitets- og høgskolenivå, lang","Begge kjønn","Personer 16 år og over","2021",122
"Nesna","Universitets- og høgskolenivå, lang","Begge kjønn","Personer 16 år og over (prosent)","2021",8.6
"Hemnes","Utdanningsnivå i alt","Begge kjønn","Personer 16 år og over","2021",3680
"Hemnes","Utdanningsnivå i alt","Begge kjønn","Personer 16 år og over (prosent)","2021",100
"Hemnes","Videregående skolenivå","Begge kjønn","Personer 16 år og over","2021",1563
"Hemnes","Videregående skolenivå","Begge kjønn","Personer 16 år og over (prosent)","2021",42.6
"Hemnes","Universitets- og høgskolenivå, kort","Begge kjønn","Personer 16 år og over","2021",657
"Hemnes","Universitets- og høgskolenivå, kort","Begge kjønn","Personer 16 år og over (prosent)","2021",17.9
"Hemnes","Universitets- og høgskolenivå, lang","Begge kjønn","Personer 16 år og over","2021",103
"Hemnes","Universitets- og høgskolenivå, lang","Begge kjønn","Personer 16 år og over (prosent)","2021",2.8
"Rana - Raane","Utdanningsnivå i alt","Begge kjønn","Personer 16 år og over","2021",21794
"Rana - Raane","Utdanningsnivå i alt","Begge kjønn","Personer 16 år og over (prosent)","2021",100
"Rana - Raane","Videregående skolenivå","Begge kjønn","Personer 16 år og over","2021",8983
"Rana - Raane","Videregående skolenivå","Begge kjønn","Personer 16 år og over (prosent)","2021",41.3
"Rana - Raane","Universitets- og høgskolenivå, kort","Begge kjønn","Personer 16 år og over","2021",4864
"Rana - Raane","Universitets- og høgskolenivå, kort","Begge kjønn","Personer 16 år og over (prosent)","2021",22.4
"Rana - Raane","Universitets- og høgskolenivå, lang","Begge kjønn","Personer 16 år og over","2021",1175
"Rana - Raane","Universitets- og høgskolenivå, lang","Begge kjønn","Personer 16 år og over (prosent)","2021",5.4
"Lurøy","Utdanningsnivå i alt","Begge kjønn","Personer 16 år og over","2021",1575
"Lurøy","Utdanningsnivå i alt","Begge kjønn","Personer 16 år og over (prosent)","2021",100
"Lurøy","Videregående skolenivå","Begge kjønn","Personer 16 år og over","2021",646
"Lurøy","Videregående skolenivå","Begge kjønn","Personer 16 år og over (prosent)","2021",41.2
"Lurøy","Universitets- og høgskolenivå, kort","Begge kjønn","Personer 16 år og over","2021",277
"Lurøy","Universitets- og høgskolenivå, kort","Begge kjønn","Personer 16 år og over (prosent)","2021",17.7
"Lurøy","Universitets- og høgskolenivå, lang","Begge kjønn","Personer 16 år og over","2021",69
"Lurøy","Universitets- og høgskolenivå, lang","Begge kjønn","Personer 16 år og over (prosent)","2021",4.4
"Træna","Utdanningsnivå i alt","Begge kjønn","Personer 16 år og over","2021",381
"Træna","Utdanningsnivå i alt","Begge kjønn","Personer 16 år og over (prosent)","2021",100
"Træna","Videregående skolenivå","Begge kjønn","Personer 16 år og over","2021",153
"Træna","Videregående skolenivå","Begge kjønn","Personer 16 år og over (prosent)","2021",40.3
"Træna","Universitets- og høgskolenivå, kort","Begge kjønn","Personer 16 år og over","2021",67
"Træna","Universitets- og høgskolenivå, kort","Begge kjønn","Personer 16 år og over (prosent)","2021",17.6
"Træna","Universitets- og høgskolenivå, lang","Begge kjønn","Personer 16 år og over","2021",10
"Træna","Universitets- og høgskolenivå, lang","Begge kjønn","Personer 16 år og over (prosent)","2021",2.6
"Rødøy","Utdanningsnivå i alt","Begge kjønn","Personer 16 år og over","2021",959
"Rødøy","Utdanningsnivå i alt","Begge kjønn","Personer 16 år og over (prosent)","2021",100
"Rødøy","Videregående skolenivå","Begge kjønn","Personer 16 år og over","2021",378
"Rødøy","Videregående skolenivå","Begge kjønn","Personer 16 år og over (prosent)","2021",39.6
"Rødøy","Universitets- og høgskolenivå, kort","Begge kjønn","Personer 16 år og over","2021",145
"Rødøy","Universitets- og høgskolenivå, kort","Begge kjønn","Personer 16 år og over (prosent)","2021",15.2
"Rødøy","Universitets- og høgskolenivå, lang","Begge kjønn","Personer 16 år og over","2021",24
"Rødøy","Universitets- og høgskolenivå, lang","Begge kjønn","Personer 16 år og over (prosent)","2021",2.5
"Meløy","Utdanningsnivå i alt","Begge kjønn","Personer 16 år og over","2021",5128
"Meløy","Utdanningsnivå i alt","Begge kjønn","Personer 16 år og over (prosent)","2021",100
"Meløy","Videregående skolenivå","Begge kjønn","Personer 16 år og over","2021",2283
"Meløy","Videregående skolenivå","Begge kjønn","Personer 16 år og over (prosent)","2021",44.8
"Meløy","Universitets- og høgskolenivå, kort","Begge kjønn","Personer 16 år og over","2021",867
"Meløy","Universitets- og høgskolenivå, kort","Begge kjønn","Personer 16 år og over (prosent)","2021",17
"Meløy","Universitets- og høgskolenivå, lang","Begge kjønn","Personer 16 år og over","2021",172
"Meløy","Universitets- og høgskolenivå, lang","Begge kjønn","Personer 16 år og over (prosent)","2021",3.4
"Gildeskål","Utdanningsnivå i alt","Begge kjønn","Personer 16 år og over","2021",1622
"Gildeskål","Utdanningsnivå i alt","Begge kjønn","Personer 16 år og over (prosent)","2021",100
"Gildeskål","Videregående skolenivå","Begge kjønn","Personer 16 år og over","2021",690
"Gildeskål","Videregående skolenivå","Begge kjønn","Personer 16 år og over (prosent)","2021",42.7
"Gildeskål","Universitets- og høgskolenivå, kort","Begge kjønn","Personer 16 år og over","2021",321
"Gildeskål","Universitets- og høgskolenivå, kort","Begge kjønn","Personer 16 år og over (prosent)","2021",19.9
"Gildeskål","Universitets- og høgskolenivå, lang","Begge kjønn","Personer 16 år og over","2021",76
"Gildeskål","Universitets- og høgskolenivå, lang","Begge kjønn","Personer 16 år og over (prosent)","2021",4.7
"Beiarn","Utdanningsnivå i alt","Begge kjønn","Personer 16 år og over","2021",878
"Beiarn","Utdanningsnivå i alt","Begge kjønn","Personer 16 år og over (prosent)","2021",100
"Beiarn","Videregående skolenivå","Begge kjønn","Personer 16 år og over","2021",361
"Beiarn","Videregående skolenivå","Begge kjønn","Personer 16 år og over (prosent)","2021",41.3
"Beiarn","Universitets- og høgskolenivå, kort","Begge kjønn","Personer 16 år og over","2021",111
"Beiarn","Universitets- og høgskolenivå, kort","Begge kjønn","Personer 16 år og over (prosent)","2021",12.7
"Beiarn","Universitets- og høgskolenivå, lang","Begge kjønn","Personer 16 år og over","2021",22
"Beiarn","Universitets- og høgskolenivå, lang","Begge kjønn","Personer 16 år og over (prosent)","2021",2.5
"Saltdal","Utdanningsnivå i alt","Begge kjønn","Personer 16 år og over","2021",3838
"Saltdal","Utdanningsnivå i alt","Begge kjønn","Personer 16 år og over (prosent)","2021",100
"Saltdal","Videregående skolenivå","Begge kjønn","Personer 16 år og over","2021",1707
"Saltdal","Videregående skolenivå","Begge kjønn","Personer 16 år og over (prosent)","2021",44.7
"Saltdal","Universitets- og høgskolenivå, kort","Begge kjønn","Personer 16 år og over","2021",763
"Saltdal","Universitets- og høgskolenivå, kort","Begge kjønn","Personer 16 år og over (prosent)","2021",20
"Saltdal","Universitets- og høgskolenivå, lang","Begge kjønn","Personer 16 år og over","2021",144
"Saltdal","Universitets- og høgskolenivå, lang","Begge kjønn","Personer 16 år og over (prosent)","2021",3.8
"Fauske - Fuossko","Utdanningsnivå i alt","Begge kjønn","Personer 16 år og over","2021",8117
"Fauske - Fuossko","Utdanningsnivå i alt","Begge kjønn","Personer 16 år og over (prosent)","2021",100
"Fauske - Fuossko","Videregående skolenivå","Begge kjønn","Personer 16 år og over","2021",3436
"Fauske - Fuossko","Videregående skolenivå","Begge kjønn","Personer 16 år og over (prosent)","2021",42.5
"Fauske - Fuossko","Universitets- og høgskolenivå, kort","Begge kjønn","Personer 16 år og over","2021",1658
"Fauske - Fuossko","Universitets- og høgskolenivå, kort","Begge kjønn","Personer 16 år og over (prosent)","2021",20.5
"Fauske - Fuossko","Universitets- og høgskolenivå, lang","Begge kjønn","Personer 16 år og over","2021",380
"Fauske - Fuossko","Universitets- og høgskolenivå, lang","Begge kjønn","Personer 16 år og over (prosent)","2021",4.7
"Skjerstad (-2004)","Utdanningsnivå i alt","Begge kjønn","Personer 16 år og over","2021",0
"Skjerstad (-2004)","Utdanningsnivå i alt","Begge kjønn","Personer 16 år og over (prosent)","2021",0
"Skjerstad (-2004)","Videregående skolenivå","Begge kjønn","Personer 16 år og over","2021",0
"Skjerstad (-2004)","Videregående skolenivå","Begge kjønn","Personer 16 år og over (prosent)","2021",0
"Skjerstad (-2004)","Universitets- og høgskolenivå, kort","Begge kjønn","Personer 16 år og over","2021",0
"Skjerstad (-2004)","Universitets- og høgskolenivå, kort","Begge kjønn","Personer 16 år og over (prosent)","2021",0
"Skjerstad (-2004)","Universitets- og høgskolenivå, lang","Begge kjønn","Personer 16 år og over","2021",0
"Skjerstad (-2004)","Universitets- og høgskolenivå, lang","Begge kjønn","Personer 16 år og over (prosent)","2021",0
"Bodin (-1967)","Utdanningsnivå i alt","Begge kjønn","Personer 16 år og over","2021",0
"Bodin (-1967)","Utdanningsnivå i alt","Begge kjønn","Personer 16 år og over (prosent)","2021",0
"Bodin (-1967)","Videregående skolenivå","Begge kjønn","Personer 16 år og over","2021",0
"Bodin (-1967)","Videregående skolenivå","Begge kjønn","Personer 16 år og over (prosent)","2021",0
"Bodin (-1967)","Universitets- og høgskolenivå, kort","Begge kjønn","Personer 16 år og over","2021",0
"Bodin (-1967)","Universitets- og høgskolenivå, kort","Begge kjønn","Personer 16 år og over (prosent)","2021",0
"Bodin (-1967)","Universitets- og høgskolenivå, lang","Begge kjønn","Personer 16 år og over","2021",0
"Bodin (-1967)","Universitets- og høgskolenivå, lang","Begge kjønn","Personer 16 år og over (prosent)","2021",0
"Sørfold - Fuolldá","Utdanningsnivå i alt","Begge kjønn","Personer 16 år og over","2021",1606
"Sørfold - Fuolldá","Utdanningsnivå i alt","Begge kjønn","Personer 16 år og over (prosent)","2021",100
"Sørfold - Fuolldá","Videregående skolenivå","Begge kjønn","Personer 16 år og over","2021",685
"Sørfold - Fuolldá","Videregående skolenivå","Begge kjønn","Personer 16 år og over (prosent)","2021",42.8
"Sørfold - Fuolldá","Universitets- og høgskolenivå, kort","Begge kjønn","Personer 16 år og over","2021",249
"Sørfold - Fuolldá","Universitets- og høgskolenivå, kort","Begge kjønn","Personer 16 år og over (prosent)","2021",15.6
"Sørfold - Fuolldá","Universitets- og høgskolenivå, lang","Begge kjønn","Personer 16 år og over","2021",48
"Sørfold - Fuolldá","Universitets- og høgskolenivå, lang","Begge kjønn","Personer 16 år og over (prosent)","2021",3
"Steigen","Utdanningsnivå i alt","Begge kjønn","Personer 16 år og over","2021",2191
"Steigen","Utdanningsnivå i alt","Begge kjønn","Personer 16 år og over (prosent)","2021",100
"Steigen","Videregående skolenivå","Begge kjønn","Personer 16 år og over","2021",919
"Steigen","Videregående skolenivå","Begge kjønn","Personer 16 år og over (prosent)","2021",42.1
"Steigen","Universitets- og høgskolenivå, kort","Begge kjønn","Personer 16 år og over","2021",413
"Steigen","Universitets- og høgskolenivå, kort","Begge kjønn","Personer 16 år og over (prosent)","2021",18.9
"Steigen","Universitets- og høgskolenivå, lang","Begge kjønn","Personer 16 år og over","2021",111
"Steigen","Universitets- og høgskolenivå, lang","Begge kjønn","Personer 16 år og over (prosent)","2021",5.1
"Hamarøy - Hábmer (-2019)","Utdanningsnivå i alt","Begge kjønn","Personer 16 år og over","2021",0
"Hamarøy - Hábmer (-2019)","Utdanningsnivå i alt","Begge kjønn","Personer 16 år og over (prosent)","2021",0
"Hamarøy - Hábmer (-2019)","Videregående skolenivå","Begge kjønn","Personer 16 år og over","2021",0
"Hamarøy - Hábmer (-2019)","Videregående skolenivå","Begge kjønn","Personer 16 år og over (prosent)","2021",0
"Hamarøy - Hábmer (-2019)","Universitets- og høgskolenivå, kort","Begge kjønn","Personer 16 år og over","2021",0
"Hamarøy - Hábmer (-2019)","Universitets- og høgskolenivå, kort","Begge kjønn","Personer 16 år og over (prosent)","2021",0
"Hamarøy - Hábmer (-2019)","Universitets- og høgskolenivå, lang","Begge kjønn","Personer 16 år og over","2021",0
"Hamarøy - Hábmer (-2019)","Universitets- og høgskolenivå, lang","Begge kjønn","Personer 16 år og over (prosent)","2021",0
"Divtasvuodna - Tysfjord (-2019)","Utdanningsnivå i alt","Begge kjønn","Personer 16 år og over","2021",0
"Divtasvuodna - Tysfjord (-2019)","Utdanningsnivå i alt","Begge kjønn","Personer 16 år og over (prosent)","2021",0
"Divtasvuodna - Tysfjord (-2019)","Videregående skolenivå","Begge kjønn","Personer 16 år og over","2021",0
"Divtasvuodna - Tysfjord (-2019)","Videregående skolenivå","Begge kjønn","Personer 16 år og over (prosent)","2021",0
"Divtasvuodna - Tysfjord (-2019)","Universitets- og høgskolenivå, kort","Begge kjønn","Personer 16 år og over","2021",0
"Divtasvuodna - Tysfjord (-2019)","Universitets- og høgskolenivå, kort","Begge kjønn","Personer 16 år og over (prosent)","2021",0
"Divtasvuodna - Tysfjord (-2019)","Universitets- og høgskolenivå, lang","Begge kjønn","Personer 16 år og over","2021",0
"Divtasvuodna - Tysfjord (-2019)","Universitets- og høgskolenivå, lang","Begge kjønn","Personer 16 år og over (prosent)","2021",0
"Lødingen","Utdanningsnivå i alt","Begge kjønn","Personer 16 år og over","2021",1718
"Lødingen","Utdanningsnivå i alt","Begge kjønn","Personer 16 år og over (prosent)","2021",100
"Lødingen","Videregående skolenivå","Begge kjønn","Personer 16 år og over","2021",689
"Lødingen","Videregående skolenivå","Begge kjønn","Personer 16 år og over (prosent)","2021",40.4
"Lødingen","Universitets- og høgskolenivå, kort","Begge kjønn","Personer 16 år og over","2021",325
"Lødingen","Universitets- og høgskolenivå, kort","Begge kjønn","Personer 16 år og over (prosent)","2021",19.1
"Lødingen","Universitets- og høgskolenivå, lang","Begge kjønn","Personer 16 år og over","2021",77
"Lødingen","Universitets- og høgskolenivå, lang","Begge kjønn","Personer 16 år og over (prosent)","2021",4.5
"Tjeldsund (1909-2019)","Utdanningsnivå i alt","Begge kjønn","Personer 16 år og over","2021",0
"Tjeldsund (1909-2019)","Utdanningsnivå i alt","Begge kjønn","Personer 16 år og over (prosent)","2021",0
"Tjeldsund (1909-2019)","Videregående skolenivå","Begge kjønn","Personer 16 år og over","2021",0
"Tjeldsund (1909-2019)","Videregående skolenivå","Begge kjønn","Personer 16 år og over (prosent)","2021",0
"Tjeldsund (1909-2019)","Universitets- og høgskolenivå, kort","Begge kjønn","Personer 16 år og over","2021",0
"Tjeldsund (1909-2019)","Universitets- og høgskolenivå, kort","Begge kjønn","Personer 16 år og over (prosent)","2021",0
"Tjeldsund (1909-2019)","Universitets- og høgskolenivå, lang","Begge kjønn","Personer 16 år og over","2021",0
"Tjeldsund (1909-2019)","Universitets- og høgskolenivå, lang","Begge kjønn","Personer 16 år og over (prosent)","2021",0
"Evenes - Evenássi","Utdanningsnivå i alt","Begge kjønn","Personer 16 år og over","2021",1136
"Evenes - Evenássi","Utdanningsnivå i alt","Begge kjønn","Personer 16 år og over (prosent)","2021",100
"Evenes - Evenássi","Videregående skolenivå","Begge kjønn","Personer 16 år og over","2021",512
"Evenes - Evenássi","Videregående skolenivå","Begge kjønn","Personer 16 år og over (prosent)","2021",45.2
"Evenes - Evenássi","Universitets- og høgskolenivå, kort","Begge kjønn","Personer 16 år og over","2021",210
"Evenes - Evenássi","Universitets- og høgskolenivå, kort","Begge kjønn","Personer 16 år og over (prosent)","2021",18.5
"Evenes - Evenássi","Universitets- og høgskolenivå, lang","Begge kjønn","Personer 16 år og over","2021",50
"Evenes - Evenássi","Universitets- og høgskolenivå, lang","Begge kjønn","Personer 16 år og over (prosent)","2021",4.4
"Ballangen (1925-2019)","Utdanningsnivå i alt","Begge kjønn","Personer 16 år og over","2021",0
"Ballangen (1925-2019)","Utdanningsnivå i alt","Begge kjønn","Personer 16 år og over (prosent)","2021",0
"Ballangen (1925-2019)","Videregående skolenivå","Begge kjønn","Personer 16 år og over","2021",0
"Ballangen (1925-2019)","Videregående skolenivå","Begge kjønn","Personer 16 år og over (prosent)","2021",0
"Ballangen (1925-2019)","Universitets- og høgskolenivå, kort","Begge kjønn","Personer 16 år og over","2021",0
"Ballangen (1925-2019)","Universitets- og høgskolenivå, kort","Begge kjønn","Personer 16 år og over (prosent)","2021",0
"Ballangen (1925-2019)","Universitets- og høgskolenivå, lang","Begge kjønn","Personer 16 år og over","2021",0
"Ballangen (1925-2019)","Universitets- og høgskolenivå, lang","Begge kjønn","Personer 16 år og over (prosent)","2021",0
"Ankenes (-1973)","Utdanningsnivå i alt","Begge kjønn","Personer 16 år og over","2021",0
"Ankenes (-1973)","Utdanningsnivå i alt","Begge kjønn","Personer 16 år og over (prosent)","2021",0
"Ankenes (-1973)","Videregående skolenivå","Begge kjønn","Personer 16 år og over","2021",0
"Ankenes (-1973)","Videregående skolenivå","Begge kjønn","Personer 16 år og over (prosent)","2021",0
"Ankenes (-1973)","Universitets- og høgskolenivå, kort","Begge kjønn","Personer 16 år og over","2021",0
"Ankenes (-1973)","Universitets- og høgskolenivå, kort","Begge kjønn","Personer 16 år og over (prosent)","2021",0
"Ankenes (-1973)","Universitets- og høgskolenivå, lang","Begge kjønn","Personer 16 år og over","2021",0
"Ankenes (-1973)","Universitets- og høgskolenivå, lang","Begge kjønn","Personer 16 år og over (prosent)","2021",0
"Røst","Utdanningsnivå i alt","Begge kjønn","Personer 16 år og over","2021",413
"Røst","Utdanningsnivå i alt","Begge kjønn","Personer 16 år og over (prosent)","2021",100
"Røst","Videregående skolenivå","Begge kjønn","Personer 16 år og over","2021",138
"Røst","Videregående skolenivå","Begge kjønn","Personer 16 år og over (prosent)","2021",33.6
"Røst","Universitets- og høgskolenivå, kort","Begge kjønn","Personer 16 år og over","2021",51
"Røst","Universitets- og høgskolenivå, kort","Begge kjønn","Personer 16 år og over (prosent)","2021",12.4
"Røst","Universitets- og høgskolenivå, lang","Begge kjønn","Personer 16 år og over","2021",12
"Røst","Universitets- og høgskolenivå, lang","Begge kjønn","Personer 16 år og over (prosent)","2021",2.9
"Værøy","Utdanningsnivå i alt","Begge kjønn","Personer 16 år og over","2021",580
"Værøy","Utdanningsnivå i alt","Begge kjønn","Personer 16 år og over (prosent)","2021",100
"Værøy","Videregående skolenivå","Begge kjønn","Personer 16 år og over","2021",181
"Værøy","Videregående skolenivå","Begge kjønn","Personer 16 år og over (prosent)","2021",31.6
"Værøy","Universitets- og høgskolenivå, kort","Begge kjønn","Personer 16 år og over","2021",71
"Værøy","Universitets- og høgskolenivå, kort","Begge kjønn","Personer 16 år og over (prosent)","2021",12.4
"Værøy","Universitets- og høgskolenivå, lang","Begge kjønn","Personer 16 år og over","2021",14
"Værøy","Universitets- og høgskolenivå, lang","Begge kjønn","Personer 16 år og over (prosent)","2021",2.4
"Moskenes (1916-1975)","Utdanningsnivå i alt","Begge kjønn","Personer 16 år og over","2021",0
"Moskenes (1916-1975)","Utdanningsnivå i alt","Begge kjønn","Personer 16 år og over (prosent)","2021",0
"Moskenes (1916-1975)","Videregående skolenivå","Begge kjønn","Personer 16 år og over","2021",0
"Moskenes (1916-1975)","Videregående skolenivå","Begge kjønn","Personer 16 år og over (prosent)","2021",0
"Moskenes (1916-1975)","Universitets- og høgskolenivå, kort","Begge kjønn","Personer 16 år og over","2021",0
"Moskenes (1916-1975)","Universitets- og høgskolenivå, kort","Begge kjønn","Personer 16 år og over (prosent)","2021",0
"Moskenes (1916-1975)","Universitets- og høgskolenivå, lang","Begge kjønn","Personer 16 år og over","2021",0
"Moskenes (1916-1975)","Universitets- og høgskolenivå, lang","Begge kjønn","Personer 16 år og over (prosent)","2021",0
"Flakstad","Utdanningsnivå i alt","Begge kjønn","Personer 16 år og over","2021",1067
"Flakstad","Utdanningsnivå i alt","Begge kjønn","Personer 16 år og over (prosent)","2021",100
"Flakstad","Videregående skolenivå","Begge kjønn","Personer 16 år og over","2021",368
"Flakstad","Videregående skolenivå","Begge kjønn","Personer 16 år og over (prosent)","2021",34.7
"Flakstad","Universitets- og høgskolenivå, kort","Begge kjønn","Personer 16 år og over","2021",173
"Flakstad","Universitets- og høgskolenivå, kort","Begge kjønn","Personer 16 år og over (prosent)","2021",16.3
"Flakstad","Universitets- og høgskolenivå, lang","Begge kjønn","Personer 16 år og over","2021",38
"Flakstad","Universitets- og høgskolenivå, lang","Begge kjønn","Personer 16 år og over (prosent)","2021",3.6
"Vestvågøy","Utdanningsnivå i alt","Begge kjønn","Personer 16 år og over","2021",9447
"Vestvågøy","Utdanningsnivå i alt","Begge kjønn","Personer 16 år og over (prosent)","2021",100
"Vestvågøy","Videregående skolenivå","Begge kjønn","Personer 16 år og over","2021",3617
"Vestvågøy","Videregående skolenivå","Begge kjønn","Personer 16 år og over (prosent)","2021",38.5
"Vestvågøy","Universitets- og høgskolenivå, kort","Begge kjønn","Personer 16 år og over","2021",1971
"Vestvågøy","Universitets- og høgskolenivå, kort","Begge kjønn","Personer 16 år og over (prosent)","2021",21
"Vestvågøy","Universitets- og høgskolenivå, lang","Begge kjønn","Personer 16 år og over","2021",515
"Vestvågøy","Universitets- og høgskolenivå, lang","Begge kjønn","Personer 16 år og over (prosent)","2021",5.5
"Vågan","Utdanningsnivå i alt","Begge kjønn","Personer 16 år og over","2021",8113
"Vågan","Utdanningsnivå i alt","Begge kjønn","Personer 16 år og over (prosent)","2021",100
"Vågan","Videregående skolenivå","Begge kjønn","Personer 16 år og over","2021",3208
"Vågan","Videregående skolenivå","Begge kjønn","Personer 16 år og over (prosent)","2021",39.7
"Vågan","Universitets- og høgskolenivå, kort","Begge kjønn","Personer 16 år og over","2021",1775
"Vågan","Universitets- og høgskolenivå, kort","Begge kjønn","Personer 16 år og over (prosent)","2021",22
"Vågan","Universitets- og høgskolenivå, lang","Begge kjønn","Personer 16 år og over","2021",497
"Vågan","Universitets- og høgskolenivå, lang","Begge kjønn","Personer 16 år og over (prosent)","2021",6.2
"Hadsel","Utdanningsnivå i alt","Begge kjønn","Personer 16 år og over","2021",6757
"Hadsel","Utdanningsnivå i alt","Begge kjønn","Personer 16 år og over (prosent)","2021",100
"Hadsel","Videregående skolenivå","Begge kjønn","Personer 16 år og over","2021",2653
"Hadsel","Videregående skolenivå","Begge kjønn","Personer 16 år og over (prosent)","2021",39.5
"Hadsel","Universitets- og høgskolenivå, kort","Begge kjønn","Personer 16 år og over","2021",1481
"Hadsel","Universitets- og høgskolenivå, kort","Begge kjønn","Personer 16 år og over (prosent)","2021",22
"Hadsel","Universitets- og høgskolenivå, lang","Begge kjønn","Personer 16 år og over","2021",399
"Hadsel","Universitets- og høgskolenivå, lang","Begge kjønn","Personer 16 år og over (prosent)","2021",5.9
"Bø (Nordland)","Utdanningsnivå i alt","Begge kjønn","Personer 16 år og over","2021",2231
"Bø (Nordland)","Utdanningsnivå i alt","Begge kjønn","Personer 16 år og over (prosent)","2021",100
"Bø (Nordland)","Videregående skolenivå","Begge kjønn","Personer 16 år og over","2021",808
"Bø (Nordland)","Videregående skolenivå","Begge kjønn","Personer 16 år og over (prosent)","2021",36.4
"Bø (Nordland)","Universitets- og høgskolenivå, kort","Begge kjønn","Personer 16 år og over","2021",342
"Bø (Nordland)","Universitets- og høgskolenivå, kort","Begge kjønn","Personer 16 år og over (prosent)","2021",15.4
"Bø (Nordland)","Universitets- og høgskolenivå, lang","Begge kjønn","Personer 16 år og over","2021",81
"Bø (Nordland)","Universitets- og høgskolenivå, lang","Begge kjønn","Personer 16 år og over (prosent)","2021",3.7
"Øksnes","Utdanningsnivå i alt","Begge kjønn","Personer 16 år og over","2021",3780
"Øksnes","Utdanningsnivå i alt","Begge kjønn","Personer 16 år og over (prosent)","2021",100
"Øksnes","Videregående skolenivå","Begge kjønn","Personer 16 år og over","2021",1403
"Øksnes","Videregående skolenivå","Begge kjønn","Personer 16 år og over (prosent)","2021",37.3
"Øksnes","Universitets- og høgskolenivå, kort","Begge kjønn","Personer 16 år og over","2021",583
"Øksnes","Universitets- og høgskolenivå, kort","Begge kjønn","Personer 16 år og over (prosent)","2021",15.5
"Øksnes","Universitets- og høgskolenivå, lang","Begge kjønn","Personer 16 år og over","2021",140
"Øksnes","Universitets- og høgskolenivå, lang","Begge kjønn","Personer 16 år og over (prosent)","2021",3.7
"Sortland - Suortá","Utdanningsnivå i alt","Begge kjønn","Personer 16 år og over","2021",8551
"Sortland - Suortá","Utdanningsnivå i alt","Begge kjønn","Personer 16 år og over (prosent)","2021",100
"Sortland - Suortá","Videregående skolenivå","Begge kjønn","Personer 16 år og over","2021",3316
"Sortland - Suortá","Videregående skolenivå","Begge kjønn","Personer 16 år og over (prosent)","2021",38.9
"Sortland - Suortá","Universitets- og høgskolenivå, kort","Begge kjønn","Personer 16 år og over","2021",1826
"Sortland - Suortá","Universitets- og høgskolenivå, kort","Begge kjønn","Personer 16 år og over (prosent)","2021",21.4
"Sortland - Suortá","Universitets- og høgskolenivå, lang","Begge kjønn","Personer 16 år og over","2021",485
"Sortland - Suortá","Universitets- og høgskolenivå, lang","Begge kjønn","Personer 16 år og over (prosent)","2021",5.7
"Andøy","Utdanningsnivå i alt","Begge kjønn","Personer 16 år og over","2021",3906
"Andøy","Utdanningsnivå i alt","Begge kjønn","Personer 16 år og over (prosent)","2021",100
"Andøy","Videregående skolenivå","Begge kjønn","Personer 16 år og over","2021",1653
"Andøy","Videregående skolenivå","Begge kjønn","Personer 16 år og over (prosent)","2021",42.5
"Andøy","Universitets- og høgskolenivå, kort","Begge kjønn","Personer 16 år og over","2021",725
"Andøy","Universitets- og høgskolenivå, kort","Begge kjønn","Personer 16 år og over (prosent)","2021",18.7
"Andøy","Universitets- og høgskolenivå, lang","Begge kjønn","Personer 16 år og over","2021",183
"Andøy","Universitets- og høgskolenivå, lang","Begge kjønn","Personer 16 år og over (prosent)","2021",4.7
"Moskenes","Utdanningsnivå i alt","Begge kjønn","Personer 16 år og over","2021",892
"Moskenes","Utdanningsnivå i alt","Begge kjønn","Personer 16 år og over (prosent)","2021",100
"Moskenes","Videregående skolenivå","Begge kjønn","Personer 16 år og over","2021",304
"Moskenes","Videregående skolenivå","Begge kjønn","Personer 16 år og over (prosent)","2021",34.2
"Moskenes","Universitets- og høgskolenivå, kort","Begge kjønn","Personer 16 år og over","2021",135
"Moskenes","Universitets- og høgskolenivå, kort","Begge kjønn","Personer 16 år og over (prosent)","2021",15.2
"Moskenes","Universitets- og høgskolenivå, lang","Begge kjønn","Personer 16 år og over","2021",47
"Moskenes","Universitets- og høgskolenivå, lang","Begge kjønn","Personer 16 år og over (prosent)","2021",5.3
"Hábmer - Hamarøy","Utdanningsnivå i alt","Begge kjønn","Personer 16 år og over","2021",2326
"Hábmer - Hamarøy","Utdanningsnivå i alt","Begge kjønn","Personer 16 år og over (prosent)","2021",100
"Hábmer - Hamarøy","Videregående skolenivå","Begge kjønn","Personer 16 år og over","2021",874
"Hábmer - Hamarøy","Videregående skolenivå","Begge kjønn","Personer 16 år og over (prosent)","2021",37.8
"Hábmer - Hamarøy","Universitets- og høgskolenivå, kort","Begge kjønn","Personer 16 år og over","2021",474
"Hábmer - Hamarøy","Universitets- og høgskolenivå, kort","Begge kjønn","Personer 16 år og over (prosent)","2021",20.5
"Hábmer - Hamarøy","Universitets- og høgskolenivå, lang","Begge kjønn","Personer 16 år og over","2021",150
"Hábmer - Hamarøy","Universitets- og høgskolenivå, lang","Begge kjønn","Personer 16 år og over (prosent)","2021",6.5
"Troms - Romsa - Tromssa","Utdanningsnivå i alt","Begge kjønn","Personer 16 år og over","2021",0
"Troms - Romsa - Tromssa","Utdanningsnivå i alt","Begge kjønn","Personer 16 år og over (prosent)","2021",0
"Troms - Romsa - Tromssa","Videregående skolenivå","Begge kjønn","Personer 16 år og over","2021",0
"Troms - Romsa - Tromssa","Videregående skolenivå","Begge kjønn","Personer 16 år og over (prosent)","2021",0
"Troms - Romsa - Tromssa","Universitets- og høgskolenivå, kort","Begge kjønn","Personer 16 år og over","2021",0
"Troms - Romsa - Tromssa","Universitets- og høgskolenivå, kort","Begge kjønn","Personer 16 år og over (prosent)","2021",0
"Troms - Romsa - Tromssa","Universitets- og høgskolenivå, lang","Begge kjønn","Personer 16 år og over","2021",0
"Troms - Romsa - Tromssa","Universitets- og høgskolenivå, lang","Begge kjønn","Personer 16 år og over (prosent)","2021",0
"Finnmark - Finnmárku - Finmarkku","Utdanningsnivå i alt","Begge kjønn","Personer 16 år og over","2021",0
"Finnmark - Finnmárku - Finmarkku","Utdanningsnivå i alt","Begge kjønn","Personer 16 år og over (prosent)","2021",0
"Finnmark - Finnmárku - Finmarkku","Videregående skolenivå","Begge kjønn","Personer 16 år og over","2021",0
"Finnmark - Finnmárku - Finmarkku","Videregående skolenivå","Begge kjønn","Personer 16 år og over (prosent)","2021",0
"Finnmark - Finnmárku - Finmarkku","Universitets- og høgskolenivå, kort","Begge kjønn","Personer 16 år og over","2021",0
"Finnmark - Finnmárku - Finmarkku","Universitets- og høgskolenivå, kort","Begge kjønn","Personer 16 år og over (prosent)","2021",0
"Finnmark - Finnmárku - Finmarkku","Universitets- og høgskolenivå, lang","Begge kjønn","Personer 16 år og over","2021",0
"Finnmark - Finnmárku - Finmarkku","Universitets- og høgskolenivå, lang","Begge kjønn","Personer 16 år og over (prosent)","2021",0
"Uoppgitt kommune Nordland","Utdanningsnivå i alt","Begge kjønn","Personer 16 år og over","2021",0
"Uoppgitt kommune Nordland","Utdanningsnivå i alt","Begge kjønn","Personer 16 år og over (prosent)","2021",0
"Uoppgitt kommune Nordland","Videregående skolenivå","Begge kjønn","Personer 16 år og over","2021",0
"Uoppgitt kommune Nordland","Videregående skolenivå","Begge kjønn","Personer 16 år og over (prosent)","2021",0
"Uoppgitt kommune Nordland","Universitets- og høgskolenivå, kort","Begge kjønn","Personer 16 år og over","2021",0
"Uoppgitt kommune Nordland","Universitets- og høgskolenivå, kort","Begge kjønn","Personer 16 år og over (prosent)","2021",0
"Uoppgitt kommune Nordland","Universitets- og høgskolenivå, lang","Begge kjønn","Personer 16 år og over","2021",0
"Uoppgitt kommune Nordland","Universitets- og høgskolenivå, lang","Begge kjønn","Personer 16 år og over (prosent)","2021",0
"Tromsø","Utdanningsnivå i alt","Begge kjønn","Personer 16 år og over","2021",0
"Tromsø","Utdanningsnivå i alt","Begge kjønn","Personer 16 år og over (prosent)","2021",0
"Tromsø","Videregående skolenivå","Begge kjønn","Personer 16 år og over","2021",0
"Tromsø","Videregående skolenivå","Begge kjønn","Personer 16 år og over (prosent)","2021",0
"Tromsø","Universitets- og høgskolenivå, kort","Begge kjønn","Personer 16 år og over","2021",0
"Tromsø","Universitets- og høgskolenivå, kort","Begge kjønn","Personer 16 år og over (prosent)","2021",0
"Tromsø","Universitets- og høgskolenivå, lang","Begge kjønn","Personer 16 år og over","2021",0
"Tromsø","Universitets- og høgskolenivå, lang","Begge kjønn","Personer 16 år og over (prosent)","2021",0
"Harstad - Hárstták","Utdanningsnivå i alt","Begge kjønn","Personer 16 år og over","2021",0
"Harstad - Hárstták","Utdanningsnivå i alt","Begge kjønn","Personer 16 år og over (prosent)","2021",0
"Harstad - Hárstták","Videregående skolenivå","Begge kjønn","Personer 16 år og over","2021",0
"Harstad - Hárstták","Videregående skolenivå","Begge kjønn","Personer 16 år og over (prosent)","2021",0
"Harstad - Hárstták","Universitets- og høgskolenivå, kort","Begge kjønn","Personer 16 år og over","2021",0
"Harstad - Hárstták","Universitets- og høgskolenivå, kort","Begge kjønn","Personer 16 år og over (prosent)","2021",0
"Harstad - Hárstták","Universitets- og høgskolenivå, lang","Begge kjønn","Personer 16 år og over","2021",0
"Harstad - Hárstták","Universitets- og høgskolenivå, lang","Begge kjønn","Personer 16 år og over (prosent)","2021",0
"Kvæfjord","Utdanningsnivå i alt","Begge kjønn","Personer 16 år og over","2021",0
"Kvæfjord","Utdanningsnivå i alt","Begge kjønn","Personer 16 år og over (prosent)","2021",0
"Kvæfjord","Videregående skolenivå","Begge kjønn","Personer 16 år og over","2021",0
"Kvæfjord","Videregående skolenivå","Begge kjønn","Personer 16 år og over (prosent)","2021",0
"Kvæfjord","Universitets- og høgskolenivå, kort","Begge kjønn","Personer 16 år og over","2021",0
"Kvæfjord","Universitets- og høgskolenivå, kort","Begge kjønn","Personer 16 år og over (prosent)","2021",0
"Kvæfjord","Universitets- og høgskolenivå, lang","Begge kjønn","Personer 16 år og over","2021",0
"Kvæfjord","Universitets- og høgskolenivå, lang","Begge kjønn","Personer 16 år og over (prosent)","2021",0
"Dielddanuorri - Tjeldsund","Utdanningsnivå i alt","Begge kjønn","Personer 16 år og over","2021",0
"Dielddanuorri - Tjeldsund","Utdanningsnivå i alt","Begge kjønn","Personer 16 år og over (prosent)","2021",0
"Dielddanuorri - Tjeldsund","Videregående skolenivå","Begge kjønn","Personer 16 år og over","2021",0
"Dielddanuorri - Tjeldsund","Videregående skolenivå","Begge kjønn","Personer 16 år og over (prosent)","2021",0
"Dielddanuorri - Tjeldsund","Universitets- og høgskolenivå, kort","Begge kjønn","Personer 16 år og over","2021",0
"Dielddanuorri - Tjeldsund","Universitets- og høgskolenivå, kort","Begge kjønn","Personer 16 år og over (prosent)","2021",0
"Dielddanuorri - Tjeldsund","Universitets- og høgskolenivå, lang","Begge kjønn","Personer 16 år og over","2021",0
"Dielddanuorri - Tjeldsund","Universitets- og høgskolenivå, lang","Begge kjønn","Personer 16 år og over (prosent)","2021",0
"Ibestad","Utdanningsnivå i alt","Begge kjønn","Personer 16 år og over","2021",0
"Ibestad","Utdanningsnivå i alt","Begge kjønn","Personer 16 år og over (prosent)","2021",0
"Ibestad","Videregående skolenivå","Begge kjønn","Personer 16 år og over","2021",0
"Ibestad","Videregående skolenivå","Begge kjønn","Personer 16 år og over (prosent)","2021",0
"Ibestad","Universitets- og høgskolenivå, kort","Begge kjønn","Personer 16 år og over","2021",0
"Ibestad","Universitets- og høgskolenivå, kort","Begge kjønn","Personer 16 år og over (prosent)","2021",0
"Ibestad","Universitets- og høgskolenivå, lang","Begge kjønn","Personer 16 år og over","2021",0
"Ibestad","Universitets- og høgskolenivå, lang","Begge kjønn","Personer 16 år og over (prosent)","2021",0
"Gratangen - Rivtták","Utdanningsnivå i alt","Begge kjønn","Personer 16 år og over","2021",0
"Gratangen - Rivtták","Utdanningsnivå i alt","Begge kjønn","Personer 16 år og over (prosent)","2021",0
"Gratangen - Rivtták","Videregående skolenivå","Begge kjønn","Personer 16 år og over","2021",0
"Gratangen - Rivtták","Videregående skolenivå","Begge kjønn","Personer 16 år og over (prosent)","2021",0
"Gratangen - Rivtták","Universitets- og høgskolenivå, kort","Begge kjønn","Personer 16 år og over","2021",0
"Gratangen - Rivtták","Universitets- og høgskolenivå, kort","Begge kjønn","Personer 16 år og over (prosent)","2021",0
"Gratangen - Rivtták","Universitets- og høgskolenivå, lang","Begge kjønn","Personer 16 år og over","2021",0
"Gratangen - Rivtták","Universitets- og høgskolenivå, lang","Begge kjønn","Personer 16 år og over (prosent)","2021",0
"Loabák - Lavangen","Utdanningsnivå i alt","Begge kjønn","Personer 16 år og over","2021",0
"Loabák - Lavangen","Utdanningsnivå i alt","Begge kjønn","Personer 16 år og over (prosent)","2021",0
"Loabák - Lavangen","Videregående skolenivå","Begge kjønn","Personer 16 år og over","2021",0
"Loabák - Lavangen","Videregående skolenivå","Begge kjønn","Personer 16 år og over (prosent)","2021",0
"Loabák - Lavangen","Universitets- og høgskolenivå, kort","Begge kjønn","Personer 16 år og over","2021",0
"Loabák - Lavangen","Universitets- og høgskolenivå, kort","Begge kjønn","Personer 16 år og over (prosent)","2021",0
"Loabák - Lavangen","Universitets- og høgskolenivå, lang","Begge kjønn","Personer 16 år og over","2021",0
"Loabák - Lavangen","Universitets- og høgskolenivå, lang","Begge kjønn","Personer 16 år og over (prosent)","2021",0
"Bardu","Utdanningsnivå i alt","Begge kjønn","Personer 16 år og over","2021",0
"Bardu","Utdanningsnivå i alt","Begge kjønn","Personer 16 år og over (prosent)","2021",0
"Bardu","Videregående skolenivå","Begge kjønn","Personer 16 år og over","2021",0
"Bardu","Videregående skolenivå","Begge kjønn","Personer 16 år og over (prosent)","2021",0
"Bardu","Universitets- og høgskolenivå, kort","Begge kjønn","Personer 16 år og over","2021",0
"Bardu","Universitets- og høgskolenivå, kort","Begge kjønn","Personer 16 år og over (prosent)","2021",0
"Bardu","Universitets- og høgskolenivå, lang","Begge kjønn","Personer 16 år og over","2021",0
"Bardu","Universitets- og høgskolenivå, lang","Begge kjønn","Personer 16 år og over (prosent)","2021",0
"Salangen","Utdanningsnivå i alt","Begge kjønn","Personer 16 år og over","2021",0
"Salangen","Utdanningsnivå i alt","Begge kjønn","Personer 16 år og over (prosent)","2021",0
"Salangen","Videregående skolenivå","Begge kjønn","Personer 16 år og over","2021",0
"Salangen","Videregående skolenivå","Begge kjønn","Personer 16 år og over (prosent)","2021",0
"Salangen","Universitets- og høgskolenivå, kort","Begge kjønn","Personer 16 år og over","2021",0
"Salangen","Universitets- og høgskolenivå, kort","Begge kjønn","Personer 16 år og over (prosent)","2021",0
"Salangen","Universitets- og høgskolenivå, lang","Begge kjønn","Personer 16 år og over","2021",0
"Salangen","Universitets- og høgskolenivå, lang","Begge kjønn","Personer 16 år og over (prosent)","2021",0
"Målselv","Utdanningsnivå i alt","Begge kjønn","Personer 16 år og over","2021",0
"Målselv","Utdanningsnivå i alt","Begge kjønn","Personer 16 år og over (prosent)","2021",0
"Målselv","Videregående skolenivå","Begge kjønn","Personer 16 år og over","2021",0
"Målselv","Videregående skolenivå","Begge kjønn","Personer 16 år og over (prosent)","2021",0
"Målselv","Universitets- og høgskolenivå, kort","Begge kjønn","Personer 16 år og over","2021",0
"Målselv","Universitets- og høgskolenivå, kort","Begge kjønn","Personer 16 år og over (prosent)","2021",0
"Målselv","Universitets- og høgskolenivå, lang","Begge kjønn","Personer 16 år og over","2021",0
"Målselv","Universitets- og høgskolenivå, lang","Begge kjønn","Personer 16 år og over (prosent)","2021",0
"Sørreisa","Utdanningsnivå i alt","Begge kjønn","Personer 16 år og over","2021",0
"Sørreisa","Utdanningsnivå i alt","Begge kjønn","Personer 16 år og over (prosent)","2021",0
"Sørreisa","Videregående skolenivå","Begge kjønn","Personer 16 år og over","2021",0
"Sørreisa","Videregående skolenivå","Begge kjønn","Personer 16 år og over (prosent)","2021",0
"Sørreisa","Universitets- og høgskolenivå, kort","Begge kjønn","Personer 16 år og over","2021",0
"Sørreisa","Universitets- og høgskolenivå, kort","Begge kjønn","Personer 16 år og over (prosent)","2021",0
"Sørreisa","Universitets- og høgskolenivå, lang","Begge kjønn","Personer 16 år og over","2021",0
"Sørreisa","Universitets- og høgskolenivå, lang","Begge kjønn","Personer 16 år og over (prosent)","2021",0
"Dyrøy","Utdanningsnivå i alt","Begge kjønn","Personer 16 år og over","2021",0
"Dyrøy","Utdanningsnivå i alt","Begge kjønn","Personer 16 år og over (prosent)","2021",0
"Dyrøy","Videregående skolenivå","Begge kjønn","Personer 16 år og over","2021",0
"Dyrøy","Videregående skolenivå","Begge kjønn","Personer 16 år og over (prosent)","2021",0
"Dyrøy","Universitets- og høgskolenivå, kort","Begge kjønn","Personer 16 år og over","2021",0
"Dyrøy","Universitets- og høgskolenivå, kort","Begge kjønn","Personer 16 år og over (prosent)","2021",0
"Dyrøy","Universitets- og høgskolenivå, lang","Begge kjønn","Personer 16 år og over","2021",0
"Dyrøy","Universitets- og høgskolenivå, lang","Begge kjønn","Personer 16 år og over (prosent)","2021",0
"Senja","Utdanningsnivå i alt","Begge kjønn","Personer 16 år og over","2021",0
"Senja","Utdanningsnivå i alt","Begge kjønn","Personer 16 år og over (prosent)","2021",0
"Senja","Videregående skolenivå","Begge kjønn","Personer 16 år og over","2021",0
"Senja","Videregående skolenivå","Begge kjønn","Personer 16 år og over (prosent)","2021",0
"Senja","Universitets- og høgskolenivå, kort","Begge kjønn","Personer 16 år og over","2021",0
"Senja","Universitets- og høgskolenivå, kort","Begge kjønn","Personer 16 år og over (prosent)","2021",0
"Senja","Universitets- og høgskolenivå, lang","Begge kjønn","Personer 16 år og over","2021",0
"Senja","Universitets- og høgskolenivå, lang","Begge kjønn","Personer 16 år og over (prosent)","2021",0
"Balsfjord","Utdanningsnivå i alt","Begge kjønn","Personer 16 år og over","2021",0
"Balsfjord","Utdanningsnivå i alt","Begge kjønn","Personer 16 år og over (prosent)","2021",0
"Balsfjord","Videregående skolenivå","Begge kjønn","Personer 16 år og over","2021",0
"Balsfjord","Videregående skolenivå","Begge kjønn","Personer 16 år og over (prosent)","2021",0
"Balsfjord","Universitets- og høgskolenivå, kort","Begge kjønn","Personer 16 år og over","2021",0
"Balsfjord","Universitets- og høgskolenivå, kort","Begge kjønn","Personer 16 år og over (prosent)","2021",0
"Balsfjord","Universitets- og høgskolenivå, lang","Begge kjønn","Personer 16 år og over","2021",0
"Balsfjord","Universitets- og høgskolenivå, lang","Begge kjønn","Personer 16 år og over (prosent)","2021",0
"Karlsøy","Utdanningsnivå i alt","Begge kjønn","Personer 16 år og over","2021",0
"Karlsøy","Utdanningsnivå i alt","Begge kjønn","Personer 16 år og over (prosent)","2021",0
"Karlsøy","Videregående skolenivå","Begge kjønn","Personer 16 år og over","2021",0
"Karlsøy","Videregående skolenivå","Begge kjønn","Personer 16 år og over (prosent)","2021",0
"Karlsøy","Universitets- og høgskolenivå, kort","Begge kjønn","Personer 16 år og over","2021",0
"Karlsøy","Universitets- og høgskolenivå, kort","Begge kjønn","Personer 16 år og over (prosent)","2021",0
"Karlsøy","Universitets- og høgskolenivå, lang","Begge kjønn","Personer 16 år og over","2021",0
"Karlsøy","Universitets- og høgskolenivå, lang","Begge kjønn","Personer 16 år og over (prosent)","2021",0
"Lyngen","Utdanningsnivå i alt","Begge kjønn","Personer 16 år og over","2021",0
"Lyngen","Utdanningsnivå i alt","Begge kjønn","Personer 16 år og over (prosent)","2021",0
"Lyngen","Videregående skolenivå","Begge kjønn","Personer 16 år og over","2021",0
"Lyngen","Videregående skolenivå","Begge kjønn","Personer 16 år og over (prosent)","2021",0
"Lyngen","Universitets- og høgskolenivå, kort","Begge kjønn","Personer 16 år og over","2021",0
"Lyngen","Universitets- og høgskolenivå, kort","Begge kjønn","Personer 16 år og over (prosent)","2021",0
"Lyngen","Universitets- og høgskolenivå, lang","Begge kjønn","Personer 16 år og over","2021",0
"Lyngen","Universitets- og høgskolenivå, lang","Begge kjønn","Personer 16 år og over (prosent)","2021",0
"Storfjord - Omasvuotna - Omasvuono","Utdanningsnivå i alt","Begge kjønn","Personer 16 år og over","2021",0
"Storfjord - Omasvuotna - Omasvuono","Utdanningsnivå i alt","Begge kjønn","Personer 16 år og over (prosent)","2021",0
"Storfjord - Omasvuotna - Omasvuono","Videregående skolenivå","Begge kjønn","Personer 16 år og over","2021",0
"Storfjord - Omasvuotna - Omasvuono","Videregående skolenivå","Begge kjønn","Personer 16 år og over (prosent)","2021",0
"Storfjord - Omasvuotna - Omasvuono","Universitets- og høgskolenivå, kort","Begge kjønn","Personer 16 år og over","2021",0
"Storfjord - Omasvuotna - Omasvuono","Universitets- og høgskolenivå, kort","Begge kjønn","Personer 16 år og over (prosent)","2021",0
"Storfjord - Omasvuotna - Omasvuono","Universitets- og høgskolenivå, lang","Begge kjønn","Personer 16 år og over","2021",0
"Storfjord - Omasvuotna - Omasvuono","Universitets- og høgskolenivå, lang","Begge kjønn","Personer 16 år og over (prosent)","2021",0
"Gáivuotna - Kåfjord - Kaivuono","Utdanningsnivå i alt","Begge kjønn","Personer 16 år og over","2021",0
"Gáivuotna - Kåfjord - Kaivuono","Utdanningsnivå i alt","Begge kjønn","Personer 16 år og over (prosent)","2021",0
"Gáivuotna - Kåfjord - Kaivuono","Videregående skolenivå","Begge kjønn","Personer 16 år og over","2021",0
"Gáivuotna - Kåfjord - Kaivuono","Videregående skolenivå","Begge kjønn","Personer 16 år og over (prosent)","2021",0
"Gáivuotna - Kåfjord - Kaivuono","Universitets- og høgskolenivå, kort","Begge kjønn","Personer 16 år og over","2021",0
"Gáivuotna - Kåfjord - Kaivuono","Universitets- og høgskolenivå, kort","Begge kjønn","Personer 16 år og over (prosent)","2021",0
"Gáivuotna - Kåfjord - Kaivuono","Universitets- og høgskolenivå, lang","Begge kjønn","Personer 16 år og over","2021",0
"Gáivuotna - Kåfjord - Kaivuono","Universitets- og høgskolenivå, lang","Begge kjønn","Personer 16 år og over (prosent)","2021",0
"Skjervøy","Utdanningsnivå i alt","Begge kjønn","Personer 16 år og over","2021",0
"Skjervøy","Utdanningsnivå i alt","Begge kjønn","Personer 16 år og over (prosent)","2021",0
"Skjervøy","Videregående skolenivå","Begge kjønn","Personer 16 år og over","2021",0
"Skjervøy","Videregående skolenivå","Begge kjønn","Personer 16 år og over (prosent)","2021",0
"Skjervøy","Universitets- og høgskolenivå, kort","Begge kjønn","Personer 16 år og over","2021",0
"Skjervøy","Universitets- og høgskolenivå, kort","Begge kjønn","Personer 16 år og over (prosent)","2021",0
"Skjervøy","Universitets- og høgskolenivå, lang","Begge kjønn","Personer 16 år og over","2021",0
"Skjervøy","Universitets- og høgskolenivå, lang","Begge kjønn","Personer 16 år og over (prosent)","2021",0
"Nordreisa - Ráisa - Raisi","Utdanningsnivå i alt","Begge kjønn","Personer 16 år og over","2021",0
"Nordreisa - Ráisa - Raisi","Utdanningsnivå i alt","Begge kjønn","Personer 16 år og over (prosent)","2021",0
"Nordreisa - Ráisa - Raisi","Videregående skolenivå","Begge kjønn","Personer 16 år og over","2021",0
"Nordreisa - Ráisa - Raisi","Videregående skolenivå","Begge kjønn","Personer 16 år og over (prosent)","2021",0
"Nordreisa - Ráisa - Raisi","Universitets- og høgskolenivå, kort","Begge kjønn","Personer 16 år og over","2021",0
"Nordreisa - Ráisa - Raisi","Universitets- og høgskolenivå, kort","Begge kjønn","Personer 16 år og over (prosent)","2021",0
"Nordreisa - Ráisa - Raisi","Universitets- og høgskolenivå, lang","Begge kjønn","Personer 16 år og over","2021",0
"Nordreisa - Ráisa - Raisi","Universitets- og høgskolenivå, lang","Begge kjønn","Personer 16 år og over (prosent)","2021",0
"Kvænangen","Utdanningsnivå i alt","Begge kjønn","Personer 16 år og over","2021",0
"Kvænangen","Utdanningsnivå i alt","Begge kjønn","Personer 16 år og over (prosent)","2021",0
"Kvænangen","Videregående skolenivå","Begge kjønn","Personer 16 år og over","2021",0
"Kvænangen","Videregående skolenivå","Begge kjønn","Personer 16 år og over (prosent)","2021",0
"Kvænangen","Universitets- og høgskolenivå, kort","Begge kjønn","Personer 16 år og over","2021",0
"Kvænangen","Universitets- og høgskolenivå, kort","Begge kjønn","Personer 16 år og over (prosent)","2021",0
"Kvænangen","Universitets- og høgskolenivå, lang","Begge kjønn","Personer 16 år og over","2021",0
"Kvænangen","Universitets- og høgskolenivå, lang","Begge kjønn","Personer 16 år og over (prosent)","2021",0
"Alta","Utdanningsnivå i alt","Begge kjønn","Personer 16 år og over","2021",0
"Alta","Utdanningsnivå i alt","Begge kjønn","Personer 16 år og over (prosent)","2021",0
"Alta","Videregående skolenivå","Begge kjønn","Personer 16 år og over","2021",0
"Alta","Videregående skolenivå","Begge kjønn","Personer 16 år og over (prosent)","2021",0
"Alta","Universitets- og høgskolenivå, kort","Begge kjønn","Personer 16 år og over","2021",0
"Alta","Universitets- og høgskolenivå, kort","Begge kjønn","Personer 16 år og over (prosent)","2021",0
"Alta","Universitets- og høgskolenivå, lang","Begge kjønn","Personer 16 år og over","2021",0
"Alta","Universitets- og høgskolenivå, lang","Begge kjønn","Personer 16 år og over (prosent)","2021",0
"Hammerfest - Hámmerfeasta","Utdanningsnivå i alt","Begge kjønn","Personer 16 år og over","2021",0
"Hammerfest - Hámmerfeasta","Utdanningsnivå i alt","Begge kjønn","Personer 16 år og over (prosent)","2021",0
"Hammerfest - Hámmerfeasta","Videregående skolenivå","Begge kjønn","Personer 16 år og over","2021",0
"Hammerfest - Hámmerfeasta","Videregående skolenivå","Begge kjønn","Personer 16 år og over (prosent)","2021",0
"Hammerfest - Hámmerfeasta","Universitets- og høgskolenivå, kort","Begge kjønn","Personer 16 år og over","2021",0
"Hammerfest - Hámmerfeasta","Universitets- og høgskolenivå, kort","Begge kjønn","Personer 16 år og over (prosent)","2021",0
"Hammerfest - Hámmerfeasta","Universitets- og høgskolenivå, lang","Begge kjønn","Personer 16 år og over","2021",0
"Hammerfest - Hámmerfeasta","Universitets- og høgskolenivå, lang","Begge kjønn","Personer 16 år og over (prosent)","2021",0
"Sør-Varanger","Utdanningsnivå i alt","Begge kjønn","Personer 16 år og over","2021",0
"Sør-Varanger","Utdanningsnivå i alt","Begge kjønn","Personer 16 år og over (prosent)","2021",0
"Sør-Varanger","Videregående skolenivå","Begge kjønn","Personer 16 år og over","2021",0
"Sør-Varanger","Videregående skolenivå","Begge kjønn","Personer 16 år og over (prosent)","2021",0
"Sør-Varanger","Universitets- og høgskolenivå, kort","Begge kjønn","Personer 16 år og over","2021",0
"Sør-Varanger","Universitets- og høgskolenivå, kort","Begge kjønn","Personer 16 år og over (prosent)","2021",0
"Sør-Varanger","Universitets- og høgskolenivå, lang","Begge kjønn","Personer 16 år og over","2021",0
"Sør-Varanger","Universitets- og høgskolenivå, lang","Begge kjønn","Personer 16 år og over (prosent)","2021",0
"Vadsø","Utdanningsnivå i alt","Begge kjønn","Personer 16 år og over","2021",0
"Vadsø","Utdanningsnivå i alt","Begge kjønn","Personer 16 år og over (prosent)","2021",0
"Vadsø","Videregående skolenivå","Begge kjønn","Personer 16 år og over","2021",0
"Vadsø","Videregående skolenivå","Begge kjønn","Personer 16 år og over (prosent)","2021",0
"Vadsø","Universitets- og høgskolenivå, kort","Begge kjønn","Personer 16 år og over","2021",0
"Vadsø","Universitets- og høgskolenivå, kort","Begge kjønn","Personer 16 år og over (prosent)","2021",0
"Vadsø","Universitets- og høgskolenivå, lang","Begge kjønn","Personer 16 år og over","2021",0
"Vadsø","Universitets- og høgskolenivå, lang","Begge kjønn","Personer 16 år og over (prosent)","2021",0
"Kárásjohka - Karasjok","Utdanningsnivå i alt","Begge kjønn","Personer 16 år og over","2021",0
"Kárásjohka - Karasjok","Utdanningsnivå i alt","Begge kjønn","Personer 16 år og over (prosent)","2021",0
"Kárásjohka - Karasjok","Videregående skolenivå","Begge kjønn","Personer 16 år og over","2021",0
"Kárásjohka - Karasjok","Videregående skolenivå","Begge kjønn","Personer 16 år og over (prosent)","2021",0
"Kárásjohka - Karasjok","Universitets- og høgskolenivå, kort","Begge kjønn","Personer 16 år og over","2021",0
"Kárásjohka - Karasjok","Universitets- og høgskolenivå, kort","Begge kjønn","Personer 16 år og over (prosent)","2021",0
"Kárásjohka - Karasjok","Universitets- og høgskolenivå, lang","Begge kjønn","Personer 16 år og over","2021",0
"Kárásjohka - Karasjok","Universitets- og høgskolenivå, lang","Begge kjønn","Personer 16 år og over (prosent)","2021",0
"Guovdageaidnu - Kautokeino","Utdanningsnivå i alt","Begge kjønn","Personer 16 år og over","2021",0
"Guovdageaidnu - Kautokeino","Utdanningsnivå i alt","Begge kjønn","Personer 16 år og over (prosent)","2021",0
"Guovdageaidnu - Kautokeino","Videregående skolenivå","Begge kjønn","Personer 16 år og over","2021",0
"Guovdageaidnu - Kautokeino","Videregående skolenivå","Begge kjønn","Personer 16 år og over (prosent)","2021",0
"Guovdageaidnu - Kautokeino","Universitets- og høgskolenivå, kort","Begge kjønn","Personer 16 år og over","2021",0
"Guovdageaidnu - Kautokeino","Universitets- og høgskolenivå, kort","Begge kjønn","Personer 16 år og over (prosent)","2021",0
"Guovdageaidnu - Kautokeino","Universitets- og høgskolenivå, lang","Begge kjønn","Personer 16 år og over","2021",0
"Guovdageaidnu - Kautokeino","Universitets- og høgskolenivå, lang","Begge kjønn","Personer 16 år og over (prosent)","2021",0
"Loppa","Utdanningsnivå i alt","Begge kjønn","Personer 16 år og over","2021",0
"Loppa","Utdanningsnivå i alt","Begge kjønn","Personer 16 år og over (prosent)","2021",0
"Loppa","Videregående skolenivå","Begge kjønn","Personer 16 år og over","2021",0
"Loppa","Videregående skolenivå","Begge kjønn","Personer 16 år og over (prosent)","2021",0
"Loppa","Universitets- og høgskolenivå, kort","Begge kjønn","Personer 16 år og over","2021",0
"Loppa","Universitets- og høgskolenivå, kort","Begge kjønn","Personer 16 år og over (prosent)","2021",0
"Loppa","Universitets- og høgskolenivå, lang","Begge kjønn","Personer 16 år og over","2021",0
"Loppa","Universitets- og høgskolenivå, lang","Begge kjønn","Personer 16 år og over (prosent)","2021",0
"Hasvik","Utdanningsnivå i alt","Begge kjønn","Personer 16 år og over","2021",0
"Hasvik","Utdanningsnivå i alt","Begge kjønn","Personer 16 år og over (prosent)","2021",0
"Hasvik","Videregående skolenivå","Begge kjønn","Personer 16 år og over","2021",0
"Hasvik","Videregående skolenivå","Begge kjønn","Personer 16 år og over (prosent)","2021",0
"Hasvik","Universitets- og høgskolenivå, kort","Begge kjønn","Personer 16 år og over","2021",0
"Hasvik","Universitets- og høgskolenivå, kort","Begge kjønn","Personer 16 år og over (prosent)","2021",0
"Hasvik","Universitets- og høgskolenivå, lang","Begge kjønn","Personer 16 år og over","2021",0
"Hasvik","Universitets- og høgskolenivå, lang","Begge kjønn","Personer 16 år og over (prosent)","2021",0
"Måsøy","Utdanningsnivå i alt","Begge kjønn","Personer 16 år og over","2021",0
"Måsøy","Utdanningsnivå i alt","Begge kjønn","Personer 16 år og over (prosent)","2021",0
"Måsøy","Videregående skolenivå","Begge kjønn","Personer 16 år og over","2021",0
"Måsøy","Videregående skolenivå","Begge kjønn","Personer 16 år og over (prosent)","2021",0
"Måsøy","Universitets- og høgskolenivå, kort","Begge kjønn","Personer 16 år og over","2021",0
"Måsøy","Universitets- og høgskolenivå, kort","Begge kjønn","Personer 16 år og over (prosent)","2021",0
"Måsøy","Universitets- og høgskolenivå, lang","Begge kjønn","Personer 16 år og over","2021",0
"Måsøy","Universitets- og høgskolenivå, lang","Begge kjønn","Personer 16 år og over (prosent)","2021",0
"Nordkapp","Utdanningsnivå i alt","Begge kjønn","Personer 16 år og over","2021",0
"Nordkapp","Utdanningsnivå i alt","Begge kjønn","Personer 16 år og over (prosent)","2021",0
"Nordkapp","Videregående skolenivå","Begge kjønn","Personer 16 år og over","2021",0
"Nordkapp","Videregående skolenivå","Begge kjønn","Personer 16 år og over (prosent)","2021",0
"Nordkapp","Universitets- og høgskolenivå, kort","Begge kjønn","Personer 16 år og over","2021",0
"Nordkapp","Universitets- og høgskolenivå, kort","Begge kjønn","Personer 16 år og over (prosent)","2021",0
"Nordkapp","Universitets- og høgskolenivå, lang","Begge kjønn","Personer 16 år og over","2021",0
"Nordkapp","Universitets- og høgskolenivå, lang","Begge kjønn","Personer 16 år og over (prosent)","2021",0
"Porsanger - Porsángu - Porsanki","Utdanningsnivå i alt","Begge kjønn","Personer 16 år og over","2021",0
"Porsanger - Porsángu - Porsanki","Utdanningsnivå i alt","Begge kjønn","Personer 16 år og over (prosent)","2021",0
"Porsanger - Porsángu - Porsanki","Videregående skolenivå","Begge kjønn","Personer 16 år og over","2021",0
"Porsanger - Porsángu - Porsanki","Videregående skolenivå","Begge kjønn","Personer 16 år og over (prosent)","2021",0
"Porsanger - Porsángu - Porsanki","Universitets- og høgskolenivå, kort","Begge kjønn","Personer 16 år og over","2021",0
"Porsanger - Porsángu - Porsanki","Universitets- og høgskolenivå, kort","Begge kjønn","Personer 16 år og over (prosent)","2021",0
"Porsanger - Porsángu - Porsanki","Universitets- og høgskolenivå, lang","Begge kjønn","Personer 16 år og over","2021",0
"Porsanger - Porsángu - Porsanki","Universitets- og høgskolenivå, lang","Begge kjønn","Personer 16 år og over (prosent)","2021",0
"Lebesby","Utdanningsnivå i alt","Begge kjønn","Personer 16 år og over","2021",0
"Lebesby","Utdanningsnivå i alt","Begge kjønn","Personer 16 år og over (prosent)","2021",0
"Lebesby","Videregående skolenivå","Begge kjønn","Personer 16 år og over","2021",0
"Lebesby","Videregående skolenivå","Begge kjønn","Personer 16 år og over (prosent)","2021",0
"Lebesby","Universitets- og høgskolenivå, kort","Begge kjønn","Personer 16 år og over","2021",0
"Lebesby","Universitets- og høgskolenivå, kort","Begge kjønn","Personer 16 år og over (prosent)","2021",0
"Lebesby","Universitets- og høgskolenivå, lang","Begge kjønn","Personer 16 år og over","2021",0
"Lebesby","Universitets- og høgskolenivå, lang","Begge kjønn","Personer 16 år og over (prosent)","2021",0
"Gamvik","Utdanningsnivå i alt","Begge kjønn","Personer 16 år og over","2021",0
"Gamvik","Utdanningsnivå i alt","Begge kjønn","Personer 16 år og over (prosent)","2021",0
"Gamvik","Videregående skolenivå","Begge kjønn","Personer 16 år og over","2021",0
"Gamvik","Videregående skolenivå","Begge kjønn","Personer 16 år og over (prosent)","2021",0
"Gamvik","Universitets- og høgskolenivå, kort","Begge kjønn","Personer 16 år og over","2021",0
"Gamvik","Universitets- og høgskolenivå, kort","Begge kjønn","Personer 16 år og over (prosent)","2021",0
"Gamvik","Universitets- og høgskolenivå, lang","Begge kjønn","Personer 16 år og over","2021",0
"Gamvik","Universitets- og høgskolenivå, lang","Begge kjønn","Personer 16 år og over (prosent)","2021",0
"Deatnu - Tana","Utdanningsnivå i alt","Begge kjønn","Personer 16 år og over","2021",0
"Deatnu - Tana","Utdanningsnivå i alt","Begge kjønn","Personer 16 år og over (prosent)","2021",0
"Deatnu - Tana","Videregående skolenivå","Begge kjønn","Personer 16 år og over","2021",0
"Deatnu - Tana","Videregående skolenivå","Begge kjønn","Personer 16 år og over (prosent)","2021",0
"Deatnu - Tana","Universitets- og høgskolenivå, kort","Begge kjønn","Personer 16 år og over","2021",0
"Deatnu - Tana","Universitets- og høgskolenivå, kort","Begge kjønn","Personer 16 år og over (prosent)","2021",0
"Deatnu - Tana","Universitets- og høgskolenivå, lang","Begge kjønn","Personer 16 år og over","2021",0
"Deatnu - Tana","Universitets- og høgskolenivå, lang","Begge kjønn","Personer 16 år og over (prosent)","2021",0
"Berlevåg","Utdanningsnivå i alt","Begge kjønn","Personer 16 år og over","2021",0
"Berlevåg","Utdanningsnivå i alt","Begge kjønn","Personer 16 år og over (prosent)","2021",0
"Berlevåg","Videregående skolenivå","Begge kjønn","Personer 16 år og over","2021",0
"Berlevåg","Videregående skolenivå","Begge kjønn","Personer 16 år og over (prosent)","2021",0
"Berlevåg","Universitets- og høgskolenivå, kort","Begge kjønn","Personer 16 år og over","2021",0
"Berlevåg","Universitets- og høgskolenivå, kort","Begge kjønn","Personer 16 år og over (prosent)","2021",0
"Berlevåg","Universitets- og høgskolenivå, lang","Begge kjønn","Personer 16 år og over","2021",0
"Berlevåg","Universitets- og høgskolenivå, lang","Begge kjønn","Personer 16 år og over (prosent)","2021",0
"Båtsfjord","Utdanningsnivå i alt","Begge kjønn","Personer 16 år og over","2021",0
"Båtsfjord","Utdanningsnivå i alt","Begge kjønn","Personer 16 år og over (prosent)","2021",0
"Båtsfjord","Videregående skolenivå","Begge kjønn","Personer 16 år og over","2021",0
"Båtsfjord","Videregående skolenivå","Begge kjønn","Personer 16 år og over (prosent)","2021",0
"Båtsfjord","Universitets- og høgskolenivå, kort","Begge kjønn","Personer 16 år og over","2021",0
"Båtsfjord","Universitets- og høgskolenivå, kort","Begge kjønn","Personer 16 år og over (prosent)","2021",0
"Båtsfjord","Universitets- og høgskolenivå, lang","Begge kjønn","Personer 16 år og over","2021",0
"Båtsfjord","Universitets- og høgskolenivå, lang","Begge kjønn","Personer 16 år og over (prosent)","2021",0
"Vardø","Utdanningsnivå i alt","Begge kjønn","Personer 16 år og over","2021",0
"Vardø","Utdanningsnivå i alt","Begge kjønn","Personer 16 år og over (prosent)","2021",0
"Vardø","Videregående skolenivå","Begge kjønn","Personer 16 år og over","2021",0
"Vardø","Videregående skolenivå","Begge kjønn","Personer 16 år og over (prosent)","2021",0
"Vardø","Universitets- og høgskolenivå, kort","Begge kjønn","Personer 16 år og over","2021",0
"Vardø","Universitets- og høgskolenivå, kort","Begge kjønn","Personer 16 år og over (prosent)","2021",0
"Vardø","Universitets- og høgskolenivå, lang","Begge kjønn","Personer 16 år og over","2021",0
"Vardø","Universitets- og høgskolenivå, lang","Begge kjønn","Personer 16 år og over (prosent)","2021",0
"Unjárga - Nesseby","Utdanningsnivå i alt","Begge kjønn","Personer 16 år og over","2021",0
"Unjárga - Nesseby","Utdanningsnivå i alt","Begge kjønn","Personer 16 år og over (prosent)","2021",0
"Unjárga - Nesseby","Videregående skolenivå","Begge kjønn","Personer 16 år og over","2021",0
"Unjárga - Nesseby","Videregående skolenivå","Begge kjønn","Personer 16 år og over (prosent)","2021",0
"Unjárga - Nesseby","Universitets- og høgskolenivå, kort","Begge kjønn","Personer 16 år og over","2021",0
"Unjárga - Nesseby","Universitets- og høgskolenivå, kort","Begge kjønn","Personer 16 år og over (prosent)","2021",0
"Unjárga - Nesseby","Universitets- og høgskolenivå, lang","Begge kjønn","Personer 16 år og over","2021",0
"Unjárga - Nesseby","Universitets- og høgskolenivå, lang","Begge kjønn","Personer 16 år og over (prosent)","2021",0
"Troms og Finnmark - Romsa ja Finnmárku (2020-2023)","Utdanningsnivå i alt","Begge kjønn","Personer 16 år og over","2021",201648
"Troms og Finnmark - Romsa ja Finnmárku (2020-2023)","Utdanningsnivå i alt","Begge kjønn","Personer 16 år og over (prosent)","2021",100
"Troms og Finnmark - Romsa ja Finnmárku (2020-2023)","Videregående skolenivå","Begge kjønn","Personer 16 år og over","2021",72672
"Troms og Finnmark - Romsa ja Finnmárku (2020-2023)","Videregående skolenivå","Begge kjønn","Personer 16 år og over (prosent)","2021",36.2
"Troms og Finnmark - Romsa ja Finnmárku (2020-2023)","Universitets- og høgskolenivå, kort","Begge kjønn","Personer 16 år og over","2021",47149
"Troms og Finnmark - Romsa ja Finnmárku (2020-2023)","Universitets- og høgskolenivå, kort","Begge kjønn","Personer 16 år og over (prosent)","2021",23.5
"Troms og Finnmark - Romsa ja Finnmárku (2020-2023)","Universitets- og høgskolenivå, lang","Begge kjønn","Personer 16 år og over","2021",19149
"Troms og Finnmark - Romsa ja Finnmárku (2020-2023)","Universitets- og høgskolenivå, lang","Begge kjønn","Personer 16 år og over (prosent)","2021",9.5
"Troms - Romsa (-2019)","Utdanningsnivå i alt","Begge kjønn","Personer 16 år og over","2021",0
"Troms - Romsa (-2019)","Utdanningsnivå i alt","Begge kjønn","Personer 16 år og over (prosent)","2021",0
"Troms - Romsa (-2019)","Videregående skolenivå","Begge kjønn","Personer 16 år og over","2021",0
"Troms - Romsa (-2019)","Videregående skolenivå","Begge kjønn","Personer 16 år og over (prosent)","2021",0
"Troms - Romsa (-2019)","Universitets- og høgskolenivå, kort","Begge kjønn","Personer 16 år og over","2021",0
"Troms - Romsa (-2019)","Universitets- og høgskolenivå, kort","Begge kjønn","Personer 16 år og over (prosent)","2021",0
"Troms - Romsa (-2019)","Universitets- og høgskolenivå, lang","Begge kjønn","Personer 16 år og over","2021",0
"Troms - Romsa (-2019)","Universitets- og høgskolenivå, lang","Begge kjønn","Personer 16 år og over (prosent)","2021",0
"Tromsø (2020-2023)","Utdanningsnivå i alt","Begge kjønn","Personer 16 år og over","2021",63994
"Tromsø (2020-2023)","Utdanningsnivå i alt","Begge kjønn","Personer 16 år og over (prosent)","2021",100
"Tromsø (2020-2023)","Videregående skolenivå","Begge kjønn","Personer 16 år og over","2021",20005
"Tromsø (2020-2023)","Videregående skolenivå","Begge kjønn","Personer 16 år og over (prosent)","2021",31.4
"Tromsø (2020-2023)","Universitets- og høgskolenivå, kort","Begge kjønn","Personer 16 år og over","2021",17387
"Tromsø (2020-2023)","Universitets- og høgskolenivå, kort","Begge kjønn","Personer 16 år og over (prosent)","2021",27.3
"Tromsø (2020-2023)","Universitets- og høgskolenivå, lang","Begge kjønn","Personer 16 år og over","2021",10923
"Tromsø (2020-2023)","Universitets- og høgskolenivå, lang","Begge kjønn","Personer 16 år og over (prosent)","2021",17.1
"Harstad - Hárstták (2020-2023)","Utdanningsnivå i alt","Begge kjønn","Personer 16 år og over","2021",20629
"Harstad - Hárstták (2020-2023)","Utdanningsnivå i alt","Begge kjønn","Personer 16 år og over (prosent)","2021",100
"Harstad - Hárstták (2020-2023)","Videregående skolenivå","Begge kjønn","Personer 16 år og over","2021",7776
"Harstad - Hárstták (2020-2023)","Videregående skolenivå","Begge kjønn","Personer 16 år og over (prosent)","2021",37.8
"Harstad - Hárstták (2020-2023)","Universitets- og høgskolenivå, kort","Begge kjønn","Personer 16 år og over","2021",5193
"Harstad - Hárstták (2020-2023)","Universitets- og høgskolenivå, kort","Begge kjønn","Personer 16 år og over (prosent)","2021",25.3
"Harstad - Hárstták (2020-2023)","Universitets- og høgskolenivå, lang","Begge kjønn","Personer 16 år og over","2021",1714
"Harstad - Hárstták (2020-2023)","Universitets- og høgskolenivå, lang","Begge kjønn","Personer 16 år og over (prosent)","2021",8.3
"Alta (2020-2023)","Utdanningsnivå i alt","Begge kjønn","Personer 16 år og over","2021",16876
"Alta (2020-2023)","Utdanningsnivå i alt","Begge kjønn","Personer 16 år og over (prosent)","2021",100
"Alta (2020-2023)","Videregående skolenivå","Begge kjønn","Personer 16 år og over","2021",5962
"Alta (2020-2023)","Videregående skolenivå","Begge kjønn","Personer 16 år og over (prosent)","2021",35.5
"Alta (2020-2023)","Universitets- og høgskolenivå, kort","Begge kjønn","Personer 16 år og over","2021",4362
"Alta (2020-2023)","Universitets- og høgskolenivå, kort","Begge kjønn","Personer 16 år og over (prosent)","2021",26
"Alta (2020-2023)","Universitets- og høgskolenivå, lang","Begge kjønn","Personer 16 år og over","2021",1182
"Alta (2020-2023)","Universitets- og høgskolenivå, lang","Begge kjønn","Personer 16 år og over (prosent)","2021",7
"Vardø (2020-2023)","Utdanningsnivå i alt","Begge kjønn","Personer 16 år og over","2021",1680
"Vardø (2020-2023)","Utdanningsnivå i alt","Begge kjønn","Personer 16 år og over (prosent)","2021",100
"Vardø (2020-2023)","Videregående skolenivå","Begge kjønn","Personer 16 år og over","2021",662
"Vardø (2020-2023)","Videregående skolenivå","Begge kjønn","Personer 16 år og over (prosent)","2021",39.7
"Vardø (2020-2023)","Universitets- og høgskolenivå, kort","Begge kjønn","Personer 16 år og over","2021",271
"Vardø (2020-2023)","Universitets- og høgskolenivå, kort","Begge kjønn","Personer 16 år og over (prosent)","2021",16.2
"Vardø (2020-2023)","Universitets- og høgskolenivå, lang","Begge kjønn","Personer 16 år og over","2021",91
"Vardø (2020-2023)","Universitets- og høgskolenivå, lang","Begge kjønn","Personer 16 år og over (prosent)","2021",5.5
"Vadsø (2020-2023)","Utdanningsnivå i alt","Begge kjønn","Personer 16 år og over","2021",4720
"Vadsø (2020-2023)","Utdanningsnivå i alt","Begge kjønn","Personer 16 år og over (prosent)","2021",100
"Vadsø (2020-2023)","Videregående skolenivå","Begge kjønn","Personer 16 år og over","2021",1764
"Vadsø (2020-2023)","Videregående skolenivå","Begge kjønn","Personer 16 år og over (prosent)","2021",37.5
"Vadsø (2020-2023)","Universitets- og høgskolenivå, kort","Begge kjønn","Personer 16 år og over","2021",1095
"Vadsø (2020-2023)","Universitets- og høgskolenivå, kort","Begge kjønn","Personer 16 år og over (prosent)","2021",23.3
"Vadsø (2020-2023)","Universitets- og høgskolenivå, lang","Begge kjønn","Personer 16 år og over","2021",418
"Vadsø (2020-2023)","Universitets- og høgskolenivå, lang","Begge kjønn","Personer 16 år og over (prosent)","2021",8.9
"Hammerfest - Hámmerfeasta (2020-2023)","Utdanningsnivå i alt","Begge kjønn","Personer 16 år og over","2021",9323
"Hammerfest - Hámmerfeasta (2020-2023)","Utdanningsnivå i alt","Begge kjønn","Personer 16 år og over (prosent)","2021",100
"Hammerfest - Hámmerfeasta (2020-2023)","Videregående skolenivå","Begge kjønn","Personer 16 år og over","2021",3403
"Hammerfest - Hámmerfeasta (2020-2023)","Videregående skolenivå","Begge kjønn","Personer 16 år og over (prosent)","2021",36.8
"Hammerfest - Hámmerfeasta (2020-2023)","Universitets- og høgskolenivå, kort","Begge kjønn","Personer 16 år og over","2021",2151
"Hammerfest - Hámmerfeasta (2020-2023)","Universitets- og høgskolenivå, kort","Begge kjønn","Personer 16 år og over (prosent)","2021",23.2
"Hammerfest - Hámmerfeasta (2020-2023)","Universitets- og høgskolenivå, lang","Begge kjønn","Personer 16 år og over","2021",670
"Hammerfest - Hámmerfeasta (2020-2023)","Universitets- og høgskolenivå, lang","Begge kjønn","Personer 16 år og over (prosent)","2021",7.2
"Kvæfjord (2020-2023)","Utdanningsnivå i alt","Begge kjønn","Personer 16 år og over","2021",2370
"Kvæfjord (2020-2023)","Utdanningsnivå i alt","Begge kjønn","Personer 16 år og over (prosent)","2021",100
"Kvæfjord (2020-2023)","Videregående skolenivå","Begge kjønn","Personer 16 år og over","2021",960
"Kvæfjord (2020-2023)","Videregående skolenivå","Begge kjønn","Personer 16 år og over (prosent)","2021",41
"Kvæfjord (2020-2023)","Universitets- og høgskolenivå, kort","Begge kjønn","Personer 16 år og over","2021",520
"Kvæfjord (2020-2023)","Universitets- og høgskolenivå, kort","Begge kjønn","Personer 16 år og over (prosent)","2021",22.2
"Kvæfjord (2020-2023)","Universitets- og høgskolenivå, lang","Begge kjønn","Personer 16 år og over","2021",111
"Kvæfjord (2020-2023)","Universitets- og høgskolenivå, lang","Begge kjønn","Personer 16 år og over (prosent)","2021",4.7
"Dielddanuorri - Tjeldsund (2020-2023)","Utdanningsnivå i alt","Begge kjønn","Personer 16 år og over","2021",3560
"Dielddanuorri - Tjeldsund (2020-2023)","Utdanningsnivå i alt","Begge kjønn","Personer 16 år og over (prosent)","2021",100
"Dielddanuorri - Tjeldsund (2020-2023)","Videregående skolenivå","Begge kjønn","Personer 16 år og over","2021",1549
"Dielddanuorri - Tjeldsund (2020-2023)","Videregående skolenivå","Begge kjønn","Personer 16 år og over (prosent)","2021",43.7
"Dielddanuorri - Tjeldsund (2020-2023)","Universitets- og høgskolenivå, kort","Begge kjønn","Personer 16 år og over","2021",729
"Dielddanuorri - Tjeldsund (2020-2023)","Universitets- og høgskolenivå, kort","Begge kjønn","Personer 16 år og over (prosent)","2021",20.6
"Dielddanuorri - Tjeldsund (2020-2023)","Universitets- og høgskolenivå, lang","Begge kjønn","Personer 16 år og over","2021",144
"Dielddanuorri - Tjeldsund (2020-2023)","Universitets- og høgskolenivå, lang","Begge kjønn","Personer 16 år og over (prosent)","2021",4.1
"Ibestad (2020-2023)","Utdanningsnivå i alt","Begge kjønn","Personer 16 år og over","2021",1153
"Ibestad (2020-2023)","Utdanningsnivå i alt","Begge kjønn","Personer 16 år og over (prosent)","2021",100
"Ibestad (2020-2023)","Videregående skolenivå","Begge kjønn","Personer 16 år og over","2021",514
"Ibestad (2020-2023)","Videregående skolenivå","Begge kjønn","Personer 16 år og over (prosent)","2021",44.7
"Ibestad (2020-2023)","Universitets- og høgskolenivå, kort","Begge kjønn","Personer 16 år og over","2021",191
"Ibestad (2020-2023)","Universitets- og høgskolenivå, kort","Begge kjønn","Personer 16 år og over (prosent)","2021",16.6
"Ibestad (2020-2023)","Universitets- og høgskolenivå, lang","Begge kjønn","Personer 16 år og over","2021",26
"Ibestad (2020-2023)","Universitets- og høgskolenivå, lang","Begge kjønn","Personer 16 år og over (prosent)","2021",2.3
"Gratangen (2020-2023)","Utdanningsnivå i alt","Begge kjønn","Personer 16 år og over","2021",937
"Gratangen (2020-2023)","Utdanningsnivå i alt","Begge kjønn","Personer 16 år og over (prosent)","2021",100
"Gratangen (2020-2023)","Videregående skolenivå","Begge kjønn","Personer 16 år og over","2021",370
"Gratangen (2020-2023)","Videregående skolenivå","Begge kjønn","Personer 16 år og over (prosent)","2021",39.9
"Gratangen (2020-2023)","Universitets- og høgskolenivå, kort","Begge kjønn","Personer 16 år og over","2021",165
"Gratangen (2020-2023)","Universitets- og høgskolenivå, kort","Begge kjønn","Personer 16 år og over (prosent)","2021",17.8
"Gratangen (2020-2023)","Universitets- og høgskolenivå, lang","Begge kjønn","Personer 16 år og over","2021",33
"Gratangen (2020-2023)","Universitets- og høgskolenivå, lang","Begge kjønn","Personer 16 år og over (prosent)","2021",3.6
"Loabák - Lavangen (2020-2023)","Utdanningsnivå i alt","Begge kjønn","Personer 16 år og over","2021",810
"Loabák - Lavangen (2020-2023)","Utdanningsnivå i alt","Begge kjønn","Personer 16 år og over (prosent)","2021",100
"Loabák - Lavangen (2020-2023)","Videregående skolenivå","Begge kjønn","Personer 16 år og over","2021",321
"Loabák - Lavangen (2020-2023)","Videregående skolenivå","Begge kjønn","Personer 16 år og over (prosent)","2021",39.8
"Loabák - Lavangen (2020-2023)","Universitets- og høgskolenivå, kort","Begge kjønn","Personer 16 år og over","2021",152
"Loabák - Lavangen (2020-2023)","Universitets- og høgskolenivå, kort","Begge kjønn","Personer 16 år og over (prosent)","2021",18.9
"Loabák - Lavangen (2020-2023)","Universitets- og høgskolenivå, lang","Begge kjønn","Personer 16 år og over","2021",26
"Loabák - Lavangen (2020-2023)","Universitets- og høgskolenivå, lang","Begge kjønn","Personer 16 år og over (prosent)","2021",3.2
"Bardu (2020-2023)","Utdanningsnivå i alt","Begge kjønn","Personer 16 år og over","2021",3323
"Bardu (2020-2023)","Utdanningsnivå i alt","Begge kjønn","Personer 16 år og over (prosent)","2021",100
"Bardu (2020-2023)","Videregående skolenivå","Begge kjønn","Personer 16 år og over","2021",1402
"Bardu (2020-2023)","Videregående skolenivå","Begge kjønn","Personer 16 år og over (prosent)","2021",42.3
"Bardu (2020-2023)","Universitets- og høgskolenivå, kort","Begge kjønn","Personer 16 år og over","2021",777
"Bardu (2020-2023)","Universitets- og høgskolenivå, kort","Begge kjønn","Personer 16 år og over (prosent)","2021",23.4
"Bardu (2020-2023)","Universitets- og høgskolenivå, lang","Begge kjønn","Personer 16 år og over","2021",224
"Bardu (2020-2023)","Universitets- og høgskolenivå, lang","Begge kjønn","Personer 16 år og over (prosent)","2021",6.8
"Salangen (2020-2023)","Utdanningsnivå i alt","Begge kjønn","Personer 16 år og over","2021",1777
"Salangen (2020-2023)","Utdanningsnivå i alt","Begge kjønn","Personer 16 år og over (prosent)","2021",100
"Salangen (2020-2023)","Videregående skolenivå","Begge kjønn","Personer 16 år og over","2021",738
"Salangen (2020-2023)","Videregående skolenivå","Begge kjønn","Personer 16 år og over (prosent)","2021",41.7
"Salangen (2020-2023)","Universitets- og høgskolenivå, kort","Begge kjønn","Personer 16 år og over","2021",384
"Salangen (2020-2023)","Universitets- og høgskolenivå, kort","Begge kjønn","Personer 16 år og over (prosent)","2021",21.7
"Salangen (2020-2023)","Universitets- og høgskolenivå, lang","Begge kjønn","Personer 16 år og over","2021",105
"Salangen (2020-2023)","Universitets- og høgskolenivå, lang","Begge kjønn","Personer 16 år og over (prosent)","2021",5.9
"Målselv (2020-2023)","Utdanningsnivå i alt","Begge kjønn","Personer 16 år og over","2021",5514
"Målselv (2020-2023)","Utdanningsnivå i alt","Begge kjønn","Personer 16 år og over (prosent)","2021",100
"Målselv (2020-2023)","Videregående skolenivå","Begge kjønn","Personer 16 år og over","2021",2446
"Målselv (2020-2023)","Videregående skolenivå","Begge kjønn","Personer 16 år og over (prosent)","2021",44.5
"Målselv (2020-2023)","Universitets- og høgskolenivå, kort","Begge kjønn","Personer 16 år og over","2021",1167
"Målselv (2020-2023)","Universitets- og høgskolenivå, kort","Begge kjønn","Personer 16 år og over (prosent)","2021",21.2
"Målselv (2020-2023)","Universitets- og høgskolenivå, lang","Begge kjønn","Personer 16 år og over","2021",312
"Målselv (2020-2023)","Universitets- og høgskolenivå, lang","Begge kjønn","Personer 16 år og over (prosent)","2021",5.7
"Sørreisa (2020-2023)","Utdanningsnivå i alt","Begge kjønn","Personer 16 år og over","2021",2855
"Sørreisa (2020-2023)","Utdanningsnivå i alt","Begge kjønn","Personer 16 år og over (prosent)","2021",100
"Sørreisa (2020-2023)","Videregående skolenivå","Begge kjønn","Personer 16 år og over","2021",1244
"Sørreisa (2020-2023)","Videregående skolenivå","Begge kjønn","Personer 16 år og over (prosent)","2021",43.6
"Sørreisa (2020-2023)","Universitets- og høgskolenivå, kort","Begge kjønn","Personer 16 år og over","2021",592
"Sørreisa (2020-2023)","Universitets- og høgskolenivå, kort","Begge kjønn","Personer 16 år og over (prosent)","2021",20.8
"Sørreisa (2020-2023)","Universitets- og høgskolenivå, lang","Begge kjønn","Personer 16 år og over","2021",123
"Sørreisa (2020-2023)","Universitets- og høgskolenivå, lang","Begge kjønn","Personer 16 år og over (prosent)","2021",4.3
"Dyrøy (2020-2023)","Utdanningsnivå i alt","Begge kjønn","Personer 16 år og over","2021",942
"Dyrøy (2020-2023)","Utdanningsnivå i alt","Begge kjønn","Personer 16 år og over (prosent)","2021",100
"Dyrøy (2020-2023)","Videregående skolenivå","Begge kjønn","Personer 16 år og over","2021",419
"Dyrøy (2020-2023)","Videregående skolenivå","Begge kjønn","Personer 16 år og over (prosent)","2021",44.7
"Dyrøy (2020-2023)","Universitets- og høgskolenivå, kort","Begge kjønn","Personer 16 år og over","2021",170
"Dyrøy (2020-2023)","Universitets- og høgskolenivå, kort","Begge kjønn","Personer 16 år og over (prosent)","2021",18.1
"Dyrøy (2020-2023)","Universitets- og høgskolenivå, lang","Begge kjønn","Personer 16 år og over","2021",21
"Dyrøy (2020-2023)","Universitets- og høgskolenivå, lang","Begge kjønn","Personer 16 år og over (prosent)","2021",2.2
"Senja (2020-2023)","Utdanningsnivå i alt","Begge kjønn","Personer 16 år og over","2021",12181
"Senja (2020-2023)","Utdanningsnivå i alt","Begge kjønn","Personer 16 år og over (prosent)","2021",100
"Senja (2020-2023)","Videregående skolenivå","Begge kjønn","Personer 16 år og over","2021",4832
"Senja (2020-2023)","Videregående skolenivå","Begge kjønn","Personer 16 år og over (prosent)","2021",39.9
"Senja (2020-2023)","Universitets- og høgskolenivå, kort","Begge kjønn","Personer 16 år og over","2021",2306
"Senja (2020-2023)","Universitets- og høgskolenivå, kort","Begge kjønn","Personer 16 år og over (prosent)","2021",19
"Senja (2020-2023)","Universitets- og høgskolenivå, lang","Begge kjønn","Personer 16 år og over","2021",551
"Senja (2020-2023)","Universitets- og høgskolenivå, lang","Begge kjønn","Personer 16 år og over (prosent)","2021",4.5
"Balsfjord (2020-2023)","Utdanningsnivå i alt","Begge kjønn","Personer 16 år og over","2021",4727
"Balsfjord (2020-2023)","Utdanningsnivå i alt","Begge kjønn","Personer 16 år og over (prosent)","2021",100
"Balsfjord (2020-2023)","Videregående skolenivå","Begge kjønn","Personer 16 år og over","2021",1983
"Balsfjord (2020-2023)","Videregående skolenivå","Begge kjønn","Personer 16 år og over (prosent)","2021",42.1
"Balsfjord (2020-2023)","Universitets- og høgskolenivå, kort","Begge kjønn","Personer 16 år og over","2021",733
"Balsfjord (2020-2023)","Universitets- og høgskolenivå, kort","Begge kjønn","Personer 16 år og over (prosent)","2021",15.6
"Balsfjord (2020-2023)","Universitets- og høgskolenivå, lang","Begge kjønn","Personer 16 år og over","2021",160
"Balsfjord (2020-2023)","Universitets- og høgskolenivå, lang","Begge kjønn","Personer 16 år og over (prosent)","2021",3.4
"Karlsøy (2020-2023)","Utdanningsnivå i alt","Begge kjønn","Personer 16 år og over","2021",1890
"Karlsøy (2020-2023)","Utdanningsnivå i alt","Begge kjønn","Personer 16 år og over (prosent)","2021",100
"Karlsøy (2020-2023)","Videregående skolenivå","Begge kjønn","Personer 16 år og over","2021",655
"Karlsøy (2020-2023)","Videregående skolenivå","Begge kjønn","Personer 16 år og over (prosent)","2021",34.9
"Karlsøy (2020-2023)","Universitets- og høgskolenivå, kort","Begge kjønn","Personer 16 år og over","2021",271
"Karlsøy (2020-2023)","Universitets- og høgskolenivå, kort","Begge kjønn","Personer 16 år og over (prosent)","2021",14.4
"Karlsøy (2020-2023)","Universitets- og høgskolenivå, lang","Begge kjønn","Personer 16 år og over","2021",65
"Karlsøy (2020-2023)","Universitets- og høgskolenivå, lang","Begge kjønn","Personer 16 år og over (prosent)","2021",3.5
"Lyngen (2020-2023)","Utdanningsnivå i alt","Begge kjønn","Personer 16 år og over","2021",2375
"Lyngen (2020-2023)","Utdanningsnivå i alt","Begge kjønn","Personer 16 år og over (prosent)","2021",100
"Lyngen (2020-2023)","Videregående skolenivå","Begge kjønn","Personer 16 år og over","2021",917
"Lyngen (2020-2023)","Videregående skolenivå","Begge kjønn","Personer 16 år og over (prosent)","2021",38.9
"Lyngen (2020-2023)","Universitets- og høgskolenivå, kort","Begge kjønn","Personer 16 år og over","2021",411
"Lyngen (2020-2023)","Universitets- og høgskolenivå, kort","Begge kjønn","Personer 16 år og over (prosent)","2021",17.4
"Lyngen (2020-2023)","Universitets- og høgskolenivå, lang","Begge kjønn","Personer 16 år og over","2021",93
"Lyngen (2020-2023)","Universitets- og høgskolenivå, lang","Begge kjønn","Personer 16 år og over (prosent)","2021",3.9
"Storfjord - Omasvuotna - Omasvuono (2020-2023)","Utdanningsnivå i alt","Begge kjønn","Personer 16 år og over","2021",1574
"Storfjord - Omasvuotna - Omasvuono (2020-2023)","Utdanningsnivå i alt","Begge kjønn","Personer 16 år og over (prosent)","2021",100
"Storfjord - Omasvuotna - Omasvuono (2020-2023)","Videregående skolenivå","Begge kjønn","Personer 16 år og over","2021",644
"Storfjord - Omasvuotna - Omasvuono (2020-2023)","Videregående skolenivå","Begge kjønn","Personer 16 år og over (prosent)","2021",41
"Storfjord - Omasvuotna - Omasvuono (2020-2023)","Universitets- og høgskolenivå, kort","Begge kjønn","Personer 16 år og over","2021",316
"Storfjord - Omasvuotna - Omasvuono (2020-2023)","Universitets- og høgskolenivå, kort","Begge kjønn","Personer 16 år og over (prosent)","2021",20.1
"Storfjord - Omasvuotna - Omasvuono (2020-2023)","Universitets- og høgskolenivå, lang","Begge kjønn","Personer 16 år og over","2021",56
"Storfjord - Omasvuotna - Omasvuono (2020-2023)","Universitets- og høgskolenivå, lang","Begge kjønn","Personer 16 år og over (prosent)","2021",3.6
"Gáivuotna - Kåfjord - Kaivuono (2020-2023)","Utdanningsnivå i alt","Begge kjønn","Personer 16 år og over","2021",1748
"Gáivuotna - Kåfjord - Kaivuono (2020-2023)","Utdanningsnivå i alt","Begge kjønn","Personer 16 år og over (prosent)","2021",100
"Gáivuotna - Kåfjord - Kaivuono (2020-2023)","Videregående skolenivå","Begge kjønn","Personer 16 år og over","2021",615
"Gáivuotna - Kåfjord - Kaivuono (2020-2023)","Videregående skolenivå","Begge kjønn","Personer 16 år og over (prosent)","2021",35.4
"Gáivuotna - Kåfjord - Kaivuono (2020-2023)","Universitets- og høgskolenivå, kort","Begge kjønn","Personer 16 år og over","2021",305
"Gáivuotna - Kåfjord - Kaivuono (2020-2023)","Universitets- og høgskolenivå, kort","Begge kjønn","Personer 16 år og over (prosent)","2021",17.5
"Gáivuotna - Kåfjord - Kaivuono (2020-2023)","Universitets- og høgskolenivå, lang","Begge kjønn","Personer 16 år og over","2021",72
"Gáivuotna - Kåfjord - Kaivuono (2020-2023)","Universitets- og høgskolenivå, lang","Begge kjønn","Personer 16 år og over (prosent)","2021",4.1
"Skjervøy (2020-2023)","Utdanningsnivå i alt","Begge kjønn","Personer 16 år og over","2021",2367
"Skjervøy (2020-2023)","Utdanningsnivå i alt","Begge kjønn","Personer 16 år og over (prosent)","2021",100
"Skjervøy (2020-2023)","Videregående skolenivå","Begge kjønn","Personer 16 år og over","2021",919
"Skjervøy (2020-2023)","Videregående skolenivå","Begge kjønn","Personer 16 år og over (prosent)","2021",39.2
"Skjervøy (2020-2023)","Universitets- og høgskolenivå, kort","Begge kjønn","Personer 16 år og over","2021",410
"Skjervøy (2020-2023)","Universitets- og høgskolenivå, kort","Begge kjønn","Personer 16 år og over (prosent)","2021",17.5
"Skjervøy (2020-2023)","Universitets- og høgskolenivå, lang","Begge kjønn","Personer 16 år og over","2021",80
"Skjervøy (2020-2023)","Universitets- og høgskolenivå, lang","Begge kjønn","Personer 16 år og over (prosent)","2021",3.4
"Nordreisa - Ráisa - Raisi (2020-2023)","Utdanningsnivå i alt","Begge kjønn","Personer 16 år og over","2021",3967
"Nordreisa - Ráisa - Raisi (2020-2023)","Utdanningsnivå i alt","Begge kjønn","Personer 16 år og over (prosent)","2021",100
"Nordreisa - Ráisa - Raisi (2020-2023)","Videregående skolenivå","Begge kjønn","Personer 16 år og over","2021",1506
"Nordreisa - Ráisa - Raisi (2020-2023)","Videregående skolenivå","Begge kjønn","Personer 16 år og over (prosent)","2021",38.2
"Nordreisa - Ráisa - Raisi (2020-2023)","Universitets- og høgskolenivå, kort","Begge kjønn","Personer 16 år og over","2021",852
"Nordreisa - Ráisa - Raisi (2020-2023)","Universitets- og høgskolenivå, kort","Begge kjønn","Personer 16 år og over (prosent)","2021",21.6
"Nordreisa - Ráisa - Raisi (2020-2023)","Universitets- og høgskolenivå, lang","Begge kjønn","Personer 16 år og over","2021",182
"Nordreisa - Ráisa - Raisi (2020-2023)","Universitets- og høgskolenivå, lang","Begge kjønn","Personer 16 år og over (prosent)","2021",4.6
"Kvænangen (2020-2023)","Utdanningsnivå i alt","Begge kjønn","Personer 16 år og over","2021",1002
"Kvænangen (2020-2023)","Utdanningsnivå i alt","Begge kjønn","Personer 16 år og over (prosent)","2021",100
"Kvænangen (2020-2023)","Videregående skolenivå","Begge kjønn","Personer 16 år og over","2021",422
"Kvænangen (2020-2023)","Videregående skolenivå","Begge kjønn","Personer 16 år og over (prosent)","2021",42.3
"Kvænangen (2020-2023)","Universitets- og høgskolenivå, kort","Begge kjønn","Personer 16 år og over","2021",169
"Kvænangen (2020-2023)","Universitets- og høgskolenivå, kort","Begge kjønn","Personer 16 år og over (prosent)","2021",16.9
"Kvænangen (2020-2023)","Universitets- og høgskolenivå, lang","Begge kjønn","Personer 16 år og over","2021",36
"Kvænangen (2020-2023)","Universitets- og høgskolenivå, lang","Begge kjønn","Personer 16 år og over (prosent)","2021",3.6
"Guovdageaidnu - Kautokeino (2020-2023)","Utdanningsnivå i alt","Begge kjønn","Personer 16 år og over","2021",2337
"Guovdageaidnu - Kautokeino (2020-2023)","Utdanningsnivå i alt","Begge kjønn","Personer 16 år og over (prosent)","2021",100
"Guovdageaidnu - Kautokeino (2020-2023)","Videregående skolenivå","Begge kjønn","Personer 16 år og over","2021",675
"Guovdageaidnu - Kautokeino (2020-2023)","Videregående skolenivå","Begge kjønn","Personer 16 år og over (prosent)","2021",29.2
"Guovdageaidnu - Kautokeino (2020-2023)","Universitets- og høgskolenivå, kort","Begge kjønn","Personer 16 år og over","2021",552
"Guovdageaidnu - Kautokeino (2020-2023)","Universitets- og høgskolenivå, kort","Begge kjønn","Personer 16 år og over (prosent)","2021",23.9
"Guovdageaidnu - Kautokeino (2020-2023)","Universitets- og høgskolenivå, lang","Begge kjønn","Personer 16 år og over","2021",170
"Guovdageaidnu - Kautokeino (2020-2023)","Universitets- og høgskolenivå, lang","Begge kjønn","Personer 16 år og over (prosent)","2021",7.4
"Loppa (2020-2023)","Utdanningsnivå i alt","Begge kjønn","Personer 16 år og over","2021",770
"Loppa (2020-2023)","Utdanningsnivå i alt","Begge kjønn","Personer 16 år og over (prosent)","2021",100
"Loppa (2020-2023)","Videregående skolenivå","Begge kjønn","Personer 16 år og over","2021",242
"Loppa (2020-2023)","Videregående skolenivå","Begge kjønn","Personer 16 år og over (prosent)","2021",31.8
"Loppa (2020-2023)","Universitets- og høgskolenivå, kort","Begge kjønn","Personer 16 år og over","2021",142
"Loppa (2020-2023)","Universitets- og høgskolenivå, kort","Begge kjønn","Personer 16 år og over (prosent)","2021",18.6
"Loppa (2020-2023)","Universitets- og høgskolenivå, lang","Begge kjønn","Personer 16 år og over","2021",31
"Loppa (2020-2023)","Universitets- og høgskolenivå, lang","Begge kjønn","Personer 16 år og over (prosent)","2021",4.1
"Hasvik (2020-2023)","Utdanningsnivå i alt","Begge kjønn","Personer 16 år og over","2021",836
"Hasvik (2020-2023)","Utdanningsnivå i alt","Begge kjønn","Personer 16 år og over (prosent)","2021",100
"Hasvik (2020-2023)","Videregående skolenivå","Begge kjønn","Personer 16 år og over","2021",303
"Hasvik (2020-2023)","Videregående skolenivå","Begge kjønn","Personer 16 år og over (prosent)","2021",36.5
"Hasvik (2020-2023)","Universitets- og høgskolenivå, kort","Begge kjønn","Personer 16 år og over","2021",131
"Hasvik (2020-2023)","Universitets- og høgskolenivå, kort","Begge kjønn","Personer 16 år og over (prosent)","2021",15.8
"Hasvik (2020-2023)","Universitets- og høgskolenivå, lang","Begge kjønn","Personer 16 år og over","2021",32
"Hasvik (2020-2023)","Universitets- og høgskolenivå, lang","Begge kjønn","Personer 16 år og over (prosent)","2021",3.9
"Måsøy (2020-2023)","Utdanningsnivå i alt","Begge kjønn","Personer 16 år og over","2021",1008
"Måsøy (2020-2023)","Utdanningsnivå i alt","Begge kjønn","Personer 16 år og over (prosent)","2021",100
"Måsøy (2020-2023)","Videregående skolenivå","Begge kjønn","Personer 16 år og over","2021",367
"Måsøy (2020-2023)","Videregående skolenivå","Begge kjønn","Personer 16 år og over (prosent)","2021",36.8
"Måsøy (2020-2023)","Universitets- og høgskolenivå, kort","Begge kjønn","Personer 16 år og over","2021",141
"Måsøy (2020-2023)","Universitets- og høgskolenivå, kort","Begge kjønn","Personer 16 år og over (prosent)","2021",14.1
"Måsøy (2020-2023)","Universitets- og høgskolenivå, lang","Begge kjønn","Personer 16 år og over","2021",52
"Måsøy (2020-2023)","Universitets- og høgskolenivå, lang","Begge kjønn","Personer 16 år og over (prosent)","2021",5.2
"Nordkapp (2020-2023)","Utdanningsnivå i alt","Begge kjønn","Personer 16 år og over","2021",2590
"Nordkapp (2020-2023)","Utdanningsnivå i alt","Begge kjønn","Personer 16 år og over (prosent)","2021",100
"Nordkapp (2020-2023)","Videregående skolenivå","Begge kjønn","Personer 16 år og over","2021",919
"Nordkapp (2020-2023)","Videregående skolenivå","Begge kjønn","Personer 16 år og over (prosent)","2021",35.7
"Nordkapp (2020-2023)","Universitets- og høgskolenivå, kort","Begge kjønn","Personer 16 år og over","2021",475
"Nordkapp (2020-2023)","Universitets- og høgskolenivå, kort","Begge kjønn","Personer 16 år og over (prosent)","2021",18.5
"Nordkapp (2020-2023)","Universitets- og høgskolenivå, lang","Begge kjønn","Personer 16 år og over","2021",134
"Nordkapp (2020-2023)","Universitets- og høgskolenivå, lang","Begge kjønn","Personer 16 år og over (prosent)","2021",5.2
"Porsanger - Porsángu - Porsanki (2020-2023)","Utdanningsnivå i alt","Begge kjønn","Personer 16 år og over","2021",3338
"Porsanger - Porsángu - Porsanki (2020-2023)","Utdanningsnivå i alt","Begge kjønn","Personer 16 år og over (prosent)","2021",100
"Porsanger - Porsángu - Porsanki (2020-2023)","Videregående skolenivå","Begge kjønn","Personer 16 år og over","2021",1330
"Porsanger - Porsángu - Porsanki (2020-2023)","Videregående skolenivå","Begge kjønn","Personer 16 år og over (prosent)","2021",40.1
"Porsanger - Porsángu - Porsanki (2020-2023)","Universitets- og høgskolenivå, kort","Begge kjønn","Personer 16 år og over","2021",723
"Porsanger - Porsángu - Porsanki (2020-2023)","Universitets- og høgskolenivå, kort","Begge kjønn","Personer 16 år og over (prosent)","2021",21.8
"Porsanger - Porsángu - Porsanki (2020-2023)","Universitets- og høgskolenivå, lang","Begge kjønn","Personer 16 år og over","2021",159
"Porsanger - Porsángu - Porsanki (2020-2023)","Universitets- og høgskolenivå, lang","Begge kjønn","Personer 16 år og over (prosent)","2021",4.8
"Kárásjohka - Karasjok (2020-2023)","Utdanningsnivå i alt","Begge kjønn","Personer 16 år og over","2021",2230
"Kárásjohka - Karasjok (2020-2023)","Utdanningsnivå i alt","Begge kjønn","Personer 16 år og over (prosent)","2021",100
"Kárásjohka - Karasjok (2020-2023)","Videregående skolenivå","Begge kjønn","Personer 16 år og over","2021",721
"Kárásjohka - Karasjok (2020-2023)","Videregående skolenivå","Begge kjønn","Personer 16 år og over (prosent)","2021",32.5
"Kárásjohka - Karasjok (2020-2023)","Universitets- og høgskolenivå, kort","Begge kjønn","Personer 16 år og over","2021",600
"Kárásjohka - Karasjok (2020-2023)","Universitets- og høgskolenivå, kort","Begge kjønn","Personer 16 år og over (prosent)","2021",27.1
"Kárásjohka - Karasjok (2020-2023)","Universitets- og høgskolenivå, lang","Begge kjønn","Personer 16 år og over","2021",152
"Kárásjohka - Karasjok (2020-2023)","Universitets- og høgskolenivå, lang","Begge kjønn","Personer 16 år og over (prosent)","2021",6.9
"Lebesby (2020-2023)","Utdanningsnivå i alt","Begge kjønn","Personer 16 år og over","2021",1067
"Lebesby (2020-2023)","Utdanningsnivå i alt","Begge kjønn","Personer 16 år og over (prosent)","2021",100
"Lebesby (2020-2023)","Videregående skolenivå","Begge kjønn","Personer 16 år og over","2021",397
"Lebesby (2020-2023)","Videregående skolenivå","Begge kjønn","Personer 16 år og over (prosent)","2021",37.5
"Lebesby (2020-2023)","Universitets- og høgskolenivå, kort","Begge kjønn","Personer 16 år og over","2021",188
"Lebesby (2020-2023)","Universitets- og høgskolenivå, kort","Begge kjønn","Personer 16 år og over (prosent)","2021",17.8
"Lebesby (2020-2023)","Universitets- og høgskolenivå, lang","Begge kjønn","Personer 16 år og over","2021",40
"Lebesby (2020-2023)","Universitets- og høgskolenivå, lang","Begge kjønn","Personer 16 år og over (prosent)","2021",3.8
"Gamvik (2020-2023)","Utdanningsnivå i alt","Begge kjønn","Personer 16 år og over","2021",943
"Gamvik (2020-2023)","Utdanningsnivå i alt","Begge kjønn","Personer 16 år og over (prosent)","2021",100
"Gamvik (2020-2023)","Videregående skolenivå","Begge kjønn","Personer 16 år og over","2021",330
"Gamvik (2020-2023)","Videregående skolenivå","Begge kjønn","Personer 16 år og over (prosent)","2021",35.3
"Gamvik (2020-2023)","Universitets- og høgskolenivå, kort","Begge kjønn","Personer 16 år og over","2021",139
"Gamvik (2020-2023)","Universitets- og høgskolenivå, kort","Begge kjønn","Personer 16 år og over (prosent)","2021",14.9
"Gamvik (2020-2023)","Universitets- og høgskolenivå, lang","Begge kjønn","Personer 16 år og over","2021",32
"Gamvik (2020-2023)","Universitets- og høgskolenivå, lang","Begge kjønn","Personer 16 år og over (prosent)","2021",3.4
"Berlevåg (2020-2023)","Utdanningsnivå i alt","Begge kjønn","Personer 16 år og over","2021",802
"Berlevåg (2020-2023)","Utdanningsnivå i alt","Begge kjønn","Personer 16 år og over (prosent)","2021",100
"Berlevåg (2020-2023)","Videregående skolenivå","Begge kjønn","Personer 16 år og over","2021",285
"Berlevåg (2020-2023)","Videregående skolenivå","Begge kjønn","Personer 16 år og over (prosent)","2021",35.8
"Berlevåg (2020-2023)","Universitets- og høgskolenivå, kort","Begge kjønn","Personer 16 år og over","2021",130
"Berlevåg (2020-2023)","Universitets- og høgskolenivå, kort","Begge kjønn","Personer 16 år og over (prosent)","2021",16.3
"Berlevåg (2020-2023)","Universitets- og høgskolenivå, lang","Begge kjønn","Personer 16 år og over","2021",30
"Berlevåg (2020-2023)","Universitets- og høgskolenivå, lang","Begge kjønn","Personer 16 år og over (prosent)","2021",3.8
"Deatnu - Tana (2020-2023)","Utdanningsnivå i alt","Begge kjønn","Personer 16 år og over","2021",2433
"Deatnu - Tana (2020-2023)","Utdanningsnivå i alt","Begge kjønn","Personer 16 år og over (prosent)","2021",100
"Deatnu - Tana (2020-2023)","Videregående skolenivå","Begge kjønn","Personer 16 år og over","2021",885
"Deatnu - Tana (2020-2023)","Videregående skolenivå","Begge kjønn","Personer 16 år og over (prosent)","2021",36.7
"Deatnu - Tana (2020-2023)","Universitets- og høgskolenivå, kort","Begge kjønn","Personer 16 år og over","2021",489
"Deatnu - Tana (2020-2023)","Universitets- og høgskolenivå, kort","Begge kjønn","Personer 16 år og over (prosent)","2021",20.3
"Deatnu - Tana (2020-2023)","Universitets- og høgskolenivå, lang","Begge kjønn","Personer 16 år og over","2021",133
"Deatnu - Tana (2020-2023)","Universitets- og høgskolenivå, lang","Begge kjønn","Personer 16 år og over (prosent)","2021",5.5
"Unjárga - Nesseby (2020-2023)","Utdanningsnivå i alt","Begge kjønn","Personer 16 år og over","2021",740
"Unjárga - Nesseby (2020-2023)","Utdanningsnivå i alt","Begge kjønn","Personer 16 år og over (prosent)","2021",100
"Unjárga - Nesseby (2020-2023)","Videregående skolenivå","Begge kjønn","Personer 16 år og over","2021",288
"Unjárga - Nesseby (2020-2023)","Videregående skolenivå","Begge kjønn","Personer 16 år og over (prosent)","2021",39.1
"Unjárga - Nesseby (2020-2023)","Universitets- og høgskolenivå, kort","Begge kjønn","Personer 16 år og over","2021",150
"Unjárga - Nesseby (2020-2023)","Universitets- og høgskolenivå, kort","Begge kjønn","Personer 16 år og over (prosent)","2021",20.4
"Unjárga - Nesseby (2020-2023)","Universitets- og høgskolenivå, lang","Begge kjønn","Personer 16 år og over","2021",45
"Unjárga - Nesseby (2020-2023)","Universitets- og høgskolenivå, lang","Begge kjønn","Personer 16 år og over (prosent)","2021",6.1
"Båtsfjord (2020-2023)","Utdanningsnivå i alt","Begge kjønn","Personer 16 år og over","2021",1842
"Båtsfjord (2020-2023)","Utdanningsnivå i alt","Begge kjønn","Personer 16 år og over (prosent)","2021",100
"Båtsfjord (2020-2023)","Videregående skolenivå","Begge kjønn","Personer 16 år og over","2021",657
"Båtsfjord (2020-2023)","Videregående skolenivå","Begge kjønn","Personer 16 år og over (prosent)","2021",36
"Båtsfjord (2020-2023)","Universitets- og høgskolenivå, kort","Begge kjønn","Personer 16 år og over","2021",265
"Båtsfjord (2020-2023)","Universitets- og høgskolenivå, kort","Begge kjønn","Personer 16 år og over (prosent)","2021",14.5
"Båtsfjord (2020-2023)","Universitets- og høgskolenivå, lang","Begge kjønn","Personer 16 år og over","2021",60
"Båtsfjord (2020-2023)","Universitets- og høgskolenivå, lang","Begge kjønn","Personer 16 år og over (prosent)","2021",3.3
"Sør-Varanger (2020-2023)","Utdanningsnivå i alt","Begge kjønn","Personer 16 år og over","2021",8418
"Sør-Varanger (2020-2023)","Utdanningsnivå i alt","Begge kjønn","Personer 16 år og over (prosent)","2021",100
"Sør-Varanger (2020-2023)","Videregående skolenivå","Begge kjønn","Personer 16 år og over","2021",3245
"Sør-Varanger (2020-2023)","Videregående skolenivå","Begge kjønn","Personer 16 år og over (prosent)","2021",38.7
"Sør-Varanger (2020-2023)","Universitets- og høgskolenivå, kort","Begge kjønn","Personer 16 år og over","2021",1945
"Sør-Varanger (2020-2023)","Universitets- og høgskolenivå, kort","Begge kjønn","Personer 16 år og over (prosent)","2021",23.2
"Sør-Varanger (2020-2023)","Universitets- og høgskolenivå, lang","Begge kjønn","Personer 16 år og over","2021",661
"Sør-Varanger (2020-2023)","Universitets- og høgskolenivå, lang","Begge kjønn","Personer 16 år og over (prosent)","2021",7.9
"Harstad (-2012)","Utdanningsnivå i alt","Begge kjønn","Personer 16 år og over","2021",0
"Harstad (-2012)","Utdanningsnivå i alt","Begge kjønn","Personer 16 år og over (prosent)","2021",0
"Harstad (-2012)","Videregående skolenivå","Begge kjønn","Personer 16 år og over","2021",0
"Harstad (-2012)","Videregående skolenivå","Begge kjønn","Personer 16 år og over (prosent)","2021",0
"Harstad (-2012)","Universitets- og høgskolenivå, kort","Begge kjønn","Personer 16 år og over","2021",0
"Harstad (-2012)","Universitets- og høgskolenivå, kort","Begge kjønn","Personer 16 år og over (prosent)","2021",0
"Harstad (-2012)","Universitets- og høgskolenivå, lang","Begge kjønn","Personer 16 år og over","2021",0
"Harstad (-2012)","Universitets- og høgskolenivå, lang","Begge kjønn","Personer 16 år og over (prosent)","2021",0
"Tromsø (-2019)","Utdanningsnivå i alt","Begge kjønn","Personer 16 år og over","2021",0
"Tromsø (-2019)","Utdanningsnivå i alt","Begge kjønn","Personer 16 år og over (prosent)","2021",0
"Tromsø (-2019)","Videregående skolenivå","Begge kjønn","Personer 16 år og over","2021",0
"Tromsø (-2019)","Videregående skolenivå","Begge kjønn","Personer 16 år og over (prosent)","2021",0
"Tromsø (-2019)","Universitets- og høgskolenivå, kort","Begge kjønn","Personer 16 år og over","2021",0
"Tromsø (-2019)","Universitets- og høgskolenivå, kort","Begge kjønn","Personer 16 år og over (prosent)","2021",0
"Tromsø (-2019)","Universitets- og høgskolenivå, lang","Begge kjønn","Personer 16 år og over","2021",0
"Tromsø (-2019)","Universitets- og høgskolenivå, lang","Begge kjønn","Personer 16 år og over (prosent)","2021",0
"Harstad - Hárstták (2013-2019)","Utdanningsnivå i alt","Begge kjønn","Personer 16 år og over","2021",0
"Harstad - Hárstták (2013-2019)","Utdanningsnivå i alt","Begge kjønn","Personer 16 år og over (prosent)","2021",0
"Harstad - Hárstták (2013-2019)","Videregående skolenivå","Begge kjønn","Personer 16 år og over","2021",0
"Harstad - Hárstták (2013-2019)","Videregående skolenivå","Begge kjønn","Personer 16 år og over (prosent)","2021",0
"Harstad - Hárstták (2013-2019)","Universitets- og høgskolenivå, kort","Begge kjønn","Personer 16 år og over","2021",0
"Harstad - Hárstták (2013-2019)","Universitets- og høgskolenivå, kort","Begge kjønn","Personer 16 år og over (prosent)","2021",0
"Harstad - Hárstták (2013-2019)","Universitets- og høgskolenivå, lang","Begge kjønn","Personer 16 år og over","2021",0
"Harstad - Hárstták (2013-2019)","Universitets- og høgskolenivå, lang","Begge kjønn","Personer 16 år og over (prosent)","2021",0
"Kvæfjord (-2019)","Utdanningsnivå i alt","Begge kjønn","Personer 16 år og over","2021",0
"Kvæfjord (-2019)","Utdanningsnivå i alt","Begge kjønn","Personer 16 år og over (prosent)","2021",0
"Kvæfjord (-2019)","Videregående skolenivå","Begge kjønn","Personer 16 år og over","2021",0
"Kvæfjord (-2019)","Videregående skolenivå","Begge kjønn","Personer 16 år og over (prosent)","2021",0
"Kvæfjord (-2019)","Universitets- og høgskolenivå, kort","Begge kjønn","Personer 16 år og over","2021",0
"Kvæfjord (-2019)","Universitets- og høgskolenivå, kort","Begge kjønn","Personer 16 år og over (prosent)","2021",0
"Kvæfjord (-2019)","Universitets- og høgskolenivå, lang","Begge kjønn","Personer 16 år og over","2021",0
"Kvæfjord (-2019)","Universitets- og høgskolenivå, lang","Begge kjønn","Personer 16 år og over (prosent)","2021",0
"Skånland (1926-2019)","Utdanningsnivå i alt","Begge kjønn","Personer 16 år og over","2021",0
"Skånland (1926-2019)","Utdanningsnivå i alt","Begge kjønn","Personer 16 år og over (prosent)","2021",0
"Skånland (1926-2019)","Videregående skolenivå","Begge kjønn","Personer 16 år og over","2021",0
"Skånland (1926-2019)","Videregående skolenivå","Begge kjønn","Personer 16 år og over (prosent)","2021",0
"Skånland (1926-2019)","Universitets- og høgskolenivå, kort","Begge kjønn","Personer 16 år og over","2021",0
"Skånland (1926-2019)","Universitets- og høgskolenivå, kort","Begge kjønn","Personer 16 år og over (prosent)","2021",0
"Skånland (1926-2019)","Universitets- og høgskolenivå, lang","Begge kjønn","Personer 16 år og over","2021",0
"Skånland (1926-2019)","Universitets- og høgskolenivå, lang","Begge kjønn","Personer 16 år og over (prosent)","2021",0
"Bjarkøy (-2012)","Utdanningsnivå i alt","Begge kjønn","Personer 16 år og over","2021",0
"Bjarkøy (-2012)","Utdanningsnivå i alt","Begge kjønn","Personer 16 år og over (prosent)","2021",0
"Bjarkøy (-2012)","Videregående skolenivå","Begge kjønn","Personer 16 år og over","2021",0
"Bjarkøy (-2012)","Videregående skolenivå","Begge kjønn","Personer 16 år og over (prosent)","2021",0
"Bjarkøy (-2012)","Universitets- og høgskolenivå, kort","Begge kjønn","Personer 16 år og over","2021",0
"Bjarkøy (-2012)","Universitets- og høgskolenivå, kort","Begge kjønn","Personer 16 år og over (prosent)","2021",0
"Bjarkøy (-2012)","Universitets- og høgskolenivå, lang","Begge kjønn","Personer 16 år og over","2021",0
"Bjarkøy (-2012)","Universitets- og høgskolenivå, lang","Begge kjønn","Personer 16 år og over (prosent)","2021",0
"Ibestad (-2019)","Utdanningsnivå i alt","Begge kjønn","Personer 16 år og over","2021",0
"Ibestad (-2019)","Utdanningsnivå i alt","Begge kjønn","Personer 16 år og over (prosent)","2021",0
"Ibestad (-2019)","Videregående skolenivå","Begge kjønn","Personer 16 år og over","2021",0
"Ibestad (-2019)","Videregående skolenivå","Begge kjønn","Personer 16 år og over (prosent)","2021",0
"Ibestad (-2019)","Universitets- og høgskolenivå, kort","Begge kjønn","Personer 16 år og over","2021",0
"Ibestad (-2019)","Universitets- og høgskolenivå, kort","Begge kjønn","Personer 16 år og over (prosent)","2021",0
"Ibestad (-2019)","Universitets- og høgskolenivå, lang","Begge kjønn","Personer 16 år og over","2021",0
"Ibestad (-2019)","Universitets- og høgskolenivå, lang","Begge kjønn","Personer 16 år og over (prosent)","2021",0
"Gratangen (1926-2019)","Utdanningsnivå i alt","Begge kjønn","Personer 16 år og over","2021",0
"Gratangen (1926-2019)","Utdanningsnivå i alt","Begge kjønn","Personer 16 år og over (prosent)","2021",0
"Gratangen (1926-2019)","Videregående skolenivå","Begge kjønn","Personer 16 år og over","2021",0
"Gratangen (1926-2019)","Videregående skolenivå","Begge kjønn","Personer 16 år og over (prosent)","2021",0
"Gratangen (1926-2019)","Universitets- og høgskolenivå, kort","Begge kjønn","Personer 16 år og over","2021",0
"Gratangen (1926-2019)","Universitets- og høgskolenivå, kort","Begge kjønn","Personer 16 år og over (prosent)","2021",0
"Gratangen (1926-2019)","Universitets- og høgskolenivå, lang","Begge kjønn","Personer 16 år og over","2021",0
"Gratangen (1926-2019)","Universitets- og høgskolenivå, lang","Begge kjønn","Personer 16 år og over (prosent)","2021",0
"Loabák - Lavangen (1907-2019)","Utdanningsnivå i alt","Begge kjønn","Personer 16 år og over","2021",0
"Loabák - Lavangen (1907-2019)","Utdanningsnivå i alt","Begge kjønn","Personer 16 år og over (prosent)","2021",0
"Loabák - Lavangen (1907-2019)","Videregående skolenivå","Begge kjønn","Personer 16 år og over","2021",0
"Loabák - Lavangen (1907-2019)","Videregående skolenivå","Begge kjønn","Personer 16 år og over (prosent)","2021",0
"Loabák - Lavangen (1907-2019)","Universitets- og høgskolenivå, kort","Begge kjønn","Personer 16 år og over","2021",0
"Loabák - Lavangen (1907-2019)","Universitets- og høgskolenivå, kort","Begge kjønn","Personer 16 år og over (prosent)","2021",0
"Loabák - Lavangen (1907-2019)","Universitets- og høgskolenivå, lang","Begge kjønn","Personer 16 år og over","2021",0
"Loabák - Lavangen (1907-2019)","Universitets- og høgskolenivå, lang","Begge kjønn","Personer 16 år og over (prosent)","2021",0
"Salangen (-1976)","Utdanningsnivå i alt","Begge kjønn","Personer 16 år og over","2021",0
"Salangen (-1976)","Utdanningsnivå i alt","Begge kjønn","Personer 16 år og over (prosent)","2021",0
"Salangen (-1976)","Videregående skolenivå","Begge kjønn","Personer 16 år og over","2021",0
"Salangen (-1976)","Videregående skolenivå","Begge kjønn","Personer 16 år og over (prosent)","2021",0
"Salangen (-1976)","Universitets- og høgskolenivå, kort","Begge kjønn","Personer 16 år og over","2021",0
"Salangen (-1976)","Universitets- og høgskolenivå, kort","Begge kjønn","Personer 16 år og over (prosent)","2021",0
"Salangen (-1976)","Universitets- og høgskolenivå, lang","Begge kjønn","Personer 16 år og over","2021",0
"Salangen (-1976)","Universitets- og høgskolenivå, lang","Begge kjønn","Personer 16 år og over (prosent)","2021",0
"Bardu (-2019)","Utdanningsnivå i alt","Begge kjønn","Personer 16 år og over","2021",0
"Bardu (-2019)","Utdanningsnivå i alt","Begge kjønn","Personer 16 år og over (prosent)","2021",0
"Bardu (-2019)","Videregående skolenivå","Begge kjønn","Personer 16 år og over","2021",0
"Bardu (-2019)","Videregående skolenivå","Begge kjønn","Personer 16 år og over (prosent)","2021",0
"Bardu (-2019)","Universitets- og høgskolenivå, kort","Begge kjønn","Personer 16 år og over","2021",0
"Bardu (-2019)","Universitets- og høgskolenivå, kort","Begge kjønn","Personer 16 år og over (prosent)","2021",0
"Bardu (-2019)","Universitets- og høgskolenivå, lang","Begge kjønn","Personer 16 år og over","2021",0
"Bardu (-2019)","Universitets- og høgskolenivå, lang","Begge kjønn","Personer 16 år og over (prosent)","2021",0
"Salangen (1977-2019)","Utdanningsnivå i alt","Begge kjønn","Personer 16 år og over","2021",0
"Salangen (1977-2019)","Utdanningsnivå i alt","Begge kjønn","Personer 16 år og over (prosent)","2021",0
"Salangen (1977-2019)","Videregående skolenivå","Begge kjønn","Personer 16 år og over","2021",0
"Salangen (1977-2019)","Videregående skolenivå","Begge kjønn","Personer 16 år og over (prosent)","2021",0
"Salangen (1977-2019)","Universitets- og høgskolenivå, kort","Begge kjønn","Personer 16 år og over","2021",0
"Salangen (1977-2019)","Universitets- og høgskolenivå, kort","Begge kjønn","Personer 16 år og over (prosent)","2021",0
"Salangen (1977-2019)","Universitets- og høgskolenivå, lang","Begge kjønn","Personer 16 år og over","2021",0
"Salangen (1977-2019)","Universitets- og høgskolenivå, lang","Begge kjønn","Personer 16 år og over (prosent)","2021",0
"Målselv (-2019)","Utdanningsnivå i alt","Begge kjønn","Personer 16 år og over","2021",0
"Målselv (-2019)","Utdanningsnivå i alt","Begge kjønn","Personer 16 år og over (prosent)","2021",0
"Målselv (-2019)","Videregående skolenivå","Begge kjønn","Personer 16 år og over","2021",0
"Målselv (-2019)","Videregående skolenivå","Begge kjønn","Personer 16 år og over (prosent)","2021",0
"Målselv (-2019)","Universitets- og høgskolenivå, kort","Begge kjønn","Personer 16 år og over","2021",0
"Målselv (-2019)","Universitets- og høgskolenivå, kort","Begge kjønn","Personer 16 år og over (prosent)","2021",0
"Målselv (-2019)","Universitets- og høgskolenivå, lang","Begge kjønn","Personer 16 år og over","2021",0
"Målselv (-2019)","Universitets- og høgskolenivå, lang","Begge kjønn","Personer 16 år og over (prosent)","2021",0
"Sørreisa (-2019)","Utdanningsnivå i alt","Begge kjønn","Personer 16 år og over","2021",0
"Sørreisa (-2019)","Utdanningsnivå i alt","Begge kjønn","Personer 16 år og over (prosent)","2021",0
"Sørreisa (-2019)","Videregående skolenivå","Begge kjønn","Personer 16 år og over","2021",0
"Sørreisa (-2019)","Videregående skolenivå","Begge kjønn","Personer 16 år og over (prosent)","2021",0
"Sørreisa (-2019)","Universitets- og høgskolenivå, kort","Begge kjønn","Personer 16 år og over","2021",0
"Sørreisa (-2019)","Universitets- og høgskolenivå, kort","Begge kjønn","Personer 16 år og over (prosent)","2021",0
"Sørreisa (-2019)","Universitets- og høgskolenivå, lang","Begge kjønn","Personer 16 år og over","2021",0
"Sørreisa (-2019)","Universitets- og høgskolenivå, lang","Begge kjønn","Personer 16 år og over (prosent)","2021",0
"Dyrøy (-2019)","Utdanningsnivå i alt","Begge kjønn","Personer 16 år og over","2021",0
"Dyrøy (-2019)","Utdanningsnivå i alt","Begge kjønn","Personer 16 år og over (prosent)","2021",0
"Dyrøy (-2019)","Videregående skolenivå","Begge kjønn","Personer 16 år og over","2021",0
"Dyrøy (-2019)","Videregående skolenivå","Begge kjønn","Personer 16 år og over (prosent)","2021",0
"Dyrøy (-2019)","Universitets- og høgskolenivå, kort","Begge kjønn","Personer 16 år og over","2021",0
"Dyrøy (-2019)","Universitets- og høgskolenivå, kort","Begge kjønn","Personer 16 år og over (prosent)","2021",0
"Dyrøy (-2019)","Universitets- og høgskolenivå, lang","Begge kjønn","Personer 16 år og over","2021",0
"Dyrøy (-2019)","Universitets- og høgskolenivå, lang","Begge kjønn","Personer 16 år og over (prosent)","2021",0
"Tranøy (-2019)","Utdanningsnivå i alt","Begge kjønn","Personer 16 år og over","2021",0
"Tranøy (-2019)","Utdanningsnivå i alt","Begge kjønn","Personer 16 år og over (prosent)","2021",0
"Tranøy (-2019)","Videregående skolenivå","Begge kjønn","Personer 16 år og over","2021",0
"Tranøy (-2019)","Videregående skolenivå","Begge kjønn","Personer 16 år og over (prosent)","2021",0
"Tranøy (-2019)","Universitets- og høgskolenivå, kort","Begge kjønn","Personer 16 år og over","2021",0
"Tranøy (-2019)","Universitets- og høgskolenivå, kort","Begge kjønn","Personer 16 år og over (prosent)","2021",0
"Tranøy (-2019)","Universitets- og høgskolenivå, lang","Begge kjønn","Personer 16 år og over","2021",0
"Tranøy (-2019)","Universitets- og høgskolenivå, lang","Begge kjønn","Personer 16 år og over (prosent)","2021",0
"Torsken (-2019)","Utdanningsnivå i alt","Begge kjønn","Personer 16 år og over","2021",0
"Torsken (-2019)","Utdanningsnivå i alt","Begge kjønn","Personer 16 år og over (prosent)","2021",0
"Torsken (-2019)","Videregående skolenivå","Begge kjønn","Personer 16 år og over","2021",0
"Torsken (-2019)","Videregående skolenivå","Begge kjønn","Personer 16 år og over (prosent)","2021",0
"Torsken (-2019)","Universitets- og høgskolenivå, kort","Begge kjønn","Personer 16 år og over","2021",0
"Torsken (-2019)","Universitets- og høgskolenivå, kort","Begge kjønn","Personer 16 år og over (prosent)","2021",0
"Torsken (-2019)","Universitets- og høgskolenivå, lang","Begge kjønn","Personer 16 år og over","2021",0
"Torsken (-2019)","Universitets- og høgskolenivå, lang","Begge kjønn","Personer 16 år og over (prosent)","2021",0
"Berg (-2019)","Utdanningsnivå i alt","Begge kjønn","Personer 16 år og over","2021",0
"Berg (-2019)","Utdanningsnivå i alt","Begge kjønn","Personer 16 år og over (prosent)","2021",0
"Berg (-2019)","Videregående skolenivå","Begge kjønn","Personer 16 år og over","2021",0
"Berg (-2019)","Videregående skolenivå","Begge kjønn","Personer 16 år og over (prosent)","2021",0
"Berg (-2019)","Universitets- og høgskolenivå, kort","Begge kjønn","Personer 16 år og over","2021",0
"Berg (-2019)","Universitets- og høgskolenivå, kort","Begge kjønn","Personer 16 år og over (prosent)","2021",0
"Berg (-2019)","Universitets- og høgskolenivå, lang","Begge kjønn","Personer 16 år og over","2021",0
"Berg (-2019)","Universitets- og høgskolenivå, lang","Begge kjønn","Personer 16 år og over (prosent)","2021",0
"Lenvik (-2019)","Utdanningsnivå i alt","Begge kjønn","Personer 16 år og over","2021",0
"Lenvik (-2019)","Utdanningsnivå i alt","Begge kjønn","Personer 16 år og over (prosent)","2021",0
"Lenvik (-2019)","Videregående skolenivå","Begge kjønn","Personer 16 år og over","2021",0
"Lenvik (-2019)","Videregående skolenivå","Begge kjønn","Personer 16 år og over (prosent)","2021",0
"Lenvik (-2019)","Universitets- og høgskolenivå, kort","Begge kjønn","Personer 16 år og over","2021",0
"Lenvik (-2019)","Universitets- og høgskolenivå, kort","Begge kjønn","Personer 16 år og over (prosent)","2021",0
"Lenvik (-2019)","Universitets- og høgskolenivå, lang","Begge kjønn","Personer 16 år og over","2021",0
"Lenvik (-2019)","Universitets- og høgskolenivå, lang","Begge kjønn","Personer 16 år og over (prosent)","2021",0
"Balsfjord (-2019)","Utdanningsnivå i alt","Begge kjønn","Personer 16 år og over","2021",0
"Balsfjord (-2019)","Utdanningsnivå i alt","Begge kjønn","Personer 16 år og over (prosent)","2021",0
"Balsfjord (-2019)","Videregående skolenivå","Begge kjønn","Personer 16 år og over","2021",0
"Balsfjord (-2019)","Videregående skolenivå","Begge kjønn","Personer 16 år og over (prosent)","2021",0
"Balsfjord (-2019)","Universitets- og høgskolenivå, kort","Begge kjønn","Personer 16 år og over","2021",0
"Balsfjord (-2019)","Universitets- og høgskolenivå, kort","Begge kjønn","Personer 16 år og over (prosent)","2021",0
"Balsfjord (-2019)","Universitets- og høgskolenivå, lang","Begge kjønn","Personer 16 år og over","2021",0
"Balsfjord (-2019)","Universitets- og høgskolenivå, lang","Begge kjønn","Personer 16 år og over (prosent)","2021",0
"Karlsøy (-2019)","Utdanningsnivå i alt","Begge kjønn","Personer 16 år og over","2021",0
"Karlsøy (-2019)","Utdanningsnivå i alt","Begge kjønn","Personer 16 år og over (prosent)","2021",0
"Karlsøy (-2019)","Videregående skolenivå","Begge kjønn","Personer 16 år og over","2021",0
"Karlsøy (-2019)","Videregående skolenivå","Begge kjønn","Personer 16 år og over (prosent)","2021",0
"Karlsøy (-2019)","Universitets- og høgskolenivå, kort","Begge kjønn","Personer 16 år og over","2021",0
"Karlsøy (-2019)","Universitets- og høgskolenivå, kort","Begge kjønn","Personer 16 år og over (prosent)","2021",0
"Karlsøy (-2019)","Universitets- og høgskolenivå, lang","Begge kjønn","Personer 16 år og over","2021",0
"Karlsøy (-2019)","Universitets- og høgskolenivå, lang","Begge kjønn","Personer 16 år og over (prosent)","2021",0
"Lyngen (-2019)","Utdanningsnivå i alt","Begge kjønn","Personer 16 år og over","2021",0
"Lyngen (-2019)","Utdanningsnivå i alt","Begge kjønn","Personer 16 år og over (prosent)","2021",0
"Lyngen (-2019)","Videregående skolenivå","Begge kjønn","Personer 16 år og over","2021",0
"Lyngen (-2019)","Videregående skolenivå","Begge kjønn","Personer 16 år og over (prosent)","2021",0
"Lyngen (-2019)","Universitets- og høgskolenivå, kort","Begge kjønn","Personer 16 år og over","2021",0
"Lyngen (-2019)","Universitets- og høgskolenivå, kort","Begge kjønn","Personer 16 år og over (prosent)","2021",0
"Lyngen (-2019)","Universitets- og høgskolenivå, lang","Begge kjønn","Personer 16 år og over","2021",0
"Lyngen (-2019)","Universitets- og høgskolenivå, lang","Begge kjønn","Personer 16 år og over (prosent)","2021",0
"Storfjord - Omasvuotna - Omasvuono (1931-2019)","Utdanningsnivå i alt","Begge kjønn","Personer 16 år og over","2021",0
"Storfjord - Omasvuotna - Omasvuono (1931-2019)","Utdanningsnivå i alt","Begge kjønn","Personer 16 år og over (prosent)","2021",0
"Storfjord - Omasvuotna - Omasvuono (1931-2019)","Videregående skolenivå","Begge kjønn","Personer 16 år og over","2021",0
"Storfjord - Omasvuotna - Omasvuono (1931-2019)","Videregående skolenivå","Begge kjønn","Personer 16 år og over (prosent)","2021",0
"Storfjord - Omasvuotna - Omasvuono (1931-2019)","Universitets- og høgskolenivå, kort","Begge kjønn","Personer 16 år og over","2021",0
"Storfjord - Omasvuotna - Omasvuono (1931-2019)","Universitets- og høgskolenivå, kort","Begge kjønn","Personer 16 år og over (prosent)","2021",0
"Storfjord - Omasvuotna - Omasvuono (1931-2019)","Universitets- og høgskolenivå, lang","Begge kjønn","Personer 16 år og over","2021",0
"Storfjord - Omasvuotna - Omasvuono (1931-2019)","Universitets- og høgskolenivå, lang","Begge kjønn","Personer 16 år og over (prosent)","2021",0
"Gáivuotna - Kåfjord - Kaivuono (1931-2019)","Utdanningsnivå i alt","Begge kjønn","Personer 16 år og over","2021",0
"Gáivuotna - Kåfjord - Kaivuono (1931-2019)","Utdanningsnivå i alt","Begge kjønn","Personer 16 år og over (prosent)","2021",0
"Gáivuotna - Kåfjord - Kaivuono (1931-2019)","Videregående skolenivå","Begge kjønn","Personer 16 år og over","2021",0
"Gáivuotna - Kåfjord - Kaivuono (1931-2019)","Videregående skolenivå","Begge kjønn","Personer 16 år og over (prosent)","2021",0
"Gáivuotna - Kåfjord - Kaivuono (1931-2019)","Universitets- og høgskolenivå, kort","Begge kjønn","Personer 16 år og over","2021",0
"Gáivuotna - Kåfjord - Kaivuono (1931-2019)","Universitets- og høgskolenivå, kort","Begge kjønn","Personer 16 år og over (prosent)","2021",0
"Gáivuotna - Kåfjord - Kaivuono (1931-2019)","Universitets- og høgskolenivå, lang","Begge kjønn","Personer 16 år og over","2021",0
"Gáivuotna - Kåfjord - Kaivuono (1931-2019)","Universitets- og høgskolenivå, lang","Begge kjønn","Personer 16 år og over (prosent)","2021",0
"Skjervøy (-2019)","Utdanningsnivå i alt","Begge kjønn","Personer 16 år og over","2021",0
"Skjervøy (-2019)","Utdanningsnivå i alt","Begge kjønn","Personer 16 år og over (prosent)","2021",0
"Skjervøy (-2019)","Videregående skolenivå","Begge kjønn","Personer 16 år og over","2021",0
"Skjervøy (-2019)","Videregående skolenivå","Begge kjønn","Personer 16 år og over (prosent)","2021",0
"Skjervøy (-2019)","Universitets- og høgskolenivå, kort","Begge kjønn","Personer 16 år og over","2021",0
"Skjervøy (-2019)","Universitets- og høgskolenivå, kort","Begge kjønn","Personer 16 år og over (prosent)","2021",0
"Skjervøy (-2019)","Universitets- og høgskolenivå, lang","Begge kjønn","Personer 16 år og over","2021",0
"Skjervøy (-2019)","Universitets- og høgskolenivå, lang","Begge kjønn","Personer 16 år og over (prosent)","2021",0
"Nordreisa - Ráisa - Raisi (-2019)","Utdanningsnivå i alt","Begge kjønn","Personer 16 år og over","2021",0
"Nordreisa - Ráisa - Raisi (-2019)","Utdanningsnivå i alt","Begge kjønn","Personer 16 år og over (prosent)","2021",0
"Nordreisa - Ráisa - Raisi (-2019)","Videregående skolenivå","Begge kjønn","Personer 16 år og over","2021",0
"Nordreisa - Ráisa - Raisi (-2019)","Videregående skolenivå","Begge kjønn","Personer 16 år og over (prosent)","2021",0
"Nordreisa - Ráisa - Raisi (-2019)","Universitets- og høgskolenivå, kort","Begge kjønn","Personer 16 år og over","2021",0
"Nordreisa - Ráisa - Raisi (-2019)","Universitets- og høgskolenivå, kort","Begge kjønn","Personer 16 år og over (prosent)","2021",0
"Nordreisa - Ráisa - Raisi (-2019)","Universitets- og høgskolenivå, lang","Begge kjønn","Personer 16 år og over","2021",0
"Nordreisa - Ráisa - Raisi (-2019)","Universitets- og høgskolenivå, lang","Begge kjønn","Personer 16 år og over (prosent)","2021",0
"Kvænangen (-2019)","Utdanningsnivå i alt","Begge kjønn","Personer 16 år og over","2021",0
"Kvænangen (-2019)","Utdanningsnivå i alt","Begge kjønn","Personer 16 år og over (prosent)","2021",0
"Kvænangen (-2019)","Videregående skolenivå","Begge kjønn","Personer 16 år og over","2021",0
"Kvænangen (-2019)","Videregående skolenivå","Begge kjønn","Personer 16 år og over (prosent)","2021",0
"Kvænangen (-2019)","Universitets- og høgskolenivå, kort","Begge kjønn","Personer 16 år og over","2021",0
"Kvænangen (-2019)","Universitets- og høgskolenivå, kort","Begge kjønn","Personer 16 år og over (prosent)","2021",0
"Kvænangen (-2019)","Universitets- og høgskolenivå, lang","Begge kjønn","Personer 16 år og over","2021",0
"Kvænangen (-2019)","Universitets- og høgskolenivå, lang","Begge kjønn","Personer 16 år og over (prosent)","2021",0
"Uoppgitt kommune Troms","Utdanningsnivå i alt","Begge kjønn","Personer 16 år og over","2021",0
"Uoppgitt kommune Troms","Utdanningsnivå i alt","Begge kjønn","Personer 16 år og over (prosent)","2021",0
"Uoppgitt kommune Troms","Videregående skolenivå","Begge kjønn","Personer 16 år og over","2021",0
"Uoppgitt kommune Troms","Videregående skolenivå","Begge kjønn","Personer 16 år og over (prosent)","2021",0
"Uoppgitt kommune Troms","Universitets- og høgskolenivå, kort","Begge kjønn","Personer 16 år og over","2021",0
"Uoppgitt kommune Troms","Universitets- og høgskolenivå, kort","Begge kjønn","Personer 16 år og over (prosent)","2021",0
"Uoppgitt kommune Troms","Universitets- og høgskolenivå, lang","Begge kjønn","Personer 16 år og over","2021",0
"Uoppgitt kommune Troms","Universitets- og høgskolenivå, lang","Begge kjønn","Personer 16 år og over (prosent)","2021",0
"Finnmark - Finnmárku (-2019)","Utdanningsnivå i alt","Begge kjønn","Personer 16 år og over","2021",0
"Finnmark - Finnmárku (-2019)","Utdanningsnivå i alt","Begge kjønn","Personer 16 år og over (prosent)","2021",0
"Finnmark - Finnmárku (-2019)","Videregående skolenivå","Begge kjønn","Personer 16 år og over","2021",0
"Finnmark - Finnmárku (-2019)","Videregående skolenivå","Begge kjønn","Personer 16 år og over (prosent)","2021",0
"Finnmark - Finnmárku (-2019)","Universitets- og høgskolenivå, kort","Begge kjønn","Personer 16 år og over","2021",0
"Finnmark - Finnmárku (-2019)","Universitets- og høgskolenivå, kort","Begge kjønn","Personer 16 år og over (prosent)","2021",0
"Finnmark - Finnmárku (-2019)","Universitets- og høgskolenivå, lang","Begge kjønn","Personer 16 år og over","2021",0
"Finnmark - Finnmárku (-2019)","Universitets- og høgskolenivå, lang","Begge kjønn","Personer 16 år og over (prosent)","2021",0
"Hammerfest (-1991)","Utdanningsnivå i alt","Begge kjønn","Personer 16 år og over","2021",0
"Hammerfest (-1991)","Utdanningsnivå i alt","Begge kjønn","Personer 16 år og over (prosent)","2021",0
"Hammerfest (-1991)","Videregående skolenivå","Begge kjønn","Personer 16 år og over","2021",0
"Hammerfest (-1991)","Videregående skolenivå","Begge kjønn","Personer 16 år og over (prosent)","2021",0
"Hammerfest (-1991)","Universitets- og høgskolenivå, kort","Begge kjønn","Personer 16 år og over","2021",0
"Hammerfest (-1991)","Universitets- og høgskolenivå, kort","Begge kjønn","Personer 16 år og over (prosent)","2021",0
"Hammerfest (-1991)","Universitets- og høgskolenivå, lang","Begge kjønn","Personer 16 år og over","2021",0
"Hammerfest (-1991)","Universitets- og høgskolenivå, lang","Begge kjønn","Personer 16 år og over (prosent)","2021",0
"Vardø (-2019)","Utdanningsnivå i alt","Begge kjønn","Personer 16 år og over","2021",0
"Vardø (-2019)","Utdanningsnivå i alt","Begge kjønn","Personer 16 år og over (prosent)","2021",0
"Vardø (-2019)","Videregående skolenivå","Begge kjønn","Personer 16 år og over","2021",0
"Vardø (-2019)","Videregående skolenivå","Begge kjønn","Personer 16 år og over (prosent)","2021",0
"Vardø (-2019)","Universitets- og høgskolenivå, kort","Begge kjønn","Personer 16 år og over","2021",0
"Vardø (-2019)","Universitets- og høgskolenivå, kort","Begge kjønn","Personer 16 år og over (prosent)","2021",0
"Vardø (-2019)","Universitets- og høgskolenivå, lang","Begge kjønn","Personer 16 år og over","2021",0
"Vardø (-2019)","Universitets- og høgskolenivå, lang","Begge kjønn","Personer 16 år og over (prosent)","2021",0
"Vadsø (-2019)","Utdanningsnivå i alt","Begge kjønn","Personer 16 år og over","2021",0
"Vadsø (-2019)","Utdanningsnivå i alt","Begge kjønn","Personer 16 år og over (prosent)","2021",0
"Vadsø (-2019)","Videregående skolenivå","Begge kjønn","Personer 16 år og over","2021",0
"Vadsø (-2019)","Videregående skolenivå","Begge kjønn","Personer 16 år og over (prosent)","2021",0
"Vadsø (-2019)","Universitets- og høgskolenivå, kort","Begge kjønn","Personer 16 år og over","2021",0
"Vadsø (-2019)","Universitets- og høgskolenivå, kort","Begge kjønn","Personer 16 år og over (prosent)","2021",0
"Vadsø (-2019)","Universitets- og høgskolenivå, lang","Begge kjønn","Personer 16 år og over","2021",0
"Vadsø (-2019)","Universitets- og høgskolenivå, lang","Begge kjønn","Personer 16 år og over (prosent)","2021",0
"Hammerfest (1992-2019)","Utdanningsnivå i alt","Begge kjønn","Personer 16 år og over","2021",0
"Hammerfest (1992-2019)","Utdanningsnivå i alt","Begge kjønn","Personer 16 år og over (prosent)","2021",0
"Hammerfest (1992-2019)","Videregående skolenivå","Begge kjønn","Personer 16 år og over","2021",0
"Hammerfest (1992-2019)","Videregående skolenivå","Begge kjønn","Personer 16 år og over (prosent)","2021",0
"Hammerfest (1992-2019)","Universitets- og høgskolenivå, kort","Begge kjønn","Personer 16 år og over","2021",0
"Hammerfest (1992-2019)","Universitets- og høgskolenivå, kort","Begge kjønn","Personer 16 år og over (prosent)","2021",0
"Hammerfest (1992-2019)","Universitets- og høgskolenivå, lang","Begge kjønn","Personer 16 år og over","2021",0
"Hammerfest (1992-2019)","Universitets- og høgskolenivå, lang","Begge kjønn","Personer 16 år og over (prosent)","2021",0
"Guovdageaidnu - Kautokeino (-2019)","Utdanningsnivå i alt","Begge kjønn","Personer 16 år og over","2021",0
"Guovdageaidnu - Kautokeino (-2019)","Utdanningsnivå i alt","Begge kjønn","Personer 16 år og over (prosent)","2021",0
"Guovdageaidnu - Kautokeino (-2019)","Videregående skolenivå","Begge kjønn","Personer 16 år og over","2021",0
"Guovdageaidnu - Kautokeino (-2019)","Videregående skolenivå","Begge kjønn","Personer 16 år og over (prosent)","2021",0
"Guovdageaidnu - Kautokeino (-2019)","Universitets- og høgskolenivå, kort","Begge kjønn","Personer 16 år og over","2021",0
"Guovdageaidnu - Kautokeino (-2019)","Universitets- og høgskolenivå, kort","Begge kjønn","Personer 16 år og over (prosent)","2021",0
"Guovdageaidnu - Kautokeino (-2019)","Universitets- og høgskolenivå, lang","Begge kjønn","Personer 16 år og over","2021",0
"Guovdageaidnu - Kautokeino (-2019)","Universitets- og høgskolenivå, lang","Begge kjønn","Personer 16 år og over (prosent)","2021",0
"Alta (-2019)","Utdanningsnivå i alt","Begge kjønn","Personer 16 år og over","2021",0
"Alta (-2019)","Utdanningsnivå i alt","Begge kjønn","Personer 16 år og over (prosent)","2021",0
"Alta (-2019)","Videregående skolenivå","Begge kjønn","Personer 16 år og over","2021",0
"Alta (-2019)","Videregående skolenivå","Begge kjønn","Personer 16 år og over (prosent)","2021",0
"Alta (-2019)","Universitets- og høgskolenivå, kort","Begge kjønn","Personer 16 år og over","2021",0
"Alta (-2019)","Universitets- og høgskolenivå, kort","Begge kjønn","Personer 16 år og over (prosent)","2021",0
"Alta (-2019)","Universitets- og høgskolenivå, lang","Begge kjønn","Personer 16 år og over","2021",0
"Alta (-2019)","Universitets- og høgskolenivå, lang","Begge kjønn","Personer 16 år og over (prosent)","2021",0
"Loppa (-2019)","Utdanningsnivå i alt","Begge kjønn","Personer 16 år og over","2021",0
"Loppa (-2019)","Utdanningsnivå i alt","Begge kjønn","Personer 16 år og over (prosent)","2021",0
"Loppa (-2019)","Videregående skolenivå","Begge kjønn","Personer 16 år og over","2021",0
"Loppa (-2019)","Videregående skolenivå","Begge kjønn","Personer 16 år og over (prosent)","2021",0
"Loppa (-2019)","Universitets- og høgskolenivå, kort","Begge kjønn","Personer 16 år og over","2021",0
"Loppa (-2019)","Universitets- og høgskolenivå, kort","Begge kjønn","Personer 16 år og over (prosent)","2021",0
"Loppa (-2019)","Universitets- og høgskolenivå, lang","Begge kjønn","Personer 16 år og over","2021",0
"Loppa (-2019)","Universitets- og høgskolenivå, lang","Begge kjønn","Personer 16 år og over (prosent)","2021",0
"Hasvik (-2019)","Utdanningsnivå i alt","Begge kjønn","Personer 16 år og over","2021",0
"Hasvik (-2019)","Utdanningsnivå i alt","Begge kjønn","Personer 16 år og over (prosent)","2021",0
"Hasvik (-2019)","Videregående skolenivå","Begge kjønn","Personer 16 år og over","2021",0
"Hasvik (-2019)","Videregående skolenivå","Begge kjønn","Personer 16 år og over (prosent)","2021",0
"Hasvik (-2019)","Universitets- og høgskolenivå, kort","Begge kjønn","Personer 16 år og over","2021",0
"Hasvik (-2019)","Universitets- og høgskolenivå, kort","Begge kjønn","Personer 16 år og over (prosent)","2021",0
"Hasvik (-2019)","Universitets- og høgskolenivå, lang","Begge kjønn","Personer 16 år og over","2021",0
"Hasvik (-2019)","Universitets- og høgskolenivå, lang","Begge kjønn","Personer 16 år og over (prosent)","2021",0
"Sørøysund (-1991)","Utdanningsnivå i alt","Begge kjønn","Personer 16 år og over","2021",0
"Sørøysund (-1991)","Utdanningsnivå i alt","Begge kjønn","Personer 16 år og over (prosent)","2021",0
"Sørøysund (-1991)","Videregående skolenivå","Begge kjønn","Personer 16 år og over","2021",0
"Sørøysund (-1991)","Videregående skolenivå","Begge kjønn","Personer 16 år og over (prosent)","2021",0
"Sørøysund (-1991)","Universitets- og høgskolenivå, kort","Begge kjønn","Personer 16 år og over","2021",0
"Sørøysund (-1991)","Universitets- og høgskolenivå, kort","Begge kjønn","Personer 16 år og over (prosent)","2021",0
"Sørøysund (-1991)","Universitets- og høgskolenivå, lang","Begge kjønn","Personer 16 år og over","2021",0
"Sørøysund (-1991)","Universitets- og høgskolenivå, lang","Begge kjønn","Personer 16 år og over (prosent)","2021",0
"Kvalsund (-2019)","Utdanningsnivå i alt","Begge kjønn","Personer 16 år og over","2021",0
"Kvalsund (-2019)","Utdanningsnivå i alt","Begge kjønn","Personer 16 år og over (prosent)","2021",0
"Kvalsund (-2019)","Videregående skolenivå","Begge kjønn","Personer 16 år og over","2021",0
"Kvalsund (-2019)","Videregående skolenivå","Begge kjønn","Personer 16 år og over (prosent)","2021",0
"Kvalsund (-2019)","Universitets- og høgskolenivå, kort","Begge kjønn","Personer 16 år og over","2021",0
"Kvalsund (-2019)","Universitets- og høgskolenivå, kort","Begge kjønn","Personer 16 år og over (prosent)","2021",0
"Kvalsund (-2019)","Universitets- og høgskolenivå, lang","Begge kjønn","Personer 16 år og over","2021",0
"Kvalsund (-2019)","Universitets- og høgskolenivå, lang","Begge kjønn","Personer 16 år og over (prosent)","2021",0
"Måsøy (-2019)","Utdanningsnivå i alt","Begge kjønn","Personer 16 år og over","2021",0
"Måsøy (-2019)","Utdanningsnivå i alt","Begge kjønn","Personer 16 år og over (prosent)","2021",0
"Måsøy (-2019)","Videregående skolenivå","Begge kjønn","Personer 16 år og over","2021",0
"Måsøy (-2019)","Videregående skolenivå","Begge kjønn","Personer 16 år og over (prosent)","2021",0
"Måsøy (-2019)","Universitets- og høgskolenivå, kort","Begge kjønn","Personer 16 år og over","2021",0
"Måsøy (-2019)","Universitets- og høgskolenivå, kort","Begge kjønn","Personer 16 år og over (prosent)","2021",0
"Måsøy (-2019)","Universitets- og høgskolenivå, lang","Begge kjønn","Personer 16 år og over","2021",0
"Måsøy (-2019)","Universitets- og høgskolenivå, lang","Begge kjønn","Personer 16 år og over (prosent)","2021",0
"Nordkapp (-2019)","Utdanningsnivå i alt","Begge kjønn","Personer 16 år og over","2021",0
"Nordkapp (-2019)","Utdanningsnivå i alt","Begge kjønn","Personer 16 år og over (prosent)","2021",0
"Nordkapp (-2019)","Videregående skolenivå","Begge kjønn","Personer 16 år og over","2021",0
"Nordkapp (-2019)","Videregående skolenivå","Begge kjønn","Personer 16 år og over (prosent)","2021",0
"Nordkapp (-2019)","Universitets- og høgskolenivå, kort","Begge kjønn","Personer 16 år og over","2021",0
"Nordkapp (-2019)","Universitets- og høgskolenivå, kort","Begge kjønn","Personer 16 år og over (prosent)","2021",0
"Nordkapp (-2019)","Universitets- og høgskolenivå, lang","Begge kjønn","Personer 16 år og over","2021",0
"Nordkapp (-2019)","Universitets- og høgskolenivå, lang","Begge kjønn","Personer 16 år og over (prosent)","2021",0
"Porsanger - Porsángu - Porsanki (1964-2019)","Utdanningsnivå i alt","Begge kjønn","Personer 16 år og over","2021",0
"Porsanger - Porsángu - Porsanki (1964-2019)","Utdanningsnivå i alt","Begge kjønn","Personer 16 år og over (prosent)","2021",0
"Porsanger - Porsángu - Porsanki (1964-2019)","Videregående skolenivå","Begge kjønn","Personer 16 år og over","2021",0
"Porsanger - Porsángu - Porsanki (1964-2019)","Videregående skolenivå","Begge kjønn","Personer 16 år og over (prosent)","2021",0
"Porsanger - Porsángu - Porsanki (1964-2019)","Universitets- og høgskolenivå, kort","Begge kjønn","Personer 16 år og over","2021",0
"Porsanger - Porsángu - Porsanki (1964-2019)","Universitets- og høgskolenivå, kort","Begge kjønn","Personer 16 år og over (prosent)","2021",0
"Porsanger - Porsángu - Porsanki (1964-2019)","Universitets- og høgskolenivå, lang","Begge kjønn","Personer 16 år og over","2021",0
"Porsanger - Porsángu - Porsanki (1964-2019)","Universitets- og høgskolenivå, lang","Begge kjønn","Personer 16 år og over (prosent)","2021",0
"Kárásjohka - Karasjok (-2019)","Utdanningsnivå i alt","Begge kjønn","Personer 16 år og over","2021",0
"Kárásjohka - Karasjok (-2019)","Utdanningsnivå i alt","Begge kjønn","Personer 16 år og over (prosent)","2021",0
"Kárásjohka - Karasjok (-2019)","Videregående skolenivå","Begge kjønn","Personer 16 år og over","2021",0
"Kárásjohka - Karasjok (-2019)","Videregående skolenivå","Begge kjønn","Personer 16 år og over (prosent)","2021",0
"Kárásjohka - Karasjok (-2019)","Universitets- og høgskolenivå, kort","Begge kjønn","Personer 16 år og over","2021",0
"Kárásjohka - Karasjok (-2019)","Universitets- og høgskolenivå, kort","Begge kjønn","Personer 16 år og over (prosent)","2021",0
"Kárásjohka - Karasjok (-2019)","Universitets- og høgskolenivå, lang","Begge kjønn","Personer 16 år og over","2021",0
"Kárásjohka - Karasjok (-2019)","Universitets- og høgskolenivå, lang","Begge kjønn","Personer 16 år og over (prosent)","2021",0
"Lebesby (-2019)","Utdanningsnivå i alt","Begge kjønn","Personer 16 år og over","2021",0
"Lebesby (-2019)","Utdanningsnivå i alt","Begge kjønn","Personer 16 år og over (prosent)","2021",0
"Lebesby (-2019)","Videregående skolenivå","Begge kjønn","Personer 16 år og over","2021",0
"Lebesby (-2019)","Videregående skolenivå","Begge kjønn","Personer 16 år og over (prosent)","2021",0
"Lebesby (-2019)","Universitets- og høgskolenivå, kort","Begge kjønn","Personer 16 år og over","2021",0
"Lebesby (-2019)","Universitets- og høgskolenivå, kort","Begge kjønn","Personer 16 år og over (prosent)","2021",0
"Lebesby (-2019)","Universitets- og høgskolenivå, lang","Begge kjønn","Personer 16 år og over","2021",0
"Lebesby (-2019)","Universitets- og høgskolenivå, lang","Begge kjønn","Personer 16 år og over (prosent)","2021",0
"Gamvik (1914-2019)","Utdanningsnivå i alt","Begge kjønn","Personer 16 år og over","2021",0
"Gamvik (1914-2019)","Utdanningsnivå i alt","Begge kjønn","Personer 16 år og over (prosent)","2021",0
"Gamvik (1914-2019)","Videregående skolenivå","Begge kjønn","Personer 16 år og over","2021",0
"Gamvik (1914-2019)","Videregående skolenivå","Begge kjønn","Personer 16 år og over (prosent)","2021",0
"Gamvik (1914-2019)","Universitets- og høgskolenivå, kort","Begge kjønn","Personer 16 år og over","2021",0
"Gamvik (1914-2019)","Universitets- og høgskolenivå, kort","Begge kjønn","Personer 16 år og over (prosent)","2021",0
"Gamvik (1914-2019)","Universitets- og høgskolenivå, lang","Begge kjønn","Personer 16 år og over","2021",0
"Gamvik (1914-2019)","Universitets- og høgskolenivå, lang","Begge kjønn","Personer 16 år og over (prosent)","2021",0
"Berlevåg (1914-2019)","Utdanningsnivå i alt","Begge kjønn","Personer 16 år og over","2021",0
"Berlevåg (1914-2019)","Utdanningsnivå i alt","Begge kjønn","Personer 16 år og over (prosent)","2021",0
"Berlevåg (1914-2019)","Videregående skolenivå","Begge kjønn","Personer 16 år og over","2021",0
"Berlevåg (1914-2019)","Videregående skolenivå","Begge kjønn","Personer 16 år og over (prosent)","2021",0
"Berlevåg (1914-2019)","Universitets- og høgskolenivå, kort","Begge kjønn","Personer 16 år og over","2021",0
"Berlevåg (1914-2019)","Universitets- og høgskolenivå, kort","Begge kjønn","Personer 16 år og over (prosent)","2021",0
"Berlevåg (1914-2019)","Universitets- og høgskolenivå, lang","Begge kjønn","Personer 16 år og over","2021",0
"Berlevåg (1914-2019)","Universitets- og høgskolenivå, lang","Begge kjønn","Personer 16 år og over (prosent)","2021",0
"Deatnu - Tana (-2019)","Utdanningsnivå i alt","Begge kjønn","Personer 16 år og over","2021",0
"Deatnu - Tana (-2019)","Utdanningsnivå i alt","Begge kjønn","Personer 16 år og over (prosent)","2021",0
"Deatnu - Tana (-2019)","Videregående skolenivå","Begge kjønn","Personer 16 år og over","2021",0
"Deatnu - Tana (-2019)","Videregående skolenivå","Begge kjønn","Personer 16 år og over (prosent)","2021",0
"Deatnu - Tana (-2019)","Universitets- og høgskolenivå, kort","Begge kjønn","Personer 16 år og over","2021",0
"Deatnu - Tana (-2019)","Universitets- og høgskolenivå, kort","Begge kjønn","Personer 16 år og over (prosent)","2021",0
"Deatnu - Tana (-2019)","Universitets- og høgskolenivå, lang","Begge kjønn","Personer 16 år og over","2021",0
"Deatnu - Tana (-2019)","Universitets- og høgskolenivå, lang","Begge kjønn","Personer 16 år og over (prosent)","2021",0
"Unjárga - Nesseby (-2019)","Utdanningsnivå i alt","Begge kjønn","Personer 16 år og over","2021",0
"Unjárga - Nesseby (-2019)","Utdanningsnivå i alt","Begge kjønn","Personer 16 år og over (prosent)","2021",0
"Unjárga - Nesseby (-2019)","Videregående skolenivå","Begge kjønn","Personer 16 år og over","2021",0
"Unjárga - Nesseby (-2019)","Videregående skolenivå","Begge kjønn","Personer 16 år og over (prosent)","2021",0
"Unjárga - Nesseby (-2019)","Universitets- og høgskolenivå, kort","Begge kjønn","Personer 16 år og over","2021",0
"Unjárga - Nesseby (-2019)","Universitets- og høgskolenivå, kort","Begge kjønn","Personer 16 år og over (prosent)","2021",0
"Unjárga - Nesseby (-2019)","Universitets- og høgskolenivå, lang","Begge kjønn","Personer 16 år og over","2021",0
"Unjárga - Nesseby (-2019)","Universitets- og høgskolenivå, lang","Begge kjønn","Personer 16 år og over (prosent)","2021",0
"Båtsfjord (1955-2019)","Utdanningsnivå i alt","Begge kjønn","Personer 16 år og over","2021",0
"Båtsfjord (1955-2019)","Utdanningsnivå i alt","Begge kjønn","Personer 16 år og over (prosent)","2021",0
"Båtsfjord (1955-2019)","Videregående skolenivå","Begge kjønn","Personer 16 år og over","2021",0
"Båtsfjord (1955-2019)","Videregående skolenivå","Begge kjønn","Personer 16 år og over (prosent)","2021",0
"Båtsfjord (1955-2019)","Universitets- og høgskolenivå, kort","Begge kjønn","Personer 16 år og over","2021",0
"Båtsfjord (1955-2019)","Universitets- og høgskolenivå, kort","Begge kjønn","Personer 16 år og over (prosent)","2021",0
"Båtsfjord (1955-2019)","Universitets- og høgskolenivå, lang","Begge kjønn","Personer 16 år og over","2021",0
"Båtsfjord (1955-2019)","Universitets- og høgskolenivå, lang","Begge kjønn","Personer 16 år og over (prosent)","2021",0
"Sør-Varanger (-2019)","Utdanningsnivå i alt","Begge kjønn","Personer 16 år og over","2021",0
"Sør-Varanger (-2019)","Utdanningsnivå i alt","Begge kjønn","Personer 16 år og over (prosent)","2021",0
"Sør-Varanger (-2019)","Videregående skolenivå","Begge kjønn","Personer 16 år og over","2021",0
"Sør-Varanger (-2019)","Videregående skolenivå","Begge kjønn","Personer 16 år og over (prosent)","2021",0
"Sør-Varanger (-2019)","Universitets- og høgskolenivå, kort","Begge kjønn","Personer 16 år og over","2021",0
"Sør-Varanger (-2019)","Universitets- og høgskolenivå, kort","Begge kjønn","Personer 16 år og over (prosent)","2021",0
"Sør-Varanger (-2019)","Universitets- og høgskolenivå, lang","Begge kjønn","Personer 16 år og over","2021",0
"Sør-Varanger (-2019)","Universitets- og høgskolenivå, lang","Begge kjønn","Personer 16 år og over (prosent)","2021",0
"Uoppgitt kommune Finnmark","Utdanningsnivå i alt","Begge kjønn","Personer 16 år og over","2021",0
"Uoppgitt kommune Finnmark","Utdanningsnivå i alt","Begge kjønn","Personer 16 år og over (prosent)","2021",0
"Uoppgitt kommune Finnmark","Videregående skolenivå","Begge kjønn","Personer 16 år og over","2021",0
"Uoppgitt kommune Finnmark","Videregående skolenivå","Begge kjønn","Personer 16 år og over (prosent)","2021",0
"Uoppgitt kommune Finnmark","Universitets- og høgskolenivå, kort","Begge kjønn","Personer 16 år og over","2021",0
"Uoppgitt kommune Finnmark","Universitets- og høgskolenivå, kort","Begge kjønn","Personer 16 år og over (prosent)","2021",0
"Uoppgitt kommune Finnmark","Universitets- og høgskolenivå, lang","Begge kjønn","Personer 16 år og over","2021",0
"Uoppgitt kommune Finnmark","Universitets- og høgskolenivå, lang","Begge kjønn","Personer 16 år og over (prosent)","2021",0
"Svalbard","Utdanningsnivå i alt","Begge kjønn","Personer 16 år og over","2021",0
"Svalbard","Utdanningsnivå i alt","Begge kjønn","Personer 16 år og over (prosent)","2021",0
"Svalbard","Videregående skolenivå","Begge kjønn","Personer 16 år og over","2021",0
"Svalbard","Videregående skolenivå","Begge kjønn","Personer 16 år og over (prosent)","2021",0
"Svalbard","Universitets- og høgskolenivå, kort","Begge kjønn","Personer 16 år og over","2021",0
"Svalbard","Universitets- og høgskolenivå, kort","Begge kjønn","Personer 16 år og over (prosent)","2021",0
"Svalbard","Universitets- og høgskolenivå, lang","Begge kjønn","Personer 16 år og over","2021",0
"Svalbard","Universitets- og høgskolenivå, lang","Begge kjønn","Personer 16 år og over (prosent)","2021",0
"Longyearbyen arealplanområde","Utdanningsnivå i alt","Begge kjønn","Personer 16 år og over","2021",0
"Longyearbyen arealplanområde","Utdanningsnivå i alt","Begge kjønn","Personer 16 år og over (prosent)","2021",0
"Longyearbyen arealplanområde","Videregående skolenivå","Begge kjønn","Personer 16 år og over","2021",0
"Longyearbyen arealplanområde","Videregående skolenivå","Begge kjønn","Personer 16 år og over (prosent)","2021",0
"Longyearbyen arealplanområde","Universitets- og høgskolenivå, kort","Begge kjønn","Personer 16 år og over","2021",0
"Longyearbyen arealplanområde","Universitets- og høgskolenivå, kort","Begge kjønn","Personer 16 år og over (prosent)","2021",0
"Longyearbyen arealplanområde","Universitets- og høgskolenivå, lang","Begge kjønn","Personer 16 år og over","2021",0
"Longyearbyen arealplanområde","Universitets- og høgskolenivå, lang","Begge kjønn","Personer 16 år og over (prosent)","2021",0
"Ny-Ålesund arealplanområde","Utdanningsnivå i alt","Begge kjønn","Personer 16 år og over","2021",0
"Ny-Ålesund arealplanområde","Utdanningsnivå i alt","Begge kjønn","Personer 16 år og over (prosent)","2021",0
"Ny-Ålesund arealplanområde","Videregående skolenivå","Begge kjønn","Personer 16 år og over","2021",0
"Ny-Ålesund arealplanområde","Videregående skolenivå","Begge kjønn","Personer 16 år og over (prosent)","2021",0
"Ny-Ålesund arealplanområde","Universitets- og høgskolenivå, kort","Begge kjønn","Personer 16 år og over","2021",0
"Ny-Ålesund arealplanområde","Universitets- og høgskolenivå, kort","Begge kjønn","Personer 16 år og over (prosent)","2021",0
"Ny-Ålesund arealplanområde","Universitets- og høgskolenivå, lang","Begge kjønn","Personer 16 år og over","2021",0
"Ny-Ålesund arealplanområde","Universitets- og høgskolenivå, lang","Begge kjønn","Personer 16 år og over (prosent)","2021",0
"Sveagruva arealplanområde","Utdanningsnivå i alt","Begge kjønn","Personer 16 år og over","2021",0
"Sveagruva arealplanområde","Utdanningsnivå i alt","Begge kjønn","Personer 16 år og over (prosent)","2021",0
"Sveagruva arealplanområde","Videregående skolenivå","Begge kjønn","Personer 16 år og over","2021",0
"Sveagruva arealplanområde","Videregående skolenivå","Begge kjønn","Personer 16 år og over (prosent)","2021",0
"Sveagruva arealplanområde","Universitets- og høgskolenivå, kort","Begge kjønn","Personer 16 år og over","2021",0
"Sveagruva arealplanområde","Universitets- og høgskolenivå, kort","Begge kjønn","Personer 16 år og over (prosent)","2021",0
"Sveagruva arealplanområde","Universitets- og høgskolenivå, lang","Begge kjønn","Personer 16 år og over","2021",0
"Sveagruva arealplanområde","Universitets- og høgskolenivå, lang","Begge kjønn","Personer 16 år og over (prosent)","2021",0
"Bjørnøya naturreservat","Utdanningsnivå i alt","Begge kjønn","Personer 16 år og over","2021",0
"Bjørnøya naturreservat","Utdanningsnivå i alt","Begge kjønn","Personer 16 år og over (prosent)","2021",0
"Bjørnøya naturreservat","Videregående skolenivå","Begge kjønn","Personer 16 år og over","2021",0
"Bjørnøya naturreservat","Videregående skolenivå","Begge kjønn","Personer 16 år og over (prosent)","2021",0
"Bjørnøya naturreservat","Universitets- og høgskolenivå, kort","Begge kjønn","Personer 16 år og over","2021",0
"Bjørnøya naturreservat","Universitets- og høgskolenivå, kort","Begge kjønn","Personer 16 år og over (prosent)","2021",0
"Bjørnøya naturreservat","Universitets- og høgskolenivå, lang","Begge kjønn","Personer 16 år og over","2021",0
"Bjørnøya naturreservat","Universitets- og høgskolenivå, lang","Begge kjønn","Personer 16 år og over (prosent)","2021",0
"Hopen naturreservat","Utdanningsnivå i alt","Begge kjønn","Personer 16 år og over","2021",0
"Hopen naturreservat","Utdanningsnivå i alt","Begge kjønn","Personer 16 år og over (prosent)","2021",0
"Hopen naturreservat","Videregående skolenivå","Begge kjønn","Personer 16 år og over","2021",0
"Hopen naturreservat","Videregående skolenivå","Begge kjønn","Personer 16 år og over (prosent)","2021",0
"Hopen naturreservat","Universitets- og høgskolenivå, kort","Begge kjønn","Personer 16 år og over","2021",0
"Hopen naturreservat","Universitets- og høgskolenivå, kort","Begge kjønn","Personer 16 år og over (prosent)","2021",0
"Hopen naturreservat","Universitets- og høgskolenivå, lang","Begge kjønn","Personer 16 år og over","2021",0
"Hopen naturreservat","Universitets- og høgskolenivå, lang","Begge kjønn","Personer 16 år og over (prosent)","2021",0
"Uoppgitt kommune Svalbard","Utdanningsnivå i alt","Begge kjønn","Personer 16 år og over","2021",0
"Uoppgitt kommune Svalbard","Utdanningsnivå i alt","Begge kjønn","Personer 16 år og over (prosent)","2021",0
"Uoppgitt kommune Svalbard","Videregående skolenivå","Begge kjønn","Personer 16 år og over","2021",0
"Uoppgitt kommune Svalbard","Videregående skolenivå","Begge kjønn","Personer 16 år og over (prosent)","2021",0
"Uoppgitt kommune Svalbard","Universitets- og høgskolenivå, kort","Begge kjønn","Personer 16 år og over","2021",0
"Uoppgitt kommune Svalbard","Universitets- og høgskolenivå, kort","Begge kjønn","Personer 16 år og over (prosent)","2021",0
"Uoppgitt kommune Svalbard","Universitets- og høgskolenivå, lang","Begge kjønn","Personer 16 år og over","2021",0
"Uoppgitt kommune Svalbard","Universitets- og høgskolenivå, lang","Begge kjønn","Personer 16 år og over (prosent)","2021",0
"Jan Mayen","Utdanningsnivå i alt","Begge kjønn","Personer 16 år og over","2021",0
"Jan Mayen","Utdanningsnivå i alt","Begge kjønn","Personer 16 år og over (prosent)","2021",0
"Jan Mayen","Videregående skolenivå","Begge kjønn","Personer 16 år og over","2021",0
"Jan Mayen","Videregående skolenivå","Begge kjønn","Personer 16 år og over (prosent)","2021",0
"Jan Mayen","Universitets- og høgskolenivå, kort","Begge kjønn","Personer 16 år og over","2021",0
"Jan Mayen","Universitets- og høgskolenivå, kort","Begge kjønn","Personer 16 år og over (prosent)","2021",0
"Jan Mayen","Universitets- og høgskolenivå, lang","Begge kjønn","Personer 16 år og over","2021",0
"Jan Mayen","Universitets- og høgskolenivå, lang","Begge kjønn","Personer 16 år og over (prosent)","2021",0
"Jan Mayen","Utdanningsnivå i alt","Begge kjønn","Personer 16 år og over","2021",0
"Jan Mayen","Utdanningsnivå i alt","Begge kjønn","Personer 16 år og over (prosent)","2021",0
"Jan Mayen","Videregående skolenivå","Begge kjønn","Personer 16 år og over","2021",0
"Jan Mayen","Videregående skolenivå","Begge kjønn","Personer 16 år og over (prosent)","2021",0
"Jan Mayen","Universitets- og høgskolenivå, kort","Begge kjønn","Personer 16 år og over","2021",0
"Jan Mayen","Universitets- og høgskolenivå, kort","Begge kjønn","Personer 16 år og over (prosent)","2021",0
"Jan Mayen","Universitets- og høgskolenivå, lang","Begge kjønn","Personer 16 år og over","2021",0
"Jan Mayen","Universitets- og høgskolenivå, lang","Begge kjønn","Personer 16 år og over (prosent)","2021",0
"Uoppgitt Jan Mayen","Utdanningsnivå i alt","Begge kjønn","Personer 16 år og over","2021",0
"Uoppgitt Jan Mayen","Utdanningsnivå i alt","Begge kjønn","Personer 16 år og over (prosent)","2021",0
"Uoppgitt Jan Mayen","Videregående skolenivå","Begge kjønn","Personer 16 år og over","2021",0
"Uoppgitt Jan Mayen","Videregående skolenivå","Begge kjønn","Personer 16 år og over (prosent)","2021",0
"Uoppgitt Jan Mayen","Universitets- og høgskolenivå, kort","Begge kjønn","Personer 16 år og over","2021",0
"Uoppgitt Jan Mayen","Universitets- og høgskolenivå, kort","Begge kjønn","Personer 16 år og over (prosent)","2021",0
"Uoppgitt Jan Mayen","Universitets- og høgskolenivå, lang","Begge kjønn","Personer 16 år og over","2021",0
"Uoppgitt Jan Mayen","Universitets- og høgskolenivå, lang","Begge kjønn","Personer 16 år og over (prosent)","2021",0
"Kontinentalsokkelen","Utdanningsnivå i alt","Begge kjønn","Personer 16 år og over","2021",0
"Kontinentalsokkelen","Utdanningsnivå i alt","Begge kjønn","Personer 16 år og over (prosent)","2021",0
"Kontinentalsokkelen","Videregående skolenivå","Begge kjønn","Personer 16 år og over","2021",0
"Kontinentalsokkelen","Videregående skolenivå","Begge kjønn","Personer 16 år og over (prosent)","2021",0
"Kontinentalsokkelen","Universitets- og høgskolenivå, kort","Begge kjønn","Personer 16 år og over","2021",0
"Kontinentalsokkelen","Universitets- og høgskolenivå, kort","Begge kjønn","Personer 16 år og over (prosent)","2021",0
"Kontinentalsokkelen","Universitets- og høgskolenivå, lang","Begge kjønn","Personer 16 år og over","2021",0
"Kontinentalsokkelen","Universitets- og høgskolenivå, lang","Begge kjønn","Personer 16 år og over (prosent)","2021",0
"Kontinentalsokkelen","Utdanningsnivå i alt","Begge kjønn","Personer 16 år og over","2021",0
"Kontinentalsokkelen","Utdanningsnivå i alt","Begge kjønn","Personer 16 år og over (prosent)","2021",0
"Kontinentalsokkelen","Videregående skolenivå","Begge kjønn","Personer 16 år og over","2021",0
"Kontinentalsokkelen","Videregående skolenivå","Begge kjønn","Personer 16 år og over (prosent)","2021",0
"Kontinentalsokkelen","Universitets- og høgskolenivå, kort","Begge kjønn","Personer 16 år og over","2021",0
"Kontinentalsokkelen","Universitets- og høgskolenivå, kort","Begge kjønn","Personer 16 år og over (prosent)","2021",0
"Kontinentalsokkelen","Universitets- og høgskolenivå, lang","Begge kjønn","Personer 16 år og over","2021",0
"Kontinentalsokkelen","Universitets- og høgskolenivå, lang","Begge kjønn","Personer 16 år og over (prosent)","2021",0
"Sokkelen sør for 62 grader N","Utdanningsnivå i alt","Begge kjønn","Personer 16 år og over","2021",0
"Sokkelen sør for 62 grader N","Utdanningsnivå i alt","Begge kjønn","Personer 16 år og over (prosent)","2021",0
"Sokkelen sør for 62 grader N","Videregående skolenivå","Begge kjønn","Personer 16 år og over","2021",0
"Sokkelen sør for 62 grader N","Videregående skolenivå","Begge kjønn","Personer 16 år og over (prosent)","2021",0
"Sokkelen sør for 62 grader N","Universitets- og høgskolenivå, kort","Begge kjønn","Personer 16 år og over","2021",0
"Sokkelen sør for 62 grader N","Universitets- og høgskolenivå, kort","Begge kjønn","Personer 16 år og over (prosent)","2021",0
"Sokkelen sør for 62 grader N","Universitets- og høgskolenivå, lang","Begge kjønn","Personer 16 år og over","2021",0
"Sokkelen sør for 62 grader N","Universitets- og høgskolenivå, lang","Begge kjønn","Personer 16 år og over (prosent)","2021",0
"Sokkelen nord for 62 grader N","Utdanningsnivå i alt","Begge kjønn","Personer 16 år og over","2021",0
"Sokkelen nord for 62 grader N","Utdanningsnivå i alt","Begge kjønn","Personer 16 år og over (prosent)","2021",0
"Sokkelen nord for 62 grader N","Videregående skolenivå","Begge kjønn","Personer 16 år og over","2021",0
"Sokkelen nord for 62 grader N","Videregående skolenivå","Begge kjønn","Personer 16 år og over (prosent)","2021",0
"Sokkelen nord for 62 grader N","Universitets- og høgskolenivå, kort","Begge kjønn","Personer 16 år og over","2021",0
"Sokkelen nord for 62 grader N","Universitets- og høgskolenivå, kort","Begge kjønn","Personer 16 år og over (prosent)","2021",0
"Sokkelen nord for 62 grader N","Universitets- og høgskolenivå, lang","Begge kjønn","Personer 16 år og over","2021",0
"Sokkelen nord for 62 grader N","Universitets- og høgskolenivå, lang","Begge kjønn","Personer 16 år og over (prosent)","2021",0
"Sokkelen, uspesifisert","Utdanningsnivå i alt","Begge kjønn","Personer 16 år og over","2021",0
"Sokkelen, uspesifisert","Utdanningsnivå i alt","Begge kjønn","Personer 16 år og over (prosent)","2021",0
"Sokkelen, uspesifisert","Videregående skolenivå","Begge kjønn","Personer 16 år og over","2021",0
"Sokkelen, uspesifisert","Videregående skolenivå","Begge kjønn","Personer 16 år og over (prosent)","2021",0
"Sokkelen, uspesifisert","Universitets- og høgskolenivå, kort","Begge kjønn","Personer 16 år og over","2021",0
"Sokkelen, uspesifisert","Universitets- og høgskolenivå, kort","Begge kjønn","Personer 16 år og over (prosent)","2021",0
"Sokkelen, uspesifisert","Universitets- og høgskolenivå, lang","Begge kjønn","Personer 16 år og over","2021",0
"Sokkelen, uspesifisert","Universitets- og høgskolenivå, lang","Begge kjønn","Personer 16 år og over (prosent)","2021",0
"Utlandet","Utdanningsnivå i alt","Begge kjønn","Personer 16 år og over","2021",0
"Utlandet","Utdanningsnivå i alt","Begge kjønn","Personer 16 år og over (prosent)","2021",0
"Utlandet","Videregående skolenivå","Begge kjønn","Personer 16 år og over","2021",0
"Utlandet","Videregående skolenivå","Begge kjønn","Personer 16 år og over (prosent)","2021",0
"Utlandet","Universitets- og høgskolenivå, kort","Begge kjønn","Personer 16 år og over","2021",0
"Utlandet","Universitets- og høgskolenivå, kort","Begge kjønn","Personer 16 år og over (prosent)","2021",0
"Utlandet","Universitets- og høgskolenivå, lang","Begge kjønn","Personer 16 år og over","2021",0
"Utlandet","Universitets- og høgskolenivå, lang","Begge kjønn","Personer 16 år og over (prosent)","2021",0
"Utlandet, uspesifisert","Utdanningsnivå i alt","Begge kjønn","Personer 16 år og over","2021",0
"Utlandet, uspesifisert","Utdanningsnivå i alt","Begge kjønn","Personer 16 år og over (prosent)","2021",0
"Utlandet, uspesifisert","Videregående skolenivå","Begge kjønn","Personer 16 år og over","2021",0
"Utlandet, uspesifisert","Videregående skolenivå","Begge kjønn","Personer 16 år og over (prosent)","2021",0
"Utlandet, uspesifisert","Universitets- og høgskolenivå, kort","Begge kjønn","Personer 16 år og over","2021",0
"Utlandet, uspesifisert","Universitets- og høgskolenivå, kort","Begge kjønn","Personer 16 år og over (prosent)","2021",0
"Utlandet, uspesifisert","Universitets- og høgskolenivå, lang","Begge kjønn","Personer 16 år og over","2021",0
"Utlandet, uspesifisert","Universitets- og høgskolenivå, lang","Begge kjønn","Personer 16 år og over (prosent)","2021",0
"Havområder","Utdanningsnivå i alt","Begge kjønn","Personer 16 år og over","2021",0
"Havområder","Utdanningsnivå i alt","Begge kjønn","Personer 16 år og over (prosent)","2021",0
"Havområder","Videregående skolenivå","Begge kjønn","Personer 16 år og over","2021",0
"Havområder","Videregående skolenivå","Begge kjønn","Personer 16 år og over (prosent)","2021",0
"Havområder","Universitets- og høgskolenivå, kort","Begge kjønn","Personer 16 år og over","2021",0
"Havområder","Universitets- og høgskolenivå, kort","Begge kjønn","Personer 16 år og over (prosent)","2021",0
"Havområder","Universitets- og høgskolenivå, lang","Begge kjønn","Personer 16 år og over","2021",0
"Havområder","Universitets- og høgskolenivå, lang","Begge kjønn","Personer 16 år og over (prosent)","2021",0
"Ikke bosatt i Norge","Utdanningsnivå i alt","Begge kjønn","Personer 16 år og over","2021",0
"Ikke bosatt i Norge","Utdanningsnivå i alt","Begge kjønn","Personer 16 år og over (prosent)","2021",0
"Ikke bosatt i Norge","Videregående skolenivå","Begge kjønn","Personer 16 år og over","2021",0
"Ikke bosatt i Norge","Videregående skolenivå","Begge kjønn","Personer 16 år og over (prosent)","2021",0
"Ikke bosatt i Norge","Universitets- og høgskolenivå, kort","Begge kjønn","Personer 16 år og over","2021",0
"Ikke bosatt i Norge","Universitets- og høgskolenivå, kort","Begge kjønn","Personer 16 år og over (prosent)","2021",0
"Ikke bosatt i Norge","Universitets- og høgskolenivå, lang","Begge kjønn","Personer 16 år og over","2021",0
"Ikke bosatt i Norge","Universitets- og høgskolenivå, lang","Begge kjønn","Personer 16 år og over (prosent)","2021",0
"Uoppgitt fylke","Utdanningsnivå i alt","Begge kjønn","Personer 16 år og over","2021",209
"Uoppgitt fylke","Utdanningsnivå i alt","Begge kjønn","Personer 16 år og over (prosent)","2021",100
"Uoppgitt fylke","Videregående skolenivå","Begge kjønn","Personer 16 år og over","2021",38
"Uoppgitt fylke","Videregående skolenivå","Begge kjønn","Personer 16 år og over (prosent)","2021",18.2
"Uoppgitt fylke","Universitets- og høgskolenivå, kort","Begge kjønn","Personer 16 år og over","2021",57
"Uoppgitt fylke","Universitets- og høgskolenivå, kort","Begge kjønn","Personer 16 år og over (prosent)","2021",27.3
"Uoppgitt fylke","Universitets- og høgskolenivå, lang","Begge kjønn","Personer 16 år og over","2021",20
"Uoppgitt fylke","Universitets- og høgskolenivå, lang","Begge kjønn","Personer 16 år og over (prosent)","2021",9.6
"Uoppgitt kommune","Utdanningsnivå i alt","Begge kjønn","Personer 16 år og over","2021",209
"Uoppgitt kommune","Utdanningsnivå i alt","Begge kjønn","Personer 16 år og over (prosent)","2021",100
"Uoppgitt kommune","Videregående skolenivå","Begge kjønn","Personer 16 år og over","2021",38
"Uoppgitt kommune","Videregående skolenivå","Begge kjønn","Personer 16 år og over (prosent)","2021",18.2
"Uoppgitt kommune","Universitets- og høgskolenivå, kort","Begge kjønn","Personer 16 år og over","2021",57
"Uoppgitt kommune","Universitets- og høgskolenivå, kort","Begge kjønn","Personer 16 år og over (prosent)","2021",27.3
"Uoppgitt kommune","Universitets- og høgskolenivå, lang","Begge kjønn","Personer 16 år og over","2021",20
"Uoppgitt kommune","Universitets- og høgskolenivå, lang","Begge kjønn","Personer 16 år og over (prosent)","2021",9.6
